{"slackAfterALNS":0,"nInitialNotServicedExpectedRequests":[36,32,26,20,29,25,22,26,26,37],"averageObj":[7939.81346173024,8283.032823152203,8094.430525836367,8048.1973446101765,8006.747025376753,8046.789024271845,8042.266484807244,7791.749304012781,8044.979010534509,8338.081043163069],"slackBeforeALNS":0,"nInitialNotServicedFixedRequests":[0,0,0,0,0,0,0,0,0,0],"averageNotServicedExpectedRequests":[51.8,56.2,54.2,53.5,53.4,53.2,54.3,50.8,53.3,56.9],"runId":["Run 1","Run 2","Run 3","Run 4","Run 5","Run 6","Run 7","Run 8","Run 9","Run 10"]}