{"slackAfterALNS":0,"nInitialNotServicedExpectedRequests":[31,22,17,32,24,33,22,24,32,24],"averageObj":[7810.471957516874,7906.503407382336,7565.298642715441,8462.23946394475,7972.164655136527,8065.7637045091205,8405.479576748561,8130.110497327101,8412.105925847,7979.636517200326],"slackBeforeALNS":0,"nInitialNotServicedFixedRequests":[0,0,0,0,0,0,0,0,0,0],"averageNotServicedExpectedRequests":[50.4,52.2,47.9,57.5,52.0,53.5,57.0,53.9,57.7,51.7],"runId":["Run 1","Run 2","Run 3","Run 4","Run 5","Run 6","Run 7","Run 8","Run 9","Run 10"]}