{"slackAfterALNS":0,"nInitialNotServicedExpectedRequests":[28,27,25,28,29,27,32,24,28,24],"averageObj":[8170.057830861571,7942.115120191682,7611.002665629983,8571.397404474854,8181.739180095244,8211.377896581847,8206.24495909094,8201.617576183391,9146.038940268834,8245.525243924321],"slackBeforeALNS":0,"nInitialNotServicedFixedRequests":[0,0,0,0,0,0,0,0,0,0],"averageNotServicedExpectedRequests":[54.8,52.4,48.3,58.8,55.2,55.7,55.6,55.1,65.4,55.8],"runId":["Run 1","Run 2","Run 3","Run 4","Run 5","Run 6","Run 7","Run 8","Run 9","Run 10"]}