{"slackAfterALNS":0,"nInitialNotServicedExpectedRequests":[14,13,12,9,15,13,13,13,14,13],"averageObj":[6594.831020037696,6565.053533406086,6797.697439380232,6546.725477939975,6618.412207991636,6678.644763873834,6789.677141342094,6523.708374435614,6355.241724213588,6756.459315100541],"slackBeforeALNS":0,"nInitialNotServicedFixedRequests":[2,2,2,2,2,2,2,2,2,2],"averageNotServicedExpectedRequests":[17.0,16.0,19.0,17.0,17.0,18.0,19.0,16.0,14.0,19.0],"ALNSIterations":[5142,5443,21828,23235,9083,5581,6604,5735,6671,17397],"runId":["Run 1","Run 2","Run 3","Run 4","Run 5","Run 6","Run 7","Run 8","Run 9","Run 10"]}