{"slackAfterALNS":0,"nInitialNotServicedExpectedRequests":[11,14,12,11,5,7,8,11,5,8],"averageObj":[2483.6746672035765,2362.974840403535,2576.939301769668,2273.5275028890233,2168.564563454965,2252.759231402814,2160.831486342993,2170.0472836328413,1996.06048657547,2226.630605861868],"slackBeforeALNS":0,"nInitialNotServicedFixedRequests":[0,0,0,0,0,0,0,0,0,0],"averageNotServicedExpectedRequests":[15.0,14.0,17.0,13.0,12.0,13.0,12.0,12.0,10.0,13.0],"ALNSIterations":[8182,13704,10081,13838,19639,13702,17217,11872,14646,14429],"runId":["Run 1","Run 2","Run 3","Run 4","Run 5","Run 6","Run 7","Run 8","Run 9","Run 10"]}