{"slackAfterALNS":0,"nInitialNotServicedExpectedRequests":[8,10,11,10,13,14,9,8,12,9],"averageObj":[2152.781827696072,2042.498296144549,2302.1742041575676,2061.1014180382513,2525.0561033074305,2365.697490568324,2139.2501357093674,2000.4366054273828,2222.835078794069,2268.157306525595],"slackBeforeALNS":0,"nInitialNotServicedFixedRequests":[0,0,0,0,0,0,0,0,0,0],"averageNotServicedExpectedRequests":[12.0,10.0,14.0,11.0,16.0,14.0,12.0,10.0,13.0,13.0],"ALNSIterations":[17704,8261,7980,13129,6174,5127,13058,10924,8567,13734],"runId":["Run 1","Run 2","Run 3","Run 4","Run 5","Run 6","Run 7","Run 8","Run 9","Run 10"]}