{"slackAfterALNS":0,"nInitialNotServicedExpectedRequests":[11,11,11,13,13,9,13,10,12,12],"averageObj":[6188.809072625437,6208.509743818824,6249.2083832273365,6309.808649022236,6032.889031860296,6121.402266785138,6481.891597594679,6464.364400421998,6310.053322564686,6296.889712429138],"slackBeforeALNS":0,"nInitialNotServicedFixedRequests":[2,2,2,2,2,2,2,2,2,2],"averageNotServicedExpectedRequests":[13.0,12.0,13.0,14.0,11.0,12.0,16.0,16.0,14.0,14.0],"ALNSIterations":[17771,9831,13892,5773,5090,20672,5267,21662,11663,10267],"runId":["Run 1","Run 2","Run 3","Run 4","Run 5","Run 6","Run 7","Run 8","Run 9","Run 10"]}