{"slackAfterALNS":0,"nInitialNotServicedExpectedRequests":[14,15,14,10,13,14,14,13,13,12],"averageObj":[2352.438961705782,2722.3271328384317,2505.150413239017,2495.349438339395,2188.9218727622974,2524.072236148822,2628.8146835450575,2399.4735467406435,2550.0444000115485,2616.1698514302175],"slackBeforeALNS":0,"nInitialNotServicedFixedRequests":[0,0,0,0,0,0,0,0,0,0],"averageNotServicedExpectedRequests":[14.0,18.0,16.0,16.0,12.0,16.0,17.0,15.0,16.0,17.0],"ALNSIterations":[9093,10235,9443,22640,7797,5047,12296,7980,8765,17608],"runId":["Run 1","Run 2","Run 3","Run 4","Run 5","Run 6","Run 7","Run 8","Run 9","Run 10"]}