{"slackAfterALNS":0,"nInitialNotServicedExpectedRequests":[11,9,9,15,9,9,9,9,11,8],"averageObj":[2164.75225375107,2125.0442612608254,2299.7719284464156,2388.2196463660985,2202.0504207430354,2208.588008077629,2121.59731176598,2459.561554631226,2146.4802128671686,2118.7324112140345],"slackBeforeALNS":0,"nInitialNotServicedFixedRequests":[0,0,0,0,0,0,0,0,0,0],"averageNotServicedExpectedRequests":[12.0,11.0,13.0,14.0,12.0,12.0,11.0,15.0,11.0,11.0],"ALNSIterations":[6816,17116,17155,7318,19998,14115,16710,22747,11990,19934],"runId":["Run 1","Run 2","Run 3","Run 4","Run 5","Run 6","Run 7","Run 8","Run 9","Run 10"]}