{"slackAfterALNS":0,"nInitialNotServicedExpectedRequests":[12,13,21,15,14,14,15,16,16,14],"averageObj":[8595.773023667207,8500.542445658853,9244.164044708077,8631.079137389417,8522.201872804702,8542.67640058491,8426.867985229048,8719.741162141552,8446.403789981141,8672.915339017127],"slackBeforeALNS":0,"nInitialNotServicedFixedRequests":[3,3,3,3,3,3,3,3,3,3],"averageNotServicedExpectedRequests":[17.0,16.0,24.0,17.0,16.0,16.0,15.0,18.0,15.0,18.0],"ALNSIterations":[22972,10578,5657,10481,6206,9572,9257,12670,8094,9762],"runId":["Run 1","Run 2","Run 3","Run 4","Run 5","Run 6","Run 7","Run 8","Run 9","Run 10"]}