{"slackAfterALNS":0,"nInitialNotServicedExpectedRequests":[14,15,15,16,15,15,15,17,15,15],"averageObj":[4470.497054337696,4845.172879147472,4588.722103204572,4884.018434938078,4572.9067770399415,4782.621218185578,4516.5857952434035,4845.8616151856695,4633.427386750042,4541.747700184162],"slackBeforeALNS":0,"nInitialNotServicedFixedRequests":[1,1,1,1,1,1,1,1,1,1],"averageNotServicedExpectedRequests":[15.0,20.0,17.0,20.0,16.0,19.0,16.0,19.0,17.0,15.0],"ALNSIterations":[17454,11511,16425,11074,15594,19449,18736,9742,12484,10096],"runId":["Run 1","Run 2","Run 3","Run 4","Run 5","Run 6","Run 7","Run 8","Run 9","Run 10"]}