{"slackAfterALNS":0,"nInitialNotServicedExpectedRequests":[8,9,8,10,9,10,9,10,8,9],"averageObj":[4024.5715325376814,4476.370349712323,4073.0290208655715,4521.469240781327,4286.646543357521,4233.1988445856105,4777.215596625124,4669.594605837978,3915.787360338339,4559.114450837996],"slackBeforeALNS":0,"nInitialNotServicedFixedRequests":[1,1,1,1,1,1,1,1,1,1],"averageNotServicedExpectedRequests":[11.0,16.0,11.0,16.0,14.0,13.0,19.0,18.0,9.0,16.0],"ALNSIterations":[17354,7475,12974,7503,5056,9098,11337,5522,11469,8859],"runId":["Run 1","Run 2","Run 3","Run 4","Run 5","Run 6","Run 7","Run 8","Run 9","Run 10"]}