{"slackAfterALNS":0,"nInitialNotServicedExpectedRequests":[11,6,10,4,10,10,9,11,10,9],"averageObj":[2203.0260478918717,2330.615549715749,2436.1934150975508,1717.8422210019548,2337.7403825318165,2061.0236630040813,2369.691748964888,1877.4826398380706,2589.537220636227,2183.019844644267],"slackBeforeALNS":0,"nInitialNotServicedFixedRequests":[0,0,0,0,0,0,0,0,0,0],"averageNotServicedExpectedRequests":[13.0,14.0,15.0,7.0,14.0,11.0,15.0,9.0,17.0,12.0],"ALNSIterations":[6432,13294,8225,20663,6944,6045,11386,5751,8782,14607],"runId":["Run 1","Run 2","Run 3","Run 4","Run 5","Run 6","Run 7","Run 8","Run 9","Run 10"]}