{"slackAfterALNS":0,"nInitialNotServicedExpectedRequests":[0,0,0,0,0,0,0,0,0,0],"averageObj":[4094.888422903858,3843.5354017544705,3796.2806164295084,3849.6487605480497,3792.303985847292,3849.8895710111415,3868.1542465039274,4001.0543016585157,4053.9556424708608,3772.915842823904],"slackBeforeALNS":0,"nInitialNotServicedFixedRequests":[0,0,0,0,0,0,0,0,0,0],"averageNotServicedExpectedRequests":[11.0,8.6,8.2,8.7,8.0,8.5,8.5,10.0,10.7,7.9],"runId":["Run 1","Run 2","Run 3","Run 4","Run 5","Run 6","Run 7","Run 8","Run 9","Run 10"]}