{"slackAfterALNS":0,"nInitialNotServicedExpectedRequests":[0,0,0,0,0,0,1,0,0,0],"averageObj":[3622.05699241745,3769.7600866608955,3896.5968057994733,3738.182149413004,3870.477819007512,3664.8417604723754,3795.00364125462,3671.5702217959138,3656.5015992999565,3612.0660908835243],"slackBeforeALNS":0,"nInitialNotServicedFixedRequests":[0,0,0,0,0,0,0,0,0,0],"averageNotServicedExpectedRequests":[6.3,7.8,9.2,7.3,9.0,6.4,8.0,6.8,6.7,6.1],"runId":["Run 1","Run 2","Run 3","Run 4","Run 5","Run 6","Run 7","Run 8","Run 9","Run 10"]}