{"slackAfterALNS":0,"nInitialNotServicedExpectedRequests":[0,0,0,0,0,1,0,0,0,0],"averageObj":[5920.026903049031,5799.786035587382,5649.360898748098,5918.063926941298,5726.07203720579,5718.962400252824,5982.790303934874,5603.588753677521,5580.0898513946195,5789.146635569644],"slackBeforeALNS":0,"nInitialNotServicedFixedRequests":[1,1,1,1,1,1,1,1,1,1],"averageNotServicedExpectedRequests":[9.6,8.3,6.8,9.4,7.3,7.3,10.1,6.2,5.9,8.2],"runId":["Run 1","Run 2","Run 3","Run 4","Run 5","Run 6","Run 7","Run 8","Run 9","Run 10"]}