{"slackAfterALNS":0,"nInitialNotServicedExpectedRequests":[7,5,5,8,11],"averageObj":[2451.252003143041,4578.692612687131,4622.905361290429,4574.897771132559,2490.0750982648738],"slackBeforeALNS":0,"nInitialNotServicedFixedRequests":[0,1,1,1,0],"averageNotServicedExpectedRequests":[14.3,16.0,16.6,16.0,14.9],"ALNSIterations":[29782,32369,33229,30154,32274],"runId":["Run 1","Run 2","Run 3","Run 4","Run 5"]}