{"slackAfterALNS":0,"nInitialNotServicedExpectedRequests":[5,7,13,7,3],"averageObj":[6355.407990945534,6662.6204968905995,2902.982315224356,4484.828190721,4669.094990869067],"slackBeforeALNS":0,"nInitialNotServicedFixedRequests":[2,2,0,1,1],"averageNotServicedExpectedRequests":[14.4,17.8,20.5,16.0,17.8],"ALNSIterations":[28878,27224,31733,31021,33140],"runId":["Run 1","Run 2","Run 3","Run 4","Run 5"]}