{"slackAfterALNS":0,"nInitialNotServicedExpectedRequests":[7,7,2,4,6],"averageObj":[2482.450547471565,2501.2061216269585,4319.968603489991,2354.263151470029,2519.339733684645],"slackBeforeALNS":0,"nInitialNotServicedFixedRequests":[0,0,1,0,0],"averageNotServicedExpectedRequests":[15.4,15.8,14.1,14.3,16.2],"ALNSIterations":[31463,36485,33627,30864,31956],"runId":["Run 1","Run 2","Run 3","Run 4","Run 5"]}