{"slackAfterALNS":0,"nInitialNotServicedExpectedRequests":[1,1,1,1,1],"averageObj":[567.0909090909091,380.0,399.45877378435506,380.0,567.0909090909091],"slackBeforeALNS":0,"nInitialNotServicedFixedRequests":[0,0,0,0,0],"averageNotServicedExpectedRequests":[4.0,2.0,2.0,2.0,4.0],"ALNSIterations":[266708,353039,342593,363317,366958],"runId":["Run 1","Run 2","Run 3","Run 4","Run 5"]}