{"slackAfterALNS":0,"nInitialNotServicedExpectedRequests":[17,14,15,19,20],"averageObj":[5354.268006786229,5349.879243986491,5261.371720858697,4766.147766712348,5334.989334962526],"slackBeforeALNS":0,"nInitialNotServicedFixedRequests":[0,0,0,0,0],"averageNotServicedExpectedRequests":[22.0,22.0,21.0,17.0,22.0],"ALNSIterations":[4545,4920,5270,4340,4690],"runId":["Run 1","Run 2","Run 3","Run 4","Run 5"]}