{"slackAfterALNS":0,"nInitialNotServicedExpectedRequests":[14,20,14,15,15],"averageObj":[5349.382749702856,5483.787639109257,5488.784927689695,5362.078171445812,5056.699732139577],"slackBeforeALNS":0,"nInitialNotServicedFixedRequests":[0,0,0,0,0],"averageNotServicedExpectedRequests":[23.0,25.0,24.0,23.0,20.0],"ALNSIterations":[5119,5172,5650,5725,4848],"runId":["Run 1","Run 2","Run 3","Run 4","Run 5"]}