{"slackAfterALNS":0,"nInitialNotServicedExpectedRequests":[16,16,15,16,15],"averageObj":[5168.769711859991,5783.827127514268,5737.999216516428,5997.8625092293805,5351.146928871246],"slackBeforeALNS":0,"nInitialNotServicedFixedRequests":[0,0,0,0,0],"averageNotServicedExpectedRequests":[21.0,26.0,27.0,29.0,23.0],"ALNSIterations":[5097,4847,4025,5086,4874],"runId":["Run 1","Run 2","Run 3","Run 4","Run 5"]}