{"slackAfterALNS":0,"nInitialNotServicedExpectedRequests":[0,0,0,1,0],"averageObj":[1588.8632021573196,1217.941176470589,1386.8577174459526,1557.9218200100552,1565.9645550527896],"slackBeforeALNS":0,"nInitialNotServicedFixedRequests":[0,0,0,0,0],"averageNotServicedExpectedRequests":[6.0,2.0,4.0,6.0,6.0],"ALNSIterations":[19710,19693,19498,19273,19035],"runId":["Run 1","Run 2","Run 3","Run 4","Run 5"]}