{"slackAfterALNS":0,"nInitialNotServicedExpectedRequests":[3,2,3,2,4],"averageObj":[1565.6770572024805,1473.983477011494,1811.5254237288132,1406.701863115055,1675.3072765221928],"slackBeforeALNS":0,"nInitialNotServicedFixedRequests":[0,0,0,0,0],"averageNotServicedExpectedRequests":[6.0,5.0,9.0,4.0,7.0],"ALNSIterations":[19787,19627,20318,20238,19765],"runId":["Run 1","Run 2","Run 3","Run 4","Run 5"]}