{"slackAfterALNS":0,"nInitialNotServicedExpectedRequests":[2,2,2,2,2],"averageObj":[1434.9947726728935,1612.203003751905,1393.7763877548134,1868.9289764435612,1692.6565734510336],"slackBeforeALNS":0,"nInitialNotServicedFixedRequests":[0,0,0,0,0],"averageNotServicedExpectedRequests":[4.0,6.0,4.0,8.0,7.0],"ALNSIterations":[20089,19810,19942,19749,20449],"runId":["Run 1","Run 2","Run 3","Run 4","Run 5"]}