{"slackAfterALNS":0,"nInitialNotServicedExpectedRequests":[2,3,2,2,2],"averageObj":[1578.598578922052,1369.0969867570857,1299.8970788869608,1365.219435736677,1361.434482758621],"slackBeforeALNS":0,"nInitialNotServicedFixedRequests":[0,0,0,0,0],"averageNotServicedExpectedRequests":[6.0,4.0,3.0,4.0,4.0],"ALNSIterations":[21212,21580,21999,21383,21629],"runId":["Run 1","Run 2","Run 3","Run 4","Run 5"]}