{"slackAfterALNS":0,"nInitialNotServicedExpectedRequests":[0,0,0,0,0],"averageObj":[1337.9547671576986,1211.919288417135,1524.5959359075077,1389.9505777588308,1307.8243978243986],"slackBeforeALNS":0,"nInitialNotServicedFixedRequests":[0,0,0,0,0],"averageNotServicedExpectedRequests":[3.0,2.0,5.0,4.0,3.0],"ALNSIterations":[19825,19755,19695,19828,20076],"runId":["Run 1","Run 2","Run 3","Run 4","Run 5"]}