{"slackAfterALNS":0,"nInitialNotServicedExpectedRequests":[32,22,24,24,27,34,24,28,37,24],"averageObj":[8475.691202525823,8346.369789641294,7820.5166361295005,8397.206475013048,8357.196250105204,7920.337447207811,7860.162717266537,8284.639706152151,8379.131035390596,7696.199455061304],"slackBeforeALNS":0,"nInitialNotServicedFixedRequests":[0,0,0,0,0,0,0,0,0,0],"averageNotServicedExpectedRequests":[58.4,56.6,50.8,57.0,56.8,51.7,51.1,55.9,57.1,49.5],"runId":["Run 1","Run 2","Run 3","Run 4","Run 5","Run 6","Run 7","Run 8","Run 9","Run 10"]}