{"slackAfterALNS":0,"nInitialNotServicedExpectedRequests":[66,66,65,68,69,70,66,69,75,73],"averageObj":[10965.269441137514,11156.66801553809,11556.891029902934,11854.583295318882,11424.320359801006,11379.4573443757,11374.350822474846,11435.780865181654,11510.29062059649,12093.295300049647],"slackBeforeALNS":0,"nInitialNotServicedFixedRequests":[0,0,0,0,0,0,0,0,0,0],"averageNotServicedExpectedRequests":[77.6,79.8,85.7,88.2,83.9,82.5,82.7,83.5,84.2,90.6],"runId":["Run 1","Run 2","Run 3","Run 4","Run 5","Run 6","Run 7","Run 8","Run 9","Run 10"]}