{"slackAfterALNS":0,"nInitialNotServicedExpectedRequests":[67,70,68,61,66,58,56,62,62,76],"averageObj":[11307.954404502592,11546.708812128612,11216.484182990902,11017.008290097208,11015.313970928411,11394.174141769003,11089.731356172642,11281.563739150812,11865.502993448279,11374.311165710626],"slackBeforeALNS":0,"nInitialNotServicedFixedRequests":[0,0,0,0,0,0,0,0,0,0],"averageNotServicedExpectedRequests":[81.4,84.4,80.5,79.1,78.1,82.6,79.6,81.5,87.9,83.1],"runId":["Run 1","Run 2","Run 3","Run 4","Run 5","Run 6","Run 7","Run 8","Run 9","Run 10"]}