{"slackAfterALNS":0,"nInitialNotServicedExpectedRequests":[80,81,81,70,81,78,89,76,72,85],"averageObj":[12619.216783368274,12119.733930789613,12494.221706226535,12066.528946891009,12337.116993104813,12220.65811246194,12527.59556798629,12141.295487903331,12301.334095577715,11793.126634771888],"slackBeforeALNS":0,"nInitialNotServicedFixedRequests":[0,0,0,0,0,0,0,0,0,0],"averageNotServicedExpectedRequests":[97.1,90.4,95.0,90.2,93.2,91.8,95.2,90.6,93.0,86.8],"runId":["Run 1","Run 2","Run 3","Run 4","Run 5","Run 6","Run 7","Run 8","Run 9","Run 10"]}