{"slackAfterALNS":0,"nInitialNotServicedExpectedRequests":[84,91,84,75,69,66,93,79,77,81],"averageObj":[11408.368376826107,14783.386506133547,12087.80052846151,14122.226708578688,11273.76095429579,12005.29129769038,12334.855934775482,12420.266382749185,11757.920219362386,12010.183891775237],"slackBeforeALNS":0,"nInitialNotServicedFixedRequests":[0,1,0,1,0,0,0,0,0,0],"averageNotServicedExpectedRequests":[81.9,97.4,90.6,89.7,79.5,88.6,92.4,92.8,85.4,88.7],"runId":["Run 1","Run 2","Run 3","Run 4","Run 5","Run 6","Run 7","Run 8","Run 9","Run 10"]}