{"slackAfterALNS":0,"nInitialNotServicedExpectedRequests":[86,81,64,82,75,82,84,77,74,73],"averageObj":[12617.608423740076,12271.936664873112,11555.45784633775,12231.960475495307,12399.789074967262,12600.626602907072,12776.936805340403,12356.4602196751,12371.377276350722,12154.70374414842],"slackBeforeALNS":0,"nInitialNotServicedFixedRequests":[0,0,0,0,0,0,0,0,0,0],"averageNotServicedExpectedRequests":[97.2,93.1,84.2,93.2,92.9,95.8,98.9,94.1,94.2,91.6],"runId":["Run 1","Run 2","Run 3","Run 4","Run 5","Run 6","Run 7","Run 8","Run 9","Run 10"]}