{"slackAfterALNS":0,"nInitialNotServicedExpectedRequests":[72,82,74,69,75,66,71,67,79,77],"averageObj":[14398.913488919285,11835.355778303634,12238.484422989315,11812.529529922485,12065.68623746459,12218.115141209588,11759.138505753761,11598.596830803252,12473.886187499436,12132.63743414591],"slackBeforeALNS":0,"nInitialNotServicedFixedRequests":[1,0,0,0,0,0,0,0,0,0],"averageNotServicedExpectedRequests":[94.2,87.3,92.3,87.1,89.8,92.1,86.6,84.8,94.7,90.4],"runId":["Run 1","Run 2","Run 3","Run 4","Run 5","Run 6","Run 7","Run 8","Run 9","Run 10"]}