{"slackAfterALNS":0,"nInitialNotServicedExpectedRequests":[75,76,73,77,71,71,66,72,63,71],"averageObj":[11768.593200352267,12145.717365430392,12307.538486596477,11584.642943187133,11764.502971937702,11448.384971995749,11449.389691161712,12140.223193740532,11401.31364507681,11792.568420234127],"slackBeforeALNS":0,"nInitialNotServicedFixedRequests":[0,0,0,0,0,0,0,0,0,0],"averageNotServicedExpectedRequests":[87.3,91.7,92.7,85.4,87.0,83.0,83.9,91.7,82.8,87.7],"runId":["Run 1","Run 2","Run 3","Run 4","Run 5","Run 6","Run 7","Run 8","Run 9","Run 10"]}