{"slackAfterALNS":0,"nInitialNotServicedExpectedRequests":[76,67,61,70,74,62,70,52,66,80],"averageObj":[13681.174853368584,13604.184040089938,13457.234722565478,13329.79627324109,13969.84838265368,13650.42981710234,13563.845841529086,12973.117995799903,13413.044082977849,13572.788361182578],"slackBeforeALNS":0,"nInitialNotServicedFixedRequests":[1,1,1,1,1,1,1,1,1,1],"averageNotServicedExpectedRequests":[85.9,84.7,84.0,82.4,89.7,85.7,85.0,78.1,82.9,84.9],"runId":["Run 1","Run 2","Run 3","Run 4","Run 5","Run 6","Run 7","Run 8","Run 9","Run 10"]}