{"slackAfterALNS":0,"nInitialNotServicedExpectedRequests":[75,69,73,68,66,67,76,79,76,68],"averageObj":[13676.430473330407,12078.406728546706,12049.92160899202,11475.038007159668,13121.022750399652,13569.625819951369,11513.697060148905,11780.85404374036,11554.928383605788,13925.563827611148],"slackBeforeALNS":0,"nInitialNotServicedFixedRequests":[1,0,0,0,1,1,0,0,0,1],"averageNotServicedExpectedRequests":[86.4,89.6,90.1,82.8,79.3,84.3,84.0,86.4,84.4,88.7],"runId":["Run 1","Run 2","Run 3","Run 4","Run 5","Run 6","Run 7","Run 8","Run 9","Run 10"]}