{"slackAfterALNS":0,"nInitialNotServicedExpectedRequests":[72,71,69,68,76,81,72,73,80,75],"averageObj":[14232.429932694673,16895.579770523866,11726.398056724187,15927.666282037138,13714.715794796895,16715.818917313056,18188.429582410346,12472.16366773967,12131.218971336746,14360.489303473461],"slackBeforeALNS":0,"nInitialNotServicedFixedRequests":[1,2,0,2,1,2,3,0,0,1],"averageNotServicedExpectedRequests":[91.9,99.6,85.4,88.1,86.1,97.4,91.5,93.6,90.5,92.0],"runId":["Run 1","Run 2","Run 3","Run 4","Run 5","Run 6","Run 7","Run 8","Run 9","Run 10"]}