{"slackAfterALNS":0,"nInitialNotServicedExpectedRequests":[41,43,33,39,39],"averageObj":[9056.530749215499,10257.83248156001,9222.03046379463,9851.724905123006,9676.54664348277],"slackBeforeALNS":0,"nInitialNotServicedFixedRequests":[0,0,0,0,0],"averageNotServicedExpectedRequests":[40.0,54.0,43.0,49.0,48.0],"ALNSIterations":[764,717,678,667,653],"runId":["Run 1","Run 2","Run 3","Run 4","Run 5"]}