{"slackAfterALNS":0,"nInitialNotServicedExpectedRequests":[41,50,44,31,51],"averageObj":[9829.630109870424,10430.721137179364,10711.679447873203,9789.283206126303,10332.684863299632],"slackBeforeALNS":0,"nInitialNotServicedFixedRequests":[0,0,0,0,0],"averageNotServicedExpectedRequests":[48.0,55.0,57.0,47.0,53.0],"ALNSIterations":[814,796,801,818,829],"runId":["Run 1","Run 2","Run 3","Run 4","Run 5"]}