{"slackAfterALNS":0,"nInitialNotServicedExpectedRequests":[36,41,29,38,37],"averageObj":[10018.3816805568,9452.691848551276,10475.830353282223,9779.97460888591,8968.726703422359],"slackBeforeALNS":0,"nInitialNotServicedFixedRequests":[0,0,1,0,0],"averageNotServicedExpectedRequests":[50.0,44.0,34.0,47.0,39.0],"ALNSIterations":[826,826,877,867,870],"runId":["Run 1","Run 2","Run 3","Run 4","Run 5"]}