{"slackAfterALNS":0,"nInitialNotServicedExpectedRequests":[45,45,46,49,49],"averageObj":[9707.876368123896,9434.552256285051,9949.325695182019,9777.967246180686,10998.332643593032],"slackBeforeALNS":0,"nInitialNotServicedFixedRequests":[0,0,0,0,0],"averageNotServicedExpectedRequests":[47.0,45.0,51.0,49.0,62.0],"ALNSIterations":[914,925,925,935,905],"runId":["Run 1","Run 2","Run 3","Run 4","Run 5"]}