{"slackAfterALNS":0,"nInitialNotServicedExpectedRequests":[50,44,53,55,49],"averageObj":[10218.11682384004,9912.689487200316,10525.734802071427,9642.158063309935,10130.778640108398],"slackBeforeALNS":0,"nInitialNotServicedFixedRequests":[0,0,0,0,0],"averageNotServicedExpectedRequests":[54.0,50.0,57.0,47.0,52.0],"ALNSIterations":[858,871,859,860,852],"runId":["Run 1","Run 2","Run 3","Run 4","Run 5"]}