{"slackAfterALNS":0,"nInitialNotServicedExpectedRequests":[39,42,46,35,44],"averageObj":[9878.581122732949,9807.46431576055,10311.245835085034,9050.078133110346,9439.438731103884],"slackBeforeALNS":0,"nInitialNotServicedFixedRequests":[0,0,0,0,0],"averageNotServicedExpectedRequests":[50.0,49.0,55.0,39.0,44.0],"ALNSIterations":[748,763,854,831,858],"runId":["Run 1","Run 2","Run 3","Run 4","Run 5"]}