{"slackAfterALNS":0,"nInitialNotServicedExpectedRequests":[31,38,31,37,44],"averageObj":[8864.329693687532,9995.906339028616,9454.065506269777,9318.406952898704,9230.27788269571],"slackBeforeALNS":0,"nInitialNotServicedFixedRequests":[0,0,0,0,0],"averageNotServicedExpectedRequests":[37.0,51.0,43.0,42.0,42.0],"ALNSIterations":[808,829,801,791,817],"runId":["Run 1","Run 2","Run 3","Run 4","Run 5"]}