{"slackAfterALNS":0,"nInitialNotServicedExpectedRequests":[3,2,0,8,7,0,3,2,8,3],"averageObj":[6811.324694075602,6812.181787464362,6810.215159037252,6489.989847544452,6053.179105046858,6504.672183071494,6438.093155350985,6570.745886272799,7015.40527931885,6882.272363983126],"slackBeforeALNS":0,"nInitialNotServicedFixedRequests":[0,0,0,0,0,0,0,0,0,0],"averageNotServicedExpectedRequests":[18.4,18.6,18.8,15.0,10.6,15.2,14.7,15.9,21.0,19.1],"runId":["Run 1","Run 2","Run 3","Run 4","Run 5","Run 6","Run 7","Run 8","Run 9","Run 10"]}