{"slackAfterALNS":0,"nInitialNotServicedExpectedRequests":[1,2,4,1,6,3,1,0,8,0],"averageObj":[6238.042135770036,6100.601879827681,6209.271947442393,6554.483003325268,6165.466088634518,6413.750754874864,6126.801011816615,6186.4883738345725,6205.590493592104,6515.514613789471],"slackBeforeALNS":0,"nInitialNotServicedFixedRequests":[0,0,0,0,0,0,0,0,0,0],"averageNotServicedExpectedRequests":[12.8,11.1,12.6,16.0,11.9,14.7,11.3,12.2,12.4,15.9],"runId":["Run 1","Run 2","Run 3","Run 4","Run 5","Run 6","Run 7","Run 8","Run 9","Run 10"]}