{"slackAfterALNS":0,"nInitialNotServicedExpectedRequests":[1,7,3,1,0,5,4,0,3,1],"averageObj":[6555.201911314199,7032.917736399293,6616.125673636585,6449.918532989336,6730.902236680564,6329.222188778358,6552.982435938497,6743.695748671361,6657.529071386589,6753.815872847427],"slackBeforeALNS":0,"nInitialNotServicedFixedRequests":[0,0,0,0,0,0,0,0,0,0],"averageNotServicedExpectedRequests":[15.9,20.6,16.3,14.8,17.8,13.6,15.6,18.2,17.0,18.3],"runId":["Run 1","Run 2","Run 3","Run 4","Run 5","Run 6","Run 7","Run 8","Run 9","Run 10"]}