{"slackAfterALNS":0,"nInitialNotServicedExpectedRequests":[2,3,1,1,3,1,0,4,1,1],"averageObj":[6324.9744130781355,6212.143172410907,6628.029564424561,6172.093677431798,6242.626458923379,6475.28125143589,6826.70275674244,6698.255553819281,6456.37016155923,6474.044840336649],"slackBeforeALNS":0,"nInitialNotServicedFixedRequests":[0,0,0,0,0,0,0,0,0,0],"averageNotServicedExpectedRequests":[13.7,12.5,17.0,11.6,12.7,14.8,18.6,17.6,14.6,15.0],"runId":["Run 1","Run 2","Run 3","Run 4","Run 5","Run 6","Run 7","Run 8","Run 9","Run 10"]}