{"slackAfterALNS":0,"nInitialNotServicedExpectedRequests":[5,6,1,2,5,0,5,4,5,6],"averageObj":[6909.257308964001,7215.255484152721,6991.197007762603,7150.268968098075,7112.829515312263,6683.511305300759,7010.076950468805,7424.381917402725,6548.083817175141,7378.201122852338],"slackBeforeALNS":0,"nInitialNotServicedFixedRequests":[0,0,0,0,0,0,0,0,0,0],"averageNotServicedExpectedRequests":[19.5,23.0,20.6,22.3,21.8,17.1,20.5,25.1,15.3,24.2],"runId":["Run 1","Run 2","Run 3","Run 4","Run 5","Run 6","Run 7","Run 8","Run 9","Run 10"]}