{"slackAfterALNS":0,"nInitialNotServicedExpectedRequests":[2,4,1,0,1,1,0,0,1,4],"averageObj":[7031.4696459082825,6850.73345185865,6870.520065120087,6825.962336533016,6459.904646741557,6752.412173495604,6871.578051795349,6631.128043510667,6861.549324759874,6488.53786833535],"slackBeforeALNS":0,"nInitialNotServicedFixedRequests":[0,0,0,0,0,0,0,0,0,0],"averageNotServicedExpectedRequests":[20.9,18.9,19.4,18.4,14.7,17.9,19.2,16.5,19.2,15.2],"runId":["Run 1","Run 2","Run 3","Run 4","Run 5","Run 6","Run 7","Run 8","Run 9","Run 10"]}