{"slackAfterALNS":0,"nInitialNotServicedExpectedRequests":[1,7,1,1,0,0,0,5,3,11],"averageObj":[6867.796649446686,6225.185569089421,6335.5836966616,6337.407619949554,6554.469019800595,6731.496694992452,6477.378772983762,6502.633513487598,6532.349621735282,6470.657434752013],"slackBeforeALNS":0,"nInitialNotServicedFixedRequests":[0,0,0,0,0,0,0,0,0,0],"averageNotServicedExpectedRequests":[19.4,12.3,13.8,13.4,15.3,17.7,14.9,15.1,15.6,14.6],"runId":["Run 1","Run 2","Run 3","Run 4","Run 5","Run 6","Run 7","Run 8","Run 9","Run 10"]}