{"slackAfterALNS":0,"nInitialNotServicedExpectedRequests":[1,4,0,0,1,1,4,5,4,0],"averageObj":[6261.879980867795,5971.408221162363,6370.913420497877,6469.795837273907,6195.715705520133,6019.989537514695,6495.182576311973,6668.562597787622,6163.6848142443105,6656.66197011732],"slackBeforeALNS":0,"nInitialNotServicedFixedRequests":[0,0,0,0,0,0,0,0,0,0],"averageNotServicedExpectedRequests":[13.0,9.7,14.0,15.0,12.0,10.3,15.1,17.0,11.6,16.7],"runId":["Run 1","Run 2","Run 3","Run 4","Run 5","Run 6","Run 7","Run 8","Run 9","Run 10"]}