{"slackAfterALNS":0,"nInitialNotServicedExpectedRequests":[142,123,138,117,122,140,136,143,122,138],"averageObj":[22005.18466947044,24024.46324790669,22411.551699306197,27854.363816777906,25318.16613211988,22361.214288971718,22657.440964008376,24779.88489107436,21672.226121123516,21884.311482535515],"slackBeforeALNS":0,"nInitialNotServicedFixedRequests":[1,2,1,4,3,1,1,2,1,1],"averageNotServicedExpectedRequests":[149.9,149.6,154.5,147.7,141.5,152.8,156.8,158.9,146.0,148.1],"runId":["Run 1","Run 2","Run 3","Run 4","Run 5","Run 6","Run 7","Run 8","Run 9","Run 10"]}