{"slackAfterALNS":0,"nInitialNotServicedExpectedRequests":[148,160,137,147,144,136,136,153,137,141],"averageObj":[22701.019714884515,22772.428792842453,24495.157521186327,25047.0587752678,23403.907186636563,24390.272312151243,26418.807700876263,24464.735521738094,24511.57612714695,25805.20018189704],"slackBeforeALNS":0,"nInitialNotServicedFixedRequests":[1,1,2,2,1,2,3,1,2,2],"averageNotServicedExpectedRequests":[156.9,156.7,154.9,160.4,164.7,153.0,153.6,176.4,154.0,169.3],"runId":["Run 1","Run 2","Run 3","Run 4","Run 5","Run 6","Run 7","Run 8","Run 9","Run 10"]}