{"slackAfterALNS":0,"nInitialNotServicedExpectedRequests":[131,153,136,119,144,140,158,115,140,130],"averageObj":[26618.702782529836,23024.62137359166,24608.22119722796,23779.11515406993,25094.063866402077,22981.4824026677,23256.464083847106,25595.100595897464,22509.66066738188,21802.205910607147],"slackBeforeALNS":0,"nInitialNotServicedFixedRequests":[3,1,2,2,2,1,1,3,1,1],"averageNotServicedExpectedRequests":[154.3,160.1,154.0,143.0,159.6,158.1,161.5,143.0,153.4,144.0],"runId":["Run 1","Run 2","Run 3","Run 4","Run 5","Run 6","Run 7","Run 8","Run 9","Run 10"]}