{"slackAfterALNS":0,"nInitialNotServicedExpectedRequests":[146,137,135,114,140,148,155,144,142,146],"averageObj":[22878.70704777152,20173.987821547318,22761.075856743486,23423.568627351295,24417.41553348882,22809.227188893037,21038.768273013757,22198.93387922497,21889.993928363634,22429.47447823549],"slackBeforeALNS":0,"nInitialNotServicedFixedRequests":[1,0,1,2,2,1,0,1,1,1],"averageNotServicedExpectedRequests":[158.6,149.9,157.3,142.7,153.1,157.0,160.6,150.9,148.1,153.9],"runId":["Run 1","Run 2","Run 3","Run 4","Run 5","Run 6","Run 7","Run 8","Run 9","Run 10"]}