{"slackAfterALNS":0,"nInitialNotServicedExpectedRequests":[136,145,133,112,128,132,155,144,130,144],"averageObj":[21633.267396936713,22568.594679249418,24410.68948157,23968.145595875998,21908.670100455798,24242.4655313488,22112.60294648882,24123.064655080274,21977.121416326972,22749.63321504055],"slackBeforeALNS":0,"nInitialNotServicedFixedRequests":[1,1,2,2,1,2,1,2,1,1],"averageNotServicedExpectedRequests":[144.0,155.4,153.0,146.9,147.5,151.7,150.3,150.0,148.7,157.3],"runId":["Run 1","Run 2","Run 3","Run 4","Run 5","Run 6","Run 7","Run 8","Run 9","Run 10"]}