{"slackAfterALNS":0,"nInitialNotServicedExpectedRequests":[142,122,139,133,133,124,149,142,111,160],"averageObj":[20877.93145743433,21056.302067171382,20666.70494086494,24430.42492023175,20170.94791680848,23654.443200277303,20429.84095494046,20863.159334758482,26424.325706894993,21102.08567421458],"slackBeforeALNS":0,"nInitialNotServicedFixedRequests":[0,1,0,2,0,2,0,0,3,0],"averageNotServicedExpectedRequests":[159.0,138.7,156.9,155.1,151.5,145.9,154.9,159.7,154.8,163.0],"runId":["Run 1","Run 2","Run 3","Run 4","Run 5","Run 6","Run 7","Run 8","Run 9","Run 10"]}