{"slackAfterALNS":0,"nInitialNotServicedExpectedRequests":[148,139,128,129,149,148,145,151,134,142],"averageObj":[20685.51402708534,23164.70621096688,24403.20577463366,21782.527194600716,21043.7415651301,22686.111104002943,22230.79779648818,22963.764203824954,25001.556932956883,22927.51321507409],"slackBeforeALNS":0,"nInitialNotServicedFixedRequests":[0,1,2,1,0,1,1,1,2,1],"averageNotServicedExpectedRequests":[156.1,162.7,153.4,145.5,160.0,156.1,150.5,159.2,160.7,159.9],"runId":["Run 1","Run 2","Run 3","Run 4","Run 5","Run 6","Run 7","Run 8","Run 9","Run 10"]}