{"slackAfterALNS":0,"nInitialNotServicedExpectedRequests":[139,136,139,115,160,134,150,128,139,119],"averageObj":[28046.891040020226,24675.366213332585,23049.92102293249,25101.005479933865,22585.66564934893,26256.708953808895,20496.135506789644,23666.694060069112,26438.60699167794,25742.450775506393],"slackBeforeALNS":0,"nInitialNotServicedFixedRequests":[4,2,1,3,1,3,0,2,3,3],"averageNotServicedExpectedRequests":[149.2,155.3,160.2,138.6,154.1,151.8,153.8,144.0,153.3,144.5],"runId":["Run 1","Run 2","Run 3","Run 4","Run 5","Run 6","Run 7","Run 8","Run 9","Run 10"]}