{"slackAfterALNS":0,"nInitialNotServicedExpectedRequests":[136,118,133,146,146,127,146,130,149,138],"averageObj":[23347.2989455365,22988.619834414818,23657.592230605842,22807.924811577985,22560.534402973397,23231.403309696438,22435.779059511067,23740.063472119764,22676.562904015616,22673.033106672738],"slackBeforeALNS":0,"nInitialNotServicedFixedRequests":[2,2,2,1,1,2,1,2,1,1],"averageNotServicedExpectedRequests":[141.6,136.0,144.6,158.2,156.5,140.4,154.5,146.2,156.8,155.5],"runId":["Run 1","Run 2","Run 3","Run 4","Run 5","Run 6","Run 7","Run 8","Run 9","Run 10"]}