{"slackAfterALNS":0,"nInitialNotServicedExpectedRequests":[126,138,106,135,123,135,113,116,134,126],"averageObj":[23826.83521790565,20590.728103216843,21299.512123938173,22481.90724555768,20725.123659307334,20500.857259795648,19359.30617189472,19248.415923427245,22103.714449189116,22332.682094252534],"slackBeforeALNS":0,"nInitialNotServicedFixedRequests":[2,0,1,1,0,0,0,0,1,1],"averageNotServicedExpectedRequests":[147.8,156.4,140.9,155.4,156.0,155.2,141.3,140.1,149.7,152.4],"runId":["Run 1","Run 2","Run 3","Run 4","Run 5","Run 6","Run 7","Run 8","Run 9","Run 10"]}