{"slackAfterALNS":0,"nInitialNotServicedExpectedRequests":[10,4,6,2,11],"averageObj":[12428.28000901241,10138.082744871814,8473.393450430132,12550.109125128061,14823.7933260724],"slackBeforeALNS":0,"nInitialNotServicedFixedRequests":[2,1,0,2,3],"averageNotServicedExpectedRequests":[30.7,27.3,31.1,31.8,34.6],"ALNSIterations":[965,981,1056,985,937],"runId":["Run 1","Run 2","Run 3","Run 4","Run 5"]}