{"slackAfterALNS":0,"nInitialNotServicedExpectedRequests":[10,10,15,6,17],"averageObj":[15158.264000286028,14474.350944158577,18943.819308215945,13256.781699090454,16844.207084015514],"slackBeforeALNS":0,"nInitialNotServicedFixedRequests":[3,3,5,2,4],"averageNotServicedExpectedRequests":[38.0,31.8,36.8,40.4,36.1],"ALNSIterations":[1199,1059,1385,1363,1827],"runId":["Run 1","Run 2","Run 3","Run 4","Run 5"]}