{"slackAfterALNS":0,"nInitialNotServicedExpectedRequests":[11,15,3,11,12],"averageObj":[18743.491685366887,22162.017873836965,8804.660603474747,15072.829654181322,18734.526226040154],"slackBeforeALNS":0,"nInitialNotServicedFixedRequests":[5,7,0,3,5],"averageNotServicedExpectedRequests":[36.1,29.5,36.2,38.9,34.7],"ALNSIterations":[1497,1041,1757,1605,1619],"runId":["Run 1","Run 2","Run 3","Run 4","Run 5"]}