{"slackAfterALNS":0,"nInitialNotServicedExpectedRequests":[10,10,6,15,11],"averageObj":[12541.120632381468,12649.924752295241,16615.532293369393,14301.201962691708,13964.147104748],"slackBeforeALNS":0,"nInitialNotServicedFixedRequests":[2,2,4,3,3],"averageNotServicedExpectedRequests":[32.4,34.7,32.8,30.4,27.6],"ALNSIterations":[951,991,958,944,990],"runId":["Run 1","Run 2","Run 3","Run 4","Run 5"]}