{"slackAfterALNS":0,"nInitialNotServicedExpectedRequests":[1,1,0,0,0],"averageObj":[445.19195740507223,434.7333333333333,386.07314162820035,463.1153846153846,385.5965985160645],"slackBeforeALNS":0,"nInitialNotServicedFixedRequests":[0,0,0,0,0],"averageNotServicedExpectedRequests":[2.7,2.6,2.0,2.9,2.0],"ALNSIterations":[778241,646806,736402,677858,661450],"runId":["Run 1","Run 2","Run 3","Run 4","Run 5"]}