{"slackAfterALNS":0,"nInitialNotServicedExpectedRequests":[1,2,1,1,0],"averageObj":[2427.4886942110616,2379.934069050446,2466.6676003734824,2455.8825243980577,2451.044193056997],"slackBeforeALNS":0,"nInitialNotServicedFixedRequests":[1,1,1,1,1],"averageNotServicedExpectedRequests":[2.5,2.0,3.0,2.8,2.7],"ALNSIterations":[647554,710845,725609,731300,695603],"runId":["Run 1","Run 2","Run 3","Run 4","Run 5"]}