{"slackAfterALNS":0,"nInitialNotServicedExpectedRequests":[1,1,1,3,0],"averageObj":[2439.6180555864457,2474.496272851246,2442.656295060926,2425.512604077091,2474.732322249075],"slackBeforeALNS":0,"nInitialNotServicedFixedRequests":[1,1,1,1,1],"averageNotServicedExpectedRequests":[2.7,3.1,2.5,2.5,3.1],"ALNSIterations":[679927,842461,550124,592844,548959],"runId":["Run 1","Run 2","Run 3","Run 4","Run 5"]}