{"slackAfterALNS":0,"nInitialNotServicedExpectedRequests":[1,1,2,2,2],"averageObj":[450.59097356507516,485.8563991709005,493.29327836342765,403.1165911127734,502.9715796025679],"slackBeforeALNS":0,"nInitialNotServicedFixedRequests":[0,0,0,0,0],"averageNotServicedExpectedRequests":[2.6,3.1,3.2,2.2,3.2],"ALNSIterations":[719135,784031,773253,1029939,993852],"runId":["Run 1","Run 2","Run 3","Run 4","Run 5"]}