{"slackAfterALNS":0,"nInitialNotServicedExpectedRequests":[1,1,0,0,1],"averageObj":[5273.137254901965,5189.160817211666,5413.816046151282,5252.056580640955,5212.02408034615],"slackBeforeALNS":0,"nInitialNotServicedFixedRequests":[0,0,0,0,0],"averageNotServicedExpectedRequests":[3.0,2.0,4.0,2.0,2.0],"ALNSIterations":[852,734,706,813,591],"runId":["Run 1","Run 2","Run 3","Run 4","Run 5"]}