{"slackAfterALNS":0,"nInitialNotServicedExpectedRequests":[32,33,26,39,19,27,34,36,21,28],"averageObj":[7687.433215488221,7729.87769036183,8253.2577604406,8364.037458018665,7763.130223132747,7680.0790243571155,9105.339842617343,8559.911718204541,7958.916531386501,7838.722175716413],"slackBeforeALNS":0,"nInitialNotServicedFixedRequests":[0,0,0,0,0,0,0,0,0,0],"averageNotServicedExpectedRequests":[49.4,50.0,55.5,56.6,50.2,49.8,65.8,59.5,52.5,51.7],"runId":["Run 1","Run 2","Run 3","Run 4","Run 5","Run 6","Run 7","Run 8","Run 9","Run 10"]}