{"slackAfterALNS":0,"nInitialNotServicedExpectedRequests":[31,26,22,35,23,23,32,26,24,32],"averageObj":[7982.22488222416,8228.873937102328,7599.597991367387,7909.453220312624,7561.227129316336,7897.49327870794,7742.573362881015,7467.036919263583,7710.666570998964,7974.514329954897],"slackBeforeALNS":0,"nInitialNotServicedFixedRequests":[0,0,0,0,0,0,0,0,0,0],"averageNotServicedExpectedRequests":[52.5,55.8,48.2,51.9,47.9,51.9,49.5,47.1,49.4,52.0],"runId":["Run 1","Run 2","Run 3","Run 4","Run 5","Run 6","Run 7","Run 8","Run 9","Run 10"]}