{"slackAfterALNS":0,"nInitialNotServicedExpectedRequests":[38,34,31,29,23,36,31,28,22,32],"averageObj":[8126.471173817375,8011.539142921198,8148.603571415291,7768.840178757778,7846.704445982303,8168.276285168837,8148.595882811162,7735.943640901064,8359.265134230547,8172.575264176485],"slackBeforeALNS":0,"nInitialNotServicedFixedRequests":[0,0,0,0,0,0,0,0,0,0],"averageNotServicedExpectedRequests":[54.4,53.3,53.9,49.9,51.0,54.4,54.2,50.1,56.8,54.5],"runId":["Run 1","Run 2","Run 3","Run 4","Run 5","Run 6","Run 7","Run 8","Run 9","Run 10"]}