{"slackAfterALNS":0,"nInitialNotServicedExpectedRequests":[38,31,25,34,27,23,30,21,38,30],"averageObj":[8145.904354241368,8028.881822367672,9791.16931495368,7874.415759541332,7819.9556925253955,8165.742444487323,7749.436160698717,7519.9255628009605,8096.287353671661,7702.6155625035435],"slackBeforeALNS":0,"nInitialNotServicedFixedRequests":[0,0,1,0,0,0,0,0,0,0],"averageNotServicedExpectedRequests":[54.2,53.6,50.8,51.5,51.3,55.3,50.4,47.7,54.2,49.8],"runId":["Run 1","Run 2","Run 3","Run 4","Run 5","Run 6","Run 7","Run 8","Run 9","Run 10"]}