{"slackAfterALNS":0,"nInitialNotServicedExpectedRequests":[31,19,27,21,29,26,20,28,26,25],"averageObj":[7965.417503267275,7472.976295132464,7925.46903230005,8407.259042497264,7954.337649220613,7784.215135609398,8074.709398769356,7692.392883079325,7445.616788553499,7752.017198984931],"slackBeforeALNS":0,"nInitialNotServicedFixedRequests":[0,0,0,0,0,0,0,0,0,0],"averageNotServicedExpectedRequests":[52.3,46.5,51.9,56.9,52.2,50.4,53.4,49.5,46.5,50.1],"runId":["Run 1","Run 2","Run 3","Run 4","Run 5","Run 6","Run 7","Run 8","Run 9","Run 10"]}