{"slackAfterALNS":0,"nInitialNotServicedExpectedRequests":[28,28,20,30,21,24,26,25,27,29],"averageObj":[7571.298253197102,8243.676608280195,8941.270539553789,7938.624877505783,7887.6823313632385,8812.190698228253,7994.206493862713,7922.904146577324,8116.259633042207,7570.0919861206185],"slackBeforeALNS":0,"nInitialNotServicedFixedRequests":[0,0,0,0,0,0,0,0,0,0],"averageNotServicedExpectedRequests":[47.8,55.9,63.5,52.7,50.5,62.2,53.0,52.3,54.9,47.9],"runId":["Run 1","Run 2","Run 3","Run 4","Run 5","Run 6","Run 7","Run 8","Run 9","Run 10"]}