{"slackAfterALNS":0,"nInitialNotServicedExpectedRequests":[30,34,24,31,30,21,32,31,19,19],"averageObj":[7750.286733782244,8394.968953512229,7906.099576795152,8336.863837612693,8575.73007486054,8128.782463454116,8192.291649035596,8295.150656156851,7754.595822293037,8604.142388628112],"slackBeforeALNS":0,"nInitialNotServicedFixedRequests":[0,0,0,0,0,0,0,0,0,0],"averageNotServicedExpectedRequests":[50.4,57.4,52.3,56.6,60.0,54.5,55.5,56.0,50.1,59.9],"runId":["Run 1","Run 2","Run 3","Run 4","Run 5","Run 6","Run 7","Run 8","Run 9","Run 10"]}