{"slackAfterALNS":0,"nInitialNotServicedExpectedRequests":[28,21,23,26,33,36,31,21,24,23],"averageObj":[8118.198883642173,8128.761014402435,7952.717728743863,8391.788533157276,8530.089762744905,8400.37417323805,8551.954087539667,8161.155747417566,7576.775519924458,8586.929497576537],"slackBeforeALNS":0,"nInitialNotServicedFixedRequests":[0,0,0,0,0,0,0,0,0,0],"averageNotServicedExpectedRequests":[54.1,53.6,52.4,57.1,59.0,58.0,58.9,54.7,47.7,59.7],"runId":["Run 1","Run 2","Run 3","Run 4","Run 5","Run 6","Run 7","Run 8","Run 9","Run 10"]}