{"slackAfterALNS":0,"nInitialNotServicedExpectedRequests":[29,27,21,24,23,20,26,23,30,19],"averageObj":[7310.14432354056,7535.157504551853,7728.948114827229,7500.647272043805,8083.822300905866,7360.60161907918,7723.763097551222,7393.740764103799,8359.961769656007,7897.756042090356],"slackBeforeALNS":0,"nInitialNotServicedFixedRequests":[0,0,0,0,0,0,0,0,0,0],"averageNotServicedExpectedRequests":[45.2,47.9,49.8,47.2,53.9,45.8,50.0,45.8,56.9,51.6],"runId":["Run 1","Run 2","Run 3","Run 4","Run 5","Run 6","Run 7","Run 8","Run 9","Run 10"]}