{"slackAfterALNS":0,"nInitialNotServicedExpectedRequests":[7,8,9,6,12],"averageObj":[7769.486258986881,6005.806333761664,9863.997488882702,5514.859208333262,5669.767330172013],"slackBeforeALNS":0,"nInitialNotServicedFixedRequests":[1,0,2,0,0],"averageNotServicedExpectedRequests":[25.6,29.6,27.2,23.8,24.4],"ALNSIterations":[4906,4244,4869,5062,5203],"runId":["Run 1","Run 2","Run 3","Run 4","Run 5"]}