{"slackAfterALNS":0,"nInitialNotServicedExpectedRequests":[4,3,9,7,7],"averageObj":[5228.130512546685,5692.400098413536,11409.6401690172,7318.7226127166505,7366.467632114436],"slackBeforeALNS":0,"nInitialNotServicedFixedRequests":[0,0,3,1,1],"averageNotServicedExpectedRequests":[21.0,26.1,23.4,22.2,22.4],"ALNSIterations":[4046,4491,4254,2584,2417],"runId":["Run 1","Run 2","Run 3","Run 4","Run 5"]}