{"slackAfterALNS":0,"nInitialNotServicedExpectedRequests":[3,8,5,8,1],"averageObj":[5484.700731304049,7192.17796623345,5765.579026988878,5502.857899905714,5074.99309239556],"slackBeforeALNS":0,"nInitialNotServicedFixedRequests":[0,1,0,0,0],"averageNotServicedExpectedRequests":[23.0,20.7,25.9,23.3,19.4],"ALNSIterations":[5159,5034,5193,5380,5361],"runId":["Run 1","Run 2","Run 3","Run 4","Run 5"]}