{"slackAfterALNS":0,"nInitialNotServicedExpectedRequests":[5,10,9,10,7],"averageObj":[5410.543238678072,7339.650090718365,5591.238193467482,7276.862212878965,5321.807318345215],"slackBeforeALNS":0,"nInitialNotServicedFixedRequests":[0,1,0,1,0],"averageNotServicedExpectedRequests":[22.9,22.0,23.2,21.7,21.8],"ALNSIterations":[4133,5303,5289,5330,5065],"runId":["Run 1","Run 2","Run 3","Run 4","Run 5"]}