{"slackAfterALNS":0,"nInitialNotServicedExpectedRequests":[3,11,4,11,7],"averageObj":[7217.862763266397,9424.95243304277,5591.302058404698,5963.209696526327,7909.263474575203],"slackBeforeALNS":0,"nInitialNotServicedFixedRequests":[1,2,0,0,1],"averageNotServicedExpectedRequests":[19.9,22.3,24.0,28.4,28.0],"ALNSIterations":[2601,4147,5006,5059,2754],"runId":["Run 1","Run 2","Run 3","Run 4","Run 5"]}