{"slackAfterALNS":0,"nInitialNotServicedExpectedRequests":[10,11,10,8,7],"averageObj":[2467.0460617271788,2094.5670029550533,2237.2618737969974,4490.471030653577,3939.1793458165184],"slackBeforeALNS":0,"nInitialNotServicedFixedRequests":[0,0,0,1,1],"averageNotServicedExpectedRequests":[15.0,11.0,13.0,16.0,9.0],"ALNSIterations":[20024,21666,19444,19152,17055],"runId":["Run 1","Run 2","Run 3","Run 4","Run 5"]}