{"slackAfterALNS":0,"nInitialNotServicedExpectedRequests":[4,6,6,6,7],"averageObj":[3587.8597208075653,5960.982381911862,5767.240941076639,5990.601604278075,3770.550859795033],"slackBeforeALNS":0,"nInitialNotServicedFixedRequests":[1,2,2,2,1],"averageNotServicedExpectedRequests":[6.0,10.0,8.0,11.0,8.0],"ALNSIterations":[18518,19547,20168,20092,16968],"runId":["Run 1","Run 2","Run 3","Run 4","Run 5"]}