{"slackAfterALNS":0,"nInitialNotServicedExpectedRequests":[10,10,7,10,8],"averageObj":[2558.01133959336,6568.983768883905,4519.888440106034,4456.40673809612,4278.533799734056],"slackBeforeALNS":0,"nInitialNotServicedFixedRequests":[0,2,1,1,1],"averageNotServicedExpectedRequests":[16.0,16.0,15.0,14.0,12.0],"ALNSIterations":[20224,18948,17520,19807,21156],"runId":["Run 1","Run 2","Run 3","Run 4","Run 5"]}