{"slackAfterALNS":0,"nInitialNotServicedExpectedRequests":[11,5,7,7,7],"averageObj":[2549.0977014664213,2398.078388174887,2371.9868029047207,4357.174355517112,4382.76006411663],"slackBeforeALNS":0,"nInitialNotServicedFixedRequests":[0,0,0,1,1],"averageNotServicedExpectedRequests":[16.0,14.0,14.0,14.0,15.0],"ALNSIterations":[20355,21590,21047,20659,21263],"runId":["Run 1","Run 2","Run 3","Run 4","Run 5"]}