{"slackAfterALNS":0,"nInitialNotServicedExpectedRequests":[9,11,12,9,9],"averageObj":[10214.236936458445,4356.995796452023,4453.3972110634195,4342.323928342387,4143.821189285255],"slackBeforeALNS":0,"nInitialNotServicedFixedRequests":[4,1,1,1,1],"averageNotServicedExpectedRequests":[13.0,14.0,15.0,14.0,11.0],"ALNSIterations":[19671,17588,18765,20104,20765],"runId":["Run 1","Run 2","Run 3","Run 4","Run 5"]}