{"slackAfterALNS":0,"nInitialNotServicedExpectedRequests":[4,3,3,5,3,5,3,3,6,4],"averageObj":[202.84305923961097,206.30711657819683,202.36127320954907,204.76544787506216,203.28253373313345,202.42037844714008,202.05677619794,206.7829908575124,201.71330049261084,202.84629629629632],"slackBeforeALNS":0,"nInitialNotServicedFixedRequests":[0,0,0,0,0,0,0,0,0,0],"averageNotServicedExpectedRequests":[4.4,3.3,3.8,3.4,3.7,4.1,4.6,3.2,5.1,3.4],"runId":["Run 1","Run 2","Run 3","Run 4","Run 5","Run 6","Run 7","Run 8","Run 9","Run 10"]}