{"slackAfterALNS":0,"nInitialNotServicedExpectedRequests":[5,3,1,2,4,4,4,3,2,2],"averageObj":[4191.124022165595,4190.858415256242,4181.183773584906,4183.482387706856,4191.217356893244,4182.690193820453,4184.151876741145,4187.374487179487,4182.803333333334,4183.195370564465],"slackBeforeALNS":0,"nInitialNotServicedFixedRequests":[2,2,2,2,2,2,2,2,2,2],"averageNotServicedExpectedRequests":[3.7,3.0,3.3,3.4,2.9,3.3,4.1,2.7,3.8,3.3],"runId":["Run 1","Run 2","Run 3","Run 4","Run 5","Run 6","Run 7","Run 8","Run 9","Run 10"]}