{"slackAfterALNS":0,"nInitialNotServicedExpectedRequests":[2,2,2,3,3,3,3,4,4,5],"averageObj":[2201.2994122756454,2201.0499497176397,2200.6291312569474,2200.1757123710777,2204.9080754771544,2200.3379728926625,2201.4163881398026,2198.0665063695214,2198.773730236686,2203.225645085001],"slackBeforeALNS":0,"nInitialNotServicedFixedRequests":[1,1,1,1,1,1,1,1,1,1],"averageNotServicedExpectedRequests":[2.3,2.0,2.0,2.5,2.0,2.4,2.0,2.0,2.1,1.8],"runId":["Run 1","Run 2","Run 3","Run 4","Run 5","Run 6","Run 7","Run 8","Run 9","Run 10"]}