{"slackAfterALNS":0,"nInitialNotServicedExpectedRequests":[2,4,3,5,1,5,1,3,2,3],"averageObj":[2538.738657063258,2539.5081779591355,2561.3809523809523,2496.727272727273,2551.646208796489,2508.3619047619045,2619.0190476190473,2615.3994813362733,2571.862936253561,2542.4086378737543],"slackBeforeALNS":0,"nInitialNotServicedFixedRequests":[1,1,1,1,1,1,1,1,1,1],"averageNotServicedExpectedRequests":[3.8,3.8,4.1,3.4,4.0,3.5,4.7,4.7,4.2,3.9],"runId":["Run 1","Run 2","Run 3","Run 4","Run 5","Run 6","Run 7","Run 8","Run 9","Run 10"]}