{"slackAfterALNS":0,"nInitialNotServicedExpectedRequests":[4,2,4,3,4,1,4,2,1,3],"averageObj":[588.0335845243101,560.6325083917346,521.4912006495566,711.3819679059551,604.678621297683,611.0863598363911,688.8813241400019,576.3082382491351,579.7336274201137,565.3702938669487],"slackBeforeALNS":0,"nInitialNotServicedFixedRequests":[0,0,0,0,0,0,0,0,0,0],"averageNotServicedExpectedRequests":[4.2,3.9,3.5,5.6,4.4,4.5,5.3,4.1,4.1,3.9],"runId":["Run 1","Run 2","Run 3","Run 4","Run 5","Run 6","Run 7","Run 8","Run 9","Run 10"]}