{"slackAfterALNS":0,"nInitialNotServicedExpectedRequests":[2,2,5,2,4,2,1,1,5,4],"averageObj":[4540.20897836488,4575.734258723734,4580.5287911277355,4633.123603815539,4601.514154146507,4574.2142516892645,4529.383982829795,4577.409427050937,4607.3708282708285,4647.908398591613],"slackBeforeALNS":0,"nInitialNotServicedFixedRequests":[2,2,2,2,2,2,2,2,2,2],"averageNotServicedExpectedRequests":[3.7,4.2,4.3,4.9,4.5,4.2,3.7,4.3,4.6,5.0],"runId":["Run 1","Run 2","Run 3","Run 4","Run 5","Run 6","Run 7","Run 8","Run 9","Run 10"]}