{"slackAfterALNS":0,"nInitialNotServicedExpectedRequests":[3,3,2,2,2,3,2,4,0,2],"averageObj":[2517.5030303030303,2544.9155864998365,2523.782082870809,2463.5390092006273,2573.753716883513,2456.501206046133,2526.6105651105654,2463.535126105778,2598.2172531769306,2527.2419979849647],"slackBeforeALNS":0,"nInitialNotServicedFixedRequests":[1,1,1,1,1,1,1,1,1,1],"averageNotServicedExpectedRequests":[3.6,3.9,3.6,3.0,4.2,2.9,3.7,3.0,4.5,3.7],"runId":["Run 1","Run 2","Run 3","Run 4","Run 5","Run 6","Run 7","Run 8","Run 9","Run 10"]}