{"slackAfterALNS":0,"nInitialNotServicedExpectedRequests":[1,3,3,2,3,1,2,4,3,2],"averageObj":[2612.0791159482824,2662.6110116892823,2593.362540689022,2596.0223778289574,2550.7995058585266,2516.2948190372053,2540.7562474633796,2554.3106789144044,2574.275232616591,2537.0519186407937],"slackBeforeALNS":0,"nInitialNotServicedFixedRequests":[1,1,1,1,1,1,1,1,1,1],"averageNotServicedExpectedRequests":[4.5,5.0,4.2,4.4,3.8,3.5,3.8,3.9,4.2,3.6],"runId":["Run 1","Run 2","Run 3","Run 4","Run 5","Run 6","Run 7","Run 8","Run 9","Run 10"]}