{"slackAfterALNS":0,"nInitialNotServicedExpectedRequests":[2,2,2,3,3,0,4,3,3,2],"averageObj":[4486.0,4513.212410588218,4572.202043245181,4535.421926751605,4471.087737282895,4522.564971300523,4435.750635180915,4509.8866085241525,4408.138676190965,4448.762279438169],"slackBeforeALNS":0,"nInitialNotServicedFixedRequests":[2,2,2,2,2,2,2,2,2,2],"averageNotServicedExpectedRequests":[3.4,3.6,4.3,3.9,3.1,3.7,2.7,3.6,2.5,2.9],"runId":["Run 1","Run 2","Run 3","Run 4","Run 5","Run 6","Run 7","Run 8","Run 9","Run 10"]}