{"slackAfterALNS":0,"nInitialNotServicedExpectedRequests":[3,1,1,1,0,1,2,1,0,2],"averageObj":[2439.1487017934896,2559.2028696823604,2489.5347985347985,2400.0706151780782,2482.7631494058724,2625.3015873015875,2564.821979367819,2548.386308165353,2452.5955546645337,2494.052468489668],"slackBeforeALNS":0,"nInitialNotServicedFixedRequests":[1,1,1,1,1,1,1,1,1,1],"averageNotServicedExpectedRequests":[2.7,4.0,3.3,2.2,3.2,4.8,4.1,3.9,2.8,3.3],"runId":["Run 1","Run 2","Run 3","Run 4","Run 5","Run 6","Run 7","Run 8","Run 9","Run 10"]}