{"slackAfterALNS":0,"nInitialNotServicedExpectedRequests":[3,2,0,1,1,2,0,3,3,2],"averageObj":[586.9451967316412,630.010432195477,593.738888888889,596.4141692874947,563.370295816571,643.1237663566079,530.5176838673646,535.8566272253582,487.0337108885968,520.474048463357],"slackBeforeALNS":0,"nInitialNotServicedFixedRequests":[0,0,0,0,0,0,0,0,0,0],"averageNotServicedExpectedRequests":[4.1,4.6,4.2,4.3,3.9,4.8,3.6,3.6,3.1,3.5],"runId":["Run 1","Run 2","Run 3","Run 4","Run 5","Run 6","Run 7","Run 8","Run 9","Run 10"]}