{"slackAfterALNS":0,"nInitialNotServicedExpectedRequests":[112,156,141,123,147,110,125,122,151,120],"averageObj":[23249.643580001153,21610.06824425815,20285.057239725404,19649.931092538944,20943.1107139826,21942.224377691924,22070.392348079295,22106.621190560247,21325.52198252724,21869.078872558814],"slackBeforeALNS":0,"nInitialNotServicedFixedRequests":[2,0,0,0,0,1,1,1,0,1],"averageNotServicedExpectedRequests":[139.6,167.6,152.2,144.0,159.9,148.4,149.8,150.4,165.2,146.6],"runId":["Run 1","Run 2","Run 3","Run 4","Run 5","Run 6","Run 7","Run 8","Run 9","Run 10"]}