{"slackAfterALNS":0,"nInitialNotServicedExpectedRequests":[147,139,144,130,151,148,142,120,153,126],"averageObj":[23656.120011026134,22747.10842617407,25389.981028236456,24431.043051505687,23273.390120707067,22891.062946176997,25863.664114874777,29735.56692196064,23218.63213074585,21813.010092633165],"slackBeforeALNS":0,"nInitialNotServicedFixedRequests":[1,1,2,2,1,1,3,5,1,1],"averageNotServicedExpectedRequests":[166.6,156.1,164.3,152.8,162.6,157.1,146.0,141.9,161.1,145.1],"runId":["Run 1","Run 2","Run 3","Run 4","Run 5","Run 6","Run 7","Run 8","Run 9","Run 10"]}