{"slackAfterALNS":0,"nInitialNotServicedExpectedRequests":[140,112,134,170,154,130,146,140,106,150],"averageObj":[22543.255455424172,23150.61757124748,21217.219653462304,21775.56481940849,22874.72735623955,24143.897817017016,21346.517684580187,24084.29698014451,22843.430079424008,22836.169761318113],"slackBeforeALNS":0,"nInitialNotServicedFixedRequests":[1,2,1,0,1,2,0,2,2,1],"averageNotServicedExpectedRequests":[155.1,138.1,138.8,169.2,158.1,149.5,164.7,149.1,135.2,158.9],"runId":["Run 1","Run 2","Run 3","Run 4","Run 5","Run 6","Run 7","Run 8","Run 9","Run 10"]}