{"slackAfterALNS":0,"nInitialNotServicedExpectedRequests":[154,132,123,140,135,140,142,134,143,128],"averageObj":[23898.26963272087,24728.36016321188,26246.36570320272,23169.777707719997,26702.578844935284,24255.262632003178,26792.84363582256,26801.921148470494,23222.46524484629,22331.112872753212],"slackBeforeALNS":0,"nInitialNotServicedFixedRequests":[1,2,3,1,3,2,3,3,1,1],"averageNotServicedExpectedRequests":[171.0,156.5,151.2,162.1,156.8,151.6,156.0,158.1,161.8,151.2],"runId":["Run 1","Run 2","Run 3","Run 4","Run 5","Run 6","Run 7","Run 8","Run 9","Run 10"]}