{"slackAfterALNS":0,"nInitialNotServicedExpectedRequests":[121,158,143,157,149,151,154,135,143,133],"averageObj":[19339.404176690336,21212.685617054325,20577.074848386437,21164.099464389285,21085.085039285077,21661.445374305895,21769.542041675973,22616.078519994197,21525.895430375007,20166.965342299813],"slackBeforeALNS":0,"nInitialNotServicedFixedRequests":[0,0,0,0,0,0,0,1,0,0],"averageNotServicedExpectedRequests":[141.5,163.6,156.1,162.2,162.3,168.8,169.9,156.1,166.3,151.8],"runId":["Run 1","Run 2","Run 3","Run 4","Run 5","Run 6","Run 7","Run 8","Run 9","Run 10"]}