{"slackAfterALNS":0,"nInitialNotServicedExpectedRequests":[133,125,130,137,114,136,136,123,131,143],"averageObj":[21578.391328799025,25897.070971783454,21749.539188723,22170.72686519417,23532.813180263303,22069.309630885386,23343.701135171275,22526.120245136455,22407.73713556707,22246.560124085234],"slackBeforeALNS":0,"nInitialNotServicedFixedRequests":[1,3,1,1,2,1,2,2,1,1],"averageNotServicedExpectedRequests":[145.2,148.1,146.3,152.4,142.6,149.9,141.5,132.0,153.8,152.3],"runId":["Run 1","Run 2","Run 3","Run 4","Run 5","Run 6","Run 7","Run 8","Run 9","Run 10"]}