{"slackAfterALNS":0,"nInitialNotServicedExpectedRequests":[144,151,137,153,148,114,138,138,129,133],"averageObj":[22532.597162702634,23207.81779511097,20883.991575328673,21042.683946449426,20115.70497890295,25838.96291584134,24430.128417706874,20772.547550491443,21254.01549272602,22309.338460756877],"slackBeforeALNS":0,"nInitialNotServicedFixedRequests":[1,1,0,0,0,3,2,0,0,1],"averageNotServicedExpectedRequests":[154.6,163.5,159.1,160.9,150.5,147.0,153.8,157.3,161.1,152.3],"runId":["Run 1","Run 2","Run 3","Run 4","Run 5","Run 6","Run 7","Run 8","Run 9","Run 10"]}