{"slackAfterALNS":0,"nInitialNotServicedExpectedRequests":[139,137,139,154,134,123,112,128,140,112],"averageObj":[22562.620824878624,22282.812943657365,24100.17237640371,22673.35006862969,24058.26086800228,23774.77666690589,23384.509005237145,21624.330500118776,24138.070193333882,25650.147423331688],"slackBeforeALNS":0,"nInitialNotServicedFixedRequests":[1,1,2,1,2,2,2,1,2,3],"averageNotServicedExpectedRequests":[155.6,151.5,150.0,157.3,149.2,146.8,141.7,143.7,150.7,143.6],"runId":["Run 1","Run 2","Run 3","Run 4","Run 5","Run 6","Run 7","Run 8","Run 9","Run 10"]}