{"slackAfterALNS":0,"nInitialNotServicedExpectedRequests":[124,139,137,134,147,123,123,115,135,107],"averageObj":[21766.29254548593,26066.34035885807,24547.95376773323,26047.61903531565,23504.04107080037,25995.601316798668,27634.94984473745,25328.224698254773,25587.174435342484,24914.050713883862],"slackBeforeALNS":0,"nInitialNotServicedFixedRequests":[1,3,2,3,1,3,4,3,3,3],"averageNotServicedExpectedRequests":[144.4,148.7,154.4,149.3,164.7,148.1,144.0,140.2,142.9,135.3],"runId":["Run 1","Run 2","Run 3","Run 4","Run 5","Run 6","Run 7","Run 8","Run 9","Run 10"]}