{"slackAfterALNS":0,"nInitialNotServicedExpectedRequests":[146,138,128,114,136,132,127,128,159,132],"averageObj":[24709.502076638117,22126.86831354211,24251.33780636381,24231.625219967653,20481.277535479498,23926.04619142669,23571.49697225329,23792.781587800455,23138.033261737834,23830.94541112637],"slackBeforeALNS":0,"nInitialNotServicedFixedRequests":[2,1,2,2,0,2,2,2,1,2],"averageNotServicedExpectedRequests":[156.5,150.3,151.8,151.2,153.5,146.8,145.0,146.0,162.6,147.7],"runId":["Run 1","Run 2","Run 3","Run 4","Run 5","Run 6","Run 7","Run 8","Run 9","Run 10"]}