{"slackAfterALNS":0,"nInitialNotServicedExpectedRequests":[34,33,34,30,30,34,31,31,30,31],"averageObj":[7036.7608118105145,6956.598037984264,6545.525020821361,6759.39074609976,6321.467556677738,7051.519339477965,6854.910487763233,6610.540270536791,6011.137174123498,6028.875580134489],"slackBeforeALNS":0,"nInitialNotServicedFixedRequests":[0,0,0,0,0,0,0,0,0,0],"averageNotServicedExpectedRequests":[43.0,42.0,37.0,39.0,34.0,43.0,40.0,38.0,32.0,32.0],"ALNSIterations":[2255,2215,2363,2334,2201,2197,2379,2425,2226,2204],"runId":["Run 1","Run 2","Run 3","Run 4","Run 5","Run 6","Run 7","Run 8","Run 9","Run 10"]}