{"slackAfterALNS":0,"nInitialNotServicedExpectedRequests":[24,28,22,28,30,27,22,24,29,29],"averageObj":[5379.958319431172,6339.465968447477,5507.341065522401,6595.14164334618,6813.856079727591,5970.741584080498,5364.4098255475055,6627.106703039046,6662.859450415692,6662.896008938938],"slackBeforeALNS":0,"nInitialNotServicedFixedRequests":[0,0,0,0,0,0,0,0,0,0],"averageNotServicedExpectedRequests":[24.0,34.0,25.0,37.0,39.0,30.0,24.0,37.0,38.0,37.0],"ALNSIterations":[2223,2387,2204,2495,2451,2466,2491,2356,2385,2281],"runId":["Run 1","Run 2","Run 3","Run 4","Run 5","Run 6","Run 7","Run 8","Run 9","Run 10"]}