{"slackAfterALNS":0,"nInitialNotServicedExpectedRequests":[22,19,26,19,22,14,22,24,19,24],"averageObj":[5742.519177751187,6208.423096244218,6739.152287904244,6159.606661720884,6106.41632191064,5694.858036505181,6517.561751905508,5444.08738123135,6250.308413447335,6308.7130285972535],"slackBeforeALNS":0,"nInitialNotServicedFixedRequests":[0,0,0,0,0,0,0,0,0,0],"averageNotServicedExpectedRequests":[28.0,33.0,39.0,33.0,32.0,27.0,37.0,24.0,34.0,34.0],"ALNSIterations":[2480,2647,2543,2288,2289,2651,2491,2563,2539,2421],"runId":["Run 1","Run 2","Run 3","Run 4","Run 5","Run 6","Run 7","Run 8","Run 9","Run 10"]}