{"slackAfterALNS":0,"nInitialNotServicedExpectedRequests":[18,17,14,19,25,20,21,22,19,21],"averageObj":[7950.170793006992,8039.168243144302,7627.335015229777,7397.217713924634,8663.14097042575,8225.911888463741,7113.6563576252975,7511.452430317915,7870.809498949622,8011.9899033613665],"slackBeforeALNS":0,"nInitialNotServicedFixedRequests":[1,1,1,1,1,1,1,1,1,1],"averageNotServicedExpectedRequests":[29.0,32.0,26.0,24.0,38.0,32.0,20.0,26.0,29.0,30.0],"ALNSIterations":[2606,2585,2308,2337,2547,2175,2422,2318,2500,2620],"runId":["Run 1","Run 2","Run 3","Run 4","Run 5","Run 6","Run 7","Run 8","Run 9","Run 10"]}