{"slackAfterALNS":0,"nInitialNotServicedExpectedRequests":[28,29,29,26,20,24,27,28,29,28],"averageObj":[5689.146002599241,6281.256232718742,6572.903799807142,6446.470157101249,5701.2202796332795,6586.024292757647,6435.988681539149,6355.562643365743,6126.850512424032,6638.860611981865],"slackBeforeALNS":0,"nInitialNotServicedFixedRequests":[0,0,0,0,0,0,0,0,0,0],"averageNotServicedExpectedRequests":[27.0,35.0,37.0,35.0,27.0,37.0,35.0,35.0,32.0,38.0],"ALNSIterations":[2574,2574,2468,2432,2674,2496,2444,2449,2485,2469],"runId":["Run 1","Run 2","Run 3","Run 4","Run 5","Run 6","Run 7","Run 8","Run 9","Run 10"]}