{"slackAfterALNS":0,"nInitialNotServicedExpectedRequests":[23,19,25,25,23,14,26,23,24,24],"averageObj":[5959.360992114819,5720.081868529183,5276.449124767228,5706.855981247527,6118.819319299857,5819.4610567823465,5985.955406833724,5988.073363637872,5796.817138379326,6762.781329026113],"slackBeforeALNS":0,"nInitialNotServicedFixedRequests":[0,0,0,0,0,0,0,0,0,0],"averageNotServicedExpectedRequests":[30.0,27.0,22.0,27.0,32.0,27.0,30.0,30.0,27.0,39.0],"ALNSIterations":[2630,2754,2622,2559,2507,2570,2621,2661,2645,2753],"runId":["Run 1","Run 2","Run 3","Run 4","Run 5","Run 6","Run 7","Run 8","Run 9","Run 10"]}