{"slackAfterALNS":0,"nInitialNotServicedExpectedRequests":[37,26,37,35,40,35,41,30,34,25],"averageObj":[6857.77283823445,6472.34274702488,6935.285828240483,7062.136088419067,7213.686576819089,7397.445292455088,7232.980299076828,6418.107664447459,7171.272571695154,6532.151212537925],"slackBeforeALNS":0,"nInitialNotServicedFixedRequests":[0,0,0,0,0,0,0,0,0,0],"averageNotServicedExpectedRequests":[40.0,36.0,40.0,41.0,44.0,46.0,44.0,35.0,44.0,36.0],"ALNSIterations":[2236,2517,2306,2445,2345,2310,2353,2481,2178,2287],"runId":["Run 1","Run 2","Run 3","Run 4","Run 5","Run 6","Run 7","Run 8","Run 9","Run 10"]}