{"slackAfterALNS":0,"nInitialNotServicedExpectedRequests":[39,37,45,37,40,31,32,37,34,29],"averageObj":[7000.657924848352,6576.420957635035,7006.161522486249,7079.111565321751,7695.321398016444,6849.957368810035,6741.107533863598,8594.461763463696,6650.914929311461,9156.31191756611],"slackBeforeALNS":0,"nInitialNotServicedFixedRequests":[0,0,0,0,0,0,0,1,0,1],"averageNotServicedExpectedRequests":[41.0,36.0,41.0,42.0,49.0,39.0,38.0,37.0,37.0,42.0],"ALNSIterations":[2531,2129,2679,2404,2707,2779,2412,2679,2864,2662],"runId":["Run 1","Run 2","Run 3","Run 4","Run 5","Run 6","Run 7","Run 8","Run 9","Run 10"]}