{"slackAfterALNS":0,"nInitialNotServicedExpectedRequests":[28,27,27,28,32,28,31,34,33,32],"averageObj":[6411.928126868333,7166.039910752746,6956.532004112671,6601.069868092929,6638.235769512232,6889.979606297797,6590.826106511116,6577.187630282473,7234.121641003194,6867.412768360649],"slackBeforeALNS":0,"nInitialNotServicedFixedRequests":[0,0,0,0,0,0,0,0,0,0],"averageNotServicedExpectedRequests":[34.0,42.0,40.0,35.0,36.0,39.0,35.0,36.0,43.0,39.0],"ALNSIterations":[2435,2522,2452,2563,2433,2352,2295,2205,2268,2508],"runId":["Run 1","Run 2","Run 3","Run 4","Run 5","Run 6","Run 7","Run 8","Run 9","Run 10"]}