{"slackAfterALNS":0,"nInitialNotServicedExpectedRequests":[38,35,37,38,35,41,40,33,33,38],"averageObj":[7433.2877088253135,6839.930289937753,7013.967215844657,6923.522598312336,7090.475847419953,7264.373003090144,8137.596313406642,6809.9551938511195,6376.513419334639,6411.723630609508],"slackBeforeALNS":0,"nInitialNotServicedFixedRequests":[0,0,0,0,0,0,0,0,0,0],"averageNotServicedExpectedRequests":[46.0,40.0,42.0,40.0,42.0,44.0,55.0,39.0,34.0,34.0],"ALNSIterations":[2376,1993,2482,2467,2140,2330,2346,2300,2342,2286],"runId":["Run 1","Run 2","Run 3","Run 4","Run 5","Run 6","Run 7","Run 8","Run 9","Run 10"]}