{"slackAfterALNS":0,"nInitialNotServicedExpectedRequests":[10,10,10,11,7],"averageObj":[2494.211813481651,2133.9123331890237,2512.549611531482,2538.7781036163683,2240.6200170359084],"slackBeforeALNS":0,"nInitialNotServicedFixedRequests":[0,0,0,0,0],"averageNotServicedExpectedRequests":[16.0,11.0,16.0,16.0,12.0],"ALNSIterations":[18114,17663,14674,14830,15207],"runId":["Run 1","Run 2","Run 3","Run 4","Run 5"]}