{"slackAfterALNS":0,"nInitialNotServicedExpectedRequests":[8,10,9,8,10],"averageObj":[2048.152343252929,2206.6230919640584,2138.7052103722167,2230.599196350344,2310.1899359252307],"slackBeforeALNS":0,"nInitialNotServicedFixedRequests":[0,0,0,0,0],"averageNotServicedExpectedRequests":[11.0,12.0,12.0,13.0,14.0],"ALNSIterations":[20668,20046,16341,16444,16127],"runId":["Run 1","Run 2","Run 3","Run 4","Run 5"]}