{"slackAfterALNS":0,"nInitialNotServicedExpectedRequests":[11,10,12,11,11],"averageObj":[2923.5901746922277,2589.3927929687597,2627.458700681127,2577.5436023095576,2519.1075264587967],"slackBeforeALNS":0,"nInitialNotServicedFixedRequests":[0,0,0,0,0],"averageNotServicedExpectedRequests":[20.0,16.0,17.0,16.0,15.0],"ALNSIterations":[19718,19188,17556,16789,16951],"runId":["Run 1","Run 2","Run 3","Run 4","Run 5"]}