{"slackAfterALNS":0,"nInitialNotServicedExpectedRequests":[11,9,11,12,11],"averageObj":[2657.7188465129643,2308.722737414007,2348.2675625028564,2487.7724094937403,2296.8964473523297],"slackBeforeALNS":0,"nInitialNotServicedFixedRequests":[0,0,0,0,0],"averageNotServicedExpectedRequests":[18.0,14.0,14.0,16.0,14.0],"ALNSIterations":[18270,17580,15187,14990,14786],"runId":["Run 1","Run 2","Run 3","Run 4","Run 5"]}