{"slackAfterALNS":0,"nInitialNotServicedExpectedRequests":[9,10,10,10,9],"averageObj":[2350.1502197008535,2244.437550302132,2132.6850958357945,2142.3296365477595,2506.0789140767233],"slackBeforeALNS":0,"nInitialNotServicedFixedRequests":[0,0,0,0,0],"averageNotServicedExpectedRequests":[14.0,13.0,12.0,12.0,16.0],"ALNSIterations":[21246,21436,26244,25915,26876],"runId":["Run 1","Run 2","Run 3","Run 4","Run 5"]}