{"slackAfterALNS":0,"nInitialNotServicedExpectedRequests":[13,16,16,15,14],"averageObj":[2459.0553885934796,2763.732161632768,2642.6213212075277,2616.7116745256285,2499.6419930421544],"slackBeforeALNS":0,"nInitialNotServicedFixedRequests":[0,0,0,0,0],"averageNotServicedExpectedRequests":[15.0,19.0,18.0,17.0,16.0],"ALNSIterations":[19998,19920,16151,16732,17183],"runId":["Run 1","Run 2","Run 3","Run 4","Run 5"]}