{"slackAfterALNS":0,"nInitialNotServicedExpectedRequests":[9,7,3,5,1],"averageObj":[4493.838901479769,5358.492226921902,4677.070358816106,4973.849774212294,6246.185483359572],"slackBeforeALNS":0,"nInitialNotServicedFixedRequests":[0,0,0,0,1],"averageNotServicedExpectedRequests":[13.0,22.0,14.0,18.0,10.0],"ALNSIterations":[4303,4364,4104,4086,4168],"runId":["Run 1","Run 2","Run 3","Run 4","Run 5"]}