{"slackAfterALNS":0,"nInitialNotServicedExpectedRequests":[33,24,23,31,18,23,18,27,27,19],"averageObj":[7330.994495247042,7363.474071992283,7375.347858946139,7931.140698549634,7612.821091615832,7786.131001319483,7424.5995538375455,7846.663601350236,7252.561391223464,7488.5612221585425],"slackBeforeALNS":0,"nInitialNotServicedFixedRequests":[0,0,0,0,0,0,0,0,0,0],"averageNotServicedExpectedRequests":[44.4,45.7,45.7,51.6,47.7,50.4,45.8,50.8,44.2,46.2],"runId":["Run 1","Run 2","Run 3","Run 4","Run 5","Run 6","Run 7","Run 8","Run 9","Run 10"]}