{"slackAfterALNS":0,"nInitialNotServicedExpectedRequests":[26,21,19,25,24,24,18,26,15,20],"averageObj":[9524.795925116658,8569.237877799625,9253.89179150736,9000.574155219014,8981.954485790784,9210.124255147846,9552.133433830513,9258.895030384985,9304.417933837674,9291.754877218598],"slackBeforeALNS":0,"nInitialNotServicedFixedRequests":[1,1,1,1,1,1,1,1,1,1],"averageNotServicedExpectedRequests":[47.7,37.2,44.6,42.1,42.2,44.5,48.5,44.9,44.8,44.7],"runId":["Run 1","Run 2","Run 3","Run 4","Run 5","Run 6","Run 7","Run 8","Run 9","Run 10"]}