{"slackAfterALNS":0,"nInitialNotServicedExpectedRequests":[36,26,26,23,26,28,19,23,26,23],"averageObj":[7801.05926787293,7793.316690811557,7799.0023433999795,7989.123525675476,8011.127419306482,7485.073695733609,8045.347797446304,7958.2337181027815,7493.736209321636,7943.858158648663],"slackBeforeALNS":0,"nInitialNotServicedFixedRequests":[0,0,0,0,0,0,0,0,0,0],"averageNotServicedExpectedRequests":[49.8,49.9,49.4,51.5,52.5,46.1,52.3,52.1,46.7,51.8],"runId":["Run 1","Run 2","Run 3","Run 4","Run 5","Run 6","Run 7","Run 8","Run 9","Run 10"]}