{"slackAfterALNS":0,"nInitialNotServicedExpectedRequests":[26,23,17,24,23,15,23,14,29,26],"averageObj":[7752.290592175797,7499.339648633916,7775.9641135045895,7531.96021384441,7665.3002937632145,7252.044973186855,7055.803963869688,7376.45815179523,7234.693589631216,7529.208865925022],"slackBeforeALNS":0,"nInitialNotServicedFixedRequests":[0,0,0,0,0,0,0,0,0,0],"averageNotServicedExpectedRequests":[50.3,47.3,50.3,47.8,48.6,44.5,42.1,46.2,44.1,47.7],"runId":["Run 1","Run 2","Run 3","Run 4","Run 5","Run 6","Run 7","Run 8","Run 9","Run 10"]}