{"slackAfterALNS":0,"nInitialNotServicedExpectedRequests":[33,30,26,21,28,22,24,28,22,26],"averageObj":[7523.447402142903,8288.626618226926,7661.708780870232,7698.286946924675,7668.925435484416,7736.450923588852,7716.887085314079,7922.967951148855,7567.351066497124,7717.588244490161],"slackBeforeALNS":0,"nInitialNotServicedFixedRequests":[0,0,0,0,0,0,0,0,0,0],"averageNotServicedExpectedRequests":[46.4,55.4,48.6,48.8,48.2,49.6,49.2,51.7,46.7,49.2],"runId":["Run 1","Run 2","Run 3","Run 4","Run 5","Run 6","Run 7","Run 8","Run 9","Run 10"]}