{"slackAfterALNS":0,"nInitialNotServicedExpectedRequests":[30,29,24,18,25,30,14,19,29,16],"averageObj":[7827.718268800277,7482.894997762363,7438.54290360696,7718.403032815538,7507.940451313398,7502.452676494371,7390.624462058122,7546.38179980289,7288.289373925922,7022.981391375734],"slackBeforeALNS":0,"nInitialNotServicedFixedRequests":[0,0,0,0,0,0,0,0,0,0],"averageNotServicedExpectedRequests":[51.2,47.3,45.7,49.5,47.2,47.3,44.8,47.8,44.9,41.0],"runId":["Run 1","Run 2","Run 3","Run 4","Run 5","Run 6","Run 7","Run 8","Run 9","Run 10"]}