{"slackAfterALNS":0,"nInitialNotServicedExpectedRequests":[32,24,33,24,24,34,25,18,36,28],"averageObj":[7567.681900855069,8169.556087210946,7723.489687221702,7895.340204326123,7903.333240249069,7920.288384789004,7322.851422323969,7537.524075521187,7658.06649754793,7771.833365573916],"slackBeforeALNS":0,"nInitialNotServicedFixedRequests":[0,0,0,0,0,0,0,0,0,0],"averageNotServicedExpectedRequests":[47.6,53.9,48.8,50.9,50.7,51.2,44.2,47.2,48.8,48.9],"runId":["Run 1","Run 2","Run 3","Run 4","Run 5","Run 6","Run 7","Run 8","Run 9","Run 10"]}