{"slackAfterALNS":0,"nInitialNotServicedExpectedRequests":[24,41,28,30,24,29,28,22,24,23],"averageObj":[7328.967452139815,7499.993428604821,7261.748910245873,8064.226497549525,7484.086912755547,7738.456601836982,7201.2228801187475,7704.675774840094,7477.961961172645,7403.654014062648],"slackBeforeALNS":0,"nInitialNotServicedFixedRequests":[0,0,0,0,0,0,0,0,0,0],"averageNotServicedExpectedRequests":[45.8,47.7,44.8,54.0,48.0,50.3,44.3,50.0,47.3,46.2],"runId":["Run 1","Run 2","Run 3","Run 4","Run 5","Run 6","Run 7","Run 8","Run 9","Run 10"]}