{"slackAfterALNS":0,"nInitialNotServicedExpectedRequests":[27,29,19,28,25,25,29,28,32,23],"averageObj":[7576.311944452318,7142.967978680655,7962.767450835359,7755.1816312756755,7578.96638294174,7305.409007378713,7802.840481807837,7720.459241552053,7809.491061166766,7653.015167974087],"slackBeforeALNS":0,"nInitialNotServicedFixedRequests":[0,0,0,0,0,0,0,0,0,0],"averageNotServicedExpectedRequests":[48.0,42.6,52.1,49.8,47.5,45.1,50.0,49.2,50.0,48.4],"runId":["Run 1","Run 2","Run 3","Run 4","Run 5","Run 6","Run 7","Run 8","Run 9","Run 10"]}