{"slackAfterALNS":0,"nInitialNotServicedExpectedRequests":[31,31,26,30,27,29,32,27,26,28],"averageObj":[7718.951350250024,7503.384807713916,7847.223988443683,7437.456897443057,7112.623785018091,7899.780273919631,7908.156484079154,7465.877842620468,7586.613586878229,7619.179134773729],"slackBeforeALNS":0,"nInitialNotServicedFixedRequests":[0,0,0,0,0,0,0,0,0,0],"averageNotServicedExpectedRequests":[49.7,46.2,50.1,46.1,42.5,51.5,51.6,46.0,48.0,48.3],"runId":["Run 1","Run 2","Run 3","Run 4","Run 5","Run 6","Run 7","Run 8","Run 9","Run 10"]}