{"slackAfterALNS":0,"nInitialNotServicedExpectedRequests":[26,24,21,25,28,32,26,18,28,23],"averageObj":[7627.10586096578,7654.066932249523,7427.735533116829,7255.606329198056,7208.135484638611,6892.017580472389,7245.398144084514,7198.931486643878,7137.945203717405,7510.026251765104],"slackBeforeALNS":0,"nInitialNotServicedFixedRequests":[0,0,0,0,0,0,0,0,0,0],"averageNotServicedExpectedRequests":[48.5,48.5,46.1,44.4,43.3,40.0,43.6,43.6,43.1,47.3],"runId":["Run 1","Run 2","Run 3","Run 4","Run 5","Run 6","Run 7","Run 8","Run 9","Run 10"]}