{"slackAfterALNS":0,"nInitialNotServicedExpectedRequests":[29,26,21,25,29,29,24,20,27,22],"averageObj":[7582.194448788257,7291.942724373791,7432.510191909487,7463.742217972636,6854.157769642974,7049.555271506707,7229.716910901244,7466.177332395557,7665.478907092952,8091.362476279156],"slackBeforeALNS":0,"nInitialNotServicedFixedRequests":[0,0,0,0,0,0,0,0,0,0],"averageNotServicedExpectedRequests":[48.6,45.0,46.7,47.0,39.7,42.7,44.5,47.2,48.9,54.4],"runId":["Run 1","Run 2","Run 3","Run 4","Run 5","Run 6","Run 7","Run 8","Run 9","Run 10"]}