{"slackAfterALNS":0,"nInitialNotServicedExpectedRequests":[22,24,20,20,28,30,24,18,28,32],"averageObj":[7668.322378227078,7542.919227668131,7400.987347068297,7487.9349214472095,8179.989455031706,7362.0061573963685,7682.39541204637,7658.557323642848,7705.330969781053,7650.974563384885],"slackBeforeALNS":0,"nInitialNotServicedFixedRequests":[0,0,0,0,0,0,0,0,0,0],"averageNotServicedExpectedRequests":[48.2,47.0,46.2,46.9,54.4,46.1,48.8,48.8,49.1,48.5],"runId":["Run 1","Run 2","Run 3","Run 4","Run 5","Run 6","Run 7","Run 8","Run 9","Run 10"]}