{"slackAfterALNS":0,"nInitialNotServicedExpectedRequests":[33,28,24,26,25,21,27,26,24,23],"averageObj":[7355.661944257261,7688.231547942353,7844.087946103733,7970.879672529149,8120.954193631822,7616.505494117582,8017.414768741878,7555.156077266884,7939.648628013895,7616.643814860503],"slackBeforeALNS":0,"nInitialNotServicedFixedRequests":[0,0,0,0,0,0,0,0,0,0],"averageNotServicedExpectedRequests":[45.0,49.1,50.2,51.7,53.1,47.9,52.1,47.5,51.5,47.9],"runId":["Run 1","Run 2","Run 3","Run 4","Run 5","Run 6","Run 7","Run 8","Run 9","Run 10"]}