{"slackAfterALNS":0,"nInitialNotServicedExpectedRequests":[27,20,28,25,21,17,21,24,24,18],"averageObj":[9745.274194655423,9678.618926245963,9301.729985078822,9210.521401490681,9216.602223508848,9680.96160403176,9148.52217426377,9633.789343449896,9249.8948719102,9114.744040315656],"slackBeforeALNS":0,"nInitialNotServicedFixedRequests":[1,1,1,1,1,1,1,1,1,1],"averageNotServicedExpectedRequests":[50.0,49.8,45.3,44.0,43.8,49.6,43.6,49.2,45.0,43.2],"runId":["Run 1","Run 2","Run 3","Run 4","Run 5","Run 6","Run 7","Run 8","Run 9","Run 10"]}