{"slackAfterALNS":0,"nInitialNotServicedExpectedRequests":[31,25,26,31,32,35,27,34,16,19],"averageObj":[7721.279980759529,7916.137647944849,7886.397684164561,7704.345195230926,7557.1184058805275,7968.228411416862,8089.1022437466845,8152.327327910361,7686.493053406433,7301.185596149864],"slackBeforeALNS":0,"nInitialNotServicedFixedRequests":[0,0,0,0,0,0,0,0,0,0],"averageNotServicedExpectedRequests":[48.9,51.3,51.1,48.8,46.8,51.9,53.4,53.7,48.6,44.6],"runId":["Run 1","Run 2","Run 3","Run 4","Run 5","Run 6","Run 7","Run 8","Run 9","Run 10"]}