{"slackAfterALNS":0,"nInitialNotServicedExpectedRequests":[35,20,31,29,27,22,20,36,30,20],"averageObj":[7272.960347084651,7194.915738359338,7419.703668276333,7744.884304848922,7823.371542471781,7286.000297575703,7492.243141907323,7695.104903838053,7701.731650697399,7624.059643637847],"slackBeforeALNS":0,"nInitialNotServicedFixedRequests":[0,0,0,0,0,0,0,0,0,0],"averageNotServicedExpectedRequests":[44.1,43.0,46.4,49.3,50.3,44.3,47.2,49.4,49.1,48.1],"runId":["Run 1","Run 2","Run 3","Run 4","Run 5","Run 6","Run 7","Run 8","Run 9","Run 10"]}