{"slackAfterALNS":0,"nInitialNotServicedExpectedRequests":[25,15,24,24,27,21,20,20,23,21],"averageObj":[7319.854420592771,6884.773590831651,7607.672576488205,7177.173037260647,7448.608415060972,7237.194486555275,7355.739569048064,7537.545960570447,7560.112782571474,7687.411822659556],"slackBeforeALNS":0,"nInitialNotServicedFixedRequests":[0,0,0,0,0,0,0,0,0,0],"averageNotServicedExpectedRequests":[45.6,40.5,48.2,43.3,46.6,43.8,45.7,47.9,48.1,49.0],"runId":["Run 1","Run 2","Run 3","Run 4","Run 5","Run 6","Run 7","Run 8","Run 9","Run 10"]}