{"slackAfterALNS":0,"nInitialNotServicedExpectedRequests":[27,19,24,24,29,28,16,33,30,28],"averageObj":[7122.236683140536,7171.7781988391625,7857.263240661929,7369.517018138991,7064.47854772318,7593.091808222178,7490.988985614351,7420.31010311884,7792.081874972,8099.958804524297],"slackBeforeALNS":0,"nInitialNotServicedFixedRequests":[0,0,0,0,0,0,0,0,0,0],"averageNotServicedExpectedRequests":[42.7,43.0,51.4,44.9,42.4,47.7,46.5,46.3,50.2,53.4],"runId":["Run 1","Run 2","Run 3","Run 4","Run 5","Run 6","Run 7","Run 8","Run 9","Run 10"]}