{"slackAfterALNS":0,"nInitialNotServicedExpectedRequests":[31,22,23,23,26,27,27,27,33,28],"averageObj":[7379.254530005642,7104.475707771542,7476.075258322651,7752.874543500817,7455.085036471367,7199.634675510468,7703.343636781344,7860.756605528329,7496.390512691721,7774.3273140732],"slackBeforeALNS":0,"nInitialNotServicedFixedRequests":[0,0,0,0,0,0,0,0,0,0],"averageNotServicedExpectedRequests":[45.4,41.7,46.8,49.3,45.9,43.4,48.8,50.4,47.1,49.3],"runId":["Run 1","Run 2","Run 3","Run 4","Run 5","Run 6","Run 7","Run 8","Run 9","Run 10"]}