{"slackAfterALNS":0,"nInitialNotServicedExpectedRequests":[14,5,6,7,7],"averageObj":[11956.718720913103,7498.158661298892,7261.976597901856,7839.639806097564,7815.682109960153],"slackBeforeALNS":0,"nInitialNotServicedFixedRequests":[3,1,1,1,1],"averageNotServicedExpectedRequests":[28.0,23.0,20.0,26.0,26.0],"ALNSIterations":[1753,2163,2436,2441,1805],"runId":["Run 1","Run 2","Run 3","Run 4","Run 5"]}