{"slackAfterALNS":0,"nInitialNotServicedExpectedRequests":[6,6,7,5,7],"averageObj":[4799.677724222034,8780.51678300492,4469.642695302543,6626.642441800761,4837.606822838803],"slackBeforeALNS":0,"nInitialNotServicedFixedRequests":[0,2,0,1,0],"averageNotServicedExpectedRequests":[17.0,17.0,11.0,14.0,17.0],"ALNSIterations":[2175,2153,1689,2130,2179],"runId":["Run 1","Run 2","Run 3","Run 4","Run 5"]}