{"slackAfterALNS":0,"nInitialNotServicedExpectedRequests":[11,9,10,10,9],"averageObj":[8792.138558445644,6843.697915636394,7045.6592955570795,12972.72579752376,5067.047132186817],"slackBeforeALNS":0,"nInitialNotServicedFixedRequests":[2,1,1,4,0],"averageNotServicedExpectedRequests":[17.0,18.0,19.0,20.0,19.0],"ALNSIterations":[2124,2376,2781,1594,1565],"runId":["Run 1","Run 2","Run 3","Run 4","Run 5"]}