{"slackAfterALNS":0,"nInitialNotServicedExpectedRequests":[9,9,13,9,6],"averageObj":[11330.837728874549,9414.627797898824,7175.604913604764,6991.977841793179,9630.093776966516],"slackBeforeALNS":0,"nInitialNotServicedFixedRequests":[3,2,1,1,2],"averageNotServicedExpectedRequests":[23.0,23.0,20.0,18.0,25.0],"ALNSIterations":[4520,4129,4364,4426,4601],"runId":["Run 1","Run 2","Run 3","Run 4","Run 5"]}