{"slackAfterALNS":0,"nInitialNotServicedExpectedRequests":[10,9,7,3,5],"averageObj":[9117.139256561944,4868.129536996183,5114.080624004609,6385.014468966387,4949.262629665214],"slackBeforeALNS":0,"nInitialNotServicedFixedRequests":[2,0,0,1,0],"averageNotServicedExpectedRequests":[20.0,17.0,20.0,10.0,18.0],"ALNSIterations":[4635,3848,4284,4142,4256],"runId":["Run 1","Run 2","Run 3","Run 4","Run 5"]}