{"slackAfterALNS":0,"nInitialNotServicedExpectedRequests":[10,7,7,7,5],"averageObj":[4938.441146170181,4719.923106596436,5348.790458291356,4837.661405556444,7504.054294318548],"slackBeforeALNS":0,"nInitialNotServicedFixedRequests":[0,0,0,0,1],"averageNotServicedExpectedRequests":[17.0,15.0,22.0,17.0,24.0],"ALNSIterations":[4108,4031,3951,3894,3919],"runId":["Run 1","Run 2","Run 3","Run 4","Run 5"]}