{"slackAfterALNS":0,"nInitialNotServicedExpectedRequests":[5,7,9,10,7],"averageObj":[7402.082911331134,7725.82207778639,9144.414251759734,7873.654433702735,6453.085188173782],"slackBeforeALNS":0,"nInitialNotServicedFixedRequests":[1,1,2,1,1],"averageNotServicedExpectedRequests":[24.0,26.0,20.0,28.0,12.0],"ALNSIterations":[4476,5877,4558,4421,4319],"runId":["Run 1","Run 2","Run 3","Run 4","Run 5"]}