{"slackAfterALNS":0,"nInitialNotServicedExpectedRequests":[4,6,4,5,2],"averageObj":[4984.21002063732,5094.913393015734,4180.375222251614,4825.287022105936,4910.065405617098],"slackBeforeALNS":0,"nInitialNotServicedFixedRequests":[0,0,0,0,0],"averageNotServicedExpectedRequests":[19.0,21.0,11.0,18.0,19.0],"ALNSIterations":[4382,3751,4392,4428,4509],"runId":["Run 1","Run 2","Run 3","Run 4","Run 5"]}