{"slackAfterALNS":0,"nInitialNotServicedExpectedRequests":[6,5,4,5,6],"averageObj":[8792.315869735668,4289.794219244236,4653.521444876177,4549.355211490276,8860.28502936065],"slackBeforeALNS":0,"nInitialNotServicedFixedRequests":[2,0,0,0,2],"averageNotServicedExpectedRequests":[16.0,10.0,14.0,12.0,18.0],"ALNSIterations":[4175,3116,3978,3778,4010],"runId":["Run 1","Run 2","Run 3","Run 4","Run 5"]}