{"slackAfterALNS":0,"nInitialNotServicedExpectedRequests":[11,7,6,4,8],"averageObj":[7462.914996907681,11715.521128784736,5879.150368229814,9683.908492050336,12006.079424823049],"slackBeforeALNS":0,"nInitialNotServicedFixedRequests":[1,3,0,2,3],"averageNotServicedExpectedRequests":[23.0,24.0,26.0,25.0,29.0],"ALNSIterations":[3913,4188,3873,3942,3708],"runId":["Run 1","Run 2","Run 3","Run 4","Run 5"]}