{"slackAfterALNS":0,"nInitialNotServicedExpectedRequests":[7,6,8,3,7],"averageObj":[7487.406099991555,5350.822579361964,5404.358395818067,7697.563748383615,5611.221988749336],"slackBeforeALNS":0,"nInitialNotServicedFixedRequests":[1,0,0,1,0],"averageNotServicedExpectedRequests":[24.2,21.9,22.1,26.0,25.5],"ALNSIterations":[4953,3682,5782,5571,5619],"runId":["Run 1","Run 2","Run 3","Run 4","Run 5"]}