{"slackAfterALNS":0,"nInitialNotServicedExpectedRequests":[4,2,7,4,3],"averageObj":[7152.71281598494,9036.33745676158,7737.16999582647,9501.281982263841,5357.663473466231],"slackBeforeALNS":0,"nInitialNotServicedFixedRequests":[1,2,1,2,0],"averageNotServicedExpectedRequests":[20.1,19.0,26.0,23.3,22.0],"ALNSIterations":[5104,3489,4302,3526,4478],"runId":["Run 1","Run 2","Run 3","Run 4","Run 5"]}