{"slackAfterALNS":0,"nInitialNotServicedExpectedRequests":[9,12,14,6,7],"averageObj":[7935.398739619665,8251.230125032958,11208.2250054105,7613.852037743303,7390.831165912501],"slackBeforeALNS":0,"nInitialNotServicedFixedRequests":[1,1,3,1,1],"averageNotServicedExpectedRequests":[28.3,31.3,19.8,24.7,23.5],"ALNSIterations":[4069,4060,4839,3473,3901],"runId":["Run 1","Run 2","Run 3","Run 4","Run 5"]}