{"slackAfterALNS":0,"nInitialNotServicedExpectedRequests":[9,3,10,7,0],"averageObj":[8148.301566929253,5389.997167939604,9210.052664523504,5700.3666197681305,5381.202859563024],"slackBeforeALNS":0,"nInitialNotServicedFixedRequests":[1,0,2,0,0],"averageNotServicedExpectedRequests":[29.7,22.4,19.7,24.9,21.1],"ALNSIterations":[3521,3638,4341,4780,4848],"runId":["Run 1","Run 2","Run 3","Run 4","Run 5"]}