{"slackAfterALNS":0,"nInitialNotServicedExpectedRequests":[2,3,4,2,3],"averageObj":[1397.393808577324,1585.1849293988241,1573.9622669276753,1497.769767400452,1687.3342031519696],"slackBeforeALNS":0,"nInitialNotServicedFixedRequests":[0,0,0,0,0],"averageNotServicedExpectedRequests":[4.0,6.0,6.0,5.0,7.0],"ALNSIterations":[33581,33758,33072,34024,33867],"runId":["Run 1","Run 2","Run 3","Run 4","Run 5"]}