{"slackAfterALNS":0,"nInitialNotServicedExpectedRequests":[1,1,2,2,2],"averageObj":[1185.6243063263043,1725.1851851851857,1299.5672713529857,1362.830188679245,1282.9603236117794],"slackBeforeALNS":0,"nInitialNotServicedFixedRequests":[0,0,0,0,0],"averageNotServicedExpectedRequests":[2.0,8.0,3.0,4.0,3.0],"ALNSIterations":[32738,31685,32773,31920,31839],"runId":["Run 1","Run 2","Run 3","Run 4","Run 5"]}