{"slackAfterALNS":0,"nInitialNotServicedExpectedRequests":[1,2,1,1,2],"averageObj":[1288.9491211840875,1398.9987053508432,1299.6525718153734,1405.0841564603415,1384.7493127231544],"slackBeforeALNS":0,"nInitialNotServicedFixedRequests":[0,0,0,0,0],"averageNotServicedExpectedRequests":[3.0,4.0,3.0,4.0,4.0],"ALNSIterations":[32770,30751,32591,31745,32711],"runId":["Run 1","Run 2","Run 3","Run 4","Run 5"]}