{"slackAfterALNS":0,"nInitialNotServicedExpectedRequests":[0,0,0,0,0],"averageObj":[1090.0,1012.9788450543167,1102.779033030778,1019.7639827800758,1109.814509389981],"slackBeforeALNS":0,"nInitialNotServicedFixedRequests":[0,0,0,0,0],"averageNotServicedExpectedRequests":[1.0,0.0,1.0,0.0,1.0],"ALNSIterations":[33890,33749,33026,34723,33528],"runId":["Run 1","Run 2","Run 3","Run 4","Run 5"]}