{"slackAfterALNS":0,"nInitialNotServicedExpectedRequests":[0,0,0,0,0],"averageObj":[1389.463824289405,1213.8817524624644,1644.3212669683267,1293.065359477124,1919.6767219708395],"slackBeforeALNS":0,"nInitialNotServicedFixedRequests":[0,0,0,0,0],"averageNotServicedExpectedRequests":[4.0,2.0,7.0,3.0,10.0],"ALNSIterations":[29032,29297,27853,28369,28874],"runId":["Run 1","Run 2","Run 3","Run 4","Run 5"]}