{"slackAfterALNS":0,"nInitialNotServicedExpectedRequests":[2,3,3,3,2],"averageObj":[1604.7202322628982,1645.5794777828683,1657.5352513398848,1850.9242289081708,1588.8536811041347],"slackBeforeALNS":0,"nInitialNotServicedFixedRequests":[0,0,0,0,0],"averageNotServicedExpectedRequests":[6.0,7.0,7.0,9.0,6.0],"ALNSIterations":[31733,31974,33170,33852,32663],"runId":["Run 1","Run 2","Run 3","Run 4","Run 5"]}