{"slackAfterALNS":0,"nInitialNotServicedExpectedRequests":[13,12,20,16,13],"averageObj":[28340.252873526486,16745.46209469869,24135.526531420684,17266.019926250276,19830.31898289623],"slackBeforeALNS":0,"nInitialNotServicedFixedRequests":[10,4,8,4,6],"averageNotServicedExpectedRequests":[31.0,36.0,29.0,40.0,28.0],"ALNSIterations":[639,730,700,710,763],"runId":["Run 1","Run 2","Run 3","Run 4","Run 5"]}