{"slackAfterALNS":0,"nInitialNotServicedExpectedRequests":[8,8,10,9,11],"averageObj":[14737.454928699062,14694.223798375348,12428.762055342886,20923.682700292975,13800.157499854573],"slackBeforeALNS":0,"nInitialNotServicedFixedRequests":[3,3,2,6,3],"averageNotServicedExpectedRequests":[34.0,35.0,32.0,40.0,25.0],"ALNSIterations":[693,668,730,681,678],"runId":["Run 1","Run 2","Run 3","Run 4","Run 5"]}