{"slackAfterALNS":0,"nInitialNotServicedExpectedRequests":[9,8,5,6,11],"averageObj":[17793.888401056847,7510.463323486694,13516.353505431904,12168.835502266715,18722.422082591776],"slackBeforeALNS":0,"nInitialNotServicedFixedRequests":[5,0,3,2,5],"averageNotServicedExpectedRequests":[27.0,21.0,24.0,29.0,36.0],"ALNSIterations":[651,692,691,691,664],"runId":["Run 1","Run 2","Run 3","Run 4","Run 5"]}