{"slackAfterALNS":0,"nInitialNotServicedExpectedRequests":[5,6,6,6,2],"averageObj":[11753.2814885597,15156.652258257182,15673.196584271811,15964.926038746955,11800.13108899984],"slackBeforeALNS":0,"nInitialNotServicedFixedRequests":[2,4,4,4,2],"averageNotServicedExpectedRequests":[23.0,17.0,23.0,26.0,26.0],"ALNSIterations":[727,626,668,699,661],"runId":["Run 1","Run 2","Run 3","Run 4","Run 5"]}