{"slackAfterALNS":0,"nInitialNotServicedExpectedRequests":[16,10,4,14,11],"averageObj":[19140.335910521557,16912.635227339277,14827.50744956739,17150.144928629983,18884.71613056391],"slackBeforeALNS":0,"nInitialNotServicedFixedRequests":[5,4,3,4,5],"averageNotServicedExpectedRequests":[39.4,37.4,36.3,39.9,37.3],"ALNSIterations":[1798,1851,1869,1838,1862],"runId":["Run 1","Run 2","Run 3","Run 4","Run 5"]}