{"slackAfterALNS":0,"nInitialNotServicedExpectedRequests":[4,7,10,8,14],"averageObj":[7873.685714404145,10579.514290692223,10206.546321351261,14258.53072272072,12677.889558957058],"slackBeforeALNS":0,"nInitialNotServicedFixedRequests":[0,1,1,3,2],"averageNotServicedExpectedRequests":[26.0,33.6,28.5,28.5,33.8],"ALNSIterations":[1815,1718,1701,1674,1738],"runId":["Run 1","Run 2","Run 3","Run 4","Run 5"]}