{"slackAfterALNS":0,"nInitialNotServicedExpectedRequests":[6,7,6,10,8],"averageObj":[13170.097966499705,10410.692206685773,11170.264900667378,15231.372641126576,14659.869328070363],"slackBeforeALNS":0,"nInitialNotServicedFixedRequests":[2,1,1,3,3],"averageNotServicedExpectedRequests":[39.1,29.7,39.9,40.7,34.3],"ALNSIterations":[1852,1793,1754,1752,1757],"runId":["Run 1","Run 2","Run 3","Run 4","Run 5"]}