{"slackAfterALNS":0,"nInitialNotServicedExpectedRequests":[7,4,7,4,2,5,5,3,6,7],"averageObj":[3972.2171632366867,3875.971404123878,3693.309573309177,3710.3824930895635,3565.7971713341635,4105.361385759441,4068.8858704153417,3532.496046972307,3871.455067527182,3952.8523348467197],"slackBeforeALNS":0,"nInitialNotServicedFixedRequests":[0,0,0,0,0,0,0,0,0,0],"averageNotServicedExpectedRequests":[16.0,14.8,13.0,13.1,11.3,17.4,16.9,11.2,14.6,15.7],"runId":["Run 1","Run 2","Run 3","Run 4","Run 5","Run 6","Run 7","Run 8","Run 9","Run 10"]}