{"slackAfterALNS":0,"nInitialNotServicedExpectedRequests":[6,4,6,5,6,3,11,9,12,6],"averageObj":[3860.048545721633,4137.364254461827,3817.585914574351,3993.8219456868856,3805.9548697405453,4003.7884120105286,4020.545238658153,4274.551447918373,3905.05457617792,3934.906278088417],"slackBeforeALNS":0,"nInitialNotServicedFixedRequests":[0,0,0,0,0,0,0,0,0,0],"averageNotServicedExpectedRequests":[14.6,17.8,14.0,16.2,13.8,16.3,16.5,19.4,14.9,15.8],"runId":["Run 1","Run 2","Run 3","Run 4","Run 5","Run 6","Run 7","Run 8","Run 9","Run 10"]}