{"slackAfterALNS":0,"nInitialNotServicedExpectedRequests":[5,5,6,5,6,0,8,3,5,3],"averageObj":[3605.149641952007,3541.4654694629016,3467.024927160609,3802.116439161512,3645.64221717384,3383.766798338911,3486.5949426661145,3535.6309436511488,3415.2521325547946,3368.277977710494],"slackBeforeALNS":0,"nInitialNotServicedFixedRequests":[0,0,0,0,0,0,0,0,0,0],"averageNotServicedExpectedRequests":[12.6,11.7,11.1,14.6,13.1,10.1,11.2,11.8,10.4,9.7],"runId":["Run 1","Run 2","Run 3","Run 4","Run 5","Run 6","Run 7","Run 8","Run 9","Run 10"]}