{"slackAfterALNS":0,"nInitialNotServicedExpectedRequests":[5,6,7,8,6,10,4,2,10,13],"averageObj":[4227.020816254508,4069.9859250584573,4096.481832215674,3993.210985009647,4337.531973981528,4007.71156394008,3998.1088571789005,4089.294146400647,4022.4244629347277,4025.391009569019],"slackBeforeALNS":0,"nInitialNotServicedFixedRequests":[0,0,0,0,0,0,0,0,0,0],"averageNotServicedExpectedRequests":[19.1,17.2,17.3,16.3,20.0,16.4,16.3,17.0,16.5,16.9],"runId":["Run 1","Run 2","Run 3","Run 4","Run 5","Run 6","Run 7","Run 8","Run 9","Run 10"]}