{"slackAfterALNS":0,"nInitialNotServicedExpectedRequests":[7,2,5,5,4,3,7,6,4,5],"averageObj":[3752.1898624306277,3537.1813882185124,3579.7812419092324,3511.600771886163,3822.233908279815,3465.965014919414,3490.2441638278156,3633.711654696057,3726.735023698612,3657.915590058491],"slackBeforeALNS":0,"nInitialNotServicedFixedRequests":[0,0,0,0,0,0,0,0,0,0],"averageNotServicedExpectedRequests":[14.1,11.2,12.1,10.9,14.3,10.8,11.0,12.4,13.3,12.8],"runId":["Run 1","Run 2","Run 3","Run 4","Run 5","Run 6","Run 7","Run 8","Run 9","Run 10"]}