{"slackAfterALNS":0,"nInitialNotServicedExpectedRequests":[35,39,34,35,41,38,34,39,39,36],"averageObj":[6866.285670459007,6895.548905038229,6903.980696193903,6708.483817410417,7788.793650512709,7495.085568507717,6657.681943678037,7910.692189240426,6736.586488847546,6484.943625050867],"slackBeforeALNS":0,"nInitialNotServicedFixedRequests":[0,0,0,0,0,0,0,0,0,0],"averageNotServicedExpectedRequests":[41.0,40.0,40.0,38.0,50.0,47.0,36.0,52.0,39.0,36.0],"ALNSIterations":[1685,2558,2503,2533,2519,2549,2065,2179,1447,2534],"runId":["Run 1","Run 2","Run 3","Run 4","Run 5","Run 6","Run 7","Run 8","Run 9","Run 10"]}