{"slackAfterALNS":0,"nInitialNotServicedExpectedRequests":[23,19,22,27,25,22,28,24,24,24],"averageObj":[6096.19127043806,6218.196464950394,5777.4089432267365,6613.017843747979,6177.37862267634,5406.6333363713175,6034.533964446781,6075.379849289878,5741.0466889553645,5791.664103824013],"slackBeforeALNS":0,"nInitialNotServicedFixedRequests":[0,0,0,0,0,0,0,0,0,0],"averageNotServicedExpectedRequests":[31.0,33.0,28.0,38.0,32.0,24.0,31.0,31.0,27.0,29.0],"ALNSIterations":[2556,2188,1503,2532,2191,2417,2154,2516,2555,2530],"runId":["Run 1","Run 2","Run 3","Run 4","Run 5","Run 6","Run 7","Run 8","Run 9","Run 10"]}