{"slackAfterALNS":0,"nInitialNotServicedExpectedRequests":[35,32,33,32,36,34,31,34,35,33],"averageObj":[7514.343156352348,7336.992429406853,6691.258236032219,6951.952716906917,7444.328241301149,6923.981352799414,7108.48642453765,6382.39058829396,6843.783824179593,6391.159975761852],"slackBeforeALNS":0,"nInitialNotServicedFixedRequests":[0,0,0,0,0,0,0,0,0,0],"averageNotServicedExpectedRequests":[47.0,46.0,37.0,40.0,47.0,41.0,42.0,34.0,39.0,34.0],"ALNSIterations":[2625,2257,2637,2639,2642,2566,2634,2401,2698,2663],"runId":["Run 1","Run 2","Run 3","Run 4","Run 5","Run 6","Run 7","Run 8","Run 9","Run 10"]}