{"slackAfterALNS":0,"nInitialNotServicedExpectedRequests":[22,23,23,26,20,26,25,28,22,26],"averageObj":[5850.983649261939,6159.703320822832,6280.624845052406,5646.136464098686,5640.240427244354,6499.382472383376,5592.442380159586,6366.618937895953,5937.948281921172,6727.9087509686215],"slackBeforeALNS":0,"nInitialNotServicedFixedRequests":[0,0,0,0,0,0,0,0,0,0],"averageNotServicedExpectedRequests":[30.0,32.0,33.0,27.0,26.0,37.0,26.0,33.0,30.0,38.0],"ALNSIterations":[2695,2610,2751,1626,2760,2107,2543,1903,1606,2356],"runId":["Run 1","Run 2","Run 3","Run 4","Run 5","Run 6","Run 7","Run 8","Run 9","Run 10"]}