{"slackAfterALNS":0,"nInitialNotServicedExpectedRequests":[18,21,20,20,23,19,16,17,17,20],"averageObj":[7143.734593442352,8465.873739586996,7203.040352505848,7472.343424410175,7761.497808565696,7871.313774217533,7048.077552873632,7559.721858123145,6829.806218385369,7850.739169585902],"slackBeforeALNS":0,"nInitialNotServicedFixedRequests":[1,1,1,1,1,1,1,1,1,1],"averageNotServicedExpectedRequests":[21.0,36.0,22.0,24.0,28.0,29.0,20.0,26.0,17.0,28.0],"ALNSIterations":[2631,2631,2367,2639,2646,2232,2554,2487,2663,1952],"runId":["Run 1","Run 2","Run 3","Run 4","Run 5","Run 6","Run 7","Run 8","Run 9","Run 10"]}