{"slackAfterALNS":0,"nInitialNotServicedExpectedRequests":[24,26,29,28,26,27,25,21,28,30],"averageObj":[6619.2901118139325,5452.648182219089,6458.610974861481,6143.225760985536,6992.771698263203,6058.607796250321,5750.4264119964055,6317.330042730982,6939.537607785458,6296.831772147891],"slackBeforeALNS":0,"nInitialNotServicedFixedRequests":[0,0,0,0,0,0,0,0,0,0],"averageNotServicedExpectedRequests":[38.0,25.0,35.0,32.0,42.0,31.0,28.0,33.0,41.0,33.0],"ALNSIterations":[2597,2604,2616,2231,2636,2553,2549,2526,2621,2277],"runId":["Run 1","Run 2","Run 3","Run 4","Run 5","Run 6","Run 7","Run 8","Run 9","Run 10"]}