{"slackAfterALNS":0,"nInitialNotServicedExpectedRequests":[29,39,45,35,29,37,42,34,33,36],"averageObj":[6587.87078361245,7479.995454509446,7866.129048709559,6652.7001370550115,6776.387551593236,7032.247067639559,7713.277899221852,6990.945537643936,6748.841196718875,6923.964357079212],"slackBeforeALNS":0,"nInitialNotServicedFixedRequests":[0,0,0,0,0,0,0,0,0,0],"averageNotServicedExpectedRequests":[37.0,46.0,51.0,37.0,38.0,41.0,49.0,39.0,39.0,40.0],"ALNSIterations":[2833,2221,2413,2083,2810,2498,2833,2858,2854,2494],"runId":["Run 1","Run 2","Run 3","Run 4","Run 5","Run 6","Run 7","Run 8","Run 9","Run 10"]}