{"slackAfterALNS":0,"nInitialNotServicedExpectedRequests":[34,30,38,27,36,29,27,29,31,36],"averageObj":[7622.020129555358,6009.9138046567605,7871.429327312229,6207.303479810334,6537.5788764808685,6628.272889848546,6185.021530346611,6167.610640412413,6290.321945888981,6969.087026125717],"slackBeforeALNS":0,"nInitialNotServicedFixedRequests":[0,0,0,0,0,0,0,0,0,0],"averageNotServicedExpectedRequests":[47.0,30.0,51.0,32.0,34.0,35.0,31.0,32.0,32.0,40.0],"ALNSIterations":[2403,2572,2328,2535,1458,2157,2541,2546,2568,2142],"runId":["Run 1","Run 2","Run 3","Run 4","Run 5","Run 6","Run 7","Run 8","Run 9","Run 10"]}