{"slackAfterALNS":0,"nInitialNotServicedExpectedRequests":[27,23,24,15,21,24,29,21,21,20],"averageObj":[6885.789189465866,5507.416706956973,5883.787412275548,5631.194274753254,6017.014076292863,6245.831313471604,6114.76961672864,5816.342927695391,5784.834632796716,5839.328419200209],"slackBeforeALNS":0,"nInitialNotServicedFixedRequests":[0,0,0,0,0,0,0,0,0,0],"averageNotServicedExpectedRequests":[42.0,25.0,30.0,26.0,31.0,34.0,32.0,28.0,29.0,30.0],"ALNSIterations":[1703,2144,2674,2692,1979,2680,1910,2439,2687,2543],"runId":["Run 1","Run 2","Run 3","Run 4","Run 5","Run 6","Run 7","Run 8","Run 9","Run 10"]}