{"slackAfterALNS":0,"nInitialNotServicedExpectedRequests":[33,26,26,28,34,30,32,30,29,31],"averageObj":[7402.356398863774,6451.387933584987,6798.336574325129,7581.8081336424675,6627.596948406061,6676.82394172844,6764.969731144491,7002.038122660646,6473.385386850828,6977.1365788087405],"slackBeforeALNS":0,"nInitialNotServicedFixedRequests":[0,0,0,0,0,0,0,0,0,0],"averageNotServicedExpectedRequests":[46.0,36.0,41.0,49.0,38.0,39.0,40.0,42.0,36.0,41.0],"ALNSIterations":[2231,2289,2262,2402,2402,2181,2174,2164,2364,2402],"runId":["Run 1","Run 2","Run 3","Run 4","Run 5","Run 6","Run 7","Run 8","Run 9","Run 10"]}