{"slackAfterALNS":0,"nInitialNotServicedExpectedRequests":[3,2,2,11,9],"averageObj":[7338.156933733606,5232.885157390379,5401.7146192597265,7121.71468958483,7225.79738960868],"slackBeforeALNS":0,"nInitialNotServicedFixedRequests":[1,0,0,1,1],"averageNotServicedExpectedRequests":[22.2,19.7,22.7,18.6,19.9],"ALNSIterations":[2671,4142,4442,4759,4141],"runId":["Run 1","Run 2","Run 3","Run 4","Run 5"]}