{"slackAfterALNS":0,"nInitialNotServicedExpectedRequests":[9,13,12,13,14],"averageObj":[5345.596219299479,5719.499497325543,5149.985884330272,5719.664033020407,5299.175469956914],"slackBeforeALNS":0,"nInitialNotServicedFixedRequests":[0,0,0,0,0],"averageNotServicedExpectedRequests":[23.1,25.7,20.7,26.3,22.3],"ALNSIterations":[4095,4236,4150,3767,3425],"runId":["Run 1","Run 2","Run 3","Run 4","Run 5"]}