{"slackAfterALNS":0,"nInitialNotServicedExpectedRequests":[14,16,17,17,22],"averageObj":[5669.837666021058,6034.076681839542,5662.645319487041,5889.687954640424,6063.39328252952],"slackBeforeALNS":0,"nInitialNotServicedFixedRequests":[0,0,0,0,0],"averageNotServicedExpectedRequests":[25.7,29.3,25.6,27.0,30.1],"ALNSIterations":[4435,4575,3916,3383,3450],"runId":["Run 1","Run 2","Run 3","Run 4","Run 5"]}