{"slackAfterALNS":0,"nInitialNotServicedExpectedRequests":[21,16,18,16,24],"averageObj":[6109.499127081925,6047.842807066208,6218.07637070474,6006.332825686843,5963.214478098251],"slackBeforeALNS":0,"nInitialNotServicedFixedRequests":[0,0,0,0,0],"averageNotServicedExpectedRequests":[31.1,30.9,32.5,30.4,29.8],"ALNSIterations":[4095,4063,4067,3814,5472],"runId":["Run 1","Run 2","Run 3","Run 4","Run 5"]}