{"slackAfterALNS":0,"nInitialNotServicedExpectedRequests":[16,20,18,20,14],"averageObj":[6113.446891376564,5685.464840090712,5951.517384031985,6079.915901449796,6015.960818502799],"slackBeforeALNS":0,"nInitialNotServicedFixedRequests":[0,0,0,0,0],"averageNotServicedExpectedRequests":[31.4,25.9,29.5,30.8,30.3],"ALNSIterations":[4452,4181,3776,3656,3358],"runId":["Run 1","Run 2","Run 3","Run 4","Run 5"]}