{"slackAfterALNS":0,"nInitialNotServicedExpectedRequests":[3,2,2,1,5],"averageObj":[5048.580592851365,5116.4837396758685,5288.10892815576,5232.93993181162,5195.409051305336],"slackBeforeALNS":0,"nInitialNotServicedFixedRequests":[0,0,0,0,0],"averageNotServicedExpectedRequests":[19.7,20.9,21.9,21.8,20.9],"ALNSIterations":[5041,2963,2374,4440,4668],"runId":["Run 1","Run 2","Run 3","Run 4","Run 5"]}