{"slackAfterALNS":0,"nInitialNotServicedExpectedRequests":[17,22,18,16,20],"averageObj":[6039.153648957667,6386.6601462465205,5984.404762889833,5296.910152730474,6136.55846201759],"slackBeforeALNS":0,"nInitialNotServicedFixedRequests":[0,0,0,0,0],"averageNotServicedExpectedRequests":[30.5,34.5,30.3,22.5,31.5],"ALNSIterations":[4486,4789,4662,5103,4959],"runId":["Run 1","Run 2","Run 3","Run 4","Run 5"]}