{"slackAfterALNS":0,"nInitialNotServicedExpectedRequests":[19,24,20,23,15],"averageObj":[6394.3925848961735,6419.794849475571,6064.7373895830715,5839.763644286081,5957.51546193863],"slackBeforeALNS":0,"nInitialNotServicedFixedRequests":[0,0,0,0,0],"averageNotServicedExpectedRequests":[34.4,33.5,30.4,27.7,28.4],"ALNSIterations":[3857,3777,3830,3514,5106],"runId":["Run 1","Run 2","Run 3","Run 4","Run 5"]}