{"slackAfterALNS":0,"nInitialNotServicedExpectedRequests":[19,24,13,22,26],"averageObj":[6100.360113474281,6096.354971474355,5902.135554279678,6028.551892335122,6374.174132743015],"slackBeforeALNS":0,"nInitialNotServicedFixedRequests":[0,0,0,0,0],"averageNotServicedExpectedRequests":[31.0,31.4,28.0,30.5,34.7],"ALNSIterations":[3501,4027,4240,4430,3367],"runId":["Run 1","Run 2","Run 3","Run 4","Run 5"]}