{"slackAfterALNS":0,"nInitialNotServicedExpectedRequests":[6,7,4,5,9],"averageObj":[5748.784616253502,5466.644323633623,5321.521757406087,7477.8218053777,5445.389569067096],"slackBeforeALNS":0,"nInitialNotServicedFixedRequests":[0,0,0,1,0],"averageNotServicedExpectedRequests":[24.6,22.9,21.4,23.3,23.2],"ALNSIterations":[4705,4747,4704,3971,2528],"runId":["Run 1","Run 2","Run 3","Run 4","Run 5"]}