{"slackAfterALNS":0,"nInitialNotServicedExpectedRequests":[20,26,25,25,32],"averageObj":[6666.539068624015,6851.075745903069,6642.270596179667,6179.7192429673205,6088.608562344234],"slackBeforeALNS":0,"nInitialNotServicedFixedRequests":[0,0,0,0,0],"averageNotServicedExpectedRequests":[37.6,39.4,37.6,32.4,31.2],"ALNSIterations":[4241,3977,3900,4896,4268],"runId":["Run 1","Run 2","Run 3","Run 4","Run 5"]}