{"slackAfterALNS":0,"nInitialNotServicedExpectedRequests":[8,3,7,5,5],"averageObj":[7892.0603671686595,5772.184629968966,5610.616788862247,9752.99585824952,5773.558743084879],"slackBeforeALNS":0,"nInitialNotServicedFixedRequests":[1,0,0,2,0],"averageNotServicedExpectedRequests":[27.2,25.9,24.1,26.6,25.9],"ALNSIterations":[4638,4680,4578,3614,4911],"runId":["Run 1","Run 2","Run 3","Run 4","Run 5"]}