{"slackAfterALNS":0,"nInitialNotServicedExpectedRequests":[3,9,11,12,8],"averageObj":[5402.595413961184,7449.282134578845,5282.814299063116,9445.135660155123,7820.903071699676],"slackBeforeALNS":0,"nInitialNotServicedFixedRequests":[0,1,0,2,1],"averageNotServicedExpectedRequests":[23.6,23.3,21.7,24.9,28.2],"ALNSIterations":[5335,5681,5406,5479,5539],"runId":["Run 1","Run 2","Run 3","Run 4","Run 5"]}