{"slackAfterALNS":0,"nInitialNotServicedExpectedRequests":[23,25,22,25,27],"averageObj":[6137.688663497438,6042.95589544593,6161.626984759502,6173.895773328117,5779.939702550978],"slackBeforeALNS":0,"nInitialNotServicedFixedRequests":[0,0,0,0,0],"averageNotServicedExpectedRequests":[33.2,31.1,32.9,32.8,28.2],"ALNSIterations":[4574,3634,3708,5913,4284],"runId":["Run 1","Run 2","Run 3","Run 4","Run 5"]}