{"slackAfterALNS":0,"nInitialNotServicedExpectedRequests":[13,19,20,20,12],"averageObj":[5671.841789771346,5887.443676998788,5732.137239627168,6225.865492720669,5898.275685403545],"slackBeforeALNS":0,"nInitialNotServicedFixedRequests":[0,0,0,0,0],"averageNotServicedExpectedRequests":[26.0,28.4,27.0,31.9,28.9],"ALNSIterations":[4308,5233,3887,5488,5397],"runId":["Run 1","Run 2","Run 3","Run 4","Run 5"]}