{"slackAfterALNS":0,"nInitialNotServicedExpectedRequests":[1,12,7,12,4],"averageObj":[9439.78299327627,7501.484013586378,5584.773761430723,7591.974162366135,5464.869980195116],"slackBeforeALNS":0,"nInitialNotServicedFixedRequests":[2,1,0,1,0],"averageNotServicedExpectedRequests":[22.4,23.9,24.6,24.5,22.5],"ALNSIterations":[5269,5374,5286,5137,5273],"runId":["Run 1","Run 2","Run 3","Run 4","Run 5"]}