{"slackAfterALNS":0,"nInitialNotServicedExpectedRequests":[3,3,10,0,10],"averageObj":[5386.8639513202625,5588.019705729205,5582.356827287859,5401.5278959873995,7737.655097614343],"slackBeforeALNS":0,"nInitialNotServicedFixedRequests":[0,0,0,0,1],"averageNotServicedExpectedRequests":[21.5,23.4,24.2,21.8,25.0],"ALNSIterations":[5276,5181,5266,5538,5177],"runId":["Run 1","Run 2","Run 3","Run 4","Run 5"]}