{"slackAfterALNS":0,"nInitialNotServicedExpectedRequests":[13,8,13,13,12],"averageObj":[5424.715645693879,5581.384075024737,5673.6756611232695,5655.079260365398,5640.103177453885],"slackBeforeALNS":0,"nInitialNotServicedFixedRequests":[0,0,0,0,0],"averageNotServicedExpectedRequests":[23.7,25.1,25.6,26.3,25.7],"ALNSIterations":[4411,4529,3650,4687,3367],"runId":["Run 1","Run 2","Run 3","Run 4","Run 5"]}