{"slackAfterALNS":0,"nInitialNotServicedExpectedRequests":[13,21,23,22,18],"averageObj":[5848.77708230915,6305.761492334541,6027.846747115267,6284.12037981332,5597.029490400071],"slackBeforeALNS":0,"nInitialNotServicedFixedRequests":[0,0,0,0,0],"averageNotServicedExpectedRequests":[27.7,32.9,29.6,32.4,24.8],"ALNSIterations":[4704,4085,5448,3480,4250],"runId":["Run 1","Run 2","Run 3","Run 4","Run 5"]}