{"slackAfterALNS":0,"nInitialNotServicedExpectedRequests":[19,22,22,19,22],"averageObj":[5762.310913391669,5706.9863096190475,5943.965290377676,6057.443734430331,5779.574683101781],"slackBeforeALNS":0,"nInitialNotServicedFixedRequests":[0,0,0,0,0],"averageNotServicedExpectedRequests":[27.2,27.2,30.0,31.4,28.2],"ALNSIterations":[3972,3921,5679,4999,4672],"runId":["Run 1","Run 2","Run 3","Run 4","Run 5"]}