{"slackAfterALNS":0,"nInitialNotServicedExpectedRequests":[13,17,23,22,24],"averageObj":[6235.680457426409,6142.17780029237,5985.187640248134,6402.240467279148,5955.9207773360695],"slackBeforeALNS":0,"nInitialNotServicedFixedRequests":[0,0,0,0,0],"averageNotServicedExpectedRequests":[31.6,31.5,30.2,34.0,28.6],"ALNSIterations":[4540,4738,4962,3595,3898],"runId":["Run 1","Run 2","Run 3","Run 4","Run 5"]}