{"slackAfterALNS":0,"nInitialNotServicedExpectedRequests":[21,14,25,22,25],"averageObj":[6065.085937363922,5925.163320333154,5778.116325394089,5924.795638700346,5874.858709064842],"slackBeforeALNS":0,"nInitialNotServicedFixedRequests":[0,0,0,0,0],"averageNotServicedExpectedRequests":[31.4,30.0,27.8,30.4,29.8],"ALNSIterations":[4623,5024,3952,3766,3908],"runId":["Run 1","Run 2","Run 3","Run 4","Run 5"]}