{"slackAfterALNS":0,"nInitialNotServicedExpectedRequests":[4,4,6,7,5],"averageObj":[5532.470371232854,15409.212309957034,5274.1394591207445,9475.145985846204,7895.840312259145],"slackBeforeALNS":0,"nInitialNotServicedFixedRequests":[0,5,0,2,1],"averageNotServicedExpectedRequests":[23.0,22.6,21.0,23.6,27.4],"ALNSIterations":[1911,1828,1816,1936,1792],"runId":["Run 1","Run 2","Run 3","Run 4","Run 5"]}