{"slackAfterALNS":0,"nInitialNotServicedExpectedRequests":[5,8,12,11,4],"averageObj":[5547.025819610639,7807.784550564074,9491.8202667775,8020.937293609398,9085.296896010032],"slackBeforeALNS":0,"nInitialNotServicedFixedRequests":[0,1,2,1,2],"averageNotServicedExpectedRequests":[24.0,27.0,23.3,28.6,18.8],"ALNSIterations":[1927,2053,2196,1888,1881],"runId":["Run 1","Run 2","Run 3","Run 4","Run 5"]}