{"slackAfterALNS":0,"nInitialNotServicedExpectedRequests":[7,11,8,8,6],"averageObj":[9709.450205200841,9627.12728570054,9813.902251635702,13950.900084031935,7650.537189970746],"slackBeforeALNS":0,"nInitialNotServicedFixedRequests":[2,2,2,4,1],"averageNotServicedExpectedRequests":[26.2,25.8,27.0,28.8,24.9],"ALNSIterations":[1980,1798,1879,1807,1815],"runId":["Run 1","Run 2","Run 3","Run 4","Run 5"]}