{"slackAfterALNS":0,"nInitialNotServicedExpectedRequests":[7,4,8,7,5],"averageObj":[13412.31061115945,7428.673429543119,7771.503406566956,9546.517357788358,7352.595293451802],"slackBeforeALNS":0,"nInitialNotServicedFixedRequests":[4,1,1,2,1],"averageNotServicedExpectedRequests":[22.5,22.8,25.5,24.1,21.5],"ALNSIterations":[1896,2095,1945,1886,1794],"runId":["Run 1","Run 2","Run 3","Run 4","Run 5"]}