{"slackAfterALNS":0,"nInitialNotServicedExpectedRequests":[4,3,6,6,3],"averageObj":[11930.386901227994,5294.05149438703,7577.73557621035,9784.02144705829,5319.335890676477],"slackBeforeALNS":0,"nInitialNotServicedFixedRequests":[3,0,1,2,0],"averageNotServicedExpectedRequests":[27.7,21.6,24.5,27.1,21.7],"ALNSIterations":[1763,1854,1931,1980,1903],"runId":["Run 1","Run 2","Run 3","Run 4","Run 5"]}