{"slackAfterALNS":0,"nInitialNotServicedExpectedRequests":[4,10,4,1,5],"averageObj":[9571.724718209553,5409.065131200487,7433.327126926847,5267.078221317676,5309.831865417418],"slackBeforeALNS":0,"nInitialNotServicedFixedRequests":[2,0,1,0,0],"averageNotServicedExpectedRequests":[25.0,23.9,23.8,21.7,22.2],"ALNSIterations":[2069,2003,1967,1966,1886],"runId":["Run 1","Run 2","Run 3","Run 4","Run 5"]}