{"slackAfterALNS":0,"nInitialNotServicedExpectedRequests":[8,5,3,3,8],"averageObj":[9474.263579951281,11262.127592167797,8955.948181433201,9103.573629140945,7650.695975159766],"slackBeforeALNS":0,"nInitialNotServicedFixedRequests":[2,3,2,2,1],"averageNotServicedExpectedRequests":[22.0,20.6,17.1,18.6,24.4],"ALNSIterations":[1707,1729,1801,1925,1867],"runId":["Run 1","Run 2","Run 3","Run 4","Run 5"]}