{"slackAfterALNS":0,"nInitialNotServicedExpectedRequests":[25,26,21,23,30,17,20,26,28,22],"averageObj":[7884.524319223914,7159.733151708441,7386.366367802239,7744.678099943034,7841.103586655727,7799.879702479573,7784.42341214415,7477.540749306773,7762.4905779295705,7956.4549627225515],"slackBeforeALNS":0,"nInitialNotServicedFixedRequests":[0,0,0,0,0,0,0,0,0,0],"averageNotServicedExpectedRequests":[50.9,42.6,45.6,49.8,50.4,50.4,49.5,46.4,49.5,52.0],"runId":["Run 1","Run 2","Run 3","Run 4","Run 5","Run 6","Run 7","Run 8","Run 9","Run 10"]}