{"slackAfterALNS":0,"nInitialNotServicedExpectedRequests":[31,23,27,26,27,27,25,26,37,31],"averageObj":[7556.7935602051,7517.64835515985,7576.593109820882,7399.120561266209,8078.469353683588,7592.974089399979,7447.564987929807,7682.157732468219,7642.280735369818,7693.938749233459],"slackBeforeALNS":0,"nInitialNotServicedFixedRequests":[0,0,0,0,0,0,0,0,0,0],"averageNotServicedExpectedRequests":[47.7,47.1,47.6,45.7,52.7,48.3,46.1,48.8,47.7,49.3],"runId":["Run 1","Run 2","Run 3","Run 4","Run 5","Run 6","Run 7","Run 8","Run 9","Run 10"]}