{"slackAfterALNS":0,"nInitialNotServicedExpectedRequests":[27,28,27,20,19,30,20,16,23,23],"averageObj":[9083.447315633191,9312.648829618589,9185.591780090275,9144.53824480755,9070.9269968557,9610.857988235033,10154.512616923803,8621.908072748676,9597.11806065447,9621.165469974596],"slackBeforeALNS":0,"nInitialNotServicedFixedRequests":[1,1,1,1,1,1,1,1,1,1],"averageNotServicedExpectedRequests":[42.6,45.4,44.3,43.3,42.4,48.9,54.5,37.8,48.2,49.4],"runId":["Run 1","Run 2","Run 3","Run 4","Run 5","Run 6","Run 7","Run 8","Run 9","Run 10"]}