{"slackAfterALNS":0,"nInitialNotServicedExpectedRequests":[27,18,25,21,22,21,23,28,32,30],"averageObj":[7192.6779315577905,7380.588239193183,7582.213955163071,7319.942944305383,7741.12426356622,7346.341615965382,7338.926348715572,6585.238588620377,7738.270158692702,7590.985596472089],"slackBeforeALNS":0,"nInitialNotServicedFixedRequests":[0,0,0,0,0,0,0,0,0,0],"averageNotServicedExpectedRequests":[43.9,46.0,48.5,45.1,50.4,45.4,45.3,36.7,50.0,48.6],"runId":["Run 1","Run 2","Run 3","Run 4","Run 5","Run 6","Run 7","Run 8","Run 9","Run 10"]}