{"slackAfterALNS":0,"nInitialNotServicedExpectedRequests":[32,25,30,21,24,30,24,25,30,28],"averageObj":[7766.712190739609,7568.146924265192,7089.699281156603,7837.566626192454,7529.923912791935,7656.327546004807,7702.651837068404,7960.284228054336,7446.685625532994,7272.136151265168],"slackBeforeALNS":0,"nInitialNotServicedFixedRequests":[0,0,0,0,0,0,0,0,0,0],"averageNotServicedExpectedRequests":[49.6,47.9,42.3,50.5,47.4,48.6,48.6,51.7,46.6,44.7],"runId":["Run 1","Run 2","Run 3","Run 4","Run 5","Run 6","Run 7","Run 8","Run 9","Run 10"]}