{"slackAfterALNS":0,"nInitialNotServicedExpectedRequests":[22,23,24,25,27,20,20,25,24,18],"averageObj":[7533.061260200026,7623.664793151841,7530.61041407332,7367.838347595025,7102.811041495079,7380.387645894467,7230.03029906405,7778.140820946828,7429.795934684288,7058.079477497524],"slackBeforeALNS":0,"nInitialNotServicedFixedRequests":[0,0,0,0,0,0,0,0,0,0],"averageNotServicedExpectedRequests":[46.9,48.1,47.9,45.4,42.7,45.4,44.2,49.7,46.1,41.6],"runId":["Run 1","Run 2","Run 3","Run 4","Run 5","Run 6","Run 7","Run 8","Run 9","Run 10"]}