{"slackAfterALNS":0,"nInitialNotServicedExpectedRequests":[29,30,21,24,29,28,22,19,27,26],"averageObj":[7578.002859958227,7223.8684315184455,7403.047058184714,7990.846202542796,7626.353744686817,7708.307804468362,6963.2080655265945,7371.251168777749,7526.985405269491,7018.802476727515],"slackBeforeALNS":0,"nInitialNotServicedFixedRequests":[0,0,0,0,0,0,0,0,0,0],"averageNotServicedExpectedRequests":[47.9,43.9,45.1,52.2,48.3,49.2,40.7,45.3,47.0,41.2],"runId":["Run 1","Run 2","Run 3","Run 4","Run 5","Run 6","Run 7","Run 8","Run 9","Run 10"]}