{"slackAfterALNS":0,"nInitialNotServicedExpectedRequests":[31,25,25,28,27,24,29,20,28,23],"averageObj":[7514.8221356055055,7566.167576438502,7247.013510553479,7374.661820044517,7729.614107871074,7264.977940459353,7779.083352819255,7640.043528178538,7910.144524188576,7729.1121612917295],"slackBeforeALNS":0,"nInitialNotServicedFixedRequests":[0,0,0,0,0,0,0,0,0,0],"averageNotServicedExpectedRequests":[46.9,48.0,43.6,45.2,49.5,45.1,50.4,48.6,51.8,49.4],"runId":["Run 1","Run 2","Run 3","Run 4","Run 5","Run 6","Run 7","Run 8","Run 9","Run 10"]}