{"slackAfterALNS":0,"nInitialNotServicedExpectedRequests":[34,22,23,26,17,16,24,29,29,23],"averageObj":[7407.791705853111,7534.362282549599,7598.191212466314,8431.396864347143,7741.4887335355625,7402.110728559886,7658.444409851589,7504.534106750191,7318.024204415977,7384.3953756089395],"slackBeforeALNS":0,"nInitialNotServicedFixedRequests":[0,0,0,0,0,0,0,0,0,0],"averageNotServicedExpectedRequests":[45.5,46.8,47.6,56.4,49.2,45.4,48.0,46.4,44.6,44.9],"runId":["Run 1","Run 2","Run 3","Run 4","Run 5","Run 6","Run 7","Run 8","Run 9","Run 10"]}