{"slackAfterALNS":0,"nInitialNotServicedExpectedRequests":[23,27,24,24,25,31,25,21,21,27],"averageObj":[7081.046984255388,7258.6791470769585,7276.975994650458,7600.814838730199,7944.080647655018,7520.777048926316,6877.730679915369,7254.6934629959915,7152.215335748495,7640.977498653115],"slackBeforeALNS":0,"nInitialNotServicedFixedRequests":[0,0,0,0,0,0,0,0,0,0],"averageNotServicedExpectedRequests":[42.9,45.0,45.0,49.0,52.2,48.2,40.3,44.5,43.7,48.8],"runId":["Run 1","Run 2","Run 3","Run 4","Run 5","Run 6","Run 7","Run 8","Run 9","Run 10"]}