{"slackAfterALNS":0,"nInitialNotServicedExpectedRequests":[27,25,21,20,22,19,29,24,24,28],"averageObj":[7830.355169058908,7218.981920358639,7105.282520393131,7272.966587907262,7253.534074683317,7405.658894961011,7602.614488423596,7560.058666431619,7527.636589603906,7285.851184889097],"slackBeforeALNS":0,"nInitialNotServicedFixedRequests":[0,0,0,0,0,0,0,0,0,0],"averageNotServicedExpectedRequests":[51.0,43.7,43.0,44.4,44.7,45.8,48.5,48.2,47.4,45.2],"runId":["Run 1","Run 2","Run 3","Run 4","Run 5","Run 6","Run 7","Run 8","Run 9","Run 10"]}