{"slackAfterALNS":0,"nInitialNotServicedExpectedRequests":[33,32,28,29,27,34,30,40,20,30],"averageObj":[8176.972554554511,7719.240019416926,7898.565344518494,7881.726048220303,7534.029927206184,7798.2955882025535,7898.28500861792,8302.249542451234,7415.9616288542,8064.511909552918],"slackBeforeALNS":0,"nInitialNotServicedFixedRequests":[0,0,0,0,0,0,0,0,0,0],"averageNotServicedExpectedRequests":[53.9,49.3,51.3,51.2,47.0,50.2,51.2,56.1,45.2,53.0],"runId":["Run 1","Run 2","Run 3","Run 4","Run 5","Run 6","Run 7","Run 8","Run 9","Run 10"]}