{"slackAfterALNS":0,"nInitialNotServicedExpectedRequests":[31,23,27,20,24,17,28,18,19,21],"averageObj":[9239.16574159828,9200.399876510142,9264.387469494784,9167.018912242991,9267.88458890996,9266.145559312266,9684.95100512847,9267.288303383575,8670.322594835892,9831.043739366156],"slackBeforeALNS":0,"nInitialNotServicedFixedRequests":[1,1,1,1,1,1,1,1,1,1],"averageNotServicedExpectedRequests":[44.4,44.4,45.0,44.1,45.0,45.0,49.5,45.1,38.0,50.7],"runId":["Run 1","Run 2","Run 3","Run 4","Run 5","Run 6","Run 7","Run 8","Run 9","Run 10"]}