{"slackAfterALNS":0,"nInitialNotServicedExpectedRequests":[29,27,28,14,30,25,18,23,16,25],"averageObj":[7525.264674370502,7354.917561011729,7250.287432836213,7700.801469479015,7224.285595514679,7281.105116133864,7164.7747555730875,7540.418752526442,7383.738174389301,7544.388755092385],"slackBeforeALNS":0,"nInitialNotServicedFixedRequests":[0,0,0,0,0,0,0,0,0,0],"averageNotServicedExpectedRequests":[47.8,46.3,45.0,49.7,44.7,44.9,43.5,48.1,46.3,48.3],"runId":["Run 1","Run 2","Run 3","Run 4","Run 5","Run 6","Run 7","Run 8","Run 9","Run 10"]}