{"slackAfterALNS":0,"nInitialNotServicedExpectedRequests":[32,26,33,25,32,26,27,29,32,23],"averageObj":[7628.425989200859,8108.959023507467,8024.5143316798085,7772.8040801527295,7807.857547836623,7799.566656616412,7857.36041185994,7414.047656728262,8250.182341514326,7339.22090948017],"slackBeforeALNS":0,"nInitialNotServicedFixedRequests":[0,0,0,0,0,0,0,0,0,0],"averageNotServicedExpectedRequests":[47.8,53.6,52.7,49.8,50.1,50.6,50.4,46.0,55.0,44.8],"runId":["Run 1","Run 2","Run 3","Run 4","Run 5","Run 6","Run 7","Run 8","Run 9","Run 10"]}