{"slackAfterALNS":0,"nInitialNotServicedExpectedRequests":[29,30,22,27,22,31,24,23,28,27],"averageObj":[7264.281989146029,7745.358733628736,7378.67455944571,8275.58561937998,7771.187591449518,7458.148510143728,7602.034687728576,7411.697021492338,7275.737267979687,7582.761124481966],"slackBeforeALNS":0,"nInitialNotServicedFixedRequests":[0,0,0,0,0,0,0,0,0,0],"averageNotServicedExpectedRequests":[44.2,49.4,45.1,55.0,50.1,46.1,48.3,45.7,43.9,48.3],"runId":["Run 1","Run 2","Run 3","Run 4","Run 5","Run 6","Run 7","Run 8","Run 9","Run 10"]}