{"slackAfterALNS":0,"nInitialNotServicedExpectedRequests":[30,29,18,25,25,31,35,29,22,28],"averageObj":[7415.187079738649,7034.192426021397,7617.289662165992,7660.925954793213,7621.220744823496,7686.832370797633,7339.05655780275,7663.259942949027,7516.029996363734,7669.5689548391365],"slackBeforeALNS":0,"nInitialNotServicedFixedRequests":[0,0,0,0,0,0,0,0,0,0],"averageNotServicedExpectedRequests":[45.2,41.2,47.4,48.9,48.4,49.2,45.1,48.3,46.4,48.3],"runId":["Run 1","Run 2","Run 3","Run 4","Run 5","Run 6","Run 7","Run 8","Run 9","Run 10"]}