{"slackAfterALNS":0,"nInitialNotServicedExpectedRequests":[28,26,33,26,28,34,34,30,20,34],"averageObj":[7572.029309626746,7671.908199389385,7502.601383544871,7933.925986658194,7090.916265747079,8037.440968966793,7197.884539575445,7705.739344578115,7509.665888377017,8132.48672804542],"slackBeforeALNS":0,"nInitialNotServicedFixedRequests":[0,0,0,0,0,0,0,0,0,0],"averageNotServicedExpectedRequests":[46.7,48.6,46.4,51.6,41.7,52.3,42.7,48.4,46.4,53.2],"runId":["Run 1","Run 2","Run 3","Run 4","Run 5","Run 6","Run 7","Run 8","Run 9","Run 10"]}