{"slackAfterALNS":0,"nInitialNotServicedExpectedRequests":[28,23,26,19,24,28,32,31,26,26],"averageObj":[7622.542430459536,7827.278385190497,7160.201840395205,7205.846657239052,7321.294765263631,7491.681267623428,7495.858050491911,7722.086296812003,7518.631530658776,7734.587134966098],"slackBeforeALNS":0,"nInitialNotServicedFixedRequests":[0,0,0,0,0,0,0,0,0,0],"averageNotServicedExpectedRequests":[48.1,51.0,43.1,44.0,45.0,47.1,47.0,49.8,47.4,48.9],"runId":["Run 1","Run 2","Run 3","Run 4","Run 5","Run 6","Run 7","Run 8","Run 9","Run 10"]}