{"slackAfterALNS":0,"nInitialNotServicedExpectedRequests":[34,26,26,27,22,24,24,27,25,24],"averageObj":[7335.163289423955,7890.370579374052,7317.965631661777,7651.12581109243,7430.206023475626,7558.496894299719,7825.718941140195,7502.167444253091,7418.549885248937,7614.989119085099],"slackBeforeALNS":0,"nInitialNotServicedFixedRequests":[0,0,0,0,0,0,0,0,0,0],"averageNotServicedExpectedRequests":[44.8,51.4,44.6,48.3,46.3,48.1,50.7,47.5,46.2,48.7],"runId":["Run 1","Run 2","Run 3","Run 4","Run 5","Run 6","Run 7","Run 8","Run 9","Run 10"]}