{"slackAfterALNS":0,"nInitialNotServicedExpectedRequests":[17,12,14,14,14],"averageObj":[5511.863938163386,5367.877879986612,5713.8144999462575,6045.937742139199,5743.29042842682],"slackBeforeALNS":0,"nInitialNotServicedFixedRequests":[0,0,0,0,0],"averageNotServicedExpectedRequests":[25.4,23.8,27.9,31.1,28.4],"ALNSIterations":[4835,5051,4485,4821,5129],"runId":["Run 1","Run 2","Run 3","Run 4","Run 5"]}