{"slackAfterALNS":0,"nInitialNotServicedExpectedRequests":[22,22,20,23,23],"averageObj":[5900.759172944339,4839.7825649175875,5429.488727033072,5791.321395111272,5632.085949368865],"slackBeforeALNS":0,"nInitialNotServicedFixedRequests":[0,0,0,0,0],"averageNotServicedExpectedRequests":[30.0,17.0,25.0,28.0,27.0],"ALNSIterations":[2443,2623,2374,2418,2516],"runId":["Run 1","Run 2","Run 3","Run 4","Run 5"]}