{"slackAfterALNS":0,"nInitialNotServicedExpectedRequests":[18,16,23,21,15],"averageObj":[5281.17349700483,4955.084929219579,5438.3586313612095,6084.667957743543,5487.706002616962],"slackBeforeALNS":0,"nInitialNotServicedFixedRequests":[0,0,0,0,0],"averageNotServicedExpectedRequests":[23.0,18.0,22.0,30.0,24.0],"ALNSIterations":[2129,2499,2216,2419,2356],"runId":["Run 1","Run 2","Run 3","Run 4","Run 5"]}