{"slackAfterALNS":0,"nInitialNotServicedExpectedRequests":[17,17,19,20,22],"averageObj":[5620.5400422863195,5288.861715344328,5256.938826420292,5891.927255428111,5735.493766563261],"slackBeforeALNS":0,"nInitialNotServicedFixedRequests":[0,0,0,0,0],"averageNotServicedExpectedRequests":[27.0,22.0,23.0,30.0,28.0],"ALNSIterations":[2608,2413,2361,2217,2554],"runId":["Run 1","Run 2","Run 3","Run 4","Run 5"]}