{"slackAfterALNS":0,"nInitialNotServicedExpectedRequests":[0,1,1,2,0,2,1,0,3,1],"averageObj":[2410.730638728567,2516.43940674068,2409.9501747590443,2473.1783136670865,2409.7639042059336,2461.0757162644895,2446.417389297339,2419.5720499308236,2422.8479541251027,2427.1521231908964],"slackBeforeALNS":0,"nInitialNotServicedFixedRequests":[1,1,1,1,1,1,1,1,1,1],"averageNotServicedExpectedRequests":[2.2,3.4,2.2,2.9,2.2,2.8,2.6,2.3,2.3,2.4],"runId":["Run 1","Run 2","Run 3","Run 4","Run 5","Run 6","Run 7","Run 8","Run 9","Run 10"]}