{"slackAfterALNS":0,"nInitialNotServicedExpectedRequests":[0,0,1,0,0,1,0,1,0,0],"averageObj":[331.1952380952381,398.09836065573774,458.30163279658325,319.3550724637681,313.0750015140806,385.0590643954307,333.9372599270058,366.22375138014615,401.70842111316944,359.74418026178],"slackBeforeALNS":0,"nInitialNotServicedFixedRequests":[0,0,0,0,0,0,0,0,0,0],"averageNotServicedExpectedRequests":[1.4,2.2,2.8,1.3,1.2,2.0,1.4,1.8,2.2,1.7],"runId":["Run 1","Run 2","Run 3","Run 4","Run 5","Run 6","Run 7","Run 8","Run 9","Run 10"]}