{"slackAfterALNS":0,"nInitialNotServicedExpectedRequests":[1,2,1,1,3,2,1,0,1,0],"averageObj":[403.37737576379726,418.9528215714241,381.20916666666665,399.8659173814453,462.2543436293437,403.06383473449637,453.8318250377074,485.0975207550279,366.2426282051282,373.7554239003945],"slackBeforeALNS":0,"nInitialNotServicedFixedRequests":[0,0,0,0,0,0,0,0,0,0],"averageNotServicedExpectedRequests":[2.2,2.4,2.0,2.2,2.9,2.2,2.8,3.1,1.8,1.8],"runId":["Run 1","Run 2","Run 3","Run 4","Run 5","Run 6","Run 7","Run 8","Run 9","Run 10"]}