{"slackAfterALNS":0,"nInitialNotServicedExpectedRequests":[0,1,0,2,1,0,0,1,1,0],"averageObj":[264.70171185431343,439.21740663218714,437.74690137422124,322.0188325684313,343.0849808786462,377.91978624486353,418.16422759379503,360.0017490268629,333.74945119090313,493.9789173584612],"slackBeforeALNS":0,"nInitialNotServicedFixedRequests":[0,0,0,0,0,0,0,0,0,0],"averageNotServicedExpectedRequests":[0.6,2.5,2.6,1.2,1.5,1.8,2.3,1.7,1.4,3.2],"runId":["Run 1","Run 2","Run 3","Run 4","Run 5","Run 6","Run 7","Run 8","Run 9","Run 10"]}