{"slackAfterALNS":0,"nInitialNotServicedExpectedRequests":[0,1,0,2,1,1,2,2,1,3],"averageObj":[374.4961084529506,472.9665209832697,365.3278190063905,400.80065919743345,358.0279100805134,327.9912915773597,410.4814783437467,310.15435112699925,363.4158926728586,399.05081470253884],"slackBeforeALNS":0,"nInitialNotServicedFixedRequests":[0,0,0,0,0,0,0,0,0,0],"averageNotServicedExpectedRequests":[1.9,3.0,1.8,2.2,1.7,1.4,2.3,1.2,1.8,2.2],"runId":["Run 1","Run 2","Run 3","Run 4","Run 5","Run 6","Run 7","Run 8","Run 9","Run 10"]}