{"slackAfterALNS":0,"nInitialNotServicedExpectedRequests":[12,7,5,10,10],"averageObj":[7184.346728624869,10919.20310463914,8872.86974777178,7068.708921483367,6765.43173012071],"slackBeforeALNS":0,"nInitialNotServicedFixedRequests":[1,3,2,1,1],"averageNotServicedExpectedRequests":[21.0,17.0,17.0,18.0,14.0],"ALNSIterations":[2081,2037,2116,2084,2076],"runId":["Run 1","Run 2","Run 3","Run 4","Run 5"]}