{"slackAfterALNS":0,"nInitialNotServicedExpectedRequests":[10,11,6,5,5,6,8,11,8,7],"averageObj":[2543.476981819193,2753.726462378042,2437.664153160017,2458.658886905944,2471.7022031848946,2598.102365578622,2994.5571720690955,2831.652711098863,2656.1384307616436,2564.899944372766],"slackBeforeALNS":0,"nInitialNotServicedFixedRequests":[0,0,0,0,0,0,0,0,0,0],"averageNotServicedExpectedRequests":[16.5,18.8,15.3,15.5,15.7,17.0,21.6,19.6,17.8,16.8],"runId":["Run 1","Run 2","Run 3","Run 4","Run 5","Run 6","Run 7","Run 8","Run 9","Run 10"]}