{"slackAfterALNS":0,"nInitialNotServicedExpectedRequests":[7,12,3,1,7,4,5,6,5,9],"averageObj":[2735.6621374170727,2580.1364695855045,2494.715674949951,2558.3410759944513,2624.402512367199,2732.2197805994974,2446.961833733916,2449.8181999801586,2660.8883829856495,2757.2389291422037],"slackBeforeALNS":0,"nInitialNotServicedFixedRequests":[0,0,0,0,0,0,0,0,0,0],"averageNotServicedExpectedRequests":[18.6,17.0,16.0,16.7,17.3,18.7,15.6,15.4,17.8,19.0],"runId":["Run 1","Run 2","Run 3","Run 4","Run 5","Run 6","Run 7","Run 8","Run 9","Run 10"]}