{"slackAfterALNS":0,"nInitialNotServicedExpectedRequests":[6,8,3,7,11,5,4,9,5,3],"averageObj":[2580.746384955364,2498.9589378956243,2493.9838397818266,2703.795827490716,2746.5564172074105,2478.6207951555434,2750.8065562472993,2827.182331660879,2499.433785872722,2551.155262739841],"slackBeforeALNS":0,"nInitialNotServicedFixedRequests":[0,0,0,0,0,0,0,0,0,0],"averageNotServicedExpectedRequests":[16.3,15.8,15.9,18.0,18.4,15.4,18.5,19.3,15.6,16.0],"runId":["Run 1","Run 2","Run 3","Run 4","Run 5","Run 6","Run 7","Run 8","Run 9","Run 10"]}