{"slackAfterALNS":0,"nInitialNotServicedExpectedRequests":[9,11,4,9,10,2,8,6,11,5],"averageObj":[2494.290049820373,2468.5069205051987,2558.850349536815,2538.547776955226,2614.2029292646735,2717.8908689827276,2700.13906630436,2900.330345025655,2594.329158351331,2827.7731127901534],"slackBeforeALNS":0,"nInitialNotServicedFixedRequests":[0,0,0,0,0,0,0,0,0,0],"averageNotServicedExpectedRequests":[15.6,15.2,16.5,16.1,17.1,17.7,17.9,20.4,16.4,19.5],"runId":["Run 1","Run 2","Run 3","Run 4","Run 5","Run 6","Run 7","Run 8","Run 9","Run 10"]}