{"slackAfterALNS":0,"nInitialNotServicedExpectedRequests":[10,4,9,5,3,13,8,7,5,9],"averageObj":[2519.5276324545457,2297.036935150771,2328.864753326814,2562.957256997121,2579.431701731907,2275.348566792423,2755.8416958122157,2284.67156205023,2708.4483753909426,2554.9854458965724],"slackBeforeALNS":0,"nInitialNotServicedFixedRequests":[0,0,0,0,0,0,0,0,0,0],"averageNotServicedExpectedRequests":[16.2,13.6,14.2,16.6,17.0,13.4,18.9,13.5,18.3,16.6],"runId":["Run 1","Run 2","Run 3","Run 4","Run 5","Run 6","Run 7","Run 8","Run 9","Run 10"]}