{"slackAfterALNS":0,"nInitialNotServicedExpectedRequests":[5,5,10,8,7,13,10,5,2,3],"averageObj":[2463.115594261816,2704.1725153228763,2577.499835470233,2748.0343653822424,2505.5432613735343,2898.848061559802,2712.831023455242,2464.7595338945844,2353.9518957770106,2581.3735720953327],"slackBeforeALNS":0,"nInitialNotServicedFixedRequests":[0,0,0,0,0,0,0,0,0,0],"averageNotServicedExpectedRequests":[15.6,18.4,16.8,19.0,16.0,20.6,18.7,15.8,14.3,17.0],"runId":["Run 1","Run 2","Run 3","Run 4","Run 5","Run 6","Run 7","Run 8","Run 9","Run 10"]}