{"slackAfterALNS":0,"nInitialNotServicedExpectedRequests":[1,0,0,0,0,0,0,7,0,4],"averageObj":[6073.658212901416,6068.087393492131,6163.295885034367,6220.244998397632,5852.48433199042,5982.002948687024,6106.927617836113,6300.333688630069,6455.003833817942,6011.64362981843],"slackBeforeALNS":0,"nInitialNotServicedFixedRequests":[0,0,0,0,0,0,0,0,0,0],"averageNotServicedExpectedRequests":[10.7,10.7,11.4,12.4,8.5,9.8,11.3,13.2,14.7,10.0],"runId":["Run 1","Run 2","Run 3","Run 4","Run 5","Run 6","Run 7","Run 8","Run 9","Run 10"]}