{"slackAfterALNS":0,"nInitialNotServicedExpectedRequests":[0,4,2,2,4,5,3,5,3,3],"averageObj":[6360.560464740696,6240.299110661947,6446.032558527341,6588.700263075194,6812.012476588893,6295.037940334544,6774.181057570124,6582.275058029726,6434.241456034578,6466.841852943233],"slackBeforeALNS":0,"nInitialNotServicedFixedRequests":[0,0,0,0,0,0,0,0,0,0],"averageNotServicedExpectedRequests":[13.5,12.5,14.7,16.1,18.6,13.0,18.1,16.2,14.6,15.1],"runId":["Run 1","Run 2","Run 3","Run 4","Run 5","Run 6","Run 7","Run 8","Run 9","Run 10"]}