{"slackAfterALNS":0,"nInitialNotServicedExpectedRequests":[1,1,2,3,2,3,1,2,1,2],"averageObj":[6523.96789102389,6381.414925241277,6232.933041666243,6416.169918863346,6525.952361628602,6889.608349773385,6445.560427508821,6726.171747653112,6462.344302088109,6454.727974927651],"slackBeforeALNS":0,"nInitialNotServicedFixedRequests":[0,0,0,0,0,0,0,0,0,0],"averageNotServicedExpectedRequests":[15.5,13.8,12.0,14.3,15.7,19.5,14.7,17.5,14.9,14.9],"runId":["Run 1","Run 2","Run 3","Run 4","Run 5","Run 6","Run 7","Run 8","Run 9","Run 10"]}