{"slackAfterALNS":0,"nInitialNotServicedExpectedRequests":[2,1,1,2,0],"averageObj":[5232.088086077218,5552.2570429746675,5346.302998782617,5835.498988892759,5685.293079210561],"slackBeforeALNS":0,"nInitialNotServicedFixedRequests":[0,0,0,0,0],"averageNotServicedExpectedRequests":[2.0,5.0,3.0,8.0,7.0],"ALNSIterations":[813,810,801,795,824],"runId":["Run 1","Run 2","Run 3","Run 4","Run 5"]}