{"slackAfterALNS":0,"nInitialNotServicedExpectedRequests":[0,0,0,0,0],"averageObj":[5300.784596762108,5035.2542713684015,5303.525846702317,5205.654868436644,5393.460904488983],"slackBeforeALNS":0,"nInitialNotServicedFixedRequests":[0,0,0,0,0],"averageNotServicedExpectedRequests":[3.0,0.0,3.0,2.0,4.0],"ALNSIterations":[1022,912,828,907,805],"runId":["Run 1","Run 2","Run 3","Run 4","Run 5"]}