{"slackAfterALNS":0,"nInitialNotServicedExpectedRequests":[7,6,8,7,7],"averageObj":[7803.472207408833,7803.301559425467,7825.328577262733,7817.244943716489,7609.854581025511],"slackBeforeALNS":0,"nInitialNotServicedFixedRequests":[1,1,1,1,1],"averageNotServicedExpectedRequests":[8.0,8.0,8.0,8.0,6.0],"ALNSIterations":[996,982,938,882,863],"runId":["Run 1","Run 2","Run 3","Run 4","Run 5"]}