{"slackAfterALNS":0,"nInitialNotServicedExpectedRequests":[1,0,0,0,0],"averageObj":[5548.279932861588,5594.614911835727,5450.119116886103,5258.562049646024,5708.328969371048],"slackBeforeALNS":0,"nInitialNotServicedFixedRequests":[0,0,0,0,0],"averageNotServicedExpectedRequests":[5.0,5.0,4.0,2.0,7.0],"ALNSIterations":[654,833,828,837,767],"runId":["Run 1","Run 2","Run 3","Run 4","Run 5"]}