{"slackAfterALNS":0,"nInitialNotServicedExpectedRequests":[2,1,2,2,1],"averageObj":[6312.508156240744,5856.927256633754,6032.800589795988,5810.043575889278,5626.517256957378],"slackBeforeALNS":0,"nInitialNotServicedFixedRequests":[0,0,0,0,0],"averageNotServicedExpectedRequests":[14.0,8.0,10.0,8.0,5.0],"ALNSIterations":[833,836,875,838,855],"runId":["Run 1","Run 2","Run 3","Run 4","Run 5"]}