{"slackAfterALNS":0,"nInitialNotServicedExpectedRequests":[6,4,5,6,4],"averageObj":[5638.540591770209,5341.524923660901,5312.285653092731,5776.68964969249,5625.666596734852],"slackBeforeALNS":0,"nInitialNotServicedFixedRequests":[0,0,0,0,0],"averageNotServicedExpectedRequests":[6.0,3.0,3.0,8.0,6.0],"ALNSIterations":[732,824,797,793,833],"runId":["Run 1","Run 2","Run 3","Run 4","Run 5"]}