{"slackAfterALNS":0,"nInitialNotServicedExpectedRequests":[4,2,3,2,3],"averageObj":[5597.921648866867,5746.9764347038645,5899.1502030567435,5930.813004179478,5851.172006283902],"slackBeforeALNS":0,"nInitialNotServicedFixedRequests":[0,0,0,0,0],"averageNotServicedExpectedRequests":[6.0,8.0,9.0,9.0,8.0],"ALNSIterations":[819,843,800,793,855],"runId":["Run 1","Run 2","Run 3","Run 4","Run 5"]}