{"slackAfterALNS":0,"nInitialNotServicedExpectedRequests":[6,4,6,4,3],"averageObj":[5229.655130234749,5731.975654149758,7345.007233295439,5429.843631467931,5271.305013009473],"slackBeforeALNS":0,"nInitialNotServicedFixedRequests":[0,0,1,0,0],"averageNotServicedExpectedRequests":[19.2,25.6,21.9,21.1,19.8],"ALNSIterations":[5171,4254,5047,4551,5095],"runId":["Run 1","Run 2","Run 3","Run 4","Run 5"]}