{"slackAfterALNS":0,"nInitialNotServicedExpectedRequests":[8,8,3,5,16],"averageObj":[5427.8752745055635,7543.320916394428,5385.000682883145,7473.2035412626265,5194.188305768097],"slackBeforeALNS":0,"nInitialNotServicedFixedRequests":[0,1,0,1,0],"averageNotServicedExpectedRequests":[22.8,23.6,22.1,22.3,20.4],"ALNSIterations":[4156,4236,4433,4317,3885],"runId":["Run 1","Run 2","Run 3","Run 4","Run 5"]}