{"slackAfterALNS":0,"nInitialNotServicedExpectedRequests":[4,2,3,2,9],"averageObj":[5040.081093794777,4882.173630923478,5416.553393527424,5137.99125452327,5401.2756400373555],"slackBeforeALNS":0,"nInitialNotServicedFixedRequests":[0,0,0,0,0],"averageNotServicedExpectedRequests":[20.1,18.2,23.5,21.0,22.8],"ALNSIterations":[4351,4771,4494,4359,4810],"runId":["Run 1","Run 2","Run 3","Run 4","Run 5"]}