{"slackAfterALNS":0,"nInitialNotServicedExpectedRequests":[4,7,8,10,7],"averageObj":[9910.193427157388,5762.819843142797,9597.036652576515,7664.470609711674,5509.747789981868],"slackBeforeALNS":0,"nInitialNotServicedFixedRequests":[2,0,2,1,0],"averageNotServicedExpectedRequests":[27.3,26.3,25.0,25.1,23.6],"ALNSIterations":[4662,4318,4021,4470,4210],"runId":["Run 1","Run 2","Run 3","Run 4","Run 5"]}