{"nTaxi":2,"TotalCost":2979.9999999999927,"TotalDistance":5477.932324238502,"TotalIdleTime":20,"Scenario":{"name":"Generated_Data_100_3"},"TotalRideTime":6007}