{"slackAfterALNS":0,"nInitialNotServicedExpectedRequests":[8,3,6,6,10],"averageObj":[12134.265654886547,8394.700808946647,12293.46069183439,14863.401173929029,9017.048015690272],"slackBeforeALNS":0,"nInitialNotServicedFixedRequests":[2,0,2,3,0],"averageNotServicedExpectedRequests":[28.1,31.3,29.3,37.0,36.4],"ALNSIterations":[1714,1467,1046,1076,1019],"runId":["Run 1","Run 2","Run 3","Run 4","Run 5"]}