{"slackAfterALNS":0,"nInitialNotServicedExpectedRequests":[13,13,11,13,6],"averageObj":[21183.19756381817,15367.129181164957,16951.92281385733,17571.019313396944,23263.09531969149],"slackBeforeALNS":0,"nInitialNotServicedFixedRequests":[6,3,4,4,7],"averageNotServicedExpectedRequests":[40.6,42.7,36.5,44.0,41.7],"ALNSIterations":[1633,1650,1521,1310,1438],"runId":["Run 1","Run 2","Run 3","Run 4","Run 5"]}