{"slackAfterALNS":0,"nInitialNotServicedExpectedRequests":[4,5,10,5,7],"averageObj":[8376.003235269063,8624.031031742656,8008.265688208453,8183.291939759268,10348.648466944322],"slackBeforeALNS":0,"nInitialNotServicedFixedRequests":[0,0,0,0,1],"averageNotServicedExpectedRequests":[32.2,34.6,27.8,29.4,32.6],"ALNSIterations":[1621,1518,1577,1584,1672],"runId":["Run 1","Run 2","Run 3","Run 4","Run 5"]}