{"slackAfterALNS":0,"nInitialNotServicedExpectedRequests":[12,15,14,18,7],"averageObj":[20523.411917574387,24995.932818850568,25080.284256347655,22808.41082498458,23395.31957274506],"slackBeforeALNS":0,"nInitialNotServicedFixedRequests":[6,8,8,7,7],"averageNotServicedExpectedRequests":[32.2,39.4,39.2,36.8,44.3],"ALNSIterations":[1838,1759,1633,1693,1628],"runId":["Run 1","Run 2","Run 3","Run 4","Run 5"]}