{"slackAfterALNS":0,"nInitialNotServicedExpectedRequests":[5,9,10,6,8],"averageObj":[8667.179154575051,12576.893285921902,12582.582315302272,8504.179361004042,10763.972337787365],"slackBeforeALNS":0,"nInitialNotServicedFixedRequests":[0,2,2,0,1],"averageNotServicedExpectedRequests":[35.6,34.5,34.6,34.3,37.0],"ALNSIterations":[1549,1635,1578,1508,1828],"runId":["Run 1","Run 2","Run 3","Run 4","Run 5"]}