{"slackAfterALNS":0,"nInitialNotServicedExpectedRequests":[9,15,10,14,5],"averageObj":[18439.573139496428,20311.914451058066,13424.689514207861,19239.860991162426,19215.467030734526],"slackBeforeALNS":0,"nInitialNotServicedFixedRequests":[5,6,2,5,5],"averageNotServicedExpectedRequests":[31.7,32.0,42.5,41.4,41.0],"ALNSIterations":[1242,1027,1091,1056,1485],"runId":["Run 1","Run 2","Run 3","Run 4","Run 5"]}