{"slackAfterALNS":0,"nInitialNotServicedExpectedRequests":[15,14,16,24,21],"averageObj":[5874.231380649243,5755.330225738093,6199.908951472598,6008.10854782898,6122.902588520669],"slackBeforeALNS":0,"nInitialNotServicedFixedRequests":[0,0,0,0,0],"averageNotServicedExpectedRequests":[27.8,25.8,31.9,29.2,31.1],"ALNSIterations":[4091,4162,4067,3208,4071],"runId":["Run 1","Run 2","Run 3","Run 4","Run 5"]}