{"slackAfterALNS":0,"nInitialNotServicedExpectedRequests":[19,24,24,15,21],"averageObj":[6106.50582741164,6026.971511711061,6545.4574887290155,6564.091545010352,6184.649876280076],"slackBeforeALNS":0,"nInitialNotServicedFixedRequests":[0,0,0,0,0],"averageNotServicedExpectedRequests":[31.7,31.4,36.5,36.7,33.0],"ALNSIterations":[3987,3776,5106,4762,5017],"runId":["Run 1","Run 2","Run 3","Run 4","Run 5"]}