{"slackAfterALNS":0,"nInitialNotServicedExpectedRequests":[19,14,15,15,17],"averageObj":[5787.42245386866,5850.880449347076,5473.071403022144,5919.841117019747,5405.895278671618],"slackBeforeALNS":0,"nInitialNotServicedFixedRequests":[0,0,0,0,0],"averageNotServicedExpectedRequests":[28.9,29.3,24.7,29.7,24.3],"ALNSIterations":[4026,4607,4335,4390,4551],"runId":["Run 1","Run 2","Run 3","Run 4","Run 5"]}