{"slackAfterALNS":0,"nInitialNotServicedExpectedRequests":[25,23,17,21,23],"averageObj":[6523.417786609161,6511.190346278073,6263.581295587228,6446.690816272793,6743.54002238139],"slackBeforeALNS":0,"nInitialNotServicedFixedRequests":[0,0,0,0,0],"averageNotServicedExpectedRequests":[35.3,36.3,33.2,35.2,38.5],"ALNSIterations":[3470,4024,4015,4253,3769],"runId":["Run 1","Run 2","Run 3","Run 4","Run 5"]}