{"slackAfterALNS":0,"nInitialNotServicedExpectedRequests":[0,0,0,0,0],"averageObj":[1455.0,1025.3131580464121,1011.0118732856179,1368.1585081585085,1199.8135198135199],"slackBeforeALNS":0,"nInitialNotServicedFixedRequests":[0,0,0,0,0],"averageNotServicedExpectedRequests":[5.0,0.0,0.0,4.0,2.0],"ALNSIterations":[21902,21678,20619,20200,20254],"runId":["Run 1","Run 2","Run 3","Run 4","Run 5"]}