{"slackAfterALNS":0,"nInitialNotServicedExpectedRequests":[3,3,3,2,2],"averageObj":[1766.7920734625036,1385.7975427947604,1390.640092717956,1492.4962076591612,1429.3936551783263],"slackBeforeALNS":0,"nInitialNotServicedFixedRequests":[0,0,0,0,0],"averageNotServicedExpectedRequests":[8.0,4.0,4.0,5.0,4.0],"ALNSIterations":[22401,22535,22292,20508,19720],"runId":["Run 1","Run 2","Run 3","Run 4","Run 5"]}