{"slackAfterALNS":0,"nInitialNotServicedExpectedRequests":[1,2,1,1,2],"averageObj":[1504.0925412579738,1499.7364918905764,1517.4343200483752,1594.5172915998241,1626.8765405535785],"slackBeforeALNS":0,"nInitialNotServicedFixedRequests":[0,0,0,0,0],"averageNotServicedExpectedRequests":[5.0,5.0,5.0,6.0,6.0],"ALNSIterations":[18570,18981,18369,18716,18683],"runId":["Run 1","Run 2","Run 3","Run 4","Run 5"]}