{"slackAfterALNS":0,"nInitialNotServicedExpectedRequests":[2,2,2,2,2],"averageObj":[1690.4063294133962,1188.7857864189507,1417.5441556427938,1198.7512969580414,1371.2891982613455],"slackBeforeALNS":0,"nInitialNotServicedFixedRequests":[0,0,0,0,0],"averageNotServicedExpectedRequests":[7.0,2.0,4.0,2.0,4.0],"ALNSIterations":[19886,19626,20013,20417,20430],"runId":["Run 1","Run 2","Run 3","Run 4","Run 5"]}