{"slackAfterALNS":0,"nInitialNotServicedExpectedRequests":[2,2,2,2,1],"averageObj":[1419.2384013306894,1569.2923591766917,1472.2440892440886,1380.6564739608218,1331.5382733208828],"slackBeforeALNS":0,"nInitialNotServicedFixedRequests":[0,0,0,0,0],"averageNotServicedExpectedRequests":[4.0,6.0,5.0,4.0,3.0],"ALNSIterations":[22652,22719,21897,22262,22190],"runId":["Run 1","Run 2","Run 3","Run 4","Run 5"]}