{"slackAfterALNS":0,"nInitialNotServicedExpectedRequests":[1,1,1,1,1],"averageObj":[567.0909090909091,484.06765327695564,296.9767441860466,296.9767441860466,567.0909090909091],"slackBeforeALNS":0,"nInitialNotServicedFixedRequests":[0,0,0,0,0],"averageNotServicedExpectedRequests":[4.0,3.0,1.0,1.0,4.0],"ALNSIterations":[333848,208177,332520,351093,353100],"runId":["Run 1","Run 2","Run 3","Run 4","Run 5"]}