{"slackAfterALNS":0,"nInitialNotServicedExpectedRequests":[30,23,13,26,22,26,20,20,23,29],"averageObj":[9687.298854812761,9009.180631835467,9357.659884157705,9686.127673144949,9124.293797801136,9280.530022714047,9106.71066364305,9300.52510433448,9387.1705731046,9878.436818306564],"slackBeforeALNS":0,"nInitialNotServicedFixedRequests":[1,1,1,1,1,1,1,1,1,1],"averageNotServicedExpectedRequests":[49.4,42.3,46.0,49.4,43.2,44.8,43.6,45.0,46.4,51.5],"runId":["Run 1","Run 2","Run 3","Run 4","Run 5","Run 6","Run 7","Run 8","Run 9","Run 10"]}