{"slackAfterALNS":0,"nInitialNotServicedExpectedRequests":[28,34,19,22,23,22,24,30,22,21],"averageObj":[7971.0540492086675,7523.522740902784,7299.403343700242,7376.802419528898,7790.429499712144,7578.104486205702,7482.1978118233,7852.687300376441,7147.28073867058,8046.758369318441],"slackBeforeALNS":0,"nInitialNotServicedFixedRequests":[0,0,0,0,0,0,0,0,0,0],"averageNotServicedExpectedRequests":[52.6,47.0,44.4,45.4,49.5,47.7,46.4,50.3,42.3,52.5],"runId":["Run 1","Run 2","Run 3","Run 4","Run 5","Run 6","Run 7","Run 8","Run 9","Run 10"]}