{"slackAfterALNS":0,"nInitialNotServicedExpectedRequests":[35,27,20,21,23,31,28,24,31,22],"averageObj":[7653.5741628923615,7692.781247158327,7697.909609525991,7811.158466080311,7732.946140405822,7642.857173948869,7791.73547965539,7966.066737038139,8059.900032217671,7720.749541188487],"slackBeforeALNS":0,"nInitialNotServicedFixedRequests":[0,0,0,0,0,0,0,0,0,0],"averageNotServicedExpectedRequests":[48.4,49.2,49.0,49.7,49.3,47.6,49.9,51.6,53.3,48.8],"runId":["Run 1","Run 2","Run 3","Run 4","Run 5","Run 6","Run 7","Run 8","Run 9","Run 10"]}