{"slackAfterALNS":0,"nInitialNotServicedExpectedRequests":[33,22,24,18,24,21,22,28,31,27],"averageObj":[7608.836683402013,7740.438970080705,7799.966558708225,7529.7749496460865,7553.825119313953,7819.47691255023,7545.440386395346,7727.259160658493,8046.764818961559,7296.297193571711],"slackBeforeALNS":0,"nInitialNotServicedFixedRequests":[0,0,0,0,0,0,0,0,0,0],"averageNotServicedExpectedRequests":[48.3,49.8,50.0,47.1,47.1,51.0,47.7,49.8,53.0,44.8],"runId":["Run 1","Run 2","Run 3","Run 4","Run 5","Run 6","Run 7","Run 8","Run 9","Run 10"]}