{"slackAfterALNS":0,"nInitialNotServicedExpectedRequests":[34,27,15,25,30,24,20,20,23,21],"averageObj":[7731.131824777857,7308.895069511501,7678.478982873787,7863.897803863077,7827.740514887906,7580.841926521485,7409.54512570487,7640.53088549169,7324.803379784134,7551.742039743159],"slackBeforeALNS":0,"nInitialNotServicedFixedRequests":[0,0,0,0,0,0,0,0,0,0],"averageNotServicedExpectedRequests":[49.4,44.4,49.2,51.0,50.4,47.5,46.3,48.1,44.8,47.0],"runId":["Run 1","Run 2","Run 3","Run 4","Run 5","Run 6","Run 7","Run 8","Run 9","Run 10"]}