{"slackAfterALNS":0,"nInitialNotServicedExpectedRequests":[32,24,32,26,31,26,16,24,25,15],"averageObj":[7766.197374829872,7514.857458887005,7382.810699691198,7031.194509653118,7335.597190663422,7938.131649289983,7293.447608582108,7265.36932584144,7099.4831499007805,7234.091553887728],"slackBeforeALNS":0,"nInitialNotServicedFixedRequests":[0,0,0,0,0,0,0,0,0,0],"averageNotServicedExpectedRequests":[50.1,47.8,45.3,41.5,45.2,51.7,44.5,44.1,42.5,43.6],"runId":["Run 1","Run 2","Run 3","Run 4","Run 5","Run 6","Run 7","Run 8","Run 9","Run 10"]}