{"slackAfterALNS":0,"nInitialNotServicedExpectedRequests":[26,24,20,24,20,25,25,16,23,30],"averageObj":[7541.98771930186,6902.530742751727,7702.1317435663495,7217.527544080325,7584.296809976846,8052.084674862686,7398.332737411531,7033.43057594501,7798.992790911699,7476.030856673482],"slackBeforeALNS":0,"nInitialNotServicedFixedRequests":[0,0,0,0,0,0,0,0,0,0],"averageNotServicedExpectedRequests":[48.1,40.8,49.9,44.8,48.6,53.7,46.7,42.3,50.6,47.3],"runId":["Run 1","Run 2","Run 3","Run 4","Run 5","Run 6","Run 7","Run 8","Run 9","Run 10"]}