{"slackAfterALNS":0,"nInitialNotServicedExpectedRequests":[25,23,31,15,30,20,23,28,29,27],"averageObj":[7498.596167084023,7658.151255547544,7886.736549509199,7001.243944239136,7312.644691316486,7611.507234014391,7896.780281481655,8027.503777430448,8061.196939854284,7707.046602384682],"slackBeforeALNS":0,"nInitialNotServicedFixedRequests":[0,0,0,0,0,0,0,0,0,0],"averageNotServicedExpectedRequests":[46.3,47.7,50.7,41.2,44.7,48.0,51.3,52.5,53.7,49.7],"runId":["Run 1","Run 2","Run 3","Run 4","Run 5","Run 6","Run 7","Run 8","Run 9","Run 10"]}