{"slackAfterALNS":0,"nInitialNotServicedExpectedRequests":[32,29,29,18,28,28,28,31,31,17],"averageObj":[8049.021353721187,7942.94549159164,8078.809629843001,7557.011169355867,8149.711631807615,7888.7564549096005,7815.277837696616,7754.985445283406,7779.368432207077,7587.884402057396],"slackBeforeALNS":0,"nInitialNotServicedFixedRequests":[0,0,0,0,0,0,0,0,0,0],"averageNotServicedExpectedRequests":[52.3,52.0,52.9,47.0,54.3,51.3,50.4,49.3,49.8,47.1],"runId":["Run 1","Run 2","Run 3","Run 4","Run 5","Run 6","Run 7","Run 8","Run 9","Run 10"]}