{"slackAfterALNS":0,"nInitialNotServicedExpectedRequests":[30,28,16,18,19,23,24,21,23,29],"averageObj":[9647.849078412557,8779.244233808437,10210.615846425871,9292.622781150862,9259.962720354424,9748.970626127575,9563.624866334472,9481.875416893492,9224.853628311675,9965.253868240698],"slackBeforeALNS":0,"nInitialNotServicedFixedRequests":[1,1,1,1,1,1,1,1,1,1],"averageNotServicedExpectedRequests":[48.7,39.9,55.2,44.8,45.0,49.3,48.1,46.8,44.1,52.1],"runId":["Run 1","Run 2","Run 3","Run 4","Run 5","Run 6","Run 7","Run 8","Run 9","Run 10"]}