{"slackAfterALNS":0,"nInitialNotServicedExpectedRequests":[32,21,27,24,24,18,22,26,18,21],"averageObj":[7727.603630190946,7473.650928115758,7384.552452125516,7425.989835113932,7891.569783176827,7865.0230567117105,7484.200251793483,7313.688571554395,7121.364518766078,6660.376968601251],"slackBeforeALNS":0,"nInitialNotServicedFixedRequests":[0,0,0,0,0,0,0,0,0,0],"averageNotServicedExpectedRequests":[49.0,46.4,45.8,45.6,51.2,51.1,46.7,44.6,42.6,37.4],"runId":["Run 1","Run 2","Run 3","Run 4","Run 5","Run 6","Run 7","Run 8","Run 9","Run 10"]}