{"slackAfterALNS":0,"nInitialNotServicedExpectedRequests":[32,30,27,28,30,19,23,28,25,19],"averageObj":[7526.522325916869,7471.321677972072,7472.856585796953,7396.574321594213,7847.659008677087,7662.4968521204455,7334.357725280856,7080.123527303874,7492.938076011858,7047.011694821934],"slackBeforeALNS":0,"nInitialNotServicedFixedRequests":[0,0,0,0,0,0,0,0,0,0],"averageNotServicedExpectedRequests":[47.9,47.0,46.6,45.2,51.1,49.1,44.8,41.5,47.1,42.1],"runId":["Run 1","Run 2","Run 3","Run 4","Run 5","Run 6","Run 7","Run 8","Run 9","Run 10"]}