{"slackAfterALNS":0,"nInitialNotServicedExpectedRequests":[32,35,26,21,23,32,19,23,20,21],"averageObj":[8563.2602728003,7830.94941884832,7918.863732521897,7588.296640208003,7586.247748035363,7136.587791328362,7554.0188186266505,8077.618373801069,7596.3460756984205,7576.7069819754415],"slackBeforeALNS":0,"nInitialNotServicedFixedRequests":[0,0,0,0,0,0,0,0,0,0],"averageNotServicedExpectedRequests":[58.4,50.1,51.2,47.8,48.0,42.4,46.2,52.7,48.0,47.4],"runId":["Run 1","Run 2","Run 3","Run 4","Run 5","Run 6","Run 7","Run 8","Run 9","Run 10"]}