{"slackAfterALNS":0,"nInitialNotServicedExpectedRequests":[23,19,23,15,24,23,30,24,35,23],"averageObj":[6786.925640575035,7773.126215338232,7404.208155768113,7603.090862163733,7052.478822727642,7474.18426429125,7672.1181142578935,7277.181042083925,6963.501803178054,7613.233038761084],"slackBeforeALNS":0,"nInitialNotServicedFixedRequests":[0,0,0,0,0,0,0,0,0,0],"averageNotServicedExpectedRequests":[39.8,50.8,46.1,48.8,42.6,47.4,49.2,44.9,41.4,48.6],"runId":["Run 1","Run 2","Run 3","Run 4","Run 5","Run 6","Run 7","Run 8","Run 9","Run 10"]}