{"slackAfterALNS":0,"nInitialNotServicedExpectedRequests":[35,33,31,24,22,33,25,22,25,23],"averageObj":[7683.572391017018,7791.300270524417,8095.069261780925,7553.468417122918,7606.467560926276,7875.139394601307,7360.964409513645,7934.859817128963,8093.727158002078,7672.217773767841],"slackBeforeALNS":0,"nInitialNotServicedFixedRequests":[0,0,0,0,0,0,0,0,0,0],"averageNotServicedExpectedRequests":[48.6,49.9,53.3,47.3,47.7,50.8,45.4,51.7,52.8,48.8],"runId":["Run 1","Run 2","Run 3","Run 4","Run 5","Run 6","Run 7","Run 8","Run 9","Run 10"]}