{"slackAfterALNS":0,"nInitialNotServicedExpectedRequests":[35,27,36,24,21,29,17,18,25,24],"averageObj":[7344.997575156196,7386.881536520146,7548.38090692619,7071.422037228663,7769.917824415851,7193.874139250625,7758.592237719364,7607.407038489846,7802.020730505809,7680.974565037868],"slackBeforeALNS":0,"nInitialNotServicedFixedRequests":[0,0,0,0,0,0,0,0,0,0],"averageNotServicedExpectedRequests":[45.1,45.7,47.2,41.9,49.7,43.5,49.7,47.2,50.5,48.8],"runId":["Run 1","Run 2","Run 3","Run 4","Run 5","Run 6","Run 7","Run 8","Run 9","Run 10"]}