{"slackAfterALNS":0,"nInitialNotServicedExpectedRequests":[28,23,24,19,16,25,29,22,27,24],"averageObj":[7347.204866333808,7550.555825370235,7292.559982724941,7378.5738765692395,7302.6534093653945,7655.325329311721,7631.2069078506465,7477.596701463679,7516.191355059635,7158.247093841446],"slackBeforeALNS":0,"nInitialNotServicedFixedRequests":[0,0,0,0,0,0,0,0,0,0],"averageNotServicedExpectedRequests":[45.5,47.9,45.1,45.9,44.9,49.2,49.2,47.3,47.5,43.5],"runId":["Run 1","Run 2","Run 3","Run 4","Run 5","Run 6","Run 7","Run 8","Run 9","Run 10"]}