{"slackAfterALNS":0,"nInitialNotServicedExpectedRequests":[28,26,29,30,29,22,33,23,25,36],"averageObj":[7260.519618906207,7691.992259891912,7375.230958625276,8048.686018809019,7730.445279803275,7825.861094035516,7335.327411935852,7811.4188787959165,7810.006945569352,7762.751870022725],"slackBeforeALNS":0,"nInitialNotServicedFixedRequests":[0,0,0,0,0,0,0,0,0,0],"averageNotServicedExpectedRequests":[43.7,49.1,45.2,52.8,49.7,50.4,44.0,50.4,49.9,48.9],"runId":["Run 1","Run 2","Run 3","Run 4","Run 5","Run 6","Run 7","Run 8","Run 9","Run 10"]}