{"slackAfterALNS":0,"nInitialNotServicedExpectedRequests":[20,23,22,23,36,31,21,27,22,26],"averageObj":[7320.279955173117,7596.119355247982,7329.554664951725,7167.114849192874,7665.878695489757,7408.4301325763345,7231.934828686719,7651.966315608562,7397.335292503876,7579.0150191130115],"slackBeforeALNS":0,"nInitialNotServicedFixedRequests":[0,0,0,0,0,0,0,0,0,0],"averageNotServicedExpectedRequests":[44.5,48.1,44.8,42.8,48.2,46.0,43.6,48.0,46.0,47.5],"runId":["Run 1","Run 2","Run 3","Run 4","Run 5","Run 6","Run 7","Run 8","Run 9","Run 10"]}