{"slackAfterALNS":0,"nInitialNotServicedExpectedRequests":[25,25,29,18,13,20,21,14,20,26],"averageObj":[7333.254036711151,7536.404642708546,7290.693251809384,7075.902305864862,7176.330467942251,7486.194103478973,7376.914149679169,7226.6772397151535,7528.793799229135,7311.579724332143],"slackBeforeALNS":0,"nInitialNotServicedFixedRequests":[0,0,0,0,0,0,0,0,0,0],"averageNotServicedExpectedRequests":[45.4,47.3,44.9,42.5,43.5,46.8,45.7,43.4,47.8,44.8],"runId":["Run 1","Run 2","Run 3","Run 4","Run 5","Run 6","Run 7","Run 8","Run 9","Run 10"]}