{"slackAfterALNS":0,"nInitialNotServicedExpectedRequests":[17,14,22,22,29],"averageObj":[6411.29031778867,5994.005482844676,6763.12968854975,6149.237071325221,6544.273727771288],"slackBeforeALNS":0,"nInitialNotServicedFixedRequests":[0,0,0,0,0],"averageNotServicedExpectedRequests":[34.3,29.5,38.2,31.6,35.9],"ALNSIterations":[4648,4358,4942,4238,4346],"runId":["Run 1","Run 2","Run 3","Run 4","Run 5"]}