{"slackAfterALNS":0,"nInitialNotServicedExpectedRequests":[20,11,17,12,14],"averageObj":[6441.485377632596,5845.69948496195,5486.452032768551,5858.9075862707605,6449.59876016334],"slackBeforeALNS":0,"nInitialNotServicedFixedRequests":[0,0,0,0,0],"averageNotServicedExpectedRequests":[35.2,28.1,24.5,28.6,35.2],"ALNSIterations":[4817,4740,4874,4954,4690],"runId":["Run 1","Run 2","Run 3","Run 4","Run 5"]}