{"slackAfterALNS":0,"nInitialNotServicedExpectedRequests":[2,2,2,1,2],"averageObj":[3205.6160607612196,3303.7984740997854,3192.695903193932,3284.168553458926,3230.2411717629434],"slackBeforeALNS":0,"nInitialNotServicedFixedRequests":[0,0,0,0,0],"averageNotServicedExpectedRequests":[2.0,3.0,2.0,2.0,2.0],"ALNSIterations":[2054,2167,2367,2232,2393],"runId":["Run 1","Run 2","Run 3","Run 4","Run 5"]}