{"slackAfterALNS":0,"nInitialNotServicedExpectedRequests":[3,2,1,2,2],"averageObj":[3936.062839205756,3473.0012978585355,3237.166682906161,3227.2383593630875,3197.926455641033],"slackBeforeALNS":0,"nInitialNotServicedFixedRequests":[0,0,0,0,0],"averageNotServicedExpectedRequests":[9.0,5.0,2.0,2.0,1.0],"ALNSIterations":[2426,2327,2453,1944,2301],"runId":["Run 1","Run 2","Run 3","Run 4","Run 5"]}