{"slackAfterALNS":0,"nInitialNotServicedExpectedRequests":[3,3,4,6,4],"averageObj":[3606.465735668441,3498.3057810744913,3656.055394504715,3800.692822276137,3639.982773211468],"slackBeforeALNS":0,"nInitialNotServicedFixedRequests":[0,0,0,0,0],"averageNotServicedExpectedRequests":[6.0,4.0,6.0,8.0,6.0],"ALNSIterations":[1653,2400,2249,2435,2377],"runId":["Run 1","Run 2","Run 3","Run 4","Run 5"]}