{"slackAfterALNS":0,"nInitialNotServicedExpectedRequests":[0,0,0,0,1],"averageObj":[3232.018743176393,3377.076791414379,3323.047306544736,3441.9273985333502,3399.6199177624812],"slackBeforeALNS":0,"nInitialNotServicedFixedRequests":[0,0,0,0,0],"averageNotServicedExpectedRequests":[2.0,3.0,3.0,4.0,4.0],"ALNSIterations":[2167,2298,2092,1443,2002],"runId":["Run 1","Run 2","Run 3","Run 4","Run 5"]}