{"slackAfterALNS":0,"nInitialNotServicedExpectedRequests":[2,2,2,3,3],"averageObj":[3499.8293579552364,3599.1650252202826,3333.737640709619,3637.9794565692,3691.2798039136187],"slackBeforeALNS":0,"nInitialNotServicedFixedRequests":[0,0,0,0,0],"averageNotServicedExpectedRequests":[4.0,5.0,3.0,6.0,7.0],"ALNSIterations":[1799,1660,1519,2083,2165],"runId":["Run 1","Run 2","Run 3","Run 4","Run 5"]}