{"slackAfterALNS":0,"nInitialNotServicedExpectedRequests":[0,0,0,0,0],"averageObj":[3265.004494732013,3394.3915762272527,3055.3071688727177,3215.8047441994167,3292.9482627961415],"slackBeforeALNS":0,"nInitialNotServicedFixedRequests":[0,0,0,0,0],"averageNotServicedExpectedRequests":[2.0,4.0,0.0,1.0,2.0],"ALNSIterations":[2029,1897,2247,1973,1829],"runId":["Run 1","Run 2","Run 3","Run 4","Run 5"]}