{"slackAfterALNS":0,"nInitialNotServicedExpectedRequests":[1,1,0,1,1],"averageObj":[3416.41428016428,3678.8121472328703,3389.0996810207353,3427.0058948230135,3330.9178343364847],"slackBeforeALNS":0,"nInitialNotServicedFixedRequests":[0,0,0,0,0],"averageNotServicedExpectedRequests":[4.0,7.0,4.0,4.0,3.0],"ALNSIterations":[2416,1910,1644,2386,2341],"runId":["Run 1","Run 2","Run 3","Run 4","Run 5"]}