{"slackAfterALNS":0,"nInitialNotServicedExpectedRequests":[0,0,0,0,0],"averageObj":[3577.0231459405913,3880.960245683903,3656.283210994544,3887.196757446248,3207.332892517505],"slackBeforeALNS":0,"nInitialNotServicedFixedRequests":[0,0,0,0,0],"averageNotServicedExpectedRequests":[5.0,8.0,5.0,9.0,1.0],"ALNSIterations":[2089,2067,2027,2082,1868],"runId":["Run 1","Run 2","Run 3","Run 4","Run 5"]}