{"slackAfterALNS":0,"nInitialNotServicedExpectedRequests":[1,3,1,1,3],"averageObj":[387.3972739147158,483.82104548581526,433.6423900660743,424.45099368999047,509.3514285714285],"slackBeforeALNS":0,"nInitialNotServicedFixedRequests":[0,0,0,0,0],"averageNotServicedExpectedRequests":[1.9,3.1,2.5,2.4,3.4],"ALNSIterations":[261051,317695,290723,329665,332056],"runId":["Run 1","Run 2","Run 3","Run 4","Run 5"]}