{"slackAfterALNS":0,"nInitialNotServicedExpectedRequests":[66,64,64,64,67,70,71,66,68,69],"averageObj":[23372.985212619016,21522.642286807433,23454.06006718479,19442.44572429725,19471.48048368349,15514.775457679183,29421.826243193704,15527.774572237371,27329.1441503777,23468.676118403364],"slackBeforeALNS":0,"nInitialNotServicedFixedRequests":[9,8,9,7,7,5,12,5,11,9],"averageNotServicedExpectedRequests":[59.9,63.7,67.0,75.9,67.0,63.1,68.2,64.3,68.1,61.8],"runId":["Run 1","Run 2","Run 3","Run 4","Run 5","Run 6","Run 7","Run 8","Run 9","Run 10"]}