{"slackAfterALNS":0,"nInitialNotServicedExpectedRequests":[72,76,87,93,73,73,74,82,84,88],"averageObj":[9435.88588628527,9309.621660374887,7433.796280830279,9343.42021557676,11379.05127737665,7397.414888387668,9398.156881453708,7440.725551994614,7467.228178073854,7380.0278718034915],"slackBeforeALNS":0,"nInitialNotServicedFixedRequests":[2,2,1,2,3,1,2,1,1,1],"averageNotServicedExpectedRequests":[69.0,86.1,85.1,86.8,80.8,86.2,76.9,81.6,73.3,83.4],"runId":["Run 1","Run 2","Run 3","Run 4","Run 5","Run 6","Run 7","Run 8","Run 9","Run 10"]}