{"slackAfterALNS":0,"nInitialNotServicedExpectedRequests":[60,54,75,70,72,80,71,67,69,86],"averageObj":[19482.7405951829,21458.714142446774,13511.852377355845,21452.14089961035,21405.217675929583,17417.98689295034,19478.9735410816,13547.71849254575,15532.268591405687,17358.7893323039],"slackBeforeALNS":0,"nInitialNotServicedFixedRequests":[7,8,4,8,8,6,7,4,5,6],"averageNotServicedExpectedRequests":[66.0,67.7,72.6,71.9,71.6,74.7,76.3,70.8,69.5,79.2],"runId":["Run 1","Run 2","Run 3","Run 4","Run 5","Run 6","Run 7","Run 8","Run 9","Run 10"]}