{"slackAfterALNS":0,"nInitialNotServicedExpectedRequests":[65,68,72,59,79,64,91,76,83,55],"averageObj":[5430.562162714146,5471.535206244198,7407.58490179068,5457.484914488254,5462.837673060109,7468.390486156434,5395.258748964583,5374.031908005774,7455.114206214593,5475.953103681603],"slackBeforeALNS":0,"nInitialNotServicedFixedRequests":[0,0,1,0,0,1,0,0,1,0],"averageNotServicedExpectedRequests":[63.6,65.3,70.6,71.7,78.1,64.1,70.3,79.0,67.9,61.5],"runId":["Run 1","Run 2","Run 3","Run 4","Run 5","Run 6","Run 7","Run 8","Run 9","Run 10"]}