{"slackAfterALNS":0,"nInitialNotServicedExpectedRequests":[71,67,67,68,57,74,65,68,64,82],"averageObj":[13431.077241486204,11401.944671069865,11444.987468735471,11429.455115833714,7545.041361034664,11417.203500938294,13468.681925950048,11546.463525056679,9506.300587420581,9455.273144576098],"slackBeforeALNS":0,"nInitialNotServicedFixedRequests":[4,3,3,3,1,3,4,3,2,2],"averageNotServicedExpectedRequests":[76.2,68.6,71.5,70.5,62.5,71.5,69.2,70.2,62.6,71.9],"runId":["Run 1","Run 2","Run 3","Run 4","Run 5","Run 6","Run 7","Run 8","Run 9","Run 10"]}