{"slackAfterALNS":0,"nInitialNotServicedExpectedRequests":[62,71,63,65,64,74,76,70,56,57],"averageObj":[21481.138005712313,25393.886912342565,23430.390943910264,23414.15200857393,25451.857689337063,21413.001335049725,13454.368444735705,27451.026626098297,31433.032086892967,25445.22053668469],"slackBeforeALNS":0,"nInitialNotServicedFixedRequests":[8,10,9,9,10,8,4,11,13,10],"averageNotServicedExpectedRequests":[69.5,71.0,64.0,76.7,71.2,71.0,76.6,72.8,72.2,61.4],"runId":["Run 1","Run 2","Run 3","Run 4","Run 5","Run 6","Run 7","Run 8","Run 9","Run 10"]}