{"slackAfterALNS":0,"nInitialNotServicedExpectedRequests":[57,61,47,87,74,79,64,71,68,66],"averageObj":[7435.6282425929185,9459.283008588263,9505.018529680916,7425.64704957161,5417.206026193661,7383.0581285040635,7451.427898037831,9410.917930972595,9377.738085711537,5357.1975138893395],"slackBeforeALNS":0,"nInitialNotServicedFixedRequests":[1,2,2,1,0,1,1,2,2,0],"averageNotServicedExpectedRequests":[72.3,61.4,57.6,77.9,77.8,77.7,65.3,74.1,73.9,73.7],"runId":["Run 1","Run 2","Run 3","Run 4","Run 5","Run 6","Run 7","Run 8","Run 9","Run 10"]}