{"slackAfterALNS":0,"nInitialNotServicedExpectedRequests":[76,55,76,82,61,77,81,89,71,78],"averageObj":[17390.361720028406,13486.804125480427,15300.72578209559,13369.161765213352,15426.428913987915,13419.01913800179,15354.646166596975,15233.423238605286,13358.569109495966,13428.646043836416],"slackBeforeALNS":0,"nInitialNotServicedFixedRequests":[6,4,5,4,5,4,5,5,4,4],"averageNotServicedExpectedRequests":[72.2,59.9,71.0,77.1,68.4,72.0,75.6,95.1,73.4,70.0],"runId":["Run 1","Run 2","Run 3","Run 4","Run 5","Run 6","Run 7","Run 8","Run 9","Run 10"]}