{"slackAfterALNS":0,"nInitialNotServicedExpectedRequests":[68,66,79,71,82,67,61,83,63,63],"averageObj":[5432.345234101747,5514.523362851068,7374.089037071742,5447.6830917744755,7348.444310361214,5385.5086355418425,9398.163771814168,7400.20444049489,7358.522702951128,5441.6647951918585],"slackBeforeALNS":0,"nInitialNotServicedFixedRequests":[0,0,1,0,1,0,2,1,1,0],"averageNotServicedExpectedRequests":[70.2,71.1,80.1,75.0,85.0,67.4,68.4,75.8,74.5,71.5],"runId":["Run 1","Run 2","Run 3","Run 4","Run 5","Run 6","Run 7","Run 8","Run 9","Run 10"]}