{"slackAfterALNS":0,"nInitialNotServicedExpectedRequests":[3,7,6,3,7],"averageObj":[9297.062317418458,7621.573664393948,5690.430521516649,5154.118042123688,13357.00170225085],"slackBeforeALNS":0,"nInitialNotServicedFixedRequests":[2,1,0,0,4],"averageNotServicedExpectedRequests":[21.4,24.8,24.7,19.6,22.2],"ALNSIterations":[4135,4583,4273,4791,4223],"runId":["Run 1","Run 2","Run 3","Run 4","Run 5"]}