{"slackAfterALNS":0,"nInitialNotServicedExpectedRequests":[4,7,9,3,4],"averageObj":[5462.506086646654,9331.685535348257,5261.966104042947,7517.893955623311,5543.849548065853],"slackBeforeALNS":0,"nInitialNotServicedFixedRequests":[0,2,0,1,0],"averageNotServicedExpectedRequests":[23.0,20.9,20.8,23.0,22.5],"ALNSIterations":[4752,4435,4716,4279,4590],"runId":["Run 1","Run 2","Run 3","Run 4","Run 5"]}