{"slackAfterALNS":0,"nInitialNotServicedExpectedRequests":[1,2,3,1,3],"averageObj":[446.21248246844317,450.3219651259193,429.4367224376789,476.1387585991245,552.8695652173913],"slackBeforeALNS":0,"nInitialNotServicedFixedRequests":[0,0,0,0,0],"averageNotServicedExpectedRequests":[2.7,2.7,2.5,3.0,3.9],"ALNSIterations":[675613,750452,582225,445626,512745],"runId":["Run 1","Run 2","Run 3","Run 4","Run 5"]}