{"slackAfterALNS":0,"nInitialNotServicedExpectedRequests":[0,3,2,0,1],"averageObj":[6321.217583807718,6309.49711128232,6412.321008403363,6380.667299177736,6336.40994776289],"slackBeforeALNS":0,"nInitialNotServicedFixedRequests":[3,3,3,3,3],"averageNotServicedExpectedRequests":[1.6,1.5,2.5,2.2,1.8],"ALNSIterations":[253739,338319,246943,253350,318948],"runId":["Run 1","Run 2","Run 3","Run 4","Run 5"]}