{"slackAfterALNS":0,"nInitialNotServicedExpectedRequests":[4,1,1,5,1],"averageObj":[6486.117254771731,6437.4097867720975,6383.385498839563,6481.989365561078,6462.549525988885],"slackBeforeALNS":0,"nInitialNotServicedFixedRequests":[3,3,3,3,3],"averageNotServicedExpectedRequests":[3.1,2.6,2.0,3.1,2.9],"ALNSIterations":[291036,318969,334518,279799,239223],"runId":["Run 1","Run 2","Run 3","Run 4","Run 5"]}