{"slackAfterALNS":0,"nInitialNotServicedExpectedRequests":[1,1,3,1,4],"averageObj":[409.05085784313724,475.5756466332491,411.46629081702605,356.1826796006802,465.99912571089044],"slackBeforeALNS":0,"nInitialNotServicedFixedRequests":[0,0,0,0,0],"averageNotServicedExpectedRequests":[2.3,3.0,2.3,1.7,2.9],"ALNSIterations":[247067,321084,330496,336575,273133],"runId":["Run 1","Run 2","Run 3","Run 4","Run 5"]}