{"slackAfterALNS":0,"nInitialNotServicedExpectedRequests":[1,3,2,2,0],"averageObj":[2500.9452784503633,2421.2116579131653,2473.485328790607,2442.891456582633,2401.5775910364146],"slackBeforeALNS":0,"nInitialNotServicedFixedRequests":[1,1,1,1,1],"averageNotServicedExpectedRequests":[3.4,2.5,3.1,2.8,2.3],"ALNSIterations":[629650,888939,790669,995888,691811],"runId":["Run 1","Run 2","Run 3","Run 4","Run 5"]}