{"slackAfterALNS":0,"nInitialNotServicedExpectedRequests":[1,0,0,1,2],"averageObj":[420.24342537402555,466.14285714285717,371.0079908656351,445.0259043519777,395.43915103597624],"slackBeforeALNS":0,"nInitialNotServicedFixedRequests":[0,0,0,0,0],"averageNotServicedExpectedRequests":[2.4,2.9,1.8,2.6,2.1],"ALNSIterations":[507711,817518,415147,524518,705870],"runId":["Run 1","Run 2","Run 3","Run 4","Run 5"]}