{"slackAfterALNS":0,"nInitialNotServicedExpectedRequests":[1,0,2,0,1],"averageObj":[424.35698444320104,364.5094962695194,504.88776954819184,467.6881207642531,359.97392683990745],"slackBeforeALNS":0,"nInitialNotServicedFixedRequests":[0,0,0,0,0],"averageNotServicedExpectedRequests":[2.4,1.6,3.1,2.9,1.7],"ALNSIterations":[221291,230592,256075,344537,344043],"runId":["Run 1","Run 2","Run 3","Run 4","Run 5"]}