{"slackAfterALNS":0,"nInitialNotServicedExpectedRequests":[1,1,1,1,0],"averageObj":[437.66670174067275,492.95141504877813,417.04154990676153,405.28530347049235,378.0381598793364],"slackBeforeALNS":0,"nInitialNotServicedFixedRequests":[0,0,0,0,0],"averageNotServicedExpectedRequests":[2.6,3.2,2.3,2.2,1.9],"ALNSIterations":[286848,331374,267329,255316,306374],"runId":["Run 1","Run 2","Run 3","Run 4","Run 5"]}