{"slackAfterALNS":0,"nInitialNotServicedExpectedRequests":[2,1,0,1,2],"averageObj":[4363.060986770417,4420.7116981520985,4428.091557017544,4455.536265969802,4418.700947430696],"slackBeforeALNS":0,"nInitialNotServicedFixedRequests":[2,2,2,2,2],"averageNotServicedExpectedRequests":[1.9,2.6,2.7,2.9,2.6],"ALNSIterations":[495991,504667,646556,670699,733471],"runId":["Run 1","Run 2","Run 3","Run 4","Run 5"]}