{"slackAfterALNS":0,"nInitialNotServicedExpectedRequests":[0,2,1,2,2,2,1,2,0,0],"averageObj":[408.34797071857764,514.1085855655876,586.6044186046511,446.58874032900565,448.240051460277,354.9619727307832,502.27090347848724,410.12506930972506,548.2091120319252,400.9667080141309],"slackBeforeALNS":0,"nInitialNotServicedFixedRequests":[0,0,0,0,0,0,0,0,0,0],"averageNotServicedExpectedRequests":[2.2,3.4,4.2,2.7,2.7,1.6,3.3,2.3,3.7,2.2],"runId":["Run 1","Run 2","Run 3","Run 4","Run 5","Run 6","Run 7","Run 8","Run 9","Run 10"]}