{"slackAfterALNS":0,"nInitialNotServicedExpectedRequests":[2,1,1,1,1,1,0,1,1,2],"averageObj":[458.2498980501747,401.67814622653333,545.7874739644589,408.1785342022866,363.7423076923077,472.3270253762008,399.39299868329465,447.3727909513862,437.98296062267184,409.949347314009],"slackBeforeALNS":0,"nInitialNotServicedFixedRequests":[0,0,0,0,0,0,0,0,0,0],"averageNotServicedExpectedRequests":[2.8,2.2,3.8,2.2,1.8,3.0,2.2,2.7,2.6,2.3],"runId":["Run 1","Run 2","Run 3","Run 4","Run 5","Run 6","Run 7","Run 8","Run 9","Run 10"]}