{"slackAfterALNS":0,"nInitialNotServicedExpectedRequests":[0,1,0,0,1,0,0,0,0,1],"averageObj":[275.2568624917449,410.6332967969797,303.7402246382949,364.4045960328979,371.0,367.2364055240015,319.1595141700405,319.21245901639344,339.6067786335758,292.7902082572159],"slackBeforeALNS":0,"nInitialNotServicedFixedRequests":[0,0,0,0,0,0,0,0,0,0],"averageNotServicedExpectedRequests":[0.8,2.3,1.1,1.8,1.9,1.8,1.3,1.3,1.5,1.0],"runId":["Run 1","Run 2","Run 3","Run 4","Run 5","Run 6","Run 7","Run 8","Run 9","Run 10"]}