{"slackAfterALNS":0,"nInitialNotServicedExpectedRequests":[0,0,0,0,0,0,0,0,0,1],"averageObj":[5792.719930402286,5968.884448037092,6065.098030603055,5798.796064921211,6093.3708326924625,5958.77597535317,5893.834602138819,5760.749817520968,5702.185162408601,5920.075170136321],"slackBeforeALNS":0,"nInitialNotServicedFixedRequests":[1,1,1,1,1,1,1,1,1,1],"averageNotServicedExpectedRequests":[7.9,10.2,10.9,8.2,11.2,9.8,9.0,7.6,7.1,9.2],"runId":["Run 1","Run 2","Run 3","Run 4","Run 5","Run 6","Run 7","Run 8","Run 9","Run 10"]}