{"slackAfterALNS":0,"nInitialNotServicedExpectedRequests":[0,0,0,0,1,0,0,0,0,0],"averageObj":[5814.256641967474,5777.327172097442,5893.990319698034,5838.497782695382,5614.581877154669,5783.441504233761,5978.8944068714945,5894.962526719975,5739.714725645092,5840.8337103839895],"slackBeforeALNS":0,"nInitialNotServicedFixedRequests":[1,1,1,1,1,1,1,1,1,1],"averageNotServicedExpectedRequests":[8.4,8.0,9.3,8.8,6.0,8.1,10.4,9.1,7.5,8.7],"runId":["Run 1","Run 2","Run 3","Run 4","Run 5","Run 6","Run 7","Run 8","Run 9","Run 10"]}