{"slackAfterALNS":0,"nInitialNotServicedExpectedRequests":[0,0,0,0,2,0,0,0,1,0],"averageObj":[3855.791874709871,3705.9900777993257,4118.426761754561,3977.3738696043315,3953.2679663252993,4064.217796803719,3864.1181765160773,3672.8560086281823,3930.1788307310135,3675.262630453606],"slackBeforeALNS":0,"nInitialNotServicedFixedRequests":[0,0,0,0,0,0,0,0,0,0],"averageNotServicedExpectedRequests":[8.5,7.1,11.6,9.8,9.9,10.7,8.6,6.9,9.3,6.4],"runId":["Run 1","Run 2","Run 3","Run 4","Run 5","Run 6","Run 7","Run 8","Run 9","Run 10"]}