{"slackAfterALNS":0,"nInitialNotServicedExpectedRequests":[0,0,0,0,0,0,0,1,0,1],"averageObj":[3842.5965622885037,3843.9846392032277,3904.714973299612,3780.4063738377845,3879.8127118448137,3940.8799333256807,3551.8240071154105,3751.76434425309,3778.29572288598,3714.335912498899],"slackBeforeALNS":0,"nInitialNotServicedFixedRequests":[0,0,0,0,0,0,0,0,0,0],"averageNotServicedExpectedRequests":[8.6,8.6,9.0,7.8,8.8,9.8,5.4,7.5,8.0,7.3],"runId":["Run 1","Run 2","Run 3","Run 4","Run 5","Run 6","Run 7","Run 8","Run 9","Run 10"]}