{"slackAfterALNS":0,"nInitialNotServicedExpectedRequests":[1,0,2,0,0,0,1,0,1,0],"averageObj":[3816.3753316816415,3933.130698433882,3825.12420024197,3952.9904993314203,3684.0148544650647,3617.057672614752,3744.670512335934,4004.533369744919,3889.014029990467,4113.058349635221],"slackBeforeALNS":0,"nInitialNotServicedFixedRequests":[0,0,0,0,0,0,0,0,0,0],"averageNotServicedExpectedRequests":[8.3,9.3,8.3,9.9,6.9,6.2,7.4,10.2,9.0,11.5],"runId":["Run 1","Run 2","Run 3","Run 4","Run 5","Run 6","Run 7","Run 8","Run 9","Run 10"]}