{"slackAfterALNS":0,"nInitialNotServicedExpectedRequests":[0,0,0,0,0,0,0,0,0,0],"averageObj":[3483.074917004403,3702.426726268027,4006.567945686741,3731.760776021947,3951.7961150402043,3851.573359739699,3704.136583304894,3779.388117862679,3676.425385063302,3753.225770638094],"slackBeforeALNS":0,"nInitialNotServicedFixedRequests":[0,0,0,0,0,0,0,0,0,0],"averageNotServicedExpectedRequests":[4.9,7.1,10.3,7.3,9.8,8.6,7.0,7.8,6.4,7.7],"runId":["Run 1","Run 2","Run 3","Run 4","Run 5","Run 6","Run 7","Run 8","Run 9","Run 10"]}