{"slackAfterALNS":0,"nInitialNotServicedExpectedRequests":[0,0,0,1,0,0,0,0,0,0],"averageObj":[3464.083418903163,3899.630680310152,3770.7154847380807,3666.0398786785845,3574.66152074233,3593.4139259710673,3691.144777695976,3518.6956205138167,3523.1143848161723,3535.4022826637774],"slackBeforeALNS":0,"nInitialNotServicedFixedRequests":[0,0,0,0,0,0,0,0,0,0],"averageNotServicedExpectedRequests":[4.7,9.3,7.9,6.9,6.0,5.9,7.1,5.4,5.3,5.3],"runId":["Run 1","Run 2","Run 3","Run 4","Run 5","Run 6","Run 7","Run 8","Run 9","Run 10"]}