{"slackAfterALNS":0,"nInitialNotServicedExpectedRequests":[0,0,1,0,0,0,1,0,0,1],"averageObj":[3783.0869184960384,3856.720055041079,3991.994933001316,4174.264198606917,3987.247707493932,3617.8263531974844,3749.000936578872,3993.3075585822,3749.5175568818404,3846.746962558056],"slackBeforeALNS":0,"nInitialNotServicedFixedRequests":[0,0,0,0,0,0,0,0,0,0],"averageNotServicedExpectedRequests":[7.8,8.7,9.9,11.9,10.2,6.2,7.5,10.3,7.6,8.4],"runId":["Run 1","Run 2","Run 3","Run 4","Run 5","Run 6","Run 7","Run 8","Run 9","Run 10"]}