{"slackAfterALNS":0,"nInitialNotServicedExpectedRequests":[15,20,20,26,20],"averageObj":[6200.304416214245,6559.120941263766,6560.471117055007,5690.460624184266,6176.435463655206],"slackBeforeALNS":0,"nInitialNotServicedFixedRequests":[0,0,0,0,0],"averageNotServicedExpectedRequests":[32.5,36.8,36.9,27.0,32.0],"ALNSIterations":[4606,3785,3484,4110,4546],"runId":["Run 1","Run 2","Run 3","Run 4","Run 5"]}