{"slackAfterALNS":0,"nInitialNotServicedExpectedRequests":[20,14,19,24,21],"averageObj":[6230.975869916253,6194.703880343438,5935.4656058597775,6174.735568310289,5771.872921045424],"slackBeforeALNS":0,"nInitialNotServicedFixedRequests":[0,0,0,0,0],"averageNotServicedExpectedRequests":[32.7,32.6,28.9,31.9,26.7],"ALNSIterations":[4159,4092,4736,3696,4692],"runId":["Run 1","Run 2","Run 3","Run 4","Run 5"]}