{"slackAfterALNS":0,"nInitialNotServicedExpectedRequests":[41,30,34,31,33,24,28,26,27,33],"averageObj":[8367.961897653753,8440.839377098077,8570.727343803661,8306.228122561159,8639.346945968626,8180.3018082430735,7751.311750671235,8684.257037284873,8447.324478788423,7693.447880393852],"slackBeforeALNS":0,"nInitialNotServicedFixedRequests":[0,0,0,0,0,0,0,0,0,0],"averageNotServicedExpectedRequests":[57.8,58.4,59.2,56.5,59.8,55.2,50.2,60.4,58.0,49.7],"runId":["Run 1","Run 2","Run 3","Run 4","Run 5","Run 6","Run 7","Run 8","Run 9","Run 10"]}