{"slackAfterALNS":0,"nInitialNotServicedExpectedRequests":[31,34,28,35,25,29,32,27,31,26],"averageObj":[7848.756277407291,8190.546102171886,7887.615619490751,7627.77223612549,7627.101744202353,8225.028525804297,7802.70921698617,7783.283288666835,8157.081204576815,7834.179780172737],"slackBeforeALNS":0,"nInitialNotServicedFixedRequests":[0,0,0,0,0,0,0,0,0,0],"averageNotServicedExpectedRequests":[51.5,54.8,52.0,48.7,48.9,55.6,50.9,50.3,54.6,51.4],"runId":["Run 1","Run 2","Run 3","Run 4","Run 5","Run 6","Run 7","Run 8","Run 9","Run 10"]}