{"slackAfterALNS":0,"nInitialNotServicedExpectedRequests":[3,7,6,9,5],"averageObj":[5423.421788822318,5171.9160121416,9161.265406623847,5441.992389686313,8933.345391528943],"slackBeforeALNS":0,"nInitialNotServicedFixedRequests":[0,0,2,0,2],"averageNotServicedExpectedRequests":[22.8,20.0,20.7,22.4,18.4],"ALNSIterations":[4772,3815,4483,4277,3942],"runId":["Run 1","Run 2","Run 3","Run 4","Run 5"]}