{"slackAfterALNS":0,"nInitialNotServicedExpectedRequests":[9,8,3,5,5],"averageObj":[9311.101289490482,11764.975099781816,9309.190635360948,9536.186991750388,7598.1972128358],"slackBeforeALNS":0,"nInitialNotServicedFixedRequests":[2,3,2,2,1],"averageNotServicedExpectedRequests":[20.3,25.5,21.6,23.1,23.8],"ALNSIterations":[4313,4183,4672,4309,4489],"runId":["Run 1","Run 2","Run 3","Run 4","Run 5"]}