{"slackAfterALNS":0,"nInitialNotServicedExpectedRequests":[7,3,5,4,7],"averageObj":[7813.3627155597005,5633.552704332296,5367.388981527436,7700.943777937617,7230.899260332136],"slackBeforeALNS":0,"nInitialNotServicedFixedRequests":[1,0,0,1,1],"averageNotServicedExpectedRequests":[27.2,25.7,21.6,25.7,20.6],"ALNSIterations":[4698,4588,4508,4842,5409],"runId":["Run 1","Run 2","Run 3","Run 4","Run 5"]}