{"slackAfterALNS":0,"nInitialNotServicedExpectedRequests":[5,11,11,14,4],"averageObj":[4913.450204913708,7199.321953601553,7929.9281876001305,5746.335644182107,5799.60163955961],"slackBeforeALNS":0,"nInitialNotServicedFixedRequests":[0,1,1,0,0],"averageNotServicedExpectedRequests":[16.4,20.0,28.2,24.8,26.6],"ALNSIterations":[4622,5004,4133,4443,4525],"runId":["Run 1","Run 2","Run 3","Run 4","Run 5"]}