{"slackAfterALNS":0,"nInitialNotServicedExpectedRequests":[3,9,4,5,6],"averageObj":[9688.554238977933,5867.196857886927,7929.089628229021,9597.643078705869,5539.5978052237115],"slackBeforeALNS":0,"nInitialNotServicedFixedRequests":[2,0,1,2,0],"averageNotServicedExpectedRequests":[25.2,26.9,27.8,23.8,24.0],"ALNSIterations":[4244,4769,4292,4972,5026],"runId":["Run 1","Run 2","Run 3","Run 4","Run 5"]}