{"slackAfterALNS":0,"nInitialNotServicedExpectedRequests":[6,1,7,6,6],"averageObj":[5140.393165992144,5143.856871360539,4885.716911664358,5065.884868820771,5484.418330341906],"slackBeforeALNS":0,"nInitialNotServicedFixedRequests":[0,0,0,0,0],"averageNotServicedExpectedRequests":[21.0,21.1,17.5,20.1,24.5],"ALNSIterations":[4334,4914,4175,4942,4377],"runId":["Run 1","Run 2","Run 3","Run 4","Run 5"]}