{"slackAfterALNS":0,"nInitialNotServicedExpectedRequests":[4,12,9,6,9],"averageObj":[5248.821337429779,5641.794028891638,5486.803145482007,7751.545294652397,5765.878257202891],"slackBeforeALNS":0,"nInitialNotServicedFixedRequests":[0,0,0,1,0],"averageNotServicedExpectedRequests":[21.3,26.2,24.1,27.5,26.9],"ALNSIterations":[4661,4874,4884,4603,4762],"runId":["Run 1","Run 2","Run 3","Run 4","Run 5"]}