{"slackAfterALNS":0,"nInitialNotServicedExpectedRequests":[17,7,19,13,11],"averageObj":[22682.27680479429,13590.333051770058,21192.676466118322,21218.275718686167,21307.99642456634],"slackBeforeALNS":0,"nInitialNotServicedFixedRequests":[7,2,6,6,6],"averageNotServicedExpectedRequests":[35.5,45.1,41.0,41.1,41.2],"ALNSIterations":[1026,1003,969,985,1021],"runId":["Run 1","Run 2","Run 3","Run 4","Run 5"]}