{"slackAfterALNS":0,"nInitialNotServicedExpectedRequests":[5,9,11,2,9],"averageObj":[4314.109568950787,6210.015898402856,2733.2234607110263,2395.808034217531,2439.7957866568872],"slackBeforeALNS":0,"nInitialNotServicedFixedRequests":[1,2,0,0,0],"averageNotServicedExpectedRequests":[13.7,12.7,18.4,14.6,15.3],"ALNSIterations":[23152,25875,20631,19961,21425],"runId":["Run 1","Run 2","Run 3","Run 4","Run 5"]}