{"slackAfterALNS":0,"nInitialNotServicedExpectedRequests":[14,12,9,13,7],"averageObj":[6911.983790300343,6763.813297410085,4631.008282813555,6851.502779111439,6604.783921775968],"slackBeforeALNS":0,"nInitialNotServicedFixedRequests":[2,2,1,2,2],"averageNotServicedExpectedRequests":[19.7,18.9,16.8,19.8,17.2],"ALNSIterations":[14997,14630,16502,20943,21053],"runId":["Run 1","Run 2","Run 3","Run 4","Run 5"]}