{"slackAfterALNS":0,"nInitialNotServicedExpectedRequests":[1,2,3,3,1],"averageObj":[2508.924087301587,2403.7457193246237,2341.389595256881,2515.2857142857147,2464.7254260290792],"slackBeforeALNS":0,"nInitialNotServicedFixedRequests":[1,1,1,1,1],"averageNotServicedExpectedRequests":[3.5,2.3,1.5,3.6,2.9],"ALNSIterations":[371031,466609,391214,301313,302764],"runId":["Run 1","Run 2","Run 3","Run 4","Run 5"]}