{"slackAfterALNS":0,"nInitialNotServicedExpectedRequests":[6,5,11,12,9],"averageObj":[2639.8143655492745,2378.855477009666,2682.3043596666803,2564.6908175461394,2647.907972730042],"slackBeforeALNS":0,"nInitialNotServicedFixedRequests":[0,0,0,0,0],"averageNotServicedExpectedRequests":[16.8,14.5,17.7,16.4,17.5],"ALNSIterations":[32221,36447,33357,42410,43340],"runId":["Run 1","Run 2","Run 3","Run 4","Run 5"]}