{"slackAfterALNS":0,"nInitialNotServicedExpectedRequests":[6,5,8,10,10],"averageObj":[2715.248654541329,2505.24135081833,2721.33875744586,4487.373200241561,2512.0575747198573],"slackBeforeALNS":0,"nInitialNotServicedFixedRequests":[0,0,0,1,0],"averageNotServicedExpectedRequests":[17.9,15.6,18.0,15.6,15.5],"ALNSIterations":[35384,38792,41697,38877,47756],"runId":["Run 1","Run 2","Run 3","Run 4","Run 5"]}