{"slackAfterALNS":0,"nInitialNotServicedExpectedRequests":[4,9,6,6,3],"averageObj":[4559.514271712748,6227.093938737607,6484.580918613461,4566.687808852677,4528.628819327462],"slackBeforeALNS":0,"nInitialNotServicedFixedRequests":[1,2,2,1,1],"averageNotServicedExpectedRequests":[16.2,12.8,15.3,16.3,15.9],"ALNSIterations":[36491,38171,36049,33471,40442],"runId":["Run 1","Run 2","Run 3","Run 4","Run 5"]}