{"slackAfterALNS":0,"nInitialNotServicedExpectedRequests":[14,16,14,13,14],"averageObj":[2740.8117444942827,2747.36178096495,2514.6441674693597,2672.033337067472,2741.9044372294375],"slackBeforeALNS":0,"nInitialNotServicedFixedRequests":[0,0,0,0,0],"averageNotServicedExpectedRequests":[19.0,19.0,16.0,18.0,19.0],"ALNSIterations":[17751,17912,19888,18305,19672],"runId":["Run 1","Run 2","Run 3","Run 4","Run 5"]}