{"slackAfterALNS":0,"nInitialNotServicedExpectedRequests":[7,10,7,8,7],"averageObj":[2555.014872621577,2686.810611414838,2347.701595082144,2451.0184267973455,2123.791236113316],"slackBeforeALNS":0,"nInitialNotServicedFixedRequests":[0,0,0,0,0],"averageNotServicedExpectedRequests":[16.0,18.0,14.0,15.0,11.0],"ALNSIterations":[18318,16126,17001,17523,17442],"runId":["Run 1","Run 2","Run 3","Run 4","Run 5"]}