{"slackAfterALNS":0,"nInitialNotServicedExpectedRequests":[8,6,6,10,7],"averageObj":[2046.8641997464306,2283.068293970688,2289.5325401590417,2403.3355370843196,2132.5259998110696],"slackBeforeALNS":0,"nInitialNotServicedFixedRequests":[0,0,0,0,0],"averageNotServicedExpectedRequests":[11.0,13.0,14.0,15.0,12.0],"ALNSIterations":[19003,17406,19503,18267,18629],"runId":["Run 1","Run 2","Run 3","Run 4","Run 5"]}