{"slackAfterALNS":0,"nInitialNotServicedExpectedRequests":[13,12,13,10,12],"averageObj":[2643.1889679905075,2464.938180035726,2447.6750762314946,2440.7364690267395,2486.4573751903486],"slackBeforeALNS":0,"nInitialNotServicedFixedRequests":[0,0,0,0,0],"averageNotServicedExpectedRequests":[17.0,15.0,15.0,15.0,15.0],"ALNSIterations":[19283,19135,24002,23805,24029],"runId":["Run 1","Run 2","Run 3","Run 4","Run 5"]}