{"slackAfterALNS":0,"nInitialNotServicedExpectedRequests":[9,10,9,8,8],"averageObj":[2611.099611612731,2491.3554746135846,2369.000849394441,2185.489458746845,2521.9689929789706],"slackBeforeALNS":0,"nInitialNotServicedFixedRequests":[0,0,0,0,0],"averageNotServicedExpectedRequests":[17.0,16.0,14.0,12.0,16.0],"ALNSIterations":[21214,23017,26276,26846,26750],"runId":["Run 1","Run 2","Run 3","Run 4","Run 5"]}