{"slackAfterALNS":0,"nInitialNotServicedExpectedRequests":[13,13,13,15,14],"averageObj":[2468.943037829879,2689.120542157008,2562.7435156217066,2511.3398436272737,2805.2354841686943],"slackBeforeALNS":0,"nInitialNotServicedFixedRequests":[0,0,0,0,0],"averageNotServicedExpectedRequests":[15.0,18.0,17.0,16.0,19.0],"ALNSIterations":[20163,19346,16509,16526,16376],"runId":["Run 1","Run 2","Run 3","Run 4","Run 5"]}