{"slackAfterALNS":0,"nInitialNotServicedExpectedRequests":[7,7,7,7,9],"averageObj":[2211.164203800669,2217.0821615307477,2473.230928783237,2135.576955072732,2119.6283701238676],"slackBeforeALNS":0,"nInitialNotServicedFixedRequests":[0,0,0,0,0],"averageNotServicedExpectedRequests":[13.0,13.0,16.0,12.0,12.0],"ALNSIterations":[20566,22191,26423,26590,26103],"runId":["Run 1","Run 2","Run 3","Run 4","Run 5"]}