{"slackAfterALNS":0,"nInitialNotServicedExpectedRequests":[1,0,1,2,1],"averageObj":[418.79023569023576,373.5948196114708,466.32780451668094,420.47376847290633,361.4427810540957],"slackBeforeALNS":0,"nInitialNotServicedFixedRequests":[0,0,0,0,0],"averageNotServicedExpectedRequests":[2.4,1.9,2.9,2.4,1.7],"ALNSIterations":[335150,368619,293658,388722,339367],"runId":["Run 1","Run 2","Run 3","Run 4","Run 5"]}