{"slackAfterALNS":0,"nInitialNotServicedExpectedRequests":[1,3,0,0,0],"averageObj":[400.391558909285,364.52566361521497,383.74064845790724,405.0981555384767,421.4904919722127],"slackBeforeALNS":0,"nInitialNotServicedFixedRequests":[0,0,0,0,0],"averageNotServicedExpectedRequests":[2.1,1.8,2.0,2.2,2.4],"ALNSIterations":[273675,318530,349836,274820,319532],"runId":["Run 1","Run 2","Run 3","Run 4","Run 5"]}