{"slackAfterALNS":0,"nInitialNotServicedExpectedRequests":[13,9,16,7,8],"averageObj":[12509.696845987166,8620.169114114631,10485.923839309544,14238.151319525172,14428.267644179661],"slackBeforeALNS":0,"nInitialNotServicedFixedRequests":[5,3,4,6,6],"averageNotServicedExpectedRequests":[16.0,17.0,16.0,13.0,14.0],"ALNSIterations":[1560,1888,1811,1794,1668],"runId":["Run 1","Run 2","Run 3","Run 4","Run 5"]}