{"slackAfterALNS":0,"nInitialNotServicedExpectedRequests":[7,9,12,7,9],"averageObj":[8096.01333091191,8467.99840969185,6435.07460598592,6273.308280602402,6221.005004587665],"slackBeforeALNS":0,"nInitialNotServicedFixedRequests":[3,3,2,2,2],"averageNotServicedExpectedRequests":[11.0,16.0,15.0,13.0,13.0],"ALNSIterations":[1859,2020,1804,1854,1968],"runId":["Run 1","Run 2","Run 3","Run 4","Run 5"]}