{"slackAfterALNS":0,"nInitialNotServicedExpectedRequests":[11,19,16,13,15],"averageObj":[6322.019727196422,2677.064045085153,6635.453144400819,4365.793483612987,4432.867899775188],"slackBeforeALNS":0,"nInitialNotServicedFixedRequests":[2,0,2,1,1],"averageNotServicedExpectedRequests":[14.0,17.0,18.0,14.0,15.0],"ALNSIterations":[1856,1978,2257,1900,1940],"runId":["Run 1","Run 2","Run 3","Run 4","Run 5"]}