{"slackAfterALNS":0,"nInitialNotServicedExpectedRequests":[6,9,6,8,7],"averageObj":[5776.6022406603615,5973.589753415677,6072.423857786584,4155.690805235944,8031.735414556018],"slackBeforeALNS":0,"nInitialNotServicedFixedRequests":[2,2,2,1,3],"averageNotServicedExpectedRequests":[8.0,9.0,11.0,12.0,11.0],"ALNSIterations":[2075,2206,2095,2210,2010],"runId":["Run 1","Run 2","Run 3","Run 4","Run 5"]}