{"slackAfterALNS":0,"nInitialNotServicedExpectedRequests":[9,6,14,9,9],"averageObj":[4065.4613458908216,1785.5826997653826,4668.041306174062,4239.626556588101,4030.274327305161],"slackBeforeALNS":0,"nInitialNotServicedFixedRequests":[1,0,1,1,1],"averageNotServicedExpectedRequests":[11.0,8.0,17.0,13.0,11.0],"ALNSIterations":[1926,1914,2021,2091,2278],"runId":["Run 1","Run 2","Run 3","Run 4","Run 5"]}