{"slackAfterALNS":0,"nInitialNotServicedExpectedRequests":[15,13,15,9,9],"averageObj":[6908.8766959042605,4722.405615526724,8411.577712881523,6340.278011325528,12476.086916339793],"slackBeforeALNS":0,"nInitialNotServicedFixedRequests":[2,1,3,2,5],"averageNotServicedExpectedRequests":[20.0,17.0,14.0,13.0,15.0],"ALNSIterations":[1972,1958,1880,2014,1958],"runId":["Run 1","Run 2","Run 3","Run 4","Run 5"]}