{"slackAfterALNS":0,"nInitialNotServicedExpectedRequests":[8,7,9,11,8],"averageObj":[6051.783677097971,6216.1968532914125,6673.866787560253,4091.2223698854914,8499.93934837497],"slackBeforeALNS":0,"nInitialNotServicedFixedRequests":[2,2,2,1,3],"averageNotServicedExpectedRequests":[11.0,12.0,17.0,11.0,15.0],"ALNSIterations":[1809,1544,1589,1787,1828],"runId":["Run 1","Run 2","Run 3","Run 4","Run 5"]}