{"slackAfterALNS":0,"nInitialNotServicedExpectedRequests":[6,8,9,5,7],"averageObj":[9818.078348692246,7950.46962507699,9758.948614134726,7932.548336691752,9836.85133485624],"slackBeforeALNS":0,"nInitialNotServicedFixedRequests":[4,3,4,3,4],"averageNotServicedExpectedRequests":[9.0,10.0,8.0,10.0,9.0],"ALNSIterations":[1872,1878,2098,2010,2081],"runId":["Run 1","Run 2","Run 3","Run 4","Run 5"]}