{"slackAfterALNS":0,"nInitialNotServicedExpectedRequests":[10,8,9,14,12],"averageObj":[6568.7597690037055,6130.9123071843005,6495.805180058114,6287.233785822022,6351.280817753459],"slackBeforeALNS":0,"nInitialNotServicedFixedRequests":[2,2,2,2,2],"averageNotServicedExpectedRequests":[17.0,12.0,16.0,14.0,15.0],"ALNSIterations":[1510,1850,1822,1809,1554],"runId":["Run 1","Run 2","Run 3","Run 4","Run 5"]}