{"slackAfterALNS":0,"nInitialNotServicedExpectedRequests":[11,12,7,8,13],"averageObj":[10105.663598437442,6689.762835827214,10129.187079807072,12088.887458334457,8632.896439494007],"slackBeforeALNS":0,"nInitialNotServicedFixedRequests":[4,2,4,5,3],"averageNotServicedExpectedRequests":[12.0,18.0,12.0,11.0,17.0],"ALNSIterations":[1718,2012,2024,1880,2169],"runId":["Run 1","Run 2","Run 3","Run 4","Run 5"]}