ScenarioName,TotalElapsedTime,AverageResponseTime,EventsInsertedByALNS,nTaxi,TotalCost,TotalDistance,TotalIdleTime,TotalIdleTimeWithCustomer,TotalRideTime,TotalDirectRideTime,TotalActualRideTime,nOfflineRequests,UnservicedOfflineRequest,nOnlineRequests,UnservicedOnlineRequests,AveragePercentRideSharing,ExcessRideTimePrServicedRequest,TotalEmptyRelocationTime,TotalNumberOfRequestsOverlapIdleVehicle,TotalDriveTimeToNearestIdleVehicle
Gen_Data_500_0.7_1_Run2,4303.05,8.61,21,73,77531.11271174504,19763.264427520757,7027,114,29016,8779,9610,0,0,500,73,5.026,1.662,7165,489,11251
Gen_Data_500_0.7_2_Run2,4489.31,8.98,16,91,95399.46010355273,20068.134238982962,8276,49,30468,9172,10152,0,0,500,91,5.85,1.96,8480,467,9584
Gen_Data_500_0.7_3_Run2,4270.2,8.54,21,79,83409.15314493231,19090.113716224678,8285,48,29566,8788,9371,0,0,500,79,4.164,1.166,7064,459,10980
Gen_Data_500_0.7_4_Run2,4405.14,8.81,9,79,83413.35836982903,20038.583778848588,8826,26,31068,8955,9593,0,0,500,79,4.362,1.276,8304,475,10369
Gen_Data_500_0.7_5_Run2,4456.8,8.91,25,66,70538.79824593457,20185.18407222017,8921,26,31358,8937,9533,0,0,500,66,3.836,1.192,8724,465,9273
Gen_Data_500_0.7_6_Run2,4439.07,8.88,25,78,82425.3300480631,19231.239714419462,9768,25,31200,8739,9399,0,0,500,78,4.841,1.32,7445,479,10600
Gen_Data_500_0.7_7_Run2,4364.06,8.73,23,66,70690.56395026993,19934.722942798235,9026,23,31219,9177,10196,0,0,500,66,5.745,2.038,7885,467,10226
Gen_Data_500_0.7_8_Run2,4335.77,8.67,21,75,79454.53200708712,20210.79374663356,8024,18,30434,9217,9950,0,0,500,75,4.72,1.466,8367,463,9612
Gen_Data_500_0.7_10_Run2,4354.11,8.71,31,69,73511.54080334614,20213.491273649353,8008,32,30466,9241,9863,0,0,500,69,4.537,1.244,7753,478,10728
