{"slackAfterALNS":0,"nInitialNotServicedExpectedRequests":[9,11,10,21,11],"averageObj":[4715.0610844363055,4541.466641058388,4651.530421329182,2936.5465625174666,4664.399048166826],"slackBeforeALNS":0,"nInitialNotServicedFixedRequests":[1,1,1,0,1],"averageNotServicedExpectedRequests":[18.4,16.4,17.5,20.7,17.4],"ALNSIterations":[25692,28697,26259,27895,28232],"runId":["Run 1","Run 2","Run 3","Run 4","Run 5"]}