{"slackAfterALNS":0,"nInitialNotServicedExpectedRequests":[8,6,9,9,6],"averageObj":[2710.4299757355802,4710.183122339307,2693.569237023824,2610.429323202796,2696.3159392086723],"slackBeforeALNS":0,"nInitialNotServicedFixedRequests":[0,1,0,0,0],"averageNotServicedExpectedRequests":[18.3,18.1,17.9,17.1,17.3],"ALNSIterations":[26347,28195,29422,26976,29006],"runId":["Run 1","Run 2","Run 3","Run 4","Run 5"]}