{"slackAfterALNS":0,"nInitialNotServicedExpectedRequests":[1,2,3,1,1],"averageObj":[2427.639775910364,2520.1215666467715,2437.145627127756,2478.17791005291,2508.2555375565316],"slackBeforeALNS":0,"nInitialNotServicedFixedRequests":[1,1,1,1,1],"averageNotServicedExpectedRequests":[2.6,3.5,2.6,3.1,3.4],"ALNSIterations":[319743,338207,291075,284939,359110],"runId":["Run 1","Run 2","Run 3","Run 4","Run 5"]}