{"slackAfterALNS":0,"nInitialNotServicedExpectedRequests":[2,1,1,1,1],"averageObj":[4378.050262016952,4419.470802411874,4371.147276690099,4365.431190783807,4481.4623162617445],"slackBeforeALNS":0,"nInitialNotServicedFixedRequests":[2,2,2,2,2],"averageNotServicedExpectedRequests":[2.1,2.6,2.0,2.0,3.2],"ALNSIterations":[260515,281198,237497,300442,338390],"runId":["Run 1","Run 2","Run 3","Run 4","Run 5"]}