{"slackAfterALNS":0,"nInitialNotServicedExpectedRequests":[0,1,2,1,1],"averageObj":[6325.5846769319105,6369.5910428244515,6323.9226793692305,6326.002293358815,6390.9040205703595],"slackBeforeALNS":0,"nInitialNotServicedFixedRequests":[3,3,3,3,3],"averageNotServicedExpectedRequests":[1.7,2.2,1.7,1.7,2.4],"ALNSIterations":[865806,887704,787324,863043,792984],"runId":["Run 1","Run 2","Run 3","Run 4","Run 5"]}