{"slackAfterALNS":0,"nInitialNotServicedExpectedRequests":[0,2,1,1,0],"averageObj":[6362.8454670329675,6317.1620598072,6307.621212121213,6314.147540983607,6361.730374619955],"slackBeforeALNS":0,"nInitialNotServicedFixedRequests":[3,3,3,3,3],"averageNotServicedExpectedRequests":[2.1,1.6,1.5,1.6,2.1],"ALNSIterations":[381010,370046,377617,410293,374853],"runId":["Run 1","Run 2","Run 3","Run 4","Run 5"]}