{"slackAfterALNS":0,"nInitialNotServicedExpectedRequests":[37,30,23,31,32,23,30,23,21,27],"averageObj":[8025.87777889345,8460.652619761659,7710.465193659393,8149.851895602459,8087.873792588156,7668.544433556116,8260.384865326483,8099.054965934838,8668.291186071898,7890.410520953478],"slackBeforeALNS":0,"nInitialNotServicedFixedRequests":[0,0,0,0,0,0,0,0,0,0],"averageNotServicedExpectedRequests":[52.9,57.9,49.3,53.7,53.1,48.4,56.1,54.1,60.4,51.5],"runId":["Run 1","Run 2","Run 3","Run 4","Run 5","Run 6","Run 7","Run 8","Run 9","Run 10"]}