{"slackAfterALNS":0,"nInitialNotServicedExpectedRequests":[32,30,25,22,20,27,25,32,25,23],"averageObj":[8061.691665977019,8129.665307446439,8369.461994356365,8276.893787196392,8602.440444195792,7729.667617872472,7865.715642638624,8122.681933144183,8110.924202107429,8206.145780251758],"slackBeforeALNS":0,"nInitialNotServicedFixedRequests":[0,0,0,0,0,0,0,0,0,0],"averageNotServicedExpectedRequests":[53.9,54.8,57.2,56.2,60.2,50.4,51.4,54.7,53.7,55.8],"runId":["Run 1","Run 2","Run 3","Run 4","Run 5","Run 6","Run 7","Run 8","Run 9","Run 10"]}