{"slackAfterALNS":0,"nInitialNotServicedExpectedRequests":[28,31,13,22,29,24,23,22,28,35],"averageObj":[8147.496352901095,8598.384125346094,7734.2999775828375,8287.91199256468,7836.347699987215,7368.3000149367235,7782.879474232072,7779.445552200242,8206.784034893866,7895.083520641654],"slackBeforeALNS":0,"nInitialNotServicedFixedRequests":[0,0,0,0,0,0,0,0,0,0],"averageNotServicedExpectedRequests":[54.2,59.2,49.4,55.8,50.9,45.4,50.1,50.3,55.4,51.1],"runId":["Run 1","Run 2","Run 3","Run 4","Run 5","Run 6","Run 7","Run 8","Run 9","Run 10"]}