{"slackAfterALNS":0,"nInitialNotServicedExpectedRequests":[29,29,22,22,22,18,30,26,18,29],"averageObj":[8195.516762532372,8592.291775261878,8139.266102276318,7717.451182932443,8014.308004712572,7503.280489400439,7777.665577361954,7767.601174253429,8305.758960156836,8046.082582068983],"slackBeforeALNS":0,"nInitialNotServicedFixedRequests":[0,0,0,0,0,0,0,0,0,0],"averageNotServicedExpectedRequests":[55.1,59.4,54.1,50.3,53.3,47.6,50.1,50.5,56.6,53.4],"runId":["Run 1","Run 2","Run 3","Run 4","Run 5","Run 6","Run 7","Run 8","Run 9","Run 10"]}