{"slackAfterALNS":0,"nInitialNotServicedExpectedRequests":[35,28,30,15,24,35,28,35,27,25],"averageObj":[8278.350786285824,8515.79271164125,8299.474109850276,8127.217413199605,8085.738238907767,8365.488680154851,8214.843522030358,8060.940639003755,8498.395011108965,8071.887194404642],"slackBeforeALNS":0,"nInitialNotServicedFixedRequests":[0,0,0,0,0,0,0,0,0,0],"averageNotServicedExpectedRequests":[56.0,58.1,56.7,53.6,53.5,56.8,55.3,53.8,58.4,53.8],"runId":["Run 1","Run 2","Run 3","Run 4","Run 5","Run 6","Run 7","Run 8","Run 9","Run 10"]}