{"slackAfterALNS":0,"nInitialNotServicedExpectedRequests":[32,25,24,24,31,26,32,30,26,23],"averageObj":[8269.27240997343,8127.540678291788,8158.833939670278,7924.279394167924,8367.729669294482,8441.0631565788,8612.943416133488,8295.842840078032,8487.554243433007,8074.121920464614],"slackBeforeALNS":0,"nInitialNotServicedFixedRequests":[0,0,0,0,0,0,0,0,0,0],"averageNotServicedExpectedRequests":[56.3,54.2,54.3,51.2,57.0,58.0,59.8,56.4,58.2,53.5],"runId":["Run 1","Run 2","Run 3","Run 4","Run 5","Run 6","Run 7","Run 8","Run 9","Run 10"]}