{"slackAfterALNS":0,"nInitialNotServicedExpectedRequests":[27,31,30,23,18,29,26,28,18,22],"averageObj":[7730.49446856239,7618.760139489548,7460.174028120424,7481.207571902354,6988.885268572727,7654.381888322976,7462.902734004131,8107.057922524698,7168.562599316698,8094.148234534754],"slackBeforeALNS":0,"nInitialNotServicedFixedRequests":[0,0,0,0,0,0,0,0,0,0],"averageNotServicedExpectedRequests":[50.4,48.7,47.2,47.4,41.7,49.2,47.8,54.3,43.6,53.9],"runId":["Run 1","Run 2","Run 3","Run 4","Run 5","Run 6","Run 7","Run 8","Run 9","Run 10"]}