{"slackAfterALNS":0,"nInitialNotServicedExpectedRequests":[29,22,21,19,28,24,25,17,38,30],"averageObj":[7757.591203608283,7802.904364034931,8200.014546157796,7746.299798216447,8640.896032919607,8352.923801803285,8391.223875692911,7750.17492386187,8242.865150861278,7816.492427589607],"slackBeforeALNS":0,"nInitialNotServicedFixedRequests":[0,0,0,0,0,0,0,0,0,0],"averageNotServicedExpectedRequests":[50.2,50.9,55.1,49.9,60.4,57.0,57.3,50.3,55.7,50.9],"runId":["Run 1","Run 2","Run 3","Run 4","Run 5","Run 6","Run 7","Run 8","Run 9","Run 10"]}