{"slackAfterALNS":0,"nInitialNotServicedExpectedRequests":[9,6,9,7,7],"averageObj":[12759.640353831606,14885.166302820213,15615.132276617322,18247.78754338171,13064.248258797159],"slackBeforeALNS":0,"nInitialNotServicedFixedRequests":[3,4,4,5,3],"averageNotServicedExpectedRequests":[15.0,16.0,23.0,31.0,18.0],"ALNSIterations":[829,755,753,740,811],"runId":["Run 1","Run 2","Run 3","Run 4","Run 5"]}