{"slackAfterALNS":0,"nInitialNotServicedExpectedRequests":[10,6,15,7,7],"averageObj":[14032.10174993641,12378.179286883304,13762.680696067084,14231.468123576316,10266.540999620032],"slackBeforeALNS":0,"nInitialNotServicedFixedRequests":[3,2,3,3,1],"averageNotServicedExpectedRequests":[27.0,31.0,26.0,31.0,29.0],"ALNSIterations":[824,743,710,747,816],"runId":["Run 1","Run 2","Run 3","Run 4","Run 5"]}