{"slackAfterALNS":0,"nInitialNotServicedExpectedRequests":[12,10,12,10,10],"averageObj":[26391.294590945217,15761.874644647232,19974.832668555344,19082.408614418997,18702.46117058777],"slackBeforeALNS":0,"nInitialNotServicedFixedRequests":[9,4,6,5,5],"averageNotServicedExpectedRequests":[34.0,24.0,28.0,40.0,35.0],"ALNSIterations":[889,776,774,803,841],"runId":["Run 1","Run 2","Run 3","Run 4","Run 5"]}