{"slackAfterALNS":0,"nInitialNotServicedExpectedRequests":[11,13,12,12,9],"averageObj":[12090.752097415376,18588.26807080402,19994.75254656785,18703.984114514733,16750.96899148632],"slackBeforeALNS":0,"nInitialNotServicedFixedRequests":[2,5,6,5,4],"averageNotServicedExpectedRequests":[28.0,34.0,28.0,34.0,35.0],"ALNSIterations":[849,754,749,782,851],"runId":["Run 1","Run 2","Run 3","Run 4","Run 5"]}