{"slackAfterALNS":0,"nInitialNotServicedExpectedRequests":[10,22,13,15,12],"averageObj":[22286.03318566357,25933.450540654772,27677.24338153931,26000.78424312381,28081.30480007943],"slackBeforeALNS":0,"nInitialNotServicedFixedRequests":[7,9,10,9,10],"averageNotServicedExpectedRequests":[31.0,28.0,27.0,28.0,30.0],"ALNSIterations":[551,931,954,963,519],"runId":["Run 1","Run 2","Run 3","Run 4","Run 5"]}