{"slackAfterALNS":0,"nInitialNotServicedExpectedRequests":[9,10,4,2,7],"averageObj":[13595.623253967602,22427.767379422137,17085.857879254796,13223.748385663883,12459.968800964594],"slackBeforeALNS":0,"nInitialNotServicedFixedRequests":[3,7,5,2,2],"averageNotServicedExpectedRequests":[22.0,30.0,16.0,39.0,32.0],"ALNSIterations":[797,739,686,735,807],"runId":["Run 1","Run 2","Run 3","Run 4","Run 5"]}