{"slackAfterALNS":0,"nInitialNotServicedExpectedRequests":[4,9,9,5,5],"averageObj":[4918.050758237861,10991.89708659962,4940.159917000029,5186.243201551093,4945.185992344548],"slackBeforeALNS":0,"nInitialNotServicedFixedRequests":[0,3,0,0,0],"averageNotServicedExpectedRequests":[18.3,19.4,18.2,21.0,18.2],"ALNSIterations":[4728,2497,2620,3350,2770],"runId":["Run 1","Run 2","Run 3","Run 4","Run 5"]}