{"slackAfterALNS":0,"nInitialNotServicedExpectedRequests":[11,3,10,9,5],"averageObj":[5924.46716756753,7316.791099622764,7775.949374267024,7592.14754403473,7335.716055976654],"slackBeforeALNS":0,"nInitialNotServicedFixedRequests":[0,1,1,1,1],"averageNotServicedExpectedRequests":[28.9,21.9,26.5,25.2,22.4],"ALNSIterations":[3254,4852,5207,4900,5081],"runId":["Run 1","Run 2","Run 3","Run 4","Run 5"]}