{"slackAfterALNS":0,"nInitialNotServicedExpectedRequests":[2,10,11,6,14],"averageObj":[5362.529195882062,9051.653239217625,7094.042947488871,7638.728806682853,7285.065288430627],"slackBeforeALNS":0,"nInitialNotServicedFixedRequests":[0,2,1,1,1],"averageNotServicedExpectedRequests":[22.4,18.8,19.8,25.8,21.2],"ALNSIterations":[4886,2792,2827,3751,2743],"runId":["Run 1","Run 2","Run 3","Run 4","Run 5"]}