{"slackAfterALNS":0,"nInitialNotServicedExpectedRequests":[12,4,11,4,10],"averageObj":[11761.06944623819,7233.244537079819,5866.688413674567,5768.837155602489,7792.686156538252],"slackBeforeALNS":0,"nInitialNotServicedFixedRequests":[3,1,0,0,1],"averageNotServicedExpectedRequests":[26.0,20.6,27.6,26.6,26.7],"ALNSIterations":[2713,4096,4461,4581,4442],"runId":["Run 1","Run 2","Run 3","Run 4","Run 5"]}