{"slackAfterALNS":0,"nInitialNotServicedExpectedRequests":[5,9,5,5,3],"averageObj":[7362.958082371095,7353.799074858771,5453.490932088092,5601.045355534243,7311.814058237901],"slackBeforeALNS":0,"nInitialNotServicedFixedRequests":[1,1,0,0,1],"averageNotServicedExpectedRequests":[21.2,20.8,22.7,23.5,21.3],"ALNSIterations":[4540,4734,4677,4509,4858],"runId":["Run 1","Run 2","Run 3","Run 4","Run 5"]}