{"slackAfterALNS":0,"nInitialNotServicedExpectedRequests":[5,4,1,10,2],"averageObj":[5160.798510978008,9239.366708716841,7088.93154352249,5500.352494213121,5914.831952561877],"slackBeforeALNS":0,"nInitialNotServicedFixedRequests":[0,2,1,0,0],"averageNotServicedExpectedRequests":[20.1,20.0,18.4,23.6,27.2],"ALNSIterations":[2913,3964,3955,2685,2443],"runId":["Run 1","Run 2","Run 3","Run 4","Run 5"]}