{"slackAfterALNS":0,"nInitialNotServicedExpectedRequests":[3,3,2,2,2],"averageObj":[5725.754247024047,5757.192379092797,5671.042196872172,5855.374601927883,5379.007512862078],"slackBeforeALNS":0,"nInitialNotServicedFixedRequests":[0,0,0,0,0],"averageNotServicedExpectedRequests":[7.0,7.0,6.0,8.0,3.0],"ALNSIterations":[806,791,699,628,671],"runId":["Run 1","Run 2","Run 3","Run 4","Run 5"]}