{"slackAfterALNS":0,"nInitialNotServicedExpectedRequests":[8,8,9,9,8],"averageObj":[5786.038528178731,5758.517814234775,5726.994944796273,6089.464599711707,5492.891030984057],"slackBeforeALNS":0,"nInitialNotServicedFixedRequests":[0,0,0,0,0],"averageNotServicedExpectedRequests":[8.0,7.0,7.0,11.0,4.0],"ALNSIterations":[885,852,749,689,698],"runId":["Run 1","Run 2","Run 3","Run 4","Run 5"]}