{"slackAfterALNS":0,"nInitialNotServicedExpectedRequests":[0,0,1,0,0],"averageObj":[5474.175768861812,5177.853129481774,5801.853217257069,5156.402218931734,5406.961451466406],"slackBeforeALNS":0,"nInitialNotServicedFixedRequests":[0,0,0,0,0],"averageNotServicedExpectedRequests":[5.0,1.0,7.0,1.0,4.0],"ALNSIterations":[849,846,728,672,676],"runId":["Run 1","Run 2","Run 3","Run 4","Run 5"]}