{"slackAfterALNS":0,"nInitialNotServicedExpectedRequests":[2,2,3,2,3],"averageObj":[5793.370737096783,5720.562933500184,6148.091636959097,5546.533690859827,5420.185963720344],"slackBeforeALNS":0,"nInitialNotServicedFixedRequests":[0,0,0,0,0],"averageNotServicedExpectedRequests":[7.0,7.0,11.0,5.0,4.0],"ALNSIterations":[843,842,968,1036,1037],"runId":["Run 1","Run 2","Run 3","Run 4","Run 5"]}