{"slackAfterALNS":0,"nInitialNotServicedExpectedRequests":[2,1,0,1,1],"averageObj":[5397.739593492063,5624.086030636033,5243.085834692756,5410.625774827507,5771.54906756826],"slackBeforeALNS":0,"nInitialNotServicedFixedRequests":[0,0,0,0,0],"averageNotServicedExpectedRequests":[4.0,6.0,2.0,3.0,8.0],"ALNSIterations":[871,847,778,689,689],"runId":["Run 1","Run 2","Run 3","Run 4","Run 5"]}