{"slackAfterALNS":0,"nInitialNotServicedExpectedRequests":[6,7,7,6,8],"averageObj":[7878.1291903242945,7850.804198897351,7935.0869400523825,8337.204522769664,7758.5375517154735],"slackBeforeALNS":0,"nInitialNotServicedFixedRequests":[1,1,1,1,1],"averageNotServicedExpectedRequests":[9.0,9.0,9.0,13.0,7.0],"ALNSIterations":[908,916,782,742,736],"runId":["Run 1","Run 2","Run 3","Run 4","Run 5"]}