{"slackAfterALNS":0,"nInitialNotServicedExpectedRequests":[5,4,5,5,5],"averageObj":[5623.598351089902,5539.760694073894,5812.738185164943,5458.430517914014,5763.728693513392],"slackBeforeALNS":0,"nInitialNotServicedFixedRequests":[0,0,0,0,0],"averageNotServicedExpectedRequests":[6.0,5.0,8.0,4.0,7.0],"ALNSIterations":[859,845,983,1049,1058],"runId":["Run 1","Run 2","Run 3","Run 4","Run 5"]}