{"slackAfterALNS":0,"nInitialNotServicedExpectedRequests":[3,2,3,3,3],"averageObj":[5765.705302750037,6078.444165379929,5718.188255241051,5985.668806567891,5558.507509440212],"slackBeforeALNS":0,"nInitialNotServicedFixedRequests":[0,0,0,0,0],"averageNotServicedExpectedRequests":[8.0,11.0,7.0,10.0,5.0],"ALNSIterations":[857,844,964,1043,1033],"runId":["Run 1","Run 2","Run 3","Run 4","Run 5"]}