{"slackAfterALNS":0,"nInitialNotServicedExpectedRequests":[0,0,1,0,1],"averageObj":[5565.072343943779,5553.050847457627,5231.185453373734,5104.63925297279,5317.99084374088],"slackBeforeALNS":0,"nInitialNotServicedFixedRequests":[0,0,0,0,0],"averageNotServicedExpectedRequests":[6.0,6.0,2.0,1.0,3.0],"ALNSIterations":[880,850,1018,1076,1050],"runId":["Run 1","Run 2","Run 3","Run 4","Run 5"]}