{"slackAfterALNS":0,"nInitialNotServicedExpectedRequests":[4,3,4,4,1],"averageObj":[5516.111603634802,5852.574930633571,5472.207888314958,5614.813841567156,5814.179302618027],"slackBeforeALNS":0,"nInitialNotServicedFixedRequests":[0,0,0,0,0],"averageNotServicedExpectedRequests":[5.0,8.0,4.0,5.0,7.0],"ALNSIterations":[831,827,712,656,650],"runId":["Run 1","Run 2","Run 3","Run 4","Run 5"]}