{"slackAfterALNS":0,"nInitialNotServicedExpectedRequests":[61,58,51,48,46,50,57,51,57,48],"averageObj":[13958.008685008437,13692.269991690195,13685.059696603257,14476.445143174913,13666.448905733541,13705.325792179196,12989.544116059124,13336.50754614575,13132.567461554514,13370.387235825334],"slackBeforeALNS":0,"nInitialNotServicedFixedRequests":[0,0,0,0,0,0,0,0,0,0],"averageNotServicedExpectedRequests":[95.5,91.9,92.3,101.4,93.0,92.7,84.6,88.9,85.1,88.0],"runId":["Run 1","Run 2","Run 3","Run 4","Run 5","Run 6","Run 7","Run 8","Run 9","Run 10"]}