{"slackAfterALNS":0,"nInitialNotServicedExpectedRequests":[60,53,46,57,54,59,39,50,48,57],"averageObj":[13862.922097133991,14777.551535788632,13846.606914823005,14293.547204974117,14174.2359784575,14252.764627361754,14014.14594242427,14421.956463332303,13288.411326564892,13709.148986995287],"slackBeforeALNS":0,"nInitialNotServicedFixedRequests":[0,0,0,0,0,0,0,0,0,0],"averageNotServicedExpectedRequests":[95.3,105.4,94.2,100.2,98.2,98.5,96.5,101.5,88.5,93.7],"runId":["Run 1","Run 2","Run 3","Run 4","Run 5","Run 6","Run 7","Run 8","Run 9","Run 10"]}