{"slackAfterALNS":0,"nInitialNotServicedExpectedRequests":[47,49,57,60,47,42,50,57,51,54],"averageObj":[13895.862290060522,14712.01573654683,13902.990765762039,14545.167732666949,14061.59047679652,14292.727670231654,13617.565521762672,14956.41053577316,13453.45932287768,14025.127553793642],"slackBeforeALNS":0,"nInitialNotServicedFixedRequests":[0,0,0,0,0,0,0,0,0,0],"averageNotServicedExpectedRequests":[95.1,103.8,95.1,101.8,96.4,99.7,92.6,106.8,89.4,97.5],"runId":["Run 1","Run 2","Run 3","Run 4","Run 5","Run 6","Run 7","Run 8","Run 9","Run 10"]}