{"slackAfterALNS":0,"nInitialNotServicedExpectedRequests":[58,55,57,50,59,54,65,47,57,43],"averageObj":[13873.640562090015,14302.091111620703,14142.768774889284,14112.047937569205,14724.74454678483,13967.21958780289,14045.891436581154,14171.545676205982,14356.484098045505,14118.225017703511],"slackBeforeALNS":0,"nInitialNotServicedFixedRequests":[0,0,0,0,0,0,0,0,0,0],"averageNotServicedExpectedRequests":[93.1,98.4,96.8,96.6,102.9,94.7,95.8,96.6,99.7,97.0],"runId":["Run 1","Run 2","Run 3","Run 4","Run 5","Run 6","Run 7","Run 8","Run 9","Run 10"]}