{"slackAfterALNS":0,"nInitialNotServicedExpectedRequests":[46,46,57,51,51,51,62,40,45,46],"averageObj":[13585.637197165353,13128.645979343686,14199.547933137574,13633.473144346723,12995.786516227434,14219.311158769884,13143.125885857438,13285.818990375508,13244.227166593366,13326.288830512578],"slackBeforeALNS":0,"nInitialNotServicedFixedRequests":[0,0,0,0,0,0,0,0,0,0],"averageNotServicedExpectedRequests":[92.0,85.9,98.1,92.2,85.2,98.8,86.4,88.1,86.8,88.3],"runId":["Run 1","Run 2","Run 3","Run 4","Run 5","Run 6","Run 7","Run 8","Run 9","Run 10"]}