{"slackAfterALNS":0,"nInitialNotServicedExpectedRequests":[66,46,62,54,67,57,43,53,53,59],"averageObj":[14144.071091942775,13746.289092850406,14401.503522430901,14140.084377402265,14123.62686483151,13434.616729347114,13324.178537422727,14073.337996139575,13422.982086163629,14256.847845046976],"slackBeforeALNS":0,"nInitialNotServicedFixedRequests":[0,0,0,0,0,0,0,0,0,0],"averageNotServicedExpectedRequests":[98.1,93.9,100.1,98.5,98.2,90.1,88.6,96.9,90.3,99.8],"runId":["Run 1","Run 2","Run 3","Run 4","Run 5","Run 6","Run 7","Run 8","Run 9","Run 10"]}