{"slackAfterALNS":0,"nInitialNotServicedExpectedRequests":[62,48,46,49,50,65,54,40,57,48],"averageObj":[13972.555245467127,14327.399105216706,13327.41565497596,13827.604510765479,13581.955329806427,14038.16395498825,14011.570957556996,13969.259643924088,14130.674231619592,14206.198900376956],"slackBeforeALNS":0,"nInitialNotServicedFixedRequests":[0,0,0,0,0,0,0,0,0,0],"averageNotServicedExpectedRequests":[94.4,99.0,87.5,94.3,90.6,95.6,95.3,95.1,97.1,98.3],"runId":["Run 1","Run 2","Run 3","Run 4","Run 5","Run 6","Run 7","Run 8","Run 9","Run 10"]}