{"slackAfterALNS":0,"nInitialNotServicedExpectedRequests":[45,52,42,61,49,44,46,40,54,46],"averageObj":[14550.670644385022,13132.66802615472,12961.436259904245,12621.190434447823,12595.17239711049,12728.321816640879,13192.14767711536,12979.731258796894,13230.814606381147,13186.664883468815],"slackBeforeALNS":0,"nInitialNotServicedFixedRequests":[1,0,0,0,0,0,0,0,0,0],"averageNotServicedExpectedRequests":[80.5,85.9,84.6,80.1,79.7,81.4,87.4,85.1,87.5,86.9],"runId":["Run 1","Run 2","Run 3","Run 4","Run 5","Run 6","Run 7","Run 8","Run 9","Run 10"]}