{"slackAfterALNS":0,"nInitialNotServicedExpectedRequests":[62,55,52,56,45,52,46,52,49,54],"averageObj":[14365.008598106026,13603.567980284779,13647.842845141626,14477.544841834682,14051.195837041096,14015.925602708634,13926.466892517545,14578.562852494148,14350.929395660603,14058.258464988006],"slackBeforeALNS":0,"nInitialNotServicedFixedRequests":[0,0,0,0,0,0,0,0,0,0],"averageNotServicedExpectedRequests":[100.4,91.9,92.9,101.2,97.0,95.8,95.1,103.1,99.9,97.6],"runId":["Run 1","Run 2","Run 3","Run 4","Run 5","Run 6","Run 7","Run 8","Run 9","Run 10"]}