{"runId":["Run 1","Run 2","Run 3","Run 4","Run 5","Run 6","Run 7","Run 8","Run 9","Run 10"],"averageObj":[2173.521986697513,2171.7518716577542,2177.429613811345,2175.537730398465,2170.65,2173.2609656084655,2172.412140921409,2174.1857142857143,2178.81908285895,2173.0973769525494],"averageNotServicedExpectedRequests":[1.2,1.4,1.2,1.1,1.3,1.3,2.1,0.9,1.5,1.9],"nInitialNotServicedFixedRequests":[1,1,1,1,1,1,1,1,1,1],"nInitialNotServicedExpectedRequests":[0,0,1,0,0,1,1,1,0,0]}