{"runId":["Run 1","Run 2","Run 3","Run 4","Run 5","Run 6","Run 7","Run 8","Run 9","Run 10"],"averageObj":[181.438171212901,183.97743309812273,184.2994215717242,184.78039986329458,184.23858501013675,182.923887587822,183.26882123229134,181.9764417912109,186.17451221868058,182.48586206896553],"averageNotServicedExpectedRequests":[3.2,3.4,3.7,2.2,2.4,2.6,2.4,2.2,2.5,2.4],"nInitialNotServicedFixedRequests":[0,0,0,0,0,0,0,0,0,0],"nInitialNotServicedExpectedRequests":[0,2,4,2,3,2,3,1,4,4]}