{"runId":["Run 1","Run 2","Run 3","Run 4","Run 5","Run 6","Run 7","Run 8","Run 9","Run 10"],"averageObj":[180.25,180.51785714285717,183.20407736762417,183.34719298245616,182.05,180.3857142857143,184.20674662668665,181.69272030651342,180.99963261133476,187.26419614867888],"averageNotServicedExpectedRequests":[2.8,3.1,2.5,2.4,2.6,2.6,2.6,3.0,2.8,3.2],"nInitialNotServicedFixedRequests":[0,0,0,0,0,0,0,0,0,0],"nInitialNotServicedExpectedRequests":[2,1,5,5,1,2,3,2,2,5]}