{"slackAfterALNS":0,"nInitialNotServicedExpectedRequests":[4,5,5,4,5,4,4,3,5,6],"averageObj":[209.90134765793795,204.69758919241676,204.64856726078898,202.21461711811233,204.55459056186194,201.87804597701148,206.3773441121229,205.93995453571915,203.45751416605077,202.61701542391197],"slackBeforeALNS":0,"nInitialNotServicedFixedRequests":[0,0,0,0,0,0,0,0,0,0],"averageNotServicedExpectedRequests":[4.2,4.3,4.0,4.6,3.5,4.5,3.7,4.1,4.2,4.0],"runId":["Run 1","Run 2","Run 3","Run 4","Run 5","Run 6","Run 7","Run 8","Run 9","Run 10"]}