{"slackAfterALNS":0,"nInitialNotServicedExpectedRequests":[18,19,28,21,20],"averageObj":[6022.226735026075,6312.328242733761,6609.48779453608,6277.550420403759,6149.505618298736],"slackBeforeALNS":0,"nInitialNotServicedFixedRequests":[0,0,0,0,0],"averageNotServicedExpectedRequests":[29.5,32.9,36.4,32.2,31.5],"ALNSIterations":[3997,3840,4086,3849,3787],"runId":["Run 1","Run 2","Run 3","Run 4","Run 5"]}