{"slackAfterALNS":0,"nInitialNotServicedExpectedRequests":[20,24,19,18,21],"averageObj":[6156.1053704577525,6448.137670924752,5875.696758084709,6013.046664205567,6307.5932362244985],"slackBeforeALNS":0,"nInitialNotServicedFixedRequests":[0,0,0,0,0],"averageNotServicedExpectedRequests":[32.4,35.5,27.5,30.4,34.2],"ALNSIterations":[4308,4367,4305,4523,3942],"runId":["Run 1","Run 2","Run 3","Run 4","Run 5"]}