{"slackAfterALNS":0,"nInitialNotServicedExpectedRequests":[16,16,15,18,17],"averageObj":[5532.77980403232,5855.528480100346,5909.550037111776,5575.712151825857,6406.964020465601],"slackBeforeALNS":0,"nInitialNotServicedFixedRequests":[0,0,0,0,0],"averageNotServicedExpectedRequests":[26.0,29.0,30.1,26.2,35.4],"ALNSIterations":[4053,4129,4307,4165,4271],"runId":["Run 1","Run 2","Run 3","Run 4","Run 5"]}