{"slackAfterALNS":0,"nInitialNotServicedExpectedRequests":[16,13,14,15,10],"averageObj":[5837.919585166934,5884.920751820971,5776.64877060887,5728.2903275561775,5407.7040468481155],"slackBeforeALNS":0,"nInitialNotServicedFixedRequests":[0,0,0,0,0],"averageNotServicedExpectedRequests":[27.5,28.1,27.4,26.0,22.8],"ALNSIterations":[4180,4210,4309,4195,4387],"runId":["Run 1","Run 2","Run 3","Run 4","Run 5"]}