{"slackAfterALNS":0,"nInitialNotServicedExpectedRequests":[19,16,21,20,20],"averageObj":[6535.827592172836,5938.903857804658,6579.603541990628,6081.803346116472,6013.216271322103],"slackBeforeALNS":0,"nInitialNotServicedFixedRequests":[0,0,0,0,0],"averageNotServicedExpectedRequests":[35.0,28.6,34.7,30.5,29.9],"ALNSIterations":[4116,3688,4126,3994,4174],"runId":["Run 1","Run 2","Run 3","Run 4","Run 5"]}