{"slackAfterALNS":0,"nInitialNotServicedExpectedRequests":[31,30,31,32,27,37,27,32,35,34],"averageObj":[6902.242225407077,7257.311128773779,6592.88762358502,6799.514483452664,6496.498880568876,7158.74636016158,6663.003440184579,7016.99938248826,6769.444030991544,6511.5227977086915],"slackBeforeALNS":0,"nInitialNotServicedFixedRequests":[0,0,0,0,0,0,0,0,0,0],"averageNotServicedExpectedRequests":[40.0,44.0,37.0,40.0,36.0,42.0,37.0,42.0,39.0,36.0],"ALNSIterations":[2620,2637,1924,2001,2571,2693,2515,2487,2448,2652],"runId":["Run 1","Run 2","Run 3","Run 4","Run 5","Run 6","Run 7","Run 8","Run 9","Run 10"]}