{"slackAfterALNS":0,"nInitialNotServicedExpectedRequests":[20,25,29,22,24,22,22,22,23,26],"averageObj":[5148.287544034467,5772.332082378669,6487.9407055317915,5758.057803807721,5602.040858040914,6085.783136841288,5621.703110748902,5600.632339472084,5542.510373986532,6164.840925564183],"slackBeforeALNS":0,"nInitialNotServicedFixedRequests":[0,0,0,0,0,0,0,0,0,0],"averageNotServicedExpectedRequests":[21.0,28.0,36.0,28.0,26.0,32.0,25.0,26.0,26.0,32.0],"ALNSIterations":[2794,2794,2027,2283,2464,2765,2754,2129,2792,2787],"runId":["Run 1","Run 2","Run 3","Run 4","Run 5","Run 6","Run 7","Run 8","Run 9","Run 10"]}