{"slackAfterALNS":0,"nInitialNotServicedExpectedRequests":[17,23,19,22,27,19,27,21,22,21],"averageObj":[7119.951008046752,7895.778434046879,7908.258258324231,8429.073210769508,8669.437572791881,7707.848351394858,8074.594311052104,7809.484374910027,8251.968745187127,7878.45000316929],"slackBeforeALNS":0,"nInitialNotServicedFixedRequests":[1,1,1,1,1,1,1,1,1,1],"averageNotServicedExpectedRequests":[21.0,29.0,29.0,35.0,38.0,27.0,31.0,29.0,34.0,29.0],"ALNSIterations":[2626,1675,2659,2654,2031,2348,2512,2317,2620,2647],"runId":["Run 1","Run 2","Run 3","Run 4","Run 5","Run 6","Run 7","Run 8","Run 9","Run 10"]}