{"slackAfterALNS":0,"nInitialNotServicedExpectedRequests":[22,24,23,26,22,24,27,27,26,21],"averageObj":[6282.431096763174,5982.7000695421075,5393.9061605517845,6392.447529918832,5936.850200045251,6242.675540150768,7051.220386867035,6473.952719936761,5610.090264319514,6048.414760213783],"slackBeforeALNS":0,"nInitialNotServicedFixedRequests":[0,0,0,0,0,0,0,0,0,0],"averageNotServicedExpectedRequests":[34.0,31.0,24.0,35.0,30.0,33.0,42.0,35.0,27.0,31.0],"ALNSIterations":[2490,2728,2470,2674,2221,2697,2691,2013,2599,2640],"runId":["Run 1","Run 2","Run 3","Run 4","Run 5","Run 6","Run 7","Run 8","Run 9","Run 10"]}