{"slackAfterALNS":0,"nInitialNotServicedExpectedRequests":[28,22,26,26,29,25,23,24,20,25],"averageObj":[6777.598351932973,6038.604531512588,6076.213838785379,6935.789383245703,6477.1864119983575,5963.891971007878,6013.923470926597,6303.734678156715,6146.886896506776,6014.50178102885],"slackBeforeALNS":0,"nInitialNotServicedFixedRequests":[0,0,0,0,0,0,0,0,0,0],"averageNotServicedExpectedRequests":[40.0,31.0,31.0,41.0,35.0,30.0,31.0,33.0,32.0,31.0],"ALNSIterations":[2368,2639,2670,2677,2585,2661,1743,2636,2631,2651],"runId":["Run 1","Run 2","Run 3","Run 4","Run 5","Run 6","Run 7","Run 8","Run 9","Run 10"]}