{"slackAfterALNS":0,"nInitialNotServicedExpectedRequests":[33,32,28,37,38,45,33,35,29,22],"averageObj":[7179.032835890177,6658.626053511287,6859.279263758215,7209.262092336639,7196.379461887138,7970.049214535926,7272.380596681256,6666.991388806857,6257.801300323842,6466.408823899065],"slackBeforeALNS":0,"nInitialNotServicedFixedRequests":[0,0,0,0,0,0,0,0,0,0],"averageNotServicedExpectedRequests":[44.0,37.0,39.0,44.0,44.0,52.0,45.0,38.0,33.0,35.0],"ALNSIterations":[2072,2446,2467,2567,2507,1467,1772,2081,2543,2578],"runId":["Run 1","Run 2","Run 3","Run 4","Run 5","Run 6","Run 7","Run 8","Run 9","Run 10"]}