{"slackAfterALNS":0,"nInitialNotServicedExpectedRequests":[26,34,26,32,26,39,33,31,31,26],"averageObj":[6607.324818287436,6549.793869492138,6537.900398279722,6708.481309425055,7052.529379995256,7042.751461916341,6385.670182586967,6860.131895362772,6846.633776412362,6553.916720910662],"slackBeforeALNS":0,"nInitialNotServicedFixedRequests":[0,0,0,0,0,0,0,0,0,0],"averageNotServicedExpectedRequests":[35.0,35.0,35.0,37.0,41.0,41.0,32.0,39.0,39.0,35.0],"ALNSIterations":[2578,2585,2317,2580,2585,2616,2591,2603,2625,2586],"runId":["Run 1","Run 2","Run 3","Run 4","Run 5","Run 6","Run 7","Run 8","Run 9","Run 10"]}