{"slackAfterALNS":0,"nInitialNotServicedExpectedRequests":[22,33,24,25,23,24,23,24,26,29],"averageObj":[5609.818621343438,6266.390310093056,6455.55066176737,6544.9708488920205,6702.837721502759,6180.965049618168,5817.55139823851,6230.493228105674,5669.0989545909715,6182.324919128207],"slackBeforeALNS":0,"nInitialNotServicedFixedRequests":[0,0,0,0,0,0,0,0,0,0],"averageNotServicedExpectedRequests":[26.0,34.0,35.0,37.0,39.0,32.0,29.0,33.0,26.0,32.0],"ALNSIterations":[2098,1718,2715,2720,2537,2706,2698,2708,2647,2675],"runId":["Run 1","Run 2","Run 3","Run 4","Run 5","Run 6","Run 7","Run 8","Run 9","Run 10"]}