{"slackAfterALNS":0,"nInitialNotServicedExpectedRequests":[30,23,30,33,35,36,33,38,33,30],"averageObj":[6682.445347556173,7095.548382654539,6507.153800011912,6348.406365089707,7457.076568905193,7168.837627883333,6504.278671384606,7027.445141205242,6635.991207054185,6539.36898025431],"slackBeforeALNS":0,"nInitialNotServicedFixedRequests":[0,0,0,0,0,0,0,0,0,0],"averageNotServicedExpectedRequests":[39.0,43.0,37.0,35.0,47.0,44.0,36.0,43.0,38.0,37.0],"ALNSIterations":[2074,2341,2358,1450,2004,1642,2431,2382,1550,1494],"runId":["Run 1","Run 2","Run 3","Run 4","Run 5","Run 6","Run 7","Run 8","Run 9","Run 10"]}