{"slackAfterALNS":0,"nInitialNotServicedExpectedRequests":[42,39,38,39,41,34,31,39,35,30],"averageObj":[7644.878443693246,7397.140409782385,9068.389916348517,7546.319910046312,7289.781536062377,6783.787440225249,8848.77840993594,7308.3471374917335,6518.605449626673,7165.98147245632],"slackBeforeALNS":0,"nInitialNotServicedFixedRequests":[0,0,1,0,0,0,1,0,0,0],"averageNotServicedExpectedRequests":[47.0,46.0,42.0,47.0,44.0,38.0,40.0,45.0,35.0,42.0],"ALNSIterations":[2518,2822,2716,2754,2813,2814,2670,2808,1865,1671],"runId":["Run 1","Run 2","Run 3","Run 4","Run 5","Run 6","Run 7","Run 8","Run 9","Run 10"]}