{"slackAfterALNS":0,"nInitialNotServicedExpectedRequests":[2,4,5,3,2],"averageObj":[5633.9906065795085,6061.5216679849955,5908.3246923938,6012.3152786672135,5435.2338397606145],"slackBeforeALNS":0,"nInitialNotServicedFixedRequests":[0,0,0,0,0],"averageNotServicedExpectedRequests":[6.0,11.0,8.0,10.0,4.0],"ALNSIterations":[960,732,766,820,766],"runId":["Run 1","Run 2","Run 3","Run 4","Run 5"]}