{"slackAfterALNS":0,"nInitialNotServicedExpectedRequests":[1,3,2,1,3],"averageObj":[5638.488948016922,5674.409697570487,5563.78393646227,5716.7988166457,5781.649230678049],"slackBeforeALNS":0,"nInitialNotServicedFixedRequests":[0,0,0,0,0],"averageNotServicedExpectedRequests":[6.0,6.0,5.0,6.0,8.0],"ALNSIterations":[824,764,825,813,776],"runId":["Run 1","Run 2","Run 3","Run 4","Run 5"]}