{"slackAfterALNS":0,"nInitialNotServicedExpectedRequests":[8,11,9,9,10],"averageObj":[5870.34651941891,5704.395372867072,5734.655471586198,6244.133452078892,6168.4207105338655],"slackBeforeALNS":0,"nInitialNotServicedFixedRequests":[0,0,0,0,0],"averageNotServicedExpectedRequests":[8.0,7.0,7.0,13.0,12.0],"ALNSIterations":[955,879,921,874,920],"runId":["Run 1","Run 2","Run 3","Run 4","Run 5"]}