{"slackAfterALNS":0,"nInitialNotServicedExpectedRequests":[17,24,20,22,15],"averageObj":[5595.313390589123,5807.207093085407,5970.909328695373,5679.061751611001,5847.921417411873],"slackBeforeALNS":0,"nInitialNotServicedFixedRequests":[0,0,0,0,0],"averageNotServicedExpectedRequests":[25.0,28.0,28.0,27.0,28.0],"ALNSIterations":[2063,1998,1763,1997,2463],"runId":["Run 1","Run 2","Run 3","Run 4","Run 5"]}