{"slackAfterALNS":0,"nInitialNotServicedExpectedRequests":[21,19,23,26,22],"averageObj":[5884.625449422028,5428.282814503654,5998.258784470396,5942.423284394748,5745.040269632059],"slackBeforeALNS":0,"nInitialNotServicedFixedRequests":[0,0,0,0,0],"averageNotServicedExpectedRequests":[29.0,24.0,31.0,31.0,27.0],"ALNSIterations":[2122,2163,2177,1931,1305],"runId":["Run 1","Run 2","Run 3","Run 4","Run 5"]}