{"slackAfterALNS":0,"nInitialNotServicedExpectedRequests":[17,22,19,23,20],"averageObj":[4874.200467643503,5057.22530764785,4958.7728515143735,5758.330969114627,4716.496660746751],"slackBeforeALNS":0,"nInitialNotServicedFixedRequests":[0,0,0,0,0],"averageNotServicedExpectedRequests":[18.0,19.0,18.0,27.0,16.0],"ALNSIterations":[1825,1990,2146,1684,2183],"runId":["Run 1","Run 2","Run 3","Run 4","Run 5"]}