{"slackAfterALNS":0,"nInitialNotServicedExpectedRequests":[7,7,6,8,6],"averageObj":[9079.884638266782,5238.7857737574395,5123.614161986559,5649.398375681143,9163.76693962883],"slackBeforeALNS":0,"nInitialNotServicedFixedRequests":[2,0,0,0,2],"averageNotServicedExpectedRequests":[17.0,20.0,19.0,25.0,19.0],"ALNSIterations":[2342,2229,2110,2302,2020],"runId":["Run 1","Run 2","Run 3","Run 4","Run 5"]}