{"slackAfterALNS":0,"nInitialNotServicedExpectedRequests":[10,7,8,5,11],"averageObj":[8434.967574609633,4870.264925503071,8808.505554938229,10167.655509220023,7415.71278834878],"slackBeforeALNS":0,"nInitialNotServicedFixedRequests":[2,0,2,3,1],"averageNotServicedExpectedRequests":[13.0,16.0,16.0,10.0,23.0],"ALNSIterations":[1999,2268,2198,2290,2263],"runId":["Run 1","Run 2","Run 3","Run 4","Run 5"]}