{"slackAfterALNS":0,"nInitialNotServicedExpectedRequests":[2,9,7,6,1],"averageObj":[4374.922867232407,13391.066663051988,9256.06105150693,8878.362016519324,9291.50666290428],"slackBeforeALNS":0,"nInitialNotServicedFixedRequests":[0,4,2,2,2],"averageNotServicedExpectedRequests":[12.0,22.0,22.0,16.0,21.0],"ALNSIterations":[2293,1697,2141,2052,1939],"runId":["Run 1","Run 2","Run 3","Run 4","Run 5"]}