{"slackAfterALNS":0,"nInitialNotServicedExpectedRequests":[3,6,4,4,5],"averageObj":[10882.334129713461,12171.228420746063,5141.585465803304,14897.542548081521,16477.392151457432],"slackBeforeALNS":0,"nInitialNotServicedFixedRequests":[3,4,0,5,6],"averageNotServicedExpectedRequests":[17.0,9.0,20.0,18.0,13.0],"ALNSIterations":[2148,2134,2020,2074,2013],"runId":["Run 1","Run 2","Run 3","Run 4","Run 5"]}