{"slackAfterALNS":0,"nInitialNotServicedExpectedRequests":[14,6,11,7,8],"averageObj":[14341.101207843478,12371.996806303923,16344.572225966036,12416.378201664455,10727.442794362403],"slackBeforeALNS":0,"nInitialNotServicedFixedRequests":[3,2,4,2,1],"averageNotServicedExpectedRequests":[31.2,31.7,32.0,33.0,35.9],"ALNSIterations":[1482,1419,1418,1450,1502],"runId":["Run 1","Run 2","Run 3","Run 4","Run 5"]}