{"slackAfterALNS":0,"nInitialNotServicedExpectedRequests":[8,5,11,7,8],"averageObj":[10526.784456211588,12724.22771972536,13444.033057772307,10911.474634938928,14645.973862688892],"slackBeforeALNS":0,"nInitialNotServicedFixedRequests":[1,2,2,1,3],"averageNotServicedExpectedRequests":[33.9,37.2,44.4,38.2,35.5],"ALNSIterations":[1486,1404,1517,1480,1431],"runId":["Run 1","Run 2","Run 3","Run 4","Run 5"]}