{"slackAfterALNS":0,"nInitialNotServicedExpectedRequests":[17,11,12,13,10],"averageObj":[22632.88411949164,17114.443977166127,23027.989840366507,12990.85630360113,18985.343697628447],"slackBeforeALNS":0,"nInitialNotServicedFixedRequests":[7,4,7,2,5],"averageNotServicedExpectedRequests":[34.1,38.9,38.1,38.4,38.3],"ALNSIterations":[1367,1419,1377,1425,1425],"runId":["Run 1","Run 2","Run 3","Run 4","Run 5"]}