{"slackAfterALNS":0,"nInitialNotServicedExpectedRequests":[12,9,14,8,8],"averageObj":[10614.449305633727,13291.801852455232,16900.14809652448,8413.080441216178,12607.199536021511],"slackBeforeALNS":0,"nInitialNotServicedFixedRequests":[1,2,4,0,2],"averageNotServicedExpectedRequests":[34.1,41.2,35.4,30.5,33.8],"ALNSIterations":[1512,1463,1532,1345,1497],"runId":["Run 1","Run 2","Run 3","Run 4","Run 5"]}