{"slackAfterALNS":0,"nInitialNotServicedExpectedRequests":[14,14,7,6,5],"averageObj":[14713.521016214974,21999.787045487377,8543.681779435428,10732.887146309899,14525.60154978429],"slackBeforeALNS":0,"nInitialNotServicedFixedRequests":[3,7,0,1,3],"averageNotServicedExpectedRequests":[33.8,28.9,33.1,34.5,33.3],"ALNSIterations":[1394,1260,1357,1289,1384],"runId":["Run 1","Run 2","Run 3","Run 4","Run 5"]}