{"slackAfterALNS":0,"nInitialNotServicedExpectedRequests":[2,3,2,3,3],"averageObj":[5543.489889985723,5545.720886066875,5230.817367609504,5651.109766771996,5290.644892787264],"slackBeforeALNS":0,"nInitialNotServicedFixedRequests":[0,0,0,0,0],"averageNotServicedExpectedRequests":[5.0,5.0,1.0,6.0,2.0],"ALNSIterations":[893,907,915,663,887],"runId":["Run 1","Run 2","Run 3","Run 4","Run 5"]}