{"slackAfterALNS":0,"nInitialNotServicedExpectedRequests":[8,7,7,6,7],"averageObj":[7997.465149783442,8231.52776474034,8344.460917644188,7882.353841974333,8137.59975758403],"slackBeforeALNS":0,"nInitialNotServicedFixedRequests":[1,1,1,1,1],"averageNotServicedExpectedRequests":[10.0,13.0,14.0,9.0,12.0],"ALNSIterations":[615,1014,988,962,1013],"runId":["Run 1","Run 2","Run 3","Run 4","Run 5"]}