{"slackAfterALNS":0,"nInitialNotServicedExpectedRequests":[4,4,6,5,3],"averageObj":[5469.312115520903,5771.210181725453,5532.297293208583,5764.033324202675,5442.019445943588],"slackBeforeALNS":0,"nInitialNotServicedFixedRequests":[0,0,0,0,0],"averageNotServicedExpectedRequests":[4.0,8.0,5.0,8.0,4.0],"ALNSIterations":[945,916,920,615,922],"runId":["Run 1","Run 2","Run 3","Run 4","Run 5"]}