{"slackAfterALNS":0,"nInitialNotServicedExpectedRequests":[1,5,5,5,2,0,3,0,1,3],"averageObj":[6325.089602861406,6293.321849642972,6370.198317115,6443.538710663795,6065.001540763969,6638.814358585968,6644.674396772456,6504.80587411457,6486.556481387514,6533.576538925413],"slackBeforeALNS":0,"nInitialNotServicedFixedRequests":[0,0,0,0,0,0,0,0,0,0],"averageNotServicedExpectedRequests":[13.5,12.9,13.6,14.2,10.3,16.9,16.7,15.3,15.2,15.5],"runId":["Run 1","Run 2","Run 3","Run 4","Run 5","Run 6","Run 7","Run 8","Run 9","Run 10"]}