{"slackAfterALNS":0,"nInitialNotServicedExpectedRequests":[14,12,7,16,12],"averageObj":[20405.314356615145,28215.402388731985,22308.340800304642,28370.664520594437,18985.92862048973],"slackBeforeALNS":0,"nInitialNotServicedFixedRequests":[6,10,7,10,5],"averageNotServicedExpectedRequests":[31.4,30.3,31.1,32.5,39.1],"ALNSIterations":[652,646,656,650,748],"runId":["Run 1","Run 2","Run 3","Run 4","Run 5"]}