{"slackAfterALNS":0,"nInitialNotServicedExpectedRequests":[7,7,6,6,10],"averageObj":[2593.1029602508397,2722.2957609696464,6154.4395221919385,6126.7379275352805,4739.612866071514],"slackBeforeALNS":0,"nInitialNotServicedFixedRequests":[0,0,2,2,1],"averageNotServicedExpectedRequests":[16.6,17.6,12.0,11.1,17.7],"ALNSIterations":[18630,17772,19507,18107,17746],"runId":["Run 1","Run 2","Run 3","Run 4","Run 5"]}