{"slackAfterALNS":0,"nInitialNotServicedExpectedRequests":[8,4,7,5,5],"averageObj":[2563.431225937954,2574.1044948204226,2685.837809570875,2597.1138570664775,2524.391028306137],"slackBeforeALNS":0,"nInitialNotServicedFixedRequests":[0,0,0,0,0],"averageNotServicedExpectedRequests":[16.0,16.1,18.0,16.9,15.9],"ALNSIterations":[13211,14450,15161,14717,15391],"runId":["Run 1","Run 2","Run 3","Run 4","Run 5"]}