{"slackAfterALNS":0,"nInitialNotServicedExpectedRequests":[9,6,6,7,4],"averageObj":[2801.8589777235306,2775.6023622984508,4693.175841605845,2760.7758310191603,4460.994574839203],"slackBeforeALNS":0,"nInitialNotServicedFixedRequests":[0,0,1,0,1],"averageNotServicedExpectedRequests":[18.2,18.5,18.0,18.5,15.2],"ALNSIterations":[17696,18486,14298,19705,15234],"runId":["Run 1","Run 2","Run 3","Run 4","Run 5"]}