{"slackAfterALNS":0,"nInitialNotServicedExpectedRequests":[7,5,10,7,10],"averageObj":[2680.7285284086397,4578.100130075047,2741.6676830828783,2670.749671534165,4798.025817431928],"slackBeforeALNS":0,"nInitialNotServicedFixedRequests":[0,1,0,0,1],"averageNotServicedExpectedRequests":[17.6,16.4,18.3,17.2,18.6],"ALNSIterations":[16978,20691,17285,17692,17738],"runId":["Run 1","Run 2","Run 3","Run 4","Run 5"]}