{"slackAfterALNS":0,"nInitialNotServicedExpectedRequests":[4,8,10,11,8],"averageObj":[4332.511206908888,2505.0723630741513,2533.3208129270256,4472.121494486572,2364.11088790843],"slackBeforeALNS":0,"nInitialNotServicedFixedRequests":[1,0,0,1,0],"averageNotServicedExpectedRequests":[13.6,15.8,16.0,15.7,14.3],"ALNSIterations":[16015,16173,18100,19411,17803],"runId":["Run 1","Run 2","Run 3","Run 4","Run 5"]}