{"slackAfterALNS":0,"nInitialNotServicedExpectedRequests":[7,9,9,7,10],"averageObj":[4601.853379477465,4563.732375488353,4607.6127167328395,6523.678848059616,6568.56318546696],"slackBeforeALNS":0,"nInitialNotServicedFixedRequests":[1,1,1,2,2],"averageNotServicedExpectedRequests":[17.3,17.0,17.2,16.5,16.9],"ALNSIterations":[36569,37526,42233,42426,44100],"runId":["Run 1","Run 2","Run 3","Run 4","Run 5"]}