{"slackAfterALNS":0,"nInitialNotServicedExpectedRequests":[8,7,16,12,12],"averageObj":[2635.0840791736687,2579.8638851727646,2960.7814476224435,4711.236734943215,6648.074464825966],"slackBeforeALNS":0,"nInitialNotServicedFixedRequests":[0,0,0,1,2],"averageNotServicedExpectedRequests":[17.3,16.5,20.8,18.1,17.8],"ALNSIterations":[16315,19741,16978,16336,16238],"runId":["Run 1","Run 2","Run 3","Run 4","Run 5"]}