{"slackAfterALNS":0,"nInitialNotServicedExpectedRequests":[8,10,11,5,10],"averageObj":[4519.587735540455,4685.628007445204,4474.358905725554,4539.321691651212,4354.362578670451],"slackBeforeALNS":0,"nInitialNotServicedFixedRequests":[1,1,1,1,1],"averageNotServicedExpectedRequests":[16.0,17.5,15.2,16.0,14.1],"ALNSIterations":[36372,41536,42666,42290,35976],"runId":["Run 1","Run 2","Run 3","Run 4","Run 5"]}