{"slackAfterALNS":0,"nInitialNotServicedExpectedRequests":[34,25,27,24,25,33,24,27,25,27],"averageObj":[7726.803641950503,7528.155946828413,7726.966502857552,7724.347454935734,7467.374436492455,8371.18045087425,7329.7829090853775,8000.869353693468,7871.637717668481,7911.214322319398],"slackBeforeALNS":0,"nInitialNotServicedFixedRequests":[0,0,0,0,0,0,0,0,0,0],"averageNotServicedExpectedRequests":[49.1,47.5,49.3,49.8,46.8,56.7,44.3,52.4,50.9,51.7],"runId":["Run 1","Run 2","Run 3","Run 4","Run 5","Run 6","Run 7","Run 8","Run 9","Run 10"]}