{"slackAfterALNS":0,"nInitialNotServicedExpectedRequests":[23,34,36,22,33,25,25,23,25,29],"averageObj":[7422.4579632899895,7583.206511213124,7857.399976005446,7380.733149328771,7467.720033426999,7456.903926329329,7574.134252691803,7371.943253641145,7979.914928594201,7425.506162116428],"slackBeforeALNS":0,"nInitialNotServicedFixedRequests":[0,0,0,0,0,0,0,0,0,0],"averageNotServicedExpectedRequests":[45.3,47.8,51.2,45.0,46.2,46.5,47.7,44.7,51.4,46.2],"runId":["Run 1","Run 2","Run 3","Run 4","Run 5","Run 6","Run 7","Run 8","Run 9","Run 10"]}