{"slackAfterALNS":0,"nInitialNotServicedExpectedRequests":[32,28,31,19,21,22,15,22,28,31],"averageObj":[7701.917009303239,7645.699250648919,7999.478254401069,7265.340706393954,7573.809585247264,8090.5356246205365,7874.013916154714,7434.169050647887,8167.474251510479,7964.980024682914],"slackBeforeALNS":0,"nInitialNotServicedFixedRequests":[0,0,0,0,0,0,0,0,0,0],"averageNotServicedExpectedRequests":[49.0,48.8,52.6,44.3,46.9,52.9,51.3,45.8,54.1,51.8],"runId":["Run 1","Run 2","Run 3","Run 4","Run 5","Run 6","Run 7","Run 8","Run 9","Run 10"]}