{"slackAfterALNS":0,"nInitialNotServicedExpectedRequests":[32,34,27,21,29,20,18,27,21,19],"averageObj":[7463.332909742467,7975.9282102248935,7691.933685730847,7558.431467591999,7871.043602917931,7686.971293959129,7337.366975945687,7369.885616468108,7092.418138006693,7712.324425279337],"slackBeforeALNS":0,"nInitialNotServicedFixedRequests":[0,0,0,0,0,0,0,0,0,0],"averageNotServicedExpectedRequests":[46.5,52.9,48.8,47.3,51.4,49.0,45.5,45.2,42.6,49.5],"runId":["Run 1","Run 2","Run 3","Run 4","Run 5","Run 6","Run 7","Run 8","Run 9","Run 10"]}