{"slackAfterALNS":0,"nInitialNotServicedExpectedRequests":[35,23,27,19,25,22,24,15,33,19],"averageObj":[7868.437164962544,7303.724933398376,7749.127371258779,7498.669397142332,7438.335258359618,7360.776122316493,7793.792255713083,7792.439072844558,7456.737579707567,7535.988234217684],"slackBeforeALNS":0,"nInitialNotServicedFixedRequests":[0,0,0,0,0,0,0,0,0,0],"averageNotServicedExpectedRequests":[50.9,44.3,49.5,46.4,46.5,44.7,49.6,49.9,46.4,47.3],"runId":["Run 1","Run 2","Run 3","Run 4","Run 5","Run 6","Run 7","Run 8","Run 9","Run 10"]}