{"slackAfterALNS":0,"nInitialNotServicedExpectedRequests":[27,29,27,18,21,20,15,16,22,25],"averageObj":[7288.254668315133,7354.911903899648,7480.8746832862,7150.152957787139,7493.716111539825,7554.780823751013,7452.380606199357,6977.825318875597,6815.417190749397,6956.408973663635],"slackBeforeALNS":0,"nInitialNotServicedFixedRequests":[0,0,0,0,0,0,0,0,0,0],"averageNotServicedExpectedRequests":[45.2,45.6,47.3,43.5,47.6,47.0,47.3,41.1,39.7,40.8],"runId":["Run 1","Run 2","Run 3","Run 4","Run 5","Run 6","Run 7","Run 8","Run 9","Run 10"]}