{"slackAfterALNS":0,"nInitialNotServicedExpectedRequests":[29,21,25,28,27,23,24,33,24,26],"averageObj":[7610.166110578457,7733.084407160854,7301.94375088353,7171.918896272594,7309.056817586546,7497.675664051622,7553.030045650916,7221.676817386282,7685.036634347873,7335.974776546845],"slackBeforeALNS":0,"nInitialNotServicedFixedRequests":[0,0,0,0,0,0,0,0,0,0],"averageNotServicedExpectedRequests":[48.0,49.2,44.6,43.7,44.9,47.1,47.8,43.5,48.9,45.1],"runId":["Run 1","Run 2","Run 3","Run 4","Run 5","Run 6","Run 7","Run 8","Run 9","Run 10"]}