{"slackAfterALNS":0,"nInitialNotServicedExpectedRequests":[36,28,32,22,19,27,26,21,23,34],"averageObj":[7787.6198924463915,8244.753637550617,7986.573500611534,7967.831817136335,8028.938419808503,7980.192074230044,7763.6797912972615,7272.336465521539,8032.960469010586,7928.713770886943],"slackBeforeALNS":0,"nInitialNotServicedFixedRequests":[0,0,0,0,0,0,0,0,0,0],"averageNotServicedExpectedRequests":[50.2,54.8,52.4,51.6,52.4,51.4,49.1,43.8,53.1,51.5],"runId":["Run 1","Run 2","Run 3","Run 4","Run 5","Run 6","Run 7","Run 8","Run 9","Run 10"]}