{"slackAfterALNS":0,"nInitialNotServicedExpectedRequests":[28,24,20,25,24,24,23,17,20,25],"averageObj":[9447.88223673183,8900.513392267145,9081.052911420491,9129.292938310788,9342.057894125839,9013.902781197274,9032.076425733336,9357.783011364656,9602.376308880906,9518.751075812264],"slackBeforeALNS":0,"nInitialNotServicedFixedRequests":[1,1,1,1,1,1,1,1,1,1],"averageNotServicedExpectedRequests":[47.0,40.2,42.8,43.3,45.2,41.3,42.5,46.0,48.7,47.7],"runId":["Run 1","Run 2","Run 3","Run 4","Run 5","Run 6","Run 7","Run 8","Run 9","Run 10"]}