{"slackAfterALNS":0,"nInitialNotServicedExpectedRequests":[33,25,19,22,28,26,24,19,30,22],"averageObj":[8069.3413254470415,7717.069015904337,7807.18484175157,8012.176888896848,7836.379549546613,7795.031695060669,6998.177706742626,7673.958490168702,7683.28405996185,7692.762859319085],"slackBeforeALNS":0,"nInitialNotServicedFixedRequests":[0,0,0,0,0,0,0,0,0,0],"averageNotServicedExpectedRequests":[52.5,48.9,49.6,52.2,50.6,49.4,40.5,48.6,48.2,48.7],"runId":["Run 1","Run 2","Run 3","Run 4","Run 5","Run 6","Run 7","Run 8","Run 9","Run 10"]}