{"slackAfterALNS":0,"nInitialNotServicedExpectedRequests":[26,24,26,19,22,25,21,22,20,20],"averageObj":[9927.716304764846,9300.683038995132,9106.077328299561,9523.216945394657,9685.264922169543,9242.693208952605,8947.981151035257,9199.03271542307,9019.123464884462,9673.007720594751],"slackBeforeALNS":0,"nInitialNotServicedFixedRequests":[1,1,1,1,1,1,1,1,1,1],"averageNotServicedExpectedRequests":[52.0,45.3,42.9,47.4,49.6,44.6,41.4,43.7,41.8,49.1],"runId":["Run 1","Run 2","Run 3","Run 4","Run 5","Run 6","Run 7","Run 8","Run 9","Run 10"]}