{"slackAfterALNS":0,"nInitialNotServicedExpectedRequests":[30,20,19,26,27,28,31,20,31,26],"averageObj":[7634.27161005899,7884.237387667218,7869.223727360919,7321.337741003028,7866.0235243028055,8332.108891221907,7619.925690921742,7549.8575466224165,7781.109185487951,8226.917612015754],"slackBeforeALNS":0,"nInitialNotServicedFixedRequests":[0,0,0,0,0,0,0,0,0,0],"averageNotServicedExpectedRequests":[48.3,50.8,50.9,44.9,51.2,56.2,47.5,46.6,49.6,54.8],"runId":["Run 1","Run 2","Run 3","Run 4","Run 5","Run 6","Run 7","Run 8","Run 9","Run 10"]}