{"slackAfterALNS":0,"nInitialNotServicedExpectedRequests":[31,26,22,25,30,24,25,25,22,26],"averageObj":[7163.175452657275,7490.39047424649,7339.798943963066,7907.519935888318,7258.48696333483,7427.442882146138,7486.092147803365,7743.664428033126,7733.308822068715,7296.742206307681],"slackBeforeALNS":0,"nInitialNotServicedFixedRequests":[0,0,0,0,0,0,0,0,0,0],"averageNotServicedExpectedRequests":[43.6,47.8,45.4,52.4,45.1,46.6,47.6,50.6,50.0,45.1],"runId":["Run 1","Run 2","Run 3","Run 4","Run 5","Run 6","Run 7","Run 8","Run 9","Run 10"]}