{"slackAfterALNS":0,"nInitialNotServicedExpectedRequests":[25,22,29,30,26,29,32,27,27,31],"averageObj":[7488.270590689992,7295.9557130708,7158.289624948178,7688.025844213506,7675.493828211467,7819.692021570035,7437.05306373558,7763.279033073959,7780.491476111913,7835.012479913658],"slackBeforeALNS":0,"nInitialNotServicedFixedRequests":[0,0,0,0,0,0,0,0,0,0],"averageNotServicedExpectedRequests":[46.6,44.4,43.4,48.4,49.4,50.3,45.9,49.5,49.8,50.6],"runId":["Run 1","Run 2","Run 3","Run 4","Run 5","Run 6","Run 7","Run 8","Run 9","Run 10"]}