{"slackAfterALNS":0,"nInitialNotServicedExpectedRequests":[30,27,23,26,24,24,25,17,32,25],"averageObj":[7300.378796710547,7060.999654570539,7001.366063476108,7250.362877133273,7414.221746719786,7651.912696508817,7067.613773408925,7203.8086530277915,7288.210188621345,7717.762667445642],"slackBeforeALNS":0,"nInitialNotServicedFixedRequests":[0,0,0,0,0,0,0,0,0,0],"averageNotServicedExpectedRequests":[45.4,42.5,42.4,44.6,46.7,49.5,42.9,44.0,45.5,50.0],"runId":["Run 1","Run 2","Run 3","Run 4","Run 5","Run 6","Run 7","Run 8","Run 9","Run 10"]}