{"slackAfterALNS":0,"nInitialNotServicedExpectedRequests":[28,19,28,32,26,28,26,23,19,20],"averageObj":[7462.107699345671,7561.995280069456,7569.972897426516,8025.036805814678,7392.472985068035,7607.49661847159,7759.572991204097,7333.250780826513,7235.192484817684,7067.481248186336],"slackBeforeALNS":0,"nInitialNotServicedFixedRequests":[0,0,0,0,0,0,0,0,0,0],"averageNotServicedExpectedRequests":[46.6,47.9,47.3,53.4,45.4,48.3,49.9,45.3,43.8,41.7],"runId":["Run 1","Run 2","Run 3","Run 4","Run 5","Run 6","Run 7","Run 8","Run 9","Run 10"]}