{"slackAfterALNS":0,"nInitialNotServicedExpectedRequests":[26,24,23,21,19,28,21,28,27,18],"averageObj":[7585.21292013252,7047.546351688616,7062.499293442781,7300.941409720074,7603.516342495454,7674.564948057901,7652.492640435744,7609.671479193256,7457.16457246334,7322.7439139307635],"slackBeforeALNS":0,"nInitialNotServicedFixedRequests":[0,0,0,0,0,0,0,0,0,0],"averageNotServicedExpectedRequests":[48.0,42.0,42.2,45.0,47.9,49.7,49.4,48.2,46.4,45.5],"runId":["Run 1","Run 2","Run 3","Run 4","Run 5","Run 6","Run 7","Run 8","Run 9","Run 10"]}