{"slackAfterALNS":0,"nInitialNotServicedExpectedRequests":[28,25,29,27,17,30,27,24,25,32],"averageObj":[7126.281507630872,7730.445872335937,7954.886975243547,7899.631155531153,7137.785833398659,7183.7852155592,7553.984449101195,7351.600336731464,7507.034419526344,7816.92876328094],"slackBeforeALNS":0,"nInitialNotServicedFixedRequests":[0,0,0,0,0,0,0,0,0,0],"averageNotServicedExpectedRequests":[42.8,49.6,51.7,51.1,42.5,43.6,47.7,45.4,46.8,49.3],"runId":["Run 1","Run 2","Run 3","Run 4","Run 5","Run 6","Run 7","Run 8","Run 9","Run 10"]}