{"slackAfterALNS":0,"nInitialNotServicedExpectedRequests":[33,27,31,30,21,23,22,33,30,28],"averageObj":[7925.141126981614,7678.100348137998,7404.243860315595,7404.1211003037215,7316.197400837425,7301.705898046968,7667.077410730972,7696.46211316893,8266.876067543135,7254.802585950651],"slackBeforeALNS":0,"nInitialNotServicedFixedRequests":[0,0,0,0,0,0,0,0,0,0],"averageNotServicedExpectedRequests":[51.7,49.4,45.8,45.3,45.5,44.9,47.9,48.5,55.5,44.2],"runId":["Run 1","Run 2","Run 3","Run 4","Run 5","Run 6","Run 7","Run 8","Run 9","Run 10"]}