{"slackAfterALNS":0,"nInitialNotServicedExpectedRequests":[37,31,27,27,22,21,24,21,22,26],"averageObj":[8097.166654821704,7373.921192506781,7939.547240250198,8096.563986983698,7244.460360391397,8162.421237594611,7827.330658176264,7630.544006160196,7855.528182686435,7904.889605358],"slackBeforeALNS":0,"nInitialNotServicedFixedRequests":[0,0,0,0,0,0,0,0,0,0],"averageNotServicedExpectedRequests":[52.7,45.8,51.8,54.1,43.6,53.7,50.2,48.2,51.3,50.8],"runId":["Run 1","Run 2","Run 3","Run 4","Run 5","Run 6","Run 7","Run 8","Run 9","Run 10"]}