{"slackAfterALNS":0,"nInitialNotServicedExpectedRequests":[18,18,19,17,21],"averageObj":[5898.0798572386575,5519.66644880386,5330.375592667783,5611.881818489959,5733.211948058205],"slackBeforeALNS":0,"nInitialNotServicedFixedRequests":[0,0,0,0,0],"averageNotServicedExpectedRequests":[29.0,26.0,24.0,26.0,28.0],"ALNSIterations":[4454,4986,5091,4595,4259],"runId":["Run 1","Run 2","Run 3","Run 4","Run 5"]}