{"slackAfterALNS":0,"nInitialNotServicedExpectedRequests":[13,17,18,15,16],"averageObj":[5217.180950424146,6047.501123661119,6000.952017195293,6300.061920887349,5364.514721932408],"slackBeforeALNS":0,"nInitialNotServicedFixedRequests":[0,0,0,0,0],"averageNotServicedExpectedRequests":[21.0,31.0,30.0,33.0,23.0],"ALNSIterations":[4956,4457,4533,5399,4620],"runId":["Run 1","Run 2","Run 3","Run 4","Run 5"]}