{"slackAfterALNS":0,"nInitialNotServicedExpectedRequests":[15,15,19,15,17],"averageObj":[4954.898995323651,5619.606768759914,5677.79061783218,5600.711450290485,4995.9594842827655],"slackBeforeALNS":0,"nInitialNotServicedFixedRequests":[0,0,0,0,0],"averageNotServicedExpectedRequests":[19.0,27.0,26.0,26.0,19.0],"ALNSIterations":[4915,5033,4912,4166,4920],"runId":["Run 1","Run 2","Run 3","Run 4","Run 5"]}