{"slackAfterALNS":0,"nInitialNotServicedExpectedRequests":[18,24,19,20,20],"averageObj":[5690.134812515158,5704.822525740614,5490.531652788363,5967.230299361611,5444.881628560569],"slackBeforeALNS":0,"nInitialNotServicedFixedRequests":[0,0,0,0,0],"averageNotServicedExpectedRequests":[27.0,26.0,25.0,30.0,25.0],"ALNSIterations":[5351,4988,5310,5028,4691],"runId":["Run 1","Run 2","Run 3","Run 4","Run 5"]}