{"slackAfterALNS":0,"nInitialNotServicedExpectedRequests":[24,20,23,26,22],"averageObj":[5877.994377756776,4789.58688980074,5936.448869837664,6023.911977142083,5856.758748494742],"slackBeforeALNS":0,"nInitialNotServicedFixedRequests":[0,0,0,0,0],"averageNotServicedExpectedRequests":[29.0,17.0,29.0,31.0,28.0],"ALNSIterations":[4081,4759,3967,3952,4484],"runId":["Run 1","Run 2","Run 3","Run 4","Run 5"]}