{"slackAfterALNS":0,"nInitialNotServicedExpectedRequests":[20,24,20,19,18],"averageObj":[5189.353980813,6154.106750151374,6064.156276697118,5619.6176704571835,6095.964444568043],"slackBeforeALNS":0,"nInitialNotServicedFixedRequests":[0,0,0,0,0],"averageNotServicedExpectedRequests":[20.0,32.0,32.0,26.0,32.0],"ALNSIterations":[4922,4790,4545,5069,5393],"runId":["Run 1","Run 2","Run 3","Run 4","Run 5"]}