{"slackAfterALNS":0,"nInitialNotServicedExpectedRequests":[16,18,11,17,16],"averageObj":[5048.094288765197,5008.615033554143,4729.5388217562895,5422.170564175045,5247.174698694572],"slackBeforeALNS":0,"nInitialNotServicedFixedRequests":[0,0,0,0,0],"averageNotServicedExpectedRequests":[19.0,19.0,16.0,23.0,21.0],"ALNSIterations":[4099,3724,4148,4013,5040],"runId":["Run 1","Run 2","Run 3","Run 4","Run 5"]}