{"slackAfterALNS":0,"nInitialNotServicedExpectedRequests":[17,17,19,20,28],"averageObj":[5955.612537582944,6515.643880911159,7061.190476801114,6108.021540611121,6672.653816430657],"slackBeforeALNS":0,"nInitialNotServicedFixedRequests":[0,0,0,0,0],"averageNotServicedExpectedRequests":[29.0,34.0,42.0,29.0,37.0],"ALNSIterations":[4239,4569,4345,5068,3125],"runId":["Run 1","Run 2","Run 3","Run 4","Run 5"]}