{"slackAfterALNS":0,"nInitialNotServicedExpectedRequests":[16,15,16,17,8],"averageObj":[5411.689432170821,5801.642957331359,5200.279722110704,5672.8981684818,4459.480599649047],"slackBeforeALNS":0,"nInitialNotServicedFixedRequests":[0,0,0,0,0],"averageNotServicedExpectedRequests":[23.0,26.0,20.0,26.0,12.0],"ALNSIterations":[5026,4460,4672,4547,5609],"runId":["Run 1","Run 2","Run 3","Run 4","Run 5"]}