{"slackAfterALNS":0,"nInitialNotServicedExpectedRequests":[30,27,29,25,29],"averageObj":[6334.69555394417,6123.014594476045,6392.506918789514,6297.49704234658,6236.135478864729],"slackBeforeALNS":0,"nInitialNotServicedFixedRequests":[0,0,0,0,0],"averageNotServicedExpectedRequests":[33.0,32.0,35.0,34.0,34.0],"ALNSIterations":[4652,5046,5329,5109,5023],"runId":["Run 1","Run 2","Run 3","Run 4","Run 5"]}