{"slackAfterALNS":0,"nInitialNotServicedExpectedRequests":[13,14,14,10,20],"averageObj":[5946.714137090134,6226.3918274868065,5765.494336105146,5967.118628660859,5866.570761428749],"slackBeforeALNS":0,"nInitialNotServicedFixedRequests":[0,0,0,0,0],"averageNotServicedExpectedRequests":[28.0,32.4,26.6,28.8,28.0],"ALNSIterations":[5961,5027,5721,4874,3054],"runId":["Run 1","Run 2","Run 3","Run 4","Run 5"]}