{"slackAfterALNS":0,"nInitialNotServicedExpectedRequests":[19,15,25,15,20],"averageObj":[5811.626399946856,5919.456743278455,6289.933627676985,5986.993996621086,5434.117247415317],"slackBeforeALNS":0,"nInitialNotServicedFixedRequests":[0,0,0,0,0],"averageNotServicedExpectedRequests":[28.4,28.9,33.7,29.3,23.6],"ALNSIterations":[2914,3963,5270,4414,6014],"runId":["Run 1","Run 2","Run 3","Run 4","Run 5"]}