{"slackAfterALNS":0,"nInitialNotServicedExpectedRequests":[17,19,22,21,16],"averageObj":[6145.778046125619,6161.683752689891,5875.055824998537,5713.754305273146,5706.691017262293],"slackBeforeALNS":0,"nInitialNotServicedFixedRequests":[0,0,0,0,0],"averageNotServicedExpectedRequests":[31.4,31.4,28.0,26.9,26.3],"ALNSIterations":[2828,4220,3863,5641,5942],"runId":["Run 1","Run 2","Run 3","Run 4","Run 5"]}