{"slackAfterALNS":0,"nInitialNotServicedExpectedRequests":[19,13,18,22,14],"averageObj":[5913.289441256542,5756.218836429423,5786.920509480362,5924.923791248674,6019.833737818894],"slackBeforeALNS":0,"nInitialNotServicedFixedRequests":[0,0,0,0,0],"averageNotServicedExpectedRequests":[30.1,28.2,28.6,29.5,31.2],"ALNSIterations":[4732,4906,4788,4671,4663],"runId":["Run 1","Run 2","Run 3","Run 4","Run 5"]}