{"slackAfterALNS":0,"nInitialNotServicedExpectedRequests":[2,7,2,7,4],"averageObj":[9430.066741702123,7222.415607219856,5221.5549090556,7132.18415237015,7289.288814994715],"slackBeforeALNS":0,"nInitialNotServicedFixedRequests":[2,1,0,1,1],"averageNotServicedExpectedRequests":[22.8,20.5,20.3,19.8,20.8],"ALNSIterations":[3852,2991,2322,2425,2366],"runId":["Run 1","Run 2","Run 3","Run 4","Run 5"]}