{"slackAfterALNS":0,"nInitialNotServicedExpectedRequests":[20,20,19,19,22],"averageObj":[5958.264562703944,5708.41689748433,6401.895049204715,6200.327427701291,6411.213438321831],"slackBeforeALNS":0,"nInitialNotServicedFixedRequests":[0,0,0,0,0],"averageNotServicedExpectedRequests":[28.9,26.2,34.5,31.8,33.4],"ALNSIterations":[4601,4586,4843,4300,4762],"runId":["Run 1","Run 2","Run 3","Run 4","Run 5"]}