{"slackAfterALNS":0,"nInitialNotServicedExpectedRequests":[4,12,6,9,6],"averageObj":[5475.558395262526,7646.36415485694,7570.431659137161,7682.453948657154,11266.853386561725],"slackBeforeALNS":0,"nInitialNotServicedFixedRequests":[0,1,1,1,3],"averageNotServicedExpectedRequests":[24.1,25.9,25.0,25.3,22.0],"ALNSIterations":[3334,2616,2742,2565,2824],"runId":["Run 1","Run 2","Run 3","Run 4","Run 5"]}