{"slackAfterALNS":0,"nInitialNotServicedExpectedRequests":[13,18,26,27,24],"averageObj":[5790.360144899893,6414.957263288472,6311.053157539429,6896.430009204812,6561.191684622261],"slackBeforeALNS":0,"nInitialNotServicedFixedRequests":[0,0,0,0,0],"averageNotServicedExpectedRequests":[27.3,33.9,33.6,41.0,36.1],"ALNSIterations":[4293,4446,4520,4401,4450],"runId":["Run 1","Run 2","Run 3","Run 4","Run 5"]}