{"slackAfterALNS":0,"nInitialNotServicedExpectedRequests":[24,25,21,23,25],"averageObj":[6463.854904689675,5981.564920499006,6201.320031527855,5990.656510665761,6273.803590804513],"slackBeforeALNS":0,"nInitialNotServicedFixedRequests":[0,0,0,0,0],"averageNotServicedExpectedRequests":[36.0,30.4,32.7,30.4,34.2],"ALNSIterations":[5138,4883,4804,5250,4912],"runId":["Run 1","Run 2","Run 3","Run 4","Run 5"]}