{"slackAfterALNS":0,"nInitialNotServicedExpectedRequests":[14,21,18,21,15],"averageObj":[5387.16651709164,6232.538761409024,5987.053380498843,6069.802763250807,5896.62633569605],"slackBeforeALNS":0,"nInitialNotServicedFixedRequests":[0,0,0,0,0],"averageNotServicedExpectedRequests":[23.6,32.8,30.6,31.0,29.0],"ALNSIterations":[4675,5140,5051,4866,5106],"runId":["Run 1","Run 2","Run 3","Run 4","Run 5"]}