{"slackAfterALNS":0,"nInitialNotServicedExpectedRequests":[2,9,8,6,6],"averageObj":[5064.920655568872,5393.110810242406,7146.087141729455,5427.278203142652,5196.337293490402],"slackBeforeALNS":0,"nInitialNotServicedFixedRequests":[0,0,1,0,0],"averageNotServicedExpectedRequests":[20.5,23.6,21.2,23.4,21.7],"ALNSIterations":[3361,2735,2604,2946,5303],"runId":["Run 1","Run 2","Run 3","Run 4","Run 5"]}