{"slackAfterALNS":0,"nInitialNotServicedExpectedRequests":[18,17,22,18,18],"averageObj":[6456.3290312651,5784.102995201472,6072.768721935297,6124.0051445959925,5975.974934418102],"slackBeforeALNS":0,"nInitialNotServicedFixedRequests":[0,0,0,0,0],"averageNotServicedExpectedRequests":[34.1,27.2,30.5,30.6,29.3],"ALNSIterations":[4736,4909,4589,4965,4643],"runId":["Run 1","Run 2","Run 3","Run 4","Run 5"]}