{"slackAfterALNS":0,"nInitialNotServicedExpectedRequests":[16,17,16,18,22],"averageObj":[6259.708859076192,6016.945659468438,5914.792133340363,6236.6338561645625,6415.025898517625],"slackBeforeALNS":0,"nInitialNotServicedFixedRequests":[0,0,0,0,0],"averageNotServicedExpectedRequests":[32.8,30.4,29.9,33.0,34.6],"ALNSIterations":[4834,5305,4887,4967,4782],"runId":["Run 1","Run 2","Run 3","Run 4","Run 5"]}