{"slackAfterALNS":0,"nInitialNotServicedExpectedRequests":[10,18,11,14,14],"averageObj":[5556.063383780062,5656.014597827922,5592.7637698592425,5538.7617556197665,5427.573678262938],"slackBeforeALNS":0,"nInitialNotServicedFixedRequests":[0,0,0,0,0],"averageNotServicedExpectedRequests":[25.2,25.2,25.6,25.0,23.9],"ALNSIterations":[4378,4139,4333,4491,4582],"runId":["Run 1","Run 2","Run 3","Run 4","Run 5"]}