{"slackAfterALNS":0,"nInitialNotServicedExpectedRequests":[2,7,6,7,8],"averageObj":[7223.824396477154,5551.141919520802,7382.185787776107,5561.944257457961,7574.235074140663],"slackBeforeALNS":0,"nInitialNotServicedFixedRequests":[1,0,1,0,1],"averageNotServicedExpectedRequests":[19.7,22.9,22.0,23.1,23.6],"ALNSIterations":[5312,5086,5320,5319,5231],"runId":["Run 1","Run 2","Run 3","Run 4","Run 5"]}