{"slackAfterALNS":0,"nInitialNotServicedExpectedRequests":[4,5,2,5,2],"averageObj":[5555.91233993537,5354.585192143115,7338.219793115454,9502.762146681152,5340.609292902588],"slackBeforeALNS":0,"nInitialNotServicedFixedRequests":[0,0,1,2,0],"averageNotServicedExpectedRequests":[23.5,21.7,21.7,22.9,21.7],"ALNSIterations":[5002,5096,4931,4907,4960],"runId":["Run 1","Run 2","Run 3","Run 4","Run 5"]}