{"slackAfterALNS":0,"nInitialNotServicedExpectedRequests":[6,3,6,11,3],"averageObj":[7454.877528551236,5487.161301216224,7377.091118961095,5478.0515054446405,7098.827439905186],"slackBeforeALNS":0,"nInitialNotServicedFixedRequests":[1,0,1,0,1],"averageNotServicedExpectedRequests":[22.7,22.9,21.5,24.2,19.9],"ALNSIterations":[5357,5574,5424,5638,5402],"runId":["Run 1","Run 2","Run 3","Run 4","Run 5"]}