{"slackAfterALNS":0,"nInitialNotServicedExpectedRequests":[2,7,10,5,0],"averageObj":[7105.424049690038,7223.395655929085,8779.378283017493,5452.851980828198,7252.56656987966],"slackBeforeALNS":0,"nInitialNotServicedFixedRequests":[1,1,2,0,1],"averageNotServicedExpectedRequests":[19.0,20.9,15.9,21.9,21.1],"ALNSIterations":[5047,4801,4972,5032,4900],"runId":["Run 1","Run 2","Run 3","Run 4","Run 5"]}