{"slackAfterALNS":0,"nInitialNotServicedExpectedRequests":[7,8,9,12,4],"averageObj":[5416.908633491434,11736.078352659959,9376.902279951779,9455.606199601621,5515.417607257744],"slackBeforeALNS":0,"nInitialNotServicedFixedRequests":[0,3,2,2,0],"averageNotServicedExpectedRequests":[22.9,26.1,22.1,22.9,24.0],"ALNSIterations":[4932,5398,5437,5182,5295],"runId":["Run 1","Run 2","Run 3","Run 4","Run 5"]}