{"slackAfterALNS":0,"nInitialNotServicedExpectedRequests":[4,4,6,10,2],"averageObj":[4930.566852870552,5619.1495198724515,5346.62702623543,7426.966882545105,4751.786314100289],"slackBeforeALNS":0,"nInitialNotServicedFixedRequests":[0,0,0,1,0],"averageNotServicedExpectedRequests":[18.2,24.9,23.0,24.5,16.4],"ALNSIterations":[5234,5657,5419,5418,5568],"runId":["Run 1","Run 2","Run 3","Run 4","Run 5"]}