{"slackAfterALNS":0,"nInitialNotServicedExpectedRequests":[7,10,15,10,1],"averageObj":[7694.331936504497,6168.151179062218,9803.97295882549,7576.979917940102,5532.284288537815],"slackBeforeALNS":0,"nInitialNotServicedFixedRequests":[1,0,2,1,0],"averageNotServicedExpectedRequests":[24.5,30.2,25.9,23.7,23.5],"ALNSIterations":[5085,5481,5100,5405,4923],"runId":["Run 1","Run 2","Run 3","Run 4","Run 5"]}