{"slackAfterALNS":0,"nInitialNotServicedExpectedRequests":[12,11,11,8,15],"averageObj":[4673.479137775021,6724.543329655712,6642.1910149676205,4591.767891317197,6541.34083031396],"slackBeforeALNS":0,"nInitialNotServicedFixedRequests":[1,2,2,1,2],"averageNotServicedExpectedRequests":[17.5,18.4,17.6,16.5,16.2],"ALNSIterations":[23667,24439,18680,33194,25270],"runId":["Run 1","Run 2","Run 3","Run 4","Run 5"]}