{"slackAfterALNS":0,"nInitialNotServicedExpectedRequests":[3,3,10,7,6],"averageObj":[2381.3925739706788,2814.0125071332336,2738.551248411847,2633.8552111392646,2481.119272384886],"slackBeforeALNS":0,"nInitialNotServicedFixedRequests":[0,0,0,0,0],"averageNotServicedExpectedRequests":[13.9,18.6,18.3,17.1,15.5],"ALNSIterations":[27430,34280,31217,17297,31151],"runId":["Run 1","Run 2","Run 3","Run 4","Run 5"]}