{"slackAfterALNS":0,"nInitialNotServicedExpectedRequests":[7,6,9,6,6],"averageObj":[4680.535980994862,4758.129298219896,4584.744281404931,4717.633438726473,4522.51596628946],"slackBeforeALNS":0,"nInitialNotServicedFixedRequests":[1,1,1,1,1],"averageNotServicedExpectedRequests":[17.3,18.6,16.9,18.0,15.6],"ALNSIterations":[17094,24424,25970,36050,29020],"runId":["Run 1","Run 2","Run 3","Run 4","Run 5"]}