{"slackAfterALNS":0,"nInitialNotServicedExpectedRequests":[18,19,15,18,22],"averageObj":[6309.2777446668215,5120.743600452747,5230.295210998184,5859.210351798743,6201.935821118007],"slackBeforeALNS":0,"nInitialNotServicedFixedRequests":[0,0,0,0,0],"averageNotServicedExpectedRequests":[35.0,21.0,22.0,30.0,34.0],"ALNSIterations":[3809,4068,4378,4411,3857],"runId":["Run 1","Run 2","Run 3","Run 4","Run 5"]}