{"slackAfterALNS":0,"nInitialNotServicedExpectedRequests":[13,18,11,16,14],"averageObj":[5147.594797813778,5157.790765517334,4839.65989778591,6056.472929270667,5117.264274343056],"slackBeforeALNS":0,"nInitialNotServicedFixedRequests":[0,0,0,0,0],"averageNotServicedExpectedRequests":[20.0,19.0,17.0,31.0,20.0],"ALNSIterations":[5579,5021,4119,4241,4608],"runId":["Run 1","Run 2","Run 3","Run 4","Run 5"]}