{"slackAfterALNS":0,"nInitialNotServicedExpectedRequests":[24,26,20,23,23],"averageObj":[6285.763976996683,6345.384721422233,5380.938535691785,5781.569175864329,5745.937622012528],"slackBeforeALNS":0,"nInitialNotServicedFixedRequests":[0,0,0,0,0],"averageNotServicedExpectedRequests":[34.0,34.0,23.0,27.0,27.0],"ALNSIterations":[5285,5052,3908,3675,4363],"runId":["Run 1","Run 2","Run 3","Run 4","Run 5"]}