{"slackAfterALNS":0,"nInitialNotServicedExpectedRequests":[17,19,18,17,17],"averageObj":[5000.223761707154,5345.110984904036,5437.897501693851,5843.042537831062,5840.407795130135],"slackBeforeALNS":0,"nInitialNotServicedFixedRequests":[0,0,0,0,0],"averageNotServicedExpectedRequests":[19.0,23.0,24.0,28.0,28.0],"ALNSIterations":[5775,5204,4539,4089,4501],"runId":["Run 1","Run 2","Run 3","Run 4","Run 5"]}