{"slackAfterALNS":0,"nInitialNotServicedExpectedRequests":[17,18,23,18,16],"averageObj":[6149.4548754986945,5923.69958093343,6204.036940658538,5989.953215911142,6057.852632833237],"slackBeforeALNS":0,"nInitialNotServicedFixedRequests":[0,0,0,0,0],"averageNotServicedExpectedRequests":[31.9,29.5,32.3,30.0,30.1],"ALNSIterations":[4069,4958,4768,4353,4683],"runId":["Run 1","Run 2","Run 3","Run 4","Run 5"]}