{"slackAfterALNS":0,"nInitialNotServicedExpectedRequests":[16,15,16,18,22],"averageObj":[5732.31052661074,6059.274982372212,5950.170867568738,6132.292705786283,6072.726789581336],"slackBeforeALNS":0,"nInitialNotServicedFixedRequests":[0,0,0,0,0],"averageNotServicedExpectedRequests":[26.7,30.4,28.9,30.5,30.0],"ALNSIterations":[4414,5431,4985,3916,2930],"runId":["Run 1","Run 2","Run 3","Run 4","Run 5"]}