{"slackAfterALNS":0,"nInitialNotServicedExpectedRequests":[21,21,21,19,18],"averageObj":[6043.629849342949,6104.336810521569,6300.944624622409,6276.0709914273975,6006.890957490846],"slackBeforeALNS":0,"nInitialNotServicedFixedRequests":[0,0,0,0,0],"averageNotServicedExpectedRequests":[29.4,30.0,32.2,32.4,29.8],"ALNSIterations":[3241,2836,3072,3307,2889],"runId":["Run 1","Run 2","Run 3","Run 4","Run 5"]}