{"slackAfterALNS":0,"nInitialNotServicedExpectedRequests":[19,20,18,21,16],"averageObj":[6271.566294822918,5720.1264834335525,5787.570715798056,5837.3461311964875,5950.447673440871],"slackBeforeALNS":0,"nInitialNotServicedFixedRequests":[0,0,0,0,0],"averageNotServicedExpectedRequests":[31.9,27.0,26.6,27.9,28.5],"ALNSIterations":[4485,5032,5163,4536,5208],"runId":["Run 1","Run 2","Run 3","Run 4","Run 5"]}