{"slackAfterALNS":0,"nInitialNotServicedExpectedRequests":[21,18,20,23,17],"averageObj":[5645.751708340419,5292.215300151466,5546.424563086281,5968.924108377958,5792.112624148756],"slackBeforeALNS":0,"nInitialNotServicedFixedRequests":[0,0,0,0,0],"averageNotServicedExpectedRequests":[26.8,23.1,25.9,30.8,28.2],"ALNSIterations":[3507,2851,3232,3279,2821],"runId":["Run 1","Run 2","Run 3","Run 4","Run 5"]}