{"slackAfterALNS":0,"nInitialNotServicedExpectedRequests":[15,23,20,26,17],"averageObj":[5803.094910647722,6189.536157089817,5918.622226220568,6002.77253941894,5830.471253724781],"slackBeforeALNS":0,"nInitialNotServicedFixedRequests":[0,0,0,0,0],"averageNotServicedExpectedRequests":[28.4,32.1,29.0,30.7,28.0],"ALNSIterations":[3850,2906,3508,3630,2760],"runId":["Run 1","Run 2","Run 3","Run 4","Run 5"]}