{"slackAfterALNS":0,"nInitialNotServicedExpectedRequests":[61,51,53,57,62,61,64,42,55,51],"averageObj":[14682.831743920746,13971.147415518246,14292.50769734388,13667.297114805284,13901.79702514251,14357.477718032364,14320.665762729695,13721.65628287897,13823.698368972447,14084.919459699178],"slackBeforeALNS":0,"nInitialNotServicedFixedRequests":[0,0,0,0,0,0,0,0,0,0],"averageNotServicedExpectedRequests":[103.9,96.2,99.3,92.5,95.6,100.0,99.9,93.3,93.9,97.3],"runId":["Run 1","Run 2","Run 3","Run 4","Run 5","Run 6","Run 7","Run 8","Run 9","Run 10"]}