{"slackAfterALNS":0,"nInitialNotServicedExpectedRequests":[36,53,53,52,60,55,62,63,55,47],"averageObj":[13655.46084155997,14720.990338601128,14146.529994292996,14072.095203045732,14635.387004772583,14468.030977100963,14184.510381874428,14261.466270280096,14053.216906018759,14487.138116395708],"slackBeforeALNS":0,"nInitialNotServicedFixedRequests":[0,0,0,0,0,0,0,0,0,0],"averageNotServicedExpectedRequests":[90.5,103.5,97.4,96.2,103.0,100.5,97.8,97.1,96.3,101.8],"runId":["Run 1","Run 2","Run 3","Run 4","Run 5","Run 6","Run 7","Run 8","Run 9","Run 10"]}