{"slackAfterALNS":0,"nInitialNotServicedExpectedRequests":[57,53,42,60,43,61,49,62,66,67],"averageObj":[13951.054874325439,14227.825966877694,14308.024332917601,14382.927028321656,14939.253370388702,14593.62934855399,14081.159161699785,15337.562753686017,14578.443089882227,14153.96945784585],"slackBeforeALNS":0,"nInitialNotServicedFixedRequests":[0,0,0,0,0,0,0,0,0,0],"averageNotServicedExpectedRequests":[95.9,98.8,100.5,100.6,106.5,103.3,97.2,111.7,102.7,97.5],"runId":["Run 1","Run 2","Run 3","Run 4","Run 5","Run 6","Run 7","Run 8","Run 9","Run 10"]}