{"slackAfterALNS":0,"nInitialNotServicedExpectedRequests":[54,51,60,53,70,52,60,58,51,65],"averageObj":[14444.637441937486,13491.179527497894,14468.72259404211,13721.108222020197,14278.837000967009,13745.898914012916,13405.388060809206,14468.462558710287,13246.923601941968,14831.812892928108],"slackBeforeALNS":0,"nInitialNotServicedFixedRequests":[0,0,0,0,0,0,0,0,0,0],"averageNotServicedExpectedRequests":[100.6,90.1,101.1,92.0,99.1,92.1,89.0,101.1,86.8,105.2],"runId":["Run 1","Run 2","Run 3","Run 4","Run 5","Run 6","Run 7","Run 8","Run 9","Run 10"]}