{"slackAfterALNS":0,"nInitialNotServicedExpectedRequests":[55,58,46,65,46,51,36,58,34,38],"averageObj":[14031.326887940237,13281.573309564996,13632.546999882281,13711.347182229641,13814.885659368054,13618.12676389603,13093.538190596899,13397.321679020897,13418.439022747067,13789.62505681476],"slackBeforeALNS":0,"nInitialNotServicedFixedRequests":[0,0,0,0,0,0,0,0,0,0],"averageNotServicedExpectedRequests":[96.3,88.2,91.7,93.6,93.3,92.0,85.0,89.4,89.7,92.9],"runId":["Run 1","Run 2","Run 3","Run 4","Run 5","Run 6","Run 7","Run 8","Run 9","Run 10"]}