{"slackAfterALNS":0,"nInitialNotServicedExpectedRequests":[49,48,30,30,52,45,47,40,26,49],"averageObj":[13394.367329691519,12751.93270552133,12577.657681029244,13104.275081042992,13523.749201959043,13411.964200456796,13522.1316122995,12895.734989295193,13070.92471226591,13115.126435078875],"slackBeforeALNS":0,"nInitialNotServicedFixedRequests":[0,0,0,0,0,0,0,0,0,0],"averageNotServicedExpectedRequests":[88.8,81.8,79.8,85.5,90.0,88.7,89.5,83.8,84.7,85.9],"runId":["Run 1","Run 2","Run 3","Run 4","Run 5","Run 6","Run 7","Run 8","Run 9","Run 10"]}