{"slackAfterALNS":0,"nInitialNotServicedExpectedRequests":[55,46,37,42,38,44,56,44,42,50],"averageObj":[13678.079041840178,12841.050295491128,14122.647770200949,12586.141618179265,14332.825581048743,13178.54296700448,12922.175048055826,13242.202483625068,11781.703599047234,13042.82120534169],"slackBeforeALNS":0,"nInitialNotServicedFixedRequests":[0,0,1,0,1,0,0,0,0,0],"averageNotServicedExpectedRequests":[92.2,83.0,74.5,79.7,77.7,87.7,83.8,87.8,71.6,84.5],"runId":["Run 1","Run 2","Run 3","Run 4","Run 5","Run 6","Run 7","Run 8","Run 9","Run 10"]}