{"slackAfterALNS":0,"nInitialNotServicedExpectedRequests":[56,49,55,45,53,46,36,41,47,39],"averageObj":[13594.160235468056,13456.525925673175,12940.931734990496,13420.413549388008,13393.791804678016,13913.563764000719,13746.416986872175,13700.904608686586,13426.134765990724,13760.111988864437],"slackBeforeALNS":0,"nInitialNotServicedFixedRequests":[0,0,0,0,0,0,0,0,0,0],"averageNotServicedExpectedRequests":[90.9,90.0,83.7,89.1,88.8,95.4,92.6,92.6,89.5,92.0],"runId":["Run 1","Run 2","Run 3","Run 4","Run 5","Run 6","Run 7","Run 8","Run 9","Run 10"]}