{"slackAfterALNS":0,"nInitialNotServicedExpectedRequests":[68,54,48,46,51,51,53,55,49,53],"averageObj":[14540.49625128468,14038.431387130817,14195.464326407766,13827.5894551334,13639.782316477049,13105.879463151763,14046.523862629492,14568.531015544917,13376.788113995728,13662.642849456399],"slackBeforeALNS":0,"nInitialNotServicedFixedRequests":[0,0,0,0,0,0,0,0,0,0],"averageNotServicedExpectedRequests":[102.4,97.0,98.3,94.5,92.2,86.5,97.2,103.1,89.8,92.4],"runId":["Run 1","Run 2","Run 3","Run 4","Run 5","Run 6","Run 7","Run 8","Run 9","Run 10"]}