{"slackAfterALNS":0,"nInitialNotServicedExpectedRequests":[61,53,57,65,53,52,57,56,51,46],"averageObj":[13907.248915702847,14624.24334148759,13982.852619057758,14666.53064256516,13953.747672764099,15130.984649433982,14110.689201755353,14444.935011424774,14186.756312551213,14002.503315614687],"slackBeforeALNS":0,"nInitialNotServicedFixedRequests":[0,0,0,0,0,0,0,0,0,0],"averageNotServicedExpectedRequests":[95.4,103.2,95.7,103.9,95.7,108.8,96.5,101.8,98.5,96.1],"runId":["Run 1","Run 2","Run 3","Run 4","Run 5","Run 6","Run 7","Run 8","Run 9","Run 10"]}