{"slackAfterALNS":0,"nInitialNotServicedExpectedRequests":[8,7,8,7,6],"averageObj":[2652.4559754999837,2168.8221299872744,2352.24569379271,2388.3063298046027,2111.6317324847264],"slackBeforeALNS":0,"nInitialNotServicedFixedRequests":[0,0,0,0,0],"averageNotServicedExpectedRequests":[17.0,12.0,14.0,14.0,11.0],"ALNSIterations":[18672,19753,19397,18494,19919],"runId":["Run 1","Run 2","Run 3","Run 4","Run 5"]}