{"slackAfterALNS":0,"nInitialNotServicedExpectedRequests":[12,11,12,11,9],"averageObj":[8449.32825628803,4554.601502311757,4460.007752886345,6324.9883824966155,6340.582419546682],"slackBeforeALNS":0,"nInitialNotServicedFixedRequests":[3,1,1,2,2],"averageNotServicedExpectedRequests":[15.0,16.0,15.0,13.0,14.0],"ALNSIterations":[18256,18335,18381,18117,15950],"runId":["Run 1","Run 2","Run 3","Run 4","Run 5"]}