{"slackAfterALNS":0,"nInitialNotServicedExpectedRequests":[10,9,10,14,16],"averageObj":[6497.301933840506,4380.994611110138,8732.186695702216,4718.575352478502,4836.834588818994],"slackBeforeALNS":0,"nInitialNotServicedFixedRequests":[2,1,3,1,1],"averageNotServicedExpectedRequests":[16.0,14.0,19.0,18.0,19.0],"ALNSIterations":[19739,19615,17022,17320,16966],"runId":["Run 1","Run 2","Run 3","Run 4","Run 5"]}