{"slackAfterALNS":0,"nInitialNotServicedExpectedRequests":[9,9,10,9,10],"averageObj":[5633.683364414945,6182.658976725433,6345.252413075258,6394.899512814823,5925.386200034096],"slackBeforeALNS":0,"nInitialNotServicedFixedRequests":[0,0,0,0,0],"averageNotServicedExpectedRequests":[6.0,12.0,14.0,14.0,9.0],"ALNSIterations":[874,755,761,622,373],"runId":["Run 1","Run 2","Run 3","Run 4","Run 5"]}