{"slackAfterALNS":0,"nInitialNotServicedExpectedRequests":[1,4,3,4,2],"averageObj":[5942.132317253133,5897.112464472631,5279.548663791539,5684.604295390693,5739.0022885930675],"slackBeforeALNS":0,"nInitialNotServicedFixedRequests":[0,0,0,0,0],"averageNotServicedExpectedRequests":[9.0,9.0,2.0,6.0,7.0],"ALNSIterations":[852,660,683,657,729],"runId":["Run 1","Run 2","Run 3","Run 4","Run 5"]}