{"slackAfterALNS":0,"nInitialNotServicedExpectedRequests":[1,2,3,3,1],"averageObj":[5701.626770135527,5835.693848668013,5699.014254998337,5723.7792866195605,6040.11789699473],"slackBeforeALNS":0,"nInitialNotServicedFixedRequests":[0,0,0,0,0],"averageNotServicedExpectedRequests":[7.0,8.0,7.0,7.0,10.0],"ALNSIterations":[854,718,670,765,896],"runId":["Run 1","Run 2","Run 3","Run 4","Run 5"]}