{"slackAfterALNS":0,"nInitialNotServicedExpectedRequests":[5,3,5,5,2],"averageObj":[5259.803287651178,5579.864564007417,5491.428867396746,5794.126147263494,6030.848675643281],"slackBeforeALNS":0,"nInitialNotServicedFixedRequests":[0,0,0,0,0],"averageNotServicedExpectedRequests":[2.0,6.0,5.0,8.0,10.0],"ALNSIterations":[836,733,632,777,911],"runId":["Run 1","Run 2","Run 3","Run 4","Run 5"]}