{"slackAfterALNS":0,"nInitialNotServicedExpectedRequests":[3,4,3,0,3],"averageObj":[5534.734397242856,5299.090725034542,5820.097336338146,5215.028950937492,5325.270630765809],"slackBeforeALNS":0,"nInitialNotServicedFixedRequests":[0,0,0,0,0],"averageNotServicedExpectedRequests":[5.0,2.0,8.0,1.0,3.0],"ALNSIterations":[815,727,709,701,859],"runId":["Run 1","Run 2","Run 3","Run 4","Run 5"]}