{"slackAfterALNS":0,"nInitialNotServicedExpectedRequests":[7,7,10,7,7],"averageObj":[7957.443275151762,7930.476234060336,8128.643126969326,7593.067948513553,8163.095131600889],"slackBeforeALNS":0,"nInitialNotServicedFixedRequests":[1,1,1,1,1],"averageNotServicedExpectedRequests":[10.0,9.0,12.0,5.0,12.0],"ALNSIterations":[569,739,790,836,959],"runId":["Run 1","Run 2","Run 3","Run 4","Run 5"]}