{"slackAfterALNS":0,"nInitialNotServicedExpectedRequests":[1,0,0,0,0],"averageObj":[5445.9285048229185,5665.129983783207,5319.991888525858,5422.963102259891,5424.363706390351],"slackBeforeALNS":0,"nInitialNotServicedFixedRequests":[0,0,0,0,0],"averageNotServicedExpectedRequests":[4.0,6.0,3.0,4.0,4.0],"ALNSIterations":[558,708,684,589,858],"runId":["Run 1","Run 2","Run 3","Run 4","Run 5"]}