{"slackAfterALNS":0,"nInitialNotServicedExpectedRequests":[3,3,0,4,1],"averageObj":[5749.8881255394,5750.190900985509,5747.963816551654,6104.410188421367,5547.65971336393],"slackBeforeALNS":0,"nInitialNotServicedFixedRequests":[0,0,0,0,0],"averageNotServicedExpectedRequests":[8.0,7.0,7.0,11.0,5.0],"ALNSIterations":[521,739,766,585,709],"runId":["Run 1","Run 2","Run 3","Run 4","Run 5"]}