{"slackAfterALNS":0,"nInitialNotServicedExpectedRequests":[2,1,0,0,1],"averageObj":[5508.686097352123,5618.7767819586525,5336.742215382285,5346.710969862653,5470.70644254377],"slackBeforeALNS":0,"nInitialNotServicedFixedRequests":[0,0,0,0,0],"averageNotServicedExpectedRequests":[5.0,6.0,3.0,3.0,4.0],"ALNSIterations":[645,699,723,776,481],"runId":["Run 1","Run 2","Run 3","Run 4","Run 5"]}