{"slackAfterALNS":0,"nInitialNotServicedExpectedRequests":[8,11,8,10,11],"averageObj":[2279.3831524373322,1943.3338232057072,2036.0956524366297,2198.220020317631,2151.1358807046745],"slackBeforeALNS":0,"nInitialNotServicedFixedRequests":[0,0,0,0,0],"averageNotServicedExpectedRequests":[13.0,10.0,11.0,13.0,12.0],"ALNSIterations":[18704,18642,18310,18591,18038],"runId":["Run 1","Run 2","Run 3","Run 4","Run 5"]}