{"slackAfterALNS":0,"nInitialNotServicedExpectedRequests":[8,7,9,9,9],"averageObj":[2365.703076881971,2603.4270356029124,2265.6406273099133,2435.8403586908794,2457.0533525250617],"slackBeforeALNS":0,"nInitialNotServicedFixedRequests":[0,0,0,0,0],"averageNotServicedExpectedRequests":[14.0,17.0,13.0,14.0,15.0],"ALNSIterations":[16187,16646,16383,16627,16739],"runId":["Run 1","Run 2","Run 3","Run 4","Run 5"]}