{"slackAfterALNS":0,"nInitialNotServicedExpectedRequests":[0,1,1,0,1],"averageObj":[6353.327086239004,6300.57128982129,6345.607466063348,6375.336707797364,6341.261606662993],"slackBeforeALNS":0,"nInitialNotServicedFixedRequests":[3,3,3,3,3],"averageNotServicedExpectedRequests":[2.0,1.4,1.9,2.2,1.8],"ALNSIterations":[360211,392690,344710,374709,307302],"runId":["Run 1","Run 2","Run 3","Run 4","Run 5"]}