{"slackAfterALNS":0,"nInitialNotServicedExpectedRequests":[2,0,1,1,2,2,3,1,1,2],"averageObj":[474.31059991538825,564.6405156297553,545.519493433396,537.2155077509428,560.5895593869732,496.38627705792476,511.7218118170246,586.0400319471231,642.0667155425219,554.3530982905983],"slackBeforeALNS":0,"nInitialNotServicedFixedRequests":[0,0,0,0,0,0,0,0,0,0],"averageNotServicedExpectedRequests":[3.0,4.0,3.8,3.7,4.0,3.2,3.4,4.2,4.9,3.9],"runId":["Run 1","Run 2","Run 3","Run 4","Run 5","Run 6","Run 7","Run 8","Run 9","Run 10"]}