{"slackAfterALNS":0,"nInitialNotServicedExpectedRequests":[0,1,0,3,2,2,1,1,1,0],"averageObj":[520.4477823490139,374.98402919580934,593.3168626602014,495.30645614793036,478.4212940818367,390.35079365079366,473.5055054238504,527.6664502164501,452.71150963006664,399.3166144200627],"slackBeforeALNS":0,"nInitialNotServicedFixedRequests":[0,0,0,0,0,0,0,0,0,0],"averageNotServicedExpectedRequests":[3.5,1.9,4.3,3.2,3.0,2.1,3.0,3.6,2.7,2.2],"runId":["Run 1","Run 2","Run 3","Run 4","Run 5","Run 6","Run 7","Run 8","Run 9","Run 10"]}