{"slackAfterALNS":0,"nInitialNotServicedExpectedRequests":[11,11,12,15,11],"averageObj":[4408.991288818114,2281.7632023168276,2484.703761987898,2508.4227562543524,2184.3994546317263],"slackBeforeALNS":0,"nInitialNotServicedFixedRequests":[1,0,0,0,0],"averageNotServicedExpectedRequests":[15.0,13.0,16.0,16.0,12.0],"ALNSIterations":[20500,21040,20617,20831,20724],"runId":["Run 1","Run 2","Run 3","Run 4","Run 5"]}