{"slackAfterALNS":0,"nInitialNotServicedExpectedRequests":[13,11,11,12,14],"averageObj":[4597.543979433446,4696.635946698895,4485.294652126576,4529.295885060456,2683.067130440529],"slackBeforeALNS":0,"nInitialNotServicedFixedRequests":[1,1,1,1,0],"averageNotServicedExpectedRequests":[17.0,18.0,15.0,16.0,18.0],"ALNSIterations":[19110,18838,19659,18414,18834],"runId":["Run 1","Run 2","Run 3","Run 4","Run 5"]}