id,start_of_availability,end_of_availability,maximum_ride_time,capacity_walking,depot_latitude,depot_longitude
1,600,960,950,4,59.8652,11.3285
2,1080,1440,1422,4,60.4876,10.826500000000001
3,840,1200,1186,4,59.8652,11.0775
4,840,1200,1186,4,60.331999999999994,11.3285
5,840,1200,1186,4,60.020799999999994,10.826500000000001
6,360,720,714,4,60.4876,11.0775
7,360,720,714,4,59.8652,11.0775
