{"slackAfterALNS":0,"nInitialNotServicedExpectedRequests":[2,2,2,2,2],"averageObj":[396.0296846011132,396.0296846011132,396.0296846011132,396.0296846011132,396.0296846011132],"slackBeforeALNS":0,"nInitialNotServicedFixedRequests":[0,0,0,0,0],"averageNotServicedExpectedRequests":[2.0,2.0,2.0,2.0,2.0],"ALNSIterations":[187955,186615,186983,188553,190170],"runId":["Run 1","Run 2","Run 3","Run 4","Run 5"]}