{"slackAfterALNS":0,"nInitialNotServicedExpectedRequests":[2,2,1,0,0],"averageObj":[4393.726819449922,4397.284157509157,4442.644662409499,4451.070182305711,4388.56678386705],"slackBeforeALNS":0,"nInitialNotServicedFixedRequests":[2,2,2,2,2],"averageNotServicedExpectedRequests":[2.3,2.4,2.9,2.9,2.2],"ALNSIterations":[245109,297618,276717,276669,219224],"runId":["Run 1","Run 2","Run 3","Run 4","Run 5"]}