{"slackAfterALNS":0,"nInitialNotServicedExpectedRequests":[1,2,1,2,0],"averageObj":[362.13090785328285,409.2309719495035,418.93070640815074,483.097500395507,452.3824508984377],"slackBeforeALNS":0,"nInitialNotServicedFixedRequests":[0,0,0,0,0],"averageNotServicedExpectedRequests":[1.7,2.2,2.4,3.1,2.7],"ALNSIterations":[252790,195731,266286,298917,310018],"runId":["Run 1","Run 2","Run 3","Run 4","Run 5"]}