{"slackAfterALNS":0,"nInitialNotServicedExpectedRequests":[1,2,1,1,1],"averageObj":[2410.7034824696866,2394.172347029016,2413.100807411674,2384.5566218974855,2417.7873568256196],"slackBeforeALNS":0,"nInitialNotServicedFixedRequests":[1,1,1,1,1],"averageNotServicedExpectedRequests":[2.4,2.2,2.3,2.1,2.5],"ALNSIterations":[597902,682455,492836,529548,608900],"runId":["Run 1","Run 2","Run 3","Run 4","Run 5"]}