{"slackAfterALNS":0,"nInitialNotServicedExpectedRequests":[1,0,2,2,1],"averageObj":[444.8061050541381,390.97775971654164,437.7183501633814,414.2560843167747,420.08757321734936],"slackBeforeALNS":0,"nInitialNotServicedFixedRequests":[0,0,0,0,0],"averageNotServicedExpectedRequests":[2.7,1.9,2.6,2.3,2.3],"ALNSIterations":[665238,413089,601251,609108,628893],"runId":["Run 1","Run 2","Run 3","Run 4","Run 5"]}