{"slackAfterALNS":0,"nInitialNotServicedExpectedRequests":[4,2,3,1,2],"averageObj":[6419.119418462003,6446.857789294207,6419.972858107226,6440.143540700461,6434.906921426638],"slackBeforeALNS":0,"nInitialNotServicedFixedRequests":[3,3,3,3,3],"averageNotServicedExpectedRequests":[2.4,2.7,2.4,2.6,2.5],"ALNSIterations":[628928,752666,873399,821556,734845],"runId":["Run 1","Run 2","Run 3","Run 4","Run 5"]}