{"slackAfterALNS":0,"nInitialNotServicedExpectedRequests":[0,2,1,1,0],"averageObj":[6290.352677276055,6288.190302797562,6396.960784313726,6390.866956868178,6371.627450980393],"slackBeforeALNS":0,"nInitialNotServicedFixedRequests":[3,3,3,3,3],"averageNotServicedExpectedRequests":[1.2,1.1,2.5,2.4,2.2],"ALNSIterations":[744737,805127,659334,831035,520346],"runId":["Run 1","Run 2","Run 3","Run 4","Run 5"]}