{"slackAfterALNS":0,"nInitialNotServicedExpectedRequests":[0,1,0,1,2],"averageObj":[6292.330536789736,6364.348266187224,6386.539101905089,6418.485953831115,6388.308454632306],"slackBeforeALNS":0,"nInitialNotServicedFixedRequests":[3,3,3,3,3],"averageNotServicedExpectedRequests":[1.3,2.1,2.1,2.7,2.4],"ALNSIterations":[776367,785927,863187,617567,706705],"runId":["Run 1","Run 2","Run 3","Run 4","Run 5"]}