{"slackAfterALNS":0,"nInitialNotServicedExpectedRequests":[16,17,19,26,21],"averageObj":[6130.587203703381,6430.47411676732,6631.8796054931645,6536.895418353974,6277.1357577065455],"slackBeforeALNS":0,"nInitialNotServicedFixedRequests":[0,0,0,0,0],"averageNotServicedExpectedRequests":[31.5,34.5,36.9,35.7,33.4],"ALNSIterations":[4870,4454,3777,4427,4579],"runId":["Run 1","Run 2","Run 3","Run 4","Run 5"]}