{"slackAfterALNS":0,"nInitialNotServicedExpectedRequests":[13,14,24,17,21],"averageObj":[5352.655078249996,5543.892953145862,6165.727352663124,5889.07481080156,6011.98168602541],"slackBeforeALNS":0,"nInitialNotServicedFixedRequests":[0,0,0,0,0],"averageNotServicedExpectedRequests":[24.1,25.9,32.8,30.0,31.0],"ALNSIterations":[4974,4137,5013,4526,4934],"runId":["Run 1","Run 2","Run 3","Run 4","Run 5"]}