{"slackAfterALNS":0,"nInitialNotServicedExpectedRequests":[18,16,24,27,25],"averageObj":[5974.953063895844,6226.191120139389,6218.981603887562,6053.561529854623,6130.933870265845],"slackBeforeALNS":0,"nInitialNotServicedFixedRequests":[0,0,0,0,0],"averageNotServicedExpectedRequests":[30.6,32.9,32.7,31.3,32.3],"ALNSIterations":[4718,5164,4930,5228,5171],"runId":["Run 1","Run 2","Run 3","Run 4","Run 5"]}