{"slackAfterALNS":0,"nInitialNotServicedExpectedRequests":[22,14,15,13,20],"averageObj":[6058.692467486948,6245.851463912685,5983.608671349053,5845.296492539604,5726.199930046394],"slackBeforeALNS":0,"nInitialNotServicedFixedRequests":[0,0,0,0,0],"averageNotServicedExpectedRequests":[30.7,31.9,29.5,27.5,26.8],"ALNSIterations":[3820,4973,4579,5064,5129],"runId":["Run 1","Run 2","Run 3","Run 4","Run 5"]}