{"slackAfterALNS":0,"nInitialNotServicedExpectedRequests":[21,22,21,12,15],"averageObj":[6257.82952239472,6387.870649214112,5441.863774861839,5340.394685418711,6359.163171829728],"slackBeforeALNS":0,"nInitialNotServicedFixedRequests":[0,0,0,0,0],"averageNotServicedExpectedRequests":[33.4,34.5,24.3,22.7,34.8],"ALNSIterations":[5088,5107,5009,4630,4442],"runId":["Run 1","Run 2","Run 3","Run 4","Run 5"]}