{"slackAfterALNS":0,"nInitialNotServicedExpectedRequests":[22,18,16,12,20],"averageObj":[5855.9422948354895,6083.300943601504,5680.286883374697,5873.8454853734775,6119.311167348211],"slackBeforeALNS":0,"nInitialNotServicedFixedRequests":[0,0,0,0,0],"averageNotServicedExpectedRequests":[27.8,30.5,25.6,28.2,30.6],"ALNSIterations":[4584,4419,4628,4820,4192],"runId":["Run 1","Run 2","Run 3","Run 4","Run 5"]}