{"slackAfterALNS":0,"nInitialNotServicedExpectedRequests":[2,2,1,0,2,5,0,6,4,0],"averageObj":[6198.7128304038315,6579.856463040187,6763.214895974769,6080.795438698262,6074.816431872106,6527.358533002379,6370.188966506093,6530.567608500469,6304.831230924175,6237.47895689403],"slackBeforeALNS":0,"nInitialNotServicedFixedRequests":[0,0,0,0,0,0,0,0,0,0],"averageNotServicedExpectedRequests":[11.9,16.1,18.0,10.9,10.5,15.1,13.5,15.2,13.4,12.5],"runId":["Run 1","Run 2","Run 3","Run 4","Run 5","Run 6","Run 7","Run 8","Run 9","Run 10"]}