{"slackAfterALNS":0,"nInitialNotServicedExpectedRequests":[0,1,3,2,1,2,1,0,4,2],"averageObj":[7388.352898677216,6875.356820448459,6446.26415070791,6756.399318044915,6632.904330449923,7073.724549607291,6914.441855153612,7101.239583140162,6579.9214382545015,6633.722613867583],"slackBeforeALNS":0,"nInitialNotServicedFixedRequests":[0,0,0,0,0,0,0,0,0,0],"averageNotServicedExpectedRequests":[24.5,19.4,14.4,17.7,16.7,21.5,19.1,21.4,16.1,16.6],"runId":["Run 1","Run 2","Run 3","Run 4","Run 5","Run 6","Run 7","Run 8","Run 9","Run 10"]}