{"slackAfterALNS":0,"nInitialNotServicedExpectedRequests":[2,0,0,0,1,2,1,1,0,1],"averageObj":[6639.552879488059,6635.4387658768055,6145.81547457385,6922.7335360703555,7058.961722293716,6689.676283881012,6450.901077230014,7256.4320815099545,7312.908483498043,6757.799164473925],"slackBeforeALNS":0,"nInitialNotServicedFixedRequests":[0,0,0,0,0,0,0,0,0,0],"averageNotServicedExpectedRequests":[16.7,16.9,11.8,19.8,21.1,17.3,14.5,23.7,24.1,18.2],"runId":["Run 1","Run 2","Run 3","Run 4","Run 5","Run 6","Run 7","Run 8","Run 9","Run 10"]}