{"slackAfterALNS":0,"nInitialNotServicedExpectedRequests":[1,1,0,0,1,5,0,2,1,1],"averageObj":[6142.170229086185,6037.558586537491,6227.241023136832,6395.60604964954,6047.37532962415,6433.035361724617,6382.289839842871,6223.242338817932,6437.823660213394,6043.61907980855],"slackBeforeALNS":0,"nInitialNotServicedFixedRequests":[0,0,0,0,0,0,0,0,0,0],"averageNotServicedExpectedRequests":[11.5,10.3,12.6,14.1,10.3,14.4,14.0,12.4,14.7,10.2],"runId":["Run 1","Run 2","Run 3","Run 4","Run 5","Run 6","Run 7","Run 8","Run 9","Run 10"]}