{"slackAfterALNS":0,"nInitialNotServicedExpectedRequests":[2,0,0,3,0,0,0,1,3,1],"averageObj":[6319.966457800112,6116.8331036475965,6520.873228172161,6428.258505097781,6654.385693257532,6616.677435358259,6343.029980134875,6619.601847006039,6328.318510807899,6201.732181595524],"slackBeforeALNS":0,"nInitialNotServicedFixedRequests":[0,0,0,0,0,0,0,0,0,0],"averageNotServicedExpectedRequests":[13.5,11.4,15.4,14.3,17.4,16.4,13.8,16.6,13.6,12.0],"runId":["Run 1","Run 2","Run 3","Run 4","Run 5","Run 6","Run 7","Run 8","Run 9","Run 10"]}