{"slackAfterALNS":0,"nInitialNotServicedExpectedRequests":[1,3,1,5,3,0,5,0,0,1],"averageObj":[6413.50957496411,6084.05075816046,5978.196151138078,6308.34087609489,6097.153304522433,5923.9374700447925,6323.684795147803,6387.971131026345,6493.457476025044,6613.513430570539],"slackBeforeALNS":0,"nInitialNotServicedFixedRequests":[0,0,0,0,0,0,0,0,0,0],"averageNotServicedExpectedRequests":[14.9,11.2,9.8,13.6,11.2,9.2,13.6,14.4,15.2,16.6],"runId":["Run 1","Run 2","Run 3","Run 4","Run 5","Run 6","Run 7","Run 8","Run 9","Run 10"]}