{"slackAfterALNS":0,"nInitialNotServicedExpectedRequests":[1,3,3,6,0,2,0,0,0,0],"averageObj":[6615.436226415039,6782.275652757888,6942.921439954493,6838.080458192026,6718.1232765978,7160.856296106378,6243.320487108502,6937.540473057064,7272.903188699715,6515.3258910890345],"slackBeforeALNS":0,"nInitialNotServicedFixedRequests":[0,0,0,0,0,0,0,0,0,0],"averageNotServicedExpectedRequests":[16.7,18.1,20.0,18.5,17.3,22.2,12.7,20.0,23.5,15.2],"runId":["Run 1","Run 2","Run 3","Run 4","Run 5","Run 6","Run 7","Run 8","Run 9","Run 10"]}