{"slackAfterALNS":0,"nInitialNotServicedExpectedRequests":[2,0,8,4,2,4,9,1,3,5],"averageObj":[6496.978351973225,6550.987344859909,6282.161678591599,6638.688022968379,6533.855873707419,6529.4109458487765,6796.408020082497,6674.657575491056,6546.717693386365,6260.177932948026],"slackBeforeALNS":0,"nInitialNotServicedFixedRequests":[0,0,0,0,0,0,0,0,0,0],"averageNotServicedExpectedRequests":[15.3,15.4,13.0,16.7,15.7,15.7,18.1,17.0,15.7,12.4],"runId":["Run 1","Run 2","Run 3","Run 4","Run 5","Run 6","Run 7","Run 8","Run 9","Run 10"]}