{"slackAfterALNS":0,"nInitialNotServicedExpectedRequests":[4,9,5,3,4,2,3,5,1,6],"averageObj":[7234.207854120692,7050.950639506582,7089.470020206174,6548.0828186665085,7631.742863832008,6576.736458794566,7405.053649384182,7058.345561751632,6714.060882969017,6704.063024050658],"slackBeforeALNS":0,"nInitialNotServicedFixedRequests":[0,0,0,0,0,0,0,0,0,0],"averageNotServicedExpectedRequests":[22.9,21.1,21.7,15.3,27.5,16.0,25.1,21.0,17.5,17.0],"runId":["Run 1","Run 2","Run 3","Run 4","Run 5","Run 6","Run 7","Run 8","Run 9","Run 10"]}