{"slackAfterALNS":0,"nInitialNotServicedExpectedRequests":[3,1,1,2,0,7,5,0,2,5],"averageObj":[6858.5498120222155,6431.730124204538,6594.003133211261,6219.300288025797,6719.936304857039,6433.301997713544,7845.051034558501,6481.792859339877,6616.54223883047,6187.748644819089],"slackBeforeALNS":0,"nInitialNotServicedFixedRequests":[0,0,0,0,0,0,0,0,0,0],"averageNotServicedExpectedRequests":[18.9,14.4,16.2,12.0,17.6,14.4,29.4,15.0,16.7,11.9],"runId":["Run 1","Run 2","Run 3","Run 4","Run 5","Run 6","Run 7","Run 8","Run 9","Run 10"]}