{"slackAfterALNS":0,"nInitialNotServicedExpectedRequests":[10,7,8,8,9],"averageObj":[4761.807947226624,4624.7308398220985,4746.109870679956,6828.884762452547,4672.3612577227195],"slackBeforeALNS":0,"nInitialNotServicedFixedRequests":[1,1,1,2,1],"averageNotServicedExpectedRequests":[18.4,17.4,18.5,19.8,17.7],"ALNSIterations":[28855,30337,30884,30521,29222],"runId":["Run 1","Run 2","Run 3","Run 4","Run 5"]}