{"slackAfterALNS":0,"nInitialNotServicedExpectedRequests":[10,13,8,9,10],"averageObj":[4362.083428311592,2576.890923430056,4419.561711808694,4739.137129109863,2603.5580334697984],"slackBeforeALNS":0,"nInitialNotServicedFixedRequests":[1,0,1,1,0],"averageNotServicedExpectedRequests":[14.0,16.0,15.0,19.0,17.0],"ALNSIterations":[15894,16284,16410,16144,16360],"runId":["Run 1","Run 2","Run 3","Run 4","Run 5"]}