{"slackAfterALNS":0,"nInitialNotServicedExpectedRequests":[4,6,5,6,10],"averageObj":[6471.723258913298,2959.8964898816666,2594.4988391474376,4675.844967695195,4616.647983219142],"slackBeforeALNS":0,"nInitialNotServicedFixedRequests":[2,0,0,1,1],"averageNotServicedExpectedRequests":[15.5,20.0,16.2,17.6,16.6],"ALNSIterations":[28512,29363,33611,32852,33174],"runId":["Run 1","Run 2","Run 3","Run 4","Run 5"]}