{"slackAfterALNS":0,"nInitialNotServicedExpectedRequests":[1,1,1,1,1],"averageObj":[567.0909090909091,477.0909090909091,380.0,386.9767441860466,470.0],"slackBeforeALNS":0,"nInitialNotServicedFixedRequests":[0,0,0,0,0],"averageNotServicedExpectedRequests":[4.0,3.0,2.0,2.0,3.0],"ALNSIterations":[336398,371021,325223,374409,317762],"runId":["Run 1","Run 2","Run 3","Run 4","Run 5"]}