{"slackAfterALNS":0,"nInitialNotServicedExpectedRequests":[0,0,0,0,0],"averageObj":[6188.843137254902,6188.843137254902,6188.843137254902,6278.843137254902,6278.843137254902],"slackBeforeALNS":0,"nInitialNotServicedFixedRequests":[3,3,3,3,3],"averageNotServicedExpectedRequests":[0.0,0.0,0.0,1.0,1.0],"ALNSIterations":[415186,406647,390968,401501,397438],"runId":["Run 1","Run 2","Run 3","Run 4","Run 5"]}