{"slackAfterALNS":0,"nInitialNotServicedExpectedRequests":[12,15,15,15,14],"averageObj":[2514.582207732003,2785.945809092868,2500.550452220861,2700.6596123175073,2589.314260902496],"slackBeforeALNS":0,"nInitialNotServicedFixedRequests":[0,0,0,0,0],"averageNotServicedExpectedRequests":[16.0,19.0,16.0,18.0,17.0],"ALNSIterations":[2217,2226,1258,1212,2261],"runId":["Run 1","Run 2","Run 3","Run 4","Run 5"]}