{"slackAfterALNS":0,"nInitialNotServicedExpectedRequests":[13,13,14,17,16],"averageObj":[2297.8694538299505,2780.4944333148346,2684.187406992154,2873.025837970305,2804.0271663888475],"slackBeforeALNS":0,"nInitialNotServicedFixedRequests":[0,0,0,0,0],"averageNotServicedExpectedRequests":[13.0,19.0,17.0,19.0,19.0],"ALNSIterations":[2294,2061,2395,2279,2439],"runId":["Run 1","Run 2","Run 3","Run 4","Run 5"]}