{"slackAfterALNS":0,"nInitialNotServicedExpectedRequests":[12,21,18,18,18],"averageObj":[4535.22166098461,2971.9791658023764,2831.8303799780774,2697.604565224025,2765.894387339204],"slackBeforeALNS":0,"nInitialNotServicedFixedRequests":[1,0,0,0,0],"averageNotServicedExpectedRequests":[17.0,21.0,20.0,18.0,19.0],"ALNSIterations":[1700,1530,1857,2295,1426],"runId":["Run 1","Run 2","Run 3","Run 4","Run 5"]}