{"slackAfterALNS":0,"nInitialNotServicedExpectedRequests":[12,13,12,11,12],"averageObj":[2607.1398462567154,2204.396019322619,2894.870084200935,2325.545245496134,2788.321401045795],"slackBeforeALNS":0,"nInitialNotServicedFixedRequests":[0,0,0,0,0],"averageNotServicedExpectedRequests":[17.0,12.0,20.0,14.0,19.0],"ALNSIterations":[1038,2156,2274,1264,1175],"runId":["Run 1","Run 2","Run 3","Run 4","Run 5"]}