{"slackAfterALNS":0,"nInitialNotServicedExpectedRequests":[13,13,11,12,12],"averageObj":[2451.258458006142,2354.5601996226546,2267.5563406912406,2295.6474105323036,2498.0095130895315],"slackBeforeALNS":0,"nInitialNotServicedFixedRequests":[0,0,0,0,0],"averageNotServicedExpectedRequests":[15.0,14.0,13.0,13.0,16.0],"ALNSIterations":[2496,1887,2679,1939,1570],"runId":["Run 1","Run 2","Run 3","Run 4","Run 5"]}