{"slackAfterALNS":0,"nInitialNotServicedExpectedRequests":[15,14,18,16,17],"averageObj":[4665.427730990648,2688.0918500198645,2908.726942412427,2831.2545942265465,2998.0544852321177],"slackBeforeALNS":0,"nInitialNotServicedFixedRequests":[1,0,0,0,0],"averageNotServicedExpectedRequests":[17.0,17.0,20.0,18.0,21.0],"ALNSIterations":[1797,2391,2630,2546,1977],"runId":["Run 1","Run 2","Run 3","Run 4","Run 5"]}