{"slackAfterALNS":0,"nInitialNotServicedExpectedRequests":[15,17,16,17,16],"averageObj":[2500.5060557302504,2663.941893012917,2554.4647009649575,2796.322755026772,2874.197362856395],"slackBeforeALNS":0,"nInitialNotServicedFixedRequests":[0,0,0,0,0],"averageNotServicedExpectedRequests":[16.0,18.0,17.0,19.0,20.0],"ALNSIterations":[2165,2617,2550,2183,2607],"runId":["Run 1","Run 2","Run 3","Run 4","Run 5"]}