{"slackAfterALNS":0,"nInitialNotServicedExpectedRequests":[11,12,13,10,13],"averageObj":[2424.3318246504923,2529.4170479728537,2799.1980338863505,2258.266315382727,2298.9046747231255],"slackBeforeALNS":0,"nInitialNotServicedFixedRequests":[0,0,0,0,0],"averageNotServicedExpectedRequests":[15.0,16.0,19.0,13.0,14.0],"ALNSIterations":[1653,2118,1347,2665,2472],"runId":["Run 1","Run 2","Run 3","Run 4","Run 5"]}