{"slackAfterALNS":0,"nInitialNotServicedExpectedRequests":[15,15,12,12,13],"averageObj":[4338.954726274037,2673.0571607076995,4461.858288770053,2368.9782923955413,2384.168991707354],"slackBeforeALNS":0,"nInitialNotServicedFixedRequests":[1,0,1,0,0],"averageNotServicedExpectedRequests":[14.0,18.0,16.0,15.0,15.0],"ALNSIterations":[1948,1584,1390,1940,2118],"runId":["Run 1","Run 2","Run 3","Run 4","Run 5"]}