{"slackAfterALNS":0,"nInitialNotServicedExpectedRequests":[10,12,12,13,10],"averageObj":[2420.9129862636833,2581.359926647048,2078.1422435194822,2573.3715594142604,2415.6229262564007],"slackBeforeALNS":0,"nInitialNotServicedFixedRequests":[0,0,0,0,0],"averageNotServicedExpectedRequests":[15.0,17.0,11.0,17.0,15.0],"ALNSIterations":[2292,2093,2213,2282,2659],"runId":["Run 1","Run 2","Run 3","Run 4","Run 5"]}