{"slackAfterALNS":0,"nInitialNotServicedExpectedRequests":[0,1,1,0,1],"averageObj":[6309.92624674842,6317.686989431478,6374.982794996676,6318.280840626764,6354.345542043199],"slackBeforeALNS":0,"nInitialNotServicedFixedRequests":[3,3,3,3,3],"averageNotServicedExpectedRequests":[1.5,1.6,2.2,1.6,2.0],"ALNSIterations":[350009,289867,321213,273021,324230],"runId":["Run 1","Run 2","Run 3","Run 4","Run 5"]}