{"slackAfterALNS":0,"nInitialNotServicedExpectedRequests":[26,22,28,20,27,26,23,22,36,32],"averageObj":[10127.304224013711,10210.048321435397,10167.835328574034,10327.283229578808,10364.528555492809,10370.88823498452,10230.043466585203,10060.397911324593,10267.909030863675,10130.891114702685],"slackBeforeALNS":0,"nInitialNotServicedFixedRequests":[3,3,3,3,3,3,3,3,3,3],"averageNotServicedExpectedRequests":[31.8,32.5,31.7,33.3,34.0,34.3,32.9,30.8,32.6,31.7],"runId":["Run 1","Run 2","Run 3","Run 4","Run 5","Run 6","Run 7","Run 8","Run 9","Run 10"]}