{"slackAfterALNS":0,"nInitialNotServicedExpectedRequests":[28,21,25,21,20,19,26,27,23,28],"averageObj":[4072.7153705924457,4262.609832248634,4359.55016687519,4175.991853871608,4180.719869465165,3940.9902489569404,3933.779717185759,4477.6241094049365,4009.8298771829045,4170.133065872802],"slackBeforeALNS":0,"nInitialNotServicedFixedRequests":[0,0,0,0,0,0,0,0,0,0],"averageNotServicedExpectedRequests":[30.9,33.0,34.3,32.3,32.3,29.7,29.5,35.7,30.0,32.1],"runId":["Run 1","Run 2","Run 3","Run 4","Run 5","Run 6","Run 7","Run 8","Run 9","Run 10"]}