{"slackAfterALNS":0,"nInitialNotServicedExpectedRequests":[22,22,21,27,26,28,22,23,25,23],"averageObj":[3988.5277464003825,4131.930069549815,4134.124667455062,4011.736941691016,4321.121761788671,6242.078178715108,3988.9463808214323,4030.4972687681125,4268.372043803864,4336.892176115032],"slackBeforeALNS":0,"nInitialNotServicedFixedRequests":[0,0,0,0,0,1,0,0,0,0],"averageNotServicedExpectedRequests":[29.4,31.3,31.0,29.9,33.7,32.1,29.3,30.4,33.3,33.5],"runId":["Run 1","Run 2","Run 3","Run 4","Run 5","Run 6","Run 7","Run 8","Run 9","Run 10"]}