{"slackAfterALNS":0,"nInitialNotServicedExpectedRequests":[23,22,23,19,23,22,26,25,23,25],"averageObj":[4067.445543033995,4247.970828626383,4136.329560678199,4073.2207967875593,4227.910415934833,4336.1051057871355,4546.2624982694315,4167.803424209486,3917.951588237168,4165.929788201208],"slackBeforeALNS":0,"nInitialNotServicedFixedRequests":[0,0,0,0,0,0,0,0,0,0],"averageNotServicedExpectedRequests":[30.9,32.8,31.5,30.9,32.9,33.7,35.5,31.7,29.1,31.7],"runId":["Run 1","Run 2","Run 3","Run 4","Run 5","Run 6","Run 7","Run 8","Run 9","Run 10"]}