{"slackAfterALNS":0,"nInitialNotServicedExpectedRequests":[18,22,16,22,25,20,19,21,21,18],"averageObj":[6067.496022502504,6100.692738684102,5764.930003391446,5924.476536751286,6188.860206431887,5937.664773037527,6037.197260220377,5909.867940878113,6052.990493211966,6057.918201188093],"slackBeforeALNS":0,"nInitialNotServicedFixedRequests":[1,1,1,1,1,1,1,1,1,1],"averageNotServicedExpectedRequests":[31.1,31.3,27.4,29.4,32.1,29.6,30.6,29.3,30.9,31.0],"runId":["Run 1","Run 2","Run 3","Run 4","Run 5","Run 6","Run 7","Run 8","Run 9","Run 10"]}