{"slackAfterALNS":0,"nInitialNotServicedExpectedRequests":[21,25,23,23,20,25,20,24,16,21],"averageObj":[8096.740195375365,8306.73694956392,7928.433481563053,7984.614231697056,7767.196919798393,8174.029628928464,7980.594530696256,7972.574346692168,7794.044419444052,7835.996774530123],"slackBeforeALNS":0,"nInitialNotServicedFixedRequests":[2,2,2,2,2,2,2,2,2,2],"averageNotServicedExpectedRequests":[31.5,33.8,29.3,30.2,27.8,32.2,30.1,29.8,28.0,28.1],"runId":["Run 1","Run 2","Run 3","Run 4","Run 5","Run 6","Run 7","Run 8","Run 9","Run 10"]}