{"slackAfterALNS":0,"nInitialNotServicedExpectedRequests":[24,18,14,23,16,22,27,23,25,20],"averageObj":[6130.768035190575,6084.839366473974,6147.464513911778,6199.105943748707,5895.056901412812,6187.295140400676,6364.688968428805,6165.898432838083,6208.236160474881,6118.815239250916],"slackBeforeALNS":0,"nInitialNotServicedFixedRequests":[1,1,1,1,1,1,1,1,1,1],"averageNotServicedExpectedRequests":[31.2,30.3,31.1,32.1,28.6,32.2,34.3,32.0,32.4,31.2],"runId":["Run 1","Run 2","Run 3","Run 4","Run 5","Run 6","Run 7","Run 8","Run 9","Run 10"]}