{"slackAfterALNS":0,"nInitialNotServicedExpectedRequests":[26,26,19,24,25,31,21,21,25,30],"averageObj":[8129.940924703098,8084.010391770142,7926.499394832953,8312.487270073307,8095.600315732678,8066.126080196909,8200.318612484969,8100.257714901444,8135.639384347113,8059.291888562422],"slackBeforeALNS":0,"nInitialNotServicedFixedRequests":[2,2,2,2,2,2,2,2,2,2],"averageNotServicedExpectedRequests":[31.8,31.1,29.4,33.8,31.2,30.9,32.2,31.3,31.8,30.5],"runId":["Run 1","Run 2","Run 3","Run 4","Run 5","Run 6","Run 7","Run 8","Run 9","Run 10"]}