{"slackAfterALNS":0,"nInitialNotServicedExpectedRequests":[20,18,20,20,16,23,24,22,20,18],"averageObj":[3884.792513622405,3855.211882466706,3877.0159660132144,4121.695722723462,3945.772929687565,4020.3448253994093,4188.260847654804,3958.959809399426,3781.454948465301,3889.0428150872385],"slackBeforeALNS":0,"nInitialNotServicedFixedRequests":[0,0,0,0,0,0,0,0,0,0],"averageNotServicedExpectedRequests":[29.0,28.3,29.1,31.7,29.6,30.0,32.3,29.9,27.5,29.0],"runId":["Run 1","Run 2","Run 3","Run 4","Run 5","Run 6","Run 7","Run 8","Run 9","Run 10"]}