{"slackAfterALNS":0,"nInitialNotServicedExpectedRequests":[27,19,31,22,29,24,26,23,19,27],"averageObj":[4118.354014617879,4023.290259831316,4247.244335604895,4348.472046779226,4186.936057860199,6166.621772142231,6076.153788834144,5948.757316583477,3865.518813309608,4329.256105708964],"slackBeforeALNS":0,"nInitialNotServicedFixedRequests":[0,0,0,0,0,1,1,1,0,0],"averageNotServicedExpectedRequests":[31.0,30.0,32.2,33.4,32.3,31.7,31.2,29.5,28.2,33.3],"runId":["Run 1","Run 2","Run 3","Run 4","Run 5","Run 6","Run 7","Run 8","Run 9","Run 10"]}