{"slackAfterALNS":0,"nInitialNotServicedExpectedRequests":[5,3,9,9,5,6,7,7,6,8],"averageObj":[2503.68844890622,2554.5970942077975,2572.332782031874,2673.3624495798895,2784.048331363491,2508.0255636176644,2450.8194713423686,2657.4838426570514,2486.7338537123223,2555.8455343755936],"slackBeforeALNS":0,"nInitialNotServicedFixedRequests":[0,0,0,0,0,0,0,0,0,0],"averageNotServicedExpectedRequests":[15.7,16.1,16.4,17.6,19.0,15.6,15.1,17.5,15.8,16.3],"runId":["Run 1","Run 2","Run 3","Run 4","Run 5","Run 6","Run 7","Run 8","Run 9","Run 10"]}