{"slackAfterALNS":0,"nInitialNotServicedExpectedRequests":[3,2,3,7,10,7,7,2,7,5],"averageObj":[2299.5617097868517,2402.294912987093,2518.2873110216983,2425.4335221297215,2421.026783019037,2609.6715972985066,2747.622380570952,2560.064241141713,2616.289276855697,2410.612250319065],"slackBeforeALNS":0,"nInitialNotServicedFixedRequests":[0,0,0,0,0,0,0,0,0,0],"averageNotServicedExpectedRequests":[13.7,14.9,16.0,15.4,15.3,17.3,18.9,16.6,17.2,14.8],"runId":["Run 1","Run 2","Run 3","Run 4","Run 5","Run 6","Run 7","Run 8","Run 9","Run 10"]}