{"slackAfterALNS":0,"nInitialNotServicedExpectedRequests":[10,10,11,7,7,11,13,9,10,8],"averageObj":[2685.461614619186,2536.3831692572057,2537.6125077078314,2831.188009450474,2922.259525620204,2626.466749755514,2736.6255187107017,2654.3566372729547,2915.5514704389,2677.803216010178],"slackBeforeALNS":0,"nInitialNotServicedFixedRequests":[0,0,0,0,0,0,0,0,0,0],"averageNotServicedExpectedRequests":[18.2,16.3,16.6,19.6,20.8,17.6,18.7,17.7,20.7,17.9],"runId":["Run 1","Run 2","Run 3","Run 4","Run 5","Run 6","Run 7","Run 8","Run 9","Run 10"]}