{"slackAfterALNS":0,"nInitialNotServicedExpectedRequests":[6,5,13,8,7,5,13,10,6,3],"averageObj":[2520.482467137757,2744.537733198785,2497.74405076558,2650.08259659847,2863.462992517217,2818.93675707994,2623.5039869498632,2734.345050849595,2678.8957418799187,2826.2104912965697],"slackBeforeALNS":0,"nInitialNotServicedFixedRequests":[0,0,0,0,0,0,0,0,0,0],"averageNotServicedExpectedRequests":[16.0,18.7,15.7,17.4,19.9,19.3,17.2,18.4,17.7,19.4],"runId":["Run 1","Run 2","Run 3","Run 4","Run 5","Run 6","Run 7","Run 8","Run 9","Run 10"]}