{"slackAfterALNS":0,"nInitialNotServicedExpectedRequests":[8,9,11,6,11,7,8,6,8,12],"averageObj":[2508.9244608247736,2494.7384640895643,2607.924458553828,2432.2154607855073,2516.057895887294,2677.6600477911106,2393.2202584726065,2691.5366981107254,2763.517493631282,2524.2667140826597],"slackBeforeALNS":0,"nInitialNotServicedFixedRequests":[0,0,0,0,0,0,0,0,0,0],"averageNotServicedExpectedRequests":[16.3,16.0,17.0,15.3,16.3,17.9,14.8,17.9,19.0,16.1],"runId":["Run 1","Run 2","Run 3","Run 4","Run 5","Run 6","Run 7","Run 8","Run 9","Run 10"]}