{"slackAfterALNS":0,"nInitialNotServicedExpectedRequests":[7,10,2,8,4,10,8,8,11,6],"averageObj":[2417.8399530230117,2713.818097280914,2441.6196085799943,2695.6364355746873,2623.7344031686166,2551.352798422343,2578.1096332806037,2705.2166205470394,2783.0041809966306,2691.8818935891622],"slackBeforeALNS":0,"nInitialNotServicedFixedRequests":[0,0,0,0,0,0,0,0,0,0],"averageNotServicedExpectedRequests":[15.3,18.4,15.3,18.3,17.5,16.7,16.9,18.2,19.2,18.2],"runId":["Run 1","Run 2","Run 3","Run 4","Run 5","Run 6","Run 7","Run 8","Run 9","Run 10"]}