{"slackAfterALNS":0,"nInitialNotServicedExpectedRequests":[13,12,4,12,11,10,9,3,14,13],"averageObj":[4906.440043592784,4738.059881509913,4977.415747792743,4848.845578603192,4930.780876106238,5018.7883799391675,4873.208728891613,4759.631080704983,4988.129308583761,4994.769319094535],"slackBeforeALNS":0,"nInitialNotServicedFixedRequests":[1,1,1,1,1,1,1,1,1,1],"averageNotServicedExpectedRequests":[20.8,18.9,21.4,19.9,21.0,22.0,20.3,19.0,21.4,21.5],"runId":["Run 1","Run 2","Run 3","Run 4","Run 5","Run 6","Run 7","Run 8","Run 9","Run 10"]}