{"slackAfterALNS":0,"nInitialNotServicedExpectedRequests":[17,16,22,16,21,23,19,22,19,18],"averageObj":[7456.127640010798,8246.26393283217,7727.958364567976,7557.604765384085,7597.396118115599,8329.281611976197,7651.800602668865,8444.54851065041,8023.617503345775,7886.2766701241835],"slackBeforeALNS":0,"nInitialNotServicedFixedRequests":[1,1,1,1,1,1,1,1,1,1],"averageNotServicedExpectedRequests":[25.0,32.0,27.0,26.0,27.0,34.0,28.0,34.0,30.0,30.0],"ALNSIterations":[2638,2604,2562,2610,2606,2639,2536,2617,2530,2546],"runId":["Run 1","Run 2","Run 3","Run 4","Run 5","Run 6","Run 7","Run 8","Run 9","Run 10"]}