{"slackAfterALNS":0,"nInitialNotServicedExpectedRequests":[21,27,27,21,26,23,21,26,24,26],"averageObj":[6667.15038558611,6743.101765702573,6155.808566773851,5477.621366272912,6092.025943496285,5915.903625299367,5490.452187442883,6303.128245050647,6312.125842183415,6173.669790811232],"slackBeforeALNS":0,"nInitialNotServicedFixedRequests":[0,0,0,0,0,0,0,0,0,0],"averageNotServicedExpectedRequests":[38.0,39.0,32.0,25.0,32.0,30.0,24.0,33.0,35.0,33.0],"ALNSIterations":[2235,1922,1849,1890,1866,1890,1837,1884,1930,1985],"runId":["Run 1","Run 2","Run 3","Run 4","Run 5","Run 6","Run 7","Run 8","Run 9","Run 10"]}