{"slackAfterALNS":0,"nInitialNotServicedExpectedRequests":[29,27,31,35,32,36,31,33,33,33],"averageObj":[5924.194372215374,6209.1408850863645,6727.5097761725865,6626.100846488558,6943.832407853888,7740.9508615100185,6317.07180009745,7007.633446366881,6842.738655933756,6867.519806440372],"slackBeforeALNS":0,"nInitialNotServicedFixedRequests":[0,0,0,0,0,0,0,0,0,0],"averageNotServicedExpectedRequests":[29.0,31.0,37.0,36.0,39.0,47.0,33.0,39.0,39.0,40.0],"ALNSIterations":[2642,2589,2488,2494,2480,2519,2475,2566,2526,2465],"runId":["Run 1","Run 2","Run 3","Run 4","Run 5","Run 6","Run 7","Run 8","Run 9","Run 10"]}