{"slackAfterALNS":0,"nInitialNotServicedExpectedRequests":[30,24,31,19,24,25,26,25,29,20],"averageObj":[5995.237544265982,6554.945516322388,6697.188611649008,5795.153384231809,5984.899284554667,6468.1401298264545,5746.331185770425,6388.3643197494885,6242.121321168693,6536.548137102677],"slackBeforeALNS":0,"nInitialNotServicedFixedRequests":[0,0,0,0,0,0,0,0,0,0],"averageNotServicedExpectedRequests":[31.0,37.0,38.0,28.0,31.0,35.0,28.0,34.0,33.0,37.0],"ALNSIterations":[2579,2680,2508,2544,2561,2647,2577,2594,2632,2765],"runId":["Run 1","Run 2","Run 3","Run 4","Run 5","Run 6","Run 7","Run 8","Run 9","Run 10"]}