{"slackAfterALNS":0,"nInitialNotServicedExpectedRequests":[35,31,37,39,37,35,38,33,33,33],"averageObj":[6589.787879647089,6947.1444455694655,7348.001314339437,7093.496604901347,6881.4730353637915,7233.823320621903,7115.5597740271205,7160.309239504133,6557.05896011062,6653.274099308101],"slackBeforeALNS":0,"nInitialNotServicedFixedRequests":[0,0,0,0,0,0,0,0,0,0],"averageNotServicedExpectedRequests":[36.0,41.0,45.0,43.0,39.0,44.0,43.0,45.0,36.0,37.0],"ALNSIterations":[2424,2574,2734,2587,2629,2602,2689,2615,2726,2672],"runId":["Run 1","Run 2","Run 3","Run 4","Run 5","Run 6","Run 7","Run 8","Run 9","Run 10"]}