{"slackAfterALNS":0,"nInitialNotServicedExpectedRequests":[26,26,28,29,26,25,23,29,24,25],"averageObj":[6108.2531115369175,6077.348435425192,6511.584950569165,6625.4392179614315,6203.538425569786,6256.248910143754,5930.731829413132,6319.569011469546,5992.296121406069,6286.578225925493],"slackBeforeALNS":0,"nInitialNotServicedFixedRequests":[0,0,0,0,0,0,0,0,0,0],"averageNotServicedExpectedRequests":[32.0,32.0,36.0,38.0,33.0,33.0,30.0,34.0,31.0,34.0],"ALNSIterations":[2741,2702,2779,2713,2671,2672,2711,2664,2645,2657],"runId":["Run 1","Run 2","Run 3","Run 4","Run 5","Run 6","Run 7","Run 8","Run 9","Run 10"]}