{"slackAfterALNS":0,"nInitialNotServicedExpectedRequests":[25,19,24,27,21,17,24,27,27,24],"averageObj":[6060.464777418544,5672.75102630016,6048.92701340213,6624.757075116488,6434.312425604904,5758.389878206318,5888.294512713358,6533.905985839002,5866.262422596806,6271.363743354237],"slackBeforeALNS":0,"nInitialNotServicedFixedRequests":[0,0,0,0,0,0,0,0,0,0],"averageNotServicedExpectedRequests":[32.0,27.0,31.0,37.0,35.0,28.0,30.0,37.0,29.0,34.0],"ALNSIterations":[2044,1915,1949,1942,2055,2063,2092,2024,2026,2050],"runId":["Run 1","Run 2","Run 3","Run 4","Run 5","Run 6","Run 7","Run 8","Run 9","Run 10"]}