{"slackAfterALNS":0,"nInitialNotServicedExpectedRequests":[39,34,35,27,42,36,29,28,33,42],"averageObj":[7009.330131752051,7614.068770400011,7206.18046527753,8226.700717893315,7506.393752855931,7333.612897723973,6492.326052882504,6616.4760209916,7130.712096789319,9069.716234637815],"slackBeforeALNS":0,"nInitialNotServicedFixedRequests":[0,0,0,1,0,0,0,0,0,1],"averageNotServicedExpectedRequests":[41.0,48.0,43.0,34.0,47.0,46.0,34.0,37.0,43.0,42.0],"ALNSIterations":[2697,2706,2703,2764,2716,2789,2738,2692,2763,2658],"runId":["Run 1","Run 2","Run 3","Run 4","Run 5","Run 6","Run 7","Run 8","Run 9","Run 10"]}