{"slackAfterALNS":0,"nInitialNotServicedExpectedRequests":[37,37,36,34,35,32,36,33,40,36],"averageObj":[7024.293053268602,6823.672139239112,7545.722661133035,7312.621614575002,7162.1609027581235,6817.29758897668,6907.209373251746,6933.353229158682,6861.327170963936,6778.953580563386],"slackBeforeALNS":0,"nInitialNotServicedFixedRequests":[0,0,0,0,0,0,0,0,0,0],"averageNotServicedExpectedRequests":[42.0,39.0,48.0,44.0,43.0,39.0,41.0,40.0,39.0,39.0],"ALNSIterations":[2399,2401,2498,2519,2517,2388,2514,2519,2446,2463],"runId":["Run 1","Run 2","Run 3","Run 4","Run 5","Run 6","Run 7","Run 8","Run 9","Run 10"]}