{"slackAfterALNS":0,"nInitialNotServicedExpectedRequests":[28,34,28,29,33,33,37,32,32,36],"averageObj":[6574.783115723318,6822.981776379405,6581.980675162251,7003.476129950866,7379.6777378485585,6625.606688326823,7707.942234482616,6882.412464926898,6852.583970488902,6825.786092383571],"slackBeforeALNS":0,"nInitialNotServicedFixedRequests":[0,0,0,0,0,0,0,0,0,0],"averageNotServicedExpectedRequests":[38.0,41.0,37.0,42.0,46.0,38.0,50.0,40.0,40.0,40.0],"ALNSIterations":[1656,1829,1807,1785,1790,1743,1812,1806,1714,1695],"runId":["Run 1","Run 2","Run 3","Run 4","Run 5","Run 6","Run 7","Run 8","Run 9","Run 10"]}