{"slackAfterALNS":0,"nInitialNotServicedExpectedRequests":[1,1,1,1,1,1,1,1,1,1],"averageObj":[2381.219512195122,2381.219512195122,2381.219512195122,2381.219512195122,2381.219512195122,2381.219512195122,2381.219512195122,2381.219512195122,2381.219512195122,2381.219512195122],"slackBeforeALNS":0,"nInitialNotServicedFixedRequests":[1,1,1,1,1,1,1,1,1,1],"averageNotServicedExpectedRequests":[2.0,2.0,2.0,2.0,2.0,2.0,2.0,2.0,2.0,2.0],"ALNSIterations":[5479,5256,6025,5972,7749,5657,7664,7225,5314,8361],"runId":["Run 1","Run 2","Run 3","Run 4","Run 5","Run 6","Run 7","Run 8","Run 9","Run 10"]}