{"slackAfterALNS":0,"nInitialNotServicedExpectedRequests":[20,23,17,14,13],"averageObj":[5899.332169374234,6428.157384261101,5918.231697663511,6344.550838331406,5820.801031991831],"slackBeforeALNS":0,"nInitialNotServicedFixedRequests":[0,0,0,0,0],"averageNotServicedExpectedRequests":[28.2,33.9,28.7,33.1,26.8],"ALNSIterations":[5879,6134,5757,5956,5838],"runId":["Run 1","Run 2","Run 3","Run 4","Run 5"]}