{"slackAfterALNS":0,"nInitialNotServicedExpectedRequests":[3,10,8,7,4],"averageObj":[2412.4550921436944,2528.486741956069,4154.609433774155,8552.43062868312,8393.431734517057],"slackBeforeALNS":0,"nInitialNotServicedFixedRequests":[0,0,1,3,3],"averageNotServicedExpectedRequests":[14.0,15.4,11.7,16.4,14.5],"ALNSIterations":[16152,29014,24418,17062,26178],"runId":["Run 1","Run 2","Run 3","Run 4","Run 5"]}