{"slackAfterALNS":0,"nInitialNotServicedExpectedRequests":[18,22,16,18,23],"averageObj":[5612.330571504878,6239.52748093035,5452.8434462736395,5657.554555517871,5518.465021414865],"slackBeforeALNS":0,"nInitialNotServicedFixedRequests":[0,0,0,0,0],"averageNotServicedExpectedRequests":[27.0,33.0,26.0,27.0,26.0],"ALNSIterations":[2178,2270,2293,2290,2194],"runId":["Run 1","Run 2","Run 3","Run 4","Run 5"]}