{"slackAfterALNS":0,"nInitialNotServicedExpectedRequests":[19,21,14,16,25],"averageObj":[5223.807248387513,5543.215259275653,5004.23166315739,5856.056863632527,5556.037586885499],"slackBeforeALNS":0,"nInitialNotServicedFixedRequests":[0,0,0,0,0],"averageNotServicedExpectedRequests":[22.0,26.0,20.0,28.0,25.0],"ALNSIterations":[2006,1464,1645,2267,2200],"runId":["Run 1","Run 2","Run 3","Run 4","Run 5"]}