{"slackAfterALNS":0,"nInitialNotServicedExpectedRequests":[31,35,30,32,30],"averageObj":[6552.217454990444,6515.321598536941,6312.088186121379,6485.5305197208945,6276.597605961548],"slackBeforeALNS":0,"nInitialNotServicedFixedRequests":[0,0,0,0,0],"averageNotServicedExpectedRequests":[37.0,37.0,34.0,36.0,34.0],"ALNSIterations":[2085,1980,2149,2134,1975],"runId":["Run 1","Run 2","Run 3","Run 4","Run 5"]}