{"slackAfterALNS":0,"nInitialNotServicedExpectedRequests":[29,26,20,19,25],"averageObj":[6127.238784418584,5512.217861334471,5846.436842048644,5375.615893574365,5727.779119038497],"slackBeforeALNS":0,"nInitialNotServicedFixedRequests":[0,0,0,0,0],"averageNotServicedExpectedRequests":[33.0,25.0,28.0,23.0,27.0],"ALNSIterations":[1498,1552,1686,2231,2298],"runId":["Run 1","Run 2","Run 3","Run 4","Run 5"]}