{"slackAfterALNS":0,"nInitialNotServicedExpectedRequests":[9,7,10,11,12,10,9,9,11,9],"averageObj":[2041.4302763095452,2041.0180985012598,2339.659962150293,2407.4560995941224,2244.913665412129,2142.21579833422,2008.233457882357,2036.3891678406394,2227.8011853693943,2166.3392303286023],"slackBeforeALNS":0,"nInitialNotServicedFixedRequests":[0,0,0,0,0,0,0,0,0,0],"averageNotServicedExpectedRequests":[11.0,11.0,14.0,15.0,13.0,12.0,10.0,10.0,13.0,12.0],"ALNSIterations":[10000,14245,6708,10267,5687,7230,15374,15540,9639,15111],"runId":["Run 1","Run 2","Run 3","Run 4","Run 5","Run 6","Run 7","Run 8","Run 9","Run 10"]}