{"slackAfterALNS":0,"nInitialNotServicedExpectedRequests":[15,14,13,15,13,15,14,13,14,14],"averageObj":[2937.4708002276684,2447.8852178337097,2554.670502033444,2896.148967818328,2502.5184560615885,2577.343619902975,2490.736714650177,2627.066402378111,2392.117322146508,2322.895295397994],"slackBeforeALNS":0,"nInitialNotServicedFixedRequests":[0,0,0,0,0,0,0,0,0,0],"averageNotServicedExpectedRequests":[21.0,15.0,16.0,20.0,16.0,17.0,16.0,17.0,14.0,14.0],"ALNSIterations":[9057,8684,13618,8262,15603,5021,9269,10977,7256,7266],"runId":["Run 1","Run 2","Run 3","Run 4","Run 5","Run 6","Run 7","Run 8","Run 9","Run 10"]}