{"slackAfterALNS":0,"nInitialNotServicedExpectedRequests":[10,9,11,10,13,14,11,13,11,9],"averageObj":[2204.525350312787,2365.293884726193,2504.379011449269,2364.1607152674187,2317.8771333394507,2336.806043668882,2277.7130207878013,2246.074040534987,2392.2750142687187,2455.0772701605574],"slackBeforeALNS":0,"nInitialNotServicedFixedRequests":[0,0,0,0,0,0,0,0,0,0],"averageNotServicedExpectedRequests":[12.0,14.0,16.0,14.0,13.0,14.0,13.0,12.0,14.0,15.0],"ALNSIterations":[16292,19783,19272,15827,7729,6827,19196,7631,14876,15648],"runId":["Run 1","Run 2","Run 3","Run 4","Run 5","Run 6","Run 7","Run 8","Run 9","Run 10"]}