{"slackAfterALNS":0,"nInitialNotServicedExpectedRequests":[9,8,7,9,8,10,9,8,10,10],"averageObj":[4539.21995227979,4640.026257174847,4431.832826191211,4476.672785278313,4075.112400251711,4374.613886876293,4206.61249443963,4226.220014018422,4377.198857287913,4550.697236015346],"slackBeforeALNS":0,"nInitialNotServicedFixedRequests":[1,1,1,1,1,1,1,1,1,1],"averageNotServicedExpectedRequests":[16.0,17.0,15.0,16.0,11.0,15.0,13.0,13.0,15.0,17.0],"ALNSIterations":[7325,9448,13032,7634,11462,16612,6916,6929,5621,6014],"runId":["Run 1","Run 2","Run 3","Run 4","Run 5","Run 6","Run 7","Run 8","Run 9","Run 10"]}