{"slackAfterALNS":0,"nInitialNotServicedExpectedRequests":[13,14,14,14,14,14,13,13,13,13],"averageObj":[6563.740979152741,6680.417613811887,6580.220129395611,6653.269247098911,6498.721296279291,6472.631819549547,6464.967845816556,6509.799508266135,6139.346221817651,6488.928054148398],"slackBeforeALNS":0,"nInitialNotServicedFixedRequests":[2,2,2,2,2,2,2,2,2,2],"averageNotServicedExpectedRequests":[17.0,18.0,17.0,17.0,16.0,16.0,15.0,16.0,11.0,16.0],"ALNSIterations":[17287,11814,7714,7637,5513,8098,15051,9782,7753,5574],"runId":["Run 1","Run 2","Run 3","Run 4","Run 5","Run 6","Run 7","Run 8","Run 9","Run 10"]}