{"slackAfterALNS":0,"nInitialNotServicedExpectedRequests":[11,12,11,14,12,13,10,11,12,14],"averageObj":[6161.532519681469,6121.311827967779,6217.286392341929,6496.431283820086,6366.358526211467,6381.618193795288,6323.896147356397,6135.436716819869,6569.99057406196,6365.830367649512],"slackBeforeALNS":0,"nInitialNotServicedFixedRequests":[2,2,2,2,2,2,2,2,2,2],"averageNotServicedExpectedRequests":[12.0,12.0,13.0,16.0,15.0,15.0,14.0,12.0,17.0,15.0],"ALNSIterations":[11168,12512,14483,6683,10474,6533,20488,12261,8530,6134],"runId":["Run 1","Run 2","Run 3","Run 4","Run 5","Run 6","Run 7","Run 8","Run 9","Run 10"]}