{"slackAfterALNS":0,"nInitialNotServicedExpectedRequests":[9,7,11,10,10,9,8,10,9,7],"averageObj":[2239.08784560894,2015.0361596524585,2647.370924545368,1966.8327328243117,2401.6034962636877,2554.000647198068,2240.306777129944,2036.512245670266,1951.6783330779504,2053.6277452564573],"slackBeforeALNS":0,"nInitialNotServicedFixedRequests":[0,0,0,0,0,0,0,0,0,0],"averageNotServicedExpectedRequests":[13.0,11.0,18.0,10.0,15.0,17.0,13.0,11.0,10.0,11.0],"ALNSIterations":[12563,17668,5933,6471,7821,7858,13252,8025,8207,18906],"runId":["Run 1","Run 2","Run 3","Run 4","Run 5","Run 6","Run 7","Run 8","Run 9","Run 10"]}