{"slackAfterALNS":0,"nInitialNotServicedExpectedRequests":[12,6,7,6,8,9,11,8,4,8],"averageObj":[2732.1510485414833,2446.094321235611,1936.3743088222486,2223.9627500728425,2324.443673552985,2178.533670430516,2278.3300370380466,2344.86525175647,2129.548603196342,2256.369304601674],"slackBeforeALNS":0,"nInitialNotServicedFixedRequests":[0,0,0,0,0,0,0,0,0,0],"averageNotServicedExpectedRequests":[18.0,15.0,9.0,13.0,14.0,12.0,13.0,14.0,12.0,13.0],"ALNSIterations":[8998,16620,16496,17019,17735,12876,12786,11014,18360,15673],"runId":["Run 1","Run 2","Run 3","Run 4","Run 5","Run 6","Run 7","Run 8","Run 9","Run 10"]}