{"slackAfterALNS":0,"nInitialNotServicedExpectedRequests":[16,17,14,11,11,16,12,15,14,17],"averageObj":[8698.496519106193,8711.29429365731,10484.842259806832,8395.239380920726,8270.97475965784,8663.78906363006,8321.887878140495,8715.507969292183,8516.92938520016,8741.05768155142],"slackBeforeALNS":0,"nInitialNotServicedFixedRequests":[3,3,4,3,3,3,3,3,3,3],"averageNotServicedExpectedRequests":[18.0,18.0,16.0,15.0,13.0,18.0,14.0,18.0,16.0,19.0],"ALNSIterations":[11720,5071,7066,20502,20103,7183,20078,12664,15427,5668],"runId":["Run 1","Run 2","Run 3","Run 4","Run 5","Run 6","Run 7","Run 8","Run 9","Run 10"]}