{"slackAfterALNS":0,"nInitialNotServicedExpectedRequests":[16,16,15,17,16,15,17,17,15,15],"averageObj":[4949.524062036363,4874.032745008971,4528.334076714912,4691.726438002804,4736.172420468457,4450.522270351375,4705.838786879453,4858.5889232442,4618.173668966607,4418.185106020347],"slackBeforeALNS":0,"nInitialNotServicedFixedRequests":[1,1,1,1,1,1,1,1,1,1],"averageNotServicedExpectedRequests":[21.0,20.0,16.0,18.0,18.0,15.0,18.0,19.0,17.0,15.0],"ALNSIterations":[17324,11051,17467,9403,8615,5739,8959,5692,10935,15109],"runId":["Run 1","Run 2","Run 3","Run 4","Run 5","Run 6","Run 7","Run 8","Run 9","Run 10"]}