{"runId":["Run 1","Run 2","Run 3","Run 4","Run 5"],"averageObj":[19484.212467153546,21816.152851562518,13698.087997934437,15677.084783277704,17401.31213604395],"averageNotServicedExpectedRequests":[23.0,27.6,25.2,24.5,21.8],"nInitialNotServicedFixedRequests":[7,8,4,5,6],"nInitialNotServicedExpectedRequests":[9,10,8,11,8],"ALNSIterations":[167,206,232,250,234]}