{"runId":["Run 1","Run 2","Run 3","Run 4","Run 5"],"averageObj":[16587.692459962833,16676.454893081856,17371.58175548403,19675.363561191556,21654.738821576233],"averageNotServicedExpectedRequests":[32.2,33.2,21.2,24.6,25.5],"nInitialNotServicedFixedRequests":[5,5,6,7,8],"nInitialNotServicedExpectedRequests":[40,36,8,14,9],"ALNSIterations":[216,221,220,225,177]}