{"slackAfterALNS":0,"nInitialNotServicedExpectedRequests":[4,5,1,6,11],"averageObj":[7216.409618089832,7070.558174614909,4573.934427225222,10938.576653350237,5608.679862836585],"slackBeforeALNS":0,"nInitialNotServicedFixedRequests":[1,1,0,3,0],"averageNotServicedExpectedRequests":[22.0,21.0,15.0,18.0,26.0],"ALNSIterations":[2141,2269,2298,2224,2293],"runId":["Run 1","Run 2","Run 3","Run 4","Run 5"]}