{"slackAfterALNS":0,"nInitialNotServicedExpectedRequests":[14,7,12,11,11],"averageObj":[6983.558990620513,10930.035285455542,7084.829040791481,15589.204530264737,10989.639907319184],"slackBeforeALNS":0,"nInitialNotServicedFixedRequests":[1,3,1,5,3],"averageNotServicedExpectedRequests":[18.0,19.0,19.0,25.0,17.0],"ALNSIterations":[2060,2133,2093,2172,2132],"runId":["Run 1","Run 2","Run 3","Run 4","Run 5"]}