{"slackAfterALNS":0,"nInitialNotServicedExpectedRequests":[8,5,7,4,2],"averageObj":[8460.199573647287,9178.814242461598,7066.37230546832,4891.249461732421,6374.423039885952],"slackBeforeALNS":0,"nInitialNotServicedFixedRequests":[2,2,1,0,1],"averageNotServicedExpectedRequests":[12.0,19.0,18.0,15.0,10.0],"ALNSIterations":[2181,2078,2132,2163,2146],"runId":["Run 1","Run 2","Run 3","Run 4","Run 5"]}