{"slackAfterALNS":0,"nInitialNotServicedExpectedRequests":[0,0,0,0,0,0,0,1,0,2],"averageObj":[3838.6522651319146,3882.4865291719752,3901.150163671727,4006.6718101811916,3840.1835405344086,3729.8497433132025,3798.2615739268126,3727.89101267042,3966.0506995634505,3704.276653242579],"slackBeforeALNS":0,"nInitialNotServicedFixedRequests":[0,0,0,0,0,0,0,0,0,0],"averageNotServicedExpectedRequests":[8.5,8.9,9.2,10.3,8.6,7.3,7.9,7.4,9.9,7.1],"runId":["Run 1","Run 2","Run 3","Run 4","Run 5","Run 6","Run 7","Run 8","Run 9","Run 10"]}