{"slackAfterALNS":0,"nInitialNotServicedExpectedRequests":[0,3,1,0,0,1,0,2,0,4],"averageObj":[3899.9060866996347,3855.6217794620425,3967.065724311633,3607.498240070109,3908.972451079456,3701.214466420113,3898.2592791957723,4118.151625168018,3672.793186283492,3970.6510102843204],"slackBeforeALNS":0,"nInitialNotServicedFixedRequests":[0,0,0,0,0,0,0,0,0,0],"averageNotServicedExpectedRequests":[8.8,8.5,9.9,6.1,9.4,7.0,9.3,11.4,6.7,9.9],"runId":["Run 1","Run 2","Run 3","Run 4","Run 5","Run 6","Run 7","Run 8","Run 9","Run 10"]}