{"slackAfterALNS":0,"nInitialNotServicedExpectedRequests":[5,9,2,7,9],"averageObj":[5440.344128205808,5744.305233360168,9022.263747948946,5619.8929067834,7481.752425920949],"slackBeforeALNS":0,"nInitialNotServicedFixedRequests":[0,0,2,0,1],"averageNotServicedExpectedRequests":[23.5,26.6,18.9,25.2,23.5],"ALNSIterations":[4850,3991,4713,4909,4433],"runId":["Run 1","Run 2","Run 3","Run 4","Run 5"]}