{"slackAfterALNS":0,"nInitialNotServicedExpectedRequests":[0,0,0,0,1,0,0,0,0,0],"averageObj":[1519.9758725587824,1649.606158295949,1432.772499064136,1539.1716268384034,1536.0176246603846,1556.5367697170018,1550.8381358876181,1381.579786447321,1467.865024908731,1506.826216544905],"slackBeforeALNS":0,"nInitialNotServicedFixedRequests":[0,0,0,0,0,0,0,0,0,0],"averageNotServicedExpectedRequests":[5.5,6.8,4.4,5.8,5.7,5.9,5.9,4.0,4.9,5.3],"runId":["Run 1","Run 2","Run 3","Run 4","Run 5","Run 6","Run 7","Run 8","Run 9","Run 10"]}