{"slackAfterALNS":0,"nInitialNotServicedExpectedRequests":[0,2,3,0,0,1,0,0,0,1],"averageObj":[1674.838688522669,1505.8409740677694,1615.0068301346928,1769.6825837240315,1808.6492048119267,1593.4723258831873,1748.6702974554578,1651.5455568756502,1651.463627691009,1594.1054125156709],"slackBeforeALNS":0,"nInitialNotServicedFixedRequests":[0,0,0,0,0,0,0,0,0,0],"averageNotServicedExpectedRequests":[7.1,5.3,6.4,8.1,8.6,6.3,8.0,6.9,6.9,6.1],"runId":["Run 1","Run 2","Run 3","Run 4","Run 5","Run 6","Run 7","Run 8","Run 9","Run 10"]}