{"slackAfterALNS":0,"nInitialNotServicedExpectedRequests":[0,1,1,0,0,2,0,0,1,0],"averageObj":[1482.505463249864,1431.8192457373484,1455.0902911943401,1503.600003465029,1427.4651714782383,1423.0589236663952,1608.2713043905324,1377.6284438407497,1527.6338354523264,1341.1370306180095],"slackBeforeALNS":0,"nInitialNotServicedFixedRequests":[0,0,0,0,0,0,0,0,0,0],"averageNotServicedExpectedRequests":[5.0,4.5,4.7,5.2,4.6,4.3,6.4,4.0,5.4,3.6],"runId":["Run 1","Run 2","Run 3","Run 4","Run 5","Run 6","Run 7","Run 8","Run 9","Run 10"]}