{"slackAfterALNS":0,"nInitialNotServicedExpectedRequests":[0,0,0,0,0,3,0,0,0,1],"averageObj":[1463.46649333758,1399.6662987243678,1286.3541539739833,1300.1925278574995,1468.1389663144544,1505.907569199971,1371.5106840063702,1570.5850321165867,1578.3328392516946,1544.9193675368192],"slackBeforeALNS":0,"nInitialNotServicedFixedRequests":[0,0,0,0,0,0,0,0,0,0],"averageNotServicedExpectedRequests":[4.8,4.1,2.9,3.0,4.8,5.2,3.8,5.9,5.9,5.6],"runId":["Run 1","Run 2","Run 3","Run 4","Run 5","Run 6","Run 7","Run 8","Run 9","Run 10"]}