{"slackAfterALNS":0,"nInitialNotServicedExpectedRequests":[2,6,7,3,3],"averageObj":[4869.315015163314,4987.585197315116,7508.482454145497,4291.520006222795,4598.407171383741],"slackBeforeALNS":0,"nInitialNotServicedFixedRequests":[0,0,1,0,0],"averageNotServicedExpectedRequests":[17.0,16.0,23.0,9.0,12.0],"ALNSIterations":[4385,2979,5368,5857,4176],"runId":["Run 1","Run 2","Run 3","Run 4","Run 5"]}