{"slackAfterALNS":0,"nInitialNotServicedExpectedRequests":[7,3,8,3,3],"averageObj":[4740.357902359966,4686.788751925798,4876.354034817596,4995.824566154924,5013.0496383848495],"slackBeforeALNS":0,"nInitialNotServicedFixedRequests":[0,0,0,0,0],"averageNotServicedExpectedRequests":[17.0,17.0,17.0,19.0,20.0],"ALNSIterations":[5496,6202,4695,5355,5291],"runId":["Run 1","Run 2","Run 3","Run 4","Run 5"]}