{"slackAfterALNS":0,"nInitialNotServicedExpectedRequests":[13,10,10,9,8],"averageObj":[5682.113578323589,7195.034456516363,7335.82271950463,7028.894955118665,7626.333105668002],"slackBeforeALNS":0,"nInitialNotServicedFixedRequests":[0,1,1,1,1],"averageNotServicedExpectedRequests":[27.0,20.0,21.0,20.0,25.0],"ALNSIterations":[5846,6082,3957,4022,5713],"runId":["Run 1","Run 2","Run 3","Run 4","Run 5"]}