{"slackAfterALNS":0,"nInitialNotServicedExpectedRequests":[8,4,7,6,10],"averageObj":[7032.481822535034,4673.737501869277,4565.510309783073,4608.255222212066,6808.6459826636765],"slackBeforeALNS":0,"nInitialNotServicedFixedRequests":[1,0,0,0,1],"averageNotServicedExpectedRequests":[17.0,15.0,14.0,14.0,17.0],"ALNSIterations":[3365,4186,6243,4027,6394],"runId":["Run 1","Run 2","Run 3","Run 4","Run 5"]}