{"slackAfterALNS":0,"nInitialNotServicedExpectedRequests":[6,8,10,10,9],"averageObj":[1884.237880528377,4058.3545506313794,2183.7483998066464,2422.2831441619846,4230.542675458727],"slackBeforeALNS":0,"nInitialNotServicedFixedRequests":[0,1,0,0,1],"averageNotServicedExpectedRequests":[8.0,11.0,12.0,15.0,13.0],"ALNSIterations":[21711,20827,21591,21720,20741],"runId":["Run 1","Run 2","Run 3","Run 4","Run 5"]}