{"slackAfterALNS":0,"nInitialNotServicedExpectedRequests":[4,5,8,4,11],"averageObj":[5666.961526177379,5973.23485154884,3776.4735714572475,5615.260881057112,6019.902621268845],"slackBeforeALNS":0,"nInitialNotServicedFixedRequests":[2,2,1,2,2],"averageNotServicedExpectedRequests":[7.0,10.0,8.0,6.0,11.0],"ALNSIterations":[20296,19249,19568,19554,19815],"runId":["Run 1","Run 2","Run 3","Run 4","Run 5"]}