{"slackAfterALNS":0,"nInitialNotServicedExpectedRequests":[8,11,11,11,13],"averageObj":[4285.136362168176,4370.958287452365,4564.5634920466555,6307.708831547586,4510.534752681647],"slackBeforeALNS":0,"nInitialNotServicedFixedRequests":[1,1,1,2,1],"averageNotServicedExpectedRequests":[13.0,14.0,17.0,14.0,16.0],"ALNSIterations":[19287,18476,19201,19005,18773],"runId":["Run 1","Run 2","Run 3","Run 4","Run 5"]}