{"slackAfterALNS":0,"nInitialNotServicedExpectedRequests":[11,14,12,10,11],"averageObj":[6324.707605625662,4779.05644462615,4517.5705930859685,6214.582339239248,4566.847934748097],"slackBeforeALNS":0,"nInitialNotServicedFixedRequests":[2,1,1,2,1],"averageNotServicedExpectedRequests":[14.0,18.0,16.0,12.0,16.0],"ALNSIterations":[17601,17589,18757,16835,17280],"runId":["Run 1","Run 2","Run 3","Run 4","Run 5"]}