{"slackAfterALNS":0,"nInitialNotServicedExpectedRequests":[41,48,39,49,24,42,50,40,43,41],"averageObj":[12787.096496362059,12270.367459544525,12463.7852013681,12347.966632415457,11543.346278330257,11818.930813993604,12700.384688941635,12123.971689969218,11661.087308375698,12566.42986035204],"slackBeforeALNS":0,"nInitialNotServicedFixedRequests":[0,0,0,0,0,0,0,0,0,0],"averageNotServicedExpectedRequests":[82.2,76.2,77.9,77.3,67.8,72.2,81.5,74.7,69.1,78.8],"runId":["Run 1","Run 2","Run 3","Run 4","Run 5","Run 6","Run 7","Run 8","Run 9","Run 10"]}