{"slackAfterALNS":0,"nInitialNotServicedExpectedRequests":[49,52,49,49,42,53,43,51,50,38],"averageObj":[12601.56529069957,12859.193678702473,11979.72762540009,12684.546174928848,13095.797311653252,12609.543252574585,11835.746157415735,12966.647876307648,12178.273844985912,12259.364292117312],"slackBeforeALNS":0,"nInitialNotServicedFixedRequests":[0,0,0,0,0,0,0,0,0,0],"averageNotServicedExpectedRequests":[78.7,81.5,71.8,81.5,84.6,79.1,71.1,82.8,74.3,75.5],"runId":["Run 1","Run 2","Run 3","Run 4","Run 5","Run 6","Run 7","Run 8","Run 9","Run 10"]}