{"slackAfterALNS":0,"nInitialNotServicedExpectedRequests":[49,35,42,44,51,39,44,50,45,36],"averageObj":[14712.502993346472,13896.202265318852,14446.850108276301,13932.484931707837,14704.578217305392,14393.499989130287,14668.99872087696,14860.145317329021,14319.593955233999,14334.015069665717],"slackBeforeALNS":0,"nInitialNotServicedFixedRequests":[1,1,1,1,1,1,1,1,1,1],"averageNotServicedExpectedRequests":[78.9,70.3,76.7,69.5,78.7,76.1,78.7,82.0,74.9,75.6],"runId":["Run 1","Run 2","Run 3","Run 4","Run 5","Run 6","Run 7","Run 8","Run 9","Run 10"]}