{"slackAfterALNS":0,"nInitialNotServicedExpectedRequests":[54,39,52,39,41,43,42,52,46,49],"averageObj":[14806.577791851185,12618.784720895603,12616.109191914136,12295.962773841784,15000.597827296398,14633.268177049238,12908.821879963592,14351.29922698053,14553.539175357108,13128.277030340649],"slackBeforeALNS":0,"nInitialNotServicedFixedRequests":[1,0,0,0,1,1,0,1,1,0],"averageNotServicedExpectedRequests":[82.2,80.2,80.2,76.1,83.5,80.1,83.9,77.1,79.5,86.1],"runId":["Run 1","Run 2","Run 3","Run 4","Run 5","Run 6","Run 7","Run 8","Run 9","Run 10"]}