{"slackAfterALNS":0,"nInitialNotServicedExpectedRequests":[56,52,39,46,57,31,52,49,49,45],"averageObj":[14685.255204262674,14895.195183844067,14432.237019284166,15057.544305641892,15861.678360659726,14572.179499527196,14363.356486356995,14328.81194579435,14584.258922796676,14463.227878567282],"slackBeforeALNS":0,"nInitialNotServicedFixedRequests":[1,1,1,1,1,1,1,1,1,1],"averageNotServicedExpectedRequests":[79.9,82.7,77.0,83.2,92.9,77.0,75.1,76.1,78.2,77.5],"runId":["Run 1","Run 2","Run 3","Run 4","Run 5","Run 6","Run 7","Run 8","Run 9","Run 10"]}