{"slackAfterALNS":0,"nInitialNotServicedExpectedRequests":[43,37,42,38,40,44,41,41,44,41],"averageObj":[12344.377484194976,12253.892980697947,12775.9363018271,11979.609363271444,12516.860292469124,12552.9013678843,12323.449374476684,12803.22708779383,12390.324898614843,12445.612649001669],"slackBeforeALNS":0,"nInitialNotServicedFixedRequests":[0,0,0,0,0,0,0,0,0,0],"averageNotServicedExpectedRequests":[76.2,76.0,81.2,71.2,78.1,77.9,76.2,81.2,76.8,78.3],"runId":["Run 1","Run 2","Run 3","Run 4","Run 5","Run 6","Run 7","Run 8","Run 9","Run 10"]}