{"slackAfterALNS":0,"nInitialNotServicedExpectedRequests":[55,52,52,40,37,47,54,44,39,42],"averageObj":[12757.936331601863,13294.776029262333,13239.365077324688,12341.865942363685,13078.792461072833,13041.746606662227,13022.394896239224,12886.078893810643,12962.256727120599,12820.259683151966],"slackBeforeALNS":0,"nInitialNotServicedFixedRequests":[0,0,0,0,0,0,0,0,0,0],"averageNotServicedExpectedRequests":[80.8,86.5,85.6,75.9,84.4,84.8,84.8,82.8,83.5,81.5],"runId":["Run 1","Run 2","Run 3","Run 4","Run 5","Run 6","Run 7","Run 8","Run 9","Run 10"]}