{"slackAfterALNS":0,"nInitialNotServicedExpectedRequests":[41,43,50,45,33,39,40,41,32,43],"averageObj":[11589.562335037952,12367.214480993392,12747.89594850563,12190.754178345775,12589.855207158977,11538.082881124026,12645.043975850964,12469.455957347023,12269.826277101221,12399.044765076247],"slackBeforeALNS":0,"nInitialNotServicedFixedRequests":[0,0,0,0,0,0,0,0,0,0],"averageNotServicedExpectedRequests":[68.1,75.8,80.2,73.7,78.4,67.5,79.7,77.6,74.6,76.4],"runId":["Run 1","Run 2","Run 3","Run 4","Run 5","Run 6","Run 7","Run 8","Run 9","Run 10"]}