{"slackAfterALNS":0,"nInitialNotServicedExpectedRequests":[44,36,50,50,48,36,43,35,55,41],"averageObj":[13799.127130255223,14006.520390289743,14503.917198759602,14549.001056061019,14183.02804268694,14106.183805595385,13924.008313194685,14073.502356867448,14712.494964344933,14284.087593092157],"slackBeforeALNS":0,"nInitialNotServicedFixedRequests":[1,1,1,1,1,1,1,1,1,1],"averageNotServicedExpectedRequests":[71.0,71.5,78.1,79.2,73.7,73.8,71.5,73.9,80.9,75.7],"runId":["Run 1","Run 2","Run 3","Run 4","Run 5","Run 6","Run 7","Run 8","Run 9","Run 10"]}