{"slackAfterALNS":0,"nInitialNotServicedExpectedRequests":[52,45,45,56,52,52,50,44,48,33],"averageObj":[12195.917066371225,12954.100402748101,12584.747786368976,12940.787097913048,12478.522695165682,12978.943916010812,13004.863801253918,13006.367560171502,12375.153710734976,12626.495102659983],"slackBeforeALNS":0,"nInitialNotServicedFixedRequests":[0,0,0,0,0,0,0,0,0,0],"averageNotServicedExpectedRequests":[75.2,83.2,79.9,84.0,78.3,84.0,83.6,84.7,77.0,79.7],"runId":["Run 1","Run 2","Run 3","Run 4","Run 5","Run 6","Run 7","Run 8","Run 9","Run 10"]}