{"slackAfterALNS":0,"nInitialNotServicedExpectedRequests":[2,2,2,2,2,1,0,1,4,1],"averageObj":[4527.692709825985,4518.509000817017,4460.205138994244,4502.679325325763,4481.365520133836,4560.351875769242,4470.298827259411,4475.20541859031,4440.784007476085,4516.349484339191],"slackBeforeALNS":0,"nInitialNotServicedFixedRequests":[2,2,2,2,2,2,2,2,2,2],"averageNotServicedExpectedRequests":[3.8,3.7,3.0,3.4,3.3,4.1,3.1,3.1,2.8,3.7],"runId":["Run 1","Run 2","Run 3","Run 4","Run 5","Run 6","Run 7","Run 8","Run 9","Run 10"]}