{"slackAfterALNS":0,"nInitialNotServicedExpectedRequests":[3,3,2,1,3,3,2,3,2,3],"averageObj":[2517.5030303030303,2544.9155864998365,2660.762554112554,2529.8935352232174,2493.020416520417,2513.1426338486954,2520.524550837161,2483.274847448651,2500.3291400549565,2550.168073447425],"slackBeforeALNS":0,"nInitialNotServicedFixedRequests":[1,1,1,1,1,1,1,1,1,1],"averageNotServicedExpectedRequests":[3.6,3.9,5.2,3.7,3.3,3.5,3.6,3.2,3.4,3.9],"runId":["Run 1","Run 2","Run 3","Run 4","Run 5","Run 6","Run 7","Run 8","Run 9","Run 10"]}