{"slackAfterALNS":0,"nInitialNotServicedExpectedRequests":[3,4,2,3,3,2,2,3,4,2],"averageObj":[2540.8664627768044,2564.580969931787,2447.1932244827753,2492.3903027823244,2500.265034965035,2518.3081241763844,2465.9885645835648,2394.148932415536,2509.951595333474,2473.4377671024013],"slackBeforeALNS":0,"nInitialNotServicedFixedRequests":[1,1,1,1,1,1,1,1,1,1],"averageNotServicedExpectedRequests":[3.8,4.1,2.8,3.3,3.4,3.6,3.0,2.2,3.5,3.1],"runId":["Run 1","Run 2","Run 3","Run 4","Run 5","Run 6","Run 7","Run 8","Run 9","Run 10"]}