{"slackAfterALNS":0,"nInitialNotServicedExpectedRequests":[3,1,2,1,0,3,1,3,3,3],"averageObj":[595.3577843502687,576.111208150936,592.6224572978809,546.0626211489933,568.3544976182563,510.0890156214251,534.3903432103176,520.7812054213443,407.2620629370629,576.6710644257703],"slackBeforeALNS":0,"nInitialNotServicedFixedRequests":[0,0,0,0,0,0,0,0,0,0],"averageNotServicedExpectedRequests":[4.2,4.1,4.3,3.7,3.9,3.3,3.6,3.4,2.2,4.1],"runId":["Run 1","Run 2","Run 3","Run 4","Run 5","Run 6","Run 7","Run 8","Run 9","Run 10"]}