{"slackAfterALNS":0,"nInitialNotServicedExpectedRequests":[2,1,4,2,2,4,1,3,1,2],"averageObj":[2532.90278029027,2538.0581730186095,2509.5834504293516,2533.918780193237,2518.749501943964,2608.2276455026454,2544.318181818181,2559.520833333333,2567.4580345968175,2588.6014903107643],"slackBeforeALNS":0,"nInitialNotServicedFixedRequests":[1,1,1,1,1,1,1,1,1,1],"averageNotServicedExpectedRequests":[3.7,3.8,3.5,3.8,3.6,4.6,3.9,4.1,4.1,4.4],"runId":["Run 1","Run 2","Run 3","Run 4","Run 5","Run 6","Run 7","Run 8","Run 9","Run 10"]}