{"slackAfterALNS":0,"nInitialNotServicedExpectedRequests":[29,31,29,25,27],"averageObj":[6006.8979093048665,6190.1262741815735,6109.029171272159,6354.611292159564,5970.928254400319],"slackBeforeALNS":0,"nInitialNotServicedFixedRequests":[0,0,0,0,0],"averageNotServicedExpectedRequests":[31.0,33.0,32.0,34.0,30.0],"ALNSIterations":[2374,2421,2613,2534,2051],"runId":["Run 1","Run 2","Run 3","Run 4","Run 5"]}