{"slackAfterALNS":0,"nInitialNotServicedExpectedRequests":[14,15,17,19,22],"averageObj":[5403.142192890184,4793.484974927334,5084.9001120275125,5652.295506125031,5430.709495310945],"slackBeforeALNS":0,"nInitialNotServicedFixedRequests":[0,0,0,0,0],"averageNotServicedExpectedRequests":[23.0,17.0,19.0,24.0,24.0],"ALNSIterations":[2200,2387,2150,2400,2308],"runId":["Run 1","Run 2","Run 3","Run 4","Run 5"]}