{"slackAfterALNS":0,"nInitialNotServicedExpectedRequests":[19,20,19,19,19],"averageObj":[5285.886300706553,5967.06750808105,4909.927563169494,5976.125969257921,5494.73095204793],"slackBeforeALNS":0,"nInitialNotServicedFixedRequests":[0,0,0,0,0],"averageNotServicedExpectedRequests":[23.0,29.0,18.0,29.0,25.0],"ALNSIterations":[2450,2389,2459,2301,2426],"runId":["Run 1","Run 2","Run 3","Run 4","Run 5"]}