{"slackAfterALNS":0,"nInitialNotServicedExpectedRequests":[21,24,26,26,27],"averageObj":[5762.750829599709,6091.3325657246405,6619.569236745852,5505.41306190713,6168.925855882966],"slackBeforeALNS":0,"nInitialNotServicedFixedRequests":[0,0,0,0,0],"averageNotServicedExpectedRequests":[28.0,31.0,38.0,24.0,31.0],"ALNSIterations":[2345,1841,2083,2025,2165],"runId":["Run 1","Run 2","Run 3","Run 4","Run 5"]}