{"slackAfterALNS":0,"nInitialNotServicedExpectedRequests":[25,21,21,25,28],"averageObj":[6503.26899863455,6376.272645212876,6123.211855580571,6322.403369337594,6928.739588342187],"slackBeforeALNS":0,"nInitialNotServicedFixedRequests":[0,0,0,0,0],"averageNotServicedExpectedRequests":[35.0,33.0,30.0,33.0,39.0],"ALNSIterations":[1991,2120,2035,1893,2227],"runId":["Run 1","Run 2","Run 3","Run 4","Run 5"]}