{"slackAfterALNS":0,"nInitialNotServicedExpectedRequests":[22,24,24,24,28],"averageObj":[6186.610047790245,6149.731719475475,5673.741946475892,5750.512864212186,5954.748060861829],"slackBeforeALNS":0,"nInitialNotServicedFixedRequests":[0,0,0,0,0],"averageNotServicedExpectedRequests":[34.0,33.0,26.0,29.0,31.0],"ALNSIterations":[2492,2377,2550,2614,2614],"runId":["Run 1","Run 2","Run 3","Run 4","Run 5"]}