{"slackAfterALNS":0,"nInitialNotServicedExpectedRequests":[18,17,17,16,13],"averageObj":[5720.2418887704125,6297.975443400916,5536.38935986989,5669.91527418942,5224.043173494673],"slackBeforeALNS":0,"nInitialNotServicedFixedRequests":[0,0,0,0,0],"averageNotServicedExpectedRequests":[26.0,31.0,24.0,25.0,20.0],"ALNSIterations":[2207,2552,2579,2656,2231],"runId":["Run 1","Run 2","Run 3","Run 4","Run 5"]}