{"slackAfterALNS":0,"nInitialNotServicedExpectedRequests":[0,0,0,0,0],"averageObj":[6198.145462836298,6368.843137254902,6368.843137254902,6278.843137254902,6278.843137254902],"slackBeforeALNS":0,"nInitialNotServicedFixedRequests":[3,3,3,3,3],"averageNotServicedExpectedRequests":[0.0,2.0,2.0,1.0,1.0],"ALNSIterations":[35886,37663,38605,36262,37074],"runId":["Run 1","Run 2","Run 3","Run 4","Run 5"]}