{"slackAfterALNS":0,"nInitialNotServicedExpectedRequests":[1,1,1,1,1],"averageObj":[567.0909090909091,567.0909090909091,386.9767441860466,380.0,294.18604651162786],"slackBeforeALNS":0,"nInitialNotServicedFixedRequests":[0,0,0,0,0],"averageNotServicedExpectedRequests":[4.0,4.0,2.0,2.0,1.0],"ALNSIterations":[33632,33819,34680,33112,35337],"runId":["Run 1","Run 2","Run 3","Run 4","Run 5"]}