{"slackAfterALNS":0,"nInitialNotServicedExpectedRequests":[6,6,9,8,10],"averageObj":[4402.020734041167,4638.9252740328175,8397.604832983194,2503.071749002521,6468.741740419054],"slackBeforeALNS":0,"nInitialNotServicedFixedRequests":[1,1,3,0,2],"averageNotServicedExpectedRequests":[13.6,16.3,15.1,14.5,15.1],"ALNSIterations":[22583,22755,19992,17950,18307],"runId":["Run 1","Run 2","Run 3","Run 4","Run 5"]}