{"slackAfterALNS":0,"nInitialNotServicedExpectedRequests":[1,2,3,2,5,2,3,2,1,3],"averageObj":[510.19541740461784,691.1129541572498,468.7567957993694,408.1614130823024,538.467556395599,594.5832010323203,512.855084314893,533.1054438661588,621.7959616392726,705.1433045087363],"slackBeforeALNS":0,"nInitialNotServicedFixedRequests":[0,0,0,0,0,0,0,0,0,0],"averageNotServicedExpectedRequests":[3.3,5.4,2.8,2.1,3.7,4.3,3.3,3.5,4.6,5.6],"runId":["Run 1","Run 2","Run 3","Run 4","Run 5","Run 6","Run 7","Run 8","Run 9","Run 10"]}