{"slackAfterALNS":0,"nInitialNotServicedExpectedRequests":[0,0,1,2,3,2,1,1,1,3],"averageObj":[435.62899887784334,538.814114326703,495.96245268871763,562.0773253261316,536.0221073783289,514.1900513049939,620.1957932432322,567.4224367371969,546.890816397412,475.6023223144492],"slackBeforeALNS":0,"nInitialNotServicedFixedRequests":[0,0,0,0,0,0,0,0,0,0],"averageNotServicedExpectedRequests":[2.4,3.6,3.2,3.9,3.6,3.4,4.6,3.8,3.8,2.8],"runId":["Run 1","Run 2","Run 3","Run 4","Run 5","Run 6","Run 7","Run 8","Run 9","Run 10"]}