{"slackAfterALNS":0,"nInitialNotServicedExpectedRequests":[0,2,2,0,0,3,1,1,1,0],"averageObj":[476.06801177461136,456.13387314439944,599.7945691906497,452.6838845490349,529.0750496348232,501.31082917082915,542.362257554938,555.0570204862888,563.5154908547966,495.7228764159889],"slackBeforeALNS":0,"nInitialNotServicedFixedRequests":[0,0,0,0,0,0,0,0,0,0],"averageNotServicedExpectedRequests":[3.0,2.8,4.3,2.7,3.6,3.3,3.7,3.8,4.0,3.2],"runId":["Run 1","Run 2","Run 3","Run 4","Run 5","Run 6","Run 7","Run 8","Run 9","Run 10"]}