{"slackAfterALNS":0,"nInitialNotServicedExpectedRequests":[1,2,1,1,1,2,2,2,0,1],"averageObj":[2388.7876982872776,2473.912216649485,2463.9438073574397,2452.957573520564,2486.6507151573724,2463.836333066603,2575.6268224320243,2424.1504516783657,2426.165678007457,2490.6290395944825],"slackBeforeALNS":0,"nInitialNotServicedFixedRequests":[1,1,1,1,1,1,1,1,1,1],"averageNotServicedExpectedRequests":[2.1,3.1,3.0,2.8,3.2,3.0,4.2,2.5,2.5,3.2],"runId":["Run 1","Run 2","Run 3","Run 4","Run 5","Run 6","Run 7","Run 8","Run 9","Run 10"]}