{"slackAfterALNS":0,"nInitialNotServicedExpectedRequests":[19,14,16,13,19],"averageObj":[5575.734451938412,5086.914478265478,6053.719050460225,5412.2948002433495,6230.163829257385],"slackBeforeALNS":0,"nInitialNotServicedFixedRequests":[0,0,0,0,0],"averageNotServicedExpectedRequests":[25.0,20.0,29.0,24.0,33.0],"ALNSIterations":[4921,4755,4995,5610,4046],"runId":["Run 1","Run 2","Run 3","Run 4","Run 5"]}