{"slackAfterALNS":0,"nInitialNotServicedExpectedRequests":[16,18,18,18,11],"averageObj":[5717.015011227763,5182.705952026649,6558.479621670356,5445.348668205346,5741.569725870446],"slackBeforeALNS":0,"nInitialNotServicedFixedRequests":[0,0,0,0,0],"averageNotServicedExpectedRequests":[26.0,19.0,36.0,22.0,27.0],"ALNSIterations":[4661,4505,4825,4615,5870],"runId":["Run 1","Run 2","Run 3","Run 4","Run 5"]}