{"slackAfterALNS":0,"nInitialNotServicedExpectedRequests":[16,17,15,14,15],"averageObj":[5446.135384072445,5513.064088061592,5683.478907514473,5092.90291567582,5225.736871187902],"slackBeforeALNS":0,"nInitialNotServicedFixedRequests":[0,0,0,0,0],"averageNotServicedExpectedRequests":[23.0,24.0,28.0,20.0,22.0],"ALNSIterations":[4961,5057,3515,4062,5779],"runId":["Run 1","Run 2","Run 3","Run 4","Run 5"]}