{"slackAfterALNS":0,"nInitialNotServicedExpectedRequests":[14,15,16,20,18],"averageObj":[4670.580743506877,5264.261087206912,5097.730340063287,5880.123988259832,5823.824553648913],"slackBeforeALNS":0,"nInitialNotServicedFixedRequests":[0,0,0,0,0],"averageNotServicedExpectedRequests":[16.0,22.0,20.0,30.0,29.0],"ALNSIterations":[5040,4570,5587,4495,5723],"runId":["Run 1","Run 2","Run 3","Run 4","Run 5"]}