{"slackAfterALNS":0,"nInitialNotServicedExpectedRequests":[22,16,13,22,19],"averageObj":[5331.9197285782275,5373.597464773219,5362.302068434561,5485.83001498013,5949.775780705939],"slackBeforeALNS":0,"nInitialNotServicedFixedRequests":[0,0,0,0,0],"averageNotServicedExpectedRequests":[22.0,24.0,23.0,24.0,30.0],"ALNSIterations":[4501,4984,5100,3837,4740],"runId":["Run 1","Run 2","Run 3","Run 4","Run 5"]}