{"slackAfterALNS":0,"nInitialNotServicedExpectedRequests":[22,20,20,21,21],"averageObj":[6057.81079227916,5019.229332059302,5241.086021223818,6004.7388953753825,6214.391337388216],"slackBeforeALNS":0,"nInitialNotServicedFixedRequests":[0,0,0,0,0],"averageNotServicedExpectedRequests":[31.0,20.0,23.0,31.0,32.0],"ALNSIterations":[4946,4594,4209,5617,4309],"runId":["Run 1","Run 2","Run 3","Run 4","Run 5"]}