{"slackAfterALNS":0,"nInitialNotServicedExpectedRequests":[26,17,21,20,24],"averageObj":[5623.152556931856,5283.907110737191,5751.370437071409,5915.509511667994,5990.730264802957],"slackBeforeALNS":0,"nInitialNotServicedFixedRequests":[0,0,0,0,0],"averageNotServicedExpectedRequests":[25.0,22.0,28.0,29.0,30.0],"ALNSIterations":[4300,4125,4805,5620,4867],"runId":["Run 1","Run 2","Run 3","Run 4","Run 5"]}