{"slackAfterALNS":0,"nInitialNotServicedExpectedRequests":[26,29,23,29,27],"averageObj":[6219.91628402455,6059.51426840696,6154.755287357667,6903.776858983007,6311.465988682205],"slackBeforeALNS":0,"nInitialNotServicedFixedRequests":[0,0,0,0,0],"averageNotServicedExpectedRequests":[33.0,31.0,32.0,41.0,34.0],"ALNSIterations":[4279,4717,3827,4284,3928],"runId":["Run 1","Run 2","Run 3","Run 4","Run 5"]}