{"slackAfterALNS":0,"nInitialNotServicedExpectedRequests":[22,27,19,19,21],"averageObj":[6615.1227200531775,6425.965251958595,6172.090220121979,6949.786809665502,6383.253261674546],"slackBeforeALNS":0,"nInitialNotServicedFixedRequests":[0,0,0,0,0],"averageNotServicedExpectedRequests":[35.0,34.0,31.0,39.0,33.0],"ALNSIterations":[4524,4449,4299,4429,3742],"runId":["Run 1","Run 2","Run 3","Run 4","Run 5"]}