{"slackAfterALNS":0,"nInitialNotServicedExpectedRequests":[20,19,21,22,18],"averageObj":[6155.4574453729,5612.908769190443,5494.872487142913,5775.3968953928625,5612.2984065660785],"slackBeforeALNS":0,"nInitialNotServicedFixedRequests":[0,0,0,0,0],"averageNotServicedExpectedRequests":[33.0,27.0,26.0,28.0,27.0],"ALNSIterations":[4598,5163,5891,4631,4198],"runId":["Run 1","Run 2","Run 3","Run 4","Run 5"]}