{"slackAfterALNS":0,"nInitialNotServicedExpectedRequests":[7,13,7,9,5],"averageObj":[2807.3102223814076,2624.028608655811,4563.740587133208,4809.639522085944,6354.677646133869],"slackBeforeALNS":0,"nInitialNotServicedFixedRequests":[0,0,1,1,2],"averageNotServicedExpectedRequests":[19.1,17.2,16.6,19.2,14.4],"ALNSIterations":[22469,24854,19991,17865,22828],"runId":["Run 1","Run 2","Run 3","Run 4","Run 5"]}