{"slackAfterALNS":0,"nInitialNotServicedExpectedRequests":[8,8,7,8,6],"averageObj":[2479.7749231062767,2474.6147177911175,4165.242584098888,2305.597219423457,2292.792012712362],"slackBeforeALNS":0,"nInitialNotServicedFixedRequests":[0,0,1,0,0],"averageNotServicedExpectedRequests":[15.0,15.0,12.0,13.0,13.0],"ALNSIterations":[21152,20413,21206,22507,20575],"runId":["Run 1","Run 2","Run 3","Run 4","Run 5"]}