{"slackAfterALNS":0,"nInitialNotServicedExpectedRequests":[10,15,10,11,10],"averageObj":[6326.287938724954,4346.239046303759,10764.021880853657,6385.528959841281,4590.616675707223],"slackBeforeALNS":0,"nInitialNotServicedFixedRequests":[2,1,4,2,1],"averageNotServicedExpectedRequests":[13.0,13.0,19.0,14.0,16.0],"ALNSIterations":[18100,17480,18266,18350,18069],"runId":["Run 1","Run 2","Run 3","Run 4","Run 5"]}