{"slackAfterALNS":0,"nInitialNotServicedExpectedRequests":[8,7,9,11,7],"averageObj":[2656.3582417719,2302.024539797382,2260.9746391973126,2525.7554367988996,2507.1830986277023],"slackBeforeALNS":0,"nInitialNotServicedFixedRequests":[0,0,0,0,0],"averageNotServicedExpectedRequests":[17.0,13.0,13.0,15.0,15.0],"ALNSIterations":[18174,17463,17534,18179,17658],"runId":["Run 1","Run 2","Run 3","Run 4","Run 5"]}