0.0 54.690147541818774 14.72324776362734 20.433366674675515 150.73259053924784 95.98651105021044 130.47745567542606 118.05691907844295 37.121656163980745 117.09264583657877 149.18076265231915 82.64006268778202 83.82672211425077 122.16327091252664 39.12521766950397 73.08695058260825 52.61284450599876 57.283238147702605 64.11125667886012 150.37667540415143 3.3620633763687184 59.72571750592836 72.00447621472824 11.238693496818415 143.2244959944473 92.68097260088695 125.70834781130037 110.14706654493621 37.24506987521948 108.47252793484145 145.39951732726445 85.47795994248483 78.62020646940623 70.92217940532701 27.226976781394555 72.0147418277454 56.49675700541549 98.43216154194376 100.20223640167583 150.90816092717586 84.16487745182955 82.75214191995595 84.91635495314196 90.40098248870707 98.6537778354603 109.0480539801815 121.03333516505634 134.18397189392618 148.1900413385164 162.83095017811462 70.17786545856023 68.54914067625072 71.21605926011209 77.73776448739149 87.25413159331559 98.9044865210959 112.02500590804948 126.15782561364985 140.9988741012959 156.34659750248 56.32009391234091 54.350828067829035 57.74747745022017 65.68278997466084 76.76187694744115 89.82895809567108 104.13835402350227 119.24366209827814 134.87773807313184 150.8762957177291 42.71781839932233 40.16248584883178 44.72073607233443 54.6403596680026 67.60103016132905 82.17624570032567 97.6456713841508 113.6447298674231 129.97798974007736 146.53373915398112 29.724215888139618 26.000808117847146 32.669027381923044 45.35635558608322 60.38081606487556 76.37537050552494 92.83997956467171 109.56293490823779 126.4417728449001 143.4214678798197 18.65790290187586 11.961441803087459 23.167817686782247 39.10412254189082 55.85901861125012 72.87002441113478 89.99202126944205 107.17182588550993 124.3854877872844 141.62066168985493 14.784606814614094 3.7596604868940773 20.208885837055583 37.434965714661516 54.70893730301084 71.99633709484691 89.28936588871083 106.58528387175696 123.88288092678143 141.18153989418738 22.2470812089211 17.00649071631804 26.11936156600563 40.913733497512794 57.134563503540754 73.84778481916325 90.78185125094241 107.83276834178855 124.95270928542729 142.11673161537593 34.30972879356365 31.11798866240877 36.85389834814418 48.4437746780155 62.72238566209737 78.23109929978334 94.36535915512773 110.85236125354118 127.55539917433327 144.39952422845232 47.59463750871438 45.29294503152875 49.35945468812807 58.480460087011984 70.72677148131014 84.75430221230475 99.81488280686804 115.50512310134002 131.59999863936588 147.9675280831227
54.690147541818774 0.0 39.98676692285804 53.90664716977813 141.3888456764205 94.70396618317679 137.3516789736683 100.03584974702436 18.585602871044735 119.90793919172158 124.75111963898655 72.1338142794417 35.85988400962666 95.81244476083813 41.78634343969698 86.3437726378062 64.7143162188597 65.93200617988765 65.58154692913963 149.25023334992954 57.7218573052139 6.9870978423583265 77.17443763869345 49.4334305062384 130.73166864226766 87.23138723084068 133.67478949400916 96.01000266397666 58.65878660687647 117.32769426364031 120.1323208860169 76.14765556390172 36.61613968616001 65.81648905861012 36.58838012807297 81.99500624809862 70.60860489965326 92.6506274861448 71.5436977043294 147.86264659538676 133.30123278410179 127.36321179359462 123.58073078044157 122.15419177413295 123.16548364669548 126.55617883709502 132.1432430627722 139.66333526297987 148.82371447208016 159.34173653722587 120.34632554460808 113.7999791745201 109.6188333431284 108.07774129199701 109.28844347928494 113.16265183086924 119.44146615016666 127.77088117962798 137.77949227726555 149.12959156010513 107.69867389950784 100.39617602361109 95.69979163956548 94.00094807598572 95.45981624896193 99.93820569252783 107.05785144060705 116.33482845547823 127.29835515910807 139.55149693672686 95.48067135289224 87.22556605168546 81.845722797342 79.92388569024945 81.70443601151199 86.9602462078145 95.11696049205607 105.50388676096337 117.53121400354694 130.74702521605735 83.88048731896318 74.41231179679642 68.09655223611996 65.8466475347457 68.06698055858044 74.35818030839243 83.80845065157082 95.48437624853601 108.67091652876377 122.88271796692605 73.19266795798369 62.17797056659223 54.5319523885053 51.7693738178319 54.63609362301382 62.36054693425472 73.42529079304569 86.55870417525394 100.95665225746288 116.14982749577128 63.87702230775387 50.94160224364899 41.3343237331688 37.69233896896524 41.61255981778612 51.392649974186085 64.41669369992694 79.09818583297404 94.6691195466451 110.75499089454647 56.615160026704395 41.52168978231279 29.009239262789112 23.61635165631773 29.5404643029453 42.26413207003382 57.43331394521393 73.55015366728449 90.10757748841966 106.90106079785515 52.27031854644513 35.399492885067424 19.30738587330925 9.546693625218186 20.20437393882554 36.386910428307154 53.27767761401874 70.36851405657166 87.54231985884607 104.75829761477803 51.58498118764502 34.38420681599313 17.38535518681608 4.57613089314016 18.394153291288564 35.41838899538055 52.62407419731534 69.87730385175844 87.14984511991746 104.43211631306224
14.72324776362734 39.98676692285804 0.0 22.91630528403922 145.64965718369024 91.87288653015793 129.46779718759868 110.28365546883072 22.785404132357588 114.68211649535957 140.39412462595996 75.57464523880148 69.72675658263445 112.56371720742142 31.017879987647195 72.3016076249462 49.96152218585283 53.93573973267257 59.1358695758245 147.4526042324139 17.850678545531785 45.018379558706314 68.65938544858265 12.23163817106014 137.2383433279338 87.33248311631488 124.9270138200134 103.12809705044722 36.11764410236964 107.58772360612295 136.3757554132551 78.83722669652401 65.18602792841365 64.59864659308812 17.121577167765405 70.13800871208194 54.901589847422194 93.1940669673436 89.65744014252753 147.4763705080263 96.48573018673761 93.2980393450253 93.26426620151896 96.38772610201131 102.37985800148414 110.77611698138125 121.07738042084759 132.84121044205781 145.7138068908838 159.42682029333315 82.8278823814934 79.16234678026369 79.19330365225161 82.9166128504904 89.87454131898981 99.39006396566303 110.80622545442785 123.59748189042817 137.3802700710359 151.88489992025185 69.39805662603483 65.05114212628509 65.16060966407336 69.70546709581893 77.91336448625663 88.77401488676084 101.43890872501201 115.31509796076637 130.0153243338951 145.28967765960886 56.35975215703469 50.98504618356787 51.197942778329136 56.93579624785552 66.78953198815812 79.2382446236826 93.24836930311817 108.2151490450586 123.79208264720836 139.77532724738225 44.06217870005831 37.01583307896303 37.38415942692723 44.985397901752286 56.99564758341868 71.2181776880224 86.56939986803869 102.54365082357906 118.89006192764333 135.47398457295853 33.3357104668833 23.318650806420493 23.978335726829247 34.71127941637257 49.3304822487676 65.27504319970093 81.77332863568536 98.54762560888783 115.47771635957122 132.50389678605714 26.188078550905963 10.965829807516705 12.385341831908823 28.022442166339005 44.898008211761535 62.00901806626188 79.20302270391421 96.43563964147273 113.6893120939837 130.9557180097715 25.78990564250724 9.982372866961835 11.52777983373185 27.655832161937262 44.67117417391964 61.84574323600992 79.07585924654667 96.33172104539062 113.60159703266015 130.8799397233336 32.391066838083795 21.953469033733047 22.659212768208715 33.81769614991928 48.7087748916171 64.80867579970554 81.4032904449127 98.2422437673047 115.21845665680948 132.27909349935626 42.871854824263515 35.59726236060871 35.98669080747106 43.83635955663634 56.09740278526314 70.50474065919688 85.98619649442826 102.05410915579753 118.47009782750932 135.10734487212207
20.433366674675515 53.90664716977813 22.91630528403922 0.0 168.1861965891008 113.99680976081058 150.08012370380857 133.19995020283318 35.482229530291306 136.08180190235876 163.2186531064318 98.42800605979318 87.91474092619377 135.23620826451705 53.86017279209941 92.61887598677055 71.19751806738965 75.54996462619425 81.44346817651174 169.16027151596762 19.926365916810543 60.32541021277724 90.3696278364332 29.352612265414443 159.98554915886393 109.85993894609027 145.3851458752466 126.00317087020778 56.29631720433044 128.08125069906745 159.15961003148476 101.63554413818186 85.05284009090536 87.30334736206933 40.03489423845591 91.10355703766767 75.60351301128559 115.7031198275553 112.04456280853258 169.41685569432985 99.93837967998513 100.6886196598609 104.34261407281471 110.61296795728573 119.08711447789278 129.33258511937797 140.9636793506115 153.66608214031424 167.19579924366838 181.36777648493447 85.67932481496291 86.62304156709618 90.91112993579519 98.106031150394 107.6263477754843 118.91486747976255 131.51706453496868 145.0910348810889 159.3886950925564 174.2319758932789 71.42293093154437 72.6227730945171 77.7533785035587 86.11502280671867 96.87463560939042 109.32649030579543 122.95753952793022 137.41732116516027 152.4702343737766 167.95687889170262 57.17146641539712 58.73480495055136 65.03595654192573 74.88839405539086 87.09514954909214 100.80454441819728 115.48266045140522 130.80378871882758 146.56641842373296 162.64223456201822 42.930143368766124 45.063373781825746 53.0765739005019 64.82470463363144 78.6515515291601 93.64077839359533 109.31527245198617 125.41836706376591 141.80412333529668 158.38483697852342 28.714407277717367 31.88853013139044 42.51998494322573 56.5484702018888 72.0154111401944 88.16699494734434 104.6868098240366 121.42465524279488 138.3013927875962 155.27173982870113 14.599689630211454 20.206528651717036 34.67231263655968 50.93866240425396 67.72029232099327 84.71151785362925 101.807451213478 118.96295889294863 136.15552377693305 153.37268440552555 2.9844819390752426 14.31756391342726 31.619483619769632 48.92141102157582 66.22334008715163 83.52526978256383 100.82719978357719 118.12912995590789 135.43106023389856 152.73299058163732 14.55296073398521 20.172945980645824 34.6528417334629 50.92547238971983 67.71041753865994 84.70366081589957 101.8009443726206 118.95741675849784 136.15070449935624 153.36842659609368 28.666926278817115 31.845977327849997 42.48822768771833 56.524705416979 71.99683856399565 88.15189625961516 104.6741538071504 121.4137955354128 138.29190369372225 155.2633283097636
150.73259053924784 141.3888456764205 145.64965718369024 168.1861965891008 0.0 54.96820497071931 43.28850710882675 43.122223070455114 147.17365500483163 40.64137459787172 42.018892165311236 71.04246282616431 119.02512168917916 56.14705715134788 114.79138589097899 81.7509556359534 98.36381361301862 93.53070203254127 86.7989782521443 22.64780390398726 153.19530620814186 136.50174942319984 79.0517213260012 139.80147439695548 12.431535523220536 58.330641501428396 46.652109538964815 45.39265193650432 113.85545892716179 54.55514758450434 44.801531116059344 67.36993428105247 110.58606868482924 81.1339370808299 128.81192883463214 80.65093108640718 95.37351879376202 52.48309303298199 74.77299421025555 17.447290558862292 155.22802894756794 138.12981505783696 121.08947840785517 104.13543532620454 87.3179657142766 70.73454968309191 54.59887396102281 39.464017704168135 27.064579906843306 22.50078697221215 153.7908859832089 136.520250609099 119.2586863592548 102.01079819710007 84.78493295632023 67.59792892494839 50.4894876625048 33.579904181746244 17.456941205333514 8.977352538416673 153.61770353561337 136.32602571904337 119.03732699931554 101.75312590746371 84.47618319235195 67.21209640808328 49.97419096301097 32.80376660179161 15.920676057974152 5.437116059364792 154.71272869569216 137.55313866597945 120.43427827147376 103.376383658302 86.41556516866086 69.62280515950026 53.15761453345941 37.45451718129801 24.055386537954856 18.793463638210017 157.0494205669428 140.16424648575187 123.39457013558665 106.79481419395223 90.45857169133085 74.55925496043432 59.44846728311252 45.9115070402587 35.78157555944784 32.426598260990566 160.57354890016862 144.08408987643472 127.80957897925529 111.84388752566116 96.34067183649859 81.56407357625302 67.98951626872754 56.49029759548597 48.563734395249 46.09145311767071 165.20909371532633 149.20950640513217 133.53503289004152 118.31495792523916 103.74945581565963 90.15634170199998 78.04536097958002 68.2106065537751 61.74942410532394 59.76614395537055 170.8655579939798 155.42120153420385 140.41064044768615 125.9890197736971 112.38329655763731 99.92729695459596 89.10449538995007 80.57570733064571 75.12632838385349 73.44503327478053 177.44525934193598 162.59464001780913 148.27639779071117 134.6604604268462 121.98223372967176 110.56476551287402 100.83722370759482 93.32952524712232 88.60773762401257 87.12599116996847 184.84954736088812 170.60845577285167 156.98343490245614 144.14928414478646 132.3363028051707 121.8418712817769 113.03384357207726 106.33212885509401 102.15212724513967 100.80801661901073
95.98651105021044 94.70396618317679 91.87288653015793 113.99680976081058 54.96820497071931 0.0 43.17700722928177 34.71468475571463 96.56874472885549 25.250159627146115 65.58579527158192 23.881560504917108 82.7483185511237 50.287667273706084 61.678950151379794 28.51841789913702 43.452155578737944 38.703334297289864 32.7796307758783 55.95738406317437 98.36453281719022 91.30235196360819 24.091208822502328 85.19670470164813 48.919218806974584 9.04236454727476 40.121997259125955 24.855406239824823 58.94111590918766 26.502848410308744 63.75330293500322 20.046065859893396 72.29790993860273 29.22145731740072 75.50873477425104 26.21222068791477 40.437877548539234 7.868970277397716 48.08122946337091 55.6523187223454 109.63312453417662 93.79081916513313 78.56665302377961 64.40050945772748 52.16164983008925 43.508105580684564 40.78943776458051 45.09220175160206 54.78631697933462 67.59053070609264 105.14115819224786 88.52331767579047 72.22743562952716 56.53262068899017 42.11629144930063 30.82753425266167 26.936996676755168 33.15986687313274 45.52210244844944 60.362711261000754 102.4030834165519 85.26845226914209 68.21832004249661 51.33694775087333 34.87030251169713 19.877287744469776 13.152487097117449 23.44316624411868 39.04982648107515 55.66784198071332 101.56089388638726 84.25983269317034 66.95922075210707 49.65952760294721 32.36222673946002 15.075554951469543 2.4381538965598817 19.57882610173438 36.870447086938874 54.16865242028242 102.6612713000822 85.5769337018339 68.60174242127123 51.84302334216965 35.60774634677294 21.138511186172625 14.982464252608224 24.511718414603838 39.69744285004313 56.121850670276665 105.64351684788254 89.11667787794937 72.95012989950783 57.44884838839507 43.33276430688181 32.46222876484373 28.7849558433092 34.670745911294304 46.62893000915855 61.1977381781595 110.35512838284083 94.62992458622207 79.56189777298823 65.60543583241258 53.635394357979415 45.25640870518426 42.64075765857703 46.76569877994732 56.16521730480644 68.70762236586434 116.58656521989539 101.79645435375744 87.92785091063543 75.49035521494996 65.30680219900259 58.565015281529924 56.510543573803005 59.629858072436264 67.20637120888543 77.95107829171235 124.10902830604958 110.29437238364065 97.59782532170355 86.51307237510173 77.73272883896475 72.10361870800497 70.3859061609191 72.85677043847002 79.12478416144421 88.38576353394515 132.7030504794844 119.84067832448444 108.2227122828182 98.2914107397185 90.6031240964732 85.76321744699239 84.26393972486042 86.27961699853093 91.57844605100446 99.63799452388166
130.47745567542606 137.3516789736683 129.46779718759868 150.08012370380857 43.28850710882675 43.17700722928177 0.0 60.88596307281952 137.57032028950022 18.365769342336534 78.64420881836051 66.98187817004668 125.38504539008171 78.88152574498294 101.36980488390311 57.461955843041586 79.53278268000741 75.87371304407776 72.85549227972851 26.323333659517093 132.23960088487604 134.256328170126 61.74760668833626 120.73102725553204 48.1226795926192 51.678630006381766 5.066719073152692 55.21953707857953 93.8277420024578 22.007843087352448 79.56032656038097 63.05511257616263 115.11697288376264 71.53587753394247 114.42040726558321 59.34123180158376 74.62849121930597 47.41291671256583 86.65936190063645 30.122672082665904 116.47799299997455 99.17607695065826 81.87416704459207 64.57226821996889 47.270392644867975 29.96858058753071 12.667092324806447 4.637697424561807 21.93797736212594 39.23971289373908 117.30552992167985 100.1422598666961 83.0365567339595 66.03317332451165 49.23822586619334 32.9717830225465 18.670477953805953 14.448103698071971 25.838369453725083 41.53561909602476 119.78702960073933 103.02485770423043 86.47554583757567 70.28960541554875 54.79002746641349 40.76733335488885 30.34326460381544 27.89555204048472 35.132888001878506 47.845456356143906 123.82305825355911 107.67001958324369 91.9359650648337 76.87857582944794 62.985032862989776 51.21150751664073 43.322371054690784 41.590171433092735 46.705054118803 56.84792867802237 129.2680360636894 113.86216932599402 99.08410915404326 85.26093125175032 72.93758110324889 63.000426228482205 56.71785698919579 55.34867231229284 59.23457082526365 67.47363828740656 135.95270830007516 121.36466982030302 107.58400181894741 94.96284534079005 84.02533382676575 75.50669928074862 70.29193929785966 69.13278532517641 72.22477044615302 79.07074748414003 143.70409038366088 129.95066842315222 117.1416523151058 105.62119600021663 95.8550324014673 88.42633818200584 83.95788937168079 82.92959030014303 85.46570401712057 91.26957891314409 152.35935870696278 139.42002032747675 127.51932244240214 116.9747014153168 108.1834164480897 101.60162433052467 97.67699928073219 96.73349968028937 98.8565191700035 103.85817471118051 161.77338457151657 149.60495984152828 138.53271679157965 128.83957775087868 120.85782362273653 114.94452501200334 111.42947408150592 110.54168952405868 112.34347384965803 116.71032805698658 171.82137390246385 160.36907370713934 150.04176974319216 141.08672201905503 133.7797861819091 128.4026356877441 125.20415373774256 124.35256722866384 125.89551001224764 129.74758382162136
118.05691907844295 100.03584974702436 110.28365546883072 133.19995020283318 43.122223070455114 34.71468475571463 60.88596307281952 0.0 107.95258229289593 44.79095983930664 32.465389500865975 35.53708209091586 75.92227660603633 18.082895291820755 79.5028098340668 61.506915220791356 69.2716185527205 64.22691615641936 55.59963460006694 57.83033465312047 120.9444426353728 94.68407416167354 52.75116308807123 106.8194986664115 31.35090495999296 30.568674066596287 60.570057333364055 9.981573203763032 83.75593442403185 54.860898664984795 29.79005897346518 33.20021702518416 67.70074050863298 47.568599702798764 93.16774159078969 57.73146858162433 68.52468289299247 27.236280887191423 31.660751662419212 54.481458379108226 143.9166340307864 128.3456585225808 113.27804256253596 98.94401521560333 85.71241288558511 74.17555968286305 65.2388376819311 60.07407582602746 59.668916423559295 64.11365645889155 138.6283369317915 122.41436303886901 106.54313775124965 91.19379130098864 76.6803650774752 63.57792582198631 52.94459710173416 46.506037455970905 46.056444985079075 51.7521417594615 134.59921468898506 117.85353575929845 101.29497449555015 85.03291419401444 69.27647368286317 54.46624447297898 41.62478155604826 33.12675299192571 32.570688657427205 40.286802145162156 131.94472981893185 114.82666347511831 97.77333783796928 80.82574199162651 64.06783572458524 47.69996446353254 32.32023630319317 20.31306892293348 19.477060685657147 30.737648679583028 130.748672448134 113.45662897823212 96.16814177221515 78.88554902771044 61.613811110444445 44.36560733692308 27.18576888494711 10.418179592906654 8.759247848266051 25.369743798028576 131.0509975625314 113.80330587227557 96.5750176689613 79.3787678983266 62.241117385218566 45.22872691867572 28.566272578599232 13.606589007483118 12.367689551330187 26.823373581514222 132.8414710740049 115.85127887901483 98.96914721760538 82.26163313740827 65.86175957521847 50.072720764666414 35.7140624653482 25.346046109495393 24.658887882680855 34.24047827436874 136.06133173540982 119.51309163769156 103.21230035549456 87.29768387236042 72.025683387383 57.90698851312811 46.01571865483722 38.47570923956578 37.97394940221022 44.74782965089692 140.61237573769236 124.64654350946515 109.08887305100703 94.14193781255202 80.14815970395287 67.70119179401763 57.808961714718336 51.95191581354234 51.52502185251473 56.65116958327924 146.3704240076811 131.07877790525222 116.35155342274427 102.43248959770533 89.69859999826033 78.72709656640029 70.34746336536435 65.56118094116451 65.16490057756515 69.23404555999355
37.121656163980745 18.585602871044735 22.785404132357588 35.482229530291306 147.17365500483163 96.56874472885549 137.57032028950022 107.95258229289593 0.0 121.1351766295762 135.34058912151207 76.22450039780318 52.78803841877396 106.52874891555953 36.588390143223634 82.78757023552842 59.949423047377316 62.512639721472716 64.73579441111318 152.38310077633804 39.95074304448963 24.845568429304567 75.88399800204655 33.8368968826981 137.40547507777399 90.25890603460303 133.45095848085435 102.44738644735904 49.96088177136336 116.42631815958396 130.93225066093032 80.03391263197061 51.14120360716345 67.4432292716339 25.90070286572405 79.32101482807312 65.705002036957 96.01878368242875 82.38514543706755 151.62266027929388 118.7343673781185 114.4721810243564 112.73225632022275 113.63051595698926 117.10626735216825 122.94109444800095 130.81971834755794 140.39848954071027 151.3549608463804 163.41225054767258 105.27313849511715 100.50993897062166 98.59375137920553 99.68888416584561 103.69997722948779 110.30939562945203 119.08528912414846 129.58825271369824 141.43404904664106 154.31374225675665 92.035239141653 86.61546542212777 84.45514200148004 85.80082589686482 90.49624849956251 98.06140328353115 107.89432417145085 119.43621777011765 132.24036295125612 145.9749828636639 79.13306392790776 72.82781279984235 70.31662773179104 71.99760594486303 77.59878669034146 86.36074013945449 97.43445225541163 110.12473310731997 123.93599357629408 138.5333659119397 66.76177635403407 59.221900882247674 56.178558219217926 58.339740832898514 65.18986435519032 75.46263688777049 87.96703254317266 101.88467087606298 116.71106031935601 132.14066421048992 55.279198943207405 45.95970104846791 42.04168558800175 44.960176330614125 53.61004109531556 65.76747280146687 79.8460354238518 94.99538509165342 110.77708213289905 126.95552600864154 45.365481316304 33.45283117732128 27.9081836349328 32.20793838700666 43.52637887291937 57.88307007849246 73.51913850729679 89.76852139331106 106.35046271864975 123.130679315597 38.26042534416778 22.970439037454593 13.788932763132047 21.24478616127159 36.21132262769493 52.62975877737407 69.47831177121388 86.50602741582803 103.62462268693997 120.79546659446865 35.68330200400223 18.383416750227106 1.1469891681054882 16.229441152629075 33.52890602655071 50.83004939780518 68.1315925798396 85.43329266967676 102.73507039242195 120.03689217871356 38.553122933369124 23.452535916211566 14.574366521419915 21.760410008029723 36.51480923610567 52.83805171452184 69.63548441717775 86.63171611259507 103.72907185912015 120.88465174042801
117.09264583657877 119.90793919172158 114.68211649535957 136.08180190235876 40.64137459787172 25.250159627146115 18.365769342336534 44.79095983930664 121.1351766295762 0.0 67.45799734621428 48.83273995974905 107.03502046975049 62.85245549517317 85.46997580925786 44.51297892055699 64.90107827423397 60.74694600022382 56.53989061232364 33.40397093809916 119.1377205968445 116.55245323532301 46.073695814545395 106.81908652044201 40.482162862371254 33.45899602810731 16.40649841782973 37.928200365975215 79.91509192754206 14.075814580723407 67.43512604786311 44.8662156549056 96.79690006753094 54.21680913735244 98.9519844850405 45.07886691253296 60.60448667293897 29.053114142631163 68.6303319699137 34.62856993599957 114.63381336832634 97.59021070698363 80.65667522511453 63.92074205625272 47.591335827323725 32.29119385870641 20.474841391707557 19.860237496676998 31.11833721533743 46.270776553622554 113.22005231162888 95.93328032350966 78.65317420341383 61.38536357619784 44.1442795949739 26.98120625558293 10.294030868613028 9.091873432520902 25.652889973127582 42.80412218355194 113.54247845611593 96.31185514226868 79.11236078943593 61.96991996258424 44.94985531043622 28.274036967973725 13.306614982240909 12.386444198794527 26.990649478647242 43.61512903168954 115.58655901846605 98.7025110308289 81.99286352960944 65.59104042315946 49.80211266479049 35.454579338717586 25.149848795791918 24.631555391215354 34.345641291203705 48.48962320514004 119.26377561007526 102.96516068308829 87.05462230900645 71.79064720130583 57.688764896745184 45.834451831293094 38.37065498207835 37.98057612240695 44.84916912481077 56.383318361933796 124.42937228105149 108.88010379174968 93.94565515633055 79.97122013442932 67.55521284934149 57.71237582161219 51.92716696980459 51.583367695459096 56.77990650630197 66.22516553106617 130.90720429574833 116.19520545348648 102.29686369511361 89.59165023362837 78.6598511316859 70.33330283482015 65.61149072093912 65.28135155691977 69.40558282361826 77.27423834936445 138.5132009343821 124.66413679080758 111.78135048454817 100.2381004262366 90.54814401888132 83.36029715227741 79.35738809708158 79.02489543355496 82.40725877865495 89.08233073292625 147.07233398770276 134.068308833757 122.13526490193588 111.61722950883205 102.94882421012545 96.62911767422075 93.13744602738232 92.79360331692043 95.63154957767973 101.3844427244739 156.42811415738015 144.22476957687795 133.15581614035037 123.52658231335 115.69710307047797 110.05217278946498 106.93829888800207 106.57756217611558 108.99730137373514 114.02063239095192
149.18076265231915 124.75111963898655 140.39412462595996 163.2186531064318 42.018892165311236 65.58579527158192 78.64420881836051 32.465389500865975 135.34058912151207 67.45799734621428 0.0 67.44511012422348 94.90287672142622 28.954975072259877 110.18706342827168 93.43527671315927 101.61044357009366 96.58477487829039 87.84522736545048 64.13938984789122 152.17778560289833 118.62066298409093 85.17865523807554 137.96064665991 31.71241278113459 62.751523751502006 80.24650588286937 42.09442575824865 115.84595031922574 80.35609679838058 4.85474556179768 65.45347494583231 89.21654589478244 79.56439732151476 123.41560798749835 89.94499946710552 100.98473349613744 58.75941214387295 53.26130133215768 59.1550744357471 175.2004174866509 159.18889016472616 143.47722166103344 128.17572874572127 113.45049874048631 99.55756029134787 86.89703032998655 76.08662084715887 68.01432045395245 63.729236814960316 170.5399013427859 154.06871444769737 137.8012376291794 121.8191073365634 106.25116579356275 91.30951239164455 77.35790441030885 65.03664503521263 55.44354355066214 50.16880850634487 166.92019766998283 150.07087874265184 133.3375121571148 116.76995716131613 100.45029063408077 84.52222268444396 69.25646982615815 55.20523837832318 43.560134555644105 36.688684183939 164.41011886173982 147.28686261592586 130.2108435272768 113.20343988931589 96.3010124111304 79.57048660197658 63.148640862997574 47.35768687099665 33.11285742577453 23.428258711577243 163.0609527091726 145.78626293126578 128.51890077627638 111.26227793046515 94.02230777894994 76.81020417995605 59.65009479075966 42.604851686503316 25.9022431889511 11.197868257968805 162.90156564663081 145.608786358714 128.31847380735567 111.03178038879142 93.75070812014857 76.47906753110676 59.225110793499674 42.01063207399941 24.917587096132184 8.69439858834775 163.9354302973532 146.75923569124978 129.61648469835967 112.52246371947457 95.50334270888158 78.6077857901462 61.93699537697516 45.7374102579505 30.762670384551484 19.98712016775914 166.14025727202727 149.2068812080831 132.36884142636325 115.66778042653316 99.17292546245169 83.00729683996934 67.40817443487227 52.87930692426423 40.586804372998735 33.121967724836566 169.47031880994783 152.88940003451947 136.48755085373747 120.33801412455477 104.55776852778264 89.34270807748872 75.03742549603311 62.27209788589836 52.1892358337729 46.565241442495406 173.86092384190673 157.72026806381393 141.85359070457412 126.36413871411514 111.40936239999934 97.23627218603694 84.24034275961077 73.05254403263649 64.6189535128101 60.11023406050094
82.64006268778202 72.1338142794417 75.57464523880148 98.42800605979318 71.04246282616431 23.881560504917108 66.98187817004668 35.53708209091586 76.22450039780318 48.83273995974905 67.44511012422348 0.0 59.01909120009875 43.303836977481176 44.56877512309108 34.225970904533426 34.53864587384864 29.64765171982366 20.649376288130345 77.12428896840181 85.48176463228602 68.2187773532177 22.004594990556956 71.41389425032236 61.84654384127489 15.402373582396908 64.003501893384 27.600766402820188 48.40272277630889 49.71024889797208 64.11834526985272 4.031853821056367 48.486815830145865 12.121017137706836 58.49279237777094 28.919489428667955 34.94941739876115 20.54581181604664 30.180553934516166 75.87032910583443 115.26359805175557 101.31838643240354 88.5653846210403 77.59466996989684 69.2584420386381 64.58501614896237 64.37709499416506 68.67524983866343 76.72589557896323 87.49931254375214 107.98268423189536 92.99151618433874 78.9511582581887 66.46690919818987 56.57840547977804 50.82404190221748 50.63350495835312 56.06355084994379 65.73578145742472 78.08947121070045 102.13692924740103 86.16692658059561 70.82537230979042 56.62538914360896 44.669264992763416 37.18815645985586 37.00380971427883 44.20760220208928 56.01829574441523 70.14623318644675 97.98362754009929 81.22428455885402 64.75097472519613 48.85390714436952 34.342844208997036 23.892861761836276 23.68581701578584 33.909854054079425 48.347178469351604 64.21629325655425 95.7433487404887 78.5198664560904 61.340551824388605 44.25686881791489 27.44796616554289 12.117117037508505 11.788616271454497 27.015397304308834 43.81101664012141 60.890819802210984 95.55077816609476 78.28601728182747 61.04230698216019 43.844491418098684 26.781132535339886 10.5276843701506 10.156213008729761 26.34726994052824 43.404170883888625 60.60015604825372 97.41806266271394 80.54426204232253 63.89983632338117 47.72537831845378 32.725312961520466 21.514929712813462 21.296713643286953 32.29426485926397 47.23347110815418 63.38606915052677 101.2312543153175 85.09639962939585 69.52507244471113 54.9980204739541 42.5973814079843 34.6842851850772 34.49884728558256 42.143200857559506 54.4117301896199 68.87620398288055 106.78204029171317 91.60102045936375 77.3161841076296 64.52550082276579 54.29540260266635 48.281919878646974 48.09365224895153 53.79179809425096 63.81863563108912 76.49040149794935 113.81640592925324 99.67653106712156 86.69107538580352 75.45839500685604 66.8677150970278 62.026674807132025 61.82249245316348 66.29802318906053 74.61588506807792 85.6640405891165
83.82672211425077 35.85988400962666 69.72675658263445 87.91474092619377 119.02512168917916 82.7483185511237 125.38504539008171 75.92227660603633 52.78803841877396 107.03502046975049 94.90287672142622 59.01909120009875 0.0 66.87709342643421 54.617233299040024 85.86332599314184 70.09328266336591 68.6294668577702 63.588705726202726 131.33834464367905 87.15241321504081 28.873823592388987 73.74403521581183 75.42620366551574 107.21689657579452 73.88159952054323 122.7403400639958 75.02693480546357 72.05675562628525 108.70913190941755 90.08745683706313 62.72190468049096 10.747830957949082 59.000880035007114 58.70089588908937 80.44238590256944 75.07631415728586 77.98490058069024 44.39662799068058 128.86697605881625 151.58840188385116 142.0926463540509 134.16495997869842 128.09680949133403 124.16113923597476 122.56355155737039 123.394893022722 126.60732544929942 132.02715580432482 139.39714724531726 140.28537789672464 130.02449184222328 121.37300079253963 114.69567463746259 110.35146513390521 108.62066816179657 109.62713562301091 113.29794259405904 119.3875803627397 127.55007060195882 129.53303569060395 118.39962579981824 108.88895715226587 101.45840594389158 96.58923765677947 94.67746866838941 95.90012963412623 100.14247950885658 107.04609795836338 116.1373648788798 119.48031341356534 107.362331438949 96.83220898730814 88.45883082060381 82.89833756388472 80.73404213704046 82.2345323878529 87.2108516330898 95.11902299792233 105.30055079212357 110.31879665666953 97.11333898110976 85.38416713737435 75.81954276628272 69.32129406631222 66.79051006817434 68.66727268341735 74.61975689325783 83.78373098682738 95.2366038624708 102.28837775941844 87.92890633556868 74.82494765346146 63.75541460036694 55.94133416482641 52.847069202541434 55.271081556112044 62.57533114061719 73.31542508987054 86.21676706091517 95.67442539713784 80.1758717911289 65.58545056455506 52.663444628066664 42.9433538582228 38.904126353399214 42.20943757388511 51.46307763358361 64.14020786454864 78.60146523034803 90.78714641841196 74.30378727733986 58.2967425820859 43.29755340247561 30.814876418324506 24.962885045987786 29.923990276661527 42.02921961497742 56.887397127060396 72.83273402376565 87.91505038578117 70.78243220963026 53.75836998027654 36.993039678075476 21.11209687789661 11.03038044747074 19.90806267139577 35.632929070130004 52.3621362930987 69.3728621904814 87.25739737654953 69.9676885847052 52.686004369742285 35.42409107679681 18.238173219726583 3.018154697113963 16.86123111656151 34.032433550420926 51.29157351425895 68.57228343419442
122.16327091252664 95.81244476083813 112.56371720742142 135.23620826451705 56.14705715134788 50.287667273706084 78.88152574498294 18.082895291820755 106.52874891555953 62.85245549517317 28.954975072259877 43.303836977481176 66.87709342643421 0.0 83.03934593961586 74.51323426592933 77.7131554694028 72.90246682625727 63.853865108877024 73.80745277209793 125.26902711583563 89.72779911714505 63.98036767621197 111.0329551797381 43.719276152482934 44.1348162769478 78.64723410537437 26.11011890218027 90.77757495468596 72.4979253712975 24.424984299947106 42.502549611153945 60.53515665387048 55.058571526222394 95.78544057909112 70.0022150214163 78.22543258337174 42.4346818203392 24.30701302242218 69.91982116450492 157.15682717328636 142.2712034391972 127.99456002336018 114.55481016032753 102.28238721715012 91.647444090021 83.2796875092086 77.91305259996426 76.18442261982909 78.3350100856706 150.73086776299925 135.17282795875147 120.09282568400985 105.69566965834504 92.30144543964445 80.41289398122873 70.79268782493766 64.46448808181911 62.43741058943413 65.11439704025055 145.37523926452147 129.20189861573417 113.36226433567681 98.01824983064752 83.44371504155569 70.12012418582403 58.90256367760688 51.19466921448326 48.69269206451962 52.151359726784946 141.21185564415558 124.5207998077503 108.02212089927771 91.81957978090821 76.10255887712188 61.24599018094461 48.05466437358749 38.290179317583956 34.95329034065058 39.69930463456274 138.34845706795656 121.27904777629752 104.28629194541907 87.41490346484164 70.75175905744206 54.488245279575594 39.125921581295664 26.294828532802445 21.229924107650994 28.437875267542847 136.86670112622164 119.59379413381366 102.33069259848796 85.08336520308409 67.86383981999917 50.70045177504026 33.67913596757123 17.226314844030316 7.61058348261133 20.44038583400964 136.81150880022068 119.53091615888964 102.2575390920959 84.99577689723998 67.75450749116929 50.554701919740374 33.46036301114138 16.796645656345127 6.585751559061286 20.08308611036638 138.18459023693728 121.0929420447938 104.07080216692829 87.15890505759427 70.43670360429316 54.080452245899735 38.55869593650622 25.447246732727933 20.17581019425271 27.663620234581998 140.94418957024197 124.21856655841937 107.67519653308757 91.4130821363013 75.61390870511329 60.64060323419719 47.284355748991516 37.323528821847674 33.896744327565216 38.77680641169181 145.01113290950627 128.79395905577078 112.89925405654938 97.48487933991979 82.81946806032764 69.37960317302964 58.023243963924166 50.185324557135104 47.63548277244466 51.17044160744657
39.12521766950397 41.78634343969698 31.017879987647195 53.86017279209941 114.79138589097899 61.678950151379794 101.36980488390311 79.5028098340668 36.588390143223634 85.46997580925786 110.18706342827168 44.56877512309108 54.617233299040024 83.03934593961586 0.0 46.24580877185779 23.56587081219768 25.92544550860036 28.99914625201985 117.5950756610897 42.23615532779807 42.14675975832407 39.633410406358635 28.01077614938206 106.2332869217941 56.56005343550821 97.13028946808296 72.14510513680683 18.00787874395064 79.9946593673812 106.3406042965365 47.821568370827165 46.299989895856456 33.662097577339495 14.02195646284835 42.74178292946198 29.42769517088511 62.429984223563 61.402656886680994 117.30632761571883 97.12187416071941 88.57417980202425 82.80576100259978 80.41694239185824 81.704694069745 86.50497837280655 94.28280529423316 104.37463918597196 116.17902166831655 129.22749972490587 85.66814952712276 75.90345249581141 69.15438051776255 66.34767950460018 67.97347124734614 73.73915512165023 82.78420857503174 94.1683565064751 107.14861422731828 121.2132982801357 75.1466045667175 63.85180470378404 55.729650429013844 52.28035096539672 54.400151142752385 61.51599774674704 72.1648092925265 85.02941613649124 99.25192040141269 114.32666348864873 66.00472365600159 52.84473432466933 42.7459329986856 38.21740534394361 41.141606625850415 50.23345460457994 62.871890129273574 77.33728477523758 92.77900142437296 108.78206210094613 58.88874530995247 43.67941587673756 30.76701427265726 24.166872200814776 28.63873260975406 40.68202364453555 55.57506490245401 71.56018011956544 88.04454365408297 104.79281799994902 54.596768900835656 37.72322707840678 21.54041916117111 10.18089208792388 18.493906548151198 34.33819600321266 51.13620967310784 68.1866943350055 85.33845404362407 102.54068120692048 53.808912209588414 36.57901491707501 19.477247111369262 4.406302461418273 16.068023255406917 33.100766832528386 50.31752857679375 67.57780791694863 84.85505339843228 102.14065583912216 56.671519451775794 40.65513494586829 26.319780938270895 18.202574831709807 23.846353664003416 37.47899980427527 53.28615448942986 69.80591009988483 86.63156410975341 103.61420127528925 62.68643331047972 48.6568018427927 37.471166526651245 32.23973925352972 35.68503558061431 45.89282354157919 59.47763656854995 74.61726182193728 90.53502517029553 106.88383560667796 71.05752754022276 59.00802692429078 50.1340737162379 46.299098672569045 48.708221206049245 56.56923344766785 68.01741407319685 81.55588357655876 96.30710648177846 111.79203216575955
73.08695058260825 86.3437726378062 72.3016076249462 92.61887598677055 81.7509556359534 28.51841789913702 57.461955843041586 61.506915220791356 82.78757023552842 44.51297892055699 93.43527671315927 34.225970904533426 85.86332599314184 74.51323426592933 46.24580877185779 0.0 22.9261346249534 20.508786351695502 22.390828522983455 77.91187910756241 74.95494228396151 84.96609733369104 12.777522513276123 63.27197310456812 76.99730539015873 30.976408122110527 52.78027392347181 51.562931880114085 36.40376174106688 35.46312084764598 91.20715931673487 33.187861406607645 75.20059593769349 27.675796204795585 58.12297239004576 5.591650629505751 17.465772027806164 34.694632940498686 64.40571112437739 78.9824969182942 82.7056749402593 67.82546201701477 54.3972828059278 43.77832687506191 38.37611079603944 40.34372695041698 48.79767594085414 61.10250812129636 75.39579742006893 90.74272690841647 77.14261180946988 60.95175640107861 45.58466184774196 32.24154027063491 24.49047117055084 27.545601703053674 38.941596065153846 53.5989400164691 69.48349137390474 85.91725968570643 73.9005496602525 56.81255354205819 39.90932643798958 23.5914291722744 10.911911883053177 16.742078974711188 32.252716052226276 48.9784776610075 66.00195415381067 83.14046985151664 73.28820986177844 56.01740050313891 38.77434905921902 21.625555767586526 5.531067799453116 13.864858138544426 30.864047091338744 48.079705136000285 65.3409536242492 82.61922250020919 75.36972360856089 58.70235640983566 42.54468355499602 27.80010052209669 18.285325231315756 22.238990267781464 35.40486261776369 51.09939280813331 67.5833088361418 84.39532783629826 79.93489488940125 64.43379784459701 50.12534099091878 38.3678763471873 32.09901373159045 34.45733667770833 44.07922459079481 57.42261445909596 72.45994675150811 88.33028776229318 86.59173251747224 72.49263440196806 60.0910910293285 50.64977469069534 46.027854697053975 47.64903374178003 54.96363071831527 66.10804991511041 79.48742731971133 94.15376368751012 94.90100935586347 82.19704429537971 71.45070056174352 63.66119019190957 59.991563313007646 61.187614817927255 66.9892286246877 76.35368558544157 88.15276433058597 101.54127447163337 104.46906819921377 93.0333757029096 83.638021189023 77.03320707370915 73.97025216866066 74.88503341817048 79.64059934769972 87.61374726013071 98.02244214052358 110.17856609450303 114.98197606642427 104.65046399547555 96.33929674279891 90.60616021027849 87.95662640375296 88.66755707647555 92.66163670444098 99.54445160111096 108.76898666842634 119.79550394300448
52.61284450599876 64.7143162188597 49.96152218585283 71.19751806738965 98.36381361301862 43.452155578737944 79.53278268000741 69.2716185527205 59.949423047377316 64.90107827423397 101.61044357009366 34.53864587384864 70.09328266336591 77.7131554694028 23.56587081219768 22.9261346249534 0.0 5.067191836286496 13.889531091587942 97.97783493026388 54.92798249392962 64.13759927881287 19.399860226119518 42.02205227652649 91.48297327515935 41.021581309514744 75.043151805372 60.25555351122277 15.492698484308427 57.72306294720489 98.47575115736998 36.163485665752226 60.03761492884759 22.66238880474479 35.226343770609056 20.191843572219593 5.9025178220362715 46.543434328753655 60.925264860965314 98.35350833880278 84.82412063303327 73.16049237712824 64.097432987993 58.84896986124499 58.4518490657678 62.99788196511466 71.55099351015038 82.8797519278185 96.00655682705816 110.29125846782908 75.76275136560879 62.48181665244193 51.63975633877499 45.033937893763 44.58868460408763 50.46731746627928 60.864222452319446 73.89628625353144 88.40572817466864 103.77470082150535 68.45187603711719 53.427197379657485 40.27382165883205 31.435731366428563 30.872947809964764 38.94588310479694 51.760350844300746 66.63478995662848 82.46190484007208 98.78484434005789 63.499141608563534 46.94610368409533 31.21609652849741 18.538205930340354 17.652134178142315 29.635164387246036 45.20619936199947 61.70632316482597 78.55222811310406 95.56122189340688 61.47722151821795 44.1859750728807 26.908467221133908 9.718251424480826 7.970997479424502 25.126535344003987 42.401206863472474 59.69167024026974 76.98728619827973 94.28521922224151 62.670457765218664 45.824231983722626 29.510118066132826 15.50957029219451 14.455426109829746 27.858298375563738 44.067256594212665 60.88082037951558 77.90852551163742 95.03533698402042 66.90703555111902 51.442337400459785 37.613653956165564 27.96372769168082 27.34709097298456 36.22798529791428 49.75721725116274 65.09842267018595 81.23139057893609 97.76493856298576 73.66367035419177 59.931244879449494 48.53738268007979 41.45728577758709 40.990745207749136 47.333724376618825 58.3046083601114 71.81280436376225 86.68007848929187 102.31568191047445 82.32209612193112 70.2578596753667 60.779151623818805 55.23352956248059 54.827724681133866 59.66670000477555 68.65019938135177 80.40076958875161 93.88512510138219 108.45851174194902 92.34882616742514 81.72841050506507 73.68480910182696 69.12351062301153 68.74124649191775 72.60405524227671 80.10012063542116 90.32939960809811 102.47664202383058 115.94056454080419
57.283238147702605 65.93200617988765 53.93573973267257 75.54996462619425 93.53070203254127 38.703334297289864 75.87371304407776 64.22691615641936 62.512639721472716 60.74694600022382 96.58477487829039 29.64765171982366 68.6294668577702 72.90246682625727 25.92544550860036 20.508786351695502 5.067191836286496 0.0 9.065645710412573 93.63683568835717 59.678197346588995 64.82339215390178 14.820232603778113 46.539687614417744 86.51035110946677 36.0022263134745 71.50003306613465 55.190013754256285 20.377247289937724 54.257469272357 93.47843042563841 31.153993915829165 58.317405314807345 17.946444339659102 38.550698048699616 16.826922075353487 6.718414270159804 41.56235947983584 56.71139819533843 93.87572794451218 88.33854970865046 76.0667055838567 66.08543946238065 59.55773834289675 57.66853874746515 60.851407569688995 68.40193361516847 79.07877413285591 91.79748248804688 105.82438443150853 79.74220898042799 65.9384186164523 54.181495564651435 46.066236325103695 43.672257238745885 47.86583574056537 57.21638459018398 69.67779671834977 83.87478942359769 99.06396671523879 72.89853757998424 57.515488567804 43.59558888394112 33.04283002700781 29.694968654566903 35.643554981966105 47.516777681652236 61.999472673878806 77.64492490472175 93.87355014069094 68.33626362473846 51.639400434725346 35.526368259970766 21.361891762250103 15.787666421112565 25.315663448390506 40.38845916943565 56.74755383062361 73.53947586737921 90.52367960552019 66.52648732993417 49.230813186310215 31.941916189624795 14.683754461968748 3.106907254562634 20.060077084403634 37.33462340684256 54.62650555896643 71.923220913634 89.2219585973807 67.69036883225733 50.78553696154407 34.27926974277689 19.227031532068583 12.767223143252718 23.559245952766442 39.31649769183834 55.99329200404385 72.96179374127651 90.05726389480506 71.6831936168585 55.97426952414152 41.55078338859879 30.30720213901942 26.632603189624277 33.14777147403975 45.68330225147684 60.612404715009056 76.54719626380967 92.97200146316744 78.07207070418399 63.91798892204773 51.7153354443571 43.15261360568907 40.602040965228596 45.09555331471113 54.93084430103857 67.82250298432378 82.34738426286087 97.78035082306019 86.32656786547052 73.7314623389079 63.396212283898315 56.57322599578663 54.59559544164181 57.961428192790365 65.85646702547574 76.89811645466393 89.93478389095871 104.22048438996318 95.9663752629281 84.76766628266239 75.8963754070923 70.239966117636 68.59837000989242 71.24963426859496 77.75586721467144 87.25898163790544 98.89881371173085 112.01121067608074
64.11125667886012 65.58154692913963 59.1358695758245 81.44346817651174 86.7989782521443 32.7796307758783 72.85549227972851 55.59963460006694 64.73579441111318 56.53989061232364 87.84522736545048 20.649376288130345 63.588705726202726 63.853865108877024 28.99914625201985 22.390828522983455 13.889531091587942 9.065645710412573 0.0 88.6198030669509 66.71808576893481 63.52718044933587 11.594143544354997 53.06680505636419 79.12023669918253 28.57679424548068 68.81713495344007 46.818304418977405 28.244785068366728 52.01440558813279 84.64788251541484 22.40787383830673 52.9832957422945 8.892334929803216 42.74019597302547 17.190234995466078 15.033458738026233 34.35970555302233 47.91818798007003 88.430418974965 96.76638570362041 83.95169241069225 73.01188644650057 64.90208096831587 60.76611155439044 61.41218251159214 66.7014816641529 75.66647077397812 87.18048858660602 100.37009528884167 88.53392769325956 74.35987528656003 61.79990898563387 52.036232059730764 46.850967351521234 47.75939525458574 54.45741021106778 65.18406413487843 78.30081676253532 92.79965836316333 81.92744567475836 66.39574477498044 51.99415273479428 39.96370025450982 33.00774428145921 34.36034709063282 43.24886295549693 56.205011046869174 71.03696792254861 86.78828712100523 77.36471728451852 60.70349493630837 44.533594531627 29.669508149224733 19.391501056625845 21.690846921048635 34.112567985789546 49.553543531374416 65.92535161774526 82.67685421432003 75.218655284553 57.95653124617728 40.728201910383895 23.607771032229476 7.387880674560107 12.26980904935497 29.07282498912678 46.24525486018053 63.4880425498421 80.75613290660063 75.69511803955692 58.57077115186971 41.59366214460155 25.064783798271737 11.187814893618853 14.859481024613208 30.251517474906912 46.99167587703179 64.0311959353222 81.18179391373779 78.74650996030306 62.44710107017992 46.87194172560373 33.06097848145985 24.24435115997354 26.100952400087685 37.05997513787182 51.6171937074614 67.48287562929609 83.91813396438772 84.09295561937815 69.03816629084604 55.31381669394503 44.17776502117278 37.97944470264949 39.13959900475534 47.1177768284349 59.21966116821421 73.43404072388576 88.75164842189055 91.33222613834121 77.65569369724882 65.71102318945987 56.60539679765447 51.85657043988076 52.65678894664143 58.77985641156047 68.81937365652338 81.33782290020056 95.36392006690143 100.05421403358129 87.70426123132783 77.2782094749356 69.6455196749405 65.7857711955041 66.36060203723828 71.26278021273984 79.69774598042697 90.68500490497132 103.41422553992243
150.37667540415143 149.25023334992954 147.4526042324139 169.16027151596762 22.64780390398726 55.95738406317437 26.323333659517093 57.83033465312047 152.38310077633804 33.40397093809916 64.13938984789122 77.12428896840181 131.33834464367905 73.80745277209793 117.5950756610897 77.91187910756241 97.97783493026388 93.63683568835717 88.6198030669509 0.0 152.47124746818452 145.15080777692572 78.83459031897095 139.98498835879474 32.72104526796767 62.27088286736082 30.983485121102127 56.412234027324885 113.15159939997831 44.619616863047 66.47975679570884 73.12186940841974 121.94456773336795 84.94067494539297 131.34468056386254 78.38458160275276 93.88339362686467 56.66972278550271 88.48801191364014 5.270666976108946 142.71293593239216 125.41416469217941 108.11640439957655 90.82023269631301 73.52677067297753 56.23851808188813 38.962410068720125 21.727435480202587 4.980670496710811 13.275777812037955 143.14336802419996 125.90150973693974 108.67874441921512 91.48585580747493 74.34357488665754 57.29734226699167 40.468712910557734 24.313802834347992 11.97156137511613 17.151925405381192 144.93138906068341 127.92150587550152 111.00192047370818 94.22129050999136 77.66973268338968 61.532379428725676 46.24489825471929 33.00996916759018 25.287073135492932 28.06999509345261 148.02778746635687 131.40346214895786 114.97921607389459 98.85482616029931 83.2048042100244 68.35574953513856 54.9607478842072 44.35724725668687 38.89927021404151 40.71175905075567 152.35276749298856 136.23528090648944 120.44682594668164 105.13574137367738 90.54452200335632 77.08305217673228 65.4521467843921 56.78794081890468 52.57810422903103 53.87711930262351 157.8052869155199 142.27943899529922 127.21266076770864 112.78907516111464 99.28938518214251 87.14402252967122 76.99656768058044 69.72484726420039 66.28219472192497 67.25917385834212 164.27303497708886 149.38877682567278 135.0816994476032 121.55577598118396 109.10192522933636 98.12917899187876 89.18589416329628 82.9312602914308 79.99841509309752 80.75011560054736 171.6411960162294 157.41894923317085 143.87293540683777 131.21275877873933 119.71977760752387 109.76125361896202 101.78856028124997 96.2962085208007 93.72128419160192 94.3030699895909 179.79900855339366 166.23645848075319 153.42781292253844 141.57783876362623 130.94705831949912 121.8549824195261 114.66821008483029 109.76163753455124 107.44809329019914 107.89451068816474 188.6439470570393 175.72270552962135 163.61247294850077 152.50657350159779 142.63979182459613 134.28554299733372 127.74093119205438 123.29446680267023 121.1773377571294 121.51135925267434
3.3620633763687184 57.7218573052139 17.850678545531785 19.926365916810543 153.19530620814186 98.36453281719022 132.23960088487604 120.9444426353728 39.95074304448963 119.1377205968445 152.17778560289833 85.48176463228602 87.15241321504081 125.26902711583563 42.23615532779807 74.95494228396151 54.92798249392962 59.678197346588995 66.71808576893481 152.47124746818452 0.0 62.86580040879702 74.3269307301319 14.240354110115966 145.8354549397726 95.2597911946923 127.43353534111507 112.9407835576607 39.47599735843946 110.24947700751822 148.42728074793453 88.25717229383373 81.9803787313745 73.6935984218817 30.54218532442332 74.08670940185144 58.60572206034563 100.98315003973414 103.41500661908555 153.09229855498168 82.51772735897447 81.748796793551 84.58863454467357 90.69889348362939 99.47875316827789 110.2925031535435 122.6031444878205 136.00480392350286 150.20573626417854 164.9996987456929 68.43232212490001 67.57503071690896 71.05264337321216 78.28960833398688 88.3670679860901 100.43358962049827 113.85852814519404 128.21588913164703 143.22553999402965 158.70251312685792 54.43293075467419 53.424736013296965 57.828717824278534 66.57941507556784 78.23155461676474 91.68551402932714 106.25907277353298 121.55018440532112 137.31934979883786 153.41922971634074 40.608908500416554 39.323568424678705 45.191910529969135 56.00875539282953 69.50078232283062 84.39456715760225 100.06614486022261 116.2012473585237 132.63081311268826 149.25763446019806 27.229025856642203 25.353997877264312 33.80741304012884 47.34730988560523 62.76388244158452 78.96551610435917 95.55370812687909 112.35737692097446 129.29253562685128 146.31353319994358 15.490836854829256 11.985899275956983 25.417918942788674 41.799431721574805 58.71139112677364 75.79957434416035 92.96685732227303 110.17627111541286 127.41074499542499 144.66132251066247 12.030340641510092 6.989981839450626 23.488382874698573 40.66032400028463 57.90969952723235 75.18323074093986 92.46738129600347 109.75713442240077 127.05020284624872 144.3453950207784 21.347374749939924 18.932003314291357 29.323081346271234 44.27163266866886 60.48821230623164 77.17760171303242 94.08853593094823 111.119912663389 128.2237473956783 145.3744675353222 34.24770872308674 32.74660429245772 39.62932154803862 51.64624530175778 66.05221173334206 81.59144066360575 97.72481873988757 114.20081304116651 130.89010540887404 147.72041897308867 47.91976996036508 46.80392858253823 51.80361083578358 61.44366076008657 73.93061467735245 88.06163246476659 103.16331433570392 118.86627243827922 134.9607906316767 151.3219821373182
59.72571750592836 6.9870978423583265 45.018379558706314 60.32541021277724 136.50174942319984 91.30235196360819 134.256328170126 94.68407416167354 24.845568429304567 116.55245323532301 118.62066298409093 68.2187773532177 28.873823592388987 89.72779911714505 42.14675975832407 84.96609733369104 64.13759927881287 64.82339215390178 63.52718044933587 145.15080777692572 62.86580040879702 0.0 75.08374873686203 53.52887164709742 125.61769092246566 83.50353792127432 130.74750960869503 91.11739652409989 59.73064245702396 114.72210919192756 113.96210276143114 72.25022323485003 29.9669795877525 62.86248761212277 39.242840760249074 80.34456755709189 69.96816892886645 88.76066415396011 65.54254458891805 143.57027579572235 136.2213456041649 129.48602682506396 124.802434155648 122.4063081861849 122.43202718716354 124.8780948098243 129.60754657755737 136.3830413939181 144.91788058081005 154.9215624910051 123.5751003307257 116.17319190091409 110.99671973668302 108.36507393983632 108.46364778035318 111.28518639870504 116.63223703401033 124.17898735462362 133.5530578659769 144.3990090304959 111.293976381468 103.07739206229645 97.27393520265535 94.3300499609494 94.51332351621292 97.80617802128275 103.9134194246139 112.37712913981673 122.71067480020214 134.4837179888935 99.51345324452882 90.29333774356901 83.67513647446243 80.30474610161745 80.59068301188034 84.49583593073675 91.55826860630062 101.11858864513668 112.5420079226689 125.32007134721695 88.43401724540145 77.97473988956453 70.27259034059654 66.29559625945684 66.7133228944439 71.4487302744408 79.73623330640686 90.6063186734023 103.24647840191624 117.08483188667434 78.35383169802266 66.38145825343734 57.20466268986374 52.315860336374094 52.91715627038442 58.84047916596708 68.72320514104304 81.13110523536295 95.08067061080013 109.98687187933179 69.70791878612575 55.96628042127725 44.76563100186295 38.3979877855257 39.28811251736245 47.025659767713236 58.97436850163547 73.09751142017653 88.35849016041523 104.25884117335727 63.08887894868539 47.510608088025954 33.660361582387196 24.647369634955833 26.08977855604718 36.77731756666413 51.21695477857917 67.0260595085513 83.42972897419068 100.13619489031906 59.18085487352042 42.209128132725525 25.681910989783255 11.671492905926351 14.546480035560673 29.76053689707801 46.4595756715702 63.482343426806146 80.6240461805527 97.82217978692356 58.52949307889571 41.29514721128468 24.157614072824728 7.78491898117595 11.676177489138611 28.474107349213938 45.65008181014744 62.895140198367095 80.16471083482087 97.44576223338196
72.00447621472824 77.17443763869345 68.65938544858265 90.3696278364332 79.0517213260012 24.091208822502328 61.74760668833626 52.75116308807123 75.88399800204655 46.073695814545395 85.17865523807554 22.004594990556956 73.74403521581183 63.98036767621197 39.633410406358635 12.777522513276123 19.399860226119518 14.820232603778113 11.594143544354997 78.83459031897095 74.3269307301319 75.08374873686203 0.0 61.33557999777802 72.54577404731896 22.770365622413994 57.56928999620128 43.12984651200888 34.86977741950837 40.59185506568628 82.49598214078476 21.641938744155862 63.024361595093076 15.01010533488927 52.90991607714269 7.2027358815962526 16.551433306504205 27.85290462330828 52.04949038918349 79.05655227952657 93.4809474243189 79.32919575740141 66.6802567735328 56.55168930431853 50.48397824089915 49.97871678052117 55.188891809657555 64.74918534942492 77.05713337258338 91.0046602077524 86.75373986610425 71.31756284426433 56.963897089214356 44.746885763185794 36.85633475890129 36.23813530936389 43.20558878229819 54.94497944127576 69.06436159091854 84.37729985247512 81.93078184658359 65.39388445049559 49.38399094551347 34.63969296312477 23.659024159321202 22.766243618488318 32.79581683013122 47.239185887737946 63.136574929377154 79.62176105152069 79.36009101723837 62.15809633689546 45.03273430365908 28.124343586677128 12.358137812086312 10.638691783717846 25.9297759388863 42.78128238256328 59.89020194517016 77.08532791942604 79.26115314074808 62.03230708250683 44.859750857314225 27.847814496131633 11.718263423932518 9.891815979223155 25.633800913899705 42.6033904220237 59.763863678969784 76.98768296585322 81.64295616193307 65.03456690224407 48.90939632381985 33.96284382514244 22.66124506682862 21.73248376594425 32.09020455943421 46.75439190124767 62.77640202162943 79.33783268282389 86.30031434312656 70.76783729716217 56.277323370046716 43.87362813543039 35.7961053188228 35.16439756947982 42.31331170037549 54.24947583019162 68.51498156425953 83.93037328436662 92.89152342758925 78.63696140579573 65.85901895767564 55.58553014679934 49.40439302509003 48.89313902350296 54.212416860793844 63.92288592566864 76.36744498131688 90.42422278026712 101.03874521743634 88.07118024905706 76.83054109488886 68.17643140322065 63.180804462525536 62.72397313642168 66.89898399339742 74.93561110994443 85.75495358881659 98.44375458513753 110.39791858865703 98.62224687807229 88.67739116670857 81.23851798128655 77.03504967625436 76.60147471689241 79.99911220978508 86.7791158927425 96.22918959858602 107.64842721047575
11.238693496818415 49.4334305062384 12.23163817106014 29.352612265414443 139.80147439695548 85.19670470164813 120.73102725553204 106.8194986664115 33.8368968826981 106.81908652044201 137.96064665991 71.41389425032236 75.42620366551574 111.0329551797381 28.01077614938206 63.27197310456812 42.02205227652649 46.539687614417744 53.06680505636419 139.98498835879474 14.240354110115966 53.52887164709742 61.33557999777802 0.0 132.13803799597127 81.64286224748422 116.0457193062505 98.93705301930457 26.952938757022896 98.73509390317544 134.19595479819586 74.27856681528888 69.38918104715876 59.73098932758969 17.131331209130654 61.78967457229072 46.27364907953664 87.42088375801053 89.28675189455768 140.3686076108366 84.89851539914787 81.17723819312799 81.0580761214521 84.55625954669102 91.25673658711496 100.52116461794286 111.7134670432369 124.31401578180655 137.9374203693369 152.30945792279908 71.46819196216413 67.07670981168008 67.00417457111088 71.26377547344502 79.15923100533102 89.73591190587263 102.16445463573487 115.85037578342101 130.39837122973668 145.55017258963997 58.414652778103324 53.024537796853465 53.005959199017006 58.364046855066924 67.83651209023581 79.9745142670702 93.74835275416046 108.5370190665151 123.97788320114749 139.855091752923 46.059630849681305 39.07323692464679 39.12355491631395 46.18759260417741 57.74635337028754 71.6567889330439 86.7954833406053 102.62028508925555 118.85746232524279 135.35869474793347 35.14789615662271 25.38999778785906 25.546822778110524 35.4871681513569 49.646236873404604 65.3365850874138 81.68047899551708 98.35264475233804 115.21065746418341 132.1834302758309 27.45795473533333 12.861438147236182 13.2516805803289 28.009116716013907 44.6332536819481 61.63162486317095 78.76230168244204 95.95444900237622 113.18005802420329 130.4258713573944 26.022883302551207 9.434960170332436 9.97797576042053 26.623580449623976 43.78108701781477 61.02020676616594 78.28704360192063 95.56657505053127 112.85297003917412 130.14349363393626 31.70377305509715 20.38280455011932 20.603400788982285 32.12870109665557 47.31509961501407 63.591632911195944 80.29809965577907 97.21309452738028 114.24403089020636 131.34581587407877 41.68633986290631 33.833898534885094 33.91788287381667 41.89058601744132 54.3868361349113 68.99089086410012 84.61835751869106 100.79433597904668 117.2921064307165 133.99286035257916 53.619447622246035 47.71613985651998 47.72124912750103 53.63308689382827 63.831036159214015 76.62243222682686 90.91917201095255 106.11454816993881 121.87289117147799 138.0014805946906
143.2244959944473 130.73166864226766 137.2383433279338 159.98554915886393 12.431535523220536 48.919218806974584 48.1226795926192 31.35090495999296 137.40547507777399 40.482162862371254 31.71241278113459 61.84654384127489 107.21689657579452 43.719276152482934 106.2332869217941 76.99730539015873 91.48297327515935 86.51035110946677 79.12023669918253 32.72104526796767 145.8354549397726 125.61769092246566 72.54577404731896 132.13803799597127 0.0 50.59206508952373 50.45170700973662 34.97454515531134 106.87755492918345 54.467711490232645 33.785678260804644 58.424757039727744 99.04475232785977 72.68400019021122 120.22774779729461 75.12119517036054 89.08455527612625 44.94849691099822 62.85326603394647 27.970182544223434 154.17109823190842 137.35921474771774 120.68590643742981 104.21770454113653 88.0697431466672 72.45645014138863 57.81264971856238 45.092965739666305 36.375217419541045 34.80869312230013 151.60061222323785 134.4811413560541 117.41516356702053 100.42995266194383 83.57476682069394 66.94788576119787 50.774094457847575 35.67505332208266 23.79331192747807 21.406668513892065 150.2930300281441 133.0121701237124 115.73760534821623 98.47264872649667 81.22342745443076 64.00266519799759 46.84176023830083 29.84414878626412 13.634855925621675 8.936371759925379 150.28133932390605 132.99902102564263 115.72256314091345 98.45505079663327 81.20219095678185 63.97583908283078 46.8052725436365 29.787119209179703 13.51017339075532 8.745883642314826 151.56584014480435 134.44212140937577 117.37067636403651 100.3781793129497 83.5128352124477 66.87092013223028 50.67304830540122 35.53177790305057 23.578978106098617 21.169334597582736 154.11410757055404 137.29553922703394 120.61376332905648 104.13454081513633 87.9717747405126 72.33789867850926 57.664702319532864 44.90403184835348 36.14186123055613 34.56593792381506 157.86491856794666 141.47392579836068 125.32802239034454 109.53564288106081 94.27461628926729 79.85018373168731 66.80645745833212 56.11466853813196 49.328608769832435 48.12971651983529 162.73509199846166 146.86417878514902 131.35508681104798 116.35259185444103 102.08029883989504 88.89063039319288 77.33948482553046 68.26377249854352 62.74698669979997 61.750473890708825 168.6276035284886 153.3384775850906 138.52362436085198 124.35266811294372 111.07233405020057 99.04153916705438 88.76978841452802 80.9296605431647 76.27470316139772 75.39719156270566 175.43939113958774 160.7658197411643 146.66626173004101 133.32295587610338 120.98637733030029 109.99577782339432 100.79242770617716 93.90330415937615 89.86224060704006 89.05778319606583
92.68097260088695 87.23138723084068 87.33248311631488 109.85993894609027 58.330641501428396 9.04236454727476 51.678630006381766 30.568674066596287 90.25890603460303 33.45899602810731 62.751523751502006 15.402373582396908 73.88159952054323 44.1348162769478 56.56005343550821 30.976408122110527 41.021581309514744 36.0022263134745 28.57679424548068 62.27088286736082 95.2597911946923 83.50353792127432 22.770365622413994 81.64286224748422 50.59206508952373 0.0 48.86683059128319 20.684634191381576 56.330118494579835 35.538012068122114 60.33232986375146 11.411200834785122 63.501619498064734 23.028858652178926 70.56358565007655 27.19982999100752 39.16683878066246 5.8699310623774075 39.40275576880638 61.3642510474234 113.58132991834161 98.32231942402866 83.86024033343706 70.68594444385319 59.65875456777381 52.15872576021939 49.80561987442397 53.28572314461287 61.61848937448003 73.16426447526206 108.06460288315104 91.92452891734165 76.29539244125262 61.56754071527179 48.56793698199742 39.06192784203375 35.937879485652715 40.69318650915861 51.17662499369393 64.65961439950684 104.17128024750608 87.33613777763694 70.72663938955743 54.5492923945406 39.340873225887556 26.80474837906663 22.090631254751795 29.261043503024954 42.69815650135266 58.213123042787224 102.08732548425007 84.85125879492897 67.64882477926056 50.51439546633777 33.552318623808006 17.277884741247366 8.366946732638919 20.980933595037133 37.53806910069204 54.55938937974227 101.9238133822448 84.65536379530954 67.40408699942259 50.18769479775087 33.060730693354714 16.3074387574298 6.129163373548332 20.196885118156057 37.107615569796806 54.26554651026073 103.68983187960771 86.76396105775227 70.02214181486958 53.636997054299 38.07185659318831 24.91418830138725 19.765601326855474 27.556358898489552 41.5540435878466 57.38323678626562 107.29011758714368 91.01699784621113 75.20456456003589 60.21683513096173 46.85206510520154 36.91710775562993 33.605620876436596 38.658902376877094 49.582172002679535 63.41120482212161 112.54873236361074 97.13313883546408 82.4692591298562 69.03776706366662 57.70572241450827 49.92384256358725 47.47138350658042 51.12119899368004 59.76557754964355 71.6182523648621 119.2464178476254 104.7865770868933 91.32053666504889 79.35583915243905 69.67031728322301 63.31865542892885 61.34530342812561 64.15555698826147 71.18510971136452 81.34739890709433 127.1558891982327 113.66711038893366 101.34342405331262 90.66119899140331 82.26239843245371 76.89887631916825 75.22272231623533 77.47363755803607 83.33400788682876 92.11750655782613
125.70834781130037 133.67478949400916 124.9270138200134 145.3851458752466 46.652109538964815 40.121997259125955 5.066719073152692 60.570057333364055 133.45095848085435 16.40649841782973 80.24650588286937 64.003501893384 122.7403400639958 78.64723410537437 97.13028946808296 52.78027392347181 75.043151805372 71.50003306613465 68.81713495344007 30.983485121102127 127.43353534111507 130.74750960869503 57.56928999620128 116.0457193062505 50.45170700973662 48.86683059128319 0.0 54.209756426116506 89.17823814281098 17.341502309502197 80.8712400274598 60.144367011115925 112.36434122323196 67.91289630676668 110.04709854258162 54.86046429235373 70.04215144444706 44.98079275746379 85.0173903716923 34.498305412463246 111.72983241078731 94.43075541316817 77.1329584039657 59.837551447923325 42.547449292601485 25.273541623987764 8.119849630474928 9.582567334125624 26.76626276292648 44.04263428502105 112.37438563811097 95.18903746186085 78.05521158749482 61.01632696847177 44.182362489983085 27.92638629324775 14.366553008342933 15.219248898219787 29.25006199058106 45.58749404845116 114.7512375732596 97.97103361775173 81.40952434202069 65.23348987354436 49.819836116452976 36.157077625508336 27.043719721218604 27.460910627971774 37.08841828508166 50.94811332576196 118.75638783186385 102.61223896852634 86.91472476607291 71.9567442022266 58.310226816419686 47.12852561762516 40.507026091787814 40.73384660396916 47.71141599192465 59.094991608002104 124.2323972772976 108.87508426805857 94.19436780893648 80.5609917473972 68.60224025426794 59.339370209950836 54.1733685358063 54.286705304282435 59.649295048181905 69.0487504541854 130.99486293886434 116.49824717639427 102.8723497896692 90.51127214473192 80.0034480364866 72.16303963283352 67.92016018450691 67.9520662612648 72.25309500711847 80.13880112750178 138.85586657574436 125.23346120622425 112.62579227959475 101.41202850849245 92.1027205095512 85.32352480027089 81.70665703501327 81.67333031007368 85.22774856024027 91.9548069748113 147.63993650654373 134.86470375141226 123.19941127125561 112.98836538272052 104.6580892326903 98.68601587010372 95.51551168171835 95.42623000321257 98.42655602396376 104.25007264219464 157.19228855618962 145.21367428323856 134.3996357170249 125.05266182438154 117.52331532812865 112.17819008601558 109.33809165083788 109.19865159742133 111.76997810474737 116.87328937803652 167.3813136748043 156.137589548602 146.08226814110773 137.47636435159308 130.60670710983396 125.75815133350939 123.16960993070896 122.98387086739557 125.21162755906869 129.7286026960403
110.14706654493621 96.01000266397666 103.12809705044722 126.00317087020778 45.39265193650432 24.855406239824823 55.21953707857953 9.981573203763032 102.44738644735904 37.928200365975215 42.09442575824865 27.600766402820188 75.02693480546357 26.11011890218027 72.14510513680683 51.562931880114085 60.25555351122277 55.190013754256285 46.818304418977405 56.412234027324885 112.9407835576607 91.11739652409989 43.12984651200888 98.93705301930457 34.97454515531134 20.684634191381576 54.209756426116506 0.0 75.06293641487665 46.52074236267763 39.65846615619238 24.689150920316152 65.9231611818357 39.25254681643154 86.02430388677205 47.882888316295094 59.15696077534954 17.27660664366546 32.37936132820587 53.84033986451475 133.93520296388772 118.37780938893043 103.376359038099 89.2117489472304 76.35115835972348 65.56646479894316 58.02690686678508 55.08158699506856 57.44161577102644 64.52748181945553 128.6994715701506 112.44786950503567 96.56188669511366 81.25624776228672 66.93028366370564 54.36407982288925 45.054952131674604 41.26923165234358 44.44159632347045 53.34479093009395 124.83094651081802 108.01957996250732 91.39148758292849 75.06855699253086 59.30330846028845 44.68989190951526 32.80549317781944 27.457680631062864 32.099189520739145 43.65205160565056 122.45932518412319 105.28266081715556 88.15499817033412 71.11175307637802 54.23257174721368 37.73824241527262 22.492014859512768 13.649879628232458 21.574530930492717 36.65125162193701 121.67220612026603 104.37029643315071 87.06839505102688 69.76650815274613 52.46465006782989 35.162863329087436 17.861355270735014 0.5853806984676594 16.744280601572736 34.04574568156014 122.50014781224164 105.32992323028233 88.2111777683113 71.18106265559472 54.32299807856433 37.86746891046629 22.707155813044277 13.999903233627219 21.79661207590012 36.78178825756207 124.91102770528984 108.11169053478892 91.4998372778865 75.19981793386181 59.46860362081886 44.907981695148486 33.1005834889289 27.8079168362562 32.39786496572848 43.8710938317404 128.815965926219 112.58057097692571 96.71567574520412 81.43809917886642 67.14991549335565 54.63298814565982 45.37753548697066 41.619504445454375 44.765507525246804 53.61364815018219 134.08443875970084 118.54585847909338 103.56786618825915 89.43256538158681 76.60785269656644 65.86380598817246 58.361093927080724 55.43186926553704 57.7759939509078 64.8238947037058 140.5631385123868 125.79477190954958 111.75573096994138 98.7575425158956 87.26655165565873 77.95216422521796 71.66811573295787 69.2444059404102 71.0770478527185 76.8621867038971
37.24506987521948 58.65878660687647 36.11764410236964 56.29631720433044 113.85545892716179 58.94111590918766 93.8277420024578 83.75593442403185 49.96088177136336 79.91509192754206 115.84595031922574 48.40272277630889 72.05675562628525 90.77757495468596 18.00787874395064 36.40376174106688 15.492698484308427 20.377247289937724 28.244785068366728 113.15159939997831 39.47599735843946 59.73064245702396 34.86977741950837 26.952938757022896 106.87755492918345 56.330118494579835 89.17823814281098 75.06293641487665 0.0 71.84915021155206 112.49649222665361 50.56503864192125 63.14044765342889 36.28207857850287 24.064652596124926 34.85306247968211 19.32710597363809 61.9294975455028 71.845319845379 113.6641009861103 79.54172373455502 70.58008512787758 65.07614479748807 63.929292424891266 67.36243642727347 74.74713945047132 85.0603637046656 97.37602217034042 111.02975959638746 125.58590263221116 68.61028085091237 58.04686580225147 51.28555436614342 49.89668335735294 54.294119384563565 63.28289860326849 75.23496911408172 88.96391046622601 103.76683294241862 119.24443524804907 59.07799374754514 46.45258756138875 37.738359967981594 35.905878502741984 41.86869695964859 53.060822036413654 66.90755757933499 82.07617841464597 97.9545008705773 114.24699905909648 51.724455154063556 36.698480566606854 24.836445460593943 22.037034797350486 30.87270824738694 44.93694091404437 60.69797801564925 77.12244643369687 93.86272042111612 110.7757200740572 47.571125526375674 30.59831608480991 14.429665465178978 8.881828555061212 23.415205452009694 40.2041061220184 57.299055721810056 74.48964195763594 91.72210783754367 108.9765878900523 47.46570745495887 30.434916756583295 14.081488388642798 8.30697634398669 23.204240565048273 40.08217918104635 57.213973634770404 74.42452454488888 91.66948408197052 108.93251192109192 51.433098338074124 36.2885691415763 24.229493892335725 21.353874975677222 30.39110160787278 44.60898581741498 60.456725453912185 76.9336153300947 93.7083676149525 110.64559020787613 58.65251111458031 45.91273958100418 37.07492239852127 35.211187215986776 41.27727169702139 52.5975876975378 66.54251966711442 81.78028634576792 97.7078869125195 114.03663759433027 68.09730124929605 57.44241547238697 50.603572599362614 49.19871777875372 53.656387402452694 62.73917272160475 74.7803549408446 88.58160634551213 103.44081538032903 118.96220154374366 78.972923816379 69.94138673867727 64.38607382464716 63.22997285404136 66.70222239676364 74.15549554213284 84.54337706891442 96.92688860012602 110.63794512336247 125.24129553755
108.47252793484145 117.32769426364031 107.58772360612295 128.08125069906745 54.55514758450434 26.502848410308744 22.007843087352448 54.860898664984795 116.42631815958396 14.075814580723407 80.35609679838058 49.71024889797208 108.70913190941755 72.4979253712975 79.9946593673812 35.46312084764598 57.72306294720489 54.257469272357 52.01440558813279 44.619616863047 110.24947700751822 114.72210919192756 40.59185506568628 98.73509390317544 54.467711490232645 35.538012068122114 17.341502309502197 46.52074236267763 71.84915021155206 0.0 79.93357958515274 46.129953192789614 98.12097850664472 51.9337094053142 92.78355902783113 37.55463142005091 52.70065042913182 33.11311660883365 74.20520611759895 46.82701196757446 100.67349964444595 83.58381616783234 66.60381156559326 49.845698915227395 33.64271512592896 19.43665241674811 14.9146648882891 25.803557811424277 41.32689872416994 57.868075101994975 99.62250611267083 82.32076681902213 65.01912932576474 47.71770436636678 30.416854617430207 13.118855999915192 4.211570227553506 21.496136116132853 38.79618557502358 56.09739535420827 100.55267751881956 83.43891838884979 66.42272170993031 49.60459180950881 33.286120374976036 18.815653123269936 14.099805215244585 25.343498645150266 41.04258826948024 57.66634973658707 103.4105534427556 86.84632995403088 70.63665769980604 55.09536928795238 40.98990051810123 30.39003279980094 27.67031196554318 34.7339625810559 47.39156117382273 62.3232051964788 108.04323304821759 92.28974000695436 77.20205467266075 63.25838768978333 51.39839698865902 43.36671587140912 41.45182879652812 46.41703790993944 56.475958944526475 69.44949029045655 114.23493281845094 99.43526730360908 85.57934058881452 73.20500892727904 63.18877885597723 56.79233099299371 55.28665834611781 59.04709110296971 67.19525273023818 78.37438137684356 121.74794405484262 107.94532976555803 95.29174524992212 84.30616445977698 75.71810997429438 70.41040512292878 69.1426661373769 72.1282300569601 78.8856452161771 88.55562449905186 130.35390620219908 117.52376920674249 105.97269256216772 96.162708905174 88.67356637993635 84.1273792591015 83.00909759566134 85.45340486208488 91.17421947842269 99.60859384730536 139.85108430462157 127.93071473251119 117.35790239849128 108.5272050343393 101.89258414846691 97.90153559402995 96.88131984328913 98.92389546145341 103.84869545430055 111.27368735239301 150.07024997415763 138.98004154572646 129.26127526628395 121.24419959362332 115.28437840462922 111.71156247870637 110.75699435004762 112.48734916574267 116.7833419878117 123.37725692926722
145.39951732726445 120.1323208860169 136.3757554132551 159.15961003148476 44.801531116059344 63.75330293500322 79.56032656038097 29.79005897346518 130.93225066093032 67.43512604786311 4.85474556179768 64.11834526985272 90.08745683706313 24.424984299947106 106.3406042965365 91.20715931673487 98.47575115736998 93.47843042563841 84.64788251541484 66.47975679570884 148.42728074793453 113.96210276143114 82.49598214078476 134.19595479819586 33.785678260804644 60.33232986375146 80.8712400274598 39.65846615619238 112.49649222665361 79.93357958515274 0.0 62.32587536656599 84.48910521447081 76.23296716489801 119.44814278397176 87.5151962238997 98.0738708805058 56.66069540354712 48.71326021944673 61.621737523161656 173.35496250415528 157.52805368855456 142.0454999947747 127.03327176532906 112.67950967097245 99.27025416694372 87.24211439467203 77.24300217641715 70.14604726029263 66.88158346907376 168.34937983964568 152.02797990883215 135.94925305856015 120.21061471054534 104.96515670178513 90.46256742254918 77.12306943593481 65.65941916708069 57.21058086855598 53.23195988538698 164.38149618075485 147.64256548834982 131.04992929104546 114.66711279434853 98.59876019755781 83.02764741432637 68.29473570334922 55.076833438041874 44.73757040334899 39.599858547305075 161.52786074929136 144.4734163713332 127.48567222630057 110.59536858907538 93.85512681371317 77.3624227302677 61.31732559300478 46.188686177851054 33.251847912874666 26.01319654072814 159.84820175677797 142.6016924651649 125.37045373664124 108.16178407143124 90.98848984408986 73.8752456641303 56.87628193734717 40.13706341235446 24.202668427243438 12.620116715751536 159.3796645467657 142.0787065415504 124.77801819824184 107.47772973934495 90.17807131364324 72.87949158203926 55.5829976894653 38.291416303411154 21.01687618031223 3.9873798063029096 160.1328871535844 142.9192732230434 125.72990188196108 108.57628771573377 91.47854797325107 74.47517494293471 57.64972753291838 41.22066162541684 25.952018485099725 15.702994633923169 162.09082754580683 145.0996852548893 128.19169409510155 111.4047202607934 94.80307192001244 78.50441186562699 62.745297889085805 48.059459214896734 35.79329994493882 29.177362971867733 165.21063184691394 148.5609296311372 132.07895907194427 115.83634026352208 99.94983092319667 84.6202360999897 70.21328004032821 57.42760408534425 47.58843776218897 42.779595452746484 169.42808610894815 153.21617888140415 137.2705963166364 121.69607138101311 106.65528116778707 92.40921083893048 79.38685993720486 68.29189446610769 60.19958642189195 56.41715694396184
85.47795994248483 76.14765556390172 78.83722669652401 101.63554413818186 67.36993428105247 20.046065859893396 63.05511257616263 33.20021702518416 80.03391263197061 44.8662156549056 65.45347494583231 4.031853821056367 62.72190468049096 42.502549611153945 47.821568370827165 33.187861406607645 36.163485665752226 31.153993915829165 22.40787383830673 73.12186940841974 88.25717229383373 72.25022323485003 21.641938744155862 74.27856681528888 58.424757039727744 11.411200834785122 60.144367011115925 24.689150920316152 50.56503864192125 46.129953192789614 62.32587536656599 0.0 52.25235754239374 14.564357185260823 61.80532376113481 28.14688256863082 35.938477226028084 16.517379088737744 31.709492385836924 71.91082545339124 115.1168002957735 100.7999029143307 87.56745284082821 75.98810972287174 66.9254995838416 61.50242127863586 60.7022965392762 64.69687349931563 72.7000531593956 83.56797036738926 108.2840014220126 92.95783145002952 78.45759909015268 65.33555116107043 54.59465724481481 47.86566533121965 46.90810377064346 52.04153576672984 61.76548918574383 74.29894230353703 102.93628230924428 86.69939258445427 70.96759476478154 56.16691830901669 43.263775742652435 34.46003836766472 33.19552034142573 40.18829768510081 52.22034416335618 66.61484663211061 99.31391453321702 82.38637795861835 65.65431294913768 49.31707845161567 33.94954385128608 21.718211504817802 19.735799370356265 30.10041071428673 44.95864272978778 61.1165793347071 97.60922935080308 80.3328119129658 63.07038271338991 45.837748327876426 28.688650339716645 11.98714458282301 7.94091320788821 24.106805269297684 41.205964476018316 58.424639039490444 97.92245462706786 80.71137250121993 63.549644994238655 46.49195956065975 29.718015171385183 14.266455225777136 11.073222689885556 25.306401834697393 41.91568780236403 58.924943709037116 100.23467035515914 83.48897737692089 67.0264167926941 51.12125541439147 36.5093955676944 25.518624117021226 23.836429923187026 32.92205353091102 46.88559297311036 62.54092300804414 104.41312735860689 88.43983951909973 73.07404580368053 58.793996571350725 46.60857005346644 38.55762543251431 37.412953138887396 43.72041346065078 54.97205608992075 68.78289216984385 110.24577525452419 95.22552741049056 81.11949266116525 68.49484665855667 58.32166714322482 52.05757013657307 51.15921490154827 55.885962824599595 65.02243707313811 77.01489930849287 117.48642740710649 103.48564664008505 90.6321714881757 79.48455805896462 70.85261070985001 65.7349445321402 64.96742595098348 68.6960184478033 76.26409692768756 86.67165063224506
78.62020646940623 36.61613968616001 65.18602792841365 85.05284009090536 110.58606868482924 72.29790993860273 115.11697288376264 67.70074050863298 51.14120360716345 96.79690006753094 89.21654589478244 48.486815830145865 10.747830957949082 60.53515665387048 46.299989895856456 75.20059593769349 60.03761492884759 58.317405314807345 52.9832957422945 121.94456773336795 81.9803787313745 29.9669795877525 63.024361595093076 69.38918104715876 99.04475232785977 63.501619498064734 112.36434122323196 65.9231611818357 63.14044765342889 98.12097850664472 84.48910521447081 52.25235754239374 0.0 48.25689473052864 52.31201020247814 69.75812696911457 64.84696164825573 67.7846646994005 36.860069627777314 119.67590091811417 142.6057103871809 132.56284555640465 124.12928559124092 117.65161789999537 113.4653206149074 111.82802379211454 112.85072868053571 116.46338118713106 122.43693677228839 130.44746049191616 131.6946590056435 120.80440909282407 111.54637513813523 104.35587603094214 99.68134441393747 97.88390313455223 99.12019505833932 103.28133495798492 110.03600201463318 118.9431621982393 121.4435203475528 109.59302547459407 99.35498375908726 91.27361793211487 85.95936732636052 83.93945020240263 85.44781294998168 90.30783545197653 98.02224501738797 107.98099305026531 112.03375377608401 99.11469577343924 87.71871732966676 78.51186751547749 72.33493506627451 69.99472723717173 71.86703257223432 77.64771999342084 86.55724111312324 97.74371119006543 103.69481498093438 89.62706962465599 76.89022515491628 66.25632044466379 58.876068425219515 56.04980845239258 58.44201213109973 65.4832398122953 75.89030748762416 88.48345045522323 96.70425194424328 81.47713134579759 67.26097240633023 54.847595885254364 45.72946564865436 42.104799862746006 45.31168947777958 54.14969181845693 66.40733343175258 80.53808808042113 91.37217886955382 75.1017765581239 59.41707093697514 44.93561506289736 33.267707905688816 28.15991802929768 32.83186384365716 44.289855377753504 58.68527073452587 74.33061562235237 88.00066570093571 70.98089618997673 54.14028717043475 37.719575510916435 22.651151613693376 14.216032252868057 22.13208276441356 37.09818341715012 53.492372812308815 70.32286467566182 86.81847304470318 69.51664471155534 52.214884139853815 34.913292070093775 17.612365095361845 0.407981593277154 16.995619946208805 34.296491794043234 51.59807365638089 68.89983065557438 87.91398249507117 70.87389216141781 54.00056986890005 37.519690648196885 22.318277501478928 13.681977892988781 21.794499572891088 36.89873423758547 53.35490276596875 70.21885355165591
70.92217940532701 65.81648905861012 64.59864659308812 87.30334736206933 81.1339370808299 29.22145731740072 71.53587753394247 47.568599702798764 67.4432292716339 54.21680913735244 79.56439732151476 12.121017137706836 59.000880035007114 55.058571526222394 33.662097577339495 27.675796204795585 22.66238880474479 17.946444339659102 8.892334929803216 84.94067494539297 73.6935984218817 62.86248761212277 15.01010533488927 59.73098932758969 72.68400019021122 23.028858652178926 67.91289630676668 39.25254681643154 36.28207857850287 51.9337094053142 76.23296716489801 14.564357185260823 48.25689473052864 0.0 47.68404838225471 22.089475294223625 23.821389086493223 28.882867677214477 39.2346218500089 84.26689680205592 105.32276876988517 92.15219615278562 80.55968278448134 71.31894086015517 65.43404130337713 63.8398762383535 66.84414286954053 73.88804148656543 83.96094040804714 96.11519106831827 97.3204796699181 82.93274797451001 69.87923158406754 59.051458271171576 51.862740366161006 49.911064403431716 53.76975226614671 62.36954036128148 74.07721828003342 87.6562055319573 90.81907745805043 75.23475968661354 60.589937925807945 47.756877711050564 38.5876332230143 35.99998312554678 41.25165948877129 52.0202586916117 65.64466845274802 80.69104632029597 86.1590987257017 69.56529169860397 53.422659691234095 38.305907787084244 26.065606032959757 22.14046765365301 29.994933598324632 43.679549205460674 59.28592783766009 75.63366118250518 83.64893263532551 66.44572719399127 49.311648590503005 32.35669952514776 16.15508015098187 8.586647674595676 22.02697698210497 38.669861710781795 55.71572477826281 72.88236455736877 83.4827636800128 66.23737384864764 49.03183642986879 31.93063888519275 15.288029374684907 6.826083160996318 21.405149079034132 38.32073628578913 55.475135677952146 72.69949074167579 85.67423411827504 68.9666245415587 52.64435253342576 37.21789960239225 24.4464290262052 20.218688820929 28.612488660201283 42.746523615413544 58.60518491769418 75.10380657064391 90.05135377513285 74.31047168840334 59.443704746784285 46.30086188458245 36.778982236152366 34.06354654587787 39.58111693893661 50.71205358547696 64.61786042105425 79.86195175213015 96.31654385797893 81.75776077703699 68.48714189722044 57.405122549232765 49.989097975030816 47.97055419455772 51.982117646760415 60.84249643332025 72.80233870702885 86.58668489893071 104.12948010375668 90.7922596255666 79.00768944185674 69.56932065302759 63.531571393477726 61.89770233128424 65.00065650949084 72.23254074147751 82.51478255210834 94.86060056381193
27.226976781394555 36.58838012807297 17.121577167765405 40.03489423845591 128.81192883463214 75.50873477425104 114.42040726558321 93.16774159078969 25.90070286572405 98.9519844850405 123.41560798749835 58.49279237777094 58.70089588908937 95.78544057909112 14.02195646284835 58.12297239004576 35.226343770609056 38.550698048699616 42.74019597302547 131.34468056386254 30.54218532442332 39.242840760249074 52.90991607714269 17.131331209130654 120.22774779729461 70.56358565007655 110.04709854258162 86.02430388677205 24.064652596124926 92.78355902783113 119.44814278397176 61.80532376113481 52.31201020247814 47.68404838225471 0.0 55.24988702931364 40.722886268242796 76.43318566594219 73.2752827809776 131.16017860865273 96.9884533429322 90.78524265891939 87.61185218000293 87.79743251017483 91.32150800074939 97.82393698187671 106.76190155778862 117.58129424214547 129.81253421764734 143.0940371789367 84.36172147401452 77.21767384614566 73.53179956263524 73.82390688884611 78.04934463811303 85.62779021480509 95.76650773577852 107.74514763306225 121.01858105319688 135.20600714500443 72.31850176105841 63.908227265398146 59.47481644462319 59.90778358280617 65.11012010621094 74.08379991829624 85.65154723564872 98.90734118614228 113.2600247213263 128.3421237218545 61.20444321403304 51.05941759462634 45.46260068353208 46.101363066794406 52.749663242669506 63.54857943055623 76.76601202859246 91.35821220574611 106.76295683134003 122.6745232079423 51.62340244177904 39.127970085254915 31.55517933729189 32.54488561569779 41.48877864170377 54.60931114107086 69.58264086715342 85.44015386999993 101.76937070177675 118.37524516986223 44.575290331591574 29.258820885311454 17.997581086900322 19.76004767948481 32.49181862478204 48.16315297736428 64.67126537964633 81.50931272419824 98.50825239332829 115.59712692023132 41.375548343387464 24.131212408035108 7.169964799985153 10.918559867048549 28.03096636389099 45.287622728537755 62.56928991843104 79.8597325363385 97.15426543409465 114.45103439761417 42.89426616756122 26.640427587527608 13.34989299698453 15.666520130875439 30.188955132406385 46.64782009861084 63.55610259370161 80.63157063347039 97.78668180122723 114.98579495530291 48.691897635826635 35.18902802783097 26.539496198851385 27.73323620191443 37.85010288979948 51.911834431843516 67.49634942812466 83.7579022232635 100.3679508117798 117.1783908490271 57.48805895531192 46.56150572167203 40.37049086368843 41.11307669110213 48.47163544140584 60.06179846285572 73.9191832449254 88.9908843266226 104.75406989381008 120.93865655616762
72.0147418277454 81.99500624809862 70.13800871208194 91.10355703766767 80.65093108640718 26.21222068791477 59.34123180158376 57.73146858162433 79.32101482807312 45.07886691253296 89.94499946710552 28.919489428667955 80.44238590256944 70.0022150214163 42.74178292946198 5.591650629505751 20.191843572219593 16.826922075353487 17.190234995466078 78.38458160275276 74.08670940185144 80.34456755709189 7.2027358815962526 61.78967457229072 75.12119517036054 27.19982999100752 54.86046429235373 47.882888316295094 34.85306247968211 37.55463142005091 87.5151962238997 28.14688256863082 69.75812696911457 22.089475294223625 55.24988702931364 0.0 15.529422189509 31.520619984832074 59.06776835640487 79.086018394225 87.17105867518055 72.6567372270814 59.64825117731957 49.35109606473339 43.72472878612833 44.57440456640912 51.58107780835985 62.71397008343378 76.18517513004807 90.96166327422127 81.01868969781749 65.18413737818283 50.325190980233145 37.61631726791303 29.93424792096886 31.238445361440814 40.673469667758766 54.1436164031265 69.33570981630909 85.33498409388321 76.99721043341081 60.13669691469095 43.62323549642709 28.076030571446445 16.50008388578626 18.84023624985049 32.19268074864968 48.129983832670185 64.77140149619872 81.68773480706128 75.44819111479138 58.14948114007515 40.853498836620716 23.566250730571458 6.359369132785882 11.145787276207749 28.402978157484018 45.69401884701106 62.991040192522966 80.29017702464579 76.52195001761132 59.52977951417727 42.786601561428775 26.763869432901675 14.164354928832736 16.842387116028647 31.071142023901288 47.3907009787189 64.22658344884199 81.25849071588982 80.11308233749865 64.0602643635248 48.867566731328985 35.65207967879587 27.437430490299818 28.8663211670507 38.88992803861061 52.823277134928524 68.31457246408591 84.51137860557661 85.90641940945036 71.141567433163 57.80171107060865 47.113251356909984 41.19447255548756 42.107198313927384 49.474773325242055 61.001604128724566 74.78866011520132 89.8008748402922 93.49340035341659 80.09991512206244 68.48120765590915 59.68294654459678 55.073871494794034 55.70374710581045 61.41158253004157 70.98278948432672 83.09289526693101 96.79359994941859 102.47631715105723 90.37875557565418 80.21180565773184 72.7889998533463 69.00169315309002 69.44724070850246 74.04927583528999 82.11188517480764 92.73682411764537 105.15020605165192 112.52122809370735 101.57788507963465 92.59474457612929 86.18692899677647 82.95340112352663 83.26479933018304 87.08310328923233 93.98184383543304 103.34595823618986 114.57254128724192
56.49675700541549 70.60860489965326 54.901589847422194 75.60351301128559 95.37351879376202 40.437877548539234 74.62849121930597 68.52468289299247 65.705002036957 60.60448667293897 100.98473349613744 34.94941739876115 75.07631415728586 78.22543258337174 29.42769517088511 17.465772027806164 5.9025178220362715 6.718414270159804 15.033458738026233 93.88339362686467 58.60572206034563 69.96816892886645 16.551433306504205 46.27364907953664 89.08455527612625 39.16683878066246 70.04215144444706 59.15696077534954 19.32710597363809 52.70065042913182 98.0738708805058 35.938477226028084 64.84696164825573 23.821389086493223 40.722886268242796 15.529422189509 0.0 44.383599253078785 62.95160432133107 94.49709524589218 81.8124551370574 69.37287450654703 59.41896858925453 53.36039869089935 52.561874758364034 57.243946555147424 66.25472334609752 78.11022675261471 91.7138315087415 106.39711680947529 73.50943315147728 59.40416229328379 47.46344570189857 39.69142606070921 38.687806506979655 44.90868386702978 55.99589132908056 69.66344988191797 84.67088695463643 100.4192630438857 67.19134345531221 51.41946281711355 37.039930080751134 26.432223276243867 24.98157675636634 33.885198392749956 47.65548138415985 63.186975594043965 79.45346818337555 96.0823816879194 63.45399993074332 46.453507161964495 29.802007514889382 14.734452145564394 12.031691983553067 25.90622025285295 42.38178839353296 59.32969602918909 76.43639694691547 93.61488038422883 62.760211426012475 45.505636474935336 28.308925994948837 11.434209996091017 7.6681518458501285 24.198625466674958 41.364960092700045 58.61109024504434 75.88262912684024 93.16544656649707 65.2072080116749 48.81051393863333 33.34163430846736 20.96604156526209 19.136280532907428 29.8585260773898 44.8951883785817 61.14193579466404 77.84476025397528 94.76280440315968 70.46852601497082 55.61505045497648 42.64930335962189 33.8171684006917 32.66415836788219 39.8622900344279 52.055409453151526 66.55251837057266 82.14267046483305 98.30720971579676 77.97649330718829 64.82634884109551 54.067371606008024 47.35830458918627 46.48699310212674 51.7491566572406 61.59231343832216 74.21559207746688 88.43640829846618 103.59896568218358 87.1523099980619 75.56927571092328 66.51767864163804 61.132508204880594 60.40249493387183 64.48592928955554 72.57482074131607 83.51329224699509 96.33551372641665 110.38699322941882 97.52623466123174 87.27996381761147 79.51669199189499 75.01135321758838 74.35851331749821 77.65539568583802 84.44062434875205 93.96150374671781 105.47983653990127 118.41416397633431
98.43216154194376 92.6506274861448 93.1940669673436 115.7031198275553 52.48309303298199 7.868970277397716 47.41291671256583 27.236280887191423 96.01878368242875 29.053114142631163 58.75941214387295 20.54581181604664 77.98490058069024 42.4346818203392 62.429984223563 34.694632940498686 46.543434328753655 41.56235947983584 34.35970555302233 56.66972278550271 100.98315003973414 88.76066415396011 27.85290462330828 87.42088375801053 44.94849691099822 5.8699310623774075 44.98079275746379 17.27660664366546 61.9294975455028 33.11311660883365 56.66069540354712 16.517379088737744 67.7846646994005 28.882867677214477 76.43318566594219 31.520619984832074 44.383599253078785 0.0 41.09414293113133 55.63050198089292 116.73662276132518 101.10947561547785 86.12500188613107 72.18454658694941 60.020034219425085 50.920557491725376 46.71300427901012 48.68274117438837 56.18377642783882 67.39382097054926 111.78112878437888 95.37240347822383 79.34405001942271 63.98257213703315 49.907606000338994 38.5548579534598 32.87694241716573 35.69338803443584 45.45163244402777 58.791089205855194 108.43672970967486 91.44819753544787 74.60384151632978 58.02934912363006 42.04508775915834 27.692694052964523 19.096938430973314 23.68992750639606 36.829935207294156 52.44413640978332 106.85485683543261 89.57549347502422 72.30692300589901 55.05930147745831 37.86126945983594 20.835984554545313 5.78915027679862 15.2185331363204 32.068781112459156 49.23335428933043 107.11364929202088 89.88263904486723 72.68532833683427 55.55302265364156 38.572437222007856 22.096169742944095 9.346750138378681 16.88774631998865 32.88986819926921 49.76950975584352 109.20001769013174 92.34788223561914 75.69894255375685 59.42423339560696 43.941554207313914 30.482649463155717 22.939806256773558 26.869844893088228 38.941667641867745 53.940981206605194 113.01276019086173 96.80645766715423 81.0543246148977 66.08194794559269 52.55997681435651 41.916410798239276 36.74407215854244 39.267992010141846 48.296279021716494 61.00649925413966 118.38514283726113 102.99977373268361 88.32647285348841 74.78555541151093 63.11017242621694 54.51247108059891 50.58681861188356 52.394121861076954 59.41349062507188 70.0962395935816 125.11634707231077 110.63680690111458 97.08552426031446 84.90811647988247 74.77881191555778 67.62430349547577 64.4431173951332 65.81396189754074 71.47540154736099 80.52752148528698 133.00013264731237 119.44084649651735 106.96672315041943 96.0017053715312 87.11749841780016 81.00168609986133 78.30562748539782 79.37854222198327 84.07626394640886 91.84425337140648
100.20223640167583 71.5436977043294 89.65744014252753 112.04456280853258 74.77299421025555 48.08122946337091 86.65936190063645 31.660751662419212 82.38514543706755 68.6303319699137 53.26130133215768 30.180553934516166 44.39662799068058 24.30701302242218 61.402656886680994 64.40571112437739 60.925264860965314 56.71139819533843 47.91818798007003 88.48801191364014 103.41500661908555 65.54254458891805 52.04949038918349 89.28675189455768 62.85326603394647 39.40275576880638 85.0173903716923 32.37936132820587 71.845319845379 74.20520611759895 48.71326021944673 31.709492385836924 36.860069627777314 39.2346218500089 73.2752827809776 59.06776835640487 62.95160432133107 41.09414293113133 0.0 85.56148652780114 144.5493573585039 131.12620860178922 118.71109894363867 107.65335110561553 98.41158244221536 91.53748782131827 87.59029831160673 86.96945213161973 89.74401046282165 95.61885686290091 136.43394401361343 122.16478935013237 108.77930807220383 96.64536927873814 86.29255108451395 78.4293871843052 73.85540337479675 73.18988914801137 76.53487160545605 83.40923631121986 129.34039539050454 114.22605333201908 99.82455137241108 86.49270068032688 74.80461150925123 65.64426062682847 60.17727496134263 59.43177861007443 63.574087600292486 71.76272944951876 123.44510570056042 107.53685887012047 92.13230394934988 77.53225372590789 64.28719021941643 53.414780788364496 46.606204619450516 45.714782439146596 51.05142387791395 61.00293393346253 118.92649474089997 102.34261725739279 86.04196769677192 70.22206096108762 55.2970544304335 42.22676111663463 33.27376177771855 32.09199018496761 39.38727190324427 51.686819254615536 115.94569702017805 98.87928384909277 81.91173891213926 65.1203904230069 48.68787945936106 33.15216499494732 20.647870632884576 18.770060194895347 29.61431812479027 44.72597228113792 114.62279297059933 97.3318571489121 80.04567257532493 62.76816481564124 45.509217362196566 28.302804628273872 11.389564040986132 7.55705779869406 24.149733133380874 41.328242553552826 115.01502316302124 97.79135231536874 80.60120797498321 63.47183604780936 46.47048870456168 29.816971249918797 14.74144950535363 12.011744146690697 25.883716238184064 42.35994145505785 117.10514942447774 100.23016513536349 83.53003517436117 67.1353732492675 51.33966009232663 36.919830003858046 26.25067215725602 24.77564372516747 33.72355330302446 47.53350781132752 120.80504593945683 104.50978774130866 88.5970594225691 73.31636064635158 59.15948896164354 47.14984756907436 39.30747655683364 38.28516549118111 44.55487264099976 55.706606891245016
150.90816092717586 147.86264659538676 147.4763705080263 169.41685569432985 17.447290558862292 55.6523187223454 30.122672082665904 54.481458379108226 151.62266027929388 34.62856993599957 59.1550744357471 75.87032910583443 128.86697605881625 69.91982116450492 117.30632761571883 78.9824969182942 98.35350833880278 93.87572794451218 88.430418974965 5.270666976108946 153.09229855498168 143.57027579572235 79.05655227952657 140.3686076108366 27.970182544223434 61.3642510474234 34.498305412463246 53.84033986451475 113.6641009861103 46.82701196757446 61.621737523161656 71.91082545339124 119.67590091811417 84.26689680205592 131.16017860865273 79.086018394225 94.49709524589218 55.63050198089292 85.56148652780114 0.0 146.0196305733771 128.7387775665003 111.46446323733585 94.20028481489585 76.9530644781898 59.73749228855705 42.591961873513974 25.657276287969516 10.061302886544567 11.953124445471472 146.02893142281877 128.74927840830256 111.4765353557731 94.21450283956337 76.97038730449427 59.75970100684724 42.62295828755453 25.708454797458653 10.19049013057683 12.06154618070206 147.37321606526237 130.2650516954768 113.21578544905282 96.25671902972653 79.44563766415077 62.90130548244004 46.90682915110402 32.28991348311847 21.99404252583577 22.88118883855232 150.01658191484051 133.23471097331648 116.60492851100021 100.20298540656472 84.16219461459366 68.73586768998553 54.44879979185999 42.46683267542679 35.22640690288333 35.73619168603162 153.89206486098095 137.56409043267115 121.50593625564598 105.84048532590512 90.77128589456689 76.65080934004757 64.10904010263246 54.25213078157932 48.73726076624487 49.05150049601757 158.9094906740282 143.1297981892134 127.74485052190549 112.9161163988091 98.89411839701019 86.07403074221814 75.07413460772824 66.79975606625928 62.34568099449177 62.53363312387591 164.96462681177476 149.7940125262266 135.13641186579517 121.1781290913011 108.19017360192659 96.56486884280154 86.85113506778704 79.75055465835261 75.99913033851222 76.09382494270152 171.94779751735547 157.41719113514006 143.50252079441168 130.40110927867008 118.38327393062656 107.81198547371311 99.15101259080173 92.93598229543835 89.6768907498194 89.69652772556046 179.75078119491985 165.86706442047026 152.68295329546822 140.39567958106426 129.2612506334473 119.60207539776223 111.80117807362693 106.26858356940498 103.36915277616507 103.32479419000514 188.27156842572836 175.02382656017443 162.53966556593863 151.0085843117196 140.66516564799997 131.78934614424452 124.6949130015716 119.699028993583 117.07066412446946 116.96952551196154
84.16487745182955 133.30123278410179 96.48573018673761 99.93837967998513 155.22802894756794 109.63312453417662 116.47799299997455 143.9166340307864 118.7343673781185 114.63381336832634 175.2004174866509 115.26359805175557 151.58840188385116 157.15682717328636 97.12187416071941 82.7056749402593 84.82412063303327 88.33854970865046 96.76638570362041 142.71293593239216 82.51772735897447 136.2213456041649 93.4809474243189 84.89851539914787 154.17109823190842 113.58132991834161 111.72983241078731 133.93520296388772 79.54172373455502 100.67349964444595 173.35496250415528 115.1168002957735 142.6057103871809 105.32276876988517 96.9884533429322 87.17105867518055 81.8124551370574 116.73662276132518 144.5493573585039 146.0196305733771 0.0 17.301930585891526 34.60386117178588 51.90579175767881 69.20772234357318 86.50965292946472 103.81158351535905 121.11351410125201 138.4154446871464 155.7173752730379 14.273158122067928 22.408696249837586 37.40707011768865 53.806511913383886 70.6378450696884 87.65262226642709 104.76149973408344 121.92487057658218 139.12256792443495 156.34326448173894 28.546265673844395 33.32454629578916 44.77578681727379 59.143269961539225 74.76423794618766 90.9954161857329 107.56091230116948 124.32716332434735 141.22268522556516 158.2060672066715 42.81927208470929 46.09203098851991 54.901413176263894 67.10111479027503 81.17671237833649 96.3092012631054 112.07127398225848 128.2309761503434 144.6551092252998 161.2628989977158 57.09212678338561 59.531378942721375 66.53688297022902 76.87018986724787 89.38452306236499 103.29016126255169 118.09665296475117 133.50460308943212 149.32794857896513 165.44754752783285 71.36477919761118 73.27369589248786 79.01788325789705 87.84819750085569 98.94177226103011 111.62585433518223 125.41880631391945 139.99325398315926 155.12908787799913 170.67702016178032 85.63717875381 87.1756715229221 92.00079660311631 99.63620323462439 109.49555681927438 121.03659975118865 133.82495112110578 147.5366196973306 161.937235697675 176.8585875835554 99.90927487676399 101.17135464497507 105.29998731114185 111.9785523529857 120.78480690065687 131.29130778391456 143.12410681130984 155.98165574589768 169.63109512657363 183.89617848724092 114.18101698928432 115.2264421594825 118.80913609608828 124.71061775837812 132.6216990433975 142.20738885534763 153.15357437457604 165.19002013158308 178.09581035141815 191.69544095224427 128.4523545118838 129.3213997815609 132.4638592253841 137.72420287389303 144.87191104360804 153.64380122803752 163.77911098268245 175.04116436508846 187.22674418142086 200.16725689836332
82.75214191995595 127.36321179359462 93.2980393450253 100.6886196598609 138.12981505783696 93.79081916513313 99.17607695065826 128.3456585225808 114.4721810243564 97.59021070698363 159.18889016472616 101.31838643240354 142.0926463540509 142.2712034391972 88.57417980202425 67.82546201701477 73.16049237712824 76.0667055838567 83.95169241069225 125.41416469217941 81.748796793551 129.48602682506396 79.32919575740141 81.17723819312799 137.35921474771774 98.32231942402866 94.43075541316817 118.37780938893043 70.58008512787758 83.58381616783234 157.52805368855456 100.7999029143307 132.56284555640465 92.15219615278562 90.78524265891939 72.6567372270814 69.37287450654703 101.10947561547785 131.12620860178922 128.7387775665003 17.301930585891526 0.0 17.301930585894358 34.603861171787294 51.905791757681655 69.20772234357318 86.50965292946755 103.81158351536045 121.11351410125484 138.4154446871464 22.408696249837586 14.207970976844209 22.36729358692858 37.382319577436505 53.78933372916444 70.62478064038352 87.64211013773217 104.75271791069079 121.91733659048562 139.1159754459505 33.32454629578916 28.41589145188692 33.21310015797055 44.693028439595786 59.08073454154051 74.71485281147861 90.95490586570992 107.5266953135818 124.29760714740988 141.1967057456475 46.09203098851991 42.623710923003614 45.910683032947325 54.749480104682306 66.97704829501926 81.07434302022625 96.22306306231295 111.99737186592345 128.16649099984352 144.59803662487263 59.531378942721375 56.83137888742419 59.281733258792286 66.31394947173088 76.67759526240974 89.21919670112588 103.14734232407135 117.97195056614484 133.39447415491765 149.22964876983932 73.27369589248786 71.03884484141027 72.9567627867381 78.72451834995566 87.58481110058176 98.70834450154607 111.41931701935894 125.23529824831508 139.82912586542542 154.98121738761475 87.1756715229221 85.24605827993223 86.7920565335801 91.63792654008742 99.30174198711823 109.19175893876681 120.76225550741341 133.57725242730115 147.3123221300989 161.73322481754803 101.17135464497507 99.45296869634662 100.72143736281777 104.8684313143103 111.57344131909122 120.40989456069457 130.94700296815208 142.808814297948 155.69284592137058 169.36597082716054 115.2264421594825 113.65952558207304 114.71047309544922 118.30954153956465 124.23547279089719 132.17567052112574 141.79214771073427 152.7686765082055 164.83377683176522 177.76594031953786 129.3213997815609 127.86567842627224 128.73955194272122 131.89672469887176 137.17963760847053 144.3550941172161 153.15732647930244 163.3235235427169 174.61561573755264 186.82956511819145
84.91635495314196 123.58073078044157 93.26426620151896 104.34261407281471 121.08947840785517 78.56665302377961 81.87416704459207 113.27804256253596 112.73225632022275 80.65667522511453 143.47722166103344 88.5653846210403 134.16495997869842 127.99456002336018 82.80576100259978 54.3972828059278 64.097432987993 66.08543946238065 73.01188644650057 108.11640439957655 84.58863454467357 124.802434155648 66.6802567735328 81.0580761214521 120.68590643742981 83.86024033343706 77.1329584039657 103.376359038099 65.07614479748807 66.60381156559326 142.0454999947747 87.56745284082821 124.12928559124092 80.55968278448134 87.61185218000293 59.64825117731957 59.41896858925453 86.12500188613107 118.71109894363867 111.46446323733585 34.60386117178588 17.301930585894358 0.0 17.30193058589294 34.603861171787294 51.90579175767881 69.20772234357318 86.50965292946613 103.81158351536045 121.11351410125201 37.40707011768865 22.36729358692858 14.142679045357772 22.32593871086207 37.35762744908348 53.77220228408961 70.61175375868221 87.63162910611061 104.7439625524921 121.90982562150107 44.77578681727379 33.21310015797055 28.285307659750636 33.101614870394776 44.610367124195996 59.01832319843222 74.66558619315674 90.91450225411432 107.4925734582983 124.268136089515 54.901413176263894 45.910683032947325 42.427835411896304 45.72916325868473 54.59758493127564 66.85312963224918 80.9721579069341 96.13711314358697 111.92365006478563 128.1021745191834 66.53688297022902 59.281733258792286 56.57021186987815 59.031785623947705 66.09094058166346 76.48510318955854 89.05407044356677 103.00476583438706 117.8475030519945 133.28459789126939 79.01788325789705 72.9567627867381 70.71238660082815 72.63940405889038 78.43094699154645 87.32143431284678 98.47507986826085 111.21303358559587 125.05209051654312 139.66531732684285 92.00079660311631 86.7920565335801 84.85430917060957 86.40789719813726 91.27471619995745 98.96717204233026 108.88804650517929 120.48813387897007 133.3298629073621 147.08838323387104 105.29998731114185 100.72143736281777 98.99592914349992 100.27086045082548 104.43640337546883 111.16809195962593 120.03496330103546 130.60285442225617 142.49380398588204 155.40440208216705 118.80913609608828 114.71047309544922 113.13719608187365 114.19373152052135 117.80934674961343 123.75995606704565 131.7295029601542 141.37697073266273 152.38400321007532 164.47787599089247 132.4638592253841 128.73955194272122 127.27805954588565 128.15682043198623 131.32886498651982 136.6345670295528 143.83800960886012 152.67080624571634 162.86807888513323 174.19035887718672
90.40098248870707 122.15419177413295 96.38772610201131 110.61296795728573 104.13543532620454 64.40050945772748 64.57226821996889 98.94401521560333 113.63051595698926 63.92074205625272 128.17572874572127 77.59466996989684 128.09680949133403 114.55481016032753 80.41694239185824 43.77832687506191 58.84896986124499 59.55773834289675 64.90208096831587 90.82023269631301 90.69889348362939 122.4063081861849 56.55168930431853 84.55625954669102 104.21770454113653 70.68594444385319 59.837551447923325 89.2117489472304 63.929292424891266 49.845698915227395 127.03327176532906 75.98810972287174 117.65161789999537 71.31894086015517 87.79743251017483 49.35109606473339 53.36039869089935 72.18454658694941 107.65335110561553 94.20028481489585 51.90579175767881 34.603861171787294 17.30193058589294 0.0 17.301930585894358 34.60386117178588 51.90579175768023 69.20772234357318 86.50965292946755 103.81158351535905 53.806511913383886 37.382319577436505 22.32593871086207 14.077282809149589 22.284633111075745 37.33299457768667 53.755118128485634 70.59876482977717 87.6211794919814 104.73523392444575 59.143269961539225 44.693028439595786 33.101614870394776 28.15451526051742 32.99009334170501 44.52780585696473 58.9560381703524 74.61643978080359 90.87420668600227 107.45854783303132 67.10111479027503 54.749480104682306 45.72916325868473 42.231646996009964 45.54747499837952 54.445732472907146 66.72936329135099 80.87016075705712 96.05135455130669 111.85011111233615 76.87018986724787 66.31394947173088 59.031785623947705 56.30862765691056 58.78153960680257 65.86786214636372 76.2927201247144 88.88915028958837 102.86243701635752 117.72331490759555 87.84819750085569 78.72451834995566 72.63940405889038 70.38540688356808 72.32162352930075 78.13717556457814 87.05807502950596 98.24198642871605 111.00701155135837 124.86918985687117 99.63620323462439 91.63792654008742 86.40789719813726 84.46193431508496 86.02319763184191 90.91117228259318 98.6325022135823 108.58442923205767 120.21424450247629 133.0827916033478 111.9785523529857 104.8684313143103 100.27086045082548 98.5381595890061 99.81962835737642 104.00391043647421 110.76251368043131 119.66002405528081 130.25887357651285 142.1790870736468 124.71061775837812 118.30954153956465 114.19373152052135 112.61403234100696 113.67622224583015 117.30855889652355 123.28407739231154 131.2832081702865 140.96187078836718 151.9995675746296 137.72420287389303 131.89672469887176 128.15682043198623 126.68950220458268 127.57321044563562 130.7602874987125 136.08900123898195 143.32066995633807 152.18425450980476 162.41279170096365
98.6537778354603 123.16548364669548 102.37985800148414 119.08711447789278 87.3179657142766 52.16164983008925 47.270392644867975 85.71241288558511 117.10626735216825 47.591335827323725 113.45049874048631 69.2584420386381 124.16113923597476 102.28238721715012 81.704694069745 38.37611079603944 58.4518490657678 57.66853874746515 60.76611155439044 73.52677067297753 99.47875316827789 122.43202718716354 50.48397824089915 91.25673658711496 88.0697431466672 59.65875456777381 42.547449292601485 76.35115835972348 67.36243642727347 33.64271512592896 112.67950967097245 66.9254995838416 113.4653206149074 65.43404130337713 91.32150800074939 43.72472878612833 52.561874758364034 60.020034219425085 98.41158244221536 76.9530644781898 69.20772234357318 51.905791757681655 34.603861171787294 17.301930585894358 0.0 17.301930585891526 34.60386117178588 51.90579175767881 69.20772234357318 86.50965292946472 70.6378450696884 53.78933372916444 37.35762744908348 22.284633111075745 14.01178275052985 22.2433782840141 37.30842180802645 53.73808181168163 70.58581425790776 87.610761614905 74.76423794618766 59.08073454154051 44.610367124195996 32.99009334170501 28.023515218807418 32.878538509794545 44.44534763782584 58.89388169840732 74.56741526337018 90.83402049468404 81.17671237833649 66.97704829501926 54.59758493127564 45.54747499837952 42.035147122274246 45.365621619723186 54.29392758643591 66.60575378273762 80.76835529731473 95.96579033166796 89.38452306236499 76.67759526240974 66.09094058166346 58.78153960680257 56.04662817775995 58.53099880974778 65.64472007111259 76.10045259133219 88.72444226713382 102.72036110685431 98.94177226103011 87.58481110058176 78.43094699154645 72.32162352930075 70.0579081011764 72.0034250495372 77.8432105189824 86.79474121408228 98.00907230488815 110.80125846913936 109.49555681927438 99.30174198711823 91.27471619995745 86.02319763184191 84.0689366072115 85.63796197877345 90.5473015586182 98.29774140324648 108.28091691370844 119.94059707589545 120.78480690065687 111.57344131909122 104.43640337546883 99.81962835737642 98.07966340902357 99.36774555776108 103.57095950941113 110.35671598699412 119.2850878599569 129.91507194977265 132.6216990433975 124.23547279089719 117.80934674961343 113.67622224583015 112.09003821793499 113.15795010794827 116.80718521880998 122.80784667728938 130.8367980809361 140.54686085849903 144.87191104360804 137.17963760847053 131.32886498651982 127.57321044563562 126.10001074312716 126.98872720429358 130.19099971150993 135.54295044571637 142.80308772857057 151.6976853883302
109.0480539801815 126.55617883709502 110.77611698138125 129.33258511937797 70.73454968309191 43.508105580684564 29.96858058753071 74.17555968286305 122.94109444800095 32.29119385870641 99.55756029134787 64.58501614896237 122.56355155737039 91.647444090021 86.50497837280655 40.34372695041698 62.99788196511466 60.851407569688995 61.41218251159214 56.23851808188813 110.2925031535435 124.8780948098243 49.97871678052117 100.52116461794286 72.45645014138863 52.15872576021939 25.273541623987764 65.56646479894316 74.74713945047132 19.43665241674811 99.27025416694372 61.50242127863586 111.82802379211454 63.8398762383535 97.82393698187671 44.57440456640912 57.243946555147424 50.920557491725376 91.53748782131827 59.73749228855705 86.50965292946472 69.20772234357318 51.90579175767881 34.60386117178588 17.301930585891526 0.0 17.301930585894358 34.603861171787294 51.905791757681655 69.20772234357318 87.65262226642709 70.62478064038352 53.77220228408961 37.33299457768667 22.2433782840141 13.946179352574479 22.202175733148056 37.28390998456543 53.7210938820184 70.5729024463457 90.9954161857329 74.71485281147861 59.01832319843222 44.52780585696473 32.878538509794545 27.8923085007721 32.76695334225426 44.36299548072211 58.83185602661183 74.51851432910468 96.3092012631054 81.07434302022625 66.85312963224918 54.445732472907146 45.365621619723186 41.838337239915404 45.18360652613236 54.14217516910069 66.48230563785576 80.66674526242345 103.29016126255169 89.21919670112588 76.48510318955854 65.86786214636372 58.53099880974778 55.78421536472615 58.28016686964763 65.42152032100176 75.90830716065877 88.55995243216363 111.62585433518223 98.70834450154607 87.32143431284678 78.13717556457814 72.0034250495372 69.7298926690251 71.68481250302489 77.5490583739056 86.53144090262502 97.77634567348795 121.03659975118865 109.19175893876681 98.96717204233026 90.91117228259318 85.63796197877345 83.6753189454314 85.25219441242221 90.18311087076549 97.96289860407566 107.97751942597753 131.29130778391456 120.40989456069457 111.16809195962593 104.00391043647421 99.36774555776108 97.62044398506242 98.91521655470022 103.13755767799654 109.95070848613678 118.9101658558116 142.20738885534763 132.17567052112574 123.75995606704565 117.30855889652355 113.15795010794827 111.56521757723316 112.6389199693526 116.30523302460782 122.33127393960902 130.39028474289293 153.64380122803752 144.3550941172161 136.6345670295528 130.7602874987125 126.98872720429358 125.50958950915654 126.40337595334347 129.6210091679996 134.9964249678987 142.28527562775076
121.03333516505634 132.1432430627722 121.07738042084759 140.9636793506115 54.59887396102281 40.78943776458051 12.667092324806447 65.2388376819311 130.81971834755794 20.474841391707557 86.89703032998655 64.37709499416506 123.394893022722 83.2796875092086 94.28280529423316 48.79767594085414 71.55099351015038 68.40193361516847 66.7014816641529 38.962410068720125 122.6031444878205 129.60754657755737 55.188891809657555 111.7134670432369 57.81264971856238 49.80561987442397 8.119849630474928 58.02690686678508 85.0603637046656 14.9146648882891 87.24211439467203 60.7022965392762 112.85072868053571 66.84414286954053 106.76190155778862 51.58107780835985 66.25472334609752 46.71300427901012 87.59029831160673 42.591961873513974 103.81158351535905 86.50965292946755 69.20772234357318 51.90579175768023 34.60386117178588 17.301930585894358 0.0 17.30193058589294 34.603861171787294 51.90579175767881 104.76149973408344 87.64211013773217 70.61175375868221 53.755118128485634 37.30842180802645 22.202175733148056 13.88047309912148 22.161026968940636 37.25945995141218 53.70415488679707 107.56091230116948 90.95490586570992 74.66558619315674 58.9560381703524 44.44534763782584 32.76695334225426 27.76089607408694 32.65534083679141 44.280752413602436 58.76996340177343 112.07127398225848 96.22306306231295 80.9721579069341 66.72936329135099 54.29392758643591 45.18360652613236 41.64121880044532 45.00143315742027 53.99048015890904 66.35902340914055 118.09665296475117 103.14734232407135 89.05407044356677 76.2927201247144 65.64472007111259 58.28016686964763 55.52139115315591 58.02904745853643 65.19826892181642 75.71629045204709 125.41880631391945 111.41931701935894 98.47507986826085 87.05807502950596 77.8432105189824 71.68481250302489 69.40136300629368 71.36578980569396 77.25472571892789 86.26818220453976 133.82495112110578 120.76225550741341 108.88804650517929 98.6325022135823 90.5473015586182 85.25219441242221 83.28108423275421 84.86589913627338 89.81860713526457 97.62798290052254 143.12410681130984 130.94700296815208 120.03496330103546 110.76251368043131 103.57095950941113 98.91521655470022 97.1605047039591 98.46204587886672 102.7037120990221 109.54450088771144 153.15357437457604 141.79214771073427 131.7295029601542 123.28407739231154 116.80718521880998 112.6389199693526 111.03957428956102 112.11913671889099 115.80270969310546 121.854369305881 163.77911098268245 153.15732647930244 143.83800960886012 136.08900123898195 130.19099971150993 126.40337595334347 124.91824285714937 125.81716196334679 129.0503234796869 134.44943523494973
134.18397189392618 139.66333526297987 132.84121044205781 153.66608214031424 39.464017704168135 45.09220175160206 4.637697424561807 60.07407582602746 140.39848954071027 19.860237496676998 76.08662084715887 68.67524983866343 126.60732544929942 77.91305259996426 104.37463918597196 61.10250812129636 82.8797519278185 79.07877413285591 75.66647077397812 21.727435480202587 136.00480392350286 136.3830413939181 64.74918534942492 124.31401578180655 45.092965739666305 53.28572314461287 9.582567334125624 55.08158699506856 97.37602217034042 25.803557811424277 77.24300217641715 64.69687349931563 116.46338118713106 73.88804148656543 117.58129424214547 62.71397008343378 78.11022675261471 48.68274117438837 86.96945213161973 25.657276287969516 121.11351410125201 103.81158351536045 86.50965292946613 69.20772234357318 51.90579175767881 34.603861171787294 17.30193058589294 0.0 17.301930585894358 34.60386117178588 121.92487057658218 104.75271791069079 87.63162910611061 70.59876482977717 53.73808181168163 37.28390998456543 22.161026968940636 13.814664474767438 22.119933508868602 37.23507255229009 124.32716332434735 107.5266953135818 90.91450225411432 74.61643978080359 58.89388169840732 44.36299548072211 32.65534083679141 27.629278907944446 32.543704021694104 44.198621478411155 128.2309761503434 111.99737186592345 96.13711314358697 80.87016075705712 66.60575378273762 54.14217516910069 45.00143315742027 41.44379325765109 44.8191049905128 53.83884753503221 133.50460308943212 117.97195056614484 103.00476583438706 88.88915028958837 76.10045259133219 65.42152032100176 58.02904745853643 55.25815748142887 57.777644284356164 64.97497196093585 139.99325398315926 125.23529824831508 111.21303358559587 98.24198642871605 86.79474121408228 77.5490583739056 71.36578980569396 69.07232153595157 71.0463609066642 76.96021921531099 147.5366196973306 133.57725242730115 120.48813387897007 108.58442923205767 98.29774140324648 90.18311087076549 84.86589913627338 82.88623537673583 84.47908038442331 89.4537973432646 155.98165574589768 142.808814297948 130.60285442225617 119.66002405528081 110.35671598699412 103.13755767799654 98.46204587886672 96.6998489578519 98.00823808943697 102.26943000383685 165.19002013158308 152.7686765082055 141.37697073266273 131.2832081702865 122.80784667728938 116.30523302460782 112.11913671889099 110.51311223163442 111.59860527227565 115.29962267602032 175.04116436508846 163.3235235427169 152.67080624571634 143.32066995633807 135.54295044571637 129.6210091679996 125.81716196334679 124.3259751483936 125.2300905304859 128.47895032792772
148.1900413385164 148.82371447208016 145.7138068908838 167.19579924366838 27.064579906843306 54.78631697933462 21.93797736212594 59.668916423559295 151.3549608463804 31.11833721533743 68.01432045395245 76.72589557896323 132.02715580432482 76.18442261982909 116.17902166831655 75.39579742006893 96.00655682705816 91.79748248804688 87.18048858660602 4.980670496710811 150.20573626417854 144.91788058081005 77.05713337258338 137.9374203693369 36.375217419541045 61.61848937448003 26.76626276292648 57.44161577102644 111.02975959638746 41.32689872416994 70.14604726029263 72.7000531593956 122.43693677228839 83.96094040804714 129.81253421764734 76.18517513004807 91.7138315087415 56.18377642783882 89.74401046282165 10.061302886544567 138.4154446871464 121.11351410125484 103.81158351536045 86.50965292946755 69.20772234357318 51.905791757681655 34.603861171787294 17.301930585894358 0.0 17.301930585891526 139.12256792443495 121.91733659048562 104.7439625524921 87.6211794919814 70.58581425790776 53.7210938820184 37.25945995141218 22.119933508868602 13.748753964863916 22.07889687738994 141.22268522556516 124.29760714740988 107.4925734582983 90.87420668600227 74.56741526337018 58.83185602661183 44.280752413602436 32.543704021694104 27.497457973046906 32.43204595626702 144.6551092252998 128.16649099984352 111.92365006478563 96.05135455130669 80.76835529731473 66.48230563785576 53.99048015890904 44.8191049905128 41.246062067584084 44.63662554015552 149.32794857896513 133.39447415491765 117.8475030519945 102.86243701635752 88.72444226713382 75.90830716065877 65.19826892181642 57.777644284356164 54.994516290943 57.525961091693986 155.12908787799913 139.82912586542542 125.05209051654312 111.00701155135837 98.00907230488815 86.53144090262502 77.25472571892789 71.0463609066642 68.74277068474011 70.72652978893316 161.937235697675 147.3123221300989 133.3298629073621 120.21424450247629 108.28091691370844 97.96289860407566 89.81860713526457 84.47908038442331 82.49077528945672 84.0917424222012 169.63109512657363 155.69284592137058 142.49380398588204 130.25887357651285 119.2850878599569 109.95070848613678 102.7037120990221 98.00823808943697 96.2384801441555 97.55379777464749 178.09581035141815 164.83377683176522 152.38400321007532 140.96187078836718 130.8367980809361 122.33127393960902 115.80270969310546 111.59860527227565 109.9858352861965 111.07733057258164 187.22674418142086 174.61561573755264 162.86807888513323 152.18425450980476 142.80308772857057 134.9964249678987 129.0503234796869 125.2300905304859 123.73279075095404 124.64216697701211
162.83095017811462 159.34173653722587 159.42682029333315 181.36777648493447 22.50078697221215 67.59053070609264 39.23971289373908 64.11365645889155 163.41225054767258 46.270776553622554 63.729236814960316 87.49931254375214 139.39714724531726 78.3350100856706 129.22749972490587 90.74272690841647 110.29125846782908 105.82438443150853 100.37009528884167 13.275777812037955 164.9996987456929 154.9215624910051 91.0046602077524 152.30945792279908 34.80869312230013 73.16426447526206 44.04263428502105 64.52748181945553 125.58590263221116 57.868075101994975 66.88158346907376 83.56797036738926 130.44746049191616 96.11519106831827 143.0940371789367 90.96166327422127 106.39711680947529 67.39382097054926 95.61885686290091 11.953124445471472 155.7173752730379 138.4154446871464 121.11351410125201 103.81158351535905 86.50965292946472 69.20772234357318 51.90579175767881 34.60386117178588 17.301930585891526 0.0 156.34326448173894 139.1159754459505 121.90982562150107 104.73523392444575 87.610761614905 70.5729024463457 53.70415488679707 37.23507255229009 22.07889687738994 13.682742055513897 158.2060672066715 141.1967057456475 124.268136089515 107.45854783303132 90.83402049468404 74.51851432910468 58.76996340177343 44.198621478411155 32.43204595626702 27.365434241599328 161.2628989977158 144.59803662487263 128.1021745191834 111.85011111233615 95.96579033166796 80.66674526242345 66.35902340914055 53.83884753503221 44.63662554015552 41.048026688549356 165.44754752783285 149.22964876983932 133.28459789126939 117.72331490759555 102.72036110685431 88.55995243216363 75.71629045204709 64.97497196093585 57.525961091693986 54.73046952610052 170.67702016178032 154.98121738761475 139.66531732684285 124.86918985687117 110.80125846913936 97.77634567348795 86.26818220453976 76.96021921531099 70.72652978893316 68.41271288315473 176.8585875835554 161.73322481754803 147.08838323387104 133.0827916033478 119.94059707589545 107.97751942597753 97.62798290052254 89.4537973432646 84.0917424222012 82.09470688750076 183.89617848724092 169.36597082716054 155.40440208216705 142.1790870736468 129.91507194977265 118.9101658558116 109.54450088771144 102.26943000383685 97.55379777464749 95.77640166553627 191.69544095224427 177.76594031953786 164.47787599089247 151.9995675746296 140.54686085849903 130.39028474289293 121.854369305881 115.29962267602032 111.07733057258164 109.45774734198928 200.16725689836332 186.82956511819145 174.19035887718672 162.41279170096365 151.6976853883302 142.28527562775076 134.44943523494973 128.47895032792772 124.64216697701211 123.13869403964064
70.17786545856023 120.34632554460808 82.8278823814934 85.67932481496291 153.7908859832089 105.14115819224786 117.30552992167985 138.6283369317915 105.27313849511715 113.22005231162888 170.5399013427859 107.98268423189536 140.28537789672464 150.73086776299925 85.66814952712276 77.14261180946988 75.76275136560879 79.74220898042799 88.53392769325956 143.14336802419996 68.43232212490001 123.5751003307257 86.75373986610425 71.46819196216413 151.60061222323785 108.06460288315104 112.37438563811097 128.6994715701506 68.61028085091237 99.62250611267083 168.34937983964568 108.2840014220126 131.6946590056435 97.3204796699181 84.36172147401452 81.01868969781749 73.50943315147728 111.78112878437888 136.43394401361343 146.02893142281877 14.273158122067928 22.408696249837586 37.40707011768865 53.806511913383886 70.6378450696884 87.65262226642709 104.76149973408344 121.92487057658218 139.12256792443495 156.34326448173894 0.0 17.301930585891526 34.60386117178588 51.90579175767881 69.20772234357318 86.50965292946472 103.81158351535905 121.11351410125201 138.4154446871464 155.7173752730379 14.273158122068015 22.408696249837647 37.40707011768868 53.80651191338391 70.63784506968842 87.65262226642712 104.76149973408346 121.92487057658218 139.12256792443495 156.34326448173894 28.546265673844484 33.32454629578924 44.775786817273854 59.14326996153928 74.7642379461877 90.99541618573292 107.5609123011695 124.32716332434738 141.22268522556516 158.2060672066715 42.81927208470929 46.09203098851991 54.901413176263894 67.10111479027503 81.17671237833649 96.3092012631054 112.07127398225848 128.2309761503434 144.6551092252998 161.2628989977158 57.09212678338561 59.531378942721375 66.53688297022902 76.87018986724787 89.38452306236499 103.29016126255169 118.09665296475117 133.50460308943212 149.32794857896513 165.44754752783285 71.36477919761118 73.27369589248786 79.01788325789705 87.84819750085569 98.94177226103011 111.62585433518223 125.41880631391945 139.99325398315926 155.12908787799913 170.67702016178032 85.63717875381009 87.17567152292219 92.0007966031164 99.63620323462446 109.49555681927447 121.03659975118872 133.8249511211058 147.53661969733062 161.93723569767505 176.85858758355545 99.90927487676399 101.17135464497507 105.29998731114185 111.9785523529857 120.78480690065687 131.29130778391456 143.12410681130984 155.98165574589768 169.63109512657363 183.89617848724092 114.18101698928432 115.2264421594825 118.80913609608828 124.71061775837812 132.6216990433975 142.20738885534763 153.15357437457604 165.19002013158308 178.09581035141815 191.69544095224427
68.54914067625072 113.7999791745201 79.16234678026369 86.62304156709618 136.520250609099 88.52331767579047 100.1422598666961 122.41436303886901 100.50993897062166 95.93328032350966 154.06871444769737 92.99151618433874 130.02449184222328 135.17282795875147 75.90345249581141 60.95175640107861 62.48181665244193 65.9384186164523 74.35987528656003 125.90150973693974 67.57503071690896 116.17319190091409 71.31756284426433 67.07670981168008 134.4811413560541 91.92452891734165 95.18903746186085 112.44786950503567 58.04686580225147 82.32076681902213 152.02797990883215 92.95783145002952 120.80440909282407 82.93274797451001 77.21767384614566 65.18413737818283 59.40416229328379 95.37240347822383 122.16478935013237 128.74927840830256 22.408696249837586 14.207970976844209 22.36729358692858 37.382319577436505 53.78933372916444 70.62478064038352 87.64211013773217 104.75271791069079 121.91733659048562 139.1159754459505 17.301930585891526 0.0 17.301930585894358 34.603861171787294 51.905791757681655 69.20772234357318 86.50965292946755 103.81158351536045 121.11351410125484 138.4154446871464 22.408696249837647 14.2079709768443 22.367293586928636 37.38231957743654 53.78933372916446 70.62478064038355 87.64211013773219 104.7527179106908 121.91733659048563 139.1159754459505 33.32454629578924 28.41589145188701 33.21310015797062 44.693028439595835 59.08073454154055 74.71485281147864 90.95490586570996 107.5266953135818 124.2976071474099 141.19670574564753 46.09203098851991 42.623710923003614 45.910683032947325 54.749480104682306 66.97704829501926 81.07434302022625 96.22306306231295 111.99737186592345 128.16649099984352 144.59803662487263 59.531378942721375 56.83137888742419 59.281733258792286 66.31394947173088 76.67759526240974 89.21919670112588 103.14734232407135 117.97195056614484 133.39447415491765 149.22964876983932 73.27369589248786 71.03884484141027 72.9567627867381 78.72451834995566 87.58481110058176 98.70834450154607 111.41931701935894 125.23529824831508 139.82912586542542 154.98121738761475 87.17567152292219 85.24605827993233 86.79205653358018 91.6379265400875 99.3017419871183 109.19175893876688 120.76225550741349 133.5772524273012 147.31232213009892 161.7332248175481 101.17135464497507 99.45296869634662 100.72143736281777 104.8684313143103 111.57344131909122 120.40989456069457 130.94700296815208 142.808814297948 155.69284592137058 169.36597082716054 115.2264421594825 113.65952558207304 114.71047309544922 118.30954153956465 124.23547279089719 132.17567052112574 141.79214771073427 152.7686765082055 164.83377683176522 177.76594031953786
71.21605926011209 109.6188333431284 79.19330365225161 90.91112993579519 119.2586863592548 72.22743562952716 83.0365567339595 106.54313775124965 98.59375137920553 78.65317420341383 137.8012376291794 78.9511582581887 121.37300079253963 120.09282568400985 69.15438051776255 45.58466184774196 51.63975633877499 54.181495564651435 61.79990898563387 108.67874441921512 71.05264337321216 110.99671973668302 56.963897089214356 67.00417457111088 117.41516356702053 76.29539244125262 78.05521158749482 96.56188669511366 51.28555436614342 65.01912932576474 135.94925305856015 78.45759909015268 111.54637513813523 69.87923158406754 73.53179956263524 50.325190980233145 47.46344570189857 79.34405001942271 108.77930807220383 111.4765353557731 37.40707011768865 22.36729358692858 14.142679045357772 22.32593871086207 37.35762744908348 53.77220228408961 70.61175375868221 87.63162910611061 104.7439625524921 121.90982562150107 34.60386117178588 17.301930585894358 0.0 17.30193058589294 34.603861171787294 51.90579175767881 69.20772234357318 86.50965292946613 103.81158351536045 121.11351410125201 37.40707011768868 22.367293586928636 14.142679045357863 22.325938710862125 37.357627449083516 53.77220228408964 70.61175375868223 87.63162910611062 104.7439625524921 121.90982562150108 44.775786817273854 33.21310015797062 28.285307659750725 33.101614870394855 44.610367124196046 59.01832319843226 74.66558619315678 90.91450225411435 107.49257345829832 124.26813608951501 54.901413176263894 45.910683032947325 42.427835411896304 45.72916325868473 54.59758493127564 66.85312963224918 80.9721579069341 96.13711314358697 111.92365006478563 128.1021745191834 66.53688297022902 59.281733258792286 56.57021186987815 59.031785623947705 66.09094058166346 76.48510318955854 89.05407044356677 103.00476583438706 117.8475030519945 133.28459789126939 79.01788325789705 72.9567627867381 70.71238660082815 72.63940405889038 78.43094699154645 87.32143431284678 98.47507986826085 111.21303358559587 125.05209051654312 139.66531732684285 92.0007966031164 86.79205653358018 84.85430917060965 86.40789719813736 91.27471619995752 98.96717204233032 108.88804650517935 120.48813387897015 133.32986290736216 147.0883832338711 105.29998731114185 100.72143736281777 98.99592914349992 100.27086045082548 104.43640337546883 111.16809195962593 120.03496330103546 130.60285442225617 142.49380398588204 155.40440208216705 118.80913609608828 114.71047309544922 113.13719608187365 114.19373152052135 117.80934674961343 123.75995606704565 131.7295029601542 141.37697073266273 152.38400321007532 164.47787599089247
77.73776448739149 108.07774129199701 82.9166128504904 98.106031150394 102.01079819710007 56.53262068899017 66.03317332451165 91.19379130098864 99.68888416584561 61.38536357619784 121.8191073365634 66.46690919818987 114.69567463746259 105.69566965834504 66.34767950460018 32.24154027063491 45.033937893763 46.066236325103695 52.036232059730764 91.48585580747493 78.28960833398688 108.36507393983632 44.746885763185794 71.26377547344502 100.42995266194383 61.56754071527179 61.01632696847177 81.25624776228672 49.89668335735294 47.71770436636678 120.21061471054534 65.33555116107043 104.35587603094214 59.051458271171576 73.82390688884611 37.61631726791303 39.69142606070921 63.98257213703315 96.64536927873814 94.21450283956337 53.806511913383886 37.382319577436505 22.32593871086207 14.077282809149589 22.284633111075745 37.33299457768667 53.755118128485634 70.59876482977717 87.6211794919814 104.73523392444575 51.90579175767881 34.603861171787294 17.30193058589294 0.0 17.301930585894358 34.60386117178588 51.90579175768023 69.20772234357318 86.50965292946755 103.81158351535905 53.80651191338391 37.38231957743654 22.325938710862125 14.077282809149676 22.2846331110758 37.332994577686705 53.75511812848564 70.59876482977721 87.62117949198141 104.73523392444578 59.14326996153928 44.693028439595835 33.101614870394855 28.154515260517506 32.99009334170509 44.52780585696479 58.95603817035245 74.61643978080363 90.8742066860023 107.45854783303135 67.10111479027503 54.749480104682306 45.72916325868473 42.231646996009964 45.54747499837952 54.445732472907146 66.72936329135099 80.87016075705712 96.05135455130669 111.85011111233615 76.87018986724787 66.31394947173088 59.031785623947705 56.30862765691056 58.78153960680257 65.86786214636372 76.2927201247144 88.88915028958837 102.86243701635752 117.72331490759555 87.84819750085569 78.72451834995566 72.63940405889038 70.38540688356808 72.32162352930075 78.13717556457814 87.05807502950596 98.24198642871605 111.00701155135837 124.86918985687117 99.63620323462446 91.6379265400875 86.40789719813736 84.46193431508505 86.023197631842 90.91117228259327 98.63250221358238 108.58442923205774 120.21424450247636 133.08279160334783 111.9785523529857 104.8684313143103 100.27086045082548 98.5381595890061 99.81962835737642 104.00391043647421 110.76251368043131 119.66002405528081 130.25887357651285 142.1790870736468 124.71061775837812 118.30954153956465 114.19373152052135 112.61403234100696 113.67622224583015 117.30855889652355 123.28407739231154 131.2832081702865 140.96187078836718 151.9995675746296
87.25413159331559 109.28844347928494 89.87454131898981 107.6263477754843 84.78493295632023 42.11629144930063 49.23822586619334 76.6803650774752 103.69997722948779 44.1442795949739 106.25116579356275 56.57840547977804 110.35146513390521 92.30144543964445 67.97347124734614 24.49047117055084 44.58868460408763 43.672257238745885 46.850967351521234 74.34357488665754 88.3670679860901 108.46364778035318 36.85633475890129 79.15923100533102 83.57476682069394 48.56793698199742 44.182362489983085 66.93028366370564 54.294119384563565 30.416854617430207 104.96515670178513 54.59465724481481 99.68134441393747 51.862740366161006 78.04934463811303 29.93424792096886 38.687806506979655 49.907606000338994 86.29255108451395 76.97038730449427 70.6378450696884 53.78933372916444 37.35762744908348 22.284633111075745 14.01178275052985 22.2433782840141 37.30842180802645 53.73808181168163 70.58581425790776 87.610761614905 69.20772234357318 51.905791757681655 34.603861171787294 17.301930585894358 0.0 17.301930585891526 34.60386117178588 51.90579175767881 69.20772234357318 86.50965292946472 70.63784506968842 53.78933372916446 37.357627449083516 22.2846331110758 14.01178275052994 22.243378284014153 37.30842180802649 53.73808181168165 70.58581425790777 87.610761614905 74.7642379461877 59.08073454154055 44.610367124196046 32.99009334170509 28.023515218807503 32.87853850979462 44.4453476378259 58.89388169840737 74.56741526337021 90.83402049468407 81.17671237833649 66.97704829501926 54.59758493127564 45.54747499837952 42.035147122274246 45.365621619723186 54.29392758643591 66.60575378273762 80.76835529731473 95.96579033166796 89.38452306236499 76.67759526240974 66.09094058166346 58.78153960680257 56.04662817775995 58.53099880974778 65.64472007111259 76.10045259133219 88.72444226713382 102.72036110685431 98.94177226103011 87.58481110058176 78.43094699154645 72.32162352930075 70.0579081011764 72.0034250495372 77.8432105189824 86.79474121408228 98.00907230488815 110.80125846913936 109.49555681927447 99.3017419871183 91.27471619995752 86.023197631842 84.06893660721158 85.63796197877353 90.54730155861827 98.29774140324655 108.2809169137085 119.94059707589551 120.78480690065687 111.57344131909122 104.43640337546883 99.81962835737642 98.07966340902357 99.36774555776108 103.57095950941113 110.35671598699412 119.2850878599569 129.91507194977265 132.6216990433975 124.23547279089719 117.80934674961343 113.67622224583015 112.09003821793499 113.15795010794827 116.80718521880998 122.80784667728938 130.8367980809361 140.54686085849903
98.9044865210959 113.16265183086924 99.39006396566303 118.91486747976255 67.59792892494839 30.82753425266167 32.9717830225465 63.57792582198631 110.30939562945203 26.98120625558293 91.30951239164455 50.82404190221748 108.62066816179657 80.41289398122873 73.73915512165023 27.545601703053674 50.46731746627928 47.86583574056537 47.75939525458574 57.29734226699167 100.43358962049827 111.28518639870504 36.23813530936389 89.73591190587263 66.94788576119787 39.06192784203375 27.92638629324775 54.36407982288925 63.28289860326849 13.118855999915192 90.46256742254918 47.86566533121965 97.88390313455223 49.911064403431716 85.62779021480509 31.238445361440814 44.90868386702978 38.5548579534598 78.4293871843052 59.75970100684724 87.65262226642709 70.62478064038352 53.77220228408961 37.33299457768667 22.2433782840141 13.946179352574479 22.202175733148056 37.28390998456543 53.7210938820184 70.5729024463457 86.50965292946472 69.20772234357318 51.90579175767881 34.60386117178588 17.301930585891526 0.0 17.301930585894358 34.603861171787294 51.905791757681655 69.20772234357318 87.65262226642712 70.62478064038355 53.77220228408964 37.332994577686705 22.243378284014153 13.94617935257457 22.202175733148113 37.28390998456546 53.72109388201844 70.57290244634572 90.99541618573292 74.71485281147864 59.01832319843226 44.52780585696479 32.87853850979462 27.892308500772188 32.76695334225433 44.36299548072217 58.831856026611874 74.51851432910472 96.3092012631054 81.07434302022625 66.85312963224918 54.445732472907146 45.365621619723186 41.838337239915404 45.18360652613236 54.14217516910069 66.48230563785576 80.66674526242345 103.29016126255169 89.21919670112588 76.48510318955854 65.86786214636372 58.53099880974778 55.78421536472615 58.28016686964763 65.42152032100176 75.90830716065877 88.55995243216363 111.62585433518223 98.70834450154607 87.32143431284678 78.13717556457814 72.0034250495372 69.7298926690251 71.68481250302489 77.5490583739056 86.53144090262502 97.77634567348795 121.03659975118872 109.19175893876688 98.96717204233032 90.91117228259327 85.63796197877353 83.6753189454315 85.2521944124223 90.18311087076557 97.96289860407573 107.9775194259776 131.29130778391456 120.40989456069457 111.16809195962593 104.00391043647421 99.36774555776108 97.62044398506242 98.91521655470022 103.13755767799654 109.95070848613678 118.9101658558116 142.20738885534763 132.17567052112574 123.75995606704565 117.30855889652355 113.15795010794827 111.56521757723316 112.6389199693526 116.30523302460782 122.33127393960902 130.39028474289293
112.02500590804948 119.44146615016666 110.80622545442785 131.51706453496868 50.4894876625048 26.936996676755168 18.670477953805953 52.94459710173416 119.08528912414846 10.294030868613028 77.35790441030885 50.63350495835312 109.62713562301091 70.79268782493766 82.78420857503174 38.941596065153846 60.864222452319446 57.21638459018398 54.45741021106778 40.468712910557734 113.85852814519404 116.63223703401033 43.20558878229819 102.16445463573487 50.774094457847575 35.937879485652715 14.366553008342933 45.054952131674604 75.23496911408172 4.211570227553506 77.12306943593481 46.90810377064346 99.12019505833932 53.76975226614671 95.76650773577852 40.673469667758766 55.99589132908056 32.87694241716573 73.85540337479675 42.62295828755453 104.76149973408344 87.64211013773217 70.61175375868221 53.755118128485634 37.30842180802645 22.202175733148056 13.88047309912148 22.161026968940636 37.25945995141218 53.70415488679707 103.81158351535905 86.50965292946755 69.20772234357318 51.90579175768023 34.60386117178588 17.301930585894358 0.0 17.30193058589294 34.603861171787294 51.90579175767881 104.76149973408346 87.64211013773219 70.61175375868223 53.75511812848564 37.30842180802649 22.202175733148113 13.880473099121566 22.161026968940693 37.25945995141222 53.70415488679709 107.5609123011695 90.95490586570996 74.66558619315678 58.95603817035245 44.4453476378259 32.76695334225433 27.76089607408702 32.65534083679149 44.28075241360249 58.76996340177346 112.07127398225848 96.22306306231295 80.9721579069341 66.72936329135099 54.29392758643591 45.18360652613236 41.64121880044532 45.00143315742027 53.99048015890904 66.35902340914055 118.09665296475117 103.14734232407135 89.05407044356677 76.2927201247144 65.64472007111259 58.28016686964763 55.52139115315591 58.02904745853643 65.19826892181642 75.71629045204709 125.41880631391945 111.41931701935894 98.47507986826085 87.05807502950596 77.8432105189824 71.68481250302489 69.40136300629368 71.36578980569396 77.25472571892789 86.26818220453976 133.8249511211058 120.76225550741349 108.88804650517935 98.63250221358238 90.54730155861827 85.2521944124223 83.2810842327543 84.86589913627347 89.81860713526466 97.62798290052261 143.12410681130984 130.94700296815208 120.03496330103546 110.76251368043131 103.57095950941113 98.91521655470022 97.1605047039591 98.46204587886672 102.7037120990221 109.54450088771144 153.15357437457604 141.79214771073427 131.7295029601542 123.28407739231154 116.80718521880998 112.6389199693526 111.03957428956102 112.11913671889099 115.80270969310546 121.854369305881
126.15782561364985 127.77088117962798 123.59748189042817 145.0910348810889 33.579904181746244 33.15986687313274 14.448103698071971 46.506037455970905 129.58825271369824 9.091873432520902 65.03664503521263 56.06355084994379 113.29794259405904 64.46448808181911 94.1683565064751 53.5989400164691 73.89628625353144 69.67779671834977 65.18406413487843 24.313802834347992 128.21588913164703 124.17898735462362 54.94497944127576 115.85037578342101 35.67505332208266 40.69318650915861 15.219248898219787 41.26923165234358 88.96391046622601 21.496136116132853 65.65941916708069 52.04153576672984 103.28133495798492 62.36954036128148 107.74514763306225 54.1436164031265 69.66344988191797 35.69338803443584 73.18988914801137 25.708454797458653 121.92487057658218 104.75271791069079 87.63162910611061 70.59876482977717 53.73808181168163 37.28390998456543 22.161026968940636 13.814664474767438 22.119933508868602 37.23507255229009 121.11351410125201 103.81158351536045 86.50965292946613 69.20772234357318 51.90579175767881 34.603861171787294 17.30193058589294 0.0 17.301930585894358 34.60386117178588 121.92487057658218 104.7527179106908 87.63162910611062 70.59876482977721 53.73808181168165 37.28390998456546 22.161026968940693 13.814664474767527 22.119933508868655 37.23507255229012 124.32716332434738 107.5266953135818 90.91450225411435 74.61643978080363 58.89388169840737 44.36299548072217 32.65534083679149 27.629278907944528 32.543704021694175 44.19862147841121 128.2309761503434 111.99737186592345 96.13711314358697 80.87016075705712 66.60575378273762 54.14217516910069 45.00143315742027 41.44379325765109 44.8191049905128 53.83884753503221 133.50460308943212 117.97195056614484 103.00476583438706 88.88915028958837 76.10045259133219 65.42152032100176 58.02904745853643 55.25815748142887 57.777644284356164 64.97497196093585 139.99325398315926 125.23529824831508 111.21303358559587 98.24198642871605 86.79474121408228 77.5490583739056 71.36578980569396 69.07232153595157 71.0463609066642 76.96021921531099 147.53661969733062 133.5772524273012 120.48813387897015 108.58442923205774 98.29774140324655 90.18311087076557 84.86589913627347 82.88623537673591 84.47908038442338 89.45379734326467 155.98165574589768 142.808814297948 130.60285442225617 119.66002405528081 110.35671598699412 103.13755767799654 98.46204587886672 96.6998489578519 98.00823808943697 102.26943000383685 165.19002013158308 152.7686765082055 141.37697073266273 131.2832081702865 122.80784667728938 116.30523302460782 112.11913671889099 110.51311223163442 111.59860527227565 115.29962267602032
140.9988741012959 137.77949227726555 137.3802700710359 159.3886950925564 17.456941205333514 45.52210244844944 25.838369453725083 46.056444985079075 141.43404904664106 25.652889973127582 55.44354355066214 65.73578145742472 119.3875803627397 62.43741058943413 107.14861422731828 69.48349137390474 88.40572817466864 83.87478942359769 78.30081676253532 11.97156137511613 143.22553999402965 133.5530578659769 69.06436159091854 130.39837122973668 23.79331192747807 51.17662499369393 29.25006199058106 44.44159632347045 103.76683294241862 38.79618557502358 57.21058086855598 61.76548918574383 110.03600201463318 74.07721828003342 121.01858105319688 69.33570981630909 84.67088695463643 45.45163244402777 76.53487160545605 10.19049013057683 139.12256792443495 121.91733659048562 104.7439625524921 87.6211794919814 70.58581425790776 53.7210938820184 37.25945995141218 22.119933508868602 13.748753964863916 22.07889687738994 138.4154446871464 121.11351410125484 103.81158351536045 86.50965292946755 69.20772234357318 51.905791757681655 34.603861171787294 17.301930585894358 0.0 17.301930585891526 139.12256792443495 121.91733659048563 104.7439625524921 87.62117949198141 70.58581425790777 53.72109388201844 37.25945995141222 22.119933508868655 13.748753964864003 22.078896877389994 141.22268522556516 124.2976071474099 107.49257345829832 90.8742066860023 74.56741526337021 58.831856026611874 44.28075241360249 32.543704021694175 27.497457973046995 32.432045956267096 144.6551092252998 128.16649099984352 111.92365006478563 96.05135455130669 80.76835529731473 66.48230563785576 53.99048015890904 44.8191049905128 41.246062067584084 44.63662554015552 149.32794857896513 133.39447415491765 117.8475030519945 102.86243701635752 88.72444226713382 75.90830716065877 65.19826892181642 57.777644284356164 54.994516290943 57.525961091693986 155.12908787799913 139.82912586542542 125.05209051654312 111.00701155135837 98.00907230488815 86.53144090262502 77.25472571892789 71.0463609066642 68.74277068474011 70.72652978893316 161.93723569767505 147.31232213009892 133.32986290736216 120.21424450247636 108.2809169137085 97.96289860407573 89.81860713526466 84.47908038442338 82.4907752894568 84.09174242220126 169.63109512657363 155.69284592137058 142.49380398588204 130.25887357651285 119.2850878599569 109.95070848613678 102.7037120990221 98.00823808943697 96.2384801441555 97.55379777464749 178.09581035141815 164.83377683176522 152.38400321007532 140.96187078836718 130.8367980809361 122.33127393960902 115.80270969310546 111.59860527227565 109.9858352861965 111.07733057258164
156.34659750248 149.12959156010513 151.88489992025185 174.2319758932789 8.977352538416673 60.362711261000754 41.53561909602476 51.7521417594615 154.31374225675665 42.80412218355194 50.16880850634487 78.08947121070045 127.55007060195882 65.11439704025055 121.2132982801357 85.91725968570643 103.77470082150535 99.06396671523879 92.79965836316333 17.151925405381192 158.70251312685792 144.3990090304959 84.37729985247512 145.55017258963997 21.406668513892065 64.65961439950684 45.58749404845116 53.34479093009395 119.24443524804907 56.09739535420827 53.23195988538698 74.29894230353703 118.9431621982393 87.6562055319573 135.20600714500443 85.33498409388321 100.4192630438857 58.791089205855194 83.40923631121986 12.06154618070206 156.34326448173894 139.1159754459505 121.90982562150107 104.73523392444575 87.610761614905 70.5729024463457 53.70415488679707 37.23507255229009 22.07889687738994 13.682742055513897 155.7173752730379 138.4154446871464 121.11351410125201 103.81158351535905 86.50965292946472 69.20772234357318 51.90579175767881 34.60386117178588 17.301930585891526 0.0 156.34326448173894 139.1159754459505 121.90982562150108 104.73523392444578 87.610761614905 70.57290244634572 53.70415488679709 37.23507255229012 22.078896877389994 13.682742055513986 158.2060672066715 141.19670574564753 124.26813608951501 107.45854783303135 90.83402049468407 74.51851432910472 58.76996340177346 44.19862147841121 32.432045956267096 27.365434241599417 161.2628989977158 144.59803662487263 128.1021745191834 111.85011111233615 95.96579033166796 80.66674526242345 66.35902340914055 53.83884753503221 44.63662554015552 41.048026688549356 165.44754752783285 149.22964876983932 133.28459789126939 117.72331490759555 102.72036110685431 88.55995243216363 75.71629045204709 64.97497196093585 57.525961091693986 54.73046952610052 170.67702016178032 154.98121738761475 139.66531732684285 124.86918985687117 110.80125846913936 97.77634567348795 86.26818220453976 76.96021921531099 70.72652978893316 68.41271288315473 176.85858758355545 161.7332248175481 147.0883832338711 133.08279160334783 119.94059707589551 107.9775194259776 97.62798290052261 89.45379734326467 84.09174242220126 82.09470688750085 183.89617848724092 169.36597082716054 155.40440208216705 142.1790870736468 129.91507194977265 118.9101658558116 109.54450088771144 102.26943000383685 97.55379777464749 95.77640166553627 191.69544095224427 177.76594031953786 164.47787599089247 151.9995675746296 140.54686085849903 130.39028474289293 121.854369305881 115.29962267602032 111.07733057258164 109.45774734198928
56.32009391234091 107.69867389950784 69.39805662603483 71.42293093154437 153.61770353561337 102.4030834165519 119.78702960073933 134.59921468898506 92.035239141653 113.54247845611593 166.92019766998283 102.13692924740103 129.53303569060395 145.37523926452147 75.1466045667175 73.9005496602525 68.45187603711719 72.89853757998424 81.92744567475836 144.93138906068341 54.43293075467419 111.293976381468 81.93078184658359 58.414652778103324 150.2930300281441 104.17128024750608 114.7512375732596 124.83094651081802 59.07799374754514 100.55267751881956 164.38149618075485 102.93628230924428 121.4435203475528 90.81907745805043 72.31850176105841 76.99721043341081 67.19134345531221 108.43672970967486 129.34039539050454 147.37321606526237 28.546265673844395 33.32454629578916 44.77578681727379 59.143269961539225 74.76423794618766 90.9954161857329 107.56091230116948 124.32716332434735 141.22268522556516 158.2060672066715 14.273158122068015 22.408696249837647 37.40707011768868 53.80651191338391 70.63784506968842 87.65262226642712 104.76149973408346 121.92487057658218 139.12256792443495 156.34326448173894 0.0 17.301930585891526 34.60386117178588 51.90579175767881 69.20772234357318 86.50965292946472 103.81158351535905 121.11351410125201 138.4154446871464 155.7173752730379 14.273158122068015 22.408696249837647 37.40707011768868 53.80651191338391 70.63784506968842 87.65262226642712 104.76149973408346 121.92487057658218 139.12256792443495 156.34326448173894 28.546265673844395 33.32454629578916 44.77578681727379 59.143269961539225 74.76423794618766 90.9954161857329 107.56091230116948 124.32716332434735 141.22268522556516 158.2060672066715 42.8192720847092 46.092030988519824 54.90141317626382 67.10111479027498 81.17671237833643 96.30920126310535 112.07127398225846 128.2309761503434 144.65510922529978 161.26289899771575 57.09212678338551 59.53137894272129 66.53688297022894 76.8701898672478 89.38452306236493 103.29016126255163 118.09665296475113 133.5046030894321 149.32794857896513 165.44754752783282 71.36477919761118 73.27369589248786 79.01788325789705 87.84819750085569 98.94177226103011 111.62585433518223 125.41880631391945 139.99325398315926 155.12908787799913 170.67702016178032 85.63717875381 87.1756715229221 92.00079660311631 99.63620323462439 109.49555681927438 121.03659975118865 133.82495112110578 147.5366196973306 161.937235697675 176.8585875835554 99.90927487676389 101.17135464497497 105.29998731114176 111.97855235298562 120.7848069006568 131.29130778391448 143.1241068113098 155.9816557458976 169.63109512657357 183.89617848724086
54.350828067829035 100.39617602361109 65.05114212628509 72.6227730945171 136.32602571904337 85.26845226914209 103.02485770423043 117.85353575929845 86.61546542212777 96.31185514226868 150.07087874265184 86.16692658059561 118.39962579981824 129.20189861573417 63.85180470378404 56.81255354205819 53.427197379657485 57.515488567804 66.39574477498044 127.92150587550152 53.424736013296965 103.07739206229645 65.39388445049559 53.024537796853465 133.0121701237124 87.33613777763694 97.97103361775173 108.01957996250732 46.45258756138875 83.43891838884979 147.64256548834982 86.69939258445427 109.59302547459407 75.23475968661354 63.908227265398146 60.13669691469095 51.41946281711355 91.44819753544787 114.22605333201908 130.2650516954768 33.32454629578916 28.41589145188692 33.21310015797055 44.693028439595786 59.08073454154051 74.71485281147861 90.95490586570992 107.5266953135818 124.29760714740988 141.1967057456475 22.408696249837647 14.2079709768443 22.367293586928636 37.38231957743654 53.78933372916446 70.62478064038355 87.64211013773219 104.7527179106908 121.91733659048563 139.1159754459505 17.301930585891526 0.0 17.301930585894358 34.603861171787294 51.905791757681655 69.20772234357318 86.50965292946755 103.81158351536045 121.11351410125484 138.4154446871464 22.408696249837647 14.2079709768443 22.367293586928636 37.38231957743654 53.78933372916446 70.62478064038355 87.64211013773219 104.7527179106908 121.91733659048563 139.1159754459505 33.32454629578916 28.41589145188692 33.21310015797055 44.693028439595786 59.08073454154051 74.71485281147861 90.95490586570992 107.5266953135818 124.29760714740988 141.1967057456475 46.092030988519824 42.62371092300352 45.91068303294724 54.74948010468224 66.9770482950192 81.0743430202262 96.2230630623129 111.99737186592343 128.1664909998435 144.59803662487258 59.53137894272129 56.831378887424094 59.2817332587922 66.3139494717308 76.67759526240967 89.21919670112584 103.1473423240713 117.9719505661448 133.39447415491762 149.2296487698393 73.27369589248786 71.03884484141027 72.9567627867381 78.72451834995566 87.58481110058176 98.70834450154607 111.41931701935894 125.23529824831508 139.82912586542542 154.98121738761475 87.1756715229221 85.24605827993223 86.7920565335801 91.63792654008742 99.30174198711823 109.19175893876681 120.76225550741341 133.57725242730115 147.3123221300989 161.73322481754803 101.17135464497497 99.45296869634652 100.72143736281768 104.86843131431021 111.57344131909113 120.40989456069447 130.947002968152 142.80881429794795 155.69284592137055 169.36597082716045
57.74747745022017 95.69979163956548 65.16060966407336 77.7533785035587 119.03732699931554 68.21832004249661 86.47554583757567 101.29497449555015 84.45514200148004 79.11236078943593 133.3375121571148 70.82537230979042 108.88895715226587 113.36226433567681 55.729650429013844 39.90932643798958 40.27382165883205 43.59558888394112 51.99415273479428 111.00192047370818 57.828717824278534 97.27393520265535 49.38399094551347 53.005959199017006 115.73760534821623 70.72663938955743 81.40952434202069 91.39148758292849 37.738359967981594 66.42272170993031 131.04992929104546 70.96759476478154 99.35498375908726 60.589937925807945 59.47481644462319 43.62323549642709 37.039930080751134 74.60384151632978 99.82455137241108 113.21578544905282 44.77578681727379 33.21310015797055 28.285307659750636 33.101614870394776 44.610367124195996 59.01832319843222 74.66558619315674 90.91450225411432 107.4925734582983 124.268136089515 37.40707011768868 22.367293586928636 14.142679045357863 22.325938710862125 37.357627449083516 53.77220228408964 70.61175375868223 87.63162910611062 104.7439625524921 121.90982562150108 34.60386117178588 17.301930585894358 0.0 17.30193058589294 34.603861171787294 51.90579175767881 69.20772234357318 86.50965292946613 103.81158351536045 121.11351410125201 37.40707011768868 22.367293586928636 14.142679045357863 22.325938710862125 37.357627449083516 53.77220228408964 70.61175375868223 87.63162910611062 104.7439625524921 121.90982562150108 44.77578681727379 33.21310015797055 28.285307659750636 33.101614870394776 44.610367124195996 59.01832319843222 74.66558619315674 90.91450225411432 107.4925734582983 124.268136089515 54.90141317626382 45.91068303294724 42.42783541189621 45.72916325868464 54.59758493127556 66.85312963224911 80.97215790693406 96.13711314358693 111.92365006478559 128.10217451918336 66.53688297022894 59.2817332587922 56.57021186987806 59.03178562394762 66.09094058166339 76.48510318955847 89.05407044356672 103.00476583438699 117.84750305199445 133.28459789126933 79.01788325789705 72.9567627867381 70.71238660082815 72.63940405889038 78.43094699154645 87.32143431284678 98.47507986826085 111.21303358559587 125.05209051654312 139.66531732684285 92.00079660311631 86.7920565335801 84.85430917060957 86.40789719813726 91.27471619995745 98.96717204233026 108.88804650517929 120.48813387897007 133.3298629073621 147.08838323387104 105.29998731114176 100.72143736281768 98.99592914349984 100.27086045082541 104.43640337546876 111.16809195962584 120.03496330103538 130.60285442225612 142.49380398588198 155.404402082167
65.68278997466084 94.00094807598572 69.70546709581893 86.11502280671867 101.75312590746371 51.33694775087333 70.28960541554875 85.03291419401444 85.80082589686482 61.96991996258424 116.76995716131613 56.62538914360896 101.45840594389158 98.01824983064752 52.28035096539672 23.5914291722744 31.435731366428563 33.04283002700781 39.96370025450982 94.22129050999136 66.57941507556784 94.3300499609494 34.63969296312477 58.364046855066924 98.47264872649667 54.5492923945406 65.23348987354436 75.06855699253086 35.905878502741984 49.60459180950881 114.66711279434853 56.16691830901669 91.27361793211487 47.756877711050564 59.90778358280617 28.076030571446445 26.432223276243867 58.02934912363006 86.49270068032688 96.25671902972653 59.143269961539225 44.693028439595786 33.101614870394776 28.15451526051742 32.99009334170501 44.52780585696473 58.9560381703524 74.61643978080359 90.87420668600227 107.45854783303132 53.80651191338391 37.38231957743654 22.325938710862125 14.077282809149676 22.2846331110758 37.332994577686705 53.75511812848564 70.59876482977721 87.62117949198141 104.73523392444578 51.90579175767881 34.603861171787294 17.30193058589294 0.0 17.301930585894358 34.60386117178588 51.90579175768023 69.20772234357318 86.50965292946755 103.81158351535905 53.80651191338391 37.38231957743654 22.325938710862125 14.077282809149676 22.2846331110758 37.332994577686705 53.75511812848564 70.59876482977721 87.62117949198141 104.73523392444578 59.143269961539225 44.693028439595786 33.101614870394776 28.15451526051742 32.99009334170501 44.52780585696473 58.9560381703524 74.61643978080359 90.87420668600227 107.45854783303132 67.10111479027498 54.74948010468224 45.72916325868464 42.23164699600987 45.547474998379435 54.44573247290707 66.72936329135094 80.87016075705709 96.05135455130664 111.85011111233612 76.8701898672478 66.3139494717308 59.03178562394762 56.30862765691047 58.78153960680249 65.86786214636365 76.29272012471435 88.8891502895883 102.86243701635748 117.72331490759551 87.84819750085569 78.72451834995566 72.63940405889038 70.38540688356808 72.32162352930075 78.13717556457814 87.05807502950596 98.24198642871605 111.00701155135837 124.86918985687117 99.63620323462439 91.63792654008742 86.40789719813726 84.46193431508496 86.02319763184191 90.91117228259318 98.6325022135823 108.58442923205767 120.21424450247629 133.0827916033478 111.97855235298562 104.86843131431021 100.27086045082541 98.53815958900601 99.81962835737633 104.00391043647413 110.76251368043123 119.66002405528074 130.2588735765128 142.1790870736467
76.76187694744115 95.45981624896193 77.91336448625663 96.87463560939042 84.47618319235195 34.87030251169713 54.79002746641349 69.27647368286317 90.49624849956251 44.94985531043622 100.45029063408077 44.669264992763416 96.58923765677947 83.44371504155569 54.400151142752385 10.911911883053177 30.872947809964764 29.694968654566903 33.00774428145921 77.66973268338968 78.23155461676474 94.51332351621292 23.659024159321202 67.83651209023581 81.22342745443076 39.340873225887556 49.819836116452976 59.30330846028845 41.86869695964859 33.286120374976036 98.59876019755781 43.263775742652435 85.95936732636052 38.5876332230143 65.11012010621094 16.50008388578626 24.98157675636634 42.04508775915834 74.80461150925123 79.44563766415077 74.76423794618766 59.08073454154051 44.610367124195996 32.99009334170501 28.023515218807418 32.878538509794545 44.44534763782584 58.89388169840732 74.56741526337018 90.83402049468404 70.63784506968842 53.78933372916446 37.357627449083516 22.2846331110758 14.01178275052994 22.243378284014153 37.30842180802649 53.73808181168165 70.58581425790777 87.610761614905 69.20772234357318 51.905791757681655 34.603861171787294 17.301930585894358 0.0 17.301930585891526 34.60386117178588 51.90579175767881 69.20772234357318 86.50965292946472 70.63784506968842 53.78933372916446 37.357627449083516 22.2846331110758 14.01178275052994 22.243378284014153 37.30842180802649 53.73808181168165 70.58581425790777 87.610761614905 74.76423794618766 59.08073454154051 44.610367124195996 32.99009334170501 28.023515218807418 32.878538509794545 44.44534763782584 58.89388169840732 74.56741526337018 90.83402049468404 81.17671237833643 66.9770482950192 54.59758493127556 45.547474998379435 42.03514712227416 45.36562161972311 54.293927586435835 66.60575378273758 80.76835529731468 95.96579033166792 89.38452306236493 76.67759526240967 66.09094058166339 58.78153960680249 56.04662817775985 58.53099880974769 65.64472007111253 76.10045259133211 88.72444226713377 102.72036110685427 98.94177226103011 87.58481110058176 78.43094699154645 72.32162352930075 70.0579081011764 72.0034250495372 77.8432105189824 86.79474121408228 98.00907230488815 110.80125846913936 109.49555681927438 99.30174198711823 91.27471619995745 86.02319763184191 84.0689366072115 85.63796197877345 90.5473015586182 98.29774140324648 108.28091691370844 119.94059707589545 120.7848069006568 111.57344131909113 104.43640337546876 99.81962835737633 98.07966340902348 99.36774555776098 103.57095950941104 110.35671598699405 119.28508785995683 129.91507194977257
89.82895809567108 99.93820569252783 88.77401488676084 109.32649030579543 67.21209640808328 19.877287744469776 40.76733335488885 54.46624447297898 98.06140328353115 28.274036967973725 84.52222268444396 37.18815645985586 94.67746866838941 70.12012418582403 61.51599774674704 16.742078974711188 38.94588310479694 35.643554981966105 34.36034709063282 61.532379428725676 91.68551402932714 97.80617802128275 22.766243618488318 79.9745142670702 64.00266519799759 26.80474837906663 36.157077625508336 44.68989190951526 53.060822036413654 18.815653123269936 83.02764741432637 34.46003836766472 83.93945020240263 35.99998312554678 74.08379991829624 18.84023624985049 33.885198392749956 27.692694052964523 65.64426062682847 62.90130548244004 90.9954161857329 74.71485281147861 59.01832319843222 44.52780585696473 32.878538509794545 27.8923085007721 32.76695334225426 44.36299548072211 58.83185602661183 74.51851432910468 87.65262226642712 70.62478064038355 53.77220228408964 37.332994577686705 22.243378284014153 13.94617935257457 22.202175733148113 37.28390998456546 53.72109388201844 70.57290244634572 86.50965292946472 69.20772234357318 51.90579175767881 34.60386117178588 17.301930585891526 0.0 17.301930585894358 34.603861171787294 51.905791757681655 69.20772234357318 87.65262226642712 70.62478064038355 53.77220228408964 37.332994577686705 22.243378284014153 13.94617935257457 22.202175733148113 37.28390998456546 53.72109388201844 70.57290244634572 90.9954161857329 74.71485281147861 59.01832319843222 44.52780585696473 32.878538509794545 27.8923085007721 32.76695334225426 44.36299548072211 58.83185602661183 74.51851432910468 96.30920126310535 81.0743430202262 66.85312963224911 54.44573247290707 45.36562161972311 41.83833723991531 45.18360652613228 54.142175169100625 66.4823056378557 80.6667452624234 103.29016126255163 89.21919670112584 76.48510318955847 65.86786214636365 58.53099880974769 55.784215364726066 58.28016686964755 65.42152032100168 75.9083071606587 88.55995243216357 111.62585433518223 98.70834450154607 87.32143431284678 78.13717556457814 72.0034250495372 69.7298926690251 71.68481250302489 77.5490583739056 86.53144090262502 97.77634567348795 121.03659975118865 109.19175893876681 98.96717204233026 90.91117228259318 85.63796197877345 83.6753189454314 85.25219441242221 90.18311087076549 97.96289860407566 107.97751942597753 131.29130778391448 120.40989456069447 111.16809195962584 104.00391043647413 99.36774555776098 97.62044398506234 98.91521655470012 103.13755767799645 109.95070848613668 118.91016585581153
104.13835402350227 107.05785144060705 101.43890872501201 122.95753952793022 49.97419096301097 13.152487097117449 30.34326460381544 41.62478155604826 107.89432417145085 13.306614982240909 69.25646982615815 37.00380971427883 95.90012963412623 58.90256367760688 72.1648092925265 32.252716052226276 51.760350844300746 47.516777681652236 43.24886295549693 46.24489825471929 106.25907277353298 103.9134194246139 32.79581683013122 93.74835275416046 46.84176023830083 22.090631254751795 27.043719721218604 32.80549317781944 66.90755757933499 14.099805215244585 68.29473570334922 33.19552034142573 85.44781294998168 41.25165948877129 85.65154723564872 32.19268074864968 47.65548138415985 19.096938430973314 60.17727496134263 46.90682915110402 107.56091230116948 90.95490586570992 74.66558619315674 58.9560381703524 44.44534763782584 32.76695334225426 27.76089607408694 32.65534083679141 44.280752413602436 58.76996340177343 104.76149973408346 87.64211013773219 70.61175375868223 53.75511812848564 37.30842180802649 22.202175733148113 13.880473099121566 22.161026968940693 37.25945995141222 53.70415488679709 103.81158351535905 86.50965292946755 69.20772234357318 51.90579175768023 34.60386117178588 17.301930585894358 0.0 17.30193058589294 34.603861171787294 51.90579175767881 104.76149973408346 87.64211013773219 70.61175375868223 53.75511812848564 37.30842180802649 22.202175733148113 13.880473099121566 22.161026968940693 37.25945995141222 53.70415488679709 107.56091230116948 90.95490586570992 74.66558619315674 58.9560381703524 44.44534763782584 32.76695334225426 27.76089607408694 32.65534083679141 44.280752413602436 58.76996340177343 112.07127398225846 96.2230630623129 80.97215790693406 66.72936329135094 54.293927586435835 45.18360652613228 41.64121880044524 45.001433157420195 53.99048015890897 66.3590234091405 118.09665296475113 103.1473423240713 89.05407044356672 76.29272012471435 65.64472007111253 58.28016686964755 55.52139115315582 58.029047458536354 65.19826892181635 75.71629045204703 125.41880631391945 111.41931701935894 98.47507986826085 87.05807502950596 77.8432105189824 71.68481250302489 69.40136300629368 71.36578980569396 77.25472571892789 86.26818220453976 133.82495112110578 120.76225550741341 108.88804650517929 98.6325022135823 90.5473015586182 85.25219441242221 83.28108423275421 84.86589913627338 89.81860713526457 97.62798290052254 143.1241068113098 130.947002968152 120.03496330103538 110.76251368043123 103.57095950941104 98.91521655470012 97.16050470395902 98.46204587886662 102.70371209902201 109.54450088771137
119.24366209827814 116.33482845547823 115.31509796076637 137.41732116516027 32.80376660179161 23.44316624411868 27.89555204048472 33.12675299192571 119.43621777011765 12.386444198794527 55.20523837832318 44.20760220208928 100.14247950885658 51.19466921448326 85.02941613649124 48.9784776610075 66.63478995662848 61.999472673878806 56.205011046869174 33.00996916759018 121.55018440532112 112.37712913981673 47.239185887737946 108.5370190665151 29.84414878626412 29.261043503024954 27.460910627971774 27.457680631062864 82.07617841464597 25.343498645150266 55.076833438041874 40.18829768510081 90.30783545197653 52.0202586916117 98.90734118614228 48.129983832670185 63.186975594043965 23.68992750639606 59.43177861007443 32.28991348311847 124.32716332434735 107.5266953135818 90.91450225411432 74.61643978080359 58.89388169840732 44.36299548072211 32.65534083679141 27.629278907944446 32.543704021694104 44.198621478411155 121.92487057658218 104.7527179106908 87.63162910611062 70.59876482977721 53.73808181168165 37.28390998456546 22.161026968940693 13.814664474767527 22.119933508868655 37.23507255229012 121.11351410125201 103.81158351536045 86.50965292946613 69.20772234357318 51.90579175767881 34.603861171787294 17.30193058589294 0.0 17.301930585894358 34.60386117178588 121.92487057658218 104.7527179106908 87.63162910611062 70.59876482977721 53.73808181168165 37.28390998456546 22.161026968940693 13.814664474767527 22.119933508868655 37.23507255229012 124.32716332434735 107.5266953135818 90.91450225411432 74.61643978080359 58.89388169840732 44.36299548072211 32.65534083679141 27.629278907944446 32.543704021694104 44.198621478411155 128.2309761503434 111.99737186592343 96.13711314358693 80.87016075705709 66.60575378273758 54.142175169100625 45.001433157420195 41.443793257651 44.81910499051272 53.83884753503213 133.5046030894321 117.9719505661448 103.00476583438699 88.8891502895883 76.10045259133211 65.42152032100168 58.029047458536354 55.25815748142878 57.77764428435607 64.97497196093578 139.99325398315926 125.23529824831508 111.21303358559587 98.24198642871605 86.79474121408228 77.5490583739056 71.36578980569396 69.07232153595157 71.0463609066642 76.96021921531099 147.5366196973306 133.57725242730115 120.48813387897007 108.58442923205767 98.29774140324648 90.18311087076549 84.86589913627338 82.88623537673583 84.47908038442331 89.4537973432646 155.9816557458976 142.80881429794795 130.60285442225612 119.66002405528074 110.35671598699405 103.13755767799645 98.46204587886662 96.69984895785183 98.0082380894369 102.26943000383677
134.87773807313184 127.29835515910807 130.0153243338951 152.4702343737766 15.920676057974152 39.04982648107515 35.132888001878506 32.570688657427205 132.24036295125612 26.990649478647242 43.560134555644105 56.01829574441523 107.04609795836338 48.69269206451962 99.25192040141269 66.00195415381067 82.46190484007208 77.64492490472175 71.03696792254861 25.287073135492932 137.31934979883786 122.71067480020214 63.136574929377154 123.97788320114749 13.634855925621675 42.69815650135266 37.08841828508166 32.099189520739145 97.9545008705773 41.04258826948024 44.73757040334899 52.22034416335618 98.02224501738797 65.64466845274802 113.2600247213263 64.77140149619872 79.45346818337555 36.829935207294156 63.574087600292486 21.99404252583577 141.22268522556516 124.29760714740988 107.4925734582983 90.87420668600227 74.56741526337018 58.83185602661183 44.280752413602436 32.543704021694104 27.497457973046906 32.43204595626702 139.12256792443495 121.91733659048563 104.7439625524921 87.62117949198141 70.58581425790777 53.72109388201844 37.25945995141222 22.119933508868655 13.748753964864003 22.078896877389994 138.4154446871464 121.11351410125484 103.81158351536045 86.50965292946755 69.20772234357318 51.905791757681655 34.603861171787294 17.301930585894358 0.0 17.301930585891526 139.12256792443495 121.91733659048563 104.7439625524921 87.62117949198141 70.58581425790777 53.72109388201844 37.25945995141222 22.119933508868655 13.748753964864003 22.078896877389994 141.22268522556516 124.29760714740988 107.4925734582983 90.87420668600227 74.56741526337018 58.83185602661183 44.280752413602436 32.543704021694104 27.497457973046906 32.43204595626702 144.65510922529978 128.1664909998435 111.92365006478559 96.05135455130664 80.76835529731468 66.4823056378557 53.99048015890897 44.81910499051272 41.24606206758399 44.636625540155435 149.32794857896513 133.39447415491762 117.84750305199445 102.86243701635748 88.72444226713377 75.9083071606587 65.19826892181635 57.77764428435607 54.994516290942904 57.52596109169391 155.12908787799913 139.82912586542542 125.05209051654312 111.00701155135837 98.00907230488815 86.53144090262502 77.25472571892789 71.0463609066642 68.74277068474011 70.72652978893316 161.937235697675 147.3123221300989 133.3298629073621 120.21424450247629 108.28091691370844 97.96289860407566 89.81860713526457 84.47908038442331 82.49077528945672 84.0917424222012 169.63109512657357 155.69284592137055 142.49380398588198 130.2588735765128 119.28508785995683 109.95070848613668 102.70371209902201 98.0082380894369 96.23848014415542 97.5537977746474
150.8762957177291 139.55149693672686 145.28967765960886 167.95687889170262 5.437116059364792 55.66784198071332 47.845456356143906 40.286802145162156 145.9749828636639 43.61512903168954 36.688684183939 70.14623318644675 116.1373648788798 52.151359726784946 114.32666348864873 83.14046985151664 98.78484434005789 93.87355014069094 86.78828712100523 28.06999509345261 153.41922971634074 134.4837179888935 79.62176105152069 139.855091752923 8.936371759925379 58.213123042787224 50.94811332576196 43.65205160565056 114.24699905909648 57.66634973658707 39.599858547305075 66.61484663211061 107.98099305026531 80.69104632029597 128.3421237218545 81.68773480706128 96.0823816879194 52.44413640978332 71.76272944951876 22.88118883855232 158.2060672066715 141.1967057456475 124.268136089515 107.45854783303132 90.83402049468404 74.51851432910468 58.76996340177343 44.198621478411155 32.43204595626702 27.365434241599328 156.34326448173894 139.1159754459505 121.90982562150108 104.73523392444578 87.610761614905 70.57290244634572 53.70415488679709 37.23507255229012 22.078896877389994 13.682742055513986 155.7173752730379 138.4154446871464 121.11351410125201 103.81158351535905 86.50965292946472 69.20772234357318 51.90579175767881 34.60386117178588 17.301930585891526 0.0 156.34326448173894 139.1159754459505 121.90982562150108 104.73523392444578 87.610761614905 70.57290244634572 53.70415488679709 37.23507255229012 22.078896877389994 13.682742055513986 158.2060672066715 141.1967057456475 124.268136089515 107.45854783303132 90.83402049468404 74.51851432910468 58.76996340177343 44.198621478411155 32.43204595626702 27.365434241599328 161.26289899771575 144.59803662487258 128.10217451918336 111.85011111233612 95.96579033166792 80.6667452624234 66.3590234091405 53.83884753503213 44.636625540155435 41.048026688549264 165.44754752783282 149.2296487698393 133.28459789126933 117.72331490759551 102.72036110685427 88.55995243216357 75.71629045204703 64.97497196093578 57.52596109169391 54.73046952610043 170.67702016178032 154.98121738761475 139.66531732684285 124.86918985687117 110.80125846913936 97.77634567348795 86.26818220453976 76.96021921531099 70.72652978893316 68.41271288315473 176.8585875835554 161.73322481754803 147.08838323387104 133.0827916033478 119.94059707589545 107.97751942597753 97.62798290052254 89.4537973432646 84.0917424222012 82.09470688750076 183.89617848724086 169.36597082716045 155.404402082167 142.1790870736467 129.91507194977257 118.91016585581153 109.54450088771137 102.26943000383677 97.5537977746474 95.77640166553617
42.71781839932233 95.48067135289224 56.35975215703469 57.17146641539712 154.71272869569216 101.56089388638726 123.82305825355911 131.94472981893185 79.13306392790776 115.58655901846605 164.41011886173982 97.98362754009929 119.48031341356534 141.21185564415558 66.00472365600159 73.28820986177844 63.499141608563534 68.33626362473846 77.36471728451852 148.02778746635687 40.608908500416554 99.51345324452882 79.36009101723837 46.059630849681305 150.28133932390605 102.08732548425007 118.75638783186385 122.45932518412319 51.724455154063556 103.4105534427556 161.52786074929136 99.31391453321702 112.03375377608401 86.1590987257017 61.20444321403304 75.44819111479138 63.45399993074332 106.85485683543261 123.44510570056042 150.01658191484051 42.81927208470929 46.09203098851991 54.901413176263894 67.10111479027503 81.17671237833649 96.3092012631054 112.07127398225848 128.2309761503434 144.6551092252998 161.2628989977158 28.546265673844484 33.32454629578924 44.775786817273854 59.14326996153928 74.7642379461877 90.99541618573292 107.5609123011695 124.32716332434738 141.22268522556516 158.2060672066715 14.273158122068015 22.408696249837647 37.40707011768868 53.80651191338391 70.63784506968842 87.65262226642712 104.76149973408346 121.92487057658218 139.12256792443495 156.34326448173894 0.0 17.301930585891526 34.60386117178588 51.90579175767881 69.20772234357318 86.50965292946472 103.81158351535905 121.11351410125201 138.4154446871464 155.7173752730379 14.273158122067928 22.408696249837586 37.40707011768865 53.806511913383886 70.6378450696884 87.65262226642709 104.76149973408344 121.92487057658218 139.12256792443495 156.34326448173894 28.546265673844303 33.32454629578909 44.77578681727373 59.1432699615392 74.76423794618765 90.99541618573286 107.56091230116945 124.32716332434734 141.22268522556513 158.2060672066715 42.819272084709105 46.092030988519745 54.90141317626376 67.10111479027492 81.17671237833639 96.3092012631053 112.07127398225842 128.23097615034334 144.65510922529975 161.26289899771575 57.09212678338551 59.53137894272129 66.53688297022894 76.8701898672478 89.38452306236493 103.29016126255163 118.09665296475113 133.5046030894321 149.32794857896513 165.44754752783282 71.3647791976111 73.2736958924878 79.01788325789697 87.84819750085562 98.94177226103004 111.62585433518218 125.41880631391939 139.99325398315924 155.1290878779991 170.6770201617803 85.6371787538099 87.175671522922 92.00079660311623 99.6362032346243 109.49555681927431 121.0365997511886 133.8249511211057 147.53661969733054 161.93723569767496 176.85858758355536
40.16248584883178 87.22556605168546 50.98504618356787 58.73480495055136 137.55313866597945 84.25983269317034 107.67001958324369 114.82666347511831 72.82781279984235 98.7025110308289 147.28686261592586 81.22428455885402 107.362331438949 124.5207998077503 52.84473432466933 56.01740050313891 46.94610368409533 51.639400434725346 60.70349493630837 131.40346214895786 39.323568424678705 90.29333774356901 62.15809633689546 39.07323692464679 132.99902102564263 84.85125879492897 102.61223896852634 105.28266081715556 36.698480566606854 86.84632995403088 144.4734163713332 82.38637795861835 99.11469577343924 69.56529169860397 51.05941759462634 58.14948114007515 46.453507161964495 89.57549347502422 107.53685887012047 133.23471097331648 46.09203098851991 42.623710923003614 45.910683032947325 54.749480104682306 66.97704829501926 81.07434302022625 96.22306306231295 111.99737186592345 128.16649099984352 144.59803662487263 33.32454629578924 28.41589145188701 33.21310015797062 44.693028439595835 59.08073454154055 74.71485281147864 90.95490586570996 107.5266953135818 124.2976071474099 141.19670574564753 22.408696249837647 14.2079709768443 22.367293586928636 37.38231957743654 53.78933372916446 70.62478064038355 87.64211013773219 104.7527179106908 121.91733659048563 139.1159754459505 17.301930585891526 0.0 17.301930585894358 34.603861171787294 51.905791757681655 69.20772234357318 86.50965292946755 103.81158351536045 121.11351410125484 138.4154446871464 22.408696249837586 14.207970976844209 22.36729358692858 37.382319577436505 53.78933372916444 70.62478064038352 87.64211013773217 104.75271791069079 121.91733659048562 139.1159754459505 33.32454629578909 28.41589145188683 33.21310015797047 44.69302843959573 59.08073454154047 74.71485281147856 90.9549058657099 107.52669531358175 124.29760714740986 141.1967057456475 46.092030988519745 42.623710923003436 45.91068303294716 54.74948010468216 66.97704829501915 81.07434302022615 96.22306306231287 111.99737186592338 128.16649099984343 144.59803662487258 59.53137894272129 56.831378887424094 59.2817332587922 66.3139494717308 76.67759526240967 89.21919670112584 103.1473423240713 117.9719505661448 133.39447415491762 149.2296487698393 73.2736958924878 71.03884484141018 72.95676278673801 78.72451834995559 87.58481110058169 98.708344501546 111.41931701935887 125.23529824831503 139.8291258654254 154.9812173876147 87.175671522922 85.24605827993213 86.79205653358 91.63792654008734 99.30174198711816 109.19175893876672 120.76225550741337 133.5772524273011 147.3123221300988 161.733224817548
44.72073607233443 81.845722797342 51.197942778329136 65.03595654192573 120.43427827147376 66.95922075210707 91.9359650648337 97.77333783796928 70.31662773179104 81.99286352960944 130.2108435272768 64.75097472519613 96.83220898730814 108.02212089927771 42.7459329986856 38.77434905921902 31.21609652849741 35.526368259970766 44.533594531627 114.97921607389459 45.191910529969135 83.67513647446243 45.03273430365908 39.12355491631395 115.72256314091345 67.64882477926056 86.91472476607291 88.15499817033412 24.836445460593943 70.63665769980604 127.48567222630057 65.65431294913768 87.71871732966676 53.422659691234095 45.46260068353208 40.853498836620716 29.802007514889382 72.30692300589901 92.13230394934988 116.60492851100021 54.901413176263894 45.910683032947325 42.427835411896304 45.72916325868473 54.59758493127564 66.85312963224918 80.9721579069341 96.13711314358697 111.92365006478563 128.1021745191834 44.775786817273854 33.21310015797062 28.285307659750725 33.101614870394855 44.610367124196046 59.01832319843226 74.66558619315678 90.91450225411435 107.49257345829832 124.26813608951501 37.40707011768868 22.367293586928636 14.142679045357863 22.325938710862125 37.357627449083516 53.77220228408964 70.61175375868223 87.63162910611062 104.7439625524921 121.90982562150108 34.60386117178588 17.301930585894358 0.0 17.30193058589294 34.603861171787294 51.90579175767881 69.20772234357318 86.50965292946613 103.81158351536045 121.11351410125201 37.40707011768865 22.36729358692858 14.142679045357772 22.32593871086207 37.35762744908348 53.77220228408961 70.61175375868221 87.63162910611061 104.7439625524921 121.90982562150107 44.77578681727373 33.21310015797047 28.285307659750547 33.1016148703947 44.61036712419594 59.018323198432185 74.66558619315671 90.9145022541143 107.49257345829828 124.26813608951497 54.90141317626376 45.91068303294716 42.427835411896126 45.72916325868456 54.5975849312755 66.85312963224905 80.97215790693402 96.13711314358689 111.92365006478558 128.10217451918334 66.53688297022894 59.2817332587922 56.57021186987806 59.03178562394762 66.09094058166339 76.48510318955847 89.05407044356672 103.00476583438699 117.84750305199445 133.28459789126933 79.01788325789697 72.95676278673801 70.71238660082807 72.63940405889029 78.43094699154636 87.32143431284672 98.47507986826078 111.21303358559582 125.05209051654306 139.66531732684282 92.00079660311623 86.79205653358 84.85430917060948 86.40789719813718 91.27471619995735 98.96717204233018 108.88804650517922 120.48813387897002 133.32986290736204 147.08838323387099
54.6403596680026 79.92388569024945 56.93579624785552 74.88839405539086 103.376383658302 49.65952760294721 76.87857582944794 80.82574199162651 71.99760594486303 65.59104042315946 113.20343988931589 48.85390714436952 88.45883082060381 91.81957978090821 38.21740534394361 21.625555767586526 18.538205930340354 21.361891762250103 29.669508149224733 98.85482616029931 56.00875539282953 80.30474610161745 28.124343586677128 46.18759260417741 98.45505079663327 50.51439546633777 71.9567442022266 71.11175307637802 22.037034797350486 55.09536928795238 110.59536858907538 49.31707845161567 78.51186751547749 38.305907787084244 46.101363066794406 23.566250730571458 14.734452145564394 55.05930147745831 77.53225372590789 100.20298540656472 67.10111479027503 54.749480104682306 45.72916325868473 42.231646996009964 45.54747499837952 54.445732472907146 66.72936329135099 80.87016075705712 96.05135455130669 111.85011111233615 59.14326996153928 44.693028439595835 33.101614870394855 28.154515260517506 32.99009334170509 44.52780585696479 58.95603817035245 74.61643978080363 90.8742066860023 107.45854783303135 53.80651191338391 37.38231957743654 22.325938710862125 14.077282809149676 22.2846331110758 37.332994577686705 53.75511812848564 70.59876482977721 87.62117949198141 104.73523392444578 51.90579175767881 34.603861171787294 17.30193058589294 0.0 17.301930585894358 34.60386117178588 51.90579175768023 69.20772234357318 86.50965292946755 103.81158351535905 53.806511913383886 37.382319577436505 22.32593871086207 14.077282809149589 22.284633111075745 37.33299457768667 53.755118128485634 70.59876482977717 87.6211794919814 104.73523392444575 59.1432699615392 44.69302843959573 33.1016148703947 28.154515260517325 32.99009334170494 44.52780585696468 58.95603817035236 74.61643978080357 90.87420668600224 107.45854783303132 67.10111479027492 54.74948010468216 45.72916325868456 42.23164699600978 45.54747499837936 54.445732472907004 66.72936329135088 80.87016075705704 96.05135455130662 111.85011111233608 76.8701898672478 66.3139494717308 59.03178562394762 56.30862765691047 58.78153960680249 65.86786214636365 76.29272012471435 88.8891502895883 102.86243701635748 117.72331490759551 87.84819750085562 78.72451834995559 72.63940405889029 70.38540688356798 72.32162352930065 78.13717556457807 87.0580750295059 98.24198642871599 111.00701155135833 124.86918985687113 99.6362032346243 91.63792654008734 86.40789719813718 84.46193431508487 86.02319763184182 90.91117228259311 98.63250221358223 108.58442923205759 120.21424450247625 133.08279160334774
67.60103016132905 81.70443601151199 66.78953198815812 87.09514954909214 86.41556516866086 32.36222673946002 62.985032862989776 64.06783572458524 77.59878669034146 49.80211266479049 96.3010124111304 34.342844208997036 82.89833756388472 76.10255887712188 41.141606625850415 5.531067799453116 17.652134178142315 15.787666421112565 19.391501056625845 83.2048042100244 69.50078232283062 80.59068301188034 12.358137812086312 57.74635337028754 81.20219095678185 33.552318623808006 58.310226816419686 54.23257174721368 30.87270824738694 40.98990051810123 93.85512681371317 33.94954385128608 72.33493506627451 26.065606032959757 52.749663242669506 6.359369132785882 12.031691983553067 37.86126945983594 64.28719021941643 84.16219461459366 81.17671237833649 66.97704829501926 54.59758493127564 45.54747499837952 42.035147122274246 45.365621619723186 54.29392758643591 66.60575378273762 80.76835529731473 95.96579033166796 74.7642379461877 59.08073454154055 44.610367124196046 32.99009334170509 28.023515218807503 32.87853850979462 44.4453476378259 58.89388169840737 74.56741526337021 90.83402049468407 70.63784506968842 53.78933372916446 37.357627449083516 22.2846331110758 14.01178275052994 22.243378284014153 37.30842180802649 53.73808181168165 70.58581425790777 87.610761614905 69.20772234357318 51.905791757681655 34.603861171787294 17.301930585894358 0.0 17.301930585891526 34.60386117178588 51.90579175767881 69.20772234357318 86.50965292946472 70.6378450696884 53.78933372916444 37.35762744908348 22.284633111075745 14.01178275052985 22.2433782840141 37.30842180802645 53.73808181168163 70.58581425790776 87.610761614905 74.76423794618765 59.08073454154047 44.61036712419594 32.99009334170494 28.02351521880733 32.878538509794474 44.44534763782578 58.89388169840729 74.56741526337014 90.83402049468403 81.17671237833639 66.97704829501915 54.5975849312755 45.54747499837936 42.03514712227407 45.36562161972302 54.29392758643577 66.60575378273752 80.76835529731464 95.96579033166789 89.38452306236493 76.67759526240967 66.09094058166339 58.78153960680249 56.04662817775985 58.53099880974769 65.64472007111253 76.10045259133211 88.72444226713377 102.72036110685427 98.94177226103004 87.58481110058169 78.43094699154636 72.32162352930065 70.0579081011763 72.00342504953711 77.84321051898233 86.79474121408221 98.0090723048881 110.80125846913931 109.49555681927431 99.30174198711816 91.27471619995735 86.02319763184182 84.0689366072114 85.63796197877336 90.5473015586181 98.2977414032464 108.28091691370837 119.94059707589538
82.17624570032567 86.9602462078145 79.2382446236826 100.80454441819728 69.62280515950026 15.075554951469543 51.21150751664073 47.69996446353254 86.36074013945449 35.454579338717586 79.57048660197658 23.892861761836276 80.73404213704046 61.24599018094461 50.23345460457994 13.864858138544426 29.635164387246036 25.315663448390506 21.690846921048635 68.35574953513856 84.39456715760225 84.49583593073675 10.638691783717846 71.6567889330439 63.97583908283078 17.277884741247366 47.12852561762516 37.73824241527262 44.93694091404437 30.39003279980094 77.3624227302677 21.718211504817802 69.99472723717173 22.14046765365301 63.54857943055623 11.145787276207749 25.90622025285295 20.835984554545313 53.414780788364496 68.73586768998553 96.3092012631054 81.07434302022625 66.85312963224918 54.445732472907146 45.365621619723186 41.838337239915404 45.18360652613236 54.14217516910069 66.48230563785576 80.66674526242345 90.99541618573292 74.71485281147864 59.01832319843226 44.52780585696479 32.87853850979462 27.892308500772188 32.76695334225433 44.36299548072217 58.831856026611874 74.51851432910472 87.65262226642712 70.62478064038355 53.77220228408964 37.332994577686705 22.243378284014153 13.94617935257457 22.202175733148113 37.28390998456546 53.72109388201844 70.57290244634572 86.50965292946472 69.20772234357318 51.90579175767881 34.60386117178588 17.301930585891526 0.0 17.301930585894358 34.603861171787294 51.905791757681655 69.20772234357318 87.65262226642709 70.62478064038352 53.77220228408961 37.33299457768667 22.2433782840141 13.946179352574479 22.202175733148056 37.28390998456543 53.7210938820184 70.5729024463457 90.99541618573286 74.71485281147856 59.018323198432185 44.52780585696468 32.878538509794474 27.892308500772014 32.76695334225418 44.362995480722056 58.83185602661179 74.51851432910465 96.3092012631053 81.07434302022615 66.85312963224905 54.445732472907004 45.36562161972302 41.83833723991523 45.183606526132195 54.142175169100554 66.48230563785566 80.66674526242335 103.29016126255163 89.21919670112584 76.48510318955847 65.86786214636365 58.53099880974769 55.784215364726066 58.28016686964755 65.42152032100168 75.9083071606587 88.55995243216357 111.62585433518218 98.708344501546 87.32143431284672 78.13717556457807 72.00342504953711 69.72989266902502 71.6848125030248 77.54905837390552 86.53144090262495 97.7763456734879 121.0365997511886 109.19175893876672 98.96717204233018 90.91117228259311 85.63796197877336 83.67531894543131 85.25219441242213 90.18311087076542 97.96289860407559 107.97751942597746
97.6456713841508 95.11696049205607 93.24836930311817 115.48266045140522 53.15761453345941 2.4381538965598817 43.322371054690784 32.32023630319317 97.43445225541163 25.149848795791918 63.148640862997574 23.68581701578584 82.2345323878529 48.05466437358749 62.871890129273574 30.864047091338744 45.20619936199947 40.38845916943565 34.112567985789546 54.9607478842072 100.06614486022261 91.55826860630062 25.9297759388863 86.7954833406053 46.8052725436365 8.366946732638919 40.507026091787814 22.492014859512768 60.69797801564925 27.67031196554318 61.31732559300478 19.735799370356265 71.86703257223432 29.994933598324632 76.76601202859246 28.402978157484018 42.38178839353296 5.78915027679862 46.606204619450516 54.44879979185999 112.07127398225848 96.22306306231295 80.9721579069341 66.72936329135099 54.29392758643591 45.18360652613236 41.64121880044532 45.00143315742027 53.99048015890904 66.35902340914055 107.5609123011695 90.95490586570996 74.66558619315678 58.95603817035245 44.4453476378259 32.76695334225433 27.76089607408702 32.65534083679149 44.28075241360249 58.76996340177346 104.76149973408346 87.64211013773219 70.61175375868223 53.75511812848564 37.30842180802649 22.202175733148113 13.880473099121566 22.161026968940693 37.25945995141222 53.70415488679709 103.81158351535905 86.50965292946755 69.20772234357318 51.90579175768023 34.60386117178588 17.301930585894358 0.0 17.30193058589294 34.603861171787294 51.90579175767881 104.76149973408344 87.64211013773217 70.61175375868221 53.755118128485634 37.30842180802645 22.202175733148056 13.88047309912148 22.161026968940636 37.25945995141218 53.70415488679707 107.56091230116945 90.9549058657099 74.66558619315671 58.95603817035236 44.44534763782578 32.76695334225418 27.760896074086844 32.65534083679133 44.280752413602386 58.76996340177338 112.07127398225842 96.22306306231287 80.97215790693402 66.72936329135088 54.29392758643577 45.183606526132195 41.64121880044515 45.00143315742011 53.99048015890891 66.35902340914045 118.09665296475113 103.1473423240713 89.05407044356672 76.29272012471435 65.64472007111253 58.28016686964755 55.52139115315582 58.029047458536354 65.19826892181635 75.71629045204703 125.41880631391939 111.41931701935887 98.47507986826078 87.0580750295059 77.84321051898233 71.6848125030248 69.4013630062936 71.36578980569388 77.2547257189278 86.26818220453967 133.8249511211057 120.76225550741337 108.88804650517922 98.63250221358223 90.5473015586181 85.25219441242213 83.28108423275413 84.86589913627328 89.81860713526449 97.62798290052245
113.6447298674231 105.50388676096337 108.2151490450586 130.80378871882758 37.45451718129801 19.57882610173438 41.590171433092735 20.31306892293348 110.12473310731997 24.631555391215354 47.35768687099665 33.909854054079425 87.2108516330898 38.290179317583956 77.33728477523758 48.079705136000285 61.70632316482597 56.74755383062361 49.553543531374416 44.35724725668687 116.2012473585237 101.11858864513668 42.78128238256328 102.62028508925555 29.787119209179703 20.980933595037133 40.73384660396916 13.649879628232458 77.12244643369687 34.7339625810559 46.188686177851054 30.10041071428673 77.64771999342084 43.679549205460674 91.35821220574611 45.69401884701106 59.32969602918909 15.2185331363204 45.714782439146596 42.46683267542679 128.2309761503434 111.99737186592345 96.13711314358697 80.87016075705712 66.60575378273762 54.14217516910069 45.00143315742027 41.44379325765109 44.8191049905128 53.83884753503221 124.32716332434738 107.5266953135818 90.91450225411435 74.61643978080363 58.89388169840737 44.36299548072217 32.65534083679149 27.629278907944528 32.543704021694175 44.19862147841121 121.92487057658218 104.7527179106908 87.63162910611062 70.59876482977721 53.73808181168165 37.28390998456546 22.161026968940693 13.814664474767527 22.119933508868655 37.23507255229012 121.11351410125201 103.81158351536045 86.50965292946613 69.20772234357318 51.90579175767881 34.603861171787294 17.30193058589294 0.0 17.301930585894358 34.60386117178588 121.92487057658218 104.75271791069079 87.63162910611061 70.59876482977717 53.73808181168163 37.28390998456543 22.161026968940636 13.814664474767438 22.119933508868602 37.23507255229009 124.32716332434734 107.52669531358175 90.9145022541143 74.61643978080357 58.89388169840729 44.362995480722056 32.65534083679133 27.629278907944357 32.543704021694026 44.198621478411106 128.23097615034334 111.99737186592338 96.13711314358689 80.87016075705704 66.60575378273752 54.142175169100554 45.00143315742011 41.44379325765091 44.81910499051264 53.838847535032066 133.5046030894321 117.9719505661448 103.00476583438699 88.8891502895883 76.10045259133211 65.42152032100168 58.029047458536354 55.25815748142878 57.77764428435607 64.97497196093578 139.99325398315924 125.23529824831503 111.21303358559582 98.24198642871599 86.79474121408221 77.54905837390552 71.36578980569388 69.0723215359515 71.04636090666413 76.96021921531091 147.53661969733054 133.5772524273011 120.48813387897002 108.58442923205759 98.2977414032464 90.18311087076542 84.86589913627328 82.88623537673574 84.47908038442321 89.4537973432645
129.97798974007736 117.53121400354694 123.79208264720836 146.56641842373296 24.055386537954856 36.870447086938874 46.705054118803 19.477060685657147 123.93599357629408 34.345641291203705 33.11285742577453 48.347178469351604 95.11902299792233 34.95329034065058 92.77900142437296 65.3409536242492 78.55222811310406 73.53947586737921 65.92535161774526 38.89927021404151 132.63081311268826 112.5420079226689 59.89020194517016 118.85746232524279 13.51017339075532 37.53806910069204 47.71141599192465 21.574530930492717 93.86272042111612 47.39156117382273 33.251847912874666 44.95864272978778 86.55724111312324 59.28592783766009 106.76295683134003 62.991040192522966 76.43639694691547 32.068781112459156 51.05142387791395 35.22640690288333 144.6551092252998 128.16649099984352 111.92365006478563 96.05135455130669 80.76835529731473 66.48230563785576 53.99048015890904 44.8191049905128 41.246062067584084 44.63662554015552 141.22268522556516 124.2976071474099 107.49257345829832 90.8742066860023 74.56741526337021 58.831856026611874 44.28075241360249 32.543704021694175 27.497457973046995 32.432045956267096 139.12256792443495 121.91733659048563 104.7439625524921 87.62117949198141 70.58581425790777 53.72109388201844 37.25945995141222 22.119933508868655 13.748753964864003 22.078896877389994 138.4154446871464 121.11351410125484 103.81158351536045 86.50965292946755 69.20772234357318 51.905791757681655 34.603861171787294 17.301930585894358 0.0 17.301930585891526 139.12256792443495 121.91733659048562 104.7439625524921 87.6211794919814 70.58581425790776 53.7210938820184 37.25945995141218 22.119933508868602 13.748753964863916 22.07889687738994 141.22268522556513 124.29760714740986 107.49257345829828 90.87420668600224 74.56741526337014 58.83185602661179 44.280752413602386 32.543704021694026 27.497457973046817 32.43204595626695 144.65510922529975 128.16649099984343 111.92365006478558 96.05135455130662 80.76835529731464 66.48230563785566 53.99048015890891 44.81910499051264 41.24606206758391 44.63662554015536 149.32794857896513 133.39447415491762 117.84750305199445 102.86243701635748 88.72444226713377 75.9083071606587 65.19826892181635 57.77764428435607 54.994516290942904 57.52596109169391 155.1290878779991 139.8291258654254 125.05209051654306 111.00701155135833 98.0090723048881 86.53144090262495 77.2547257189278 71.04636090666413 68.74277068474002 70.72652978893308 161.93723569767496 147.3123221300988 133.32986290736204 120.21424450247625 108.28091691370837 97.96289860407559 89.81860713526449 84.47908038442321 82.49077528945665 84.0917424222011
146.53373915398112 130.74702521605735 139.77532724738225 162.64223456201822 18.793463638210017 54.16865242028242 56.84792867802237 30.737648679583028 138.5333659119397 48.48962320514004 23.428258711577243 64.21629325655425 105.30055079212357 39.69930463456274 108.78206210094613 82.61922250020919 95.56122189340688 90.52367960552019 82.67685421432003 40.71175905075567 149.25763446019806 125.32007134721695 77.08532791942604 135.35869474793347 8.745883642314826 54.55938937974227 59.094991608002104 36.65125162193701 110.7757200740572 62.3232051964788 26.01319654072814 61.1165793347071 97.74371119006543 75.63366118250518 122.6745232079423 80.29017702464579 93.61488038422883 49.23335428933043 61.00293393346253 35.73619168603162 161.2628989977158 144.59803662487263 128.1021745191834 111.85011111233615 95.96579033166796 80.66674526242345 66.35902340914055 53.83884753503221 44.63662554015552 41.048026688549356 158.2060672066715 141.19670574564753 124.26813608951501 107.45854783303135 90.83402049468407 74.51851432910472 58.76996340177346 44.19862147841121 32.432045956267096 27.365434241599417 156.34326448173894 139.1159754459505 121.90982562150108 104.73523392444578 87.610761614905 70.57290244634572 53.70415488679709 37.23507255229012 22.078896877389994 13.682742055513986 155.7173752730379 138.4154446871464 121.11351410125201 103.81158351535905 86.50965292946472 69.20772234357318 51.90579175767881 34.60386117178588 17.301930585891526 0.0 156.34326448173894 139.1159754459505 121.90982562150107 104.73523392444575 87.610761614905 70.5729024463457 53.70415488679707 37.23507255229009 22.07889687738994 13.682742055513897 158.2060672066715 141.1967057456475 124.26813608951497 107.45854783303132 90.83402049468403 74.51851432910465 58.76996340177338 44.198621478411106 32.43204595626695 27.36543424159924 161.26289899771575 144.59803662487258 128.10217451918334 111.85011111233608 95.96579033166789 80.66674526242335 66.35902340914045 53.838847535032066 44.63662554015536 41.04802668854918 165.44754752783282 149.2296487698393 133.28459789126933 117.72331490759551 102.72036110685427 88.55995243216357 75.71629045204703 64.97497196093578 57.52596109169391 54.73046952610043 170.6770201617803 154.9812173876147 139.66531732684282 124.86918985687113 110.80125846913931 97.7763456734879 86.26818220453967 76.96021921531091 70.72652978893308 68.41271288315465 176.85858758355536 161.733224817548 147.08838323387099 133.08279160334774 119.94059707589538 107.97751942597746 97.62798290052245 89.4537973432645 84.0917424222011 82.09470688750066
29.724215888139618 83.88048731896318 44.06217870005831 42.930143368766124 157.0494205669428 102.6612713000822 129.2680360636894 130.748672448134 66.76177635403407 119.26377561007526 163.0609527091726 95.7433487404887 110.31879665666953 138.34845706795656 58.88874530995247 75.36972360856089 61.47722151821795 66.52648732993417 75.218655284553 152.35276749298856 27.229025856642203 88.43401724540145 79.26115314074808 35.14789615662271 151.56584014480435 101.9238133822448 124.2323972772976 121.67220612026603 47.571125526375674 108.04323304821759 159.84820175677797 97.60922935080308 103.69481498093438 83.64893263532551 51.62340244177904 76.52195001761132 62.760211426012475 107.11364929202088 118.92649474089997 153.89206486098095 57.09212678338561 59.531378942721375 66.53688297022902 76.87018986724787 89.38452306236499 103.29016126255169 118.09665296475117 133.50460308943212 149.32794857896513 165.44754752783285 42.81927208470929 46.09203098851991 54.901413176263894 67.10111479027503 81.17671237833649 96.3092012631054 112.07127398225848 128.2309761503434 144.6551092252998 161.2628989977158 28.546265673844395 33.32454629578916 44.77578681727379 59.143269961539225 74.76423794618766 90.9954161857329 107.56091230116948 124.32716332434735 141.22268522556516 158.2060672066715 14.273158122067928 22.408696249837586 37.40707011768865 53.806511913383886 70.6378450696884 87.65262226642709 104.76149973408344 121.92487057658218 139.12256792443495 156.34326448173894 0.0 17.301930585891526 34.60386117178588 51.90579175767881 69.20772234357318 86.50965292946472 103.81158351535905 121.11351410125201 138.4154446871464 155.7173752730379 14.273158122067928 22.408696249837586 37.40707011768865 53.806511913383886 70.6378450696884 87.65262226642709 104.76149973408344 121.92487057658218 139.12256792443495 156.34326448173894 28.546265673844303 33.32454629578909 44.77578681727373 59.1432699615392 74.76423794618765 90.99541618573286 107.56091230116945 124.32716332434734 141.22268522556513 158.2060672066715 42.8192720847092 46.092030988519824 54.90141317626382 67.10111479027498 81.17671237833643 96.30920126310535 112.07127398225846 128.2309761503434 144.65510922529978 161.26289899771575 57.09212678338551 59.53137894272129 66.53688297022894 76.8701898672478 89.38452306236493 103.29016126255163 118.09665296475113 133.5046030894321 149.32794857896513 165.44754752783282 71.3647791976111 73.2736958924878 79.01788325789697 87.84819750085562 98.94177226103004 111.62585433518218 125.41880631391939 139.99325398315924 155.1290878779991 170.6770201617803
26.000808117847146 74.41231179679642 37.01583307896303 45.063373781825746 140.16424648575187 85.5769337018339 113.86216932599402 113.45662897823212 59.221900882247674 102.96516068308829 145.78626293126578 78.5198664560904 97.11333898110976 121.27904777629752 43.67941587673756 58.70235640983566 44.1859750728807 49.230813186310215 57.95653124617728 136.23528090648944 25.353997877264312 77.97473988956453 62.03230708250683 25.38999778785906 134.44212140937577 84.65536379530954 108.87508426805857 104.37029643315071 30.59831608480991 92.28974000695436 142.6016924651649 80.3328119129658 89.62706962465599 66.44572719399127 39.127970085254915 59.52977951417727 45.505636474935336 89.88263904486723 102.34261725739279 137.56409043267115 59.531378942721375 56.83137888742419 59.281733258792286 66.31394947173088 76.67759526240974 89.21919670112588 103.14734232407135 117.97195056614484 133.39447415491765 149.22964876983932 46.09203098851991 42.623710923003614 45.910683032947325 54.749480104682306 66.97704829501926 81.07434302022625 96.22306306231295 111.99737186592345 128.16649099984352 144.59803662487263 33.32454629578916 28.41589145188692 33.21310015797055 44.693028439595786 59.08073454154051 74.71485281147861 90.95490586570992 107.5266953135818 124.29760714740988 141.1967057456475 22.408696249837586 14.207970976844209 22.36729358692858 37.382319577436505 53.78933372916444 70.62478064038352 87.64211013773217 104.75271791069079 121.91733659048562 139.1159754459505 17.301930585891526 0.0 17.301930585894358 34.603861171787294 51.905791757681655 69.20772234357318 86.50965292946755 103.81158351536045 121.11351410125484 138.4154446871464 22.408696249837586 14.207970976844209 22.36729358692858 37.382319577436505 53.78933372916444 70.62478064038352 87.64211013773217 104.75271791069079 121.91733659048562 139.1159754459505 33.32454629578909 28.41589145188683 33.21310015797047 44.69302843959573 59.08073454154047 74.71485281147856 90.9549058657099 107.52669531358175 124.29760714740986 141.1967057456475 46.092030988519824 42.62371092300352 45.91068303294724 54.74948010468224 66.9770482950192 81.0743430202262 96.2230630623129 111.99737186592343 128.1664909998435 144.59803662487258 59.53137894272129 56.831378887424094 59.2817332587922 66.3139494717308 76.67759526240967 89.21919670112584 103.1473423240713 117.9719505661448 133.39447415491762 149.2296487698393 73.2736958924878 71.03884484141018 72.95676278673801 78.72451834995559 87.58481110058169 98.708344501546 111.41931701935887 125.23529824831503 139.8291258654254 154.9812173876147
32.669027381923044 68.09655223611996 37.38415942692723 53.0765739005019 123.39457013558665 68.60174242127123 99.08410915404326 96.16814177221515 56.178558219217926 87.05462230900645 128.51890077627638 61.340551824388605 85.38416713737435 104.28629194541907 30.76701427265726 42.54468355499602 26.908467221133908 31.941916189624795 40.728201910383895 120.44682594668164 33.80741304012884 70.27259034059654 44.859750857314225 25.546822778110524 117.37067636403651 67.40408699942259 94.19436780893648 87.06839505102688 14.429665465178978 77.20205467266075 125.37045373664124 63.07038271338991 76.89022515491628 49.311648590503005 31.55517933729189 42.786601561428775 28.308925994948837 72.68532833683427 86.04196769677192 121.50593625564598 66.53688297022902 59.281733258792286 56.57021186987815 59.031785623947705 66.09094058166346 76.48510318955854 89.05407044356677 103.00476583438706 117.8475030519945 133.28459789126939 54.901413176263894 45.910683032947325 42.427835411896304 45.72916325868473 54.59758493127564 66.85312963224918 80.9721579069341 96.13711314358697 111.92365006478563 128.1021745191834 44.77578681727379 33.21310015797055 28.285307659750636 33.101614870394776 44.610367124195996 59.01832319843222 74.66558619315674 90.91450225411432 107.4925734582983 124.268136089515 37.40707011768865 22.36729358692858 14.142679045357772 22.32593871086207 37.35762744908348 53.77220228408961 70.61175375868221 87.63162910611061 104.7439625524921 121.90982562150107 34.60386117178588 17.301930585894358 0.0 17.30193058589294 34.603861171787294 51.90579175767881 69.20772234357318 86.50965292946613 103.81158351536045 121.11351410125201 37.40707011768865 22.36729358692858 14.142679045357772 22.32593871086207 37.35762744908348 53.77220228408961 70.61175375868221 87.63162910611061 104.7439625524921 121.90982562150107 44.77578681727373 33.21310015797047 28.285307659750547 33.1016148703947 44.61036712419594 59.018323198432185 74.66558619315671 90.9145022541143 107.49257345829828 124.26813608951497 54.90141317626382 45.91068303294724 42.42783541189621 45.72916325868464 54.59758493127556 66.85312963224911 80.97215790693406 96.13711314358693 111.92365006478559 128.10217451918336 66.53688297022894 59.2817332587922 56.57021186987806 59.03178562394762 66.09094058166339 76.48510318955847 89.05407044356672 103.00476583438699 117.84750305199445 133.28459789126933 79.01788325789697 72.95676278673801 70.71238660082807 72.63940405889029 78.43094699154636 87.32143431284672 98.47507986826078 111.21303358559582 125.05209051654306 139.66531732684282
45.35635558608322 65.8466475347457 44.985397901752286 64.82470463363144 106.79481419395223 51.84302334216965 85.26093125175032 78.88554902771044 58.339740832898514 71.79064720130583 111.26227793046515 44.25686881791489 75.81954276628272 87.41490346484164 24.166872200814776 27.80010052209669 9.718251424480826 14.683754461968748 23.607771032229476 105.13574137367738 47.34730988560523 66.29559625945684 27.847814496131633 35.4871681513569 100.3781793129497 50.18769479775087 80.5609917473972 69.76650815274613 8.881828555061212 63.25838768978333 108.16178407143124 45.837748327876426 66.25632044466379 32.35669952514776 32.54488561569779 26.763869432901675 11.434209996091017 55.55302265364156 70.22206096108762 105.84048532590512 76.87018986724787 66.31394947173088 59.031785623947705 56.30862765691056 58.78153960680257 65.86786214636372 76.2927201247144 88.88915028958837 102.86243701635752 117.72331490759555 67.10111479027503 54.749480104682306 45.72916325868473 42.231646996009964 45.54747499837952 54.445732472907146 66.72936329135099 80.87016075705712 96.05135455130669 111.85011111233615 59.143269961539225 44.693028439595786 33.101614870394776 28.15451526051742 32.99009334170501 44.52780585696473 58.9560381703524 74.61643978080359 90.87420668600227 107.45854783303132 53.806511913383886 37.382319577436505 22.32593871086207 14.077282809149589 22.284633111075745 37.33299457768667 53.755118128485634 70.59876482977717 87.6211794919814 104.73523392444575 51.90579175767881 34.603861171787294 17.30193058589294 0.0 17.301930585894358 34.60386117178588 51.90579175768023 69.20772234357318 86.50965292946755 103.81158351535905 53.806511913383886 37.382319577436505 22.32593871086207 14.077282809149589 22.284633111075745 37.33299457768667 53.755118128485634 70.59876482977717 87.6211794919814 104.73523392444575 59.1432699615392 44.69302843959573 33.1016148703947 28.154515260517325 32.99009334170494 44.52780585696468 58.95603817035236 74.61643978080357 90.87420668600224 107.45854783303132 67.10111479027498 54.74948010468224 45.72916325868464 42.23164699600987 45.547474998379435 54.44573247290707 66.72936329135094 80.87016075705709 96.05135455130664 111.85011111233612 76.8701898672478 66.3139494717308 59.03178562394762 56.30862765691047 58.78153960680249 65.86786214636365 76.29272012471435 88.8891502895883 102.86243701635748 117.72331490759551 87.84819750085562 78.72451834995559 72.63940405889029 70.38540688356798 72.32162352930065 78.13717556457807 87.0580750295059 98.24198642871599 111.00701155135833 124.86918985687113
60.38081606487556 68.06698055858044 56.99564758341868 78.6515515291601 90.45857169133085 35.60774634677294 72.93758110324889 61.613811110444445 65.18986435519032 57.688764896745184 94.02230777894994 27.44796616554289 69.32129406631222 70.75175905744206 28.63873260975406 18.285325231315756 7.970997479424502 3.106907254562634 7.387880674560107 90.54452200335632 62.76388244158452 66.7133228944439 11.718263423932518 49.646236873404604 83.5128352124477 33.060730693354714 68.60224025426794 52.46465006782989 23.415205452009694 51.39839698865902 90.98848984408986 28.688650339716645 58.876068425219515 16.15508015098187 41.48877864170377 14.164354928832736 7.6681518458501285 38.572437222007856 55.2970544304335 90.77128589456689 89.38452306236499 76.67759526240974 66.09094058166346 58.78153960680257 56.04662817775995 58.53099880974778 65.64472007111259 76.10045259133219 88.72444226713382 102.72036110685431 81.17671237833649 66.97704829501926 54.59758493127564 45.54747499837952 42.035147122274246 45.365621619723186 54.29392758643591 66.60575378273762 80.76835529731473 95.96579033166796 74.76423794618766 59.08073454154051 44.610367124195996 32.99009334170501 28.023515218807418 32.878538509794545 44.44534763782584 58.89388169840732 74.56741526337018 90.83402049468404 70.6378450696884 53.78933372916444 37.35762744908348 22.284633111075745 14.01178275052985 22.2433782840141 37.30842180802645 53.73808181168163 70.58581425790776 87.610761614905 69.20772234357318 51.905791757681655 34.603861171787294 17.301930585894358 0.0 17.301930585891526 34.60386117178588 51.90579175767881 69.20772234357318 86.50965292946472 70.6378450696884 53.78933372916444 37.35762744908348 22.284633111075745 14.01178275052985 22.2433782840141 37.30842180802645 53.73808181168163 70.58581425790776 87.610761614905 74.76423794618765 59.08073454154047 44.61036712419594 32.99009334170494 28.02351521880733 32.878538509794474 44.44534763782578 58.89388169840729 74.56741526337014 90.83402049468403 81.17671237833643 66.9770482950192 54.59758493127556 45.547474998379435 42.03514712227416 45.36562161972311 54.293927586435835 66.60575378273758 80.76835529731468 95.96579033166792 89.38452306236493 76.67759526240967 66.09094058166339 58.78153960680249 56.04662817775985 58.53099880974769 65.64472007111253 76.10045259133211 88.72444226713377 102.72036110685427 98.94177226103004 87.58481110058169 78.43094699154636 72.32162352930065 70.0579081011763 72.00342504953711 77.84321051898233 86.79474121408221 98.0090723048881 110.80125846913931
76.37537050552494 74.35818030839243 71.2181776880224 93.64077839359533 74.55925496043432 21.138511186172625 63.000426228482205 44.36560733692308 75.46263688777049 45.834451831293094 76.81020417995605 12.117117037508505 66.79051006817434 54.488245279575594 40.68202364453555 22.238990267781464 25.126535344003987 20.060077084403634 12.26980904935497 77.08305217673228 78.96551610435917 71.4487302744408 9.891815979223155 65.3365850874138 66.87092013223028 16.3074387574298 59.339370209950836 35.162863329087436 40.2041061220184 43.36671587140912 73.8752456641303 11.98714458282301 56.04980845239258 8.586647674595676 54.60931114107086 16.842387116028647 24.198625466674958 22.096169742944095 42.22676111663463 76.65080934004757 103.29016126255169 89.21919670112588 76.48510318955854 65.86786214636372 58.53099880974778 55.78421536472615 58.28016686964763 65.42152032100176 75.90830716065877 88.55995243216363 96.3092012631054 81.07434302022625 66.85312963224918 54.445732472907146 45.365621619723186 41.838337239915404 45.18360652613236 54.14217516910069 66.48230563785576 80.66674526242345 90.9954161857329 74.71485281147861 59.01832319843222 44.52780585696473 32.878538509794545 27.8923085007721 32.76695334225426 44.36299548072211 58.83185602661183 74.51851432910468 87.65262226642709 70.62478064038352 53.77220228408961 37.33299457768667 22.2433782840141 13.946179352574479 22.202175733148056 37.28390998456543 53.7210938820184 70.5729024463457 86.50965292946472 69.20772234357318 51.90579175767881 34.60386117178588 17.301930585891526 0.0 17.301930585894358 34.603861171787294 51.905791757681655 69.20772234357318 87.65262226642709 70.62478064038352 53.77220228408961 37.33299457768667 22.2433782840141 13.946179352574479 22.202175733148056 37.28390998456543 53.7210938820184 70.5729024463457 90.99541618573286 74.71485281147856 59.018323198432185 44.52780585696468 32.878538509794474 27.892308500772014 32.76695334225418 44.362995480722056 58.83185602661179 74.51851432910465 96.30920126310535 81.0743430202262 66.85312963224911 54.44573247290707 45.36562161972311 41.83833723991531 45.18360652613228 54.142175169100625 66.4823056378557 80.6667452624234 103.29016126255163 89.21919670112584 76.48510318955847 65.86786214636365 58.53099880974769 55.784215364726066 58.28016686964755 65.42152032100168 75.9083071606587 88.55995243216357 111.62585433518218 98.708344501546 87.32143431284672 78.13717556457807 72.00342504953711 69.72989266902502 71.6848125030248 77.54905837390552 86.53144090262495 97.7763456734879
92.83997956467171 83.80845065157082 86.56939986803869 109.31527245198617 59.44846728311252 14.982464252608224 56.71785698919579 27.18576888494711 87.96703254317266 38.37065498207835 59.65009479075966 11.788616271454497 68.66727268341735 39.125921581295664 55.57506490245401 35.40486261776369 42.401206863472474 37.33462340684256 29.07282498912678 65.4521467843921 95.55370812687909 79.73623330640686 25.633800913899705 81.68047899551708 50.67304830540122 6.129163373548332 54.1733685358063 17.861355270735014 57.299055721810056 41.45182879652812 56.87628193734717 7.94091320788821 58.44201213109973 22.02697698210497 69.58264086715342 31.071142023901288 41.364960092700045 9.346750138378681 33.27376177771855 64.10904010263246 118.09665296475117 103.14734232407135 89.05407044356677 76.2927201247144 65.64472007111259 58.28016686964763 55.52139115315591 58.02904745853643 65.19826892181642 75.71629045204709 112.07127398225848 96.22306306231295 80.9721579069341 66.72936329135099 54.29392758643591 45.18360652613236 41.64121880044532 45.00143315742027 53.99048015890904 66.35902340914055 107.56091230116948 90.95490586570992 74.66558619315674 58.9560381703524 44.44534763782584 32.76695334225426 27.76089607408694 32.65534083679141 44.280752413602436 58.76996340177343 104.76149973408344 87.64211013773217 70.61175375868221 53.755118128485634 37.30842180802645 22.202175733148056 13.88047309912148 22.161026968940636 37.25945995141218 53.70415488679707 103.81158351535905 86.50965292946755 69.20772234357318 51.90579175768023 34.60386117178588 17.301930585894358 0.0 17.30193058589294 34.603861171787294 51.90579175767881 104.76149973408344 87.64211013773217 70.61175375868221 53.755118128485634 37.30842180802645 22.202175733148056 13.88047309912148 22.161026968940636 37.25945995141218 53.70415488679707 107.56091230116945 90.9549058657099 74.66558619315671 58.95603817035236 44.44534763782578 32.76695334225418 27.760896074086844 32.65534083679133 44.280752413602386 58.76996340177338 112.07127398225846 96.2230630623129 80.97215790693406 66.72936329135094 54.293927586435835 45.18360652613228 41.64121880044524 45.001433157420195 53.99048015890897 66.3590234091405 118.09665296475113 103.1473423240713 89.05407044356672 76.29272012471435 65.64472007111253 58.28016686964755 55.52139115315582 58.029047458536354 65.19826892181635 75.71629045204703 125.41880631391939 111.41931701935887 98.47507986826078 87.0580750295059 77.84321051898233 71.6848125030248 69.4013630062936 71.36578980569388 77.2547257189278 86.26818220453967
109.56293490823779 95.48437624853601 102.54365082357906 125.41836706376591 45.9115070402587 24.511718414603838 55.34867231229284 10.418179592906654 101.88467087606298 37.98057612240695 42.604851686503316 27.015397304308834 74.61975689325783 26.294828532802445 71.56018011956544 51.09939280813331 59.69167024026974 54.62650555896643 46.24525486018053 56.78794081890468 112.35737692097446 90.6063186734023 42.6033904220237 98.35264475233804 35.53177790305057 20.196885118156057 54.286705304282435 0.5853806984676594 74.48964195763594 46.41703790993944 40.13706341235446 24.106805269297684 65.4832398122953 38.669861710781795 85.44015386999993 47.3907009787189 58.61109024504434 16.88774631998865 32.09199018496761 54.25213078157932 133.50460308943212 117.97195056614484 103.00476583438706 88.88915028958837 76.10045259133219 65.42152032100176 58.02904745853643 55.25815748142887 57.777644284356164 64.97497196093585 128.2309761503434 111.99737186592345 96.13711314358697 80.87016075705712 66.60575378273762 54.14217516910069 45.00143315742027 41.44379325765109 44.8191049905128 53.83884753503221 124.32716332434735 107.5266953135818 90.91450225411432 74.61643978080359 58.89388169840732 44.36299548072211 32.65534083679141 27.629278907944446 32.543704021694104 44.198621478411155 121.92487057658218 104.75271791069079 87.63162910611061 70.59876482977717 53.73808181168163 37.28390998456543 22.161026968940636 13.814664474767438 22.119933508868602 37.23507255229009 121.11351410125201 103.81158351536045 86.50965292946613 69.20772234357318 51.90579175767881 34.603861171787294 17.30193058589294 0.0 17.301930585894358 34.60386117178588 121.92487057658218 104.75271791069079 87.63162910611061 70.59876482977717 53.73808181168163 37.28390998456543 22.161026968940636 13.814664474767438 22.119933508868602 37.23507255229009 124.32716332434734 107.52669531358175 90.9145022541143 74.61643978080357 58.89388169840729 44.362995480722056 32.65534083679133 27.629278907944357 32.543704021694026 44.198621478411106 128.2309761503434 111.99737186592343 96.13711314358693 80.87016075705709 66.60575378273758 54.142175169100625 45.001433157420195 41.443793257651 44.81910499051272 53.83884753503213 133.5046030894321 117.9719505661448 103.00476583438699 88.8891502895883 76.10045259133211 65.42152032100168 58.029047458536354 55.25815748142878 57.77764428435607 64.97497196093578 139.99325398315924 125.23529824831503 111.21303358559582 98.24198642871599 86.79474121408221 77.54905837390552 71.36578980569388 69.0723215359515 71.04636090666413 76.96021921531091
126.4417728449001 108.67091652876377 118.89006192764333 141.80412333529668 35.78157555944784 39.69744285004313 59.23457082526365 8.759247848266051 116.71106031935601 44.84916912481077 25.9022431889511 43.81101664012141 83.78373098682738 21.229924107650994 88.04454365408297 67.5833088361418 76.98728619827973 71.923220913634 63.4880425498421 52.57810422903103 129.29253562685128 103.24647840191624 59.763863678969784 115.21065746418341 23.578978106098617 37.107615569796806 59.649295048181905 16.744280601572736 91.72210783754367 56.475958944526475 24.202668427243438 41.205964476018316 75.89030748762416 55.71572477826281 101.76937070177675 64.22658344884199 75.88262912684024 32.88986819926921 39.38727190324427 48.73726076624487 149.32794857896513 133.39447415491765 117.8475030519945 102.86243701635752 88.72444226713382 75.90830716065877 65.19826892181642 57.777644284356164 54.994516290943 57.525961091693986 144.6551092252998 128.16649099984352 111.92365006478563 96.05135455130669 80.76835529731473 66.48230563785576 53.99048015890904 44.8191049905128 41.246062067584084 44.63662554015552 141.22268522556516 124.29760714740988 107.4925734582983 90.87420668600227 74.56741526337018 58.83185602661183 44.280752413602436 32.543704021694104 27.497457973046906 32.43204595626702 139.12256792443495 121.91733659048562 104.7439625524921 87.6211794919814 70.58581425790776 53.7210938820184 37.25945995141218 22.119933508868602 13.748753964863916 22.07889687738994 138.4154446871464 121.11351410125484 103.81158351536045 86.50965292946755 69.20772234357318 51.905791757681655 34.603861171787294 17.301930585894358 0.0 17.301930585891526 139.12256792443495 121.91733659048562 104.7439625524921 87.6211794919814 70.58581425790776 53.7210938820184 37.25945995141218 22.119933508868602 13.748753964863916 22.07889687738994 141.22268522556513 124.29760714740986 107.49257345829828 90.87420668600224 74.56741526337014 58.83185602661179 44.280752413602386 32.543704021694026 27.497457973046817 32.43204595626695 144.65510922529978 128.1664909998435 111.92365006478559 96.05135455130664 80.76835529731468 66.4823056378557 53.99048015890897 44.81910499051272 41.24606206758399 44.636625540155435 149.32794857896513 133.39447415491762 117.84750305199445 102.86243701635748 88.72444226713377 75.9083071606587 65.19826892181635 57.77764428435607 54.994516290942904 57.52596109169391 155.1290878779991 139.8291258654254 125.05209051654306 111.00701155135833 98.0090723048881 86.53144090262495 77.2547257189278 71.04636090666413 68.74277068474002 70.72652978893308
143.4214678798197 122.88271796692605 135.47398457295853 158.38483697852342 32.426598260990566 56.121850670276665 67.47363828740656 25.369743798028576 132.14066421048992 56.383318361933796 11.197868257968805 60.890819802210984 95.2366038624708 28.437875267542847 104.79281799994902 84.39532783629826 94.28521922224151 89.2219585973807 80.75613290660063 53.87711930262351 146.31353319994358 117.08483188667434 76.98768296585322 132.1834302758309 21.169334597582736 54.26554651026073 69.0487504541854 34.04574568156014 108.9765878900523 69.44949029045655 12.620116715751536 58.424639039490444 88.48345045522323 72.88236455736877 118.37524516986223 81.25849071588982 93.16544656649707 49.76950975584352 51.686819254615536 49.05150049601757 165.44754752783285 149.22964876983932 133.28459789126939 117.72331490759555 102.72036110685431 88.55995243216363 75.71629045204709 64.97497196093585 57.525961091693986 54.73046952610052 161.2628989977158 144.59803662487263 128.1021745191834 111.85011111233615 95.96579033166796 80.66674526242345 66.35902340914055 53.83884753503221 44.63662554015552 41.048026688549356 158.2060672066715 141.1967057456475 124.268136089515 107.45854783303132 90.83402049468404 74.51851432910468 58.76996340177343 44.198621478411155 32.43204595626702 27.365434241599328 156.34326448173894 139.1159754459505 121.90982562150107 104.73523392444575 87.610761614905 70.5729024463457 53.70415488679707 37.23507255229009 22.07889687738994 13.682742055513897 155.7173752730379 138.4154446871464 121.11351410125201 103.81158351535905 86.50965292946472 69.20772234357318 51.90579175767881 34.60386117178588 17.301930585891526 0.0 156.34326448173894 139.1159754459505 121.90982562150107 104.73523392444575 87.610761614905 70.5729024463457 53.70415488679707 37.23507255229009 22.07889687738994 13.682742055513897 158.2060672066715 141.1967057456475 124.26813608951497 107.45854783303132 90.83402049468403 74.51851432910465 58.76996340177338 44.198621478411106 32.43204595626695 27.36543424159924 161.26289899771575 144.59803662487258 128.10217451918336 111.85011111233612 95.96579033166792 80.6667452624234 66.3590234091405 53.83884753503213 44.636625540155435 41.048026688549264 165.44754752783282 149.2296487698393 133.28459789126933 117.72331490759551 102.72036110685427 88.55995243216357 75.71629045204703 64.97497196093578 57.52596109169391 54.73046952610043 170.6770201617803 154.9812173876147 139.66531732684282 124.86918985687113 110.80125846913931 97.7763456734879 86.26818220453967 76.96021921531091 70.72652978893308 68.41271288315465
18.65790290187586 73.19266795798369 33.3357104668833 28.714407277717367 160.57354890016862 105.64351684788254 135.95270830007516 131.0509975625314 55.279198943207405 124.42937228105149 162.90156564663081 95.55077816609476 102.28837775941844 136.86670112622164 54.596768900835656 79.93489488940125 62.670457765218664 67.69036883225733 75.69511803955692 157.8052869155199 15.490836854829256 78.35383169802266 81.64295616193307 27.45795473533333 154.11410757055404 103.68983187960771 130.99486293886434 122.50014781224164 47.46570745495887 114.23493281845094 159.3796645467657 97.92245462706786 96.70425194424328 83.4827636800128 44.575290331591574 80.11308233749865 65.2072080116749 109.20001769013174 115.94569702017805 158.9094906740282 71.36477919761118 73.27369589248786 79.01788325789705 87.84819750085569 98.94177226103011 111.62585433518223 125.41880631391945 139.99325398315926 155.12908787799913 170.67702016178032 57.09212678338561 59.531378942721375 66.53688297022902 76.87018986724787 89.38452306236499 103.29016126255169 118.09665296475117 133.50460308943212 149.32794857896513 165.44754752783285 42.8192720847092 46.092030988519824 54.90141317626382 67.10111479027498 81.17671237833643 96.30920126310535 112.07127398225846 128.2309761503434 144.65510922529978 161.26289899771575 28.546265673844303 33.32454629578909 44.77578681727373 59.1432699615392 74.76423794618765 90.99541618573286 107.56091230116945 124.32716332434734 141.22268522556513 158.2060672066715 14.273158122067928 22.408696249837586 37.40707011768865 53.806511913383886 70.6378450696884 87.65262226642709 104.76149973408344 121.92487057658218 139.12256792443495 156.34326448173894 0.0 17.301930585891526 34.60386117178588 51.90579175767881 69.20772234357318 86.50965292946472 103.81158351535905 121.11351410125201 138.4154446871464 155.7173752730379 14.273158122067928 22.408696249837586 37.40707011768865 53.806511913383886 70.6378450696884 87.65262226642709 104.76149973408344 121.92487057658218 139.12256792443495 156.34326448173894 28.546265673844395 33.32454629578916 44.77578681727379 59.143269961539225 74.76423794618766 90.9954161857329 107.56091230116948 124.32716332434735 141.22268522556516 158.2060672066715 42.8192720847092 46.092030988519824 54.90141317626382 67.10111479027498 81.17671237833643 96.30920126310535 112.07127398225846 128.2309761503434 144.65510922529978 161.26289899771575 57.09212678338551 59.53137894272129 66.53688297022894 76.8701898672478 89.38452306236493 103.29016126255163 118.09665296475113 133.5046030894321 149.32794857896513 165.44754752783282
11.961441803087459 62.17797056659223 23.318650806420493 31.88853013139044 144.08408987643472 89.11667787794937 121.36466982030302 113.80330587227557 45.95970104846791 108.88010379174968 145.608786358714 78.28601728182747 87.92890633556868 119.59379413381366 37.72322707840678 64.43379784459701 45.824231983722626 50.78553696154407 58.57077115186971 142.27943899529922 11.985899275956983 66.38145825343734 65.03456690224407 12.861438147236182 137.29553922703394 86.76396105775227 116.49824717639427 105.32992323028233 30.434916756583295 99.43526730360908 142.0787065415504 80.71137250121993 81.47713134579759 66.23737384864764 29.258820885311454 64.0602643635248 48.81051393863333 92.34788223561914 98.87928384909277 143.1297981892134 73.27369589248786 71.03884484141027 72.9567627867381 78.72451834995566 87.58481110058176 98.70834450154607 111.41931701935894 125.23529824831508 139.82912586542542 154.98121738761475 59.531378942721375 56.83137888742419 59.281733258792286 66.31394947173088 76.67759526240974 89.21919670112588 103.14734232407135 117.97195056614484 133.39447415491765 149.22964876983932 46.092030988519824 42.62371092300352 45.91068303294724 54.74948010468224 66.9770482950192 81.0743430202262 96.2230630623129 111.99737186592343 128.1664909998435 144.59803662487258 33.32454629578909 28.41589145188683 33.21310015797047 44.69302843959573 59.08073454154047 74.71485281147856 90.9549058657099 107.52669531358175 124.29760714740986 141.1967057456475 22.408696249837586 14.207970976844209 22.36729358692858 37.382319577436505 53.78933372916444 70.62478064038352 87.64211013773217 104.75271791069079 121.91733659048562 139.1159754459505 17.301930585891526 0.0 17.301930585894358 34.603861171787294 51.905791757681655 69.20772234357318 86.50965292946755 103.81158351536045 121.11351410125484 138.4154446871464 22.408696249837586 14.207970976844209 22.36729358692858 37.382319577436505 53.78933372916444 70.62478064038352 87.64211013773217 104.75271791069079 121.91733659048562 139.1159754459505 33.32454629578916 28.41589145188692 33.21310015797055 44.693028439595786 59.08073454154051 74.71485281147861 90.95490586570992 107.5266953135818 124.29760714740988 141.1967057456475 46.092030988519824 42.62371092300352 45.91068303294724 54.74948010468224 66.9770482950192 81.0743430202262 96.2230630623129 111.99737186592343 128.1664909998435 144.59803662487258 59.53137894272129 56.831378887424094 59.2817332587922 66.3139494717308 76.67759526240967 89.21919670112584 103.1473423240713 117.9719505661448 133.39447415491762 149.2296487698393
23.167817686782247 54.5319523885053 23.978335726829247 42.51998494322573 127.80957897925529 72.95012989950783 107.58400181894741 96.5750176689613 42.04168558800175 93.94565515633055 128.31847380735567 61.04230698216019 74.82494765346146 102.33069259848796 21.54041916117111 50.12534099091878 29.510118066132826 34.27926974277689 41.59366214460155 127.21266076770864 25.417918942788674 57.20466268986374 48.90939632381985 13.2516805803289 120.61376332905648 70.02214181486958 102.8723497896692 88.2111777683113 14.081488388642798 85.57934058881452 124.77801819824184 63.549644994238655 67.26097240633023 49.03183642986879 17.997581086900322 48.867566731328985 33.34163430846736 75.69894255375685 81.91173891213926 127.74485052190549 79.01788325789705 72.9567627867381 70.71238660082815 72.63940405889038 78.43094699154645 87.32143431284678 98.47507986826085 111.21303358559587 125.05209051654312 139.66531732684285 66.53688297022902 59.281733258792286 56.57021186987815 59.031785623947705 66.09094058166346 76.48510318955854 89.05407044356677 103.00476583438706 117.8475030519945 133.28459789126939 54.90141317626382 45.91068303294724 42.42783541189621 45.72916325868464 54.59758493127556 66.85312963224911 80.97215790693406 96.13711314358693 111.92365006478559 128.10217451918336 44.77578681727373 33.21310015797047 28.285307659750547 33.1016148703947 44.61036712419594 59.018323198432185 74.66558619315671 90.9145022541143 107.49257345829828 124.26813608951497 37.40707011768865 22.36729358692858 14.142679045357772 22.32593871086207 37.35762744908348 53.77220228408961 70.61175375868221 87.63162910611061 104.7439625524921 121.90982562150107 34.60386117178588 17.301930585894358 0.0 17.30193058589294 34.603861171787294 51.90579175767881 69.20772234357318 86.50965292946613 103.81158351536045 121.11351410125201 37.40707011768865 22.36729358692858 14.142679045357772 22.32593871086207 37.35762744908348 53.77220228408961 70.61175375868221 87.63162910611061 104.7439625524921 121.90982562150107 44.77578681727379 33.21310015797055 28.285307659750636 33.101614870394776 44.610367124195996 59.01832319843222 74.66558619315674 90.91450225411432 107.4925734582983 124.268136089515 54.90141317626382 45.91068303294724 42.42783541189621 45.72916325868464 54.59758493127556 66.85312963224911 80.97215790693406 96.13711314358693 111.92365006478559 128.10217451918336 66.53688297022894 59.2817332587922 56.57021186987806 59.03178562394762 66.09094058166339 76.48510318955847 89.05407044356672 103.00476583438699 117.84750305199445 133.28459789126933
39.10412254189082 51.7693738178319 34.71127941637257 56.5484702018888 111.84388752566116 57.44884838839507 94.96284534079005 79.3787678983266 44.960176330614125 79.97122013442932 111.03178038879142 43.844491418098684 63.75541460036694 85.08336520308409 10.18089208792388 38.3678763471873 15.50957029219451 19.227031532068583 25.064783798271737 112.78907516111464 41.799431721574805 52.315860336374094 33.96284382514244 28.009116716013907 104.13454081513633 53.636997054299 90.51127214473192 71.18106265559472 8.30697634398669 73.20500892727904 107.47772973934495 46.49195956065975 54.847595885254364 31.93063888519275 19.76004767948481 35.65207967879587 20.96604156526209 59.42423339560696 65.1203904230069 112.9161163988091 87.84819750085569 78.72451834995566 72.63940405889038 70.38540688356808 72.32162352930075 78.13717556457814 87.05807502950596 98.24198642871605 111.00701155135837 124.86918985687117 76.87018986724787 66.31394947173088 59.031785623947705 56.30862765691056 58.78153960680257 65.86786214636372 76.2927201247144 88.88915028958837 102.86243701635752 117.72331490759555 67.10111479027498 54.74948010468224 45.72916325868464 42.23164699600987 45.547474998379435 54.44573247290707 66.72936329135094 80.87016075705709 96.05135455130664 111.85011111233612 59.1432699615392 44.69302843959573 33.1016148703947 28.154515260517325 32.99009334170494 44.52780585696468 58.95603817035236 74.61643978080357 90.87420668600224 107.45854783303132 53.806511913383886 37.382319577436505 22.32593871086207 14.077282809149589 22.284633111075745 37.33299457768667 53.755118128485634 70.59876482977717 87.6211794919814 104.73523392444575 51.90579175767881 34.603861171787294 17.30193058589294 0.0 17.301930585894358 34.60386117178588 51.90579175768023 69.20772234357318 86.50965292946755 103.81158351535905 53.806511913383886 37.382319577436505 22.32593871086207 14.077282809149589 22.284633111075745 37.33299457768667 53.755118128485634 70.59876482977717 87.6211794919814 104.73523392444575 59.143269961539225 44.693028439595786 33.101614870394776 28.15451526051742 32.99009334170501 44.52780585696473 58.9560381703524 74.61643978080359 90.87420668600227 107.45854783303132 67.10111479027498 54.74948010468224 45.72916325868464 42.23164699600987 45.547474998379435 54.44573247290707 66.72936329135094 80.87016075705709 96.05135455130664 111.85011111233612 76.8701898672478 66.3139494717308 59.03178562394762 56.30862765691047 58.78153960680249 65.86786214636365 76.29272012471435 88.8891502895883 102.86243701635748 117.72331490759551
55.85901861125012 54.63609362301382 49.3304822487676 72.0154111401944 96.34067183649859 43.33276430688181 84.02533382676575 62.241117385218566 53.61004109531556 67.55521284934149 93.75070812014857 26.781132535339886 55.94133416482641 67.86383981999917 18.493906548151198 32.09901373159045 14.455426109829746 12.767223143252718 11.187814893618853 99.28938518214251 58.71139112677364 52.91715627038442 22.66124506682862 44.6332536819481 87.9717747405126 38.07185659318831 80.0034480364866 54.32299807856433 23.204240565048273 63.18877885597723 90.17807131364324 29.718015171385183 45.72946564865436 15.288029374684907 32.49181862478204 27.437430490299818 19.136280532907428 43.941554207313914 48.68787945936106 98.89411839701019 98.94177226103011 87.58481110058176 78.43094699154645 72.32162352930075 70.0579081011764 72.0034250495372 77.8432105189824 86.79474121408228 98.00907230488815 110.80125846913936 89.38452306236499 76.67759526240974 66.09094058166346 58.78153960680257 56.04662817775995 58.53099880974778 65.64472007111259 76.10045259133219 88.72444226713382 102.72036110685431 81.17671237833643 66.9770482950192 54.59758493127556 45.547474998379435 42.03514712227416 45.36562161972311 54.293927586435835 66.60575378273758 80.76835529731468 95.96579033166792 74.76423794618765 59.08073454154047 44.61036712419594 32.99009334170494 28.02351521880733 32.878538509794474 44.44534763782578 58.89388169840729 74.56741526337014 90.83402049468403 70.6378450696884 53.78933372916444 37.35762744908348 22.284633111075745 14.01178275052985 22.2433782840141 37.30842180802645 53.73808181168163 70.58581425790776 87.610761614905 69.20772234357318 51.905791757681655 34.603861171787294 17.301930585894358 0.0 17.301930585891526 34.60386117178588 51.90579175767881 69.20772234357318 86.50965292946472 70.6378450696884 53.78933372916444 37.35762744908348 22.284633111075745 14.01178275052985 22.2433782840141 37.30842180802645 53.73808181168163 70.58581425790776 87.610761614905 74.76423794618766 59.08073454154051 44.610367124195996 32.99009334170501 28.023515218807418 32.878538509794545 44.44534763782584 58.89388169840732 74.56741526337018 90.83402049468404 81.17671237833643 66.9770482950192 54.59758493127556 45.547474998379435 42.03514712227416 45.36562161972311 54.293927586435835 66.60575378273758 80.76835529731468 95.96579033166792 89.38452306236493 76.67759526240967 66.09094058166339 58.78153960680249 56.04662817775985 58.53099880974769 65.64472007111253 76.10045259133211 88.72444226713377 102.72036110685427
72.87002441113478 62.36054693425472 65.27504319970093 88.16699494734434 81.56407357625302 32.46222876484373 75.50669928074862 45.22872691867572 65.76747280146687 57.71237582161219 76.47906753110676 10.5276843701506 52.847069202541434 50.70045177504026 34.33819600321266 34.45733667770833 27.858298375563738 23.559245952766442 14.859481024613208 87.14402252967122 75.79957434416035 58.84047916596708 21.73248376594425 61.63162486317095 72.33789867850926 24.91418830138725 72.16303963283352 37.86746891046629 40.08217918104635 56.79233099299371 72.87949158203926 14.266455225777136 42.104799862746006 6.826083160996318 48.16315297736428 28.8663211670507 29.8585260773898 30.482649463155717 33.15216499494732 86.07403074221814 111.62585433518223 98.70834450154607 87.32143431284678 78.13717556457814 72.0034250495372 69.7298926690251 71.68481250302489 77.5490583739056 86.53144090262502 97.77634567348795 103.29016126255169 89.21919670112588 76.48510318955854 65.86786214636372 58.53099880974778 55.78421536472615 58.28016686964763 65.42152032100176 75.90830716065877 88.55995243216363 96.30920126310535 81.0743430202262 66.85312963224911 54.44573247290707 45.36562161972311 41.83833723991531 45.18360652613228 54.142175169100625 66.4823056378557 80.6667452624234 90.99541618573286 74.71485281147856 59.018323198432185 44.52780585696468 32.878538509794474 27.892308500772014 32.76695334225418 44.362995480722056 58.83185602661179 74.51851432910465 87.65262226642709 70.62478064038352 53.77220228408961 37.33299457768667 22.2433782840141 13.946179352574479 22.202175733148056 37.28390998456543 53.7210938820184 70.5729024463457 86.50965292946472 69.20772234357318 51.90579175767881 34.60386117178588 17.301930585891526 0.0 17.301930585894358 34.603861171787294 51.905791757681655 69.20772234357318 87.65262226642709 70.62478064038352 53.77220228408961 37.33299457768667 22.2433782840141 13.946179352574479 22.202175733148056 37.28390998456543 53.7210938820184 70.5729024463457 90.9954161857329 74.71485281147861 59.01832319843222 44.52780585696473 32.878538509794545 27.8923085007721 32.76695334225426 44.36299548072211 58.83185602661183 74.51851432910468 96.30920126310535 81.0743430202262 66.85312963224911 54.44573247290707 45.36562161972311 41.83833723991531 45.18360652613228 54.142175169100625 66.4823056378557 80.6667452624234 103.29016126255163 89.21919670112584 76.48510318955847 65.86786214636365 58.53099880974769 55.784215364726066 58.28016686964755 65.42152032100168 75.9083071606587 88.55995243216357
89.99202126944205 73.42529079304569 81.77332863568536 104.6868098240366 67.98951626872754 28.7849558433092 70.29193929785966 28.566272578599232 79.8460354238518 51.92716696980459 59.225110793499674 10.156213008729761 55.271081556112044 33.67913596757123 51.13620967310784 44.07922459079481 44.067256594212665 39.31649769183834 30.251517474906912 76.99656768058044 92.96685732227303 68.72320514104304 32.09020455943421 78.76230168244204 57.664702319532864 19.765601326855474 67.92016018450691 22.707155813044277 57.213973634770404 55.28665834611781 55.5829976894653 11.073222689885556 45.31168947777958 21.405149079034132 64.67126537964633 38.88992803861061 44.8951883785817 22.939806256773558 20.647870632884576 75.07413460772824 125.41880631391945 111.41931701935894 98.47507986826085 87.05807502950596 77.8432105189824 71.68481250302489 69.40136300629368 71.36578980569396 77.25472571892789 86.26818220453976 118.09665296475117 103.14734232407135 89.05407044356677 76.2927201247144 65.64472007111259 58.28016686964763 55.52139115315591 58.02904745853643 65.19826892181642 75.71629045204709 112.07127398225846 96.2230630623129 80.97215790693406 66.72936329135094 54.293927586435835 45.18360652613228 41.64121880044524 45.001433157420195 53.99048015890897 66.3590234091405 107.56091230116945 90.9549058657099 74.66558619315671 58.95603817035236 44.44534763782578 32.76695334225418 27.760896074086844 32.65534083679133 44.280752413602386 58.76996340177338 104.76149973408344 87.64211013773217 70.61175375868221 53.755118128485634 37.30842180802645 22.202175733148056 13.88047309912148 22.161026968940636 37.25945995141218 53.70415488679707 103.81158351535905 86.50965292946755 69.20772234357318 51.90579175768023 34.60386117178588 17.301930585894358 0.0 17.30193058589294 34.603861171787294 51.90579175767881 104.76149973408344 87.64211013773217 70.61175375868221 53.755118128485634 37.30842180802645 22.202175733148056 13.88047309912148 22.161026968940636 37.25945995141218 53.70415488679707 107.56091230116948 90.95490586570992 74.66558619315674 58.9560381703524 44.44534763782584 32.76695334225426 27.76089607408694 32.65534083679141 44.280752413602436 58.76996340177343 112.07127398225846 96.2230630623129 80.97215790693406 66.72936329135094 54.293927586435835 45.18360652613228 41.64121880044524 45.001433157420195 53.99048015890897 66.3590234091405 118.09665296475113 103.1473423240713 89.05407044356672 76.29272012471435 65.64472007111253 58.28016686964755 55.52139115315582 58.029047458536354 65.19826892181635 75.71629045204703
107.17182588550993 86.55870417525394 98.54762560888783 121.42465524279488 56.49029759548597 34.670745911294304 69.13278532517641 13.606589007483118 94.99538509165342 51.583367695459096 42.01063207399941 26.34726994052824 62.57533114061719 17.226314844030316 68.1866943350055 57.42261445909596 60.88082037951558 55.99329200404385 46.99167587703179 69.72484726420039 110.17627111541286 81.13110523536295 46.75439190124767 95.95444900237622 44.90403184835348 27.556358898489552 67.9520662612648 13.999903233627219 74.42452454488888 59.04709110296971 38.291416303411154 25.306401834697393 54.14969181845693 38.32073628578913 81.50931272419824 52.823277134928524 61.14193579466404 26.869844893088228 18.770060194895347 66.79975606625928 139.99325398315926 125.23529824831508 111.21303358559587 98.24198642871605 86.79474121408228 77.5490583739056 71.36578980569396 69.07232153595157 71.0463609066642 76.96021921531099 133.50460308943212 117.97195056614484 103.00476583438706 88.88915028958837 76.10045259133219 65.42152032100176 58.02904745853643 55.25815748142887 57.777644284356164 64.97497196093585 128.2309761503434 111.99737186592343 96.13711314358693 80.87016075705709 66.60575378273758 54.142175169100625 45.001433157420195 41.443793257651 44.81910499051272 53.83884753503213 124.32716332434734 107.52669531358175 90.9145022541143 74.61643978080357 58.89388169840729 44.362995480722056 32.65534083679133 27.629278907944357 32.543704021694026 44.198621478411106 121.92487057658218 104.75271791069079 87.63162910611061 70.59876482977717 53.73808181168163 37.28390998456543 22.161026968940636 13.814664474767438 22.119933508868602 37.23507255229009 121.11351410125201 103.81158351536045 86.50965292946613 69.20772234357318 51.90579175767881 34.603861171787294 17.30193058589294 0.0 17.301930585894358 34.60386117178588 121.92487057658218 104.75271791069079 87.63162910611061 70.59876482977717 53.73808181168163 37.28390998456543 22.161026968940636 13.814664474767438 22.119933508868602 37.23507255229009 124.32716332434735 107.5266953135818 90.91450225411432 74.61643978080359 58.89388169840732 44.36299548072211 32.65534083679141 27.629278907944446 32.543704021694104 44.198621478411155 128.2309761503434 111.99737186592343 96.13711314358693 80.87016075705709 66.60575378273758 54.142175169100625 45.001433157420195 41.443793257651 44.81910499051272 53.83884753503213 133.5046030894321 117.9719505661448 103.00476583438699 88.8891502895883 76.10045259133211 65.42152032100168 58.029047458536354 55.25815748142878 57.77764428435607 64.97497196093578
124.3854877872844 100.95665225746288 115.47771635957122 138.3013927875962 48.563734395249 46.62893000915855 72.22477044615302 12.367689551330187 110.77708213289905 56.77990650630197 24.917587096132184 43.404170883888625 73.31542508987054 7.61058348261133 85.33845404362407 72.45994675150811 77.90852551163742 72.96179374127651 64.0311959353222 66.28219472192497 127.41074499542499 95.08067061080013 62.77640202162943 113.18005802420329 36.14186123055613 41.5540435878466 72.25309500711847 21.79661207590012 91.66948408197052 67.19525273023818 21.01687618031223 41.91568780236403 66.40733343175258 55.475135677952146 98.50825239332829 68.31457246408591 77.84476025397528 38.941667641867745 29.61431812479027 62.34568099449177 155.12908787799913 139.82912586542542 125.05209051654312 111.00701155135837 98.00907230488815 86.53144090262502 77.25472571892789 71.0463609066642 68.74277068474011 70.72652978893316 149.32794857896513 133.39447415491765 117.8475030519945 102.86243701635752 88.72444226713382 75.90830716065877 65.19826892181642 57.777644284356164 54.994516290943 57.525961091693986 144.65510922529978 128.1664909998435 111.92365006478559 96.05135455130664 80.76835529731468 66.4823056378557 53.99048015890897 44.81910499051272 41.24606206758399 44.636625540155435 141.22268522556513 124.29760714740986 107.49257345829828 90.87420668600224 74.56741526337014 58.83185602661179 44.280752413602386 32.543704021694026 27.497457973046817 32.43204595626695 139.12256792443495 121.91733659048562 104.7439625524921 87.6211794919814 70.58581425790776 53.7210938820184 37.25945995141218 22.119933508868602 13.748753964863916 22.07889687738994 138.4154446871464 121.11351410125484 103.81158351536045 86.50965292946755 69.20772234357318 51.905791757681655 34.603861171787294 17.301930585894358 0.0 17.301930585891526 139.12256792443495 121.91733659048562 104.7439625524921 87.6211794919814 70.58581425790776 53.7210938820184 37.25945995141218 22.119933508868602 13.748753964863916 22.07889687738994 141.22268522556516 124.29760714740988 107.4925734582983 90.87420668600227 74.56741526337018 58.83185602661183 44.280752413602436 32.543704021694104 27.497457973046906 32.43204595626702 144.65510922529978 128.1664909998435 111.92365006478559 96.05135455130664 80.76835529731468 66.4823056378557 53.99048015890897 44.81910499051272 41.24606206758399 44.636625540155435 149.32794857896513 133.39447415491762 117.84750305199445 102.86243701635748 88.72444226713377 75.9083071606587 65.19826892181635 57.77764428435607 54.994516290942904 57.52596109169391
141.62066168985493 116.14982749577128 132.50389678605714 155.27173982870113 46.09145311767071 61.1977381781595 79.07074748414003 26.823373581514222 126.95552600864154 66.22516553106617 8.69439858834775 60.60015604825372 86.21676706091517 20.44038583400964 102.54068120692048 88.33028776229318 95.03533698402042 90.05726389480506 81.18179391373779 67.25917385834212 144.66132251066247 109.98687187933179 79.33783268282389 130.4258713573944 34.56593792381506 57.38323678626562 80.13880112750178 36.78178825756207 108.93251192109192 78.37438137684356 3.9873798063029096 58.924943709037116 80.53808808042113 72.69949074167579 115.59712692023132 84.51137860557661 94.76280440315968 53.940981206605194 44.72597228113792 62.53363312387591 170.67702016178032 154.98121738761475 139.66531732684285 124.86918985687117 110.80125846913936 97.77634567348795 86.26818220453976 76.96021921531099 70.72652978893316 68.41271288315473 165.44754752783285 149.22964876983932 133.28459789126939 117.72331490759555 102.72036110685431 88.55995243216363 75.71629045204709 64.97497196093585 57.525961091693986 54.73046952610052 161.26289899771575 144.59803662487258 128.10217451918336 111.85011111233612 95.96579033166792 80.6667452624234 66.3590234091405 53.83884753503213 44.636625540155435 41.048026688549264 158.2060672066715 141.1967057456475 124.26813608951497 107.45854783303132 90.83402049468403 74.51851432910465 58.76996340177338 44.198621478411106 32.43204595626695 27.36543424159924 156.34326448173894 139.1159754459505 121.90982562150107 104.73523392444575 87.610761614905 70.5729024463457 53.70415488679707 37.23507255229009 22.07889687738994 13.682742055513897 155.7173752730379 138.4154446871464 121.11351410125201 103.81158351535905 86.50965292946472 69.20772234357318 51.90579175767881 34.60386117178588 17.301930585891526 0.0 156.34326448173894 139.1159754459505 121.90982562150107 104.73523392444575 87.610761614905 70.5729024463457 53.70415488679707 37.23507255229009 22.07889687738994 13.682742055513897 158.2060672066715 141.1967057456475 124.268136089515 107.45854783303132 90.83402049468404 74.51851432910468 58.76996340177343 44.198621478411155 32.43204595626702 27.365434241599328 161.26289899771575 144.59803662487258 128.10217451918336 111.85011111233612 95.96579033166792 80.6667452624234 66.3590234091405 53.83884753503213 44.636625540155435 41.048026688549264 165.44754752783282 149.2296487698393 133.28459789126933 117.72331490759551 102.72036110685427 88.55995243216357 75.71629045204703 64.97497196093578 57.52596109169391 54.73046952610043
14.784606814614094 63.87702230775387 26.188078550905963 14.599689630211454 165.20909371532633 110.35512838284083 143.70409038366088 132.8414710740049 45.365481316304 130.90720429574833 163.9354302973532 97.41806266271394 95.67442539713784 136.81150880022068 53.808912209588414 86.59173251747224 66.90703555111902 71.6831936168585 78.74650996030306 164.27303497708886 12.030340641510092 69.70791878612575 86.30031434312656 26.022883302551207 157.86491856794666 107.29011758714368 138.85586657574436 124.91102770528984 51.433098338074124 121.74794405484262 160.1328871535844 100.23467035515914 91.37217886955382 85.67423411827504 41.375548343387464 85.90641940945036 70.46852601497082 113.01276019086173 114.62279297059933 164.96462681177476 85.63717875381 87.1756715229221 92.00079660311631 99.63620323462439 109.49555681927438 121.03659975118865 133.82495112110578 147.5366196973306 161.937235697675 176.8585875835554 71.36477919761118 73.27369589248786 79.01788325789705 87.84819750085569 98.94177226103011 111.62585433518223 125.41880631391945 139.99325398315926 155.12908787799913 170.67702016178032 57.09212678338551 59.53137894272129 66.53688297022894 76.8701898672478 89.38452306236493 103.29016126255163 118.09665296475113 133.5046030894321 149.32794857896513 165.44754752783282 42.819272084709105 46.092030988519745 54.90141317626376 67.10111479027492 81.17671237833639 96.3092012631053 112.07127398225842 128.23097615034334 144.65510922529975 161.26289899771575 28.546265673844303 33.32454629578909 44.77578681727373 59.1432699615392 74.76423794618765 90.99541618573286 107.56091230116945 124.32716332434734 141.22268522556513 158.2060672066715 14.273158122067928 22.408696249837586 37.40707011768865 53.806511913383886 70.6378450696884 87.65262226642709 104.76149973408344 121.92487057658218 139.12256792443495 156.34326448173894 0.0 17.301930585891526 34.60386117178588 51.90579175767881 69.20772234357318 86.50965292946472 103.81158351535905 121.11351410125201 138.4154446871464 155.7173752730379 14.273158122068015 22.408696249837647 37.40707011768868 53.80651191338391 70.63784506968842 87.65262226642712 104.76149973408346 121.92487057658218 139.12256792443495 156.34326448173894 28.546265673844395 33.32454629578916 44.77578681727379 59.143269961539225 74.76423794618766 90.9954161857329 107.56091230116948 124.32716332434735 141.22268522556516 158.2060672066715 42.8192720847092 46.092030988519824 54.90141317626382 67.10111479027498 81.17671237833643 96.30920126310535 112.07127398225846 128.2309761503434 144.65510922529978 161.26289899771575
3.7596604868940773 50.94160224364899 10.965829807516705 20.206528651717036 149.20950640513217 94.62992458622207 129.95066842315222 115.85127887901483 33.45283117732128 116.19520545348648 146.75923569124978 80.54426204232253 80.1758717911289 119.53091615888964 36.57901491707501 72.49263440196806 51.442337400459785 55.97426952414152 62.44710107017992 149.38877682567278 6.989981839450626 55.96628042127725 70.76783729716217 9.434960170332436 141.47392579836068 91.01699784621113 125.23346120622425 108.11169053478892 36.2885691415763 107.94532976555803 142.9192732230434 83.48897737692089 75.1017765581239 68.9666245415587 24.131212408035108 71.141567433163 55.61505045497648 96.80645766715423 97.3318571489121 149.7940125262266 87.1756715229221 85.24605827993223 86.7920565335801 91.63792654008742 99.30174198711823 109.19175893876681 120.76225550741341 133.57725242730115 147.3123221300989 161.73322481754803 73.27369589248786 71.03884484141027 72.9567627867381 78.72451834995566 87.58481110058176 98.70834450154607 111.41931701935894 125.23529824831508 139.82912586542542 154.98121738761475 59.53137894272129 56.831378887424094 59.2817332587922 66.3139494717308 76.67759526240967 89.21919670112584 103.1473423240713 117.9719505661448 133.39447415491762 149.2296487698393 46.092030988519745 42.623710923003436 45.91068303294716 54.74948010468216 66.97704829501915 81.07434302022615 96.22306306231287 111.99737186592338 128.16649099984343 144.59803662487258 33.32454629578909 28.41589145188683 33.21310015797047 44.69302843959573 59.08073454154047 74.71485281147856 90.9549058657099 107.52669531358175 124.29760714740986 141.1967057456475 22.408696249837586 14.207970976844209 22.36729358692858 37.382319577436505 53.78933372916444 70.62478064038352 87.64211013773217 104.75271791069079 121.91733659048562 139.1159754459505 17.301930585891526 0.0 17.301930585894358 34.603861171787294 51.905791757681655 69.20772234357318 86.50965292946755 103.81158351536045 121.11351410125484 138.4154446871464 22.408696249837647 14.2079709768443 22.367293586928636 37.38231957743654 53.78933372916446 70.62478064038355 87.64211013773219 104.7527179106908 121.91733659048563 139.1159754459505 33.32454629578916 28.41589145188692 33.21310015797055 44.693028439595786 59.08073454154051 74.71485281147861 90.95490586570992 107.5266953135818 124.29760714740988 141.1967057456475 46.092030988519824 42.62371092300352 45.91068303294724 54.74948010468224 66.9770482950192 81.0743430202262 96.2230630623129 111.99737186592343 128.1664909998435 144.59803662487258
20.208885837055583 41.3343237331688 12.385341831908823 34.67231263655968 133.53503289004152 79.56189777298823 117.1416523151058 98.96914721760538 27.9081836349328 102.29686369511361 129.61648469835967 63.89983632338117 65.58545056455506 102.2575390920959 19.477247111369262 60.0910910293285 37.613653956165564 41.55078338859879 46.87194172560373 135.0816994476032 23.488382874698573 44.76563100186295 56.277323370046716 9.97797576042053 125.32802239034454 75.20456456003589 112.62579227959475 91.4998372778865 24.229493892335725 95.29174524992212 125.72990188196108 67.0264167926941 59.41707093697514 52.64435253342576 7.169964799985153 57.80171107060865 42.64930335962189 81.0543246148977 80.04567257532493 135.13641186579517 92.00079660311631 86.7920565335801 84.85430917060957 86.40789719813726 91.27471619995745 98.96717204233026 108.88804650517929 120.48813387897007 133.3298629073621 147.08838323387104 79.01788325789705 72.9567627867381 70.71238660082815 72.63940405889038 78.43094699154645 87.32143431284678 98.47507986826085 111.21303358559587 125.05209051654312 139.66531732684285 66.53688297022894 59.2817332587922 56.57021186987806 59.03178562394762 66.09094058166339 76.48510318955847 89.05407044356672 103.00476583438699 117.84750305199445 133.28459789126933 54.90141317626376 45.91068303294716 42.427835411896126 45.72916325868456 54.5975849312755 66.85312963224905 80.97215790693402 96.13711314358689 111.92365006478558 128.10217451918334 44.77578681727373 33.21310015797047 28.285307659750547 33.1016148703947 44.61036712419594 59.018323198432185 74.66558619315671 90.9145022541143 107.49257345829828 124.26813608951497 37.40707011768865 22.36729358692858 14.142679045357772 22.32593871086207 37.35762744908348 53.77220228408961 70.61175375868221 87.63162910611061 104.7439625524921 121.90982562150107 34.60386117178588 17.301930585894358 0.0 17.30193058589294 34.603861171787294 51.90579175767881 69.20772234357318 86.50965292946613 103.81158351536045 121.11351410125201 37.40707011768868 22.367293586928636 14.142679045357863 22.325938710862125 37.357627449083516 53.77220228408964 70.61175375868223 87.63162910611062 104.7439625524921 121.90982562150108 44.77578681727379 33.21310015797055 28.285307659750636 33.101614870394776 44.610367124195996 59.01832319843222 74.66558619315674 90.91450225411432 107.4925734582983 124.268136089515 54.90141317626382 45.91068303294724 42.42783541189621 45.72916325868464 54.59758493127556 66.85312963224911 80.97215790693406 96.13711314358693 111.92365006478559 128.10217451918336
37.434965714661516 37.69233896896524 28.022442166339005 50.93866240425396 118.31495792523916 65.60543583241258 105.62119600021663 82.26163313740827 32.20793838700666 89.59165023362837 112.52246371947457 47.72537831845378 52.663444628066664 84.99577689723998 4.406302461418273 50.64977469069534 27.96372769168082 30.30720213901942 33.06097848145985 121.55577598118396 40.66032400028463 38.3979877855257 43.87362813543039 26.623580449623976 109.53564288106081 60.21683513096173 101.41202850849245 75.19981793386181 21.353874975677222 84.30616445977698 108.57628771573377 51.12125541439147 44.93561506289736 37.21789960239225 10.918559867048549 47.113251356909984 33.8171684006917 66.08194794559269 62.76816481564124 121.1781290913011 99.63620323462439 91.63792654008742 86.40789719813726 84.46193431508496 86.02319763184191 90.91117228259318 98.6325022135823 108.58442923205767 120.21424450247629 133.0827916033478 87.84819750085569 78.72451834995566 72.63940405889038 70.38540688356808 72.32162352930075 78.13717556457814 87.05807502950596 98.24198642871605 111.00701155135837 124.86918985687117 76.8701898672478 66.3139494717308 59.03178562394762 56.30862765691047 58.78153960680249 65.86786214636365 76.29272012471435 88.8891502895883 102.86243701635748 117.72331490759551 67.10111479027492 54.74948010468216 45.72916325868456 42.23164699600978 45.54747499837936 54.445732472907004 66.72936329135088 80.87016075705704 96.05135455130662 111.85011111233608 59.1432699615392 44.69302843959573 33.1016148703947 28.154515260517325 32.99009334170494 44.52780585696468 58.95603817035236 74.61643978080357 90.87420668600224 107.45854783303132 53.806511913383886 37.382319577436505 22.32593871086207 14.077282809149589 22.284633111075745 37.33299457768667 53.755118128485634 70.59876482977717 87.6211794919814 104.73523392444575 51.90579175767881 34.603861171787294 17.30193058589294 0.0 17.301930585894358 34.60386117178588 51.90579175768023 69.20772234357318 86.50965292946755 103.81158351535905 53.80651191338391 37.38231957743654 22.325938710862125 14.077282809149676 22.2846331110758 37.332994577686705 53.75511812848564 70.59876482977721 87.62117949198141 104.73523392444578 59.143269961539225 44.693028439595786 33.101614870394776 28.15451526051742 32.99009334170501 44.52780585696473 58.9560381703524 74.61643978080359 90.87420668600227 107.45854783303132 67.10111479027498 54.74948010468224 45.72916325868464 42.23164699600987 45.547474998379435 54.44573247290707 66.72936329135094 80.87016075705709 96.05135455130664 111.85011111233612
54.70893730301084 41.61255981778612 44.898008211761535 67.72029232099327 103.74945581565963 53.635394357979415 95.8550324014673 65.86175957521847 43.52637887291937 78.6598511316859 95.50334270888158 32.725312961520466 42.9433538582228 67.75450749116929 16.068023255406917 46.027854697053975 27.34709097298456 26.632603189624277 24.24435115997354 109.10192522933636 57.90969952723235 39.28811251736245 35.7961053188228 43.78108701781477 94.27461628926729 46.85206510520154 92.1027205095512 59.46860362081886 30.39110160787278 75.71810997429438 91.47854797325107 36.5093955676944 33.267707905688816 24.4464290262052 28.03096636389099 41.19447255548756 32.66415836788219 52.55997681435651 45.509217362196566 108.19017360192659 109.49555681927438 99.30174198711823 91.27471619995745 86.02319763184191 84.0689366072115 85.63796197877345 90.5473015586182 98.29774140324648 108.28091691370844 119.94059707589545 98.94177226103011 87.58481110058176 78.43094699154645 72.32162352930075 70.0579081011764 72.0034250495372 77.8432105189824 86.79474121408228 98.00907230488815 110.80125846913936 89.38452306236493 76.67759526240967 66.09094058166339 58.78153960680249 56.04662817775985 58.53099880974769 65.64472007111253 76.10045259133211 88.72444226713377 102.72036110685427 81.17671237833639 66.97704829501915 54.5975849312755 45.54747499837936 42.03514712227407 45.36562161972302 54.29392758643577 66.60575378273752 80.76835529731464 95.96579033166789 74.76423794618765 59.08073454154047 44.61036712419594 32.99009334170494 28.02351521880733 32.878538509794474 44.44534763782578 58.89388169840729 74.56741526337014 90.83402049468403 70.6378450696884 53.78933372916444 37.35762744908348 22.284633111075745 14.01178275052985 22.2433782840141 37.30842180802645 53.73808181168163 70.58581425790776 87.610761614905 69.20772234357318 51.905791757681655 34.603861171787294 17.301930585894358 0.0 17.301930585891526 34.60386117178588 51.90579175767881 69.20772234357318 86.50965292946472 70.63784506968842 53.78933372916446 37.357627449083516 22.2846331110758 14.01178275052994 22.243378284014153 37.30842180802649 53.73808181168165 70.58581425790777 87.610761614905 74.76423794618766 59.08073454154051 44.610367124195996 32.99009334170501 28.023515218807418 32.878538509794545 44.44534763782584 58.89388169840732 74.56741526337018 90.83402049468404 81.17671237833643 66.9770482950192 54.59758493127556 45.547474998379435 42.03514712227416 45.36562161972311 54.293927586435835 66.60575378273758 80.76835529731468 95.96579033166792
71.99633709484691 51.392649974186085 62.00901806626188 84.71151785362925 90.15634170199998 45.25640870518426 88.42633818200584 50.072720764666414 57.88307007849246 70.33330283482015 78.6077857901462 21.514929712813462 38.904126353399214 50.554701919740374 33.100766832528386 47.64903374178003 36.22798529791428 33.14777147403975 26.100952400087685 98.12917899187876 75.18323074093986 47.025659767713236 35.16439756947982 61.02020676616594 79.85018373168731 36.91710775562993 85.32352480027089 44.907981695148486 44.60898581741498 70.41040512292878 74.47517494293471 25.518624117021226 28.15991802929768 20.218688820929 45.287622728537755 42.107198313927384 39.8622900344279 41.916410798239276 28.302804628273872 96.56486884280154 121.03659975118865 109.19175893876681 98.96717204233026 90.91117228259318 85.63796197877345 83.6753189454314 85.25219441242221 90.18311087076549 97.96289860407566 107.97751942597753 111.62585433518223 98.70834450154607 87.32143431284678 78.13717556457814 72.0034250495372 69.7298926690251 71.68481250302489 77.5490583739056 86.53144090262502 97.77634567348795 103.29016126255163 89.21919670112584 76.48510318955847 65.86786214636365 58.53099880974769 55.784215364726066 58.28016686964755 65.42152032100168 75.9083071606587 88.55995243216357 96.3092012631053 81.07434302022615 66.85312963224905 54.445732472907004 45.36562161972302 41.83833723991523 45.183606526132195 54.142175169100554 66.48230563785566 80.66674526242335 90.99541618573286 74.71485281147856 59.018323198432185 44.52780585696468 32.878538509794474 27.892308500772014 32.76695334225418 44.362995480722056 58.83185602661179 74.51851432910465 87.65262226642709 70.62478064038352 53.77220228408961 37.33299457768667 22.2433782840141 13.946179352574479 22.202175733148056 37.28390998456543 53.7210938820184 70.5729024463457 86.50965292946472 69.20772234357318 51.90579175767881 34.60386117178588 17.301930585891526 0.0 17.301930585894358 34.603861171787294 51.905791757681655 69.20772234357318 87.65262226642712 70.62478064038355 53.77220228408964 37.332994577686705 22.243378284014153 13.94617935257457 22.202175733148113 37.28390998456546 53.72109388201844 70.57290244634572 90.9954161857329 74.71485281147861 59.01832319843222 44.52780585696473 32.878538509794545 27.8923085007721 32.76695334225426 44.36299548072211 58.83185602661183 74.51851432910468 96.30920126310535 81.0743430202262 66.85312963224911 54.44573247290707 45.36562161972311 41.83833723991531 45.18360652613228 54.142175169100625 66.4823056378557 80.6667452624234
89.28936588871083 64.41669369992694 79.20302270391421 101.807451213478 78.04536097958002 42.64075765857703 83.95788937168079 35.7140624653482 73.51913850729679 65.61149072093912 61.93699537697516 21.296713643286953 42.20943757388511 33.46036301114138 50.31752857679375 54.96363071831527 49.75721725116274 45.68330225147684 37.05997513787182 89.18589416329628 92.46738129600347 58.97436850163547 42.31331170037549 78.28704360192063 66.80645745833212 33.605620876436596 81.70665703501327 33.1005834889289 60.456725453912185 69.1426661373769 57.64972753291838 23.836429923187026 32.83186384365716 28.612488660201283 62.56928991843104 49.474773325242055 52.055409453151526 36.74407215854244 11.389564040986132 86.85113506778704 133.82495112110578 120.76225550741341 108.88804650517929 98.6325022135823 90.5473015586182 85.25219441242221 83.28108423275421 84.86589913627338 89.81860713526457 97.62798290052254 125.41880631391945 111.41931701935894 98.47507986826085 87.05807502950596 77.8432105189824 71.68481250302489 69.40136300629368 71.36578980569396 77.25472571892789 86.26818220453976 118.09665296475113 103.1473423240713 89.05407044356672 76.29272012471435 65.64472007111253 58.28016686964755 55.52139115315582 58.029047458536354 65.19826892181635 75.71629045204703 112.07127398225842 96.22306306231287 80.97215790693402 66.72936329135088 54.29392758643577 45.183606526132195 41.64121880044515 45.00143315742011 53.99048015890891 66.35902340914045 107.56091230116945 90.9549058657099 74.66558619315671 58.95603817035236 44.44534763782578 32.76695334225418 27.760896074086844 32.65534083679133 44.280752413602386 58.76996340177338 104.76149973408344 87.64211013773217 70.61175375868221 53.755118128485634 37.30842180802645 22.202175733148056 13.88047309912148 22.161026968940636 37.25945995141218 53.70415488679707 103.81158351535905 86.50965292946755 69.20772234357318 51.90579175768023 34.60386117178588 17.301930585894358 0.0 17.30193058589294 34.603861171787294 51.90579175767881 104.76149973408346 87.64211013773219 70.61175375868223 53.75511812848564 37.30842180802649 22.202175733148113 13.880473099121566 22.161026968940693 37.25945995141222 53.70415488679709 107.56091230116948 90.95490586570992 74.66558619315674 58.9560381703524 44.44534763782584 32.76695334225426 27.76089607408694 32.65534083679141 44.280752413602436 58.76996340177343 112.07127398225846 96.2230630623129 80.97215790693406 66.72936329135094 54.293927586435835 45.18360652613228 41.64121880044524 45.001433157420195 53.99048015890897 66.3590234091405
106.58528387175696 79.09818583297404 96.43563964147273 118.96295889294863 68.2106065537751 46.76569877994732 82.92959030014303 25.346046109495393 89.76852139331106 65.28135155691977 45.7374102579505 32.29426485926397 51.46307763358361 16.796645656345127 67.57780791694863 66.10804991511041 65.09842267018595 60.612404715009056 51.6171937074614 82.9312602914308 109.75713442240077 73.09751142017653 54.24947583019162 95.56657505053127 56.11466853813196 38.658902376877094 81.67333031007368 27.8079168362562 76.9336153300947 72.1282300569601 41.22066162541684 32.92205353091102 44.289855377753504 42.746523615413544 79.8597325363385 61.001604128724566 66.55251837057266 39.267992010141846 7.55705779869406 79.75055465835261 147.5366196973306 133.57725242730115 120.48813387897007 108.58442923205767 98.29774140324648 90.18311087076549 84.86589913627338 82.88623537673583 84.47908038442331 89.4537973432646 139.99325398315926 125.23529824831508 111.21303358559587 98.24198642871605 86.79474121408228 77.5490583739056 71.36578980569396 69.07232153595157 71.0463609066642 76.96021921531099 133.5046030894321 117.9719505661448 103.00476583438699 88.8891502895883 76.10045259133211 65.42152032100168 58.029047458536354 55.25815748142878 57.77764428435607 64.97497196093578 128.23097615034334 111.99737186592338 96.13711314358689 80.87016075705704 66.60575378273752 54.142175169100554 45.00143315742011 41.44379325765091 44.81910499051264 53.838847535032066 124.32716332434734 107.52669531358175 90.9145022541143 74.61643978080357 58.89388169840729 44.362995480722056 32.65534083679133 27.629278907944357 32.543704021694026 44.198621478411106 121.92487057658218 104.75271791069079 87.63162910611061 70.59876482977717 53.73808181168163 37.28390998456543 22.161026968940636 13.814664474767438 22.119933508868602 37.23507255229009 121.11351410125201 103.81158351536045 86.50965292946613 69.20772234357318 51.90579175767881 34.603861171787294 17.30193058589294 0.0 17.301930585894358 34.60386117178588 121.92487057658218 104.7527179106908 87.63162910611062 70.59876482977721 53.73808181168165 37.28390998456546 22.161026968940693 13.814664474767527 22.119933508868655 37.23507255229012 124.32716332434735 107.5266953135818 90.91450225411432 74.61643978080359 58.89388169840732 44.36299548072211 32.65534083679141 27.629278907944446 32.543704021694104 44.198621478411155 128.2309761503434 111.99737186592343 96.13711314358693 80.87016075705709 66.60575378273758 54.142175169100625 45.001433157420195 41.443793257651 44.81910499051272 53.83884753503213
123.88288092678143 94.6691195466451 113.6893120939837 136.15552377693305 61.74942410532394 56.16521730480644 85.46570401712057 24.658887882680855 106.35046271864975 69.40558282361826 30.762670384551484 47.23347110815418 64.14020786454864 6.585751559061286 84.85505339843228 79.48742731971133 81.23139057893609 76.54719626380967 67.48287562929609 79.99841509309752 127.05020284624872 88.35849016041523 68.51498156425953 112.85297003917412 49.328608769832435 49.582172002679535 85.22774856024027 32.39786496572848 93.7083676149525 78.8856452161771 25.952018485099725 46.88559297311036 58.68527073452587 58.60518491769418 97.15426543409465 74.78866011520132 82.14267046483305 48.296279021716494 24.149733133380874 75.99913033851222 161.937235697675 147.3123221300989 133.3298629073621 120.21424450247629 108.28091691370844 97.96289860407566 89.81860713526457 84.47908038442331 82.49077528945672 84.0917424222012 155.12908787799913 139.82912586542542 125.05209051654312 111.00701155135837 98.00907230488815 86.53144090262502 77.25472571892789 71.0463609066642 68.74277068474011 70.72652978893316 149.32794857896513 133.39447415491762 117.84750305199445 102.86243701635748 88.72444226713377 75.9083071606587 65.19826892181635 57.77764428435607 54.994516290942904 57.52596109169391 144.65510922529975 128.16649099984343 111.92365006478558 96.05135455130662 80.76835529731464 66.48230563785566 53.99048015890891 44.81910499051264 41.24606206758391 44.63662554015536 141.22268522556513 124.29760714740986 107.49257345829828 90.87420668600224 74.56741526337014 58.83185602661179 44.280752413602386 32.543704021694026 27.497457973046817 32.43204595626695 139.12256792443495 121.91733659048562 104.7439625524921 87.6211794919814 70.58581425790776 53.7210938820184 37.25945995141218 22.119933508868602 13.748753964863916 22.07889687738994 138.4154446871464 121.11351410125484 103.81158351536045 86.50965292946755 69.20772234357318 51.905791757681655 34.603861171787294 17.301930585894358 0.0 17.301930585891526 139.12256792443495 121.91733659048563 104.7439625524921 87.62117949198141 70.58581425790777 53.72109388201844 37.25945995141222 22.119933508868655 13.748753964864003 22.078896877389994 141.22268522556516 124.29760714740988 107.4925734582983 90.87420668600227 74.56741526337018 58.83185602661183 44.280752413602436 32.543704021694104 27.497457973046906 32.43204595626702 144.65510922529978 128.1664909998435 111.92365006478559 96.05135455130664 80.76835529731468 66.4823056378557 53.99048015890897 44.81910499051272 41.24606206758399 44.636625540155435
141.18153989418738 110.75499089454647 130.9557180097715 153.37268440552555 59.76614395537055 68.70762236586434 91.26957891314409 34.24047827436874 123.130679315597 77.27423834936445 19.98712016775914 63.38606915052677 78.60146523034803 20.08308611036638 102.14065583912216 94.15376368751012 97.76493856298576 92.97200146316744 83.91813396438772 80.75011560054736 144.3453950207784 104.25884117335727 83.93037328436662 130.14349363393626 48.12971651983529 63.41120482212161 91.9548069748113 43.8710938317404 110.64559020787613 88.55562449905186 15.702994633923169 62.54092300804414 74.33061562235237 75.10380657064391 114.45103439761417 89.8008748402922 98.30720971579676 61.00649925413966 41.328242553552826 76.09382494270152 176.8585875835554 161.73322481754803 147.08838323387104 133.0827916033478 119.94059707589545 107.97751942597753 97.62798290052254 89.4537973432646 84.0917424222012 82.09470688750076 170.67702016178032 154.98121738761475 139.66531732684285 124.86918985687117 110.80125846913936 97.77634567348795 86.26818220453976 76.96021921531099 70.72652978893316 68.41271288315473 165.44754752783282 149.2296487698393 133.28459789126933 117.72331490759551 102.72036110685427 88.55995243216357 75.71629045204703 64.97497196093578 57.52596109169391 54.73046952610043 161.26289899771575 144.59803662487258 128.10217451918334 111.85011111233608 95.96579033166789 80.66674526242335 66.35902340914045 53.838847535032066 44.63662554015536 41.04802668854918 158.2060672066715 141.1967057456475 124.26813608951497 107.45854783303132 90.83402049468403 74.51851432910465 58.76996340177338 44.198621478411106 32.43204595626695 27.36543424159924 156.34326448173894 139.1159754459505 121.90982562150107 104.73523392444575 87.610761614905 70.5729024463457 53.70415488679707 37.23507255229009 22.07889687738994 13.682742055513897 155.7173752730379 138.4154446871464 121.11351410125201 103.81158351535905 86.50965292946472 69.20772234357318 51.90579175767881 34.60386117178588 17.301930585891526 0.0 156.34326448173894 139.1159754459505 121.90982562150108 104.73523392444578 87.610761614905 70.57290244634572 53.70415488679709 37.23507255229012 22.078896877389994 13.682742055513986 158.2060672066715 141.1967057456475 124.268136089515 107.45854783303132 90.83402049468404 74.51851432910468 58.76996340177343 44.198621478411155 32.43204595626702 27.365434241599328 161.26289899771575 144.59803662487258 128.10217451918336 111.85011111233612 95.96579033166792 80.6667452624234 66.3590234091405 53.83884753503213 44.636625540155435 41.048026688549264
22.2470812089211 56.615160026704395 25.78990564250724 2.9844819390752426 170.8655579939798 116.58656521989539 152.35935870696278 136.06133173540982 38.26042534416778 138.5132009343821 166.14025727202727 101.2312543153175 90.78714641841196 138.18459023693728 56.671519451775794 94.90100935586347 73.66367035419177 78.07207070418399 84.09295561937815 171.6411960162294 21.347374749939924 63.08887894868539 92.89152342758925 31.70377305509715 162.73509199846166 112.54873236361074 147.63993650654373 128.815965926219 58.65251111458031 130.35390620219908 162.09082754580683 104.41312735860689 88.00066570093571 90.05135377513285 42.89426616756122 93.49340035341659 77.97649330718829 118.38514283726113 115.01502316302124 171.94779751735547 99.90927487676399 101.17135464497507 105.29998731114185 111.9785523529857 120.78480690065687 131.29130778391456 143.12410681130984 155.98165574589768 169.63109512657363 183.89617848724092 85.63717875381009 87.17567152292219 92.0007966031164 99.63620323462446 109.49555681927447 121.03659975118872 133.8249511211058 147.53661969733062 161.93723569767505 176.85858758355545 71.36477919761118 73.27369589248786 79.01788325789705 87.84819750085569 98.94177226103011 111.62585433518223 125.41880631391945 139.99325398315926 155.12908787799913 170.67702016178032 57.09212678338551 59.53137894272129 66.53688297022894 76.8701898672478 89.38452306236493 103.29016126255163 118.09665296475113 133.5046030894321 149.32794857896513 165.44754752783282 42.8192720847092 46.092030988519824 54.90141317626382 67.10111479027498 81.17671237833643 96.30920126310535 112.07127398225846 128.2309761503434 144.65510922529978 161.26289899771575 28.546265673844395 33.32454629578916 44.77578681727379 59.143269961539225 74.76423794618766 90.9954161857329 107.56091230116948 124.32716332434735 141.22268522556516 158.2060672066715 14.273158122068015 22.408696249837647 37.40707011768868 53.80651191338391 70.63784506968842 87.65262226642712 104.76149973408346 121.92487057658218 139.12256792443495 156.34326448173894 0.0 17.301930585891526 34.60386117178588 51.90579175767881 69.20772234357318 86.50965292946472 103.81158351535905 121.11351410125201 138.4154446871464 155.7173752730379 14.273158122067928 22.408696249837586 37.40707011768865 53.806511913383886 70.6378450696884 87.65262226642709 104.76149973408344 121.92487057658218 139.12256792443495 156.34326448173894 28.546265673844303 33.32454629578909 44.77578681727373 59.1432699615392 74.76423794618765 90.99541618573286 107.56091230116945 124.32716332434734 141.22268522556513 158.2060672066715
17.00649071631804 41.52168978231279 9.982372866961835 14.31756391342726 155.42120153420385 101.79645435375744 139.42002032747675 119.51309163769156 22.970439037454593 124.66413679080758 149.2068812080831 85.09639962939585 74.30378727733986 121.0929420447938 40.65513494586829 82.19704429537971 59.931244879449494 63.91798892204773 69.03816629084604 157.41894923317085 18.932003314291357 47.510608088025954 78.63696140579573 20.38280455011932 146.86417878514902 97.13313883546408 134.86470375141226 112.58057097692571 45.91273958100418 117.52376920674249 145.0996852548893 88.43983951909973 70.98089618997673 74.31047168840334 26.640427587527608 80.09991512206244 64.82634884109551 102.99977373268361 97.79135231536874 157.41719113514006 101.17135464497507 99.45296869634662 100.72143736281777 104.8684313143103 111.57344131909122 120.40989456069457 130.94700296815208 142.808814297948 155.69284592137058 169.36597082716054 87.17567152292219 85.24605827993233 86.79205653358018 91.6379265400875 99.3017419871183 109.19175893876688 120.76225550741349 133.5772524273012 147.31232213009892 161.7332248175481 73.27369589248786 71.03884484141027 72.9567627867381 78.72451834995566 87.58481110058176 98.70834450154607 111.41931701935894 125.23529824831508 139.82912586542542 154.98121738761475 59.53137894272129 56.831378887424094 59.2817332587922 66.3139494717308 76.67759526240967 89.21919670112584 103.1473423240713 117.9719505661448 133.39447415491762 149.2296487698393 46.092030988519824 42.62371092300352 45.91068303294724 54.74948010468224 66.9770482950192 81.0743430202262 96.2230630623129 111.99737186592343 128.1664909998435 144.59803662487258 33.32454629578916 28.41589145188692 33.21310015797055 44.693028439595786 59.08073454154051 74.71485281147861 90.95490586570992 107.5266953135818 124.29760714740988 141.1967057456475 22.408696249837647 14.2079709768443 22.367293586928636 37.38231957743654 53.78933372916446 70.62478064038355 87.64211013773219 104.7527179106908 121.91733659048563 139.1159754459505 17.301930585891526 0.0 17.301930585894358 34.603861171787294 51.905791757681655 69.20772234357318 86.50965292946755 103.81158351536045 121.11351410125484 138.4154446871464 22.408696249837586 14.207970976844209 22.36729358692858 37.382319577436505 53.78933372916444 70.62478064038352 87.64211013773217 104.75271791069079 121.91733659048562 139.1159754459505 33.32454629578909 28.41589145188683 33.21310015797047 44.69302843959573 59.08073454154047 74.71485281147856 90.9549058657099 107.52669531358175 124.29760714740986 141.1967057456475
26.11936156600563 29.009239262789112 11.52777983373185 31.619483619769632 140.41064044768615 87.92785091063543 127.51932244240214 103.21230035549456 13.788932763132047 111.78135048454817 132.36884142636325 69.52507244471113 58.2967425820859 104.07080216692829 26.319780938270895 71.45070056174352 48.53738268007979 51.7153354443571 55.31381669394503 143.87293540683777 29.323081346271234 33.660361582387196 65.85901895767564 20.603400788982285 131.35508681104798 82.4692591298562 123.19941127125561 96.71567574520412 37.07492239852127 105.97269256216772 128.19169409510155 73.07404580368053 54.14028717043475 59.443704746784285 13.34989299698453 68.48120765590915 54.067371606008024 88.32647285348841 80.60120797498321 143.50252079441168 105.29998731114185 100.72143736281777 98.99592914349992 100.27086045082548 104.43640337546883 111.16809195962593 120.03496330103546 130.60285442225617 142.49380398588204 155.40440208216705 92.0007966031164 86.79205653358018 84.85430917060965 86.40789719813736 91.27471619995752 98.96717204233032 108.88804650517935 120.48813387897015 133.32986290736216 147.0883832338711 79.01788325789705 72.9567627867381 70.71238660082815 72.63940405889038 78.43094699154645 87.32143431284678 98.47507986826085 111.21303358559587 125.05209051654312 139.66531732684285 66.53688297022894 59.2817332587922 56.57021186987806 59.03178562394762 66.09094058166339 76.48510318955847 89.05407044356672 103.00476583438699 117.84750305199445 133.28459789126933 54.90141317626382 45.91068303294724 42.42783541189621 45.72916325868464 54.59758493127556 66.85312963224911 80.97215790693406 96.13711314358693 111.92365006478559 128.10217451918336 44.77578681727379 33.21310015797055 28.285307659750636 33.101614870394776 44.610367124195996 59.01832319843222 74.66558619315674 90.91450225411432 107.4925734582983 124.268136089515 37.40707011768868 22.367293586928636 14.142679045357863 22.325938710862125 37.357627449083516 53.77220228408964 70.61175375868223 87.63162910611062 104.7439625524921 121.90982562150108 34.60386117178588 17.301930585894358 0.0 17.30193058589294 34.603861171787294 51.90579175767881 69.20772234357318 86.50965292946613 103.81158351536045 121.11351410125201 37.40707011768865 22.36729358692858 14.142679045357772 22.32593871086207 37.35762744908348 53.77220228408961 70.61175375868221 87.63162910611061 104.7439625524921 121.90982562150107 44.77578681727373 33.21310015797047 28.285307659750547 33.1016148703947 44.61036712419594 59.018323198432185 74.66558619315671 90.9145022541143 107.49257345829828 124.26813608951497
40.913733497512794 23.61635165631773 27.655832161937262 48.92141102157582 125.9890197736971 75.49035521494996 116.9747014153168 87.29768387236042 21.24478616127159 100.2381004262366 115.66778042653316 54.9980204739541 43.29755340247561 87.15890505759427 18.202574831709807 63.66119019190957 41.45728577758709 43.15261360568907 44.17776502117278 131.21275877873933 44.27163266866886 24.647369634955833 55.58553014679934 32.12870109665557 116.35259185444103 69.03776706366662 112.98836538272052 81.43809917886642 35.211187215986776 96.162708905174 111.4047202607934 58.793996571350725 37.719575510916435 46.30086188458245 15.666520130875439 59.68294654459678 47.35830458918627 74.78555541151093 63.47183604780936 130.40110927867008 111.9785523529857 104.8684313143103 100.27086045082548 98.5381595890061 99.81962835737642 104.00391043647421 110.76251368043131 119.66002405528081 130.25887357651285 142.1790870736468 99.63620323462446 91.6379265400875 86.40789719813736 84.46193431508505 86.023197631842 90.91117228259327 98.63250221358238 108.58442923205774 120.21424450247636 133.08279160334783 87.84819750085569 78.72451834995566 72.63940405889038 70.38540688356808 72.32162352930075 78.13717556457814 87.05807502950596 98.24198642871605 111.00701155135837 124.86918985687117 76.8701898672478 66.3139494717308 59.03178562394762 56.30862765691047 58.78153960680249 65.86786214636365 76.29272012471435 88.8891502895883 102.86243701635748 117.72331490759551 67.10111479027498 54.74948010468224 45.72916325868464 42.23164699600987 45.547474998379435 54.44573247290707 66.72936329135094 80.87016075705709 96.05135455130664 111.85011111233612 59.143269961539225 44.693028439595786 33.101614870394776 28.15451526051742 32.99009334170501 44.52780585696473 58.9560381703524 74.61643978080359 90.87420668600227 107.45854783303132 53.80651191338391 37.38231957743654 22.325938710862125 14.077282809149676 22.2846331110758 37.332994577686705 53.75511812848564 70.59876482977721 87.62117949198141 104.73523392444578 51.90579175767881 34.603861171787294 17.30193058589294 0.0 17.301930585894358 34.60386117178588 51.90579175768023 69.20772234357318 86.50965292946755 103.81158351535905 53.806511913383886 37.382319577436505 22.32593871086207 14.077282809149589 22.284633111075745 37.33299457768667 53.755118128485634 70.59876482977717 87.6211794919814 104.73523392444575 59.1432699615392 44.69302843959573 33.1016148703947 28.154515260517325 32.99009334170494 44.52780585696468 58.95603817035236 74.61643978080357 90.87420668600224 107.45854783303132
57.134563503540754 29.5404643029453 44.67117417391964 66.22334008715163 112.38329655763731 65.30680219900259 108.1834164480897 72.025683387383 36.21132262769493 90.54814401888132 99.17292546245169 42.5973814079843 30.814876418324506 70.43670360429316 23.846353664003416 59.991563313007646 40.990745207749136 40.602040965228596 37.97944470264949 119.71977760752387 60.48821230623164 26.08977855604718 49.40439302509003 47.31509961501407 102.08029883989504 57.70572241450827 104.6580892326903 67.14991549335565 41.27727169702139 88.67356637993635 94.80307192001244 46.60857005346644 22.651151613693376 36.778982236152366 30.188955132406385 55.073871494794034 46.48699310212674 63.11017242621694 46.47048870456168 118.38327393062656 120.78480690065687 111.57344131909122 104.43640337546883 99.81962835737642 98.07966340902357 99.36774555776108 103.57095950941113 110.35671598699412 119.2850878599569 129.91507194977265 109.49555681927447 99.3017419871183 91.27471619995752 86.023197631842 84.06893660721158 85.63796197877353 90.54730155861827 98.29774140324655 108.2809169137085 119.94059707589551 98.94177226103011 87.58481110058176 78.43094699154645 72.32162352930075 70.0579081011764 72.0034250495372 77.8432105189824 86.79474121408228 98.00907230488815 110.80125846913936 89.38452306236493 76.67759526240967 66.09094058166339 58.78153960680249 56.04662817775985 58.53099880974769 65.64472007111253 76.10045259133211 88.72444226713377 102.72036110685427 81.17671237833643 66.9770482950192 54.59758493127556 45.547474998379435 42.03514712227416 45.36562161972311 54.293927586435835 66.60575378273758 80.76835529731468 95.96579033166792 74.76423794618766 59.08073454154051 44.610367124195996 32.99009334170501 28.023515218807418 32.878538509794545 44.44534763782584 58.89388169840732 74.56741526337018 90.83402049468404 70.63784506968842 53.78933372916446 37.357627449083516 22.2846331110758 14.01178275052994 22.243378284014153 37.30842180802649 53.73808181168165 70.58581425790777 87.610761614905 69.20772234357318 51.905791757681655 34.603861171787294 17.301930585894358 0.0 17.301930585891526 34.60386117178588 51.90579175767881 69.20772234357318 86.50965292946472 70.6378450696884 53.78933372916444 37.35762744908348 22.284633111075745 14.01178275052985 22.2433782840141 37.30842180802645 53.73808181168163 70.58581425790776 87.610761614905 74.76423794618765 59.08073454154047 44.61036712419594 32.99009334170494 28.02351521880733 32.878538509794474 44.44534763782578 58.89388169840729 74.56741526337014 90.83402049468403
73.84778481916325 42.26413207003382 61.84574323600992 83.52526978256383 99.92729695459596 58.565015281529924 101.60162433052467 57.90698851312811 52.62975877737407 83.36029715227741 83.00729683996934 34.6842851850772 24.962885045987786 54.080452245899735 37.47899980427527 61.187614817927255 47.333724376618825 45.09555331471113 39.13959900475534 109.76125361896202 77.17760171303242 36.77731756666413 48.89313902350296 63.591632911195944 88.89063039319288 49.92384256358725 98.68601587010372 54.63298814565982 52.5975876975378 84.1273792591015 78.50441186562699 38.55762543251431 14.216032252868057 34.06354654587787 46.64782009861084 55.70374710581045 51.7491566572406 54.51247108059891 29.816971249918797 107.81198547371311 131.29130778391456 120.40989456069457 111.16809195962593 104.00391043647421 99.36774555776108 97.62044398506242 98.91521655470022 103.13755767799654 109.95070848613678 118.9101658558116 121.03659975118872 109.19175893876688 98.96717204233032 90.91117228259327 85.63796197877353 83.6753189454315 85.2521944124223 90.18311087076557 97.96289860407573 107.9775194259776 111.62585433518223 98.70834450154607 87.32143431284678 78.13717556457814 72.0034250495372 69.7298926690251 71.68481250302489 77.5490583739056 86.53144090262502 97.77634567348795 103.29016126255163 89.21919670112584 76.48510318955847 65.86786214636365 58.53099880974769 55.784215364726066 58.28016686964755 65.42152032100168 75.9083071606587 88.55995243216357 96.30920126310535 81.0743430202262 66.85312963224911 54.44573247290707 45.36562161972311 41.83833723991531 45.18360652613228 54.142175169100625 66.4823056378557 80.6667452624234 90.9954161857329 74.71485281147861 59.01832319843222 44.52780585696473 32.878538509794545 27.8923085007721 32.76695334225426 44.36299548072211 58.83185602661183 74.51851432910468 87.65262226642712 70.62478064038355 53.77220228408964 37.332994577686705 22.243378284014153 13.94617935257457 22.202175733148113 37.28390998456546 53.72109388201844 70.57290244634572 86.50965292946472 69.20772234357318 51.90579175767881 34.60386117178588 17.301930585891526 0.0 17.301930585894358 34.603861171787294 51.905791757681655 69.20772234357318 87.65262226642709 70.62478064038352 53.77220228408961 37.33299457768667 22.2433782840141 13.946179352574479 22.202175733148056 37.28390998456543 53.7210938820184 70.5729024463457 90.99541618573286 74.71485281147856 59.018323198432185 44.52780585696468 32.878538509794474 27.892308500772014 32.76695334225418 44.362995480722056 58.83185602661179 74.51851432910465
90.78185125094241 57.43331394521393 79.07585924654667 100.82719978357719 89.10449538995007 56.510543573803005 97.67699928073219 46.01571865483722 69.47831177121388 79.35738809708158 67.40817443487227 34.49884728558256 29.923990276661527 38.55869593650622 53.28615448942986 66.9892286246877 58.3046083601114 54.93084430103857 47.1177768284349 101.78856028124997 94.08853593094823 51.21695477857917 54.212416860793844 80.29809965577907 77.33948482553046 47.47138350658042 95.51551168171835 45.37753548697066 66.54251966711442 83.00909759566134 62.745297889085805 37.412953138887396 22.13208276441356 39.58111693893661 63.55610259370161 61.41158253004157 61.59231343832216 50.58681861188356 14.74144950535363 99.15101259080173 143.12410681130984 130.94700296815208 120.03496330103546 110.76251368043131 103.57095950941113 98.91521655470022 97.1605047039591 98.46204587886672 102.7037120990221 109.54450088771144 133.8249511211058 120.76225550741349 108.88804650517935 98.63250221358238 90.54730155861827 85.2521944124223 83.2810842327543 84.86589913627347 89.81860713526466 97.62798290052261 125.41880631391945 111.41931701935894 98.47507986826085 87.05807502950596 77.8432105189824 71.68481250302489 69.40136300629368 71.36578980569396 77.25472571892789 86.26818220453976 118.09665296475113 103.1473423240713 89.05407044356672 76.29272012471435 65.64472007111253 58.28016686964755 55.52139115315582 58.029047458536354 65.19826892181635 75.71629045204703 112.07127398225846 96.2230630623129 80.97215790693406 66.72936329135094 54.293927586435835 45.18360652613228 41.64121880044524 45.001433157420195 53.99048015890897 66.3590234091405 107.56091230116948 90.95490586570992 74.66558619315674 58.9560381703524 44.44534763782584 32.76695334225426 27.76089607408694 32.65534083679141 44.280752413602436 58.76996340177343 104.76149973408346 87.64211013773219 70.61175375868223 53.75511812848564 37.30842180802649 22.202175733148113 13.880473099121566 22.161026968940693 37.25945995141222 53.70415488679709 103.81158351535905 86.50965292946755 69.20772234357318 51.90579175768023 34.60386117178588 17.301930585894358 0.0 17.30193058589294 34.603861171787294 51.90579175767881 104.76149973408344 87.64211013773217 70.61175375868221 53.755118128485634 37.30842180802645 22.202175733148056 13.88047309912148 22.161026968940636 37.25945995141218 53.70415488679707 107.56091230116945 90.9549058657099 74.66558619315671 58.95603817035236 44.44534763782578 32.76695334225418 27.760896074086844 32.65534083679133 44.280752413602386 58.76996340177338
107.83276834178855 73.55015366728449 96.33172104539062 118.12912995590789 80.57570733064571 59.629858072436264 96.73349968028937 38.47570923956578 86.50602741582803 79.02489543355496 52.87930692426423 42.143200857559506 42.02921961497742 25.447246732727933 69.80591009988483 76.35368558544157 71.81280436376225 67.82250298432378 59.21966116821421 96.2962085208007 111.119912663389 67.0260595085513 63.92288592566864 97.21309452738028 68.26377249854352 51.12119899368004 95.42623000321257 41.619504445454375 81.78028634576792 85.45340486208488 48.059459214896734 43.72041346065078 37.09818341715012 50.71205358547696 80.63157063347039 70.98278948432672 74.21559207746688 52.394121861076954 12.011744146690697 92.93598229543835 155.98165574589768 142.808814297948 130.60285442225617 119.66002405528081 110.35671598699412 103.13755767799654 98.46204587886672 96.6998489578519 98.00823808943697 102.26943000383685 147.53661969733062 133.5772524273012 120.48813387897015 108.58442923205774 98.29774140324655 90.18311087076557 84.86589913627347 82.88623537673591 84.47908038442338 89.45379734326467 139.99325398315926 125.23529824831508 111.21303358559587 98.24198642871605 86.79474121408228 77.5490583739056 71.36578980569396 69.07232153595157 71.0463609066642 76.96021921531099 133.5046030894321 117.9719505661448 103.00476583438699 88.8891502895883 76.10045259133211 65.42152032100168 58.029047458536354 55.25815748142878 57.77764428435607 64.97497196093578 128.2309761503434 111.99737186592343 96.13711314358693 80.87016075705709 66.60575378273758 54.142175169100625 45.001433157420195 41.443793257651 44.81910499051272 53.83884753503213 124.32716332434735 107.5266953135818 90.91450225411432 74.61643978080359 58.89388169840732 44.36299548072211 32.65534083679141 27.629278907944446 32.543704021694104 44.198621478411155 121.92487057658218 104.7527179106908 87.63162910611062 70.59876482977721 53.73808181168165 37.28390998456546 22.161026968940693 13.814664474767527 22.119933508868655 37.23507255229012 121.11351410125201 103.81158351536045 86.50965292946613 69.20772234357318 51.90579175767881 34.603861171787294 17.30193058589294 0.0 17.301930585894358 34.60386117178588 121.92487057658218 104.75271791069079 87.63162910611061 70.59876482977717 53.73808181168163 37.28390998456543 22.161026968940636 13.814664474767438 22.119933508868602 37.23507255229009 124.32716332434734 107.52669531358175 90.9145022541143 74.61643978080357 58.89388169840729 44.362995480722056 32.65534083679133 27.629278907944357 32.543704021694026 44.198621478411106
124.95270928542729 90.10757748841966 113.60159703266015 135.43106023389856 75.12632838385349 67.20637120888543 98.8565191700035 37.97394940221022 103.62462268693997 82.40725877865495 40.586804372998735 54.4117301896199 56.887397127060396 20.17581019425271 86.63156410975341 88.15276433058597 86.68007848929187 82.34738426286087 73.43404072388576 93.72128419160192 128.2237473956783 83.42972897419068 76.36744498131688 114.24403089020636 62.74698669979997 59.76557754964355 98.42655602396376 44.765507525246804 97.7078869125195 91.17421947842269 35.79329994493882 54.97205608992075 53.492372812308815 64.61786042105425 97.78668180122723 83.09289526693101 88.43640829846618 59.41349062507188 25.883716238184064 89.6768907498194 169.63109512657363 155.69284592137058 142.49380398588204 130.25887357651285 119.2850878599569 109.95070848613678 102.7037120990221 98.00823808943697 96.2384801441555 97.55379777464749 161.93723569767505 147.31232213009892 133.32986290736216 120.21424450247636 108.2809169137085 97.96289860407573 89.81860713526466 84.47908038442338 82.4907752894568 84.09174242220126 155.12908787799913 139.82912586542542 125.05209051654312 111.00701155135837 98.00907230488815 86.53144090262502 77.25472571892789 71.0463609066642 68.74277068474011 70.72652978893316 149.32794857896513 133.39447415491762 117.84750305199445 102.86243701635748 88.72444226713377 75.9083071606587 65.19826892181635 57.77764428435607 54.994516290942904 57.52596109169391 144.65510922529978 128.1664909998435 111.92365006478559 96.05135455130664 80.76835529731468 66.4823056378557 53.99048015890897 44.81910499051272 41.24606206758399 44.636625540155435 141.22268522556516 124.29760714740988 107.4925734582983 90.87420668600227 74.56741526337018 58.83185602661183 44.280752413602436 32.543704021694104 27.497457973046906 32.43204595626702 139.12256792443495 121.91733659048563 104.7439625524921 87.62117949198141 70.58581425790777 53.72109388201844 37.25945995141222 22.119933508868655 13.748753964864003 22.078896877389994 138.4154446871464 121.11351410125484 103.81158351536045 86.50965292946755 69.20772234357318 51.905791757681655 34.603861171787294 17.301930585894358 0.0 17.301930585891526 139.12256792443495 121.91733659048562 104.7439625524921 87.6211794919814 70.58581425790776 53.7210938820184 37.25945995141218 22.119933508868602 13.748753964863916 22.07889687738994 141.22268522556513 124.29760714740986 107.49257345829828 90.87420668600224 74.56741526337014 58.83185602661179 44.280752413602386 32.543704021694026 27.497457973046817 32.43204595626695
142.11673161537593 106.90106079785515 130.8799397233336 152.73299058163732 73.44503327478053 77.95107829171235 103.85817471118051 44.74782965089692 120.79546659446865 89.08233073292625 33.121967724836566 68.87620398288055 72.83273402376565 27.663620234581998 103.61420127528925 101.54127447163337 102.31568191047445 97.78035082306019 88.75164842189055 94.3030699895909 145.3744675353222 100.13619489031906 90.42422278026712 131.34581587407877 61.750473890708825 71.6182523648621 104.25007264219464 53.61364815018219 114.03663759433027 99.60859384730536 29.177362971867733 68.78289216984385 70.32286467566182 79.86195175213015 114.98579495530291 96.79359994941859 103.59896568218358 70.0962395935816 42.35994145505785 89.69652772556046 183.89617848724092 169.36597082716054 155.40440208216705 142.1790870736468 129.91507194977265 118.9101658558116 109.54450088771144 102.26943000383685 97.55379777464749 95.77640166553627 176.85858758355545 161.7332248175481 147.0883832338711 133.08279160334783 119.94059707589551 107.9775194259776 97.62798290052261 89.45379734326467 84.09174242220126 82.09470688750085 170.67702016178032 154.98121738761475 139.66531732684285 124.86918985687117 110.80125846913936 97.77634567348795 86.26818220453976 76.96021921531099 70.72652978893316 68.41271288315473 165.44754752783282 149.2296487698393 133.28459789126933 117.72331490759551 102.72036110685427 88.55995243216357 75.71629045204703 64.97497196093578 57.52596109169391 54.73046952610043 161.26289899771575 144.59803662487258 128.10217451918336 111.85011111233612 95.96579033166792 80.6667452624234 66.3590234091405 53.83884753503213 44.636625540155435 41.048026688549264 158.2060672066715 141.1967057456475 124.268136089515 107.45854783303132 90.83402049468404 74.51851432910468 58.76996340177343 44.198621478411155 32.43204595626702 27.365434241599328 156.34326448173894 139.1159754459505 121.90982562150108 104.73523392444578 87.610761614905 70.57290244634572 53.70415488679709 37.23507255229012 22.078896877389994 13.682742055513986 155.7173752730379 138.4154446871464 121.11351410125201 103.81158351535905 86.50965292946472 69.20772234357318 51.90579175767881 34.60386117178588 17.301930585891526 0.0 156.34326448173894 139.1159754459505 121.90982562150107 104.73523392444575 87.610761614905 70.5729024463457 53.70415488679707 37.23507255229009 22.07889687738994 13.682742055513897 158.2060672066715 141.1967057456475 124.26813608951497 107.45854783303132 90.83402049468403 74.51851432910465 58.76996340177338 44.198621478411106 32.43204595626695 27.36543424159924
34.30972879356365 52.27031854644513 32.391066838083795 14.55296073398521 177.44525934193598 124.10902830604958 161.77338457151657 140.61237573769236 35.68330200400223 147.07233398770276 169.47031880994783 106.78204029171317 87.91505038578117 140.94418957024197 62.68643331047972 104.46906819921377 82.32209612193112 86.32656786547052 91.33222613834121 179.79900855339366 34.24770872308674 59.18085487352042 101.03874521743634 41.68633986290631 168.6276035284886 119.2464178476254 157.19228855618962 134.08443875970084 68.09730124929605 139.85108430462157 165.21063184691394 110.24577525452419 86.81847304470318 96.31654385797893 48.691897635826635 102.47631715105723 87.1523099980619 125.11634707231077 117.10514942447774 179.75078119491985 114.18101698928432 115.2264421594825 118.80913609608828 124.71061775837812 132.6216990433975 142.20738885534763 153.15357437457604 165.19002013158308 178.09581035141815 191.69544095224427 99.90927487676399 101.17135464497507 105.29998731114185 111.9785523529857 120.78480690065687 131.29130778391456 143.12410681130984 155.98165574589768 169.63109512657363 183.89617848724092 85.63717875381 87.1756715229221 92.00079660311631 99.63620323462439 109.49555681927438 121.03659975118865 133.82495112110578 147.5366196973306 161.937235697675 176.8585875835554 71.3647791976111 73.2736958924878 79.01788325789697 87.84819750085562 98.94177226103004 111.62585433518218 125.41880631391939 139.99325398315924 155.1290878779991 170.6770201617803 57.09212678338551 59.53137894272129 66.53688297022894 76.8701898672478 89.38452306236493 103.29016126255163 118.09665296475113 133.5046030894321 149.32794857896513 165.44754752783282 42.8192720847092 46.092030988519824 54.90141317626382 67.10111479027498 81.17671237833643 96.30920126310535 112.07127398225846 128.2309761503434 144.65510922529978 161.26289899771575 28.546265673844395 33.32454629578916 44.77578681727379 59.143269961539225 74.76423794618766 90.9954161857329 107.56091230116948 124.32716332434735 141.22268522556516 158.2060672066715 14.273158122067928 22.408696249837586 37.40707011768865 53.806511913383886 70.6378450696884 87.65262226642709 104.76149973408344 121.92487057658218 139.12256792443495 156.34326448173894 0.0 17.301930585891526 34.60386117178588 51.90579175767881 69.20772234357318 86.50965292946472 103.81158351535905 121.11351410125201 138.4154446871464 155.7173752730379 14.273158122067928 22.408696249837586 37.40707011768865 53.806511913383886 70.6378450696884 87.65262226642709 104.76149973408344 121.92487057658218 139.12256792443495 156.34326448173894
31.11798866240877 35.399492885067424 21.953469033733047 20.172945980645824 162.59464001780913 110.29437238364065 149.60495984152828 124.64654350946515 18.383416750227106 134.068308833757 152.88940003451947 91.60102045936375 70.78243220963026 124.21856655841937 48.6568018427927 93.0333757029096 70.2578596753667 73.7314623389079 77.65569369724882 166.23645848075319 32.74660429245772 42.209128132725525 88.07118024905706 33.833898534885094 153.3384775850906 104.7865770868933 145.21367428323856 118.54585847909338 57.44241547238697 127.93071473251119 148.5609296311372 95.22552741049056 69.51664471155534 81.75776077703699 35.18902802783097 90.37875557565418 75.56927571092328 110.63680690111458 100.23016513536349 165.86706442047026 115.2264421594825 113.65952558207304 114.71047309544922 118.30954153956465 124.23547279089719 132.17567052112574 141.79214771073427 152.7686765082055 164.83377683176522 177.76594031953786 101.17135464497507 99.45296869634662 100.72143736281777 104.8684313143103 111.57344131909122 120.40989456069457 130.94700296815208 142.808814297948 155.69284592137058 169.36597082716054 87.1756715229221 85.24605827993223 86.7920565335801 91.63792654008742 99.30174198711823 109.19175893876681 120.76225550741341 133.57725242730115 147.3123221300989 161.73322481754803 73.2736958924878 71.03884484141018 72.95676278673801 78.72451834995559 87.58481110058169 98.708344501546 111.41931701935887 125.23529824831503 139.8291258654254 154.9812173876147 59.53137894272129 56.831378887424094 59.2817332587922 66.3139494717308 76.67759526240967 89.21919670112584 103.1473423240713 117.9719505661448 133.39447415491762 149.2296487698393 46.092030988519824 42.62371092300352 45.91068303294724 54.74948010468224 66.9770482950192 81.0743430202262 96.2230630623129 111.99737186592343 128.1664909998435 144.59803662487258 33.32454629578916 28.41589145188692 33.21310015797055 44.693028439595786 59.08073454154051 74.71485281147861 90.95490586570992 107.5266953135818 124.29760714740988 141.1967057456475 22.408696249837586 14.207970976844209 22.36729358692858 37.382319577436505 53.78933372916444 70.62478064038352 87.64211013773217 104.75271791069079 121.91733659048562 139.1159754459505 17.301930585891526 0.0 17.301930585894358 34.603861171787294 51.905791757681655 69.20772234357318 86.50965292946755 103.81158351536045 121.11351410125484 138.4154446871464 22.408696249837586 14.207970976844209 22.36729358692858 37.382319577436505 53.78933372916444 70.62478064038352 87.64211013773217 104.75271791069079 121.91733659048562 139.1159754459505
36.85389834814418 19.30738587330925 22.659212768208715 34.6528417334629 148.27639779071117 97.59782532170355 138.53271679157965 109.08887305100703 1.1469891681054882 122.13526490193588 136.48755085373747 77.3161841076296 53.75836998027654 107.67519653308757 37.471166526651245 83.638021189023 60.779151623818805 63.396212283898315 65.71102318945987 153.42781292253844 39.62932154803862 25.681910989783255 76.83054109488886 33.91788287381667 138.52362436085198 91.32053666504889 134.3996357170249 103.56786618825915 50.603572599362614 117.35790239849128 132.07895907194427 81.11949266116525 52.214884139853815 68.48714189722044 26.539496198851385 80.21180565773184 66.51767864163804 97.08552426031446 83.53003517436117 152.68295329546822 118.80913609608828 114.71047309544922 113.13719608187365 114.19373152052135 117.80934674961343 123.75995606704565 131.7295029601542 141.37697073266273 152.38400321007532 164.47787599089247 105.29998731114185 100.72143736281777 98.99592914349992 100.27086045082548 104.43640337546883 111.16809195962593 120.03496330103546 130.60285442225617 142.49380398588204 155.40440208216705 92.00079660311631 86.7920565335801 84.85430917060957 86.40789719813726 91.27471619995745 98.96717204233026 108.88804650517929 120.48813387897007 133.3298629073621 147.08838323387104 79.01788325789697 72.95676278673801 70.71238660082807 72.63940405889029 78.43094699154636 87.32143431284672 98.47507986826078 111.21303358559582 125.05209051654306 139.66531732684282 66.53688297022894 59.2817332587922 56.57021186987806 59.03178562394762 66.09094058166339 76.48510318955847 89.05407044356672 103.00476583438699 117.84750305199445 133.28459789126933 54.90141317626382 45.91068303294724 42.42783541189621 45.72916325868464 54.59758493127556 66.85312963224911 80.97215790693406 96.13711314358693 111.92365006478559 128.10217451918336 44.77578681727379 33.21310015797055 28.285307659750636 33.101614870394776 44.610367124195996 59.01832319843222 74.66558619315674 90.91450225411432 107.4925734582983 124.268136089515 37.40707011768865 22.36729358692858 14.142679045357772 22.32593871086207 37.35762744908348 53.77220228408961 70.61175375868221 87.63162910611061 104.7439625524921 121.90982562150107 34.60386117178588 17.301930585894358 0.0 17.30193058589294 34.603861171787294 51.90579175767881 69.20772234357318 86.50965292946613 103.81158351536045 121.11351410125201 37.40707011768865 22.36729358692858 14.142679045357772 22.32593871086207 37.35762744908348 53.77220228408961 70.61175375868221 87.63162910611061 104.7439625524921 121.90982562150107
48.4437746780155 9.546693625218186 33.81769614991928 50.92547238971983 134.6604604268462 86.51307237510173 128.83957775087868 94.14193781255202 16.229441152629075 111.61722950883205 120.33801412455477 64.52550082276579 36.993039678075476 91.4130821363013 32.23973925352972 77.03320707370915 55.23352956248059 56.57322599578663 56.60539679765447 141.57783876362623 51.64624530175778 11.671492905926351 68.17643140322065 41.89058601744132 124.35266811294372 79.35583915243905 125.05266182438154 89.43256538158681 49.19871777875372 108.5272050343393 115.83634026352208 68.49484665855667 34.913292070093775 57.405122549232765 27.73323620191443 72.7889998533463 61.132508204880594 84.90811647988247 67.1353732492675 140.39567958106426 124.71061775837812 118.30954153956465 114.19373152052135 112.61403234100696 113.67622224583015 117.30855889652355 123.28407739231154 131.2832081702865 140.96187078836718 151.9995675746296 111.9785523529857 104.8684313143103 100.27086045082548 98.5381595890061 99.81962835737642 104.00391043647421 110.76251368043131 119.66002405528081 130.25887357651285 142.1790870736468 99.63620323462439 91.63792654008742 86.40789719813726 84.46193431508496 86.02319763184191 90.91117228259318 98.6325022135823 108.58442923205767 120.21424450247629 133.0827916033478 87.84819750085562 78.72451834995559 72.63940405889029 70.38540688356798 72.32162352930065 78.13717556457807 87.0580750295059 98.24198642871599 111.00701155135833 124.86918985687113 76.8701898672478 66.3139494717308 59.03178562394762 56.30862765691047 58.78153960680249 65.86786214636365 76.29272012471435 88.8891502895883 102.86243701635748 117.72331490759551 67.10111479027498 54.74948010468224 45.72916325868464 42.23164699600987 45.547474998379435 54.44573247290707 66.72936329135094 80.87016075705709 96.05135455130664 111.85011111233612 59.143269961539225 44.693028439595786 33.101614870394776 28.15451526051742 32.99009334170501 44.52780585696473 58.9560381703524 74.61643978080359 90.87420668600227 107.45854783303132 53.806511913383886 37.382319577436505 22.32593871086207 14.077282809149589 22.284633111075745 37.33299457768667 53.755118128485634 70.59876482977717 87.6211794919814 104.73523392444575 51.90579175767881 34.603861171787294 17.30193058589294 0.0 17.301930585894358 34.60386117178588 51.90579175768023 69.20772234357318 86.50965292946755 103.81158351535905 53.806511913383886 37.382319577436505 22.32593871086207 14.077282809149589 22.284633111075745 37.33299457768667 53.755118128485634 70.59876482977717 87.6211794919814 104.73523392444575
62.72238566209737 20.20437393882554 48.7087748916171 67.71041753865994 121.98223372967176 77.73272883896475 120.85782362273653 80.14815970395287 33.52890602655071 102.94882421012545 104.55776852778264 54.29540260266635 21.11209687789661 75.61390870511329 35.68503558061431 73.97025216866066 54.827724681133866 54.59559544164181 51.85657043988076 130.94705831949912 66.05221173334206 14.546480035560673 63.180804462525536 54.3868361349113 111.07233405020057 69.67031728322301 117.52331532812865 76.60785269656644 53.656387402452694 101.89258414846691 99.94983092319667 58.32166714322482 17.612365095361845 49.989097975030816 37.85010288979948 69.00169315309002 60.40249493387183 74.77881191555778 51.33966009232663 129.2612506334473 132.6216990433975 124.23547279089719 117.80934674961343 113.67622224583015 112.09003821793499 113.15795010794827 116.80718521880998 122.80784667728938 130.8367980809361 140.54686085849903 120.78480690065687 111.57344131909122 104.43640337546883 99.81962835737642 98.07966340902357 99.36774555776108 103.57095950941113 110.35671598699412 119.2850878599569 129.91507194977265 109.49555681927438 99.30174198711823 91.27471619995745 86.02319763184191 84.0689366072115 85.63796197877345 90.5473015586182 98.29774140324648 108.28091691370844 119.94059707589545 98.94177226103004 87.58481110058169 78.43094699154636 72.32162352930065 70.0579081011763 72.00342504953711 77.84321051898233 86.79474121408221 98.0090723048881 110.80125846913931 89.38452306236493 76.67759526240967 66.09094058166339 58.78153960680249 56.04662817775985 58.53099880974769 65.64472007111253 76.10045259133211 88.72444226713377 102.72036110685427 81.17671237833643 66.9770482950192 54.59758493127556 45.547474998379435 42.03514712227416 45.36562161972311 54.293927586435835 66.60575378273758 80.76835529731468 95.96579033166792 74.76423794618766 59.08073454154051 44.610367124195996 32.99009334170501 28.023515218807418 32.878538509794545 44.44534763782584 58.89388169840732 74.56741526337018 90.83402049468404 70.6378450696884 53.78933372916444 37.35762744908348 22.284633111075745 14.01178275052985 22.2433782840141 37.30842180802645 53.73808181168163 70.58581425790776 87.610761614905 69.20772234357318 51.905791757681655 34.603861171787294 17.301930585894358 0.0 17.301930585891526 34.60386117178588 51.90579175767881 69.20772234357318 86.50965292946472 70.6378450696884 53.78933372916444 37.35762744908348 22.284633111075745 14.01178275052985 22.2433782840141 37.30842180802645 53.73808181168163 70.58581425790776 87.610761614905
78.23109929978334 36.386910428307154 64.80867579970554 84.70366081589957 110.56476551287402 72.10361870800497 114.94452501200334 67.70119179401763 50.83004939780518 96.62911767422075 89.34270807748872 48.281919878646974 11.03038044747074 60.64060323419719 45.89282354157919 74.88503341817048 59.66670000477555 57.961428192790365 52.65678894664143 121.8549824195261 81.59144066360575 29.76053689707801 62.72397313642168 68.99089086410012 99.04153916705438 63.31865542892885 112.17819008601558 65.86380598817246 62.73917272160475 97.90153559402995 84.6202360999897 52.05757013657307 0.407981593277154 47.97055419455772 51.911834431843516 69.44724070850246 64.48592928955554 67.62430349547577 36.919830003858046 119.60207539776223 142.20738885534763 132.17567052112574 123.75995606704565 117.30855889652355 113.15795010794827 111.56521757723316 112.6389199693526 116.30523302460782 122.33127393960902 130.39028474289293 131.29130778391456 120.40989456069457 111.16809195962593 104.00391043647421 99.36774555776108 97.62044398506242 98.91521655470022 103.13755767799654 109.95070848613678 118.9101658558116 121.03659975118865 109.19175893876681 98.96717204233026 90.91117228259318 85.63796197877345 83.6753189454314 85.25219441242221 90.18311087076549 97.96289860407566 107.97751942597753 111.62585433518218 98.708344501546 87.32143431284672 78.13717556457807 72.00342504953711 69.72989266902502 71.6848125030248 77.54905837390552 86.53144090262495 97.7763456734879 103.29016126255163 89.21919670112584 76.48510318955847 65.86786214636365 58.53099880974769 55.784215364726066 58.28016686964755 65.42152032100168 75.9083071606587 88.55995243216357 96.30920126310535 81.0743430202262 66.85312963224911 54.44573247290707 45.36562161972311 41.83833723991531 45.18360652613228 54.142175169100625 66.4823056378557 80.6667452624234 90.9954161857329 74.71485281147861 59.01832319843222 44.52780585696473 32.878538509794545 27.8923085007721 32.76695334225426 44.36299548072211 58.83185602661183 74.51851432910468 87.65262226642709 70.62478064038352 53.77220228408961 37.33299457768667 22.2433782840141 13.946179352574479 22.202175733148056 37.28390998456543 53.7210938820184 70.5729024463457 86.50965292946472 69.20772234357318 51.90579175767881 34.60386117178588 17.301930585891526 0.0 17.301930585894358 34.603861171787294 51.905791757681655 69.20772234357318 87.65262226642709 70.62478064038352 53.77220228408961 37.33299457768667 22.2433782840141 13.946179352574479 22.202175733148056 37.28390998456543 53.7210938820184 70.5729024463457
94.36535915512773 53.27767761401874 81.4032904449127 101.8009443726206 100.83722370759482 70.3859061609191 111.42947408150592 57.808961714718336 68.1315925798396 93.13744602738232 75.03742549603311 48.09365224895153 19.90806267139577 47.284355748991516 59.47763656854995 79.64059934769972 68.65019938135177 65.85646702547574 58.77985641156047 114.66821008483029 97.72481873988757 46.4595756715702 66.89898399339742 84.61835751869106 88.76978841452802 61.34530342812561 109.33809165083788 58.361093927080724 74.7803549408446 96.88131984328913 70.21328004032821 51.15921490154827 16.995619946208805 51.982117646760415 67.49634942812466 74.04927583528999 72.57482074131607 64.4431173951332 26.25067215725602 111.80117807362693 153.15357437457604 141.79214771073427 131.7295029601542 123.28407739231154 116.80718521880998 112.6389199693526 111.03957428956102 112.11913671889099 115.80270969310546 121.854369305881 143.12410681130984 130.94700296815208 120.03496330103546 110.76251368043131 103.57095950941113 98.91521655470022 97.1605047039591 98.46204587886672 102.7037120990221 109.54450088771144 133.82495112110578 120.76225550741341 108.88804650517929 98.6325022135823 90.5473015586182 85.25219441242221 83.28108423275421 84.86589913627338 89.81860713526457 97.62798290052254 125.41880631391939 111.41931701935887 98.47507986826078 87.0580750295059 77.84321051898233 71.6848125030248 69.4013630062936 71.36578980569388 77.2547257189278 86.26818220453967 118.09665296475113 103.1473423240713 89.05407044356672 76.29272012471435 65.64472007111253 58.28016686964755 55.52139115315582 58.029047458536354 65.19826892181635 75.71629045204703 112.07127398225846 96.2230630623129 80.97215790693406 66.72936329135094 54.293927586435835 45.18360652613228 41.64121880044524 45.001433157420195 53.99048015890897 66.3590234091405 107.56091230116948 90.95490586570992 74.66558619315674 58.9560381703524 44.44534763782584 32.76695334225426 27.76089607408694 32.65534083679141 44.280752413602436 58.76996340177343 104.76149973408344 87.64211013773217 70.61175375868221 53.755118128485634 37.30842180802645 22.202175733148056 13.88047309912148 22.161026968940636 37.25945995141218 53.70415488679707 103.81158351535905 86.50965292946755 69.20772234357318 51.90579175768023 34.60386117178588 17.301930585894358 0.0 17.30193058589294 34.603861171787294 51.90579175767881 104.76149973408344 87.64211013773217 70.61175375868221 53.755118128485634 37.30842180802645 22.202175733148056 13.88047309912148 22.161026968940636 37.25945995141218 53.70415488679707
110.85236125354118 70.36851405657166 98.2422437673047 118.95741675849784 93.32952524712232 72.85677043847002 110.54168952405868 51.95191581354234 85.43329266967676 92.79360331692043 62.27209788589836 53.79179809425096 35.632929070130004 37.323528821847674 74.61726182193728 87.61374726013071 80.40076958875161 76.89811645466393 68.81937365652338 109.76163753455124 114.20081304116651 63.482343426806146 74.93561110994443 100.79433597904668 80.9296605431647 64.15555698826147 109.19865159742133 55.43186926553704 88.58160634551213 98.92389546145341 57.42760408534425 55.885962824599595 34.296491794043234 60.84249643332025 83.7579022232635 82.11188517480764 83.51329224699509 65.81396189754074 24.77564372516747 106.26858356940498 165.19002013158308 152.7686765082055 141.37697073266273 131.2832081702865 122.80784667728938 116.30523302460782 112.11913671889099 110.51311223163442 111.59860527227565 115.29962267602032 155.98165574589768 142.808814297948 130.60285442225617 119.66002405528081 110.35671598699412 103.13755767799654 98.46204587886672 96.6998489578519 98.00823808943697 102.26943000383685 147.5366196973306 133.57725242730115 120.48813387897007 108.58442923205767 98.29774140324648 90.18311087076549 84.86589913627338 82.88623537673583 84.47908038442331 89.4537973432646 139.99325398315924 125.23529824831503 111.21303358559582 98.24198642871599 86.79474121408221 77.54905837390552 71.36578980569388 69.0723215359515 71.04636090666413 76.96021921531091 133.5046030894321 117.9719505661448 103.00476583438699 88.8891502895883 76.10045259133211 65.42152032100168 58.029047458536354 55.25815748142878 57.77764428435607 64.97497196093578 128.2309761503434 111.99737186592343 96.13711314358693 80.87016075705709 66.60575378273758 54.142175169100625 45.001433157420195 41.443793257651 44.81910499051272 53.83884753503213 124.32716332434735 107.5266953135818 90.91450225411432 74.61643978080359 58.89388169840732 44.36299548072211 32.65534083679141 27.629278907944446 32.543704021694104 44.198621478411155 121.92487057658218 104.75271791069079 87.63162910611061 70.59876482977717 53.73808181168163 37.28390998456543 22.161026968940636 13.814664474767438 22.119933508868602 37.23507255229009 121.11351410125201 103.81158351536045 86.50965292946613 69.20772234357318 51.90579175767881 34.603861171787294 17.30193058589294 0.0 17.301930585894358 34.60386117178588 121.92487057658218 104.75271791069079 87.63162910611061 70.59876482977717 53.73808181168163 37.28390998456543 22.161026968940636 13.814664474767438 22.119933508868602 37.23507255229009
127.55539917433327 87.54231985884607 115.21845665680948 136.15070449935624 88.60773762401257 79.12478416144421 112.34347384965803 51.52502185251473 102.73507039242195 95.63154957767973 52.1892358337729 63.81863563108912 52.3621362930987 33.896744327565216 90.53502517029553 98.02244214052358 93.88512510138219 89.93478389095871 81.33782290020056 107.44809329019914 130.89010540887404 80.6240461805527 85.75495358881659 117.2921064307165 76.27470316139772 71.18510971136452 111.76997810474737 57.7759939509078 103.44081538032903 103.84869545430055 47.58843776218897 65.02243707313811 51.59807365638089 72.80233870702885 100.3679508117798 92.73682411764537 96.33551372641665 71.47540154736099 33.72355330302446 103.36915277616507 178.09581035141815 164.83377683176522 152.38400321007532 140.96187078836718 130.8367980809361 122.33127393960902 115.80270969310546 111.59860527227565 109.9858352861965 111.07733057258164 169.63109512657363 155.69284592137058 142.49380398588204 130.25887357651285 119.2850878599569 109.95070848613678 102.7037120990221 98.00823808943697 96.2384801441555 97.55379777464749 161.937235697675 147.3123221300989 133.3298629073621 120.21424450247629 108.28091691370844 97.96289860407566 89.81860713526457 84.47908038442331 82.49077528945672 84.0917424222012 155.1290878779991 139.8291258654254 125.05209051654306 111.00701155135833 98.0090723048881 86.53144090262495 77.2547257189278 71.04636090666413 68.74277068474002 70.72652978893308 149.32794857896513 133.39447415491762 117.84750305199445 102.86243701635748 88.72444226713377 75.9083071606587 65.19826892181635 57.77764428435607 54.994516290942904 57.52596109169391 144.65510922529978 128.1664909998435 111.92365006478559 96.05135455130664 80.76835529731468 66.4823056378557 53.99048015890897 44.81910499051272 41.24606206758399 44.636625540155435 141.22268522556516 124.29760714740988 107.4925734582983 90.87420668600227 74.56741526337018 58.83185602661183 44.280752413602436 32.543704021694104 27.497457973046906 32.43204595626702 139.12256792443495 121.91733659048562 104.7439625524921 87.6211794919814 70.58581425790776 53.7210938820184 37.25945995141218 22.119933508868602 13.748753964863916 22.07889687738994 138.4154446871464 121.11351410125484 103.81158351536045 86.50965292946755 69.20772234357318 51.905791757681655 34.603861171787294 17.301930585894358 0.0 17.301930585891526 139.12256792443495 121.91733659048562 104.7439625524921 87.6211794919814 70.58581425790776 53.7210938820184 37.25945995141218 22.119933508868602 13.748753964863916 22.07889687738994
144.39952422845232 104.75829761477803 132.27909349935626 153.36842659609368 87.12599116996847 88.38576353394515 116.71032805698658 56.65116958327924 120.03689217871356 101.3844427244739 46.565241442495406 76.49040149794935 69.3728621904814 38.77680641169181 106.88383560667796 110.17856609450303 108.45851174194902 104.22048438996318 95.36392006690143 107.89451068816474 147.72041897308867 97.82217978692356 98.44375458513753 133.99286035257916 75.39719156270566 81.34739890709433 116.87328937803652 64.8238947037058 118.96220154374366 111.27368735239301 42.779595452746484 77.01489930849287 68.89983065557438 86.58668489893071 117.1783908490271 105.15020605165192 110.38699322941882 80.52752148528698 47.53350781132752 103.32479419000514 191.69544095224427 177.76594031953786 164.47787599089247 151.9995675746296 140.54686085849903 130.39028474289293 121.854369305881 115.29962267602032 111.07733057258164 109.45774734198928 183.89617848724092 169.36597082716054 155.40440208216705 142.1790870736468 129.91507194977265 118.9101658558116 109.54450088771144 102.26943000383685 97.55379777464749 95.77640166553627 176.8585875835554 161.73322481754803 147.08838323387104 133.0827916033478 119.94059707589545 107.97751942597753 97.62798290052254 89.4537973432646 84.0917424222012 82.09470688750076 170.6770201617803 154.9812173876147 139.66531732684282 124.86918985687113 110.80125846913931 97.7763456734879 86.26818220453967 76.96021921531091 70.72652978893308 68.41271288315465 165.44754752783282 149.2296487698393 133.28459789126933 117.72331490759551 102.72036110685427 88.55995243216357 75.71629045204703 64.97497196093578 57.52596109169391 54.73046952610043 161.26289899771575 144.59803662487258 128.10217451918336 111.85011111233612 95.96579033166792 80.6667452624234 66.3590234091405 53.83884753503213 44.636625540155435 41.048026688549264 158.2060672066715 141.1967057456475 124.268136089515 107.45854783303132 90.83402049468404 74.51851432910468 58.76996340177343 44.198621478411155 32.43204595626702 27.365434241599328 156.34326448173894 139.1159754459505 121.90982562150107 104.73523392444575 87.610761614905 70.5729024463457 53.70415488679707 37.23507255229009 22.07889687738994 13.682742055513897 155.7173752730379 138.4154446871464 121.11351410125201 103.81158351535905 86.50965292946472 69.20772234357318 51.90579175767881 34.60386117178588 17.301930585891526 0.0 156.34326448173894 139.1159754459505 121.90982562150107 104.73523392444575 87.610761614905 70.5729024463457 53.70415488679707 37.23507255229009 22.07889687738994 13.682742055513897
47.59463750871438 51.58498118764502 42.871854824263515 28.666926278817115 184.84954736088812 132.7030504794844 171.82137390246385 146.3704240076811 38.553122933369124 156.42811415738015 173.86092384190673 113.81640592925324 87.25739737654953 145.01113290950627 71.05752754022276 114.98197606642427 92.34882616742514 95.9663752629281 100.05421403358129 188.6439470570393 47.91976996036508 58.52949307889571 110.39791858865703 53.619447622246035 175.43939113958774 127.1558891982327 167.3813136748043 140.5631385123868 78.972923816379 150.07024997415763 169.42808610894815 117.48642740710649 87.91398249507117 104.12948010375668 57.48805895531192 112.52122809370735 97.52623466123174 133.00013264731237 120.80504593945683 188.27156842572836 128.4523545118838 129.3213997815609 132.4638592253841 137.72420287389303 144.87191104360804 153.64380122803752 163.77911098268245 175.04116436508846 187.22674418142086 200.16725689836332 114.18101698928432 115.2264421594825 118.80913609608828 124.71061775837812 132.6216990433975 142.20738885534763 153.15357437457604 165.19002013158308 178.09581035141815 191.69544095224427 99.90927487676389 101.17135464497497 105.29998731114176 111.97855235298562 120.7848069006568 131.29130778391448 143.1241068113098 155.9816557458976 169.63109512657357 183.89617848724086 85.6371787538099 87.175671522922 92.00079660311623 99.6362032346243 109.49555681927431 121.0365997511886 133.8249511211057 147.53661969733054 161.93723569767496 176.85858758355536 71.3647791976111 73.2736958924878 79.01788325789697 87.84819750085562 98.94177226103004 111.62585433518218 125.41880631391939 139.99325398315924 155.1290878779991 170.6770201617803 57.09212678338551 59.53137894272129 66.53688297022894 76.8701898672478 89.38452306236493 103.29016126255163 118.09665296475113 133.5046030894321 149.32794857896513 165.44754752783282 42.8192720847092 46.092030988519824 54.90141317626382 67.10111479027498 81.17671237833643 96.30920126310535 112.07127398225846 128.2309761503434 144.65510922529978 161.26289899771575 28.546265673844303 33.32454629578909 44.77578681727373 59.1432699615392 74.76423794618765 90.99541618573286 107.56091230116945 124.32716332434734 141.22268522556513 158.2060672066715 14.273158122067928 22.408696249837586 37.40707011768865 53.806511913383886 70.6378450696884 87.65262226642709 104.76149973408344 121.92487057658218 139.12256792443495 156.34326448173894 0.0 17.301930585891526 34.60386117178588 51.90579175767881 69.20772234357318 86.50965292946472 103.81158351535905 121.11351410125201 138.4154446871464 155.7173752730379
45.29294503152875 34.38420681599313 35.59726236060871 31.845977327849997 170.60845577285167 119.84067832448444 160.36907370713934 131.07877790525222 23.452535916211566 144.22476957687795 157.72026806381393 99.67653106712156 69.9676885847052 128.79395905577078 59.00802692429078 104.65046399547555 81.72841050506507 84.76766628266239 87.70426123132783 175.72270552962135 46.80392858253823 41.29514721128468 98.62224687807229 47.71613985651998 160.7658197411643 113.66711038893366 156.137589548602 125.79477190954958 69.94138673867727 138.98004154572646 153.21617888140415 103.48564664008505 70.87389216141781 90.7922596255666 46.56150572167203 101.57788507963465 87.27996381761147 119.44084649651735 104.50978774130866 175.02382656017443 129.3213997815609 127.86567842627224 128.73955194272122 131.89672469887176 137.17963760847053 144.3550941172161 153.15732647930244 163.3235235427169 174.61561573755264 186.82956511819145 115.2264421594825 113.65952558207304 114.71047309544922 118.30954153956465 124.23547279089719 132.17567052112574 141.79214771073427 152.7686765082055 164.83377683176522 177.76594031953786 101.17135464497497 99.45296869634652 100.72143736281768 104.86843131431021 111.57344131909113 120.40989456069447 130.947002968152 142.80881429794795 155.69284592137055 169.36597082716045 87.175671522922 85.24605827993213 86.79205653358 91.63792654008734 99.30174198711816 109.19175893876672 120.76225550741337 133.5772524273011 147.3123221300988 161.733224817548 73.2736958924878 71.03884484141018 72.95676278673801 78.72451834995559 87.58481110058169 98.708344501546 111.41931701935887 125.23529824831503 139.8291258654254 154.9812173876147 59.53137894272129 56.831378887424094 59.2817332587922 66.3139494717308 76.67759526240967 89.21919670112584 103.1473423240713 117.9719505661448 133.39447415491762 149.2296487698393 46.092030988519824 42.62371092300352 45.91068303294724 54.74948010468224 66.9770482950192 81.0743430202262 96.2230630623129 111.99737186592343 128.1664909998435 144.59803662487258 33.32454629578909 28.41589145188683 33.21310015797047 44.69302843959573 59.08073454154047 74.71485281147856 90.9549058657099 107.52669531358175 124.29760714740986 141.1967057456475 22.408696249837586 14.207970976844209 22.36729358692858 37.382319577436505 53.78933372916444 70.62478064038352 87.64211013773217 104.75271791069079 121.91733659048562 139.1159754459505 17.301930585891526 0.0 17.301930585894358 34.603861171787294 51.905791757681655 69.20772234357318 86.50965292946755 103.81158351536045 121.11351410125484 138.4154446871464
49.35945468812807 17.38535518681608 35.98669080747106 42.48822768771833 156.98343490245614 108.2227122828182 150.04176974319216 116.35155342274427 14.574366521419915 133.15581614035037 141.85359070457412 86.69107538580352 52.686004369742285 112.89925405654938 50.1340737162379 96.33929674279891 73.68480910182696 75.8963754070923 77.2782094749356 163.61247294850077 51.80361083578358 24.157614072824728 88.67739116670857 47.72124912750103 146.66626173004101 101.34342405331262 146.08226814110773 111.75573096994138 64.38607382464716 129.26127526628395 137.2705963166364 90.6321714881757 54.00056986890005 79.00768944185674 40.37049086368843 92.59474457612929 79.51669199189499 106.96672315041943 88.5970594225691 162.53966556593863 132.4638592253841 128.73955194272122 127.27805954588565 128.15682043198623 131.32886498651982 136.6345670295528 143.83800960886012 152.67080624571634 162.86807888513323 174.19035887718672 118.80913609608828 114.71047309544922 113.13719608187365 114.19373152052135 117.80934674961343 123.75995606704565 131.7295029601542 141.37697073266273 152.38400321007532 164.47787599089247 105.29998731114176 100.72143736281768 98.99592914349984 100.27086045082541 104.43640337546876 111.16809195962584 120.03496330103538 130.60285442225612 142.49380398588198 155.404402082167 92.00079660311623 86.79205653358 84.85430917060948 86.40789719813718 91.27471619995735 98.96717204233018 108.88804650517922 120.48813387897002 133.32986290736204 147.08838323387099 79.01788325789697 72.95676278673801 70.71238660082807 72.63940405889029 78.43094699154636 87.32143431284672 98.47507986826078 111.21303358559582 125.05209051654306 139.66531732684282 66.53688297022894 59.2817332587922 56.57021186987806 59.03178562394762 66.09094058166339 76.48510318955847 89.05407044356672 103.00476583438699 117.84750305199445 133.28459789126933 54.90141317626382 45.91068303294724 42.42783541189621 45.72916325868464 54.59758493127556 66.85312963224911 80.97215790693406 96.13711314358693 111.92365006478559 128.10217451918336 44.77578681727373 33.21310015797047 28.285307659750547 33.1016148703947 44.61036712419594 59.018323198432185 74.66558619315671 90.9145022541143 107.49257345829828 124.26813608951497 37.40707011768865 22.36729358692858 14.142679045357772 22.32593871086207 37.35762744908348 53.77220228408961 70.61175375868221 87.63162910611061 104.7439625524921 121.90982562150107 34.60386117178588 17.301930585894358 0.0 17.30193058589294 34.603861171787294 51.90579175767881 69.20772234357318 86.50965292946613 103.81158351536045 121.11351410125201
58.480460087011984 4.57613089314016 43.83635955663634 56.524705416979 144.14928414478646 98.2914107397185 141.08672201905503 102.43248959770533 21.760410008029723 123.52658231335 126.36413871411514 75.45839500685604 35.42409107679681 97.48487933991979 46.299098672569045 90.60616021027849 69.12351062301153 70.239966117636 69.6455196749405 152.50657350159779 61.44366076008657 7.78491898117595 81.23851798128655 53.63308689382827 133.32295587610338 90.66119899140331 137.47636435159308 98.7575425158956 63.22997285404136 121.24419959362332 121.69607138101311 79.48455805896462 37.519690648196885 69.56932065302759 41.11307669110213 86.18692899677647 75.01135321758838 96.0017053715312 73.31636064635158 151.0085843117196 137.72420287389303 131.89672469887176 128.15682043198623 126.68950220458268 127.57321044563562 130.7602874987125 136.08900123898195 143.32066995633807 152.18425450980476 162.41279170096365 124.71061775837812 118.30954153956465 114.19373152052135 112.61403234100696 113.67622224583015 117.30855889652355 123.28407739231154 131.2832081702865 140.96187078836718 151.9995675746296 111.97855235298562 104.86843131431021 100.27086045082541 98.53815958900601 99.81962835737633 104.00391043647413 110.76251368043123 119.66002405528074 130.2588735765128 142.1790870736467 99.6362032346243 91.63792654008734 86.40789719813718 84.46193431508487 86.02319763184182 90.91117228259311 98.63250221358223 108.58442923205759 120.21424450247625 133.08279160334774 87.84819750085562 78.72451834995559 72.63940405889029 70.38540688356798 72.32162352930065 78.13717556457807 87.0580750295059 98.24198642871599 111.00701155135833 124.86918985687113 76.8701898672478 66.3139494717308 59.03178562394762 56.30862765691047 58.78153960680249 65.86786214636365 76.29272012471435 88.8891502895883 102.86243701635748 117.72331490759551 67.10111479027498 54.74948010468224 45.72916325868464 42.23164699600987 45.547474998379435 54.44573247290707 66.72936329135094 80.87016075705709 96.05135455130664 111.85011111233612 59.1432699615392 44.69302843959573 33.1016148703947 28.154515260517325 32.99009334170494 44.52780585696468 58.95603817035236 74.61643978080357 90.87420668600224 107.45854783303132 53.806511913383886 37.382319577436505 22.32593871086207 14.077282809149589 22.284633111075745 37.33299457768667 53.755118128485634 70.59876482977717 87.6211794919814 104.73523392444575 51.90579175767881 34.603861171787294 17.30193058589294 0.0 17.301930585894358 34.60386117178588 51.90579175768023 69.20772234357318 86.50965292946755 103.81158351535905
70.72677148131014 18.394153291288564 56.09740278526314 71.99683856399565 132.3363028051707 90.6031240964732 133.7797861819091 89.69859999826033 36.51480923610567 115.69710307047797 111.40936239999934 66.8677150970278 18.238173219726583 82.81946806032764 48.708221206049245 87.95662640375296 68.74124649191775 68.59837000989242 65.7857711955041 142.63979182459613 73.93061467735245 11.676177489138611 77.03504967625436 63.831036159214015 120.98637733030029 82.26239843245371 130.60670710983396 87.26655165565873 66.70222239676364 115.28437840462922 106.65528116778707 70.85261070985001 22.318277501478928 63.531571393477726 48.47163544140584 82.95340112352663 74.35851331749821 87.11749841780016 59.15948896164354 140.66516564799997 144.87191104360804 137.17963760847053 131.32886498651982 127.57321044563562 126.10001074312716 126.98872720429358 130.19099971150993 135.54295044571637 142.80308772857057 151.6976853883302 132.6216990433975 124.23547279089719 117.80934674961343 113.67622224583015 112.09003821793499 113.15795010794827 116.80718521880998 122.80784667728938 130.8367980809361 140.54686085849903 120.7848069006568 111.57344131909113 104.43640337546876 99.81962835737633 98.07966340902348 99.36774555776098 103.57095950941104 110.35671598699405 119.28508785995683 129.91507194977257 109.49555681927431 99.30174198711816 91.27471619995735 86.02319763184182 84.0689366072114 85.63796197877336 90.5473015586181 98.2977414032464 108.28091691370837 119.94059707589538 98.94177226103004 87.58481110058169 78.43094699154636 72.32162352930065 70.0579081011763 72.00342504953711 77.84321051898233 86.79474121408221 98.0090723048881 110.80125846913931 89.38452306236493 76.67759526240967 66.09094058166339 58.78153960680249 56.04662817775985 58.53099880974769 65.64472007111253 76.10045259133211 88.72444226713377 102.72036110685427 81.17671237833643 66.9770482950192 54.59758493127556 45.547474998379435 42.03514712227416 45.36562161972311 54.293927586435835 66.60575378273758 80.76835529731468 95.96579033166792 74.76423794618765 59.08073454154047 44.61036712419594 32.99009334170494 28.02351521880733 32.878538509794474 44.44534763782578 58.89388169840729 74.56741526337014 90.83402049468403 70.6378450696884 53.78933372916444 37.35762744908348 22.284633111075745 14.01178275052985 22.2433782840141 37.30842180802645 53.73808181168163 70.58581425790776 87.610761614905 69.20772234357318 51.905791757681655 34.603861171787294 17.301930585894358 0.0 17.301930585891526 34.60386117178588 51.90579175767881 69.20772234357318 86.50965292946472
84.75430221230475 35.41838899538055 70.50474065919688 88.15189625961516 121.8418712817769 85.76321744699239 128.4026356877441 78.72709656640029 52.83805171452184 110.05217278946498 97.23627218603694 62.026674807132025 3.018154697113963 69.37960317302964 56.56923344766785 88.66755707647555 72.60405524227671 71.24963426859496 66.36060203723828 134.28554299733372 88.06163246476659 28.474107349213938 76.60147471689241 76.62243222682686 109.99577782339432 76.89887631916825 125.75815133350939 77.95216422521796 74.15549554213284 111.71156247870637 92.40921083893048 65.7349445321402 13.681977892988781 61.89770233128424 60.06179846285572 83.26479933018304 77.65539568583802 81.00168609986133 47.14984756907436 131.78934614424452 153.64380122803752 144.3550941172161 136.6345670295528 130.7602874987125 126.98872720429358 125.50958950915654 126.40337595334347 129.6210091679996 134.9964249678987 142.28527562775076 142.20738885534763 132.17567052112574 123.75995606704565 117.30855889652355 113.15795010794827 111.56521757723316 112.6389199693526 116.30523302460782 122.33127393960902 130.39028474289293 131.29130778391448 120.40989456069447 111.16809195962584 104.00391043647413 99.36774555776098 97.62044398506234 98.91521655470012 103.13755767799645 109.95070848613668 118.91016585581153 121.0365997511886 109.19175893876672 98.96717204233018 90.91117228259311 85.63796197877336 83.67531894543131 85.25219441242213 90.18311087076542 97.96289860407559 107.97751942597746 111.62585433518218 98.708344501546 87.32143431284672 78.13717556457807 72.00342504953711 69.72989266902502 71.6848125030248 77.54905837390552 86.53144090262495 97.7763456734879 103.29016126255163 89.21919670112584 76.48510318955847 65.86786214636365 58.53099880974769 55.784215364726066 58.28016686964755 65.42152032100168 75.9083071606587 88.55995243216357 96.30920126310535 81.0743430202262 66.85312963224911 54.44573247290707 45.36562161972311 41.83833723991531 45.18360652613228 54.142175169100625 66.4823056378557 80.6667452624234 90.99541618573286 74.71485281147856 59.018323198432185 44.52780585696468 32.878538509794474 27.892308500772014 32.76695334225418 44.362995480722056 58.83185602661179 74.51851432910465 87.65262226642709 70.62478064038352 53.77220228408961 37.33299457768667 22.2433782840141 13.946179352574479 22.202175733148056 37.28390998456543 53.7210938820184 70.5729024463457 86.50965292946472 69.20772234357318 51.90579175767881 34.60386117178588 17.301930585891526 0.0 17.301930585894358 34.603861171787294 51.905791757681655 69.20772234357318
99.81488280686804 52.62407419731534 85.98619649442826 104.6741538071504 113.03384357207726 84.26393972486042 125.20415373774256 70.34746336536435 69.63548441717775 106.93829888800207 84.24034275961077 61.82249245316348 16.86123111656151 58.023243963924166 68.01741407319685 92.66163670444098 80.10012063542116 77.75586721467144 71.26278021273984 127.74093119205438 103.16331433570392 45.65008181014744 79.99911220978508 90.91917201095255 100.79242770617716 75.22272231623533 123.16960993070896 71.66811573295787 84.54337706891442 110.75699435004762 79.38685993720486 64.96742595098348 21.794499572891088 65.00065650949084 73.9191832449254 87.08310328923233 84.44062434875205 78.30562748539782 39.30747655683364 124.6949130015716 163.77911098268245 153.15732647930244 143.83800960886012 136.08900123898195 130.19099971150993 126.40337595334347 124.91824285714937 125.81716196334679 129.0503234796869 134.44943523494973 153.15357437457604 141.79214771073427 131.7295029601542 123.28407739231154 116.80718521880998 112.6389199693526 111.03957428956102 112.11913671889099 115.80270969310546 121.854369305881 143.1241068113098 130.947002968152 120.03496330103538 110.76251368043123 103.57095950941104 98.91521655470012 97.16050470395902 98.46204587886662 102.70371209902201 109.54450088771137 133.8249511211057 120.76225550741337 108.88804650517922 98.63250221358223 90.5473015586181 85.25219441242213 83.28108423275413 84.86589913627328 89.81860713526449 97.62798290052245 125.41880631391939 111.41931701935887 98.47507986826078 87.0580750295059 77.84321051898233 71.6848125030248 69.4013630062936 71.36578980569388 77.2547257189278 86.26818220453967 118.09665296475113 103.1473423240713 89.05407044356672 76.29272012471435 65.64472007111253 58.28016686964755 55.52139115315582 58.029047458536354 65.19826892181635 75.71629045204703 112.07127398225846 96.2230630623129 80.97215790693406 66.72936329135094 54.293927586435835 45.18360652613228 41.64121880044524 45.001433157420195 53.99048015890897 66.3590234091405 107.56091230116945 90.9549058657099 74.66558619315671 58.95603817035236 44.44534763782578 32.76695334225418 27.760896074086844 32.65534083679133 44.280752413602386 58.76996340177338 104.76149973408344 87.64211013773217 70.61175375868221 53.755118128485634 37.30842180802645 22.202175733148056 13.88047309912148 22.161026968940636 37.25945995141218 53.70415488679707 103.81158351535905 86.50965292946755 69.20772234357318 51.90579175768023 34.60386117178588 17.301930585894358 0.0 17.30193058589294 34.603861171787294 51.90579175767881
115.50512310134002 69.87730385175844 102.05410915579753 121.4137955354128 106.33212885509401 86.27961699853093 124.35256722866384 65.56118094116451 86.63171611259507 106.57756217611558 73.05254403263649 66.29802318906053 34.032433550420926 50.185324557135104 81.55588357655876 99.54445160111096 90.32939960809811 87.25898163790544 79.69774598042697 123.29446680267023 118.86627243827922 62.895140198367095 86.7791158927425 106.11454816993881 93.90330415937615 77.47363755803607 122.98387086739557 69.2444059404102 96.92688860012602 112.48734916574267 68.29189446610769 68.6960184478033 36.89873423758547 72.23254074147751 88.9908843266226 93.98184383543304 93.96150374671781 79.37854222198327 38.28516549118111 119.699028993583 175.04116436508846 163.3235235427169 152.67080624571634 143.32066995633807 135.54295044571637 129.6210091679996 125.81716196334679 124.3259751483936 125.2300905304859 128.47895032792772 165.19002013158308 152.7686765082055 141.37697073266273 131.2832081702865 122.80784667728938 116.30523302460782 112.11913671889099 110.51311223163442 111.59860527227565 115.29962267602032 155.9816557458976 142.80881429794795 130.60285442225612 119.66002405528074 110.35671598699405 103.13755767799645 98.46204587886662 96.69984895785183 98.0082380894369 102.26943000383677 147.53661969733054 133.5772524273011 120.48813387897002 108.58442923205759 98.2977414032464 90.18311087076542 84.86589913627328 82.88623537673574 84.47908038442321 89.4537973432645 139.99325398315924 125.23529824831503 111.21303358559582 98.24198642871599 86.79474121408221 77.54905837390552 71.36578980569388 69.0723215359515 71.04636090666413 76.96021921531091 133.5046030894321 117.9719505661448 103.00476583438699 88.8891502895883 76.10045259133211 65.42152032100168 58.029047458536354 55.25815748142878 57.77764428435607 64.97497196093578 128.2309761503434 111.99737186592343 96.13711314358693 80.87016075705709 66.60575378273758 54.142175169100625 45.001433157420195 41.443793257651 44.81910499051272 53.83884753503213 124.32716332434734 107.52669531358175 90.9145022541143 74.61643978080357 58.89388169840729 44.362995480722056 32.65534083679133 27.629278907944357 32.543704021694026 44.198621478411106 121.92487057658218 104.75271791069079 87.63162910611061 70.59876482977717 53.73808181168163 37.28390998456543 22.161026968940636 13.814664474767438 22.119933508868602 37.23507255229009 121.11351410125201 103.81158351536045 86.50965292946613 69.20772234357318 51.90579175767881 34.603861171787294 17.30193058589294 0.0 17.301930585894358 34.60386117178588
131.59999863936588 87.14984511991746 118.47009782750932 138.29190369372225 102.15212724513967 91.57844605100446 125.89551001224764 65.16490057756515 103.72907185912015 108.99730137373514 64.6189535128101 74.61588506807792 51.29157351425895 47.63548277244466 96.30710648177846 108.76898666842634 102.47664202383058 98.89881371173085 90.68500490497132 121.1773377571294 134.9607906316767 80.16471083482087 96.22918959858602 121.87289117147799 89.86224060704006 83.33400788682876 125.21162755906869 71.0770478527185 110.63794512336247 116.7833419878117 60.19958642189195 76.26409692768756 53.35490276596875 82.51478255210834 104.75406989381008 103.34595823618986 105.47983653990127 84.07626394640886 44.55487264099976 117.07066412446946 187.22674418142086 174.61561573755264 162.86807888513323 152.18425450980476 142.80308772857057 134.9964249678987 129.0503234796869 125.2300905304859 123.73279075095404 124.64216697701211 178.09581035141815 164.83377683176522 152.38400321007532 140.96187078836718 130.8367980809361 122.33127393960902 115.80270969310546 111.59860527227565 109.9858352861965 111.07733057258164 169.63109512657357 155.69284592137055 142.49380398588198 130.2588735765128 119.28508785995683 109.95070848613668 102.70371209902201 98.0082380894369 96.23848014415542 97.5537977746474 161.93723569767496 147.3123221300988 133.32986290736204 120.21424450247625 108.28091691370837 97.96289860407559 89.81860713526449 84.47908038442321 82.49077528945665 84.0917424222011 155.1290878779991 139.8291258654254 125.05209051654306 111.00701155135833 98.0090723048881 86.53144090262495 77.2547257189278 71.04636090666413 68.74277068474002 70.72652978893308 149.32794857896513 133.39447415491762 117.84750305199445 102.86243701635748 88.72444226713377 75.9083071606587 65.19826892181635 57.77764428435607 54.994516290942904 57.52596109169391 144.65510922529978 128.1664909998435 111.92365006478559 96.05135455130664 80.76835529731468 66.4823056378557 53.99048015890897 44.81910499051272 41.24606206758399 44.636625540155435 141.22268522556513 124.29760714740986 107.49257345829828 90.87420668600224 74.56741526337014 58.83185602661179 44.280752413602386 32.543704021694026 27.497457973046817 32.43204595626695 139.12256792443495 121.91733659048562 104.7439625524921 87.6211794919814 70.58581425790776 53.7210938820184 37.25945995141218 22.119933508868602 13.748753964863916 22.07889687738994 138.4154446871464 121.11351410125484 103.81158351536045 86.50965292946755 69.20772234357318 51.905791757681655 34.603861171787294 17.301930585894358 0.0 17.301930585891526
147.9675280831227 104.43211631306224 135.10734487212207 155.2633283097636 100.80801661901073 99.63799452388166 129.74758382162136 69.23404555999355 120.88465174042801 114.02063239095192 60.11023406050094 85.6640405891165 68.57228343419442 51.17044160744657 111.79203216575955 119.79550394300448 115.94056454080419 112.01121067608074 103.41422553992243 121.51135925267434 151.3219821373182 97.44576223338196 107.64842721047575 138.0014805946906 89.05778319606583 92.11750655782613 129.7286026960403 76.8621867038971 125.24129553755 123.37725692926722 56.41715694396184 86.67165063224506 70.21885355165591 94.86060056381193 120.93865655616762 114.57254128724192 118.41416397633431 91.84425337140648 55.706606891245016 116.96952551196154 200.16725689836332 186.82956511819145 174.19035887718672 162.41279170096365 151.6976853883302 142.28527562775076 134.44943523494973 128.47895032792772 124.64216697701211 123.13869403964064 191.69544095224427 177.76594031953786 164.47787599089247 151.9995675746296 140.54686085849903 130.39028474289293 121.854369305881 115.29962267602032 111.07733057258164 109.45774734198928 183.89617848724086 169.36597082716045 155.404402082167 142.1790870736467 129.91507194977257 118.91016585581153 109.54450088771137 102.26943000383677 97.5537977746474 95.77640166553617 176.85858758355536 161.733224817548 147.08838323387099 133.08279160334774 119.94059707589538 107.97751942597746 97.62798290052245 89.4537973432645 84.0917424222011 82.09470688750066 170.6770201617803 154.9812173876147 139.66531732684282 124.86918985687113 110.80125846913931 97.7763456734879 86.26818220453967 76.96021921531091 70.72652978893308 68.41271288315465 165.44754752783282 149.2296487698393 133.28459789126933 117.72331490759551 102.72036110685427 88.55995243216357 75.71629045204703 64.97497196093578 57.52596109169391 54.73046952610043 161.26289899771575 144.59803662487258 128.10217451918336 111.85011111233612 95.96579033166792 80.6667452624234 66.3590234091405 53.83884753503213 44.636625540155435 41.048026688549264 158.2060672066715 141.1967057456475 124.26813608951497 107.45854783303132 90.83402049468403 74.51851432910465 58.76996340177338 44.198621478411106 32.43204595626695 27.36543424159924 156.34326448173894 139.1159754459505 121.90982562150107 104.73523392444575 87.610761614905 70.5729024463457 53.70415488679707 37.23507255229009 22.07889687738994 13.682742055513897 155.7173752730379 138.4154446871464 121.11351410125201 103.81158351535905 86.50965292946472 69.20772234357318 51.90579175767881 34.60386117178588 17.301930585891526 0.0
