0.0 114.5327656597787 108.19571403943628 66.24758379305291 87.89825594321688 89.855150081715 66.4838322239913 30.825523170220283 47.35057935864744 132.3396900226821 42.225397372249525 41.30230921000117 53.22775052764256 32.5877816671133 10.701074568211448 44.24874296312177 47.16263836147117 37.33266040382242 68.7067871249602 46.288893388285466 26.49650350389811 87.45525453073267 93.19828387777706 17.217738647340187 81.40415384368525 83.61781507746858 46.20162493534571 37.61088045039828 16.3474752896073 131.46980509693566 33.36181407845921 23.98513626504168 54.74749019372428 27.39601425006001 27.768077523319473 44.601491623709926 43.63388322877442 33.76777799047456 63.25783919868795 50.28586616215366 102.53225617669166 86.62047871079025 71.35865739324296 57.268800541677926 45.45415188687492 38.09397865627463 37.88046163725951 44.91563665047834 56.55622278250119 70.55852275162486 98.26278138455854 81.54596162476591 65.13543194890377 49.33777578164362 34.99312402576476 24.76958467980742 24.52054052173584 34.462914500761016 48.71179559840863 64.47244815462093 95.89283547645974 78.68743675013059 61.53619016573567 44.50175152900344 27.799681102839823 12.804368041024283 12.401395231290765 27.24611087252158 43.92743678969761 60.95573836303606 95.56388024233546 78.28806056260866 61.027036134778825 43.798302994493746 26.664527823721162 10.120090710596576 9.620234975511512 26.103545717816626 43.23140953247325 60.45848107874709 97.29662398944703 80.3845005469505 63.68213806170923 47.411743055585255 32.23420454404936 20.71053831235564 20.433324334986377 31.69900599642626 46.80646440958664 63.052161988719035 100.98497222702983 84.79180646131091 69.13786702558778 54.48988215664341 41.916085753041244 33.81534591194755 33.596210803322876 41.38407336702207 53.80786246852789 68.38595605265002 106.42574630979452 91.17542182715356 76.7996002052793 63.8913344425071 53.52316901127891 47.39261128398947 47.181485424105354 52.960631685633395 63.1052092097283 75.88418365699269 113.36684475337786 99.1542896093212 86.08019792155807 74.74438753927691 66.04802897492168 61.12819695510974 60.907031312187414 65.43219492207348 73.8361257789915 84.97570521183715 121.55142465599064 108.37654497866437 96.51367064558079 86.50426692635172 79.05551357715588 74.93494987828383 74.69541924090235 78.37251465850332 85.46217238100066 95.20504827902096 130.74606695183303 118.55225512481506 107.76555899751361 98.84770891071024 92.34174975829443 88.77952061763321 88.51713481106046 91.58295895323089 97.66406159533715 106.24394017886878
114.5327656597787 0.0 27.345742056741567 174.90168295752923 33.74612339808326 75.74996058986585 175.0421164236233 141.93577931461155 74.4879396518255 19.233398091302984 87.14219450122611 85.76855165003045 160.98824277037107 115.0819576794699 103.83695499339184 153.19372788230282 159.71207634096217 143.97742896680867 65.40113203877634 160.62635177651205 117.95150219435604 30.000166509393736 32.31620917675134 117.12467419552344 39.66218292451859 85.73028499826535 150.31736934043494 144.35419274163203 109.15640697673985 17.375488559664046 88.34898797951865 110.20032916019848 160.16766334154815 91.19070835366395 91.65965007303778 154.26257370616239 155.40523936930748 136.18702115655577 74.24111634168251 162.39721793831237 117.05038280861787 116.40286944641505 118.30938672338979 122.6508908645465 129.18211232086387 137.59157796618885 147.55850900247407 158.78989859949598 171.03683018456908 184.09674012166522 102.87465515677707 102.2069998923334 104.44141577705784 109.4002293460439 116.73676961783804 126.03649839709655 136.89991534696676 148.98535854499488 162.01959647764377 175.79170789872666 88.72253355596213 88.01789203867003 90.67130921651764 96.4059072294356 104.71669981244303 115.04673453448277 126.903863889943 139.90034255849235 153.74750944034747 168.23543949493285 74.60771038521082 73.83970374752208 77.05180197129152 83.78750182037872 93.28664251685674 104.80046192113922 117.7393855137281 131.6840002358252 146.34710748370173 161.53316301084948 60.55654256658608 59.68049120774398 63.679851287157675 71.74386478999466 82.69181976327852 95.53736557984683 109.61539870446316 124.50855106727083 139.95684759431967 155.7952352655359 46.626903202860554 45.558245450249785 50.75177749812236 60.61877328336933 73.2955114170131 87.57015403408498 102.77906073305836 118.56324192785635 134.7206476789261 151.1316216035595 32.97349534392663 31.523024317544852 38.71510843491678 51.016929270399686 65.61481094413249 81.28092427013647 97.5017065337581 114.04071990066187 130.77728283400046 147.6442295071247 20.16581625590195 17.78253089084675 28.713914622147875 43.94851088935885 60.30892599160909 77.08160433924716 94.04622868097479 111.11491690599986 128.2461251547371 145.41775924414893 11.502347938843618 6.566230560336448 23.50830348655425 40.75388147452144 58.03301604295225 75.32261692361439 92.61682278495324 109.91345995242642 127.21153669390098 144.51053605432145 16.25382650346312 13.205903208116752 26.140348313276533 42.319648713015624 59.137978079198966 76.17323127080701 93.30667071543454 110.49263036313245 127.70990899655725 144.9473465573117
108.19571403943628 27.345742056741567 0.0 172.6997881527385 20.545549041884787 50.51129873577602 172.88727588632256 137.98447275029218 77.33631846226717 43.01193587105963 73.2344462147977 72.50760612145291 158.9333950208728 116.4876281175583 97.7544031341661 141.7472113092422 155.17498467700898 132.25130293865809 75.97466281530886 152.5241194077826 117.70179683209771 23.35322101729425 15.002960742592355 114.7305301665515 26.820203583248134 61.53679895659861 149.2908541601379 142.2092686521099 106.75488592380037 39.762701602000114 77.4313398748625 98.38021971639343 159.0032077578312 81.8895027437415 90.34754095831164 143.0595664532922 151.32771444657448 123.85342978157803 83.66404383514707 152.11038157257104 91.30268051176562 92.5473689545814 96.91503582309784 104.01300626763026 113.3294287136095 124.36673987422544 136.70876049084117 150.033852964083 164.10271632827644 178.73980699991944 77.03305411093264 78.57414182159222 83.73998173978067 91.92147606383456 102.39831747891566 114.5423830879609 127.8795685943105 142.0742589027867 156.8938827969265 172.17714805267042 62.76356075491002 64.71613015445746 70.96326297022397 80.51140370227614 92.3421994869203 105.69187164065322 120.05480373593461 135.1082318475497 150.64530184796482 166.5306994728151 48.49460941860679 51.06749366670509 58.84515888955932 70.11646446150355 83.47805999641523 98.07933758470548 113.44262192469292 129.29656810865814 145.48085312920432 161.89643842967592 34.22720671243781 37.85567883081072 47.88852691348399 61.2558360476208 76.22303942711515 92.01268324894058 108.26552483237762 124.80072798266505 141.51935341772466 158.3633193870335 19.965091954814913 25.762078950255706 39.082939703508025 54.68070307552694 71.07175283267583 87.81298572223139 104.73661499692987 121.766613771314 138.86385269871647 156.00622613191916 5.7487172125664 17.314638544891594 34.135891846630265 51.27801636434807 68.50054202873679 85.75504066855895 103.02544922379845 120.3049160314022 137.5900283477426 154.87889599938072 8.650746730565926 18.476838850477172 34.73708348839728 51.67832819580465 68.79932762318066 85.99278224442594 103.22249248739908 120.47290381206496 137.73623848110472 155.00817871755052 22.890332297972535 28.079792008092202 40.64102801917209 55.79984435822226 71.93235110171923 88.50770967695341 105.31703206059264 122.26385747355513 139.29800960153185 156.39095608711457 37.15423347357576 40.50967535010632 50.00337340348212 62.91540136741218 77.5568496611185 93.11546032745758 109.19990749518496 125.60834949965309 142.22869595460537 158.99450702278992
66.24758379305291 174.90168295752923 172.6997881527385 0.0 152.16443151436937 155.4121875582325 0.34222446799892137 35.422301630575184 100.84198613196196 190.97191991765337 108.04003018870739 107.33499331055407 13.915496750214672 61.217080769204586 75.80663683870094 61.855678060546595 21.723952753417073 66.34289948988359 116.32797352077495 40.15216384288979 57.1527893698213 150.66757249243997 157.75657869739177 58.15036969667046 145.95828103429378 148.0862166686881 25.064811622425374 30.635289686781 66.18110226754965 190.80252333536046 99.59080776888167 85.32822988444495 15.604565679996185 93.62271464411889 83.39025220794213 60.15160235560137 23.39880680516812 72.635595118832 107.8784099724947 52.89460734784346 161.52207829836289 144.39435917934316 127.31375202333703 110.30214527500604 93.39725026428977 76.66968611076997 60.26729201244127 44.55068474836799 30.595618043566635 22.048389562388593 160.21042754998604 142.9323848595942 125.66091469055048 108.39915873017057 91.15263594264054 73.93200767276431 56.760847167029034 39.70338873545307 23.013858355553268 9.034908362297806 160.1110396212823 142.8214852011878 125.53534046133203 108.25423879749317 90.98105392731628 73.72135086289765 56.48748901840056 39.313467175890274 22.337735570339987 7.149377781853268 161.22615784776724 144.0647819546231 126.94156364656459 109.8743442239543 92.89399449121342 76.0587185190959 59.49180506082559 43.50095208681916 29.053443031595506 19.86413924653752 163.53092318730037 146.62781385742267 129.8298000725554 113.18368437878287 96.76788757045988 80.72304474524348 65.32307459072955 51.15375282517526 39.560295946428404 33.34720131962332 166.9760486838638 150.443109154234 134.10428860184643 118.04022290224903 102.38032573027131 87.34226264097232 73.30970919965402 60.9808080952952 51.59173695924136 46.94101152083092 171.49277413848756 155.41841897442885 139.63772414982353 124.26262000389151 109.46414541161558 95.51070729371358 82.83047121613056 72.09836609464784 64.2974144342818 60.57091951029117 176.99902002429226 161.44646625307814 146.28723964517837 131.65727531359298 117.75400819787916 104.86687463126219 93.41735913923337 83.99542385230819 77.34562763410655 74.21689596573411 183.40560992869155 168.41416537645338 153.9081551390945 140.03851295867275 127.01388026919331 115.1214238432571 104.74747945766761 96.38362131085756 90.58833391285289 87.87130251381166 190.62169959433064 176.2099904742345 162.36364186236037 149.24009758172986 137.04716095983852 126.05516650812378 116.60423987300015 109.09562588482878 103.95107260996141 101.53057906652032
87.89825594321688 33.74612339808326 20.545549041884787 152.16443151436937 0.0 45.27431955357745 152.35080760720234 117.50711281973766 57.68909694766146 52.848226388203955 54.97104942943114 53.92122734690764 138.3913782323962 96.19133922775922 77.3873942284723 122.8477809028805 134.7673815591295 113.42174471308675 59.333617836900636 132.67941138273954 97.23488988417004 6.829995835553297 5.897819692381701 94.1850949081418 6.699030418788331 53.686104127571596 128.7535070796139 121.66506457143373 86.2110429497453 50.5245520248523 57.97388104534399 79.41638047287884 138.46051563824784 62.00971152957212 69.87769244182464 124.07725944121474 130.87518178975645 105.22746408495573 66.15803410299046 132.85068663804475 86.17080672277908 83.63883064900025 84.64147524582788 89.0594405415358 96.42441519354136 106.1246013837643 117.58347447344194 130.3380036508916 144.04442438759423 158.4559133397483 72.4075263980163 69.44686975928519 70.72181778009822 76.0195583472615 84.58759331459824 95.5501888230983 108.18181998364892 121.96501020657543 136.55149652250984 151.70975129382887 58.86851908228128 55.259757020414604 56.92519297042587 63.45087142985722 73.5543827198877 85.98360303454388 99.87397761885457 114.69586505515694 130.13135731387533 145.9859496378173 45.75359164323551 41.08282164818684 43.36946705512967 51.69843771767208 63.74363971345365 77.797686963972 92.95382693231987 108.75225577874708 124.94958056549288 141.40879598042858 33.56389712059279 26.932501002835124 30.37917231800139 41.46249740780485 55.80406214547825 71.46858115711048 87.75040121415915 104.36099756974374 121.16522931112969 138.0924250417561 23.7686430477398 12.897230735850277 19.142663230884416 34.13586643226212 50.623966904800426 67.52057093842734 84.58121423274325 101.7233942063472 118.91185341735854 136.12906252497845 20.214814601723184 3.277657083219615 14.545134360853663 31.797679510340977 49.085002821191985 66.37993802887203 83.67776547281935 100.97699880357568 118.27702114644462 135.57753046216848 25.643876861469973 16.080275152885438 21.40687858911602 35.44920346487048 51.51456080640547 68.18772834800248 85.11224937000921 102.1632813770671 119.28658559932131 136.4549571082668 36.21952416264532 30.16341617237685 33.264374240568905 43.6109468579363 57.41097414119332 72.72437274765879 88.77138055059375 105.21687503286155 121.89968314917422 138.7342203108399 48.696673090314356 44.322714860027155 46.43645257137878 54.28525761750347 65.84936031612563 79.52415548507618 94.39676026816788 109.9823139615252 126.01656403397922 142.34796601483956
89.855150081715 75.74996058986585 50.51129873577602 155.4121875582325 45.27431955357745 0.0 155.6738536564222 120.27776632853484 83.2651802637298 93.21808182891375 47.63174279446758 48.69192815211217 142.8892923592 111.45649219777262 81.89830701261673 109.68181229453481 134.83616615691827 100.43819232742592 94.5821585216632 125.8094149900913 109.43304469836666 51.803638257258534 44.16779315907922 102.89428716164004 42.762705552702734 12.138188024974742 135.95309837684863 127.45556364600044 96.22996902923498 90.11860449843614 57.081716582762674 70.7474340386852 144.598805217435 63.54950295243527 85.32209860483543 111.34402402013774 132.1510251487538 91.6767667811994 98.65668069702687 121.42908920773856 41.33066083493742 42.48357774890912 50.001906017235946 61.59733927713764 75.41206256456445 90.43468100159018 106.1536115667965 122.30066370398504 138.7264243352489 155.3425075359293 27.271010938879705 29.06447233269165 39.29998950570052 53.31927331758577 68.84846220385036 85.06460308048867 101.63942520128921 118.4224173108701 135.33615627990434 152.33709850100828 13.639011282414858 17.01778251928718 31.49444493437234 47.88431944079258 64.75051259731634 81.79891540620552 98.93537834535766 116.12092172263327 133.33656918388576 150.57199523268457 5.930868927469963 11.808741355867479 29.024664096358205 46.30474561775029 63.59670899397385 80.89293486037245 98.19117074923676 115.49051347711172 132.79053046293598 150.09098855483273 17.063642899489803 19.856234190002553 33.107166806396975 48.955196682349296 65.54273720996743 82.42452214131576 99.45082015712681 116.55831905118606 133.7158561297694 150.90636484690583 30.886843593812586 32.46647954646759 41.86712979806368 55.229972816555915 70.33173048811113 86.26391949040541 102.64055910989352 119.27872408332824 136.08252179963677 152.99738734829592 44.98503531280821 46.03090022286909 53.035252179682956 64.07289596492531 77.43796127166638 92.12298040836305 107.58881455483935 123.54256893719523 139.81732183754244 156.312841620787 59.16182575089575 59.90466890924839 65.38894145943537 74.5758308719409 86.29074117236287 99.64600368491885 114.06689556888043 129.19707370756845 144.81439023587677 160.77695095495602 73.37152610551615 73.91365344187165 78.36939976638892 86.13352893463494 96.41003125071157 108.48728393847188 121.83092693501102 136.0689019190604 150.94835113455554 166.29717580008258 87.59796999619904 87.99314503484058 91.7107348721214 98.3747950452457 107.43843726005636 118.35164296350638 130.6517549561375 143.98377284479662 158.08683910850493 172.77223920998225
66.4838322239913 175.0421164236233 172.88727588632256 0.34222446799892137 152.35080760720234 155.6738536564222 0.0 35.65832929697613 100.96365264914698 191.09406090673255 108.29313411367511 107.58311778512386 14.064196018367191 61.30229383725866 76.02550932003712 62.195899438037216 22.03985966040187 66.67537596722882 116.40233952539435 40.493941875259296 57.271942703804335 150.84114819149963 157.9464016489701 58.31958272680827 146.14949628571836 148.36141073595158 25.148461947015175 30.79805093977666 66.34960269816877 190.93086756948716 99.83027195723346 85.60756172165439 15.6429000447317 93.85544647515354 83.54430452408272 60.49227127509781 23.681846235921892 72.95965472770733 107.94321008949812 53.2366456473657 161.8314316407806 144.7060249840811 127.62823485853664 110.62011691482635 93.71961089451001 76.99760991804632 60.60205992319458 44.89207800714366 30.93055020080524 22.28924562954557 160.50566926135588 143.22867085075796 125.958515872424 108.69846625587066 91.45424369854031 74.23687825518776 57.07068226504374 40.021553366228616 23.3473761272124 9.337477643350995 160.38971599205198 143.0993152319116 125.81208406713746 108.52953712442786 91.25433585986839 73.99162555094752 56.75280560275204 39.569112822579555 22.56683161236 7.177920461335296 161.48617957920206 144.32158466013726 127.19420267714602 110.12139838721525 93.13319152228952 76.28612020448006 59.699788115039055 43.67229165675744 29.14078256668256 19.743686361391255 163.7706945255001 146.86171873305 130.05612929469967 113.39990034956749 96.9700279774819 80.90453353976294 65.4722006918923 51.248247526435776 39.558374342829644 33.19721948966479 167.19453602853474 150.6530359957472 134.3032560707367 118.2247642741776 102.54524925421995 87.47950824245325 73.40642711083436 61.01676557601676 51.53921597246975 46.77861526793195 171.68950862292408 155.60405529426754 139.8093432706304 124.41615127157725 109.5937987257306 95.60815097096332 82.88384725980411 72.09189644499115 64.21406949980813 60.401553811535315 177.1740442394471 161.60815849077804 146.43236873023224 131.78151280394823 117.85152695959674 104.92990270795413 93.43593176307232 83.95801923407981 77.24190203881965 74.04296492789366 183.55938846931423 168.552764479653 154.02823011767182 140.13576586766192 127.08283134102163 115.15526524428203 104.73824588887607 96.32310801513017 90.47020543557889 87.69407593371865 190.75501477737816 176.3266898589798 162.46042815162517 149.3129034638435 137.0910603775413 126.06441925005397 116.57263846411618 109.01736352287267 103.82222466638031 101.35080855439058
30.825523170220283 141.93577931461155 137.98447275029218 35.422301630575184 117.50711281973766 120.27776632853484 35.65832929697613 0.0 69.51056870929712 158.83759037200127 72.76112460517228 71.98528387404932 22.6343765247222 34.847507314273265 40.52612133448612 41.742840393842094 17.84879477902048 41.32448743716596 87.85290328857825 28.4406907702795 28.272926612747295 116.42319144884124 122.99477051527637 25.249046643714664 111.17451146464592 113.38057283351624 18.427312168898425 9.985908526749183 32.95633189167581 158.35783997432614 64.17574288017411 51.05375182904282 24.946705775132173 58.203900479456955 50.51514570656523 40.77241500083895 13.481201354509281 44.48301263948586 80.32721624218084 39.611609902319515 129.14803067984502 112.38841069113377 95.82173599227156 79.56861517780534 63.86887470454918 49.25455301599987 37.03374180023497 30.26044072436925 32.536129397109036 42.42893307234151 126.5779516495447 109.43916764288666 92.36123272585453 75.38551275048582 58.600905116267924 42.23587283394061 27.06259694616921 16.72159318777441 20.628900354848817 34.20824033485841 125.5334350503692 108.23494776558141 90.93777046695729 73.64282622629096 56.35217111258852 39.071499856319576 21.824541011332975 4.975204227163452 13.111380600925111 30.29484317233211 126.0524256793077 108.83370862220869 91.64633763580133 74.51200727691287 57.478171609923045 40.67129395071247 24.56178023802812 12.293124181207212 17.25322325388066 32.29457353799775 128.11591659057953 111.20632262495248 94.43894728067635 77.9056724449767 61.794686654417404 46.54657089833131 33.36605595784182 25.665435552818924 28.334536138952146 39.315235703964845 131.65127415946176 115.2432496860781 99.139605139642 83.5165978424362 68.70290403040896 55.35216372031429 44.79219947963992 39.33861130492856 41.07818939636373 49.254594184332014 136.54417073989617 120.77766442228842 105.49349622172974 90.93520291316676 77.51286586763388 65.92402812219343 57.292324578508875 53.08053589046128 54.32656797872131 60.69521026716378 142.65492277846832 127.61481225776544 113.22254799741484 99.75892038311488 87.65289938806909 77.54296293608368 70.29568397618284 66.84868753897543 67.78423578547711 72.93387396583908 149.8345180948096 135.55762782155833 122.0657195177148 109.64894471039365 98.7138493104528 89.80333396285499 83.56754939628858 80.6294835019885 81.3472414042677 85.628940989159 157.93716443402735 144.4236984048874 131.79882903394866 120.34254414913113 110.41917611939282 102.47502575508796 96.99761481023329 94.4172313799841 94.97031015785754 98.60413768642681
47.35057935864744 74.4879396518255 77.33631846226717 100.84198613196196 57.68909694766146 83.2651802637298 100.96365264914698 69.51056870929712 0.0 90.13046617816279 49.08627034275478 46.682663423242765 86.97376953796177 40.605313560683754 38.120902681751254 91.32535857409754 87.31411456333332 83.64160638296147 21.989144553886668 92.35589059080814 43.694616330119544 53.998259462876106 63.58044604480956 44.26229732409433 53.01587830138728 83.54615168122643 76.02292269005972 70.5705479020258 36.77776768352749 90.01094503525405 41.0055169011202 56.27786775048299 85.8581114276648 37.83540953397492 19.851276473150993 91.80466008223063 82.72122823094033 78.23570453018932 19.339840147260354 97.58111492650556 113.10648668281209 101.82552297868884 92.42552732297516 85.52894389300567 81.77165497801903 81.58852887694965 85.00266879836448 91.61277494586183 100.79200630626394 111.90995357054673 103.31545600097648 90.8798211408408 80.26762551395343 72.28646411507 67.87094707377267 67.72214846768058 71.86657570405646 79.63674646549144 90.09944198144139 102.43289938448379 94.62603040953418 80.91363572749879 68.83783056662831 59.405193735460315 54.01857850491523 53.90488159746056 59.09454587170386 68.39074571059314 80.3811078617223 94.04068565369805 87.36766239028971 72.33315476935515 58.56422237099323 47.18216846197221 40.26477263740142 40.1877198440963 46.98467572466802 58.298993949734374 72.03257356207367 87.04778359091638 81.92173526016754 65.68384267488024 50.16247725358503 36.28899991908493 26.76227496511025 26.72559939042737 36.20782262903613 50.06461456521924 65.57922917224158 81.81390726070846 78.66565719358609 61.5944420964709 44.70098372276751 28.30536287584652 14.245075023790545 14.26056557388703 28.328753444062446 44.725672561199865 61.619528345739894 78.69091265312736 77.87464694575633 60.58561749089129 43.306893515879125 26.058982609776365 9.02040424457816 9.076253645249267 26.1170947302436 43.365198759860164 60.64397628152088 77.93302781492491 79.62221751096915 62.80600448683133 46.34871219179476 30.830573917825834 18.74987195715812 18.74308813317142 30.818196754134497 46.33499102868019 62.79182892786264 79.60784138881198 83.74958116854128 67.93970001718107 53.069033606246435 40.193915141690084 31.83533097092411 31.7826175567874 40.06856943560285 52.910818662777544 67.76671899653839 83.5691969119318 89.92961405839947 75.39385496384543 62.2883221509694 51.712093509040855 45.46592111174952 45.374697561500405 51.47115895199929 61.95483078562901 75.00817115571552 89.51398913598257
132.3396900226821 19.233398091302984 43.01193587105963 190.97191991765337 52.848226388203955 93.21808182891375 191.09406090673255 158.83759037200127 90.13046617816279 0.0 106.30443574539238 104.8927119210281 177.0978630993917 130.35034738055907 121.68460331407792 171.87164570297415 176.67683226581644 162.72712452230937 77.7661376409781 178.58602917560216 133.82433502012225 49.22707026706886 50.93411534780775 133.76363039645506 58.87186938384549 103.73823411875449 166.12774919652958 160.62847831706955 125.89962962063352 3.7223990729512364 107.22733762129684 129.0810674216052 175.94960152517135 109.81392917708071 108.33314391489823 172.8957131514725 172.25056993150127 155.04867052907906 86.80422922655703 180.83495728530264 134.25456566565094 134.6277947920729 137.19920918511747 141.8493144600935 148.38280953256026 156.56408737415026 166.14991387959762 176.91212350421222 188.64949014984833 201.19141619746006 119.99480016099774 120.48096702983977 123.41481965406643 128.62898175209423 135.8611612070754 144.80931683692228 155.17688068638327 166.69923003033912 179.15369161602393 192.35929943046503 105.73596943598511 106.3564991725185 109.735925512072 115.63261013850698 123.68705046962079 133.50929228424542 144.73988580614426 157.07704066155287 170.28040874884528 184.16377831399305 91.47876004544617 92.26490736779483 96.20777141168634 102.94527664928678 111.97409184373805 122.78980844806634 134.96351146447196 148.1608394525464 162.13201972031771 176.6935817707715 77.22432810875752 78.22421498518383 82.90442168617466 90.69698355978582 100.8832339134391 112.81664464308912 126.00177815088254 140.08563541599514 154.82314673718017 170.04444314069346 62.97483040164376 64.268055401446 69.95449095871069 79.09217941488646 90.64330677295258 103.80529591178602 118.04051861077647 133.0048224157047 148.47793005834578 164.31616724716923 48.73488585686 50.46688791785825 57.59710448987621 68.45909806523193 81.57555861175078 96.02706602898168 111.29476649671284 127.08483261477959 143.22460090085917 159.60801958707754 34.516646854361625 36.994888681202234 46.309313041218786 59.322769384692634 74.11165406206861 89.80306996576019 105.9969494358295 122.49417541627692 139.18692660841367 156.01245422336652 20.366037339563288 24.403784823942026 37.08133725902364 52.4711163827655 68.77588355168821 85.47360928651165 102.3721897433472 119.38636523241075 136.4729086524731 153.60767236938523 6.725311144592267 15.089285241589574 31.76250440278945 48.87474072049568 66.08583292034227 83.33455335437135 100.60154914554653 117.87878959296802 135.16234615833372 152.45007064557737
42.225397372249525 87.14219450122611 73.2344462147977 108.04003018870739 54.97104942943114 47.63174279446758 108.29313411367511 72.76112460517228 49.08627034275478 106.30443574539238 0.0 2.409855786103274 95.3340853836722 66.1309402426484 34.6037290688821 68.59678292262055 87.87362573490788 59.07914764939118 68.23562698297383 81.13537062050793 63.06245290305966 57.229205408938405 59.024834552084855 55.80315779565894 48.35110329806122 42.07671057278191 88.33865326203917 79.82397675143135 49.727462815303824 104.46944591124962 10.347510886191063 25.56427083177513 96.97213490858913 16.75400917165319 42.45976506185699 69.96198539575136 84.92619477743085 50.62418752223744 68.16844799459207 79.27765545141926 66.24889312860542 53.27708139040602 43.43598781387758 39.16157234456282 42.18149517145406 51.2214251710345 63.77065417097044 78.15666539276685 93.53576017850585 109.49026711885853 58.92970527380981 43.89113734250116 31.286805959936018 25.09994090742823 29.662440162164017 41.574321348876715 56.35333664715838 72.26121659143675 88.69260855098047 105.40296350717813 54.389422611665076 37.60696874544454 21.65806812393736 11.071257469544546 19.35940545343054 35.01019033823741 51.72381739566536 68.72922344158357 85.85320048907278 103.0366484507592 53.342483573562994 36.08339216987031 18.902787740819274 3.366472258315913 16.250059807871164 33.39924114788168 50.652420790627424 67.93040344240374 85.21810399759312 102.51060600366883 55.9852262241719 39.86997386031549 25.369198499236983 17.213070789369553 23.40289589229537 37.38734308462252 53.353945180585896 69.95845671783901 86.83570707332764 103.85281188318169 61.84642416242927 47.718873319288825 36.44050450843741 31.264015666987042 35.00965282986014 45.52605535012614 59.31506089529126 74.58310794681879 90.58538702037215 106.99296005232232 70.12356662450223 58.0037028908313 49.09427681331539 45.329570884357615 47.93741222986299 56.03502922284923 67.67981251899124 81.36272524290838 96.2181511402329 111.77958522028007 80.07080142396538 69.65353787590949 62.374623916615796 59.39922854015905 61.35665624830733 67.82113574041259 77.6754138222851 89.8105207854798 103.42671630995646 118.01244815999894 91.14282657285501 82.0891407170541 75.95344821445488 73.47048830617625 75.00390718227627 80.32401021851967 88.75243222956931 99.50240660141402 111.90688403973523 125.47613141154402 102.9773391579918 95.00230357097698 89.6951444477281 87.54242480959937 88.7739223875471 93.255661495674 100.55398279540401 110.11023776476503 121.39234495648004 133.96497421082992
41.30230921000117 85.76855165003045 72.50760612145291 107.33499331055407 53.92122734690764 48.69192815211217 107.58311778512386 71.98528387404932 46.682663423242765 104.8927119210281 2.409855786103274 0.0 94.50408556335175 64.35351969769427 33.268693870616815 69.23984105447137 87.36835749570996 59.744962173944614 65.84278718998347 81.20034426840486 61.46671278269987 55.93342805905234 58.13927868206103 54.402029718507436 47.263770924659006 43.622484546548954 87.28161213892486 78.83614891734199 48.139275565624764 103.11913999840658 8.600863722061302 25.943847321069782 96.02557604720405 15.116646292435371 40.3411811040124 70.56118955804448 84.31639333457306 51.395790080792715 65.75890563388536 79.73680430540759 68.40768971002785 55.59991126321293 45.84532123741384 41.363535296188324 43.804062037913845 52.20493152769712 64.2698928465196 78.3236145934277 93.47332937836593 109.26409855289867 60.84427047253265 46.02428116153491 33.66234731547994 27.327326258276983 30.96969256167651 42.07339916854349 56.39086753269526 72.03054163198465 88.29256977597338 104.88787723345294 55.91087912401523 39.30483416431185 23.715529248904286 13.367700664045254 19.841302103210094 34.74725704103432 51.18377896571872 68.05071154033789 85.09249207576063 102.22170918518394 54.32884759831198 37.03059423392011 19.738787629123806 2.586148605978973 14.915434688632397 32.20195365320977 49.49924288320253 66.79893616466462 84.09954993485825 101.40061304328378 56.38102131365601 39.96775819481367 24.793876756794155 15.190900332697739 21.1069438807183 35.48175877582928 51.68287753634081 68.4251193188505 85.3907874181527 102.46896455359993 61.70584103018433 47.15227586831836 35.18199643934426 29.17050014948538 32.60019533863331 43.28206146762195 57.294069546926856 72.73646552550079 88.86667474643114 105.3692924678607 69.55565026178857 57.00001976144844 47.52599794495836 43.21045205741122 45.54415782365158 53.6665809906402 65.45714611111036 79.2961442763628 94.28586042087225 109.9566865242646 79.18293935942653 68.36960188338014 60.64292668782793 57.26625684010672 58.991366380092714 65.41586934355568 75.34711763630439 87.60044423144383 101.33698753169352 116.03115863010198 90.01910145358912 80.61958452968271 74.12344317536048 71.32840165078669 72.6628211088298 77.91481820832955 86.37268582538891 97.20314527788959 109.70574589153317 123.37316784926722 101.67824048497835 93.40407409277351 87.8000873130328 85.3936028846612 86.45205203820443 90.85441649194304 98.15177276429219 107.757569586433 119.11462930555203 131.7709142039164
53.22775052764256 160.98824277037107 158.9333950208728 13.915496750214672 138.3913782323962 142.8892923592 14.064196018367191 22.6343765247222 86.97376953796177 177.0978630993917 95.3340853836722 94.50408556335175 0.0 47.62290628183201 62.434515457627555 55.896064758348686 14.727433305049619 58.62126449214815 102.79560260418693 35.779490571541395 43.304635212800136 136.8176114387276 144.009226504919 44.28792466800847 132.2234031541566 136.00232666423298 11.745381002544093 16.754607227261335 52.31395352144343 176.90959708787958 86.57164622310037 73.5396667058685 5.224329249476752 80.47296110149668 69.48068869980189 54.40254232964701 13.405447127108328 63.77642576571235 94.45631551617066 49.101526981495844 151.04984012876238 134.10989528920697 117.27567227082208 100.60025884346112 84.17808701214005 68.19236077196167 53.03918629993684 39.6840267641362 30.581009765462298 29.904578538433608 148.94659346791883 131.74745411908552 114.57926552844401 97.45838584892331 80.41503787613765 63.5116691805656 46.89987621249205 31.051201531957645 18.09608536697454 17.01387539175233 148.14037723970756 130.83949691813464 113.53893663094613 96.2388689730441 78.93961783264885 61.641870659063486 44.34738735892356 27.06242607761706 9.837308436807046 7.738472832912801 148.65230786503324 131.41618738332204 114.19996871212463 97.01424779937032 79.87871163880938 62.834431205096436 45.98299459006686 29.654994737752443 15.592129718376825 14.336079668112474 150.46892475575154 133.45827268505394 116.53340330959182 99.7379964396914 83.15053871659109 66.92582873735269 51.408475214196166 37.48741660772251 27.68558817215985 26.951576752055058 153.54390125113912 136.90016396919307 120.44204444595984 104.25748480725203 88.49670106339113 73.43306443871568 59.597564545801866 48.0627749930749 40.82764839770359 40.27988705042086 157.80365041299365 141.63980356795676 125.77907398913246 110.35223867522788 95.56964652274752 81.78140205162111 69.58115934725734 59.946454277766065 54.26155779927619 53.79363864976598 163.15534216314978 147.55212207439743 132.37176170085678 117.77788153423464 104.01762820869988 91.46800585377792 80.69582845064346 72.49778535910106 67.8139554446997 67.38121209004102 169.4955035015492 154.50247444456147 140.04279726498933 126.29979048882711 113.53400656104753 102.11261318572552 92.53476349858757 85.42283476190109 81.42555189297545 81.00531996665401 176.71768974607068 162.35751101410452 148.62520190759108 135.71149416746863 123.87267013173407 113.44574435648373 104.85277855798222 98.57455646653635 95.07076809873638 94.65003150845008
32.5877816671133 115.0819576794699 116.4876281175583 61.217080769204586 96.19133922775922 111.45649219777262 61.30229383725866 34.847507314273265 40.605313560683754 130.35034738055907 66.1309402426484 64.35351969769427 47.62290628183201 0.0 33.31288016734203 70.16779901635378 51.15484280282444 65.83831744799673 55.17424488530122 62.49621777613011 7.364545125573206 93.43469466346728 102.04635225186439 16.10111667008777 90.67351681221398 107.84825645886579 36.153845986693426 32.31654064657575 17.45170073328055 130.39879653613662 55.80060692933252 55.40771178075358 45.83959726220084 49.395495284396674 27.00455959384879 69.8411959204987 46.29024570685324 64.59311715667346 46.915270684321925 71.8211222660677 131.25921601827804 116.38811418492138 102.28439989884252 89.31236089008947 78.03839541717687 69.29630955259681 64.13002325724595 63.41951793823237 67.3060519957561 75.07907845791345 124.99687156136648 109.3104867055554 94.19155356502296 79.96259549347685 67.19141499685227 56.86877418137055 50.51861400554498 49.688076052593736 54.62948928191424 64.0199887001215 120.06045115940732 103.6562567302517 87.5981427239652 72.11766136577998 57.68177334324482 45.30037852225037 37.09136066066658 36.02944906967562 42.65185562291512 54.21206322460569 116.61852861178934 99.66805689892497 82.86297860232409 66.31392151105695 50.27435187089979 35.44285587371902 24.157667841526166 22.576560969806216 32.163964331725175 46.45483187416309 114.80565063660502 97.55050054978143 80.3154792277015 63.117078166621006 45.99639350718401 29.090963918549154 13.251922668898992 10.18116072981727 25.10800509523229 41.903235108858176 114.69911311680018 97.42567077145024 80.16451536665616 62.92575900136859 45.73473724701403 28.677424212084322 12.322197493119841 8.943817189191192 24.63454087257615 41.62262323935346 116.30360682659885 99.3010846791049 82.42325844168774 65.76620182153786 49.55304963523183 34.41696980477824 22.633217827543575 20.945380020972337 31.04620742580564 45.69175749660284 119.55023773386748 103.06758532139929 86.90398696960537 71.27683188864889 56.631957256729315 43.96223842404956 35.45259141060775 34.348247032259046 41.24834441092153 53.120219926664916 124.31036451266478 108.52840902991221 93.28701345468549 78.90006757793114 65.92933277652352 55.37901813112591 48.843595796911444 47.992296507314755 53.09921534447054 62.72555530860249 130.418305778235 115.44329390927759 101.21298725713262 88.0890374864861 76.64191618446642 67.72727045475287 62.43939514444206 61.71764759621378 65.71265509540441 73.66093340802821
10.701074568211448 103.83695499339184 97.7544031341661 75.80663683870094 77.3873942284723 81.89830701261673 76.02550932003712 40.52612133448612 38.120902681751254 121.68460331407792 34.6037290688821 33.268693870616815 62.434515457627555 33.31288016734203 0.0 53.29545867099825 57.43195459913735 45.52551205803719 59.92456049970486 56.906390063838295 29.020286091916123 76.81419789475866 82.75149395635324 21.220903319172766 70.93972935752092 76.64831375677267 54.370416744022194 46.19934272515454 15.940253136545207 120.79073596893132 24.817873746813316 23.031320024436965 63.445629729103175 18.394032475051674 19.547128034072646 53.855148355514906 53.687619357133265 40.46437699788073 55.2832793166068 60.27620632898009 98.18714869397887 83.09974057330825 69.05882717505526 56.845231560660345 47.878420031043895 44.18155578219225 47.01468548458932 55.384613786541124 67.25499424178474 81.10312613957221 92.62240215337275 76.47627963281901 60.967552228232975 46.73513256032995 35.355507615258794 30.241698607169003 34.31935114755268 45.163973522571204 59.164687593904354 74.56436899977292 88.96692775069022 72.02683687343524 55.311197122953004 39.10887527108913 24.462052722496118 16.30926799313803 23.07172993503562 37.38087107819229 53.48893926382045 70.16777055877363 87.46050658040271 70.16628812871805 52.87711551634716 35.60034098154607 18.370976778117107 2.512941437604525 16.548430096612297 33.76536361070256 51.0398138512497 68.32817130059485 88.21332729120566 71.09819555908133 54.10202079062068 37.38738874826633 21.617538322455164 11.641822484536352 20.061381815118388 35.6103775862122 52.2728599299663 69.24967668226175 91.16943043166987 74.71813442568897 58.75750653216738 43.82693156918647 31.430330618383504 25.566419967206528 30.300633198939178 42.20574972351251 56.949386671972015 72.82753854126898 96.12572202592845 80.66498023826676 66.12283701735123 53.25716900397199 43.578991064951175 39.504896039080286 42.671431857877 51.766507699941855 64.32260472752857 78.7002514300183 102.79321970549974 88.47066441707574 75.4080265897027 64.37687514149232 56.578204276044616 53.44627126974881 55.77288044958836 62.955730812057055 73.58623144196265 86.40105578459423 110.86352349521525 97.69052663958155 85.99330459107675 76.45226720230094 69.95527980856328 67.38860788642347 69.19103308794212 75.04841726352362 84.11790590970631 95.4885885437708 120.05396399245629 107.96275316737638 97.4558308537932 89.09547103396443 83.52872587356866 81.33126231409732 82.77186423844839 87.67137438010721 95.49889715543047 105.60534989131978
44.24874296312177 153.19372788230282 141.7472113092422 61.855678060546595 122.8477809028805 109.68181229453481 62.195899438037216 41.742840393842094 91.32535857409754 171.87164570297415 68.59678292262055 69.23984105447137 55.896064758348686 70.16779901635378 53.29545867099825 0.0 41.498969349340726 9.528524586469876 112.90221302865501 21.890161837964662 62.80873288821298 124.10708323604587 127.30134603438533 54.853963257185995 116.1507015419886 99.68477945062733 58.26146831386019 51.25338390160845 58.663969708659636 170.52079774422035 65.03925630515741 43.43759647323308 60.558816965286695 62.058648269341305 71.98078525285047 1.8768284247818832 42.69594959531229 18.214684411541906 107.47842011678226 12.075933411710944 105.05308272643342 87.78828507935549 70.54168422712057 53.330936984143236 36.20720750350013 19.402276165094882 6.3755921421795465 17.423014651108815 34.134851889149026 51.23990824587464 106.83504760603174 89.9034516949475 73.14537210927935 56.71482963083993 41.00743766511415 27.30127455714393 20.194574663318228 25.864912604305648 39.100871691402936 54.65779207773279 110.39673545627421 94.08931002042658 78.21039078672993 63.084388720476326 49.40772085321326 38.74678781677718 34.061887189592746 37.65393284004905 47.68787124964876 61.06681076385631 115.57367574264313 100.08633702011001 85.29934059459708 71.64762709456237 59.91235052613304 51.422751170074925 47.935490457342055 50.497776862594755 58.317596023043144 69.64596800115804 122.1606181654265 107.59202446758817 93.95512576190374 81.71769951957523 71.60093576861114 64.60882619062201 61.81101577643869 63.762040053325 70.06631617992144 79.6973927111012 129.9432303183641 116.31458433567549 103.78635461681249 92.80526780703002 83.9804353051527 78.04674720323064 75.68726073710901 77.23026337382336 82.45696561024165 90.73298313309587 138.72031527099688 126.0014415102265 114.49050108436775 104.587095751076 96.78595218719984 91.62562233663013 89.56373697762751 90.81159330942735 95.23918396587061 102.43501857441964 148.31530996618764 136.44725091186166 125.84488234837178 116.8532308813974 109.86847475491717 105.29077332201794 103.44019128588886 104.46176537236165 108.27422916366447 114.59938045935029 158.57969476120536 147.49071253881274 137.68858684924317 129.46593985456437 123.13958822540714 119.01232191373497 117.3164665339798 118.15675963206638 121.48058424028565 127.09323672533068 169.39169413126243 159.0072083952754 149.9055290145909 142.33296162681674 136.54415158640924 132.7726166476523 131.19245086262993 131.88244624830656 134.8077487631735 139.82813614278564
47.16263836147117 159.71207634096217 155.17498467700898 21.723952753417073 134.7673815591295 134.83616615691827 22.03985966040187 17.84879477902048 87.31411456333332 176.67683226581644 87.87362573490788 87.36835749570996 14.727433305049619 51.15484280282444 57.43195459913735 41.498969349340726 0.0 45.018940906010535 105.29249693544133 21.053550579724014 45.218426189125736 133.9034320208651 140.17241563284006 43.06953580266874 128.35582346485336 127.08692537724501 21.248642964537797 19.426863234936214 50.8049944004793 176.17985820418346 80.02220373700067 64.29882360714488 19.771584932098154 74.39010377500007 68.36191873814275 39.93791750534861 4.872318127961983 50.986882470282616 97.54393047830945 34.37484681935417 139.82306115246237 122.68082132318548 105.5906788757318 88.58279214850647 71.71570761516622 55.11883913178249 39.13747807831865 24.98219381988146 17.75358781820673 24.59637793313389 138.70814619880858 121.41445255006074 104.12349532802885 86.83690917921602 69.55795308556063 52.294190922985635 35.06806946939355 17.98805474519914 4.010518159594523 17.53031441494764 139.0032118632288 121.74989373442693 104.51264745222825 87.3009935092446 70.13377642078851 53.05415025713555 36.18635462583741 20.071741325778444 9.747331723965852 19.643301371523314 140.69938348406743 123.67410705824767 106.7378278337563 89.940835636229 73.37884456412743 57.256149317005075 42.080747737334846 29.360226773191343 23.493986310444672 28.99349513059655 143.74704805465925 127.1149357656984 110.68833158707878 94.57438019428129 78.96471879101117 64.22808594023914 51.12508208974719 41.2432758065532 37.241755669194916 40.88515276858191 148.06273129186388 131.9537442851009 116.18825106057345 100.92734792449326 86.43870808234726 73.18245535972414 61.95477473073303 54.03533356527363 50.98961911327745 53.65413370278509 153.53948727332252 138.04353639330867 123.02989362714649 108.69859479662334 95.35778570837898 83.48366953958244 73.78774874569773 67.21929522843304 64.73738053187797 66.79907354440273 160.05809999278327 145.22694371059606 131.00312325982406 117.60720533792819 105.35546740070446 94.693070475692 86.21173935557668 80.6029387273056 78.4849462169982 80.13503076954804 167.49688567752182 153.3502627631892 139.91451407282867 127.4147212428127 116.15344555526339 106.5242058139577 99.00435202591493 94.10095006070621 92.23224854384283 93.58022401977784 175.73893473924474 162.27229212845901 149.596386282958 137.92939923861363 127.54849254563307 118.79130910734064 112.03923724220438 107.6701659636944 105.97922905202459 107.09335991296342
37.33266040382242 143.97742896680867 132.25130293865809 66.34289948988359 113.42174471308675 100.43819232742592 66.67537596722882 41.32448743716596 83.64160638296147 162.72712452230937 59.07914764939118 59.744962173944614 58.62126449214815 65.83831744799673 45.52551205803719 9.528524586469876 45.018940906010535 0.0 105.43128414474612 27.93534779320415 58.58152668137059 114.77477919942157 117.83515938294973 49.98045598789504 106.72714363223812 90.62631373247584 59.104286914061916 51.25753139651637 52.725977055615516 161.3226450286924 55.71121891764782 34.00790526704264 62.86496403404674 52.97087965933099 64.69295626430885 11.00797840085012 45.21621240131894 8.77699787115926 100.43549477576418 20.992319150445898 97.45172612927026 80.1498965237093 62.84812251370527 45.54646745669945 28.2451499486272 10.94577073607479 6.367487883207352 23.664182014782842 40.9652990037267 58.26689916282072 98.50852408006244 81.42572012007777 64.45990295764935 47.73597064233766 31.639837367801718 17.948491184686205 15.554098321985503 27.575790561133882 43.33164071652904 59.94623058160728 101.5281165527115 85.03770205075664 68.94615876004899 53.613846755426906 39.92525564840452 30.20458958243473 28.797884361509638 36.67463393355684 49.59283338556304 64.59550441632383 106.34339514030499 90.70714370605383 75.79814689458605 62.1420723037758 50.76041914853426 43.4776733340798 42.458225698872404 48.10196155040643 58.511549330046684 71.63873972522299 112.72441048296722 98.0778215124685 84.44183593040708 72.38982295259987 62.83985604972858 57.06230611550205 56.23223523762366 60.553447549792736 69.06572210714265 80.44952554054366 120.4224378793654 106.79798826838886 94.38615727193539 83.72796847268529 75.56909658467826 70.77918936420595 70.0527556204424 73.51036068159773 80.61542854503998 90.51304406351598 129.20218457562416 116.5650633953705 105.26301651978063 95.76988267402504 88.66858150818348 84.56384218517559 83.89665430144112 86.74637133782805 92.78952751721886 101.45707975479954 138.85850436935212 127.13787374308838 116.81207294653076 108.28087816098383 101.99560533937024 98.3876272016378 97.75384191487883 100.15073028617444 105.37167878208217 113.02601181198952 149.2211973270541 138.33166012808897 128.85256343463158 121.11552527605464 115.47125301396453 112.23592354340897 111.6192064405546 113.66373393052841 118.23152721333184 125.0463757742746 160.15307142690693 150.00733047169797 141.25872843345667 134.18082493259084 129.04881037650637 126.10048929195229 125.4898705091313 127.25061124369897 131.28733672300635 137.3995915764594
68.7067871249602 65.40113203877634 75.97466281530886 116.32797352077495 59.333617836900636 94.5821585216632 116.40233952539435 87.85290328857825 21.989144553886668 77.7661376409781 68.23562698297383 65.84278718998347 102.79560260418693 55.17424488530122 59.92456049970486 112.90221302865501 105.29249693544133 105.43128414474612 0.0 112.52682196078241 60.19171691352272 53.7190889615503 64.74973571228567 63.063844983016686 56.82033707201659 97.29354091438597 91.27139589068327 87.22053201921526 56.38758647593536 78.4630361986308 61.41719295785119 78.10327561263173 100.84497810138556 59.08761900562058 40.938807625012686 113.30205806765255 100.52067809254773 100.18754687988418 9.039321433037411 118.62477124486489 128.7670132687848 119.2180276083632 111.5508574593852 106.17396472941428 103.44510170495396 103.57378356213079 106.54965748527637 112.14629585050787 119.99756301285504 129.69464089696623 117.62675508302463 107.14761141467628 98.60954450115814 92.55132855127135 89.47809274875539 89.69718090882185 93.18537417264261 99.59979001898311 108.4223081238548 119.11905867754182 107.19302718317493 95.63282827456062 86.02102315866365 79.07136537070038 75.52238762827852 75.85293046337199 80.01492924441463 87.46311542142101 97.44685747234817 109.27336966310025 97.69263986604555 84.90025396777672 73.96586750316882 65.82204174455988 61.58593991958016 62.06295194929875 67.1527155523914 75.93325753487066 87.29792200174649 100.37275508633472 89.42372009773382 75.28535163771086 62.7524443568503 52.97694801460927 47.68592471458232 48.373964667409275 54.81638574561752 65.33249177490995 78.29773600447554 92.69001613838634 82.75636928307522 67.26925749212604 52.91878237234041 40.91882488167227 33.867552456289104 34.905302847088684 43.45638505554299 56.18934787919768 70.88537511899735 86.55020608877622 78.10194038103057 61.48069580301636 45.371253086494775 30.59308814030695 20.298651738685944 22.064570423912883 34.06416091303782 49.32140138468147 65.6014176332173 82.29947230384936 75.8320625140706 58.58381759211682 41.380419655497775 24.31723764609727 8.308455408962525 12.060111297318251 28.645690887106344 45.76481614700924 62.98392379180537 80.23867137561402 76.1602749827562 59.00611118561893 41.97342084403855 25.30865831606542 10.862851489333833 13.93514002486823 29.48029750289465 46.2893182334349 63.364242696328915 80.53612078279474 79.05422012911947 62.68052063695876 46.976980303078705 32.91711945923846 23.642078856182223 25.16088424228211 36.13728494403929 50.768569946813656 66.6911020284968 83.16651699495364
46.288893388285466 160.62635177651205 152.5241194077826 40.15216384288979 132.67941138273954 125.8094149900913 40.493941875259296 28.4406907702795 92.35589059080814 178.58602917560216 81.13537062050793 81.20034426840486 35.779490571541395 62.49621777613011 56.906390063838295 21.890161837964662 21.053550579724014 27.93534779320415 112.52682196078241 0.0 55.44302147447377 132.8880254344863 137.6593684386859 49.896362487463314 126.0397950566892 116.76260551695641 40.764458576875455 35.79888709520521 56.139752211195145 177.65653834044628 75.20217049298857 55.755977885058975 40.80606252162542 70.67939689716782 72.52295119941465 20.117839199283164 23.61202958644998 35.73642499970937 105.77573480565796 13.322436020136394 125.33836233838515 108.03783459603304 90.73784176369064 73.43876186911045 56.141438839823834 38.84821950033987 21.56897667693731 4.468886285995368 13.169461932335619 30.42387391080197 125.95382872373946 108.74799625643854 91.57837772868774 74.47002553429677 57.47767389858948 40.746707211460865 24.811653682133393 13.02516895849808 17.955632889030042 32.76991511410239 128.11304236670387 111.23037731871919 94.49948308209352 78.0180621236022 61.98543363384872 46.864487606497605 33.89803335159756 26.468535703180823 29.16848213616758 39.99659446344219 131.74008945865648 115.3706041770126 99.31770847136848 83.76361915740176 69.04626234211237 55.83130451087908 45.44874645559764 40.15903779342059 41.93583014256352 50.03184140256581 136.71814837201237 120.99856042816079 105.77405435716427 91.29265547211531 77.96952436740762 66.50446553620546 58.009831596989265 53.908594928750446 55.18905754009175 61.516070719819254 142.90603637690847 127.91795685766648 113.58945080593588 100.2038630841464 88.1915881195481 78.18816693771095 71.04726510885102 67.6810867701435 68.64718734226038 73.77556743438358 150.1541733543373 135.93162897383442 122.50396252361641 110.1622213481519 99.31208532456819 90.49169394028063 84.34028785163251 81.46473310582651 82.20950326851518 86.48111480441531 158.31690769885628 144.8579768790535 132.29547535831864 120.90914468818426 111.0613293346959 103.19343784548313 97.78456673885651 95.25453536643474 95.83162662342731 99.46177131193322 167.26028096410204 154.53881330845982 142.78355418507894 132.25239949055288 123.25950793471092 116.16269075283567 111.32515641974253 109.04799623910247 109.49107643491625 112.62229555982468 176.86579373747247 164.8411362078547 153.82565120563814 144.05103729086397 135.78553426497788 129.31883421868946 124.93058092392707 122.84371703659309 123.17527016486665 125.90613624599216
26.49650350389811 117.95150219435604 117.70179683209771 57.1527893698213 97.23488988417004 109.43304469836666 57.271942703804335 28.272926612747295 43.694616330119544 133.82433502012225 63.06245290305966 61.46671278269987 43.304635212800136 7.364545125573206 29.020286091916123 62.80873288821298 45.218426189125736 58.58152668137059 60.19171691352272 55.44302147447377 0.0 94.96064729652717 103.02226198959895 9.372357828295053 91.4381497775979 105.08824584068785 32.36894501920564 27.13724574537653 13.334995358373293 133.68837563806002 52.86629385449275 50.021788876620256 42.217878033216365 46.35373218778292 27.357424472179964 62.47707018842461 40.4027513387218 57.586026276926134 52.32860874371456 64.5281548739705 127.17530347383939 111.88666524540656 97.27482815580694 83.69502263060564 71.73576319588207 62.33683435575601 56.784156257984996 56.228979847571686 60.80834018297584 69.51480838770858 121.5640498311512 105.49541028082125 89.88576033692225 75.02215122678918 61.4483635304752 50.22135530966633 43.21079287054071 42.55426717395849 48.510448686650534 59.113167328919296 117.37640588231199 100.66413855521144 84.19041891776493 68.12851236761777 52.85519341355122 39.30087095342488 29.902427296352887 29.02518858434553 37.27569851966806 50.35080477519279 114.768373192267 97.62480089907739 80.54897029932822 63.59547218413482 46.89716567908225 30.870970433813063 17.475756999832505 16.015615826855708 28.395605616266483 44.21349891961605 113.84859843380093 96.54682343064569 79.24511635918843 61.943534142320445 44.642221946565506 27.341692369685155 10.04598954691254 7.279373142048933 24.57173668530603 41.872005172298046 114.65773113974716 97.49530186460157 80.39269358954832 63.39833752458724 46.63074029635479 30.466627672146938 16.75462874173426 15.229329869442868 27.96176163460587 43.93746078897815 117.1599448244328 100.41281503730738 83.89114453579512 67.76005309031224 52.38163240710292 38.664660713437634 29.065211477014902 28.166061208687317 36.6138968905367 49.865196707540555 121.25043150618028 105.13552894006499 89.46506053063186 74.5199300282299 60.83706265669994 49.47506159420446 42.345254193116425 41.67930771422381 47.74844642841093 58.49246863489926 126.77548954419983 111.43409722751161 96.75634383179278 83.09465018866003 71.03766944451579 61.53599631407343 55.908013530544885 55.3482780572524 59.9988046821665 68.81119105937996 133.55712586348236 119.0585973075526 105.40912517474895 92.98337540339502 82.33725090938351 74.24033962915442 69.5882427175094 69.08045581960735 72.80374704278266 80.17076865082468
87.45525453073267 30.000166509393736 23.35322101729425 150.66757249243997 6.829995835553297 51.803638257258534 150.84114819149963 116.42319144884124 53.998259462876106 49.22707026706886 57.229205408938405 55.93342805905234 136.8176114387276 93.43469466346728 76.81419789475866 124.10708323604587 133.9034320208651 114.77477919942157 53.7190889615503 132.8880254344863 94.96064729652717 0.0 11.183404823099867 92.5297903363708 10.189038345706878 59.77869902320415 126.85737814987246 120.06336949806634 84.50642940654619 47.26260781199369 59.069833086545856 80.82358096943457 136.63553591480897 62.50502501885787 67.68083105846752 125.2579736045915 129.86651985774654 106.78631938063683 60.937871012344246 133.74057599627162 92.46228317163646 89.2974521202505 89.42857938217901 92.84170062392093 99.19862220923874 107.98067711519006 118.65058499719204 130.74697211425854 143.91057924875227 157.8746769649365 78.82071030691542 75.15412388797996 75.38080938288648 79.46745642604391 86.8710133474735 96.83364813152683 108.65368830214824 121.79153777237009 135.86544624567208 150.61323451944074 65.42855654302339 61.03409853838645 61.385030059443544 66.40616089123046 75.16734697339702 86.54003383000861 99.63393205542708 113.85674742923334 128.83513887824168 144.33406611057794 52.47738717502436 46.958693082606636 47.487520092902315 53.88611407732349 64.42875936490194 77.44107303803092 91.87969073797493 107.16967091261253 122.99391112246101 139.1702877728268 40.393892166963944 32.985405540407406 33.809997519575695 42.38989720699172 55.22136667513026 70.00431264543572 85.7351546309854 101.9761648095407 118.5177967133963 135.249793290121 30.23711346571261 19.337307085772814 20.791629658353237 33.00551902787504 48.42673551528275 64.80466914453856 81.56502667852607 98.51281142589839 115.56559374131783 132.68289604261824 24.53030520975251 7.925428422083741 11.07260080043035 27.94827529777071 45.147793152889264 62.40395734128314 79.67997294144295 96.9652299273454 114.25553410050925 131.54889532464526 26.34443950289378 12.437214961254153 14.63052354497415 29.531901434621158 46.1402997976992 63.12237644785973 80.24122775323463 97.42478090389434 114.64394583616742 131.8847746309992 34.51322321799338 25.486189186007724 26.582696493249237 36.911303387649696 51.15622673707223 66.85944511745663 83.19929038183047 99.86375263217742 116.71386768738174 133.6794501119516 45.750716549562604 39.33687767163336 40.0044756263584 47.455583869079184 59.1811883587328 73.15394668532002 88.31360608922174 104.14313405071158 120.37856106335947 136.8755266713459
93.19828387777706 32.31620917675134 15.002960742592355 157.75657869739177 5.897819692381701 44.16779315907922 157.9464016489701 122.99477051527637 63.58044604480956 50.93411534780775 59.024834552084855 58.13927868206103 144.009226504919 102.04635225186439 82.75149395635324 127.30134603438533 140.17241563284006 117.83515938294973 64.74973571228567 137.6593684386859 103.02226198959895 11.183404823099867 0.0 99.8473211392853 11.821015120956632 53.56553896412016 134.45361236519093 127.297425129389 91.89122876811938 48.30744566278135 62.684652544680084 83.873662614563 144.1409269868804 66.99053056122526 75.66891938386219 128.57359409448796 136.33054788243564 109.53399653133737 71.76031127361463 137.49532204297265 85.44477060934591 84.10784023483404 86.29094736194587 91.74314823090346 99.93078474985694 110.24607510609246 122.15118195622723 135.22686223820045 149.16559967902612 163.7471429441956 71.43875712825836 69.90603228617859 72.58719090964537 79.0546445340885 88.48199231785976 100.03588711137319 113.06628170573856 127.11993946539816 141.89314134987873 157.1831343216276 57.550205186480135 55.70966565926115 59.10842543106236 66.95329300464454 77.91263895798554 90.86645999705081 105.07971342192141 120.10610796413037 135.67574044118228 151.62135170928136 43.89105306791598 41.52462680353843 46.05290314088599 55.82248927600478 68.63042980258868 83.08325129245932 98.45924314203158 114.38672842153727 130.66418744892192 147.17554582158786 30.768668331576738 27.368893022022963 33.913295668568274 46.36676508494574 61.22378744598924 77.10731066126797 93.49562839464366 110.16368577538954 127.00138881689622 143.94921959555742 19.310599545186616 13.336631215981459 24.11524380434084 39.79870612779213 56.436174651492266 73.38160112229342 90.46209002318042 107.61334886315036 124.80620477277752 142.02555199700987 14.317737045531139 3.275825216705819 20.375918732161058 37.660837671148506 54.95646386540346 72.25510877210995 89.55502310497882 106.8555903057024 124.15653745337079 141.45772514013626 21.047763575364744 15.737044730738514 25.514960962793463 40.658139649356684 57.042684345032285 73.84689421725939 90.83816469120345 107.9281843359154 125.0764814593046 142.26198327380453 32.96859337972725 29.80994804781334 35.9033025289135 47.83482558794131 62.33781534677903 77.99067368573722 94.22205908476997 110.77796229731577 127.53206153562263 144.41539316964625 46.224969982870256 43.973369182849 48.262518368488124 57.650570646029784 70.11854281736863 84.31094787851927 99.49254219105445 115.27315431167484 131.43720322584466 147.85898962143585
17.217738647340187 117.12467419552344 114.7305301665515 58.15036969667046 94.1850949081418 102.89428716164004 58.31958272680827 25.249046643714664 44.26229732409433 133.76363039645506 55.80315779565894 54.402029718507436 44.28792466800847 16.10111667008777 21.220903319172766 54.853963257185995 43.06953580266874 49.98045598789504 63.063844983016686 49.896362487463314 9.372357828295053 92.5297903363708 99.8473211392853 0.0 88.09568887034207 97.86393131795961 34.69371850094959 27.53357919069 8.031776163359543 133.36735831694034 45.86975759215704 40.984966087390696 44.30509348194088 39.36526341541684 25.474535360279113 54.683668528271866 38.531284049498055 48.49550730170354 55.96837806276642 57.706582689033006 118.80478815984563 103.2482693353303 88.34327713308588 74.48198555119403 62.36425091430517 53.19525802329141 48.671071736246404 50.06708535081601 56.94958218338435 67.66460559169238 113.70757067397005 97.36769776014911 81.42624410162954 66.17178864819272 52.21001551858269 40.88732751407165 34.87648355753166 36.873735676829206 45.84412049011688 58.671987417664475 110.1817215251373 93.24529530937461 76.47267439643285 60.00138543678781 44.16983215218594 30.008221930537612 21.18311090458246 24.40627961923296 36.624039580559696 51.823600401928104 108.38076111383677 91.12006353219482 73.8786569277907 56.67415013611341 39.554721724536954 22.713566444369093 8.120933653491747 14.652863169077202 31.018971736089323 48.04539716705735 108.39072897474901 91.13186504939927 73.89314507863996 56.69294765998738 39.58152475186253 22.75999234468011 8.249288691941498 14.724049676052106 31.052501933807793 48.06694785795971 110.21113360953672 93.27988858433311 76.51465689052147 60.05463583992409 44.241805057295 30.113565144213087 21.331379673826532 24.53446910002205 36.70918211271779 51.88351752596555 113.75506676288174 97.42290623498329 81.49194914571464 66.25224949605315 52.31148079112479 41.016205985970096 35.02677484608732 37.01524591964677 45.95747574220623 58.760176943109215 118.86842513085705 103.32115288695772 88.42805417567953 74.58205472925933 62.48317374439286 53.333977032359854 48.821933621150855 50.21305896362253 57.07734550591035 67.77165661966673 125.35923890718684 110.6943293985832 96.90317209945913 84.41510164500914 73.89376448543698 66.28244032568958 62.65085620354037 63.68353077870447 69.17187885058844 78.18311823362802 133.02594250181917 119.26911509130518 106.5505852242723 95.28702729241012 86.05168732263847 79.5540896161463 76.49508756299302 77.28407747431848 81.80980261545123 89.50722842225859
81.40415384368525 39.66218292451859 26.820203583248134 145.95828103429378 6.699030418788331 42.762705552702734 146.14949628571836 111.17451146464592 53.01587830138728 58.87186938384549 48.35110329806122 47.263770924659006 132.2234031541566 90.67351681221398 70.93972935752092 116.1507015419886 128.35582346485336 106.72714363223812 56.82033707201659 126.0397950566892 91.4381497775979 10.189038345706878 11.821015120956632 88.09568887034207 0.0 50.023393281550625 122.7305375679228 115.52103522376747 80.15711509343903 56.69838433424607 51.278598670481934 72.72084160062305 132.39800560913852 55.36198409387194 64.11050440604758 117.37873731260423 124.50966372917503 98.54310944548673 63.023972593086405 126.15472536960343 82.86851703970576 79.21605672666271 79.25818110343847 82.98926437720066 89.95143041258609 99.46851142782522 110.88459225031589 123.67491229470171 137.45638640134555 151.9595850602308 69.43433102580799 65.10352042614429 65.22655527062675 69.77988067331826 77.99136538543519 88.8525041624166 101.5163780390152 115.39096852388657 130.08946658160073 145.36215499656157 56.38941665126514 51.0353653532436 51.265503344416466 57.01224657491668 66.86809250868994 79.31575153587413 93.32382438126426 108.28843457076111 123.86337245228059 139.84486446451282 44.08099804766684 37.06247867188479 37.45433768650798 45.0636732587323 57.073190145360904 71.29285075554762 86.64120990560481 102.61303566495184 118.95746328864705 135.53976613804207 33.3353885198797 23.35684722507377 24.053018725111173 34.78885339093473 49.4033616637255 65.34394524379373 81.8393635682402 98.61157584843271 115.540103713485 132.56507629690114 26.15567518031469 10.971110234387998 12.462924000472118 28.0890902084322 44.95979094770113 62.06836484561282 79.26092559624756 96.49259058264798 113.74558913438977 131.01149322444456 25.724581734635912 9.904656336802564 11.539659325513728 27.693657505252336 44.714952791621684 61.89207339201342 79.12359889964273 96.38035310870814 113.65084441542963 130.92963688854547 32.31335218333582 21.880436494223073 22.628871242719562 33.82439455406759 48.7321768532245 64.84035776743 81.43973520693534 98.28174035041465 115.2600626519828 132.32223977547798 42.793805437295816 35.529054250920794 35.944753499037624 43.82287768082534 56.10322279775374 70.52238158366605 86.01132888135308 102.08427294772176 118.50382511143965 135.1437088585983 54.98376203097554 49.4850649485793 49.72957966247059 55.641642754315775 65.708870009093 78.34552100588368 92.50452745473329 107.58650664192126 123.25310177314395 139.30721321981457
83.61781507746858 85.73028499826535 61.53679895659861 148.0862166686881 53.686104127571596 12.138188024974742 148.36141073595158 113.38057283351624 83.54615168122643 103.73823411875449 42.07671057278191 43.622484546548954 136.00232666423298 107.84825645886579 76.64831375677267 99.68477945062733 127.08692537724501 90.62631373247584 97.29354091438597 116.76260551695641 105.08824584068785 59.77869902320415 53.56553896412016 97.86393131795961 50.023393281550625 0.0 129.79821864926535 121.11867444849392 91.75849635887123 100.77096777028798 52.223345994111725 62.79887411371292 138.06293932070804 58.73480518077683 82.73927071476324 101.40061807522738 124.7056401074918 81.93360422802567 100.35366368079465 111.58575233091594 32.9601307427527 31.01068323108172 37.89015348697105 50.08366988331627 64.65132053991114 80.31140334292465 96.5337182902717 113.07654499289575 129.8174113457348 146.68852903240926 20.396021094824867 17.15668781190894 27.77442138466296 42.979033449193096 59.34381547881478 76.12418696643577 93.0956901975051 110.1700300067701 127.30583559399267 144.48123866811267 12.319223591744594 5.596824908374653 22.574304189340126 39.831991560011346 57.11645537904823 74.40903829456457 91.70514743569505 109.00310423977518 126.30214955825565 143.60189000701422 17.13682432066247 13.13711343841554 25.499208558717434 41.55175580737036 58.32323782292492 75.33501586600353 92.45454043368892 109.63134754234001 126.8421679369333 144.07481270419984 29.01237833705849 26.797907204677706 34.54341853784952 47.61384145338648 62.76637819339431 78.80906524587381 95.29338643426071 112.02455280411583 128.90648379104508 145.88684963079535 42.378031348796654 40.84053059700809 46.246144288199645 56.64069479801199 69.83076883716699 84.51751161124292 100.04393427250832 116.07356858241741 132.42380218407425 148.989123659032 56.18002796565173 54.973025913198654 59.04718851145854 67.45225141770584 78.81459781365311 92.04550120726813 106.45048902141083 121.6130658659365 137.28243813846143 153.30328342240554 70.16119155019679 69.14016562676048 72.3658925676919 79.32195479378107 89.13928885859741 100.9868472845165 114.2346883855216 128.4502819606524 143.34600112794467 158.73048648702334 84.23220435449328 83.32413050927056 85.9618331323249 91.84030891334376 100.39186960238173 111.00041521457126 123.13543936326147 136.3901031212903 150.46881266033742 165.1609714422677 98.35435459917292 97.5174215743514 99.72152663231097 104.77492619194061 112.29360785003844 121.8219622624845 132.92852791636935 145.25172458965218 158.50804514178782 172.4824749572192
46.20162493534571 150.31736934043494 149.2908541601379 25.064811622425374 128.7535070796139 135.95309837684863 25.148461947015175 18.427312168898425 76.02292269005972 166.12774919652958 88.33865326203917 87.28161213892486 11.745381002544093 36.153845986693426 54.370416744022194 58.26146831386019 21.248642964537797 59.104286914061916 91.27139589068327 40.764458576875455 32.36894501920564 126.85737814987246 134.45361236519093 34.69371850094959 122.7305375679228 129.79821864926535 0.0 8.884322862276658 42.576208723981715 166.03311387143472 79.04320368705935 68.37158683921515 9.850708182715145 72.72345292143473 59.22011282617553 57.02907191172682 17.356181885320467 62.80369138870012 82.85666787394209 53.67044549109293 147.00168985347761 130.3923899822532 113.98929828012511 97.89612398560566 82.29488606566674 67.52741418171385 54.27855259758212 43.9440222412374 38.91913568017844 41.19499200364238 143.87036592820655 126.86819016445978 109.95955474904231 93.1953872648484 76.67051099491067 60.581059969436495 45.39243240795362 32.397400126254055 25.247191371336754 28.704709222078318 142.05640212414022 124.81688750391817 107.59740890944245 90.40941531755001 73.27506621145217 56.243410767289916 39.447688872865186 23.40153918698346 11.741247441086816 18.077464503398964 141.61045810359403 124.31144751139558 107.01338091674239 89.71680435053406 72.42278540141544 55.13373089602802 37.85644323652712 20.620520878840647 4.0018799205707705 14.336588829719512 142.54538010205886 125.37057555610347 108.23626637907604 91.16528846953322 74.2013652264157 57.43942634559192 41.12718218041054 26.121157077257998 16.489296461208582 21.45206904469656 144.8344164964146 127.95541138018655 111.20645487429317 94.65660629210151 78.4320076799583 62.78531474591769 48.281682571527085 36.317422834785496 30.09150604500131 33.026526854074525 148.41489425935688 131.9763040217391 115.78952044341071 99.97692484877163 84.74822828035184 70.4829279194645 57.89756727830637 48.323055602320885 43.78140411397385 45.79529699786787 153.19624087692642 137.30709649695604 121.80347569007753 106.8533202326444 92.7247260046614 79.85496223987758 68.95253867822359 61.08017354606801 57.49626096741446 58.98770943752159 159.07014061293827 143.80211552859404 129.0483473728712 115.00692250085665 101.97253170185027 90.3819171962148 80.858354094054 74.2020527633364 71.22151766704224 72.37232385668726 165.92051935852066 151.3114259021461 137.32936566082896 124.18631139705154 112.1775530422135 101.70567869197897 93.28968299956014 87.52464244427776 84.95198244349739 85.85915101233009
37.61088045039828 144.35419274163203 142.2092686521099 30.635289686781 121.66506457143373 127.45556364600044 30.79805093977666 9.985908526749183 70.5705479020258 160.62847831706955 79.82397675143135 78.83614891734199 16.754607227261335 32.31654064657575 46.19934272515454 51.25338390160845 19.426863234936214 51.25753139651637 87.22053201921526 35.79888709520521 27.13724574537653 120.06336949806634 127.297425129389 27.53357919069 115.52103522376747 121.11867444849392 8.884322862276658 0.0 35.559390975727865 160.3763464522955 70.69422699751937 59.511541822222654 17.247905911141935 64.45161722786999 52.77087036399039 50.17276451317386 14.619406390925432 54.445001788165314 79.15315470733609 48.00421369058815 138.11743490358688 121.51271289054397 105.13305880395791 89.10268123326023 73.65000096848385 59.228916693989284 46.802922914449525 38.36234748447743 36.76320043659429 42.77970545489785 135.0329535697416 118.01133367645913 101.084926119541 84.3110952802206 67.80317376380964 51.81593426679366 37.03002568029371 25.61768229770098 23.238321308272106 31.976313024607826 133.35835918029497 116.10033967894385 98.85767042550974 81.64007807721227 64.46765788409947 47.38954205088625 30.56422249386084 14.875749246717294 10.349751339344142 24.324062326423896 133.1468832300698 115.85848184689122 98.57482743214626 81.29894757080274 64.0371348078418 46.804955700369995 29.654116194373756 12.912893628737857 7.26859834544118 23.186972794874755 134.40543519636608 117.29608906195433 100.25285979116585 83.31633196210653 66.56799783094218 50.196587405433284 34.739146901508306 22.195295810660586 19.420758821367418 29.332788457142303 137.09351779320883 120.35297311111125 103.79668626145958 87.52927765973637 71.74751036215967 56.85722878920166 43.77775822253273 34.62583127441841 32.86506800519343 39.49665334710072 141.12943305215032 124.91026482259056 109.02446855087847 93.64186205038006 79.05672023778014 65.80148024580771 54.8489534249732 47.80882431851018 46.493685327407384 51.34535002943396 146.40169963505676 130.81117998834122 115.70811498789493 101.31074399594903 87.96625338940449 76.2296040496173 66.95176804181965 61.26027968180939 60.18139581292702 63.94900194564781 152.78230661754628 137.8832408444479 123.61160889085222 110.21142616268799 98.04067482060304 87.61321955418839 79.61699203961929 74.83542918959722 73.89522557315996 76.93733893906487 160.13874034257313 145.95621547479172 132.51676668417738 120.07017119172774 108.95721412387763 99.62519235741057 92.61403424198838 88.47720423426911 87.62275928169622 90.1440855725352
16.3474752896073 109.15640697673985 106.75488592380037 66.18110226754965 86.2110429497453 96.22996902923498 66.34960269816877 32.95633189167581 36.77776768352749 125.89962962063352 49.727462815303824 48.139275565624764 52.31395352144343 17.45170073328055 15.940253136545207 58.663969708659636 50.8049944004793 52.725977055615516 56.38758647593536 56.139752211195145 13.334995358373293 84.50642940654619 91.89122876811938 8.031776163359543 80.15711509343903 91.75849635887123 42.576208723981715 35.559390975727865 0.0 125.45994198585309 39.54004924143207 38.049343971053986 52.250896174497406 33.023931525446166 17.566493857876885 58.72551469031101 46.350979421190125 49.928209835661896 49.79785156665641 62.83295135972589 114.09647207036356 99.03525246590422 84.83311670706104 72.00023831207157 61.401230537631236 54.35888220007883 52.32939140313886 55.86181614758602 64.04232951761593 75.37239285508528 108.27720577017588 92.30306941877579 76.90556753571028 62.51225776734337 49.99804780002461 41.11609850191014 38.470361160820794 43.221640173694674 53.43180729090283 66.63716861464582 104.05014745062024 87.32953304180839 70.88844864980264 54.978246758134844 40.23373876768312 28.523858573134866 24.640980797111194 31.614174280890232 44.6144007058882 59.834305705536885 101.61425817510877 84.42609895039978 67.29626999055226 50.28441882400915 33.57038351694017 18.003654453123037 10.954704425565497 22.68463302828206 38.83159349543018 55.67679752235491 101.09912609136553 83.8082352612994 66.52308508811595 49.24972032937977 32.00722740660691 14.903147682623912 4.296343363586107 20.335360154215955 37.51411374085075 54.7704677520325 102.53371237935042 85.52550012477643 68.66419971014132 52.09266383141064 36.210924888436445 22.528397424703247 17.39363253641281 26.386746069536265 41.093727459298435 57.26989311915976 105.83874488472364 89.44347175331332 73.4652177379756 58.24818154160108 44.57882845280509 34.3569803288663 31.180781039307487 36.91597178652999 48.49789374259286 62.769509156488525 110.84699670013077 95.29103251626718 80.45128180007309 66.80673823403166 55.25011736457869 47.33618414491269 45.02840054181106 49.123345230946775 58.28681586206625 70.57128612428687 117.3405169779669 102.73915713625838 89.10986740125885 76.97076784532882 67.13513471123369 60.73261149082947 58.893721738723805 62.0256994959277 69.45934718664748 80.00444363272717 125.08812678110768 111.46736786020521 99.00301168121563 88.18676848079637 79.6925563500447 74.32084855459588 72.76648343920296 75.26633566450306 81.44795299172294 90.56050131486647
131.46980509693566 17.375488559664046 39.762701602000114 190.80252333536046 50.5245520248523 90.11860449843614 190.93086756948716 158.35783997432614 90.01094503525405 3.7223990729512364 104.46944591124962 103.11913999840658 176.90959708787958 130.39879653613662 120.79073596893132 170.52079774422035 176.17985820418346 161.3226450286924 78.4630361986308 177.65653834044628 133.68837563806002 47.26260781199369 48.30744566278135 133.36735831694034 56.69838433424607 100.77096777028798 166.03311387143472 160.3763464522955 125.45994198585309 0.0 105.71528787047117 127.56856334513809 175.86904262669097 108.49176991055376 107.90282816106206 171.5764848252754 171.79775327089467 153.55380079997306 87.4856344221925 179.6435168576149 131.05974617713923 131.70810660374332 134.59577570550633 139.58384414124856 146.45786242619428 154.9670629512482 164.85843910147344 175.89897240612981 187.88619227681983 200.65050013292972 116.79223462913214 117.58801865900041 120.88053930207528 126.47495411574967 134.08344357562183 143.3857463215873 154.075375184297 165.88434769123305 178.59075832191164 192.01652971147573 102.52458626754876 103.49925356033002 107.29194819122887 113.6208201268438 122.09210189736233 132.29487474543535 143.8612122135775 156.48905658555833 169.94194078100566 184.03902736499566 88.25698604703109 89.4568590953039 93.88524392960201 101.11885952368611 110.60869680823289 121.82864688445152 134.3459337926928 147.83137685622788 162.04344284787996 176.80699670919833 73.98972257016766 75.48697277667968 80.75130823802371 89.11762572739286 99.80889418291746 112.1622316548838 125.68851884701121 140.04830608621563 155.0101255137274 170.4154825456702 59.72331188097686 61.63917960880171 68.04850496694851 77.84924969491288 89.93947082383629 103.52008128821392 118.07794938576916 133.2932598266075 148.9646944125497 164.96230881339446 45.458854298712325 48.01950448283458 56.07086271412342 67.68097175909155 81.33996366411877 96.17883809434184 111.72847248076376 127.72954899191359 144.03168840631466 160.5432038453473 31.19936969497481 34.89637956689458 45.396285913815895 59.18274303376233 74.4518649968116 90.4559127983445 106.86520925404942 123.51834911275567 140.32854668914771 157.2454396596132 16.957864892135667 23.1313077743817 37.16527704896006 53.161738478029974 69.78391834065293 86.67255783119893 103.6975482065685 120.80125383489451 137.95440026703423 155.1405890760201 3.0037796590005064 16.05561523381946 33.245397260075336 50.511817108184836 67.79634552324838 85.08794764941662 102.38303948514742 119.68010813576342 136.97840473118944 154.27751622370377
33.36181407845921 88.34898797951865 77.4313398748625 99.59080776888167 57.97388104534399 57.081716582762674 99.83027195723346 64.17574288017411 41.0055169011202 107.22733762129684 10.347510886191063 8.600863722061302 86.57164622310037 55.80060692933252 24.817873746813316 65.03925630515741 80.02220373700067 55.71121891764782 61.41719295785119 75.20217049298857 52.86629385449275 59.069833086545856 62.684652544680084 45.86975759215704 51.278598670481934 52.223345994111725 79.04320368705935 70.69422699751937 39.54004924143207 105.71528787047117 0.0 21.855822039396436 87.92207512816219 6.523912758205926 32.36519018344369 66.20596130651587 76.77513753127856 47.83851421024839 60.329800595527296 74.87700364173774 76.40421757796412 62.935180087732164 51.795498530168295 44.75952177758413 43.84929027983499 49.40455518327821 59.64532030384266 72.6155819491544 87.10445221514502 102.46976527539512 69.27667899884487 54.10398211926984 40.66857356864701 31.294316384946065 30.057361275871735 37.76592462409836 50.475682516572874 65.33018716660457 81.16022148670314 97.49173870158307 64.5104765486131 47.880072448032664 31.97051048806125 18.719994504783553 16.657589796007688 28.34122177194921 43.905430818949554 60.42235769490746 77.28355720040862 94.30454690937749 62.64697556878737 45.350053194985854 28.05930679065658 10.804428086166748 6.697778055361105 23.91021521026777 41.197695904463025 58.49372188692092 75.79244321464371 93.0923573265679 63.94049985062637 47.112866718068 30.81508889803603 16.680227856855595 14.338866869034415 27.04975062709812 43.086978532423856 59.83309479940764 76.82593020353826 93.93168088630534 68.21166447189758 52.73977310574817 38.84387003592012 28.894962994202718 27.562685073769575 35.821702995368334 49.044849652701075 64.23636216614064 80.28656952491747 96.76913941228474 74.95309498798885 61.17355370731679 49.65023974153509 42.27049027408862 41.317645117992626 47.18269446154985 57.827077771895325 71.13677388636968 85.88140475379167 101.43715381467236 83.56901098821302 71.42666526641995 61.79365848715384 55.98073554512318 55.208043617021886 59.67170361886274 68.35345748660866 79.88977965074974 93.22691370705911 107.69789594105598 93.54277709899235 82.82607541622225 74.62410236973153 69.82868181909572 69.15217436441141 72.70964102999059 79.93779358119038 89.95610068710576 101.9452770996185 115.29210405906827 104.48615178705025 94.95972482812351 87.84089338707484 83.74589870865384 83.12285087813673 86.04720166188204 92.18195744043581 100.94347640572698 111.71543030059314 123.97487282472058
23.98513626504168 110.20032916019848 98.38021971639343 85.32822988444495 79.41638047287884 70.7474340386852 85.60756172165439 51.05375182904282 56.27786775048299 129.0810674216052 25.56427083177513 25.943847321069782 73.5396667058685 55.40771178075358 23.031320024436965 43.43759647323308 64.29882360714488 34.00790526704264 78.10327561263173 55.755977885058975 50.021788876620256 80.82358096943457 83.873662614563 40.984966087390696 72.72084160062305 62.79887411371292 68.37158683921515 59.511541822222654 38.049343971053986 127.56856334513809 21.855822039396436 0.0 75.97046648746225 20.260220675149956 40.85012649075517 44.70032447421487 61.93358449055032 25.988539038001168 75.06204364659403 53.79306222517141 78.90111150804435 62.73758117949306 47.38494803068721 33.96134597022302 25.6928638536333 27.669188614096708 38.337387193044 52.65583564677832 68.36833558846119 84.70260980134353 75.55978969143989 58.50010635332078 41.640798124432514 25.384300137976236 12.38879810641477 16.16523874004487 31.110457542403296 47.677239784222955 64.63041712962197 81.72989320441896 74.78351045798222 57.49859278899688 40.22830435716536 23.005615241367693 6.238089151215588 12.136010148601919 29.229527721795407 46.47753652889571 63.75477296009717 81.04254630151986 76.65025712540096 59.89560034690193 43.57081780782431 28.42642411550214 17.788176173684935 20.578849220119707 33.60462853399903 49.333206693130236 65.85568848902675 82.69758358072531 80.97742417990415 65.3180122612369 50.73707852656006 38.48075443445119 31.400552528770934 33.014085618656 42.33879913520576 55.623078735409614 70.66815956680084 86.56072768746039 87.40027248516404 73.09553900402533 60.380557423923314 50.47147024063373 45.250752509526734 46.331367324462896 53.33164440244793 64.34777923250185 77.68984998366858 92.35525209469175 95.49680462873287 82.5652035834925 71.50582183021592 63.30757326795952 59.17188247266941 59.945567663870776 65.45477106075266 74.65841942781003 86.38361356679374 99.74504678676017 104.88001851766195 93.2125888319203 83.52270741046459 76.56491424916781 73.12330025005689 73.69216708537809 78.18402295097708 85.98624834508882 96.29753822607913 108.4042634592135 115.23591699843476 104.67880726732301 96.09716611506316 90.05750662998832 87.09029903791284 87.5086418238009 91.26599105024442 97.97895882218067 107.09317504803028 118.05378618099517 126.32538148399904 116.72265559521716 109.03631626398175 103.69340294151488 101.06626033091558 101.36626537334405 104.56822724398597 110.41998078510754 118.5297168562404 128.4705375264914
54.74749019372428 160.16766334154815 159.0032077578312 15.604565679996185 138.46051563824784 144.598805217435 15.6429000447317 24.946705775132173 85.8581114276648 175.94960152517135 96.97213490858913 96.02557604720405 5.224329249476752 45.83959726220084 63.445629729103175 60.558816965286695 19.771584932098154 62.86496403404674 100.84497810138556 40.80606252162542 42.217878033216365 136.63553591480897 144.1409269868804 44.30509348194088 132.39800560913852 138.06293932070804 9.850708182715145 17.247905911141935 52.250896174497406 175.86904262669097 87.92207512816219 75.97046648746225 0.0 81.69502403379326 69.030249216279 59.112180103724384 17.866772021478305 67.6436987700929 92.34374134925963 54.117716666083496 154.0296935780252 137.20121268533615 120.50687539346195 104.01129394582497 87.82653082126845 72.16202436677384 57.44496498612736 44.62284438317183 35.793581499272705 34.20337277809968 151.51465548709427 134.38467955133112 117.30517888370804 100.30194171566289 83.42161383697882 66.75749712729865 50.52398256853914 35.319878692571734 23.259975742514026 20.815156416731636 150.26465545033736 132.98025538960184 115.70109495749385 98.42993360891788 81.1718774648541 63.93753949840195 46.75315634351676 29.705550055307782 13.330235749351004 8.466644625673261 150.3112752782521 133.03269088164262 115.76107959713624 98.50010961739255 81.25656268050743 64.0445134382482 46.89865417382711 29.93294445889965 13.82721604427903 9.225832319360702 151.65331852776632 134.54028191037548 117.48258304182886 100.5084006715274 83.6685802359903 67.06441275163499 50.926918448371985 35.891196880630346 24.1146517781323 21.761577912266127 154.2569592842994 137.45513579748203 120.79456482800755 104.34293024705332 88.2172033051463 72.63477467088583 58.03493508408376 45.37625541253998 36.72414854993215 35.17142710519066 158.0598286422664 141.6903882875972 125.57119452408578 109.81250254074509 94.59465414957401 80.22601531180214 67.25310797236116 56.64317780009689 49.92615257570729 48.73903867724357 162.97794875169407 147.1320011658632 131.65308336626774 116.68734960757548 102.45992076686431 89.32428435629672 77.83517710873838 68.82220879385186 63.35118514407909 62.361394334705906 168.91386515634284 153.65178370618938 138.8687608342544 124.73524017656568 111.4984881329091 99.51698788935917 89.29744795092891 81.5053547467715 76.88235691292488 76.00892096998241 175.76440852372824 161.11881489030145 147.05132396566202 133.7444780564 121.44856155871638 110.50156091015997 101.34155607778243 94.4896882177608 90.47190468743896 89.66997303114032
27.39601425006001 91.19070835366395 81.8895027437415 93.62271464411889 62.00971152957212 63.54950295243527 93.85544647515354 58.203900479456955 37.83540953397492 109.81392917708071 16.75400917165319 15.116646292435371 80.47296110149668 49.395495284396674 18.394032475051674 62.058648269341305 74.39010377500007 52.97087965933099 59.08761900562058 70.67939689716782 46.35373218778292 62.50502501885787 66.99053056122526 39.36526341541684 55.36198409387194 58.73480518077683 72.72345292143473 64.45161722786999 33.023931525446166 108.49176991055376 6.523912758205926 20.260220675149956 81.69502403379326 0.0 26.810639876722888 63.08843687442395 70.99388026603778 45.618518569030485 57.11600828848286 71.28423298371857 82.39910742707438 68.48955264769631 56.486534454863175 47.847070583683866 44.571959662179204 47.777409398274195 56.36848361861201 68.3435064800962 82.23726434084759 97.23067545828432 75.61229388336977 60.194117951209066 46.13191625652775 35.0953639545004 30.560177629771026 35.14076485373787 46.20098769845673 60.27352807115285 75.69659252523486 91.79193355398736 71.02691564566268 54.350825711307294 38.2349842739527 23.843826180834387 16.548544620295434 24.039402420973705 38.47913286523919 54.60866891755763 71.29012577768341 88.2109381164477 69.08280375876205 51.796424999505184 34.525629359543736 17.317104117091827 2.541393263217742 17.656410643759614 34.86764354398533 52.13894770884775 69.42550498518148 86.71819410650615 70.00039970372038 53.008564130889305 36.31077994354073 20.633723981857486 11.477863345495907 20.891268151199156 36.60412243613997 53.310331363027686 70.30529167213258 87.42076183898989 73.67284083230929 57.75054221452186 42.91005925578203 30.759253146664808 25.489223850814966 30.854170228238115 43.04613243950742 57.9022419692709 73.8314305809611 90.26738651153475 79.72026594315751 65.25729004396953 52.539632066362486 43.13951672793066 39.500997474780384 43.10853316503674 52.4887454023467 65.19583643338402 79.65319651173346 95.06562087641484 87.65239702535915 74.69980597523669 63.84260994933412 56.30627142436956 53.512737573211254 56.17409979500504 63.60931863550964 74.40067789301038 87.31251828099934 101.53910749004329 97.00790816097324 85.43856021847378 76.07661982830724 69.81581327312166 67.52432648954898 69.59534998266606 75.67154020470609 84.89724636818372 96.37216439784702 109.39075320139733 107.41541222544251 97.04405707373665 88.85779741357295 83.50178577512668 81.53569287716016 83.20018700259284 88.2901689910627 96.26379216657344 106.47517242178655 118.34647404837511
27.768077523319473 91.65965007303778 90.34754095831164 83.39025220794213 69.87769244182464 85.32209860483543 83.54430452408272 50.51514570656523 19.851276473150993 108.33314391489823 42.45976506185699 40.3411811040124 69.48068869980189 27.00455959384879 19.547128034072646 71.98078525285047 68.36191873814275 64.69295626430885 40.938807625012686 72.52295119941465 27.357424472179964 67.68083105846752 75.66891938386219 25.474535360279113 64.11050440604758 82.73927071476324 59.22011282617553 52.77087036399039 17.566493857876885 107.90282816106206 32.36519018344369 40.85012649075517 69.030249216279 26.810639876722888 0.0 72.3648440644708 63.91743618871588 59.98051726601287 35.79583022346743 77.83310349589775 108.70593166330627 95.22844645283713 83.17829100946507 73.26317508485417 66.44585163049611 63.728354926252834 65.62201529743739 71.76272158388153 81.1924945652395 92.91527207738918 100.98141481768386 86.3489389079713 72.8953619064822 61.400567991446465 53.150984349335 49.78680498368652 52.26017785326439 59.85171554422269 70.93680950942745 84.14591765766858 94.73906569464783 78.99352663578823 64.05600069186282 50.64654471589481 40.3197352610853 35.846853478222194 39.28129389385724 48.987248224076986 62.090162022749055 76.87218771582035 90.28693330859144 73.62057061611414 57.33199593910512 41.86452373881847 28.58373989573782 21.91194363881787 27.23871529085789 40.0309030177709 55.3327211618604 71.5517862456009 87.89753797186577 70.68369322359669 53.52667641208954 36.506697762379616 19.977141164329154 8.009160410739545 18.108573264366157 34.502282455753765 51.4937652288076 68.64052384717674 87.73959891469845 70.48809491656708 53.269308792580965 36.13004872033229 19.2835424352508 6.086298069986928 17.347751052164774 34.11098556132818 51.233657222446354 68.44654378294695 89.82488982022215 73.05580007584393 56.60830916805219 40.8725220372936 27.117099719933034 19.97054795140043 25.710311598084505 39.011909824949534 54.60356895497694 70.99212650523172 94.00421656210061 78.11475156692151 62.97415384115217 49.27759785658637 38.59439347840801 33.90399275031915 37.525220850473126 47.597391045529704 61.00482790533061 76.00246298672923 100.01535852524098 85.22237994485427 71.56352774646234 59.82077666940802 51.32654768317616 47.84355788243564 50.4212249226375 58.26058850194519 69.60599672755968 83.03249813217818 107.55153088273569 93.9146005891133 81.67782720962565 71.56310192575646 64.57540168478391 61.78496819135242 63.74540714645237 70.0590209486785 79.6978716548414 91.61839292452316
44.601491623709926 154.26257370616239 143.0595664532922 60.15160235560137 124.07725944121474 111.34402402013774 60.49227127509781 40.77241500083895 91.80466008223063 172.8957131514725 69.96198539575136 70.56118955804448 54.40254232964701 69.8411959204987 53.855148355514906 1.8768284247818832 39.93791750534861 11.00797840085012 113.30205806765255 20.117839199283164 62.47707018842461 125.2579736045915 128.57359409448796 54.683668528271866 117.37873731260423 101.40061807522738 57.02907191172682 50.17276451317386 58.72551469031101 171.5764848252754 66.20596130651587 44.70032447421487 59.112180103724384 63.08843687442395 72.3648440644708 0.0 41.26344453560472 19.766636223618736 107.75804028679592 10.262912749422256 106.92035348145738 89.65325677087847 72.40279224633915 55.18455956995779 38.042349023421615 21.16172105332348 6.8651271720413325 15.657423755829893 32.27837171671326 49.36947495289582 108.6608936823846 91.71267830600377 74.92631400189822 58.44143495381886 42.6094089463148 28.538285929977995 20.298212204066903 24.663995932183774 37.460907541085 52.88703162441957 112.15324082652076 95.80627480262393 79.86265142399797 64.62160498466476 50.72049395114017 39.59663016118477 34.087030836842146 36.80578976358241 46.32617604182885 59.46655321136273 117.24090491971089 101.6886239123512 86.8010659002216 72.98613711784843 60.97728875035427 52.04023095134465 47.92539925626669 49.84179483726141 57.18625266294195 68.22780105555029 123.72717642321551 109.0706217631545 95.30520328097113 82.87616007067015 72.47433296764726 65.07914309411012 61.779897122942224 63.22113101768852 69.10688838121501 78.44302092672994 131.40502369627413 117.67027187020129 104.99519535773562 93.81031261010554 84.70799250372849 78.41682711431785 75.64151700147546 76.7643468867756 81.62460628165782 89.61625570798323 140.07854920291416 127.24081628226203 115.5730288539335 105.46420700303513 97.40096103202667 91.9231730993671 89.50679631883814 90.39766431689323 94.50229167939449 101.4312715245678 149.57452844758305 137.5796651559873 126.81660033267126 117.6239649403865 110.3947702143408 105.53328672948811 103.37410256245637 104.08552593374898 107.61063838109935 113.6880091823895 159.74623537946036 148.52632909571832 138.56380218630503 130.14772470097296 123.5944146864957 119.21146995152436 117.24255168011634 117.80875778732195 120.87446805962014 126.25773946927232 170.47262354076474 159.9559280940625 150.6967541069176 142.93968545175989 136.9402237123508 132.93654606532945 131.11161239996494 131.5561239540264 134.2475393098433 139.05545328517593
43.63388322877442 155.40523936930748 151.32771444657448 23.39880680516812 130.87518178975645 132.1510251487538 23.681846235921892 13.481201354509281 82.72122823094033 172.25056993150127 84.92619477743085 84.31639333457306 13.405447127108328 46.29024570685324 53.687619357133265 42.69594959531229 4.872318127961983 45.21621240131894 100.52067809254773 23.61202958644998 40.4027513387218 129.86651985774654 136.33054788243564 38.531284049498055 124.50966372917503 124.7056401074918 17.356181885320467 14.619406390925432 46.350979421190125 171.79775327089467 76.77513753127856 61.93358449055032 17.866772021478305 70.99388026603778 63.91743618871588 41.26344453560472 0.0 50.49901597367379 92.73133983120674 36.759233172584274 138.4667161066973 121.42005246754925 104.45735012986924 87.62738176084088 71.02456797205586 54.85555268419604 39.6545741160122 27.10258326715322 22.255919989981685 29.237187157291213 136.87931471895942 119.61500155785198 102.36339019283191 85.13220283888586 67.93698199794635 50.81425331679918 33.87412599125188 17.650431654119846 8.621619213537056 20.876785014255294 136.7170946138369 119.43018573262522 102.1483628516106 84.87473279521957 67.61557487384206 50.38576315437862 33.23097585760973 16.388527966911568 5.619911571346524 19.83170259689992 137.98508467068473 120.87303990414408 103.82394605195591 86.87487315695223 70.09841091234918 53.65671116502136 37.98697023851302 24.610749217115448 19.159328287791933 26.966322666258623 140.64458999218664 123.88668672573974 107.30158388515883 90.98382803233892 75.1078712620283 60.025294590594726 46.51438443155867 36.37098061183491 32.87577840280582 37.91429392499911 144.61882529875453 128.36049539017347 112.41410878209092 96.9337395367559 82.18315398592753 68.63450057394871 57.14911609706613 49.19401593841242 46.61312979775868 50.241610910516236 149.80313457568877 134.14839707936673 118.9508362608865 104.41027800932267 90.84275733373265 78.75279465305604 68.92238004710869 62.42821459345947 60.3569812343493 63.145420186998905 156.07691141889555 141.08868236435478 126.69142397971794 113.11102570123356 100.67858743399765 89.87178872302667 81.34116705239715 75.85854675382998 74.10357199876786 76.33378190314352 163.3145631363828 149.02033710632003 135.42950514418754 122.77587918980345 111.37934195438439 101.66353709509377 94.15023841225275 89.39650815293552 87.85146330923091 89.68109722841416 171.39392844744233 157.79383098451274 144.9847244624725 133.19500892547921 122.71883850496317 113.91917789752078 107.20964373701945 102.99951056614177 101.59996797847842 103.1255092566875
33.76777799047456 136.18702115655577 123.85342978157803 72.635595118832 105.22746408495573 91.6767667811994 72.95965472770733 44.48301263948586 78.23570453018932 155.04867052907906 50.62418752223744 51.395790080792715 63.77642576571235 64.59311715667346 40.46437699788073 18.214684411541906 50.986882470282616 8.77699787115926 100.18754687988418 35.73642499970937 57.586026276926134 106.78631938063683 109.53399653133737 48.49550730170354 98.54310944548673 81.93360422802567 62.80369138870012 54.445001788165314 49.928209835661896 153.55380079997306 47.83851421024839 25.988539038001168 67.6436987700929 45.618518569030485 59.98051726601287 19.766636223618736 50.49901597367379 0.0 95.74727494183055 29.754278357858254 89.74354352852734 72.4603258265698 55.18883553404961 37.9450899484235 20.798213136281962 4.90051252523858 14.63481845591262 31.671033048269994 48.89421532585302 66.15850501027795 90.25387489629176 73.08855291810721 56.00735929746082 39.120648221149416 22.86348689449876 10.66611656959074 17.42142779304806 33.044808124588315 49.79081878820307 66.82069306111283 92.92686511873572 76.35008211209251 60.18287596886435 44.87017745607718 31.67645551094364 24.334617036295352 27.92239392764177 39.570915111648404 54.32094721789891 70.24517089622871 97.58492500659558 81.93099080965591 67.09145553367728 53.745195510157785 43.295902341421176 38.199879097938265 40.529407238099985 49.24166349209774 61.68919257239532 76.059700375887 103.96150842864897 89.39787790099433 75.99122467176403 64.46745067699918 56.0012364367359 52.10494299204137 53.78114913358021 60.56896264749399 71.01751042030236 83.76798106830934 111.76277033253311 98.32190336487987 86.26800547342495 76.26160956917934 69.19674601303262 66.02452925019631 67.29769316942267 72.78332768157578 81.63662358269109 92.8997097432095 120.71270989274683 108.34348895994151 97.48716388835663 88.70098589806359 82.64783681015267 79.95090502079 80.9463510737889 85.50531296300413 93.10578710063973 103.07715019307807 130.57522732087787 119.18597099660701 109.35891245908698 101.54859992312691 96.24725928277081 93.88089291210511 94.6698449883942 98.53835500879275 105.14706665805089 114.02049906229023 141.15904643963128 130.64499077215072 121.69226513996277 114.66716067006966 109.93982280552503 107.8129310547491 108.43960590445401 111.77354211406983 117.58468380805732 125.52946895653173 152.3137434015008 142.57182194280927 134.36001357315305 127.97321179241621 123.69443593209563 121.74614934538245 122.23983449111769 125.14659503332902 130.30504294145084 137.4619185013893
63.25783919868795 74.24111634168251 83.66404383514707 107.8784099724947 66.15803410299046 98.65668069702687 107.94321008949812 80.32721624218084 19.339840147260354 86.80422922655703 68.16844799459207 65.75890563388536 94.45631551617066 46.915270684321925 55.2832793166068 107.47842011678226 97.54393047830945 100.43549477576418 9.039321433037411 105.77573480565796 52.32860874371456 60.937871012344246 71.76031127361463 55.96837806276642 63.023972593086405 100.35366368079465 82.85666787394209 79.15315470733609 49.79785156665641 87.4856344221925 60.329800595527296 75.06204364659403 92.34374134925963 57.11600828848286 35.79583022346743 107.75804028679592 92.73133983120674 95.74727494183055 0.0 112.53400472787119 130.98919705110706 120.43867861763123 111.58604703805513 104.86220245794804 100.69449905588421 99.40496869543634 101.10380056224771 105.64693180742462 112.69088222862912 121.80254799808749 120.49803267496478 108.99155850557837 99.18276804134415 91.6185616120683 86.88715608505737 85.46035723478049 87.49997217366872 92.77766599518343 100.7860267582907 110.93524587105385 110.81368905397078 98.23091447513126 87.27909203583404 78.64258214346094 73.14615518090805 71.51749982683806 74.01239097236478 80.24714154132063 89.4430651619421 100.7928993386502 102.16601760245331 88.40794879000866 76.11000584733102 66.09234369835784 59.51772950868 57.57794439881464 60.71883201735687 68.24244109706073 78.90489399928818 91.61676239509416 94.8391617422257 79.86954742965071 66.04942752465432 54.26429221234041 46.10210630397081 43.645151683539474 47.781780929305334 57.09642874575138 69.53855064363233 83.72527777753679 89.15945626412463 73.06757630111532 57.68051715034701 43.7484022341046 33.15889962733674 29.728973042178932 35.592419684344875 47.41875290442901 61.878632840224114 77.51194465636085 85.45604837654619 68.52122730491317 51.829464346738206 35.72310951546315 21.55690442387395 15.873629047523467 25.25780009920243 40.28217010631489 56.622101576992634 73.404250158935 83.99082405383706 66.69345897596557 49.39929153924708 32.113488263433005 14.865256196148646 3.0641711072046767 19.912710434214812 37.18005538679356 54.46935459282309 71.76474239079508 84.8797923590721 67.80450485436207 50.8825655202708 34.341417225744536 19.19227104850388 12.49265651134263 23.291683777854875 39.08518219847522 55.78094002026727 72.76048336401833 88.05166629265858 71.71789650202884 55.968988298915484 41.47660611195633 30.113124859588005 26.30593001510496 32.80112574325507 45.37109186466695 60.33132134164431 76.28834067851983
50.28586616215366 162.39721793831237 152.11038157257104 52.89460734784346 132.85068663804475 121.42908920773856 53.2366456473657 39.611609902319515 97.58111492650556 180.83495728530264 79.27765545141926 79.73680430540759 49.101526981495844 71.8211222660677 60.27620632898009 12.075933411710944 34.37484681935417 20.992319150445898 118.62477124486489 13.322436020136394 64.5281548739705 133.74057599627162 137.49532204297265 57.706582689033006 126.15472536960343 111.58575233091594 53.67044549109293 48.00421369058815 62.83295135972589 179.6435168576149 74.87700364173774 53.79306222517141 54.117716666083496 71.28423298371857 77.83310349589775 10.262912749422256 36.759233172584274 29.754278357858254 112.53400472787119 0.0 117.02490189012032 99.77877022886449 82.55599038640416 65.37502078998614 48.28051752235656 31.41395606245591 15.536348769822713 9.727942487521979 23.379495959564903 39.96601095861419 118.91084781058382 101.9741440710441 85.18435011876772 68.64934133343168 52.609901541018694 37.70387949707471 25.962943447717052 22.91893213464675 31.228057613356732 44.98685173236603 122.3911941903345 105.99383175774014 89.93601858384669 74.43782385062015 59.93495568995179 47.35098014466724 38.61008729612542 36.57963196460662 42.23869341759218 53.186954057019804 127.33522566481399 111.64089720019886 96.49777919893984 82.21103383050371 69.31225005318267 58.723276155457725 51.878314820653024 50.328889975136526 54.52830471365551 63.34331926118584 133.58045469666115 118.68319634304356 104.52921973396148 91.46424399492247 80.02344374509796 70.99639875632413 65.3905130157208 64.10961875766647 67.40074710848862 74.66171490771144 140.95394855885698 126.88854398449791 113.71927452158361 101.79453828615763 91.60167289296523 83.77522756750699 79.02148351484999 77.90497279196975 80.57703482089975 86.68803908957734 149.2885256924754 136.04655641634633 123.81009418269011 112.90653493518211 103.7569474417255 96.85966630337087 92.71870401142564 91.70819753009414 93.92923516380515 99.1649194327626 158.4324716820575 145.97792741727267 134.59911366522073 124.59111687544004 116.3083415274253 110.14069690314766 106.45644565442973 105.51604347435132 107.39159623424169 111.94165156424448 168.25376024236772 156.53540091449682 145.931419709987 136.70139134346675 129.140253798972 123.55477946250757 120.22065349394242 119.32674112397765 120.92716977772685 124.92611118494155 178.64058101462268 167.60056388930386 157.68978186017327 149.13353764093733 142.1765918034412 137.0626897717767 134.00300393059337 133.1392341212756 134.5136897405021 138.05953881466937
102.53225617669166 117.05038280861787 91.30268051176562 161.52207829836289 86.17080672277908 41.33066083493742 161.8314316407806 129.14803067984502 113.10648668281209 134.25456566565094 66.24889312860542 68.40768971002785 151.04984012876238 131.25921601827804 98.18714869397887 105.05308272643342 139.82306115246237 97.45172612927026 128.7670132687848 125.33836233838515 127.17530347383939 92.46228317163646 85.44477060934591 118.80478815984563 82.86851703970576 32.9601307427527 147.00168985347761 138.11743490358688 114.09647207036356 131.05974617713923 76.40421757796412 78.90111150804435 154.0296935780252 82.39910742707438 108.70593166330627 106.92035348145738 138.4667161066973 89.74354352852734 130.98919705110706 117.02490189012032 0.0 17.301930585891526 34.60386117178588 51.90579175767881 69.20772234357318 86.50965292946472 103.81158351535905 121.11351410125201 138.4154446871464 155.7173752730379 14.273158122067928 22.408696249837586 37.40707011768865 53.806511913383886 70.6378450696884 87.65262226642709 104.76149973408344 121.92487057658218 139.12256792443495 156.34326448173894 28.546265673844395 33.32454629578916 44.77578681727379 59.143269961539225 74.76423794618766 90.9954161857329 107.56091230116948 124.32716332434735 141.22268522556516 158.2060672066715 42.81927208470929 46.09203098851991 54.901413176263894 67.10111479027503 81.17671237833649 96.3092012631054 112.07127398225848 128.2309761503434 144.6551092252998 161.2628989977158 57.09212678338561 59.531378942721375 66.53688297022902 76.87018986724787 89.38452306236499 103.29016126255169 118.09665296475117 133.50460308943212 149.32794857896513 165.44754752783285 71.36477919761118 73.27369589248786 79.01788325789705 87.84819750085569 98.94177226103011 111.62585433518223 125.41880631391945 139.99325398315926 155.12908787799913 170.67702016178032 85.63717875381 87.1756715229221 92.00079660311631 99.63620323462439 109.49555681927438 121.03659975118865 133.82495112110578 147.5366196973306 161.937235697675 176.8585875835554 99.90927487676399 101.17135464497507 105.29998731114185 111.9785523529857 120.78480690065687 131.29130778391456 143.12410681130984 155.98165574589768 169.63109512657363 183.89617848724092 114.18101698928432 115.2264421594825 118.80913609608828 124.71061775837812 132.6216990433975 142.20738885534763 153.15357437457604 165.19002013158308 178.09581035141815 191.69544095224427 128.4523545118838 129.3213997815609 132.4638592253841 137.72420287389303 144.87191104360804 153.64380122803752 163.77911098268245 175.04116436508846 187.22674418142086 200.16725689836332
86.62047871079025 116.40286944641505 92.5473689545814 144.39435917934316 83.63883064900025 42.48357774890912 144.7060249840811 112.38841069113377 101.82552297868884 134.6277947920729 53.27708139040602 55.59991126321293 134.10989528920697 116.38811418492138 83.09974057330825 87.78828507935549 122.68082132318548 80.1498965237093 119.2180276083632 108.03783459603304 111.88666524540656 89.2974521202505 84.10784023483404 103.2482693353303 79.21605672666271 31.01068323108172 130.3923899822532 121.51271289054397 99.03525246590422 131.70810660374332 62.935180087732164 62.73758117949306 137.20121268533615 68.48955264769631 95.22844645283713 89.65325677087847 121.42005246754925 72.4603258265698 120.43867861763123 99.77877022886449 17.301930585891526 0.0 17.301930585894358 34.603861171787294 51.905791757681655 69.20772234357318 86.50965292946755 103.81158351536045 121.11351410125484 138.4154446871464 22.408696249837586 14.207970976844209 22.36729358692858 37.382319577436505 53.78933372916444 70.62478064038352 87.64211013773217 104.75271791069079 121.91733659048562 139.1159754459505 33.32454629578916 28.41589145188692 33.21310015797055 44.693028439595786 59.08073454154051 74.71485281147861 90.95490586570992 107.5266953135818 124.29760714740988 141.1967057456475 46.09203098851991 42.623710923003614 45.910683032947325 54.749480104682306 66.97704829501926 81.07434302022625 96.22306306231295 111.99737186592345 128.16649099984352 144.59803662487263 59.531378942721375 56.83137888742419 59.281733258792286 66.31394947173088 76.67759526240974 89.21919670112588 103.14734232407135 117.97195056614484 133.39447415491765 149.22964876983932 73.27369589248786 71.03884484141027 72.9567627867381 78.72451834995566 87.58481110058176 98.70834450154607 111.41931701935894 125.23529824831508 139.82912586542542 154.98121738761475 87.1756715229221 85.24605827993223 86.7920565335801 91.63792654008742 99.30174198711823 109.19175893876681 120.76225550741341 133.57725242730115 147.3123221300989 161.73322481754803 101.17135464497507 99.45296869634662 100.72143736281777 104.8684313143103 111.57344131909122 120.40989456069457 130.94700296815208 142.808814297948 155.69284592137058 169.36597082716054 115.2264421594825 113.65952558207304 114.71047309544922 118.30954153956465 124.23547279089719 132.17567052112574 141.79214771073427 152.7686765082055 164.83377683176522 177.76594031953786 129.3213997815609 127.86567842627224 128.73955194272122 131.89672469887176 137.17963760847053 144.3550941172161 153.15732647930244 163.3235235427169 174.61561573755264 186.82956511819145
71.35865739324296 118.30938672338979 96.91503582309784 127.31375202333703 84.64147524582788 50.001906017235946 127.62823485853664 95.82173599227156 92.42552732297516 137.19920918511747 43.43598781387758 45.84532123741384 117.27567227082208 102.28439989884252 69.05882717505526 70.54168422712057 105.5906788757318 62.84812251370527 111.5508574593852 90.73784176369064 97.27482815580694 89.42857938217901 86.29094736194587 88.34327713308588 79.25818110343847 37.89015348697105 113.98929828012511 105.13305880395791 84.83311670706104 134.59577570550633 51.795498530168295 47.38494803068721 120.50687539346195 56.486534454863175 83.17829100946507 72.40279224633915 104.45735012986924 55.18883553404961 111.58604703805513 82.55599038640416 34.60386117178588 17.301930585894358 0.0 17.30193058589294 34.603861171787294 51.90579175767881 69.20772234357318 86.50965292946613 103.81158351536045 121.11351410125201 37.40707011768865 22.36729358692858 14.142679045357772 22.32593871086207 37.35762744908348 53.77220228408961 70.61175375868221 87.63162910611061 104.7439625524921 121.90982562150107 44.77578681727379 33.21310015797055 28.285307659750636 33.101614870394776 44.610367124195996 59.01832319843222 74.66558619315674 90.91450225411432 107.4925734582983 124.268136089515 54.901413176263894 45.910683032947325 42.427835411896304 45.72916325868473 54.59758493127564 66.85312963224918 80.9721579069341 96.13711314358697 111.92365006478563 128.1021745191834 66.53688297022902 59.281733258792286 56.57021186987815 59.031785623947705 66.09094058166346 76.48510318955854 89.05407044356677 103.00476583438706 117.8475030519945 133.28459789126939 79.01788325789705 72.9567627867381 70.71238660082815 72.63940405889038 78.43094699154645 87.32143431284678 98.47507986826085 111.21303358559587 125.05209051654312 139.66531732684285 92.00079660311631 86.7920565335801 84.85430917060957 86.40789719813726 91.27471619995745 98.96717204233026 108.88804650517929 120.48813387897007 133.3298629073621 147.08838323387104 105.29998731114185 100.72143736281777 98.99592914349992 100.27086045082548 104.43640337546883 111.16809195962593 120.03496330103546 130.60285442225617 142.49380398588204 155.40440208216705 118.80913609608828 114.71047309544922 113.13719608187365 114.19373152052135 117.80934674961343 123.75995606704565 131.7295029601542 141.37697073266273 152.38400321007532 164.47787599089247 132.4638592253841 128.73955194272122 127.27805954588565 128.15682043198623 131.32886498651982 136.6345670295528 143.83800960886012 152.67080624571634 162.86807888513323 174.19035887718672
57.268800541677926 122.6508908645465 104.01300626763026 110.30214527500604 89.0594405415358 61.59733927713764 110.62011691482635 79.56861517780534 85.52894389300567 141.8493144600935 39.16157234456282 41.363535296188324 100.60025884346112 89.31236089008947 56.845231560660345 53.330936984143236 88.58279214850647 45.54646745669945 106.17396472941428 73.43876186911045 83.69502263060564 92.84170062392093 91.74314823090346 74.48198555119403 82.98926437720066 50.08366988331627 97.89612398560566 89.10268123326023 72.00023831207157 139.58384414124856 44.75952177758413 33.96134597022302 104.01129394582497 47.847070583683866 73.26317508485417 55.18455956995779 87.62738176084088 37.9450899484235 104.86220245794804 65.37502078998614 51.90579175767881 34.603861171787294 17.30193058589294 0.0 17.301930585894358 34.60386117178588 51.90579175768023 69.20772234357318 86.50965292946755 103.81158351535905 53.806511913383886 37.382319577436505 22.32593871086207 14.077282809149589 22.284633111075745 37.33299457768667 53.755118128485634 70.59876482977717 87.6211794919814 104.73523392444575 59.143269961539225 44.693028439595786 33.101614870394776 28.15451526051742 32.99009334170501 44.52780585696473 58.9560381703524 74.61643978080359 90.87420668600227 107.45854783303132 67.10111479027503 54.749480104682306 45.72916325868473 42.231646996009964 45.54747499837952 54.445732472907146 66.72936329135099 80.87016075705712 96.05135455130669 111.85011111233615 76.87018986724787 66.31394947173088 59.031785623947705 56.30862765691056 58.78153960680257 65.86786214636372 76.2927201247144 88.88915028958837 102.86243701635752 117.72331490759555 87.84819750085569 78.72451834995566 72.63940405889038 70.38540688356808 72.32162352930075 78.13717556457814 87.05807502950596 98.24198642871605 111.00701155135837 124.86918985687117 99.63620323462439 91.63792654008742 86.40789719813726 84.46193431508496 86.02319763184191 90.91117228259318 98.6325022135823 108.58442923205767 120.21424450247629 133.0827916033478 111.9785523529857 104.8684313143103 100.27086045082548 98.5381595890061 99.81962835737642 104.00391043647421 110.76251368043131 119.66002405528081 130.25887357651285 142.1790870736468 124.71061775837812 118.30954153956465 114.19373152052135 112.61403234100696 113.67622224583015 117.30855889652355 123.28407739231154 131.2832081702865 140.96187078836718 151.9995675746296 137.72420287389303 131.89672469887176 128.15682043198623 126.68950220458268 127.57321044563562 130.7602874987125 136.08900123898195 143.32066995633807 152.18425450980476 162.41279170096365
45.45415188687492 129.18211232086387 113.3294287136095 93.39725026428977 96.42441519354136 75.41206256456445 93.71961089451001 63.86887470454918 81.77165497801903 148.38280953256026 42.18149517145406 43.804062037913845 84.17808701214005 78.03839541717687 47.878420031043895 36.20720750350013 71.71570761516622 28.2451499486272 103.44510170495396 56.141438839823834 71.73576319588207 99.19862220923874 99.93078474985694 62.36425091430517 89.95143041258609 64.65132053991114 82.29488606566674 73.65000096848385 61.401230537631236 146.45786242619428 43.84929027983499 25.6928638536333 87.82653082126845 44.571959662179204 66.44585163049611 38.042349023421615 71.02456797205586 20.798213136281962 100.69449905588421 48.28051752235656 69.20772234357318 51.905791757681655 34.603861171787294 17.301930585894358 0.0 17.301930585891526 34.60386117178588 51.90579175767881 69.20772234357318 86.50965292946472 70.6378450696884 53.78933372916444 37.35762744908348 22.284633111075745 14.01178275052985 22.2433782840141 37.30842180802645 53.73808181168163 70.58581425790776 87.610761614905 74.76423794618766 59.08073454154051 44.610367124195996 32.99009334170501 28.023515218807418 32.878538509794545 44.44534763782584 58.89388169840732 74.56741526337018 90.83402049468404 81.17671237833649 66.97704829501926 54.59758493127564 45.54747499837952 42.035147122274246 45.365621619723186 54.29392758643591 66.60575378273762 80.76835529731473 95.96579033166796 89.38452306236499 76.67759526240974 66.09094058166346 58.78153960680257 56.04662817775995 58.53099880974778 65.64472007111259 76.10045259133219 88.72444226713382 102.72036110685431 98.94177226103011 87.58481110058176 78.43094699154645 72.32162352930075 70.0579081011764 72.0034250495372 77.8432105189824 86.79474121408228 98.00907230488815 110.80125846913936 109.49555681927438 99.30174198711823 91.27471619995745 86.02319763184191 84.0689366072115 85.63796197877345 90.5473015586182 98.29774140324648 108.28091691370844 119.94059707589545 120.78480690065687 111.57344131909122 104.43640337546883 99.81962835737642 98.07966340902357 99.36774555776108 103.57095950941113 110.35671598699412 119.2850878599569 129.91507194977265 132.6216990433975 124.23547279089719 117.80934674961343 113.67622224583015 112.09003821793499 113.15795010794827 116.80718521880998 122.80784667728938 130.8367980809361 140.54686085849903 144.87191104360804 137.17963760847053 131.32886498651982 127.57321044563562 126.10001074312716 126.98872720429358 130.19099971150993 135.54295044571637 142.80308772857057 151.6976853883302
38.09397865627463 137.59157796618885 124.36673987422544 76.66968611076997 106.1246013837643 90.43468100159018 76.99760991804632 49.25455301599987 81.58852887694965 156.56408737415026 51.2214251710345 52.20493152769712 68.19236077196167 69.29630955259681 44.18155578219225 19.402276165094882 55.11883913178249 10.94577073607479 103.57378356213079 38.84821950033987 62.33683435575601 107.98067711519006 110.24607510609246 53.19525802329141 99.46851142782522 80.31140334292465 67.52741418171385 59.228916693989284 54.35888220007883 154.9670629512482 49.40455518327821 27.669188614096708 72.16202436677384 47.777409398274195 63.728354926252834 21.16172105332348 54.85555268419604 4.90051252523858 99.40496869543634 31.41395606245591 86.50965292946472 69.20772234357318 51.90579175767881 34.60386117178588 17.301930585891526 0.0 17.301930585894358 34.603861171787294 51.905791757681655 69.20772234357318 87.65262226642709 70.62478064038352 53.77220228408961 37.33299457768667 22.2433782840141 13.946179352574479 22.202175733148056 37.28390998456543 53.7210938820184 70.5729024463457 90.9954161857329 74.71485281147861 59.01832319843222 44.52780585696473 32.878538509794545 27.8923085007721 32.76695334225426 44.36299548072211 58.83185602661183 74.51851432910468 96.3092012631054 81.07434302022625 66.85312963224918 54.445732472907146 45.365621619723186 41.838337239915404 45.18360652613236 54.14217516910069 66.48230563785576 80.66674526242345 103.29016126255169 89.21919670112588 76.48510318955854 65.86786214636372 58.53099880974778 55.78421536472615 58.28016686964763 65.42152032100176 75.90830716065877 88.55995243216363 111.62585433518223 98.70834450154607 87.32143431284678 78.13717556457814 72.0034250495372 69.7298926690251 71.68481250302489 77.5490583739056 86.53144090262502 97.77634567348795 121.03659975118865 109.19175893876681 98.96717204233026 90.91117228259318 85.63796197877345 83.6753189454314 85.25219441242221 90.18311087076549 97.96289860407566 107.97751942597753 131.29130778391456 120.40989456069457 111.16809195962593 104.00391043647421 99.36774555776108 97.62044398506242 98.91521655470022 103.13755767799654 109.95070848613678 118.9101658558116 142.20738885534763 132.17567052112574 123.75995606704565 117.30855889652355 113.15795010794827 111.56521757723316 112.6389199693526 116.30523302460782 122.33127393960902 130.39028474289293 153.64380122803752 144.3550941172161 136.6345670295528 130.7602874987125 126.98872720429358 125.50958950915654 126.40337595334347 129.6210091679996 134.9964249678987 142.28527562775076
37.88046163725951 147.55850900247407 136.70876049084117 60.26729201244127 117.58347447344194 106.1536115667965 60.60205992319458 37.03374180023497 85.00266879836448 166.14991387959762 63.77065417097044 64.2698928465196 53.03918629993684 64.13002325724595 47.01468548458932 6.3755921421795465 39.13747807831865 6.367487883207352 106.54965748527637 21.56897667693731 56.784156257984996 118.65058499719204 122.15118195622723 48.671071736246404 110.88459225031589 96.5337182902717 54.27855259758212 46.802922914449525 52.32939140313886 164.85843910147344 59.64532030384266 38.337387193044 57.44496498612736 56.36848361861201 65.62201529743739 6.8651271720413325 39.6545741160122 14.63481845591262 101.10380056224771 15.536348769822713 103.81158351535905 86.50965292946755 69.20772234357318 51.90579175768023 34.60386117178588 17.301930585894358 0.0 17.30193058589294 34.603861171787294 51.90579175767881 104.76149973408344 87.64211013773217 70.61175375868221 53.755118128485634 37.30842180802645 22.202175733148056 13.88047309912148 22.161026968940636 37.25945995141218 53.70415488679707 107.56091230116948 90.95490586570992 74.66558619315674 58.9560381703524 44.44534763782584 32.76695334225426 27.76089607408694 32.65534083679141 44.280752413602436 58.76996340177343 112.07127398225848 96.22306306231295 80.9721579069341 66.72936329135099 54.29392758643591 45.18360652613236 41.64121880044532 45.00143315742027 53.99048015890904 66.35902340914055 118.09665296475117 103.14734232407135 89.05407044356677 76.2927201247144 65.64472007111259 58.28016686964763 55.52139115315591 58.02904745853643 65.19826892181642 75.71629045204709 125.41880631391945 111.41931701935894 98.47507986826085 87.05807502950596 77.8432105189824 71.68481250302489 69.40136300629368 71.36578980569396 77.25472571892789 86.26818220453976 133.82495112110578 120.76225550741341 108.88804650517929 98.6325022135823 90.5473015586182 85.25219441242221 83.28108423275421 84.86589913627338 89.81860713526457 97.62798290052254 143.12410681130984 130.94700296815208 120.03496330103546 110.76251368043131 103.57095950941113 98.91521655470022 97.1605047039591 98.46204587886672 102.7037120990221 109.54450088771144 153.15357437457604 141.79214771073427 131.7295029601542 123.28407739231154 116.80718521880998 112.6389199693526 111.03957428956102 112.11913671889099 115.80270969310546 121.854369305881 163.77911098268245 153.15732647930244 143.83800960886012 136.08900123898195 130.19099971150993 126.40337595334347 124.91824285714937 125.81716196334679 129.0503234796869 134.44943523494973
44.91563665047834 158.78989859949598 150.033852964083 44.55068474836799 130.3380036508916 122.30066370398504 44.89207800714366 30.26044072436925 91.61277494586183 176.91212350421222 78.15666539276685 78.3236145934277 39.6840267641362 63.41951793823237 55.384613786541124 17.423014651108815 24.98219381988146 23.664182014782842 112.14629585050787 4.468886285995368 56.228979847571686 130.74697211425854 135.22686223820045 50.06708535081601 123.67491229470171 113.07654499289575 43.9440222412374 38.36234748447743 55.86181614758602 175.89897240612981 72.6155819491544 52.65583564677832 44.62284438317183 68.3435064800962 71.76272158388153 15.657423755829893 27.10258326715322 31.671033048269994 105.64693180742462 9.727942487521979 121.11351410125201 103.81158351536045 86.50965292946613 69.20772234357318 51.90579175767881 34.603861171787294 17.30193058589294 0.0 17.301930585894358 34.60386117178588 121.92487057658218 104.75271791069079 87.63162910611061 70.59876482977717 53.73808181168163 37.28390998456543 22.161026968940636 13.814664474767438 22.119933508868602 37.23507255229009 124.32716332434735 107.5266953135818 90.91450225411432 74.61643978080359 58.89388169840732 44.36299548072211 32.65534083679141 27.629278907944446 32.543704021694104 44.198621478411155 128.2309761503434 111.99737186592345 96.13711314358697 80.87016075705712 66.60575378273762 54.14217516910069 45.00143315742027 41.44379325765109 44.8191049905128 53.83884753503221 133.50460308943212 117.97195056614484 103.00476583438706 88.88915028958837 76.10045259133219 65.42152032100176 58.02904745853643 55.25815748142887 57.777644284356164 64.97497196093585 139.99325398315926 125.23529824831508 111.21303358559587 98.24198642871605 86.79474121408228 77.5490583739056 71.36578980569396 69.07232153595157 71.0463609066642 76.96021921531099 147.5366196973306 133.57725242730115 120.48813387897007 108.58442923205767 98.29774140324648 90.18311087076549 84.86589913627338 82.88623537673583 84.47908038442331 89.4537973432646 155.98165574589768 142.808814297948 130.60285442225617 119.66002405528081 110.35671598699412 103.13755767799654 98.46204587886672 96.6998489578519 98.00823808943697 102.26943000383685 165.19002013158308 152.7686765082055 141.37697073266273 131.2832081702865 122.80784667728938 116.30523302460782 112.11913671889099 110.51311223163442 111.59860527227565 115.29962267602032 175.04116436508846 163.3235235427169 152.67080624571634 143.32066995633807 135.54295044571637 129.6210091679996 125.81716196334679 124.3259751483936 125.2300905304859 128.47895032792772
56.55622278250119 171.03683018456908 164.10271632827644 30.595618043566635 144.04442438759423 138.7264243352489 30.93055020080524 32.536129397109036 100.79200630626394 188.64949014984833 93.53576017850585 93.47332937836593 30.581009765462298 67.3060519957561 67.25499424178474 34.134851889149026 17.75358781820673 40.9652990037267 119.99756301285504 13.169461932335619 60.80834018297584 143.91057924875227 149.16559967902612 56.94958218338435 137.45638640134555 129.8174113457348 38.91913568017844 36.76320043659429 64.04232951761593 187.88619227681983 87.10445221514502 68.36833558846119 35.793581499272705 82.23726434084759 81.1924945652395 32.27837171671326 22.255919989981685 48.89421532585302 112.69088222862912 23.379495959564903 138.4154446871464 121.11351410125484 103.81158351536045 86.50965292946755 69.20772234357318 51.905791757681655 34.603861171787294 17.301930585894358 0.0 17.301930585891526 139.12256792443495 121.91733659048562 104.7439625524921 87.6211794919814 70.58581425790776 53.7210938820184 37.25945995141218 22.119933508868602 13.748753964863916 22.07889687738994 141.22268522556516 124.29760714740988 107.4925734582983 90.87420668600227 74.56741526337018 58.83185602661183 44.280752413602436 32.543704021694104 27.497457973046906 32.43204595626702 144.6551092252998 128.16649099984352 111.92365006478563 96.05135455130669 80.76835529731473 66.48230563785576 53.99048015890904 44.8191049905128 41.246062067584084 44.63662554015552 149.32794857896513 133.39447415491765 117.8475030519945 102.86243701635752 88.72444226713382 75.90830716065877 65.19826892181642 57.777644284356164 54.994516290943 57.525961091693986 155.12908787799913 139.82912586542542 125.05209051654312 111.00701155135837 98.00907230488815 86.53144090262502 77.25472571892789 71.0463609066642 68.74277068474011 70.72652978893316 161.937235697675 147.3123221300989 133.3298629073621 120.21424450247629 108.28091691370844 97.96289860407566 89.81860713526457 84.47908038442331 82.49077528945672 84.0917424222012 169.63109512657363 155.69284592137058 142.49380398588204 130.25887357651285 119.2850878599569 109.95070848613678 102.7037120990221 98.00823808943697 96.2384801441555 97.55379777464749 178.09581035141815 164.83377683176522 152.38400321007532 140.96187078836718 130.8367980809361 122.33127393960902 115.80270969310546 111.59860527227565 109.9858352861965 111.07733057258164 187.22674418142086 174.61561573755264 162.86807888513323 152.18425450980476 142.80308772857057 134.9964249678987 129.0503234796869 125.2300905304859 123.73279075095404 124.64216697701211
70.55852275162486 184.09674012166522 178.73980699991944 22.048389562388593 158.4559133397483 155.3425075359293 22.28924562954557 42.42893307234151 111.90995357054673 201.19141619746006 109.49026711885853 109.26409855289867 29.904578538433608 75.07907845791345 81.10312613957221 51.23990824587464 24.59637793313389 58.26689916282072 129.69464089696623 30.42387391080197 69.51480838770858 157.8746769649365 163.7471429441956 67.66460559169238 151.9595850602308 146.68852903240926 41.19499200364238 42.77970545489785 75.37239285508528 200.65050013292972 102.46976527539512 84.70260980134353 34.20337277809968 97.23067545828432 92.91527207738918 49.36947495289582 29.237187157291213 66.15850501027795 121.80254799808749 39.96601095861419 155.7173752730379 138.4154446871464 121.11351410125201 103.81158351535905 86.50965292946472 69.20772234357318 51.90579175767881 34.60386117178588 17.301930585891526 0.0 156.34326448173894 139.1159754459505 121.90982562150107 104.73523392444575 87.610761614905 70.5729024463457 53.70415488679707 37.23507255229009 22.07889687738994 13.682742055513897 158.2060672066715 141.1967057456475 124.268136089515 107.45854783303132 90.83402049468404 74.51851432910468 58.76996340177343 44.198621478411155 32.43204595626702 27.365434241599328 161.2628989977158 144.59803662487263 128.1021745191834 111.85011111233615 95.96579033166796 80.66674526242345 66.35902340914055 53.83884753503221 44.63662554015552 41.048026688549356 165.44754752783285 149.22964876983932 133.28459789126939 117.72331490759555 102.72036110685431 88.55995243216363 75.71629045204709 64.97497196093585 57.525961091693986 54.73046952610052 170.67702016178032 154.98121738761475 139.66531732684285 124.86918985687117 110.80125846913936 97.77634567348795 86.26818220453976 76.96021921531099 70.72652978893316 68.41271288315473 176.8585875835554 161.73322481754803 147.08838323387104 133.0827916033478 119.94059707589545 107.97751942597753 97.62798290052254 89.4537973432646 84.0917424222012 82.09470688750076 183.89617848724092 169.36597082716054 155.40440208216705 142.1790870736468 129.91507194977265 118.9101658558116 109.54450088771144 102.26943000383685 97.55379777464749 95.77640166553627 191.69544095224427 177.76594031953786 164.47787599089247 151.9995675746296 140.54686085849903 130.39028474289293 121.854369305881 115.29962267602032 111.07733057258164 109.45774734198928 200.16725689836332 186.82956511819145 174.19035887718672 162.41279170096365 151.6976853883302 142.28527562775076 134.44943523494973 128.47895032792772 124.64216697701211 123.13869403964064
98.26278138455854 102.87465515677707 77.03305411093264 160.21042754998604 72.4075263980163 27.271010938879705 160.50566926135588 126.5779516495447 103.31545600097648 119.99480016099774 58.92970527380981 60.84427047253265 148.94659346791883 124.99687156136648 92.62240215337275 106.83504760603174 138.70814619880858 98.50852408006244 117.62675508302463 125.95382872373946 121.5640498311512 78.82071030691542 71.43875712825836 113.70757067397005 69.43433102580799 20.396021094824867 143.87036592820655 135.0329535697416 108.27720577017588 116.79223462913214 69.27667899884487 75.55978969143989 151.51465548709427 75.61229388336977 100.98141481768386 108.6608936823846 136.87931471895942 90.25387489629176 120.49803267496478 118.91084781058382 14.273158122067928 22.408696249837586 37.40707011768865 53.806511913383886 70.6378450696884 87.65262226642709 104.76149973408344 121.92487057658218 139.12256792443495 156.34326448173894 0.0 17.301930585891526 34.60386117178588 51.90579175767881 69.20772234357318 86.50965292946472 103.81158351535905 121.11351410125201 138.4154446871464 155.7173752730379 14.273158122068015 22.408696249837647 37.40707011768868 53.80651191338391 70.63784506968842 87.65262226642712 104.76149973408346 121.92487057658218 139.12256792443495 156.34326448173894 28.546265673844484 33.32454629578924 44.775786817273854 59.14326996153928 74.7642379461877 90.99541618573292 107.5609123011695 124.32716332434738 141.22268522556516 158.2060672066715 42.81927208470929 46.09203098851991 54.901413176263894 67.10111479027503 81.17671237833649 96.3092012631054 112.07127398225848 128.2309761503434 144.6551092252998 161.2628989977158 57.09212678338561 59.531378942721375 66.53688297022902 76.87018986724787 89.38452306236499 103.29016126255169 118.09665296475117 133.50460308943212 149.32794857896513 165.44754752783285 71.36477919761118 73.27369589248786 79.01788325789705 87.84819750085569 98.94177226103011 111.62585433518223 125.41880631391945 139.99325398315926 155.12908787799913 170.67702016178032 85.63717875381009 87.17567152292219 92.0007966031164 99.63620323462446 109.49555681927447 121.03659975118872 133.8249511211058 147.53661969733062 161.93723569767505 176.85858758355545 99.90927487676399 101.17135464497507 105.29998731114185 111.9785523529857 120.78480690065687 131.29130778391456 143.12410681130984 155.98165574589768 169.63109512657363 183.89617848724092 114.18101698928432 115.2264421594825 118.80913609608828 124.71061775837812 132.6216990433975 142.20738885534763 153.15357437457604 165.19002013158308 178.09581035141815 191.69544095224427
81.54596162476591 102.2069998923334 78.57414182159222 142.9323848595942 69.44686975928519 29.06447233269165 143.22867085075796 109.43916764288666 90.8798211408408 120.48096702983977 43.89113734250116 46.02428116153491 131.74745411908552 109.3104867055554 76.47627963281901 89.9034516949475 121.41445255006074 81.42572012007777 107.14761141467628 108.74799625643854 105.49541028082125 75.15412388797996 69.90603228617859 97.36769776014911 65.10352042614429 17.15668781190894 126.86819016445978 118.01133367645913 92.30306941877579 117.58801865900041 54.10398211926984 58.50010635332078 134.38467955133112 60.194117951209066 86.3489389079713 91.71267830600377 119.61500155785198 73.08855291810721 108.99155850557837 101.9741440710441 22.408696249837586 14.207970976844209 22.36729358692858 37.382319577436505 53.78933372916444 70.62478064038352 87.64211013773217 104.75271791069079 121.91733659048562 139.1159754459505 17.301930585891526 0.0 17.301930585894358 34.603861171787294 51.905791757681655 69.20772234357318 86.50965292946755 103.81158351536045 121.11351410125484 138.4154446871464 22.408696249837647 14.2079709768443 22.367293586928636 37.38231957743654 53.78933372916446 70.62478064038355 87.64211013773219 104.7527179106908 121.91733659048563 139.1159754459505 33.32454629578924 28.41589145188701 33.21310015797062 44.693028439595835 59.08073454154055 74.71485281147864 90.95490586570996 107.5266953135818 124.2976071474099 141.19670574564753 46.09203098851991 42.623710923003614 45.910683032947325 54.749480104682306 66.97704829501926 81.07434302022625 96.22306306231295 111.99737186592345 128.16649099984352 144.59803662487263 59.531378942721375 56.83137888742419 59.281733258792286 66.31394947173088 76.67759526240974 89.21919670112588 103.14734232407135 117.97195056614484 133.39447415491765 149.22964876983932 73.27369589248786 71.03884484141027 72.9567627867381 78.72451834995566 87.58481110058176 98.70834450154607 111.41931701935894 125.23529824831508 139.82912586542542 154.98121738761475 87.17567152292219 85.24605827993233 86.79205653358018 91.6379265400875 99.3017419871183 109.19175893876688 120.76225550741349 133.5772524273012 147.31232213009892 161.7332248175481 101.17135464497507 99.45296869634662 100.72143736281777 104.8684313143103 111.57344131909122 120.40989456069457 130.94700296815208 142.808814297948 155.69284592137058 169.36597082716054 115.2264421594825 113.65952558207304 114.71047309544922 118.30954153956465 124.23547279089719 132.17567052112574 141.79214771073427 152.7686765082055 164.83377683176522 177.76594031953786
65.13543194890377 104.44141577705784 83.73998173978067 125.66091469055048 70.72181778009822 39.29998950570052 125.958515872424 92.36123272585453 80.26762551395343 123.41481965406643 31.286805959936018 33.66234731547994 114.57926552844401 94.19155356502296 60.967552228232975 73.14537210927935 104.12349532802885 64.45990295764935 98.60954450115814 91.57837772868774 89.88576033692225 75.38080938288648 72.58719090964537 81.42624410162954 65.22655527062675 27.77442138466296 109.95955474904231 101.084926119541 76.90556753571028 120.88053930207528 40.66857356864701 41.640798124432514 117.30517888370804 46.13191625652775 72.8953619064822 74.92631400189822 102.36339019283191 56.00735929746082 99.18276804134415 85.18435011876772 37.40707011768865 22.36729358692858 14.142679045357772 22.32593871086207 37.35762744908348 53.77220228408961 70.61175375868221 87.63162910611061 104.7439625524921 121.90982562150107 34.60386117178588 17.301930585894358 0.0 17.30193058589294 34.603861171787294 51.90579175767881 69.20772234357318 86.50965292946613 103.81158351536045 121.11351410125201 37.40707011768868 22.367293586928636 14.142679045357863 22.325938710862125 37.357627449083516 53.77220228408964 70.61175375868223 87.63162910611062 104.7439625524921 121.90982562150108 44.775786817273854 33.21310015797062 28.285307659750725 33.101614870394855 44.610367124196046 59.01832319843226 74.66558619315678 90.91450225411435 107.49257345829832 124.26813608951501 54.901413176263894 45.910683032947325 42.427835411896304 45.72916325868473 54.59758493127564 66.85312963224918 80.9721579069341 96.13711314358697 111.92365006478563 128.1021745191834 66.53688297022902 59.281733258792286 56.57021186987815 59.031785623947705 66.09094058166346 76.48510318955854 89.05407044356677 103.00476583438706 117.8475030519945 133.28459789126939 79.01788325789705 72.9567627867381 70.71238660082815 72.63940405889038 78.43094699154645 87.32143431284678 98.47507986826085 111.21303358559587 125.05209051654312 139.66531732684285 92.0007966031164 86.79205653358018 84.85430917060965 86.40789719813736 91.27471619995752 98.96717204233032 108.88804650517935 120.48813387897015 133.32986290736216 147.0883832338711 105.29998731114185 100.72143736281777 98.99592914349992 100.27086045082548 104.43640337546883 111.16809195962593 120.03496330103546 130.60285442225617 142.49380398588204 155.40440208216705 118.80913609608828 114.71047309544922 113.13719608187365 114.19373152052135 117.80934674961343 123.75995606704565 131.7295029601542 141.37697073266273 152.38400321007532 164.47787599089247
49.33777578164362 109.4002293460439 91.92147606383456 108.39915873017057 76.0195583472615 53.31927331758577 108.69846625587066 75.38551275048582 72.28646411507 128.62898175209423 25.09994090742823 27.327326258276983 97.45838584892331 79.96259549347685 46.73513256032995 56.71482963083993 86.83690917921602 47.73597064233766 92.55132855127135 74.47002553429677 75.02215122678918 79.46745642604391 79.0546445340885 66.17178864819272 69.77988067331826 42.979033449193096 93.1953872648484 84.3110952802206 62.51225776734337 126.47495411574967 31.294316384946065 25.384300137976236 100.30194171566289 35.0953639545004 61.400567991446465 58.44143495381886 85.13220283888586 39.120648221149416 91.6185616120683 68.64934133343168 53.806511913383886 37.382319577436505 22.32593871086207 14.077282809149589 22.284633111075745 37.33299457768667 53.755118128485634 70.59876482977717 87.6211794919814 104.73523392444575 51.90579175767881 34.603861171787294 17.30193058589294 0.0 17.301930585894358 34.60386117178588 51.90579175768023 69.20772234357318 86.50965292946755 103.81158351535905 53.80651191338391 37.38231957743654 22.325938710862125 14.077282809149676 22.2846331110758 37.332994577686705 53.75511812848564 70.59876482977721 87.62117949198141 104.73523392444578 59.14326996153928 44.693028439595835 33.101614870394855 28.154515260517506 32.99009334170509 44.52780585696479 58.95603817035245 74.61643978080363 90.8742066860023 107.45854783303135 67.10111479027503 54.749480104682306 45.72916325868473 42.231646996009964 45.54747499837952 54.445732472907146 66.72936329135099 80.87016075705712 96.05135455130669 111.85011111233615 76.87018986724787 66.31394947173088 59.031785623947705 56.30862765691056 58.78153960680257 65.86786214636372 76.2927201247144 88.88915028958837 102.86243701635752 117.72331490759555 87.84819750085569 78.72451834995566 72.63940405889038 70.38540688356808 72.32162352930075 78.13717556457814 87.05807502950596 98.24198642871605 111.00701155135837 124.86918985687117 99.63620323462446 91.6379265400875 86.40789719813736 84.46193431508505 86.023197631842 90.91117228259327 98.63250221358238 108.58442923205774 120.21424450247636 133.08279160334783 111.9785523529857 104.8684313143103 100.27086045082548 98.5381595890061 99.81962835737642 104.00391043647421 110.76251368043131 119.66002405528081 130.25887357651285 142.1790870736468 124.71061775837812 118.30954153956465 114.19373152052135 112.61403234100696 113.67622224583015 117.30855889652355 123.28407739231154 131.2832081702865 140.96187078836718 151.9995675746296
34.99312402576476 116.73676961783804 102.39831747891566 91.15263594264054 84.58759331459824 68.84846220385036 91.45424369854031 58.600905116267924 67.87094707377267 135.8611612070754 29.662440162164017 30.96969256167651 80.41503787613765 67.19141499685227 35.355507615258794 41.00743766511415 69.55795308556063 31.639837367801718 89.47809274875539 57.47767389858948 61.4483635304752 86.8710133474735 88.48199231785976 52.21001551858269 77.99136538543519 59.34381547881478 76.67051099491067 67.80317376380964 49.99804780002461 134.08344357562183 30.057361275871735 12.38879810641477 83.42161383697882 30.560177629771026 53.150984349335 42.6094089463148 67.93698199794635 22.86348689449876 86.88715608505737 52.609901541018694 70.6378450696884 53.78933372916444 37.35762744908348 22.284633111075745 14.01178275052985 22.2433782840141 37.30842180802645 53.73808181168163 70.58581425790776 87.610761614905 69.20772234357318 51.905791757681655 34.603861171787294 17.301930585894358 0.0 17.301930585891526 34.60386117178588 51.90579175767881 69.20772234357318 86.50965292946472 70.63784506968842 53.78933372916446 37.357627449083516 22.2846331110758 14.01178275052994 22.243378284014153 37.30842180802649 53.73808181168165 70.58581425790777 87.610761614905 74.7642379461877 59.08073454154055 44.610367124196046 32.99009334170509 28.023515218807503 32.87853850979462 44.4453476378259 58.89388169840737 74.56741526337021 90.83402049468407 81.17671237833649 66.97704829501926 54.59758493127564 45.54747499837952 42.035147122274246 45.365621619723186 54.29392758643591 66.60575378273762 80.76835529731473 95.96579033166796 89.38452306236499 76.67759526240974 66.09094058166346 58.78153960680257 56.04662817775995 58.53099880974778 65.64472007111259 76.10045259133219 88.72444226713382 102.72036110685431 98.94177226103011 87.58481110058176 78.43094699154645 72.32162352930075 70.0579081011764 72.0034250495372 77.8432105189824 86.79474121408228 98.00907230488815 110.80125846913936 109.49555681927447 99.3017419871183 91.27471619995752 86.023197631842 84.06893660721158 85.63796197877353 90.54730155861827 98.29774140324655 108.2809169137085 119.94059707589551 120.78480690065687 111.57344131909122 104.43640337546883 99.81962835737642 98.07966340902357 99.36774555776108 103.57095950941113 110.35671598699412 119.2850878599569 129.91507194977265 132.6216990433975 124.23547279089719 117.80934674961343 113.67622224583015 112.09003821793499 113.15795010794827 116.80718521880998 122.80784667728938 130.8367980809361 140.54686085849903
24.76958467980742 126.03649839709655 114.5423830879609 73.93200767276431 95.5501888230983 85.06460308048867 74.23687825518776 42.23587283394061 67.72214846768058 144.80931683692228 41.574321348876715 42.07339916854349 63.5116691805656 56.86877418137055 30.241698607169003 27.30127455714393 52.294190922985635 17.948491184686205 89.69718090882185 40.746707211460865 50.22135530966633 96.83364813152683 100.03588711137319 40.88732751407165 88.8525041624166 76.12418696643577 60.581059969436495 51.81593426679366 41.11609850191014 143.3857463215873 37.76592462409836 16.16523874004487 66.75749712729865 35.14076485373787 49.78680498368652 28.538285929977995 50.81425331679918 10.66611656959074 85.46035723478049 37.70387949707471 87.65262226642709 70.62478064038352 53.77220228408961 37.33299457768667 22.2433782840141 13.946179352574479 22.202175733148056 37.28390998456543 53.7210938820184 70.5729024463457 86.50965292946472 69.20772234357318 51.90579175767881 34.60386117178588 17.301930585891526 0.0 17.301930585894358 34.603861171787294 51.905791757681655 69.20772234357318 87.65262226642712 70.62478064038355 53.77220228408964 37.332994577686705 22.243378284014153 13.94617935257457 22.202175733148113 37.28390998456546 53.72109388201844 70.57290244634572 90.99541618573292 74.71485281147864 59.01832319843226 44.52780585696479 32.87853850979462 27.892308500772188 32.76695334225433 44.36299548072217 58.831856026611874 74.51851432910472 96.3092012631054 81.07434302022625 66.85312963224918 54.445732472907146 45.365621619723186 41.838337239915404 45.18360652613236 54.14217516910069 66.48230563785576 80.66674526242345 103.29016126255169 89.21919670112588 76.48510318955854 65.86786214636372 58.53099880974778 55.78421536472615 58.28016686964763 65.42152032100176 75.90830716065877 88.55995243216363 111.62585433518223 98.70834450154607 87.32143431284678 78.13717556457814 72.0034250495372 69.7298926690251 71.68481250302489 77.5490583739056 86.53144090262502 97.77634567348795 121.03659975118872 109.19175893876688 98.96717204233032 90.91117228259327 85.63796197877353 83.6753189454315 85.2521944124223 90.18311087076557 97.96289860407573 107.9775194259776 131.29130778391456 120.40989456069457 111.16809195962593 104.00391043647421 99.36774555776108 97.62044398506242 98.91521655470022 103.13755767799654 109.95070848613678 118.9101658558116 142.20738885534763 132.17567052112574 123.75995606704565 117.30855889652355 113.15795010794827 111.56521757723316 112.6389199693526 116.30523302460782 122.33127393960902 130.39028474289293
24.52054052173584 136.89991534696676 127.8795685943105 56.760847167029034 108.18181998364892 101.63942520128921 57.07068226504374 27.06259694616921 71.86657570405646 155.17688068638327 56.35333664715838 56.39086753269526 46.89987621249205 50.51861400554498 34.31935114755268 20.194574663318228 35.06806946939355 15.554098321985503 93.18537417264261 24.811653682133393 43.21079287054071 108.65368830214824 113.06628170573856 34.87648355753166 101.5163780390152 93.0956901975051 45.39243240795362 37.03002568029371 38.470361160820794 154.075375184297 50.475682516572874 31.110457542403296 50.52398256853914 46.20098769845673 52.26017785326439 20.298212204066903 33.87412599125188 17.42142779304806 87.49997217366872 25.962943447717052 104.76149973408344 87.64211013773217 70.61175375868221 53.755118128485634 37.30842180802645 22.202175733148056 13.88047309912148 22.161026968940636 37.25945995141218 53.70415488679707 103.81158351535905 86.50965292946755 69.20772234357318 51.90579175768023 34.60386117178588 17.301930585894358 0.0 17.30193058589294 34.603861171787294 51.90579175767881 104.76149973408346 87.64211013773219 70.61175375868223 53.75511812848564 37.30842180802649 22.202175733148113 13.880473099121566 22.161026968940693 37.25945995141222 53.70415488679709 107.5609123011695 90.95490586570996 74.66558619315678 58.95603817035245 44.4453476378259 32.76695334225433 27.76089607408702 32.65534083679149 44.28075241360249 58.76996340177346 112.07127398225848 96.22306306231295 80.9721579069341 66.72936329135099 54.29392758643591 45.18360652613236 41.64121880044532 45.00143315742027 53.99048015890904 66.35902340914055 118.09665296475117 103.14734232407135 89.05407044356677 76.2927201247144 65.64472007111259 58.28016686964763 55.52139115315591 58.02904745853643 65.19826892181642 75.71629045204709 125.41880631391945 111.41931701935894 98.47507986826085 87.05807502950596 77.8432105189824 71.68481250302489 69.40136300629368 71.36578980569396 77.25472571892789 86.26818220453976 133.8249511211058 120.76225550741349 108.88804650517935 98.63250221358238 90.54730155861827 85.2521944124223 83.2810842327543 84.86589913627347 89.81860713526466 97.62798290052261 143.12410681130984 130.94700296815208 120.03496330103546 110.76251368043131 103.57095950941113 98.91521655470022 97.1605047039591 98.46204587886672 102.7037120990221 109.54450088771144 153.15357437457604 141.79214771073427 131.7295029601542 123.28407739231154 116.80718521880998 112.6389199693526 111.03957428956102 112.11913671889099 115.80270969310546 121.854369305881
34.462914500761016 148.98535854499488 142.0742589027867 39.70338873545307 121.96501020657543 118.4224173108701 40.021553366228616 16.72159318777441 79.63674646549144 166.69923003033912 72.26121659143675 72.03054163198465 31.051201531957645 49.688076052593736 45.163973522571204 25.864912604305648 17.98805474519914 27.575790561133882 99.59979001898311 13.02516895849808 42.55426717395849 121.79153777237009 127.11993946539816 36.873735676829206 115.39096852388657 110.1700300067701 32.397400126254055 25.61768229770098 43.221640173694674 165.88434769123305 65.33018716660457 47.677239784222955 35.319878692571734 60.27352807115285 59.85171554422269 24.663995932183774 17.650431654119846 33.044808124588315 92.77766599518343 22.91893213464675 121.92487057658218 104.75271791069079 87.63162910611061 70.59876482977717 53.73808181168163 37.28390998456543 22.161026968940636 13.814664474767438 22.119933508868602 37.23507255229009 121.11351410125201 103.81158351536045 86.50965292946613 69.20772234357318 51.90579175767881 34.603861171787294 17.30193058589294 0.0 17.301930585894358 34.60386117178588 121.92487057658218 104.7527179106908 87.63162910611062 70.59876482977721 53.73808181168165 37.28390998456546 22.161026968940693 13.814664474767527 22.119933508868655 37.23507255229012 124.32716332434738 107.5266953135818 90.91450225411435 74.61643978080363 58.89388169840737 44.36299548072217 32.65534083679149 27.629278907944528 32.543704021694175 44.19862147841121 128.2309761503434 111.99737186592345 96.13711314358697 80.87016075705712 66.60575378273762 54.14217516910069 45.00143315742027 41.44379325765109 44.8191049905128 53.83884753503221 133.50460308943212 117.97195056614484 103.00476583438706 88.88915028958837 76.10045259133219 65.42152032100176 58.02904745853643 55.25815748142887 57.777644284356164 64.97497196093585 139.99325398315926 125.23529824831508 111.21303358559587 98.24198642871605 86.79474121408228 77.5490583739056 71.36578980569396 69.07232153595157 71.0463609066642 76.96021921531099 147.53661969733062 133.5772524273012 120.48813387897015 108.58442923205774 98.29774140324655 90.18311087076557 84.86589913627347 82.88623537673591 84.47908038442338 89.45379734326467 155.98165574589768 142.808814297948 130.60285442225617 119.66002405528081 110.35671598699412 103.13755767799654 98.46204587886672 96.6998489578519 98.00823808943697 102.26943000383685 165.19002013158308 152.7686765082055 141.37697073266273 131.2832081702865 122.80784667728938 116.30523302460782 112.11913671889099 110.51311223163442 111.59860527227565 115.29962267602032
48.71179559840863 162.01959647764377 156.8938827969265 23.013858355553268 136.55149652250984 135.33615627990434 23.3473761272124 20.628900354848817 90.09944198144139 179.15369161602393 88.69260855098047 88.29256977597338 18.09608536697454 54.62948928191424 59.164687593904354 39.100871691402936 4.010518159594523 43.33164071652904 108.4223081238548 17.955632889030042 48.510448686650534 135.86544624567208 141.89314134987873 45.84412049011688 130.08946658160073 127.30583559399267 25.247191371336754 23.238321308272106 53.43180729090283 178.59075832191164 81.16022148670314 64.63041712962197 23.259975742514026 75.69659252523486 70.93680950942745 37.460907541085 8.621619213537056 49.79081878820307 100.7860267582907 31.228057613356732 139.12256792443495 121.91733659048562 104.7439625524921 87.6211794919814 70.58581425790776 53.7210938820184 37.25945995141218 22.119933508868602 13.748753964863916 22.07889687738994 138.4154446871464 121.11351410125484 103.81158351536045 86.50965292946755 69.20772234357318 51.905791757681655 34.603861171787294 17.301930585894358 0.0 17.301930585891526 139.12256792443495 121.91733659048563 104.7439625524921 87.62117949198141 70.58581425790777 53.72109388201844 37.25945995141222 22.119933508868655 13.748753964864003 22.078896877389994 141.22268522556516 124.2976071474099 107.49257345829832 90.8742066860023 74.56741526337021 58.831856026611874 44.28075241360249 32.543704021694175 27.497457973046995 32.432045956267096 144.6551092252998 128.16649099984352 111.92365006478563 96.05135455130669 80.76835529731473 66.48230563785576 53.99048015890904 44.8191049905128 41.246062067584084 44.63662554015552 149.32794857896513 133.39447415491765 117.8475030519945 102.86243701635752 88.72444226713382 75.90830716065877 65.19826892181642 57.777644284356164 54.994516290943 57.525961091693986 155.12908787799913 139.82912586542542 125.05209051654312 111.00701155135837 98.00907230488815 86.53144090262502 77.25472571892789 71.0463609066642 68.74277068474011 70.72652978893316 161.93723569767505 147.31232213009892 133.32986290736216 120.21424450247636 108.2809169137085 97.96289860407573 89.81860713526466 84.47908038442338 82.4907752894568 84.09174242220126 169.63109512657363 155.69284592137058 142.49380398588204 130.25887357651285 119.2850878599569 109.95070848613678 102.7037120990221 98.00823808943697 96.2384801441555 97.55379777464749 178.09581035141815 164.83377683176522 152.38400321007532 140.96187078836718 130.8367980809361 122.33127393960902 115.80270969310546 111.59860527227565 109.9858352861965 111.07733057258164
64.47244815462093 175.79170789872666 172.17714805267042 9.034908362297806 151.70975129382887 152.33709850100828 9.337477643350995 34.20824033485841 102.43289938448379 192.35929943046503 105.40296350717813 104.88787723345294 17.01387539175233 64.0199887001215 74.56436899977292 54.65779207773279 17.53031441494764 59.94623058160728 119.11905867754182 32.76991511410239 59.113167328919296 150.61323451944074 157.1831343216276 58.671987417664475 145.36215499656157 144.48123866811267 28.704709222078318 31.976313024607826 66.63716861464582 192.01652971147573 97.49173870158307 81.72989320441896 20.815156416731636 91.79193355398736 84.14591765766858 52.88703162441957 20.876785014255294 66.82069306111283 110.93524587105385 44.98685173236603 156.34326448173894 139.1159754459505 121.90982562150107 104.73523392444575 87.610761614905 70.5729024463457 53.70415488679707 37.23507255229009 22.07889687738994 13.682742055513897 155.7173752730379 138.4154446871464 121.11351410125201 103.81158351535905 86.50965292946472 69.20772234357318 51.90579175767881 34.60386117178588 17.301930585891526 0.0 156.34326448173894 139.1159754459505 121.90982562150108 104.73523392444578 87.610761614905 70.57290244634572 53.70415488679709 37.23507255229012 22.078896877389994 13.682742055513986 158.2060672066715 141.19670574564753 124.26813608951501 107.45854783303135 90.83402049468407 74.51851432910472 58.76996340177346 44.19862147841121 32.432045956267096 27.365434241599417 161.2628989977158 144.59803662487263 128.1021745191834 111.85011111233615 95.96579033166796 80.66674526242345 66.35902340914055 53.83884753503221 44.63662554015552 41.048026688549356 165.44754752783285 149.22964876983932 133.28459789126939 117.72331490759555 102.72036110685431 88.55995243216363 75.71629045204709 64.97497196093585 57.525961091693986 54.73046952610052 170.67702016178032 154.98121738761475 139.66531732684285 124.86918985687117 110.80125846913936 97.77634567348795 86.26818220453976 76.96021921531099 70.72652978893316 68.41271288315473 176.85858758355545 161.7332248175481 147.0883832338711 133.08279160334783 119.94059707589551 107.9775194259776 97.62798290052261 89.45379734326467 84.09174242220126 82.09470688750085 183.89617848724092 169.36597082716054 155.40440208216705 142.1790870736468 129.91507194977265 118.9101658558116 109.54450088771144 102.26943000383685 97.55379777464749 95.77640166553627 191.69544095224427 177.76594031953786 164.47787599089247 151.9995675746296 140.54686085849903 130.39028474289293 121.854369305881 115.29962267602032 111.07733057258164 109.45774734198928
95.89283547645974 88.72253355596213 62.76356075491002 160.1110396212823 58.86851908228128 13.639011282414858 160.38971599205198 125.5334350503692 94.62603040953418 105.73596943598511 54.389422611665076 55.91087912401523 148.14037723970756 120.06045115940732 88.96692775069022 110.39673545627421 139.0032118632288 101.5281165527115 107.19302718317493 128.11304236670387 117.37640588231199 65.42855654302339 57.550205186480135 110.1817215251373 56.38941665126514 12.319223591744594 142.05640212414022 133.35835918029497 104.05014745062024 102.52458626754876 64.5104765486131 74.78351045798222 150.26465545033736 71.02691564566268 94.73906569464783 112.15324082652076 136.7170946138369 92.92686511873572 110.81368905397078 122.3911941903345 28.546265673844395 33.32454629578916 44.77578681727379 59.143269961539225 74.76423794618766 90.9954161857329 107.56091230116948 124.32716332434735 141.22268522556516 158.2060672066715 14.273158122068015 22.408696249837647 37.40707011768868 53.80651191338391 70.63784506968842 87.65262226642712 104.76149973408346 121.92487057658218 139.12256792443495 156.34326448173894 0.0 17.301930585891526 34.60386117178588 51.90579175767881 69.20772234357318 86.50965292946472 103.81158351535905 121.11351410125201 138.4154446871464 155.7173752730379 14.273158122068015 22.408696249837647 37.40707011768868 53.80651191338391 70.63784506968842 87.65262226642712 104.76149973408346 121.92487057658218 139.12256792443495 156.34326448173894 28.546265673844395 33.32454629578916 44.77578681727379 59.143269961539225 74.76423794618766 90.9954161857329 107.56091230116948 124.32716332434735 141.22268522556516 158.2060672066715 42.8192720847092 46.092030988519824 54.90141317626382 67.10111479027498 81.17671237833643 96.30920126310535 112.07127398225846 128.2309761503434 144.65510922529978 161.26289899771575 57.09212678338551 59.53137894272129 66.53688297022894 76.8701898672478 89.38452306236493 103.29016126255163 118.09665296475113 133.5046030894321 149.32794857896513 165.44754752783282 71.36477919761118 73.27369589248786 79.01788325789705 87.84819750085569 98.94177226103011 111.62585433518223 125.41880631391945 139.99325398315926 155.12908787799913 170.67702016178032 85.63717875381 87.1756715229221 92.00079660311631 99.63620323462439 109.49555681927438 121.03659975118865 133.82495112110578 147.5366196973306 161.937235697675 176.8585875835554 99.90927487676389 101.17135464497497 105.29998731114176 111.97855235298562 120.7848069006568 131.29130778391448 143.1241068113098 155.9816557458976 169.63109512657357 183.89617848724086
78.68743675013059 88.01789203867003 64.71613015445746 142.8214852011878 55.259757020414604 17.01778251928718 143.0993152319116 108.23494776558141 80.91363572749879 106.3564991725185 37.60696874544454 39.30483416431185 130.83949691813464 103.6562567302517 72.02683687343524 94.08931002042658 121.74989373442693 85.03770205075664 95.63282827456062 111.23037731871919 100.66413855521144 61.03409853838645 55.70966565926115 93.24529530937461 51.0353653532436 5.596824908374653 124.81688750391817 116.10033967894385 87.32953304180839 103.49925356033002 47.880072448032664 57.49859278899688 132.98025538960184 54.350825711307294 78.99352663578823 95.80627480262393 119.43018573262522 76.35008211209251 98.23091447513126 105.99383175774014 33.32454629578916 28.41589145188692 33.21310015797055 44.693028439595786 59.08073454154051 74.71485281147861 90.95490586570992 107.5266953135818 124.29760714740988 141.1967057456475 22.408696249837647 14.2079709768443 22.367293586928636 37.38231957743654 53.78933372916446 70.62478064038355 87.64211013773219 104.7527179106908 121.91733659048563 139.1159754459505 17.301930585891526 0.0 17.301930585894358 34.603861171787294 51.905791757681655 69.20772234357318 86.50965292946755 103.81158351536045 121.11351410125484 138.4154446871464 22.408696249837647 14.2079709768443 22.367293586928636 37.38231957743654 53.78933372916446 70.62478064038355 87.64211013773219 104.7527179106908 121.91733659048563 139.1159754459505 33.32454629578916 28.41589145188692 33.21310015797055 44.693028439595786 59.08073454154051 74.71485281147861 90.95490586570992 107.5266953135818 124.29760714740988 141.1967057456475 46.092030988519824 42.62371092300352 45.91068303294724 54.74948010468224 66.9770482950192 81.0743430202262 96.2230630623129 111.99737186592343 128.1664909998435 144.59803662487258 59.53137894272129 56.831378887424094 59.2817332587922 66.3139494717308 76.67759526240967 89.21919670112584 103.1473423240713 117.9719505661448 133.39447415491762 149.2296487698393 73.27369589248786 71.03884484141027 72.9567627867381 78.72451834995566 87.58481110058176 98.70834450154607 111.41931701935894 125.23529824831508 139.82912586542542 154.98121738761475 87.1756715229221 85.24605827993223 86.7920565335801 91.63792654008742 99.30174198711823 109.19175893876681 120.76225550741341 133.57725242730115 147.3123221300989 161.73322481754803 101.17135464497497 99.45296869634652 100.72143736281768 104.86843131431021 111.57344131909113 120.40989456069447 130.947002968152 142.80881429794795 155.69284592137055 169.36597082716045
61.53619016573567 90.67130921651764 70.96326297022397 125.53534046133203 56.92519297042587 31.49444493437234 125.81208406713746 90.93777046695729 68.83783056662831 109.735925512072 21.65806812393736 23.715529248904286 113.53893663094613 87.5981427239652 55.311197122953004 78.21039078672993 104.51264745222825 68.94615876004899 86.02102315866365 94.49948308209352 84.19041891776493 61.385030059443544 59.10842543106236 76.47267439643285 51.265503344416466 22.574304189340126 107.59740890944245 98.85767042550974 70.88844864980264 107.29194819122887 31.97051048806125 40.22830435716536 115.70109495749385 38.2349842739527 64.05600069186282 79.86265142399797 102.1483628516106 60.18287596886435 87.27909203583404 89.93601858384669 44.77578681727379 33.21310015797055 28.285307659750636 33.101614870394776 44.610367124195996 59.01832319843222 74.66558619315674 90.91450225411432 107.4925734582983 124.268136089515 37.40707011768868 22.367293586928636 14.142679045357863 22.325938710862125 37.357627449083516 53.77220228408964 70.61175375868223 87.63162910611062 104.7439625524921 121.90982562150108 34.60386117178588 17.301930585894358 0.0 17.30193058589294 34.603861171787294 51.90579175767881 69.20772234357318 86.50965292946613 103.81158351536045 121.11351410125201 37.40707011768868 22.367293586928636 14.142679045357863 22.325938710862125 37.357627449083516 53.77220228408964 70.61175375868223 87.63162910611062 104.7439625524921 121.90982562150108 44.77578681727379 33.21310015797055 28.285307659750636 33.101614870394776 44.610367124195996 59.01832319843222 74.66558619315674 90.91450225411432 107.4925734582983 124.268136089515 54.90141317626382 45.91068303294724 42.42783541189621 45.72916325868464 54.59758493127556 66.85312963224911 80.97215790693406 96.13711314358693 111.92365006478559 128.10217451918336 66.53688297022894 59.2817332587922 56.57021186987806 59.03178562394762 66.09094058166339 76.48510318955847 89.05407044356672 103.00476583438699 117.84750305199445 133.28459789126933 79.01788325789705 72.9567627867381 70.71238660082815 72.63940405889038 78.43094699154645 87.32143431284678 98.47507986826085 111.21303358559587 125.05209051654312 139.66531732684285 92.00079660311631 86.7920565335801 84.85430917060957 86.40789719813726 91.27471619995745 98.96717204233026 108.88804650517929 120.48813387897007 133.3298629073621 147.08838323387104 105.29998731114176 100.72143736281768 98.99592914349984 100.27086045082541 104.43640337546876 111.16809195962584 120.03496330103538 130.60285442225612 142.49380398588198 155.404402082167
44.50175152900344 96.4059072294356 80.51140370227614 108.25423879749317 63.45087142985722 47.88431944079258 108.52953712442786 73.64282622629096 59.405193735460315 115.63261013850698 11.071257469544546 13.367700664045254 96.2388689730441 72.11766136577998 39.10887527108913 63.084388720476326 87.3009935092446 53.613846755426906 79.07136537070038 78.0180621236022 68.12851236761777 66.40616089123046 66.95329300464454 60.00138543678781 57.01224657491668 39.831991560011346 90.40941531755001 81.64007807721227 54.978246758134844 113.6208201268438 18.719994504783553 23.005615241367693 98.42993360891788 23.843826180834387 50.64654471589481 64.62160498466476 84.87473279521957 44.87017745607718 78.64258214346094 74.43782385062015 59.143269961539225 44.693028439595786 33.101614870394776 28.15451526051742 32.99009334170501 44.52780585696473 58.9560381703524 74.61643978080359 90.87420668600227 107.45854783303132 53.80651191338391 37.38231957743654 22.325938710862125 14.077282809149676 22.2846331110758 37.332994577686705 53.75511812848564 70.59876482977721 87.62117949198141 104.73523392444578 51.90579175767881 34.603861171787294 17.30193058589294 0.0 17.301930585894358 34.60386117178588 51.90579175768023 69.20772234357318 86.50965292946755 103.81158351535905 53.80651191338391 37.38231957743654 22.325938710862125 14.077282809149676 22.2846331110758 37.332994577686705 53.75511812848564 70.59876482977721 87.62117949198141 104.73523392444578 59.143269961539225 44.693028439595786 33.101614870394776 28.15451526051742 32.99009334170501 44.52780585696473 58.9560381703524 74.61643978080359 90.87420668600227 107.45854783303132 67.10111479027498 54.74948010468224 45.72916325868464 42.23164699600987 45.547474998379435 54.44573247290707 66.72936329135094 80.87016075705709 96.05135455130664 111.85011111233612 76.8701898672478 66.3139494717308 59.03178562394762 56.30862765691047 58.78153960680249 65.86786214636365 76.29272012471435 88.8891502895883 102.86243701635748 117.72331490759551 87.84819750085569 78.72451834995566 72.63940405889038 70.38540688356808 72.32162352930075 78.13717556457814 87.05807502950596 98.24198642871605 111.00701155135837 124.86918985687117 99.63620323462439 91.63792654008742 86.40789719813726 84.46193431508496 86.02319763184191 90.91117228259318 98.6325022135823 108.58442923205767 120.21424450247629 133.0827916033478 111.97855235298562 104.86843131431021 100.27086045082541 98.53815958900601 99.81962835737633 104.00391043647413 110.76251368043123 119.66002405528074 130.2588735765128 142.1790870736467
27.799681102839823 104.71669981244303 92.3421994869203 90.98105392731628 73.5543827198877 64.75051259731634 91.25433585986839 56.35217111258852 54.01857850491523 123.68705046962079 19.35940545343054 19.841302103210094 78.93961783264885 57.68177334324482 24.462052722496118 49.40772085321326 70.13377642078851 39.92525564840452 75.52238762827852 61.98543363384872 52.85519341355122 75.16734697339702 77.91263895798554 44.16983215218594 66.86809250868994 57.11645537904823 73.27506621145217 64.46765788409947 40.23373876768312 122.09210189736233 16.657589796007688 6.238089151215588 81.1718774648541 16.548544620295434 40.3197352610853 50.72049395114017 67.61557487384206 31.67645551094364 73.14615518090805 59.93495568995179 74.76423794618766 59.08073454154051 44.610367124195996 32.99009334170501 28.023515218807418 32.878538509794545 44.44534763782584 58.89388169840732 74.56741526337018 90.83402049468404 70.63784506968842 53.78933372916446 37.357627449083516 22.2846331110758 14.01178275052994 22.243378284014153 37.30842180802649 53.73808181168165 70.58581425790777 87.610761614905 69.20772234357318 51.905791757681655 34.603861171787294 17.301930585894358 0.0 17.301930585891526 34.60386117178588 51.90579175767881 69.20772234357318 86.50965292946472 70.63784506968842 53.78933372916446 37.357627449083516 22.2846331110758 14.01178275052994 22.243378284014153 37.30842180802649 53.73808181168165 70.58581425790777 87.610761614905 74.76423794618766 59.08073454154051 44.610367124195996 32.99009334170501 28.023515218807418 32.878538509794545 44.44534763782584 58.89388169840732 74.56741526337018 90.83402049468404 81.17671237833643 66.9770482950192 54.59758493127556 45.547474998379435 42.03514712227416 45.36562161972311 54.293927586435835 66.60575378273758 80.76835529731468 95.96579033166792 89.38452306236493 76.67759526240967 66.09094058166339 58.78153960680249 56.04662817775985 58.53099880974769 65.64472007111253 76.10045259133211 88.72444226713377 102.72036110685427 98.94177226103011 87.58481110058176 78.43094699154645 72.32162352930075 70.0579081011764 72.0034250495372 77.8432105189824 86.79474121408228 98.00907230488815 110.80125846913936 109.49555681927438 99.30174198711823 91.27471619995745 86.02319763184191 84.0689366072115 85.63796197877345 90.5473015586182 98.29774140324648 108.28091691370844 119.94059707589545 120.7848069006568 111.57344131909113 104.43640337546876 99.81962835737633 98.07966340902348 99.36774555776098 103.57095950941104 110.35671598699405 119.28508785995683 129.91507194977257
12.804368041024283 115.04673453448277 105.69187164065322 73.72135086289765 85.98360303454388 81.79891540620552 73.99162555094752 39.071499856319576 53.90488159746056 133.50929228424542 35.01019033823741 34.74725704103432 61.641870659063486 45.30037852225037 16.30926799313803 38.74678781677718 53.05415025713555 30.20458958243473 75.85293046337199 46.864487606497605 39.30087095342488 86.54003383000861 90.86645999705081 30.008221930537612 79.31575153587413 74.40903829456457 56.243410767289916 47.38954205088625 28.523858573134866 132.29487474543535 28.34122177194921 12.136010148601919 63.93753949840195 24.039402420973705 35.846853478222194 39.59663016118477 50.38576315437862 24.334617036295352 71.51749982683806 47.35098014466724 90.9954161857329 74.71485281147861 59.01832319843222 44.52780585696473 32.878538509794545 27.8923085007721 32.76695334225426 44.36299548072211 58.83185602661183 74.51851432910468 87.65262226642712 70.62478064038355 53.77220228408964 37.332994577686705 22.243378284014153 13.94617935257457 22.202175733148113 37.28390998456546 53.72109388201844 70.57290244634572 86.50965292946472 69.20772234357318 51.90579175767881 34.60386117178588 17.301930585891526 0.0 17.301930585894358 34.603861171787294 51.905791757681655 69.20772234357318 87.65262226642712 70.62478064038355 53.77220228408964 37.332994577686705 22.243378284014153 13.94617935257457 22.202175733148113 37.28390998456546 53.72109388201844 70.57290244634572 90.9954161857329 74.71485281147861 59.01832319843222 44.52780585696473 32.878538509794545 27.8923085007721 32.76695334225426 44.36299548072211 58.83185602661183 74.51851432910468 96.30920126310535 81.0743430202262 66.85312963224911 54.44573247290707 45.36562161972311 41.83833723991531 45.18360652613228 54.142175169100625 66.4823056378557 80.6667452624234 103.29016126255163 89.21919670112584 76.48510318955847 65.86786214636365 58.53099880974769 55.784215364726066 58.28016686964755 65.42152032100168 75.9083071606587 88.55995243216357 111.62585433518223 98.70834450154607 87.32143431284678 78.13717556457814 72.0034250495372 69.7298926690251 71.68481250302489 77.5490583739056 86.53144090262502 97.77634567348795 121.03659975118865 109.19175893876681 98.96717204233026 90.91117228259318 85.63796197877345 83.6753189454314 85.25219441242221 90.18311087076549 97.96289860407566 107.97751942597753 131.29130778391448 120.40989456069447 111.16809195962584 104.00391043647413 99.36774555776098 97.62044398506234 98.91521655470012 103.13755767799645 109.95070848613668 118.91016585581153
12.401395231290765 126.903863889943 120.05480373593461 56.48748901840056 99.87397761885457 98.93537834535766 56.75280560275204 21.824541011332975 59.09454587170386 144.73988580614426 51.72381739566536 51.18377896571872 44.34738735892356 37.09136066066658 23.07172993503562 34.061887189592746 36.18635462583741 28.797884361509638 80.01492924441463 33.89803335159756 29.902427296352887 99.63393205542708 105.07971342192141 21.18311090458246 93.32382438126426 91.70514743569505 39.447688872865186 30.56422249386084 24.640980797111194 143.8612122135775 43.905430818949554 29.229527721795407 46.75315634351676 38.47913286523919 39.28129389385724 34.087030836842146 33.23097585760973 27.92239392764177 74.01239097236478 38.61008729612542 107.56091230116948 90.95490586570992 74.66558619315674 58.9560381703524 44.44534763782584 32.76695334225426 27.76089607408694 32.65534083679141 44.280752413602436 58.76996340177343 104.76149973408346 87.64211013773219 70.61175375868223 53.75511812848564 37.30842180802649 22.202175733148113 13.880473099121566 22.161026968940693 37.25945995141222 53.70415488679709 103.81158351535905 86.50965292946755 69.20772234357318 51.90579175768023 34.60386117178588 17.301930585894358 0.0 17.30193058589294 34.603861171787294 51.90579175767881 104.76149973408346 87.64211013773219 70.61175375868223 53.75511812848564 37.30842180802649 22.202175733148113 13.880473099121566 22.161026968940693 37.25945995141222 53.70415488679709 107.56091230116948 90.95490586570992 74.66558619315674 58.9560381703524 44.44534763782584 32.76695334225426 27.76089607408694 32.65534083679141 44.280752413602436 58.76996340177343 112.07127398225846 96.2230630623129 80.97215790693406 66.72936329135094 54.293927586435835 45.18360652613228 41.64121880044524 45.001433157420195 53.99048015890897 66.3590234091405 118.09665296475113 103.1473423240713 89.05407044356672 76.29272012471435 65.64472007111253 58.28016686964755 55.52139115315582 58.029047458536354 65.19826892181635 75.71629045204703 125.41880631391945 111.41931701935894 98.47507986826085 87.05807502950596 77.8432105189824 71.68481250302489 69.40136300629368 71.36578980569396 77.25472571892789 86.26818220453976 133.82495112110578 120.76225550741341 108.88804650517929 98.6325022135823 90.5473015586182 85.25219441242221 83.28108423275421 84.86589913627338 89.81860713526457 97.62798290052254 143.1241068113098 130.947002968152 120.03496330103538 110.76251368043123 103.57095950941104 98.91521655470012 97.16050470395902 98.46204587886662 102.70371209902201 109.54450088771137
27.24611087252158 139.90034255849235 135.1082318475497 39.313467175890274 114.69586505515694 116.12092172263327 39.569112822579555 4.975204227163452 68.39074571059314 157.07704066155287 68.72922344158357 68.05071154033789 27.06242607761706 36.02944906967562 37.38087107819229 37.65393284004905 20.071741325778444 36.67463393355684 87.46311542142101 26.468535703180823 29.02518858434553 113.85674742923334 120.10610796413037 24.40627961923296 108.28843457076111 109.00310423977518 23.40153918698346 14.875749246717294 31.614174280890232 156.48905658555833 60.42235769490746 46.47753652889571 29.705550055307782 54.60866891755763 48.987248224076986 36.80578976358241 16.388527966911568 39.570915111648404 80.24714154132063 36.57963196460662 124.32716332434735 107.5266953135818 90.91450225411432 74.61643978080359 58.89388169840732 44.36299548072211 32.65534083679141 27.629278907944446 32.543704021694104 44.198621478411155 121.92487057658218 104.7527179106908 87.63162910611062 70.59876482977721 53.73808181168165 37.28390998456546 22.161026968940693 13.814664474767527 22.119933508868655 37.23507255229012 121.11351410125201 103.81158351536045 86.50965292946613 69.20772234357318 51.90579175767881 34.603861171787294 17.30193058589294 0.0 17.301930585894358 34.60386117178588 121.92487057658218 104.7527179106908 87.63162910611062 70.59876482977721 53.73808181168165 37.28390998456546 22.161026968940693 13.814664474767527 22.119933508868655 37.23507255229012 124.32716332434735 107.5266953135818 90.91450225411432 74.61643978080359 58.89388169840732 44.36299548072211 32.65534083679141 27.629278907944446 32.543704021694104 44.198621478411155 128.2309761503434 111.99737186592343 96.13711314358693 80.87016075705709 66.60575378273758 54.142175169100625 45.001433157420195 41.443793257651 44.81910499051272 53.83884753503213 133.5046030894321 117.9719505661448 103.00476583438699 88.8891502895883 76.10045259133211 65.42152032100168 58.029047458536354 55.25815748142878 57.77764428435607 64.97497196093578 139.99325398315926 125.23529824831508 111.21303358559587 98.24198642871605 86.79474121408228 77.5490583739056 71.36578980569396 69.07232153595157 71.0463609066642 76.96021921531099 147.5366196973306 133.57725242730115 120.48813387897007 108.58442923205767 98.29774140324648 90.18311087076549 84.86589913627338 82.88623537673583 84.47908038442331 89.4537973432646 155.9816557458976 142.80881429794795 130.60285442225612 119.66002405528074 110.35671598699405 103.13755767799645 98.46204587886662 96.69984895785183 98.0082380894369 102.26943000383677
43.92743678969761 153.74750944034747 150.64530184796482 22.337735570339987 130.13135731387533 133.33656918388576 22.56683161236 13.111380600925111 80.3811078617223 170.28040874884528 85.85320048907278 85.09249207576063 9.837308436807046 42.65185562291512 53.48893926382045 47.68787124964876 9.747331723965852 49.59283338556304 97.44685747234817 29.16848213616758 37.27569851966806 128.83513887824168 135.67574044118228 36.624039580559696 123.86337245228059 126.30214955825565 11.741247441086816 10.349751339344142 44.6144007058882 169.94194078100566 77.28355720040862 63.75477296009717 13.330235749351004 71.29012577768341 62.090162022749055 46.32617604182885 5.619911571346524 54.32094721789891 89.4430651619421 42.23869341759218 141.22268522556516 124.29760714740988 107.4925734582983 90.87420668600227 74.56741526337018 58.83185602661183 44.280752413602436 32.543704021694104 27.497457973046906 32.43204595626702 139.12256792443495 121.91733659048563 104.7439625524921 87.62117949198141 70.58581425790777 53.72109388201844 37.25945995141222 22.119933508868655 13.748753964864003 22.078896877389994 138.4154446871464 121.11351410125484 103.81158351536045 86.50965292946755 69.20772234357318 51.905791757681655 34.603861171787294 17.301930585894358 0.0 17.301930585891526 139.12256792443495 121.91733659048563 104.7439625524921 87.62117949198141 70.58581425790777 53.72109388201844 37.25945995141222 22.119933508868655 13.748753964864003 22.078896877389994 141.22268522556516 124.29760714740988 107.4925734582983 90.87420668600227 74.56741526337018 58.83185602661183 44.280752413602436 32.543704021694104 27.497457973046906 32.43204595626702 144.65510922529978 128.1664909998435 111.92365006478559 96.05135455130664 80.76835529731468 66.4823056378557 53.99048015890897 44.81910499051272 41.24606206758399 44.636625540155435 149.32794857896513 133.39447415491762 117.84750305199445 102.86243701635748 88.72444226713377 75.9083071606587 65.19826892181635 57.77764428435607 54.994516290942904 57.52596109169391 155.12908787799913 139.82912586542542 125.05209051654312 111.00701155135837 98.00907230488815 86.53144090262502 77.25472571892789 71.0463609066642 68.74277068474011 70.72652978893316 161.937235697675 147.3123221300989 133.3298629073621 120.21424450247629 108.28091691370844 97.96289860407566 89.81860713526457 84.47908038442331 82.49077528945672 84.0917424222012 169.63109512657357 155.69284592137055 142.49380398588198 130.2588735765128 119.28508785995683 109.95070848613668 102.70371209902201 98.0082380894369 96.23848014415542 97.5537977746474
60.95573836303606 168.23543949493285 166.5306994728151 7.149377781853268 145.9859496378173 150.57199523268457 7.177920461335296 30.29484317233211 94.04068565369805 184.16377831399305 103.0366484507592 102.22170918518394 7.738472832912801 54.21206322460569 70.16777055877363 61.06681076385631 19.643301371523314 64.59550441632383 109.27336966310025 39.99659446344219 50.35080477519279 144.33406611057794 151.62135170928136 51.823600401928104 139.84486446451282 143.60189000701422 18.077464503398964 24.324062326423896 59.834305705536885 184.03902736499566 94.30454690937749 81.04254630151986 8.466644625673261 88.2109381164477 76.87218771582035 59.46655321136273 19.83170259689992 70.24517089622871 100.7928993386502 53.186954057019804 158.2060672066715 141.1967057456475 124.268136089515 107.45854783303132 90.83402049468404 74.51851432910468 58.76996340177343 44.198621478411155 32.43204595626702 27.365434241599328 156.34326448173894 139.1159754459505 121.90982562150108 104.73523392444578 87.610761614905 70.57290244634572 53.70415488679709 37.23507255229012 22.078896877389994 13.682742055513986 155.7173752730379 138.4154446871464 121.11351410125201 103.81158351535905 86.50965292946472 69.20772234357318 51.90579175767881 34.60386117178588 17.301930585891526 0.0 156.34326448173894 139.1159754459505 121.90982562150108 104.73523392444578 87.610761614905 70.57290244634572 53.70415488679709 37.23507255229012 22.078896877389994 13.682742055513986 158.2060672066715 141.1967057456475 124.268136089515 107.45854783303132 90.83402049468404 74.51851432910468 58.76996340177343 44.198621478411155 32.43204595626702 27.365434241599328 161.26289899771575 144.59803662487258 128.10217451918336 111.85011111233612 95.96579033166792 80.6667452624234 66.3590234091405 53.83884753503213 44.636625540155435 41.048026688549264 165.44754752783282 149.2296487698393 133.28459789126933 117.72331490759551 102.72036110685427 88.55995243216357 75.71629045204703 64.97497196093578 57.52596109169391 54.73046952610043 170.67702016178032 154.98121738761475 139.66531732684285 124.86918985687117 110.80125846913936 97.77634567348795 86.26818220453976 76.96021921531099 70.72652978893316 68.41271288315473 176.8585875835554 161.73322481754803 147.08838323387104 133.0827916033478 119.94059707589545 107.97751942597753 97.62798290052254 89.4537973432646 84.0917424222012 82.09470688750076 183.89617848724086 169.36597082716045 155.404402082167 142.1790870736467 129.91507194977257 118.91016585581153 109.54450088771137 102.26943000383677 97.5537977746474 95.77640166553617
95.56388024233546 74.60771038521082 48.49460941860679 161.22615784776724 45.75359164323551 5.930868927469963 161.48617957920206 126.0524256793077 87.36766239028971 91.47876004544617 53.342483573562994 54.32884759831198 148.65230786503324 116.61852861178934 87.46050658040271 115.57367574264313 140.69938348406743 106.34339514030499 97.69263986604555 131.74008945865648 114.768373192267 52.47738717502436 43.89105306791598 108.38076111383677 44.08099804766684 17.13682432066247 141.61045810359403 133.1468832300698 101.61425817510877 88.25698604703109 62.64697556878737 76.65025712540096 150.3112752782521 69.08280375876205 90.28693330859144 117.24090491971089 137.98508467068473 97.58492500659558 102.16601760245331 127.33522566481399 42.81927208470929 46.09203098851991 54.901413176263894 67.10111479027503 81.17671237833649 96.3092012631054 112.07127398225848 128.2309761503434 144.6551092252998 161.2628989977158 28.546265673844484 33.32454629578924 44.775786817273854 59.14326996153928 74.7642379461877 90.99541618573292 107.5609123011695 124.32716332434738 141.22268522556516 158.2060672066715 14.273158122068015 22.408696249837647 37.40707011768868 53.80651191338391 70.63784506968842 87.65262226642712 104.76149973408346 121.92487057658218 139.12256792443495 156.34326448173894 0.0 17.301930585891526 34.60386117178588 51.90579175767881 69.20772234357318 86.50965292946472 103.81158351535905 121.11351410125201 138.4154446871464 155.7173752730379 14.273158122067928 22.408696249837586 37.40707011768865 53.806511913383886 70.6378450696884 87.65262226642709 104.76149973408344 121.92487057658218 139.12256792443495 156.34326448173894 28.546265673844303 33.32454629578909 44.77578681727373 59.1432699615392 74.76423794618765 90.99541618573286 107.56091230116945 124.32716332434734 141.22268522556513 158.2060672066715 42.819272084709105 46.092030988519745 54.90141317626376 67.10111479027492 81.17671237833639 96.3092012631053 112.07127398225842 128.23097615034334 144.65510922529975 161.26289899771575 57.09212678338551 59.53137894272129 66.53688297022894 76.8701898672478 89.38452306236493 103.29016126255163 118.09665296475113 133.5046030894321 149.32794857896513 165.44754752783282 71.3647791976111 73.2736958924878 79.01788325789697 87.84819750085562 98.94177226103004 111.62585433518218 125.41880631391939 139.99325398315924 155.1290878779991 170.6770201617803 85.6371787538099 87.175671522922 92.00079660311623 99.6362032346243 109.49555681927431 121.0365997511886 133.8249511211057 147.53661969733054 161.93723569767496 176.85858758355536
78.28806056260866 73.83970374752208 51.06749366670509 144.0647819546231 41.08282164818684 11.808741355867479 144.32158466013726 108.83370862220869 72.33315476935515 92.26490736779483 36.08339216987031 37.03059423392011 131.41618738332204 99.66805689892497 70.16628812871805 100.08633702011001 123.67410705824767 90.70714370605383 84.90025396777672 115.3706041770126 97.62480089907739 46.958693082606636 41.52462680353843 91.12006353219482 37.06247867188479 13.13711343841554 124.31144751139558 115.85848184689122 84.42609895039978 89.4568590953039 45.350053194985854 59.89560034690193 133.03269088164262 51.796424999505184 73.62057061611414 101.6886239123512 120.87303990414408 81.93099080965591 88.40794879000866 111.64089720019886 46.09203098851991 42.623710923003614 45.910683032947325 54.749480104682306 66.97704829501926 81.07434302022625 96.22306306231295 111.99737186592345 128.16649099984352 144.59803662487263 33.32454629578924 28.41589145188701 33.21310015797062 44.693028439595835 59.08073454154055 74.71485281147864 90.95490586570996 107.5266953135818 124.2976071474099 141.19670574564753 22.408696249837647 14.2079709768443 22.367293586928636 37.38231957743654 53.78933372916446 70.62478064038355 87.64211013773219 104.7527179106908 121.91733659048563 139.1159754459505 17.301930585891526 0.0 17.301930585894358 34.603861171787294 51.905791757681655 69.20772234357318 86.50965292946755 103.81158351536045 121.11351410125484 138.4154446871464 22.408696249837586 14.207970976844209 22.36729358692858 37.382319577436505 53.78933372916444 70.62478064038352 87.64211013773217 104.75271791069079 121.91733659048562 139.1159754459505 33.32454629578909 28.41589145188683 33.21310015797047 44.69302843959573 59.08073454154047 74.71485281147856 90.9549058657099 107.52669531358175 124.29760714740986 141.1967057456475 46.092030988519745 42.623710923003436 45.91068303294716 54.74948010468216 66.97704829501915 81.07434302022615 96.22306306231287 111.99737186592338 128.16649099984343 144.59803662487258 59.53137894272129 56.831378887424094 59.2817332587922 66.3139494717308 76.67759526240967 89.21919670112584 103.1473423240713 117.9719505661448 133.39447415491762 149.2296487698393 73.2736958924878 71.03884484141018 72.95676278673801 78.72451834995559 87.58481110058169 98.708344501546 111.41931701935887 125.23529824831503 139.8291258654254 154.9812173876147 87.175671522922 85.24605827993213 86.79205653358 91.63792654008734 99.30174198711816 109.19175893876672 120.76225550741337 133.5772524273011 147.3123221300988 161.733224817548
61.027036134778825 77.05180197129152 58.84515888955932 126.94156364656459 43.36946705512967 29.024664096358205 127.19420267714602 91.64633763580133 58.56422237099323 96.20777141168634 18.902787740819274 19.738787629123806 114.19996871212463 82.86297860232409 52.87711551634716 85.29934059459708 106.7378278337563 75.79814689458605 73.96586750316882 99.31770847136848 80.54897029932822 47.487520092902315 46.05290314088599 73.8786569277907 37.45433768650798 25.499208558717434 107.01338091674239 98.57482743214626 67.29626999055226 93.88524392960201 28.05930679065658 43.57081780782431 115.76107959713624 34.525629359543736 57.33199593910512 86.8010659002216 103.82394605195591 67.09145553367728 76.11000584733102 96.49777919893984 54.901413176263894 45.910683032947325 42.427835411896304 45.72916325868473 54.59758493127564 66.85312963224918 80.9721579069341 96.13711314358697 111.92365006478563 128.1021745191834 44.775786817273854 33.21310015797062 28.285307659750725 33.101614870394855 44.610367124196046 59.01832319843226 74.66558619315678 90.91450225411435 107.49257345829832 124.26813608951501 37.40707011768868 22.367293586928636 14.142679045357863 22.325938710862125 37.357627449083516 53.77220228408964 70.61175375868223 87.63162910611062 104.7439625524921 121.90982562150108 34.60386117178588 17.301930585894358 0.0 17.30193058589294 34.603861171787294 51.90579175767881 69.20772234357318 86.50965292946613 103.81158351536045 121.11351410125201 37.40707011768865 22.36729358692858 14.142679045357772 22.32593871086207 37.35762744908348 53.77220228408961 70.61175375868221 87.63162910611061 104.7439625524921 121.90982562150107 44.77578681727373 33.21310015797047 28.285307659750547 33.1016148703947 44.61036712419594 59.018323198432185 74.66558619315671 90.9145022541143 107.49257345829828 124.26813608951497 54.90141317626376 45.91068303294716 42.427835411896126 45.72916325868456 54.5975849312755 66.85312963224905 80.97215790693402 96.13711314358689 111.92365006478558 128.10217451918334 66.53688297022894 59.2817332587922 56.57021186987806 59.03178562394762 66.09094058166339 76.48510318955847 89.05407044356672 103.00476583438699 117.84750305199445 133.28459789126933 79.01788325789697 72.95676278673801 70.71238660082807 72.63940405889029 78.43094699154636 87.32143431284672 98.47507986826078 111.21303358559582 125.05209051654306 139.66531732684282 92.00079660311623 86.79205653358 84.85430917060948 86.40789719813718 91.27471619995735 98.96717204233018 108.88804650517922 120.48813387897002 133.32986290736204 147.08838323387099
43.798302994493746 83.78750182037872 70.11646446150355 109.8743442239543 51.69843771767208 46.30474561775029 110.12139838721525 74.51200727691287 47.18216846197221 102.94527664928678 3.366472258315913 2.586148605978973 97.01424779937032 66.31392151105695 35.60034098154607 71.64762709456237 89.940835636229 62.1420723037758 65.82204174455988 83.76361915740176 63.59547218413482 53.88611407732349 55.82248927600478 56.67415013611341 45.0636732587323 41.55175580737036 89.71680435053406 81.29894757080274 50.28441882400915 101.11885952368611 10.804428086166748 28.42642411550214 98.50010961739255 17.317104117091827 41.86452373881847 72.98613711784843 86.87487315695223 53.745195510157785 66.09234369835784 82.21103383050371 67.10111479027503 54.749480104682306 45.72916325868473 42.231646996009964 45.54747499837952 54.445732472907146 66.72936329135099 80.87016075705712 96.05135455130669 111.85011111233615 59.14326996153928 44.693028439595835 33.101614870394855 28.154515260517506 32.99009334170509 44.52780585696479 58.95603817035245 74.61643978080363 90.8742066860023 107.45854783303135 53.80651191338391 37.38231957743654 22.325938710862125 14.077282809149676 22.2846331110758 37.332994577686705 53.75511812848564 70.59876482977721 87.62117949198141 104.73523392444578 51.90579175767881 34.603861171787294 17.30193058589294 0.0 17.301930585894358 34.60386117178588 51.90579175768023 69.20772234357318 86.50965292946755 103.81158351535905 53.806511913383886 37.382319577436505 22.32593871086207 14.077282809149589 22.284633111075745 37.33299457768667 53.755118128485634 70.59876482977717 87.6211794919814 104.73523392444575 59.1432699615392 44.69302843959573 33.1016148703947 28.154515260517325 32.99009334170494 44.52780585696468 58.95603817035236 74.61643978080357 90.87420668600224 107.45854783303132 67.10111479027492 54.74948010468216 45.72916325868456 42.23164699600978 45.54747499837936 54.445732472907004 66.72936329135088 80.87016075705704 96.05135455130662 111.85011111233608 76.8701898672478 66.3139494717308 59.03178562394762 56.30862765691047 58.78153960680249 65.86786214636365 76.29272012471435 88.8891502895883 102.86243701635748 117.72331490759551 87.84819750085562 78.72451834995559 72.63940405889029 70.38540688356798 72.32162352930065 78.13717556457807 87.0580750295059 98.24198642871599 111.00701155135833 124.86918985687113 99.6362032346243 91.63792654008734 86.40789719813718 84.46193431508487 86.02319763184182 90.91117228259311 98.63250221358223 108.58442923205759 120.21424450247625 133.08279160334774
26.664527823721162 93.28664251685674 83.47805999641523 92.89399449121342 63.74363971345365 63.59670899397385 93.13319152228952 57.478171609923045 40.26477263740142 111.97409184373805 16.250059807871164 14.915434688632397 79.87871163880938 50.27435187089979 18.370976778117107 59.91235052613304 73.37884456412743 50.76041914853426 61.58593991958016 69.04626234211237 46.89716567908225 64.42875936490194 68.63042980258868 39.554721724536954 57.073190145360904 58.32323782292492 72.42278540141544 64.0371348078418 33.57038351694017 110.60869680823289 6.697778055361105 17.788176173684935 81.25656268050743 2.541393263217742 28.58373989573782 60.97728875035427 70.09841091234918 43.295902341421176 59.51772950868 69.31225005318267 81.17671237833649 66.97704829501926 54.59758493127564 45.54747499837952 42.035147122274246 45.365621619723186 54.29392758643591 66.60575378273762 80.76835529731473 95.96579033166796 74.7642379461877 59.08073454154055 44.610367124196046 32.99009334170509 28.023515218807503 32.87853850979462 44.4453476378259 58.89388169840737 74.56741526337021 90.83402049468407 70.63784506968842 53.78933372916446 37.357627449083516 22.2846331110758 14.01178275052994 22.243378284014153 37.30842180802649 53.73808181168165 70.58581425790777 87.610761614905 69.20772234357318 51.905791757681655 34.603861171787294 17.301930585894358 0.0 17.301930585891526 34.60386117178588 51.90579175767881 69.20772234357318 86.50965292946472 70.6378450696884 53.78933372916444 37.35762744908348 22.284633111075745 14.01178275052985 22.2433782840141 37.30842180802645 53.73808181168163 70.58581425790776 87.610761614905 74.76423794618765 59.08073454154047 44.61036712419594 32.99009334170494 28.02351521880733 32.878538509794474 44.44534763782578 58.89388169840729 74.56741526337014 90.83402049468403 81.17671237833639 66.97704829501915 54.5975849312755 45.54747499837936 42.03514712227407 45.36562161972302 54.29392758643577 66.60575378273752 80.76835529731464 95.96579033166789 89.38452306236493 76.67759526240967 66.09094058166339 58.78153960680249 56.04662817775985 58.53099880974769 65.64472007111253 76.10045259133211 88.72444226713377 102.72036110685427 98.94177226103004 87.58481110058169 78.43094699154636 72.32162352930065 70.0579081011763 72.00342504953711 77.84321051898233 86.79474121408221 98.0090723048881 110.80125846913931 109.49555681927431 99.30174198711816 91.27471619995735 86.02319763184182 84.0689366072114 85.63796197877336 90.5473015586181 98.2977414032464 108.28091691370837 119.94059707589538
10.120090710596576 104.80046192113922 98.07933758470548 76.0587185190959 77.797686963972 80.89293486037245 76.28612020448006 40.67129395071247 40.1877198440963 122.78980844806634 33.39924114788168 32.20195365320977 62.834431205096436 35.44285587371902 2.512941437604525 51.422751170074925 57.256149317005075 43.4776733340798 62.06295194929875 55.83130451087908 30.870970433813063 77.44107303803092 83.08325129245932 22.713566444369093 71.29285075554762 75.33501586600353 55.13373089602802 46.804955700369995 18.003654453123037 121.82864688445152 23.91021521026777 20.578849220119707 64.0445134382482 17.656410643759614 21.91194363881787 52.04023095134465 53.65671116502136 38.199879097938265 57.57794439881464 58.723276155457725 96.3092012631054 81.07434302022625 66.85312963224918 54.445732472907146 45.365621619723186 41.838337239915404 45.18360652613236 54.14217516910069 66.48230563785576 80.66674526242345 90.99541618573292 74.71485281147864 59.01832319843226 44.52780585696479 32.87853850979462 27.892308500772188 32.76695334225433 44.36299548072217 58.831856026611874 74.51851432910472 87.65262226642712 70.62478064038355 53.77220228408964 37.332994577686705 22.243378284014153 13.94617935257457 22.202175733148113 37.28390998456546 53.72109388201844 70.57290244634572 86.50965292946472 69.20772234357318 51.90579175767881 34.60386117178588 17.301930585891526 0.0 17.301930585894358 34.603861171787294 51.905791757681655 69.20772234357318 87.65262226642709 70.62478064038352 53.77220228408961 37.33299457768667 22.2433782840141 13.946179352574479 22.202175733148056 37.28390998456543 53.7210938820184 70.5729024463457 90.99541618573286 74.71485281147856 59.018323198432185 44.52780585696468 32.878538509794474 27.892308500772014 32.76695334225418 44.362995480722056 58.83185602661179 74.51851432910465 96.3092012631053 81.07434302022615 66.85312963224905 54.445732472907004 45.36562161972302 41.83833723991523 45.183606526132195 54.142175169100554 66.48230563785566 80.66674526242335 103.29016126255163 89.21919670112584 76.48510318955847 65.86786214636365 58.53099880974769 55.784215364726066 58.28016686964755 65.42152032100168 75.9083071606587 88.55995243216357 111.62585433518218 98.708344501546 87.32143431284672 78.13717556457807 72.00342504953711 69.72989266902502 71.6848125030248 77.54905837390552 86.53144090262495 97.7763456734879 121.0365997511886 109.19175893876672 98.96717204233018 90.91117228259311 85.63796197877336 83.67531894543131 85.25219441242213 90.18311087076542 97.96289860407559 107.97751942597746
9.620234975511512 117.7393855137281 113.44262192469292 59.49180506082559 92.95382693231987 98.19117074923676 59.699788115039055 24.56178023802812 46.98467572466802 134.96351146447196 50.652420790627424 49.49924288320253 45.98299459006686 24.157667841526166 16.548430096612297 47.935490457342055 42.080747737334846 42.458225698872404 67.1527155523914 45.44874645559764 17.475756999832505 91.87969073797493 98.45924314203158 8.120933653491747 86.64120990560481 92.45454043368892 37.85644323652712 29.654116194373756 10.954704425565497 134.3459337926928 41.197695904463025 33.60462853399903 46.89865417382711 34.86764354398533 27.23871529085789 47.92539925626669 37.98697023851302 40.529407238099985 60.71883201735687 51.878314820653024 112.07127398225848 96.22306306231295 80.9721579069341 66.72936329135099 54.29392758643591 45.18360652613236 41.64121880044532 45.00143315742027 53.99048015890904 66.35902340914055 107.5609123011695 90.95490586570996 74.66558619315678 58.95603817035245 44.4453476378259 32.76695334225433 27.76089607408702 32.65534083679149 44.28075241360249 58.76996340177346 104.76149973408346 87.64211013773219 70.61175375868223 53.75511812848564 37.30842180802649 22.202175733148113 13.880473099121566 22.161026968940693 37.25945995141222 53.70415488679709 103.81158351535905 86.50965292946755 69.20772234357318 51.90579175768023 34.60386117178588 17.301930585894358 0.0 17.30193058589294 34.603861171787294 51.90579175767881 104.76149973408344 87.64211013773217 70.61175375868221 53.755118128485634 37.30842180802645 22.202175733148056 13.88047309912148 22.161026968940636 37.25945995141218 53.70415488679707 107.56091230116945 90.9549058657099 74.66558619315671 58.95603817035236 44.44534763782578 32.76695334225418 27.760896074086844 32.65534083679133 44.280752413602386 58.76996340177338 112.07127398225842 96.22306306231287 80.97215790693402 66.72936329135088 54.29392758643577 45.183606526132195 41.64121880044515 45.00143315742011 53.99048015890891 66.35902340914045 118.09665296475113 103.1473423240713 89.05407044356672 76.29272012471435 65.64472007111253 58.28016686964755 55.52139115315582 58.029047458536354 65.19826892181635 75.71629045204703 125.41880631391939 111.41931701935887 98.47507986826078 87.0580750295059 77.84321051898233 71.6848125030248 69.4013630062936 71.36578980569388 77.2547257189278 86.26818220453967 133.8249511211057 120.76225550741337 108.88804650517922 98.63250221358223 90.5473015586181 85.25219441242213 83.28108423275413 84.86589913627328 89.81860713526449 97.62798290052245
26.103545717816626 131.6840002358252 129.29656810865814 43.50095208681916 108.75225577874708 115.49051347711172 43.67229165675744 12.293124181207212 58.298993949734374 148.1608394525464 67.93040344240374 66.79893616466462 29.654994737752443 22.576560969806216 33.76536361070256 50.497776862594755 29.360226773191343 48.10196155040643 75.93325753487066 40.15903779342059 16.015615826855708 107.16967091261253 114.38672842153727 14.652863169077202 102.61303566495184 109.63134754234001 20.620520878840647 12.912893628737857 22.68463302828206 147.83137685622788 58.49372188692092 49.333206693130236 29.93294445889965 52.13894770884775 40.0309030177709 49.84179483726141 24.610749217115448 49.24166349209774 68.24244109706073 50.328889975136526 128.2309761503434 111.99737186592345 96.13711314358697 80.87016075705712 66.60575378273762 54.14217516910069 45.00143315742027 41.44379325765109 44.8191049905128 53.83884753503221 124.32716332434738 107.5266953135818 90.91450225411435 74.61643978080363 58.89388169840737 44.36299548072217 32.65534083679149 27.629278907944528 32.543704021694175 44.19862147841121 121.92487057658218 104.7527179106908 87.63162910611062 70.59876482977721 53.73808181168165 37.28390998456546 22.161026968940693 13.814664474767527 22.119933508868655 37.23507255229012 121.11351410125201 103.81158351536045 86.50965292946613 69.20772234357318 51.90579175767881 34.603861171787294 17.30193058589294 0.0 17.301930585894358 34.60386117178588 121.92487057658218 104.75271791069079 87.63162910611061 70.59876482977717 53.73808181168163 37.28390998456543 22.161026968940636 13.814664474767438 22.119933508868602 37.23507255229009 124.32716332434734 107.52669531358175 90.9145022541143 74.61643978080357 58.89388169840729 44.362995480722056 32.65534083679133 27.629278907944357 32.543704021694026 44.198621478411106 128.23097615034334 111.99737186592338 96.13711314358689 80.87016075705704 66.60575378273752 54.142175169100554 45.00143315742011 41.44379325765091 44.81910499051264 53.838847535032066 133.5046030894321 117.9719505661448 103.00476583438699 88.8891502895883 76.10045259133211 65.42152032100168 58.029047458536354 55.25815748142878 57.77764428435607 64.97497196093578 139.99325398315924 125.23529824831503 111.21303358559582 98.24198642871599 86.79474121408221 77.54905837390552 71.36578980569388 69.0723215359515 71.04636090666413 76.96021921531091 147.53661969733054 133.5772524273011 120.48813387897002 108.58442923205759 98.2977414032464 90.18311087076542 84.86589913627328 82.88623537673574 84.47908038442321 89.4537973432645
43.23140953247325 146.34710748370173 145.48085312920432 29.053443031595506 124.94958056549288 132.79053046293598 29.14078256668256 17.25322325388066 72.03257356207367 162.13201972031771 85.21810399759312 84.09954993485825 15.592129718376825 32.163964331725175 51.0398138512497 58.317596023043144 23.493986310444672 58.511549330046684 87.29792200174649 41.93583014256352 28.395605616266483 122.99391112246101 130.66418744892192 31.018971736089323 118.95746328864705 126.8421679369333 4.0018799205707705 7.26859834544118 38.83159349543018 162.04344284787996 75.79244321464371 65.85568848902675 13.82721604427903 69.42550498518148 55.3327211618604 57.18625266294195 19.159328287791933 61.68919257239532 78.90489399928818 54.52830471365551 144.6551092252998 128.16649099984352 111.92365006478563 96.05135455130669 80.76835529731473 66.48230563785576 53.99048015890904 44.8191049905128 41.246062067584084 44.63662554015552 141.22268522556516 124.2976071474099 107.49257345829832 90.8742066860023 74.56741526337021 58.831856026611874 44.28075241360249 32.543704021694175 27.497457973046995 32.432045956267096 139.12256792443495 121.91733659048563 104.7439625524921 87.62117949198141 70.58581425790777 53.72109388201844 37.25945995141222 22.119933508868655 13.748753964864003 22.078896877389994 138.4154446871464 121.11351410125484 103.81158351536045 86.50965292946755 69.20772234357318 51.905791757681655 34.603861171787294 17.301930585894358 0.0 17.301930585891526 139.12256792443495 121.91733659048562 104.7439625524921 87.6211794919814 70.58581425790776 53.7210938820184 37.25945995141218 22.119933508868602 13.748753964863916 22.07889687738994 141.22268522556513 124.29760714740986 107.49257345829828 90.87420668600224 74.56741526337014 58.83185602661179 44.280752413602386 32.543704021694026 27.497457973046817 32.43204595626695 144.65510922529975 128.16649099984343 111.92365006478558 96.05135455130662 80.76835529731464 66.48230563785566 53.99048015890891 44.81910499051264 41.24606206758391 44.63662554015536 149.32794857896513 133.39447415491762 117.84750305199445 102.86243701635748 88.72444226713377 75.9083071606587 65.19826892181635 57.77764428435607 54.994516290942904 57.52596109169391 155.1290878779991 139.8291258654254 125.05209051654306 111.00701155135833 98.0090723048881 86.53144090262495 77.2547257189278 71.04636090666413 68.74277068474002 70.72652978893308 161.93723569767496 147.3123221300988 133.32986290736204 120.21424450247625 108.28091691370837 97.96289860407559 89.81860713526449 84.47908038442321 82.49077528945665 84.0917424222011
60.45848107874709 161.53316301084948 161.89643842967592 19.86413924653752 141.40879598042858 150.09098855483273 19.743686361391255 32.29457353799775 87.04778359091638 176.6935817707715 102.51060600366883 101.40061304328378 14.336079668112474 46.45483187416309 68.32817130059485 69.64596800115804 28.99349513059655 71.63873972522299 100.37275508633472 50.03184140256581 44.21349891961605 139.1702877728268 147.17554582158786 48.04539716705735 135.53976613804207 144.07481270419984 14.336588829719512 23.186972794874755 55.67679752235491 176.80699670919833 93.0923573265679 82.69758358072531 9.225832319360702 86.71819410650615 71.5517862456009 68.22780105555029 26.966322666258623 76.059700375887 91.61676239509416 63.34331926118584 161.2628989977158 144.59803662487263 128.1021745191834 111.85011111233615 95.96579033166796 80.66674526242345 66.35902340914055 53.83884753503221 44.63662554015552 41.048026688549356 158.2060672066715 141.19670574564753 124.26813608951501 107.45854783303135 90.83402049468407 74.51851432910472 58.76996340177346 44.19862147841121 32.432045956267096 27.365434241599417 156.34326448173894 139.1159754459505 121.90982562150108 104.73523392444578 87.610761614905 70.57290244634572 53.70415488679709 37.23507255229012 22.078896877389994 13.682742055513986 155.7173752730379 138.4154446871464 121.11351410125201 103.81158351535905 86.50965292946472 69.20772234357318 51.90579175767881 34.60386117178588 17.301930585891526 0.0 156.34326448173894 139.1159754459505 121.90982562150107 104.73523392444575 87.610761614905 70.5729024463457 53.70415488679707 37.23507255229009 22.07889687738994 13.682742055513897 158.2060672066715 141.1967057456475 124.26813608951497 107.45854783303132 90.83402049468403 74.51851432910465 58.76996340177338 44.198621478411106 32.43204595626695 27.36543424159924 161.26289899771575 144.59803662487258 128.10217451918334 111.85011111233608 95.96579033166789 80.66674526242335 66.35902340914045 53.838847535032066 44.63662554015536 41.04802668854918 165.44754752783282 149.2296487698393 133.28459789126933 117.72331490759551 102.72036110685427 88.55995243216357 75.71629045204703 64.97497196093578 57.52596109169391 54.73046952610043 170.6770201617803 154.9812173876147 139.66531732684282 124.86918985687113 110.80125846913931 97.7763456734879 86.26818220453967 76.96021921531091 70.72652978893308 68.41271288315465 176.85858758355536 161.733224817548 147.08838323387099 133.08279160334774 119.94059707589538 107.97751942597746 97.62798290052245 89.4537973432645 84.0917424222011 82.09470688750066
97.29662398944703 60.55654256658608 34.22720671243781 163.53092318730037 33.56389712059279 17.063642899489803 163.7706945255001 128.11591659057953 81.92173526016754 77.22432810875752 55.9852262241719 56.38102131365601 150.46892475575154 114.80565063660502 88.21332729120566 122.1606181654265 143.74704805465925 112.72441048296722 89.42372009773382 136.71814837201237 113.84859843380093 40.393892166963944 30.768668331576738 108.39072897474901 33.3353885198797 29.01237833705849 142.54538010205886 134.40543519636608 101.09912609136553 73.98972257016766 63.94049985062637 80.97742417990415 151.65331852776632 70.00039970372038 87.89753797186577 123.72717642321551 140.64458999218664 103.96150842864897 94.8391617422257 133.58045469666115 57.09212678338561 59.531378942721375 66.53688297022902 76.87018986724787 89.38452306236499 103.29016126255169 118.09665296475117 133.50460308943212 149.32794857896513 165.44754752783285 42.81927208470929 46.09203098851991 54.901413176263894 67.10111479027503 81.17671237833649 96.3092012631054 112.07127398225848 128.2309761503434 144.6551092252998 161.2628989977158 28.546265673844395 33.32454629578916 44.77578681727379 59.143269961539225 74.76423794618766 90.9954161857329 107.56091230116948 124.32716332434735 141.22268522556516 158.2060672066715 14.273158122067928 22.408696249837586 37.40707011768865 53.806511913383886 70.6378450696884 87.65262226642709 104.76149973408344 121.92487057658218 139.12256792443495 156.34326448173894 0.0 17.301930585891526 34.60386117178588 51.90579175767881 69.20772234357318 86.50965292946472 103.81158351535905 121.11351410125201 138.4154446871464 155.7173752730379 14.273158122067928 22.408696249837586 37.40707011768865 53.806511913383886 70.6378450696884 87.65262226642709 104.76149973408344 121.92487057658218 139.12256792443495 156.34326448173894 28.546265673844303 33.32454629578909 44.77578681727373 59.1432699615392 74.76423794618765 90.99541618573286 107.56091230116945 124.32716332434734 141.22268522556513 158.2060672066715 42.8192720847092 46.092030988519824 54.90141317626382 67.10111479027498 81.17671237833643 96.30920126310535 112.07127398225846 128.2309761503434 144.65510922529978 161.26289899771575 57.09212678338551 59.53137894272129 66.53688297022894 76.8701898672478 89.38452306236493 103.29016126255163 118.09665296475113 133.5046030894321 149.32794857896513 165.44754752783282 71.3647791976111 73.2736958924878 79.01788325789697 87.84819750085562 98.94177226103004 111.62585433518218 125.41880631391939 139.99325398315924 155.1290878779991 170.6770201617803
80.3845005469505 59.68049120774398 37.85567883081072 146.62781385742267 26.932501002835124 19.856234190002553 146.86171873305 111.20632262495248 65.68384267488024 78.22421498518383 39.86997386031549 39.96775819481367 133.45827268505394 97.55050054978143 71.09819555908133 107.59202446758817 127.1149357656984 98.0778215124685 75.28535163771086 120.99856042816079 96.54682343064569 32.985405540407406 27.368893022022963 91.13186504939927 23.35684722507377 26.797907204677706 125.37057555610347 117.29608906195433 83.8082352612994 75.48697277667968 47.112866718068 65.3180122612369 134.54028191037548 53.008564130889305 70.68369322359669 109.0706217631545 123.88668672573974 89.39787790099433 79.86954742965071 118.68319634304356 59.531378942721375 56.83137888742419 59.281733258792286 66.31394947173088 76.67759526240974 89.21919670112588 103.14734232407135 117.97195056614484 133.39447415491765 149.22964876983932 46.09203098851991 42.623710923003614 45.910683032947325 54.749480104682306 66.97704829501926 81.07434302022625 96.22306306231295 111.99737186592345 128.16649099984352 144.59803662487263 33.32454629578916 28.41589145188692 33.21310015797055 44.693028439595786 59.08073454154051 74.71485281147861 90.95490586570992 107.5266953135818 124.29760714740988 141.1967057456475 22.408696249837586 14.207970976844209 22.36729358692858 37.382319577436505 53.78933372916444 70.62478064038352 87.64211013773217 104.75271791069079 121.91733659048562 139.1159754459505 17.301930585891526 0.0 17.301930585894358 34.603861171787294 51.905791757681655 69.20772234357318 86.50965292946755 103.81158351536045 121.11351410125484 138.4154446871464 22.408696249837586 14.207970976844209 22.36729358692858 37.382319577436505 53.78933372916444 70.62478064038352 87.64211013773217 104.75271791069079 121.91733659048562 139.1159754459505 33.32454629578909 28.41589145188683 33.21310015797047 44.69302843959573 59.08073454154047 74.71485281147856 90.9549058657099 107.52669531358175 124.29760714740986 141.1967057456475 46.092030988519824 42.62371092300352 45.91068303294724 54.74948010468224 66.9770482950192 81.0743430202262 96.2230630623129 111.99737186592343 128.1664909998435 144.59803662487258 59.53137894272129 56.831378887424094 59.2817332587922 66.3139494717308 76.67759526240967 89.21919670112584 103.1473423240713 117.9719505661448 133.39447415491762 149.2296487698393 73.2736958924878 71.03884484141018 72.95676278673801 78.72451834995559 87.58481110058169 98.708344501546 111.41931701935887 125.23529824831503 139.8291258654254 154.9812173876147
63.68213806170923 63.679851287157675 47.88852691348399 129.8298000725554 30.37917231800139 33.107166806396975 130.05612929469967 94.43894728067635 50.16247725358503 82.90442168617466 25.369198499236983 24.793876756794155 116.53340330959182 80.3154792277015 54.10202079062068 93.95512576190374 110.68833158707878 84.44183593040708 62.7524443568503 105.77405435716427 79.24511635918843 33.809997519575695 33.913295668568274 73.89314507863996 24.053018725111173 34.54341853784952 108.23626637907604 100.25285979116585 66.52308508811595 80.75130823802371 30.81508889803603 50.73707852656006 117.48258304182886 36.31077994354073 53.52667641208954 95.30520328097113 107.30158388515883 75.99122467176403 66.04942752465432 104.52921973396148 66.53688297022902 59.281733258792286 56.57021186987815 59.031785623947705 66.09094058166346 76.48510318955854 89.05407044356677 103.00476583438706 117.8475030519945 133.28459789126939 54.901413176263894 45.910683032947325 42.427835411896304 45.72916325868473 54.59758493127564 66.85312963224918 80.9721579069341 96.13711314358697 111.92365006478563 128.1021745191834 44.77578681727379 33.21310015797055 28.285307659750636 33.101614870394776 44.610367124195996 59.01832319843222 74.66558619315674 90.91450225411432 107.4925734582983 124.268136089515 37.40707011768865 22.36729358692858 14.142679045357772 22.32593871086207 37.35762744908348 53.77220228408961 70.61175375868221 87.63162910611061 104.7439625524921 121.90982562150107 34.60386117178588 17.301930585894358 0.0 17.30193058589294 34.603861171787294 51.90579175767881 69.20772234357318 86.50965292946613 103.81158351536045 121.11351410125201 37.40707011768865 22.36729358692858 14.142679045357772 22.32593871086207 37.35762744908348 53.77220228408961 70.61175375868221 87.63162910611061 104.7439625524921 121.90982562150107 44.77578681727373 33.21310015797047 28.285307659750547 33.1016148703947 44.61036712419594 59.018323198432185 74.66558619315671 90.9145022541143 107.49257345829828 124.26813608951497 54.90141317626382 45.91068303294724 42.42783541189621 45.72916325868464 54.59758493127556 66.85312963224911 80.97215790693406 96.13711314358693 111.92365006478559 128.10217451918336 66.53688297022894 59.2817332587922 56.57021186987806 59.03178562394762 66.09094058166339 76.48510318955847 89.05407044356672 103.00476583438699 117.84750305199445 133.28459789126933 79.01788325789697 72.95676278673801 70.71238660082807 72.63940405889029 78.43094699154636 87.32143431284672 98.47507986826078 111.21303358559582 125.05209051654306 139.66531732684282
47.411743055585255 71.74386478999466 61.2558360476208 113.18368437878287 41.46249740780485 48.955196682349296 113.39990034956749 77.9056724449767 36.28899991908493 90.69698355978582 17.213070789369553 15.190900332697739 99.7379964396914 63.117078166621006 37.38738874826633 81.71769951957523 94.57438019428129 72.38982295259987 52.97694801460927 91.29265547211531 61.943534142320445 42.38989720699172 46.36676508494574 56.69294765998738 34.78885339093473 47.61384145338648 91.16528846953322 83.31633196210653 49.24972032937977 89.11762572739286 16.680227856855595 38.48075443445119 100.5084006715274 20.633723981857486 36.506697762379616 82.87616007067015 90.98382803233892 64.46745067699918 54.26429221234041 91.46424399492247 76.87018986724787 66.31394947173088 59.031785623947705 56.30862765691056 58.78153960680257 65.86786214636372 76.2927201247144 88.88915028958837 102.86243701635752 117.72331490759555 67.10111479027503 54.749480104682306 45.72916325868473 42.231646996009964 45.54747499837952 54.445732472907146 66.72936329135099 80.87016075705712 96.05135455130669 111.85011111233615 59.143269961539225 44.693028439595786 33.101614870394776 28.15451526051742 32.99009334170501 44.52780585696473 58.9560381703524 74.61643978080359 90.87420668600227 107.45854783303132 53.806511913383886 37.382319577436505 22.32593871086207 14.077282809149589 22.284633111075745 37.33299457768667 53.755118128485634 70.59876482977717 87.6211794919814 104.73523392444575 51.90579175767881 34.603861171787294 17.30193058589294 0.0 17.301930585894358 34.60386117178588 51.90579175768023 69.20772234357318 86.50965292946755 103.81158351535905 53.806511913383886 37.382319577436505 22.32593871086207 14.077282809149589 22.284633111075745 37.33299457768667 53.755118128485634 70.59876482977717 87.6211794919814 104.73523392444575 59.1432699615392 44.69302843959573 33.1016148703947 28.154515260517325 32.99009334170494 44.52780585696468 58.95603817035236 74.61643978080357 90.87420668600224 107.45854783303132 67.10111479027498 54.74948010468224 45.72916325868464 42.23164699600987 45.547474998379435 54.44573247290707 66.72936329135094 80.87016075705709 96.05135455130664 111.85011111233612 76.8701898672478 66.3139494717308 59.03178562394762 56.30862765691047 58.78153960680249 65.86786214636365 76.29272012471435 88.8891502895883 102.86243701635748 117.72331490759551 87.84819750085562 78.72451834995559 72.63940405889029 70.38540688356798 72.32162352930065 78.13717556457807 87.0580750295059 98.24198642871599 111.00701155135833 124.86918985687113
32.23420454404936 82.69181976327852 76.22303942711515 96.76788757045988 55.80406214547825 65.54273720996743 96.9700279774819 61.794686654417404 26.76227496511025 100.8832339134391 23.40289589229537 21.1069438807183 83.15053871659109 45.99639350718401 21.617538322455164 71.60093576861114 78.96471879101117 62.83985604972858 47.68592471458232 77.96952436740762 44.642221946565506 55.22136667513026 61.22378744598924 39.58152475186253 49.4033616637255 62.76637819339431 74.2013652264157 66.56799783094218 32.00722740660691 99.80889418291746 14.338866869034415 31.400552528770934 83.6685802359903 11.477863345495907 19.977141164329154 72.47433296764726 75.1078712620283 56.0012364367359 46.10210630397081 80.02344374509796 89.38452306236499 76.67759526240974 66.09094058166346 58.78153960680257 56.04662817775995 58.53099880974778 65.64472007111259 76.10045259133219 88.72444226713382 102.72036110685431 81.17671237833649 66.97704829501926 54.59758493127564 45.54747499837952 42.035147122274246 45.365621619723186 54.29392758643591 66.60575378273762 80.76835529731473 95.96579033166796 74.76423794618766 59.08073454154051 44.610367124195996 32.99009334170501 28.023515218807418 32.878538509794545 44.44534763782584 58.89388169840732 74.56741526337018 90.83402049468404 70.6378450696884 53.78933372916444 37.35762744908348 22.284633111075745 14.01178275052985 22.2433782840141 37.30842180802645 53.73808181168163 70.58581425790776 87.610761614905 69.20772234357318 51.905791757681655 34.603861171787294 17.301930585894358 0.0 17.301930585891526 34.60386117178588 51.90579175767881 69.20772234357318 86.50965292946472 70.6378450696884 53.78933372916444 37.35762744908348 22.284633111075745 14.01178275052985 22.2433782840141 37.30842180802645 53.73808181168163 70.58581425790776 87.610761614905 74.76423794618765 59.08073454154047 44.61036712419594 32.99009334170494 28.02351521880733 32.878538509794474 44.44534763782578 58.89388169840729 74.56741526337014 90.83402049468403 81.17671237833643 66.9770482950192 54.59758493127556 45.547474998379435 42.03514712227416 45.36562161972311 54.293927586435835 66.60575378273758 80.76835529731468 95.96579033166792 89.38452306236493 76.67759526240967 66.09094058166339 58.78153960680249 56.04662817775985 58.53099880974769 65.64472007111253 76.10045259133211 88.72444226713377 102.72036110685427 98.94177226103004 87.58481110058169 78.43094699154636 72.32162352930065 70.0579081011763 72.00342504953711 77.84321051898233 86.79474121408221 98.0090723048881 110.80125846913931
20.71053831235564 95.53736557984683 92.01268324894058 80.72304474524348 71.46858115711048 82.42452214131576 80.90453353976294 46.54657089833131 26.72559939042737 112.81664464308912 37.38734308462252 35.48175877582928 66.92582873735269 29.090963918549154 11.641822484536352 64.60882619062201 64.22808594023914 57.06230611550205 48.373964667409275 66.50446553620546 27.341692369685155 70.00431264543572 77.10731066126797 22.75999234468011 65.34394524379373 78.80906524587381 57.43942634559192 50.196587405433284 14.903147682623912 112.1622316548838 27.04975062709812 33.014085618656 67.06441275163499 20.891268151199156 8.009160410739545 65.07914309411012 60.025294590594726 52.10494299204137 43.645151683539474 70.99639875632413 103.29016126255169 89.21919670112588 76.48510318955854 65.86786214636372 58.53099880974778 55.78421536472615 58.28016686964763 65.42152032100176 75.90830716065877 88.55995243216363 96.3092012631054 81.07434302022625 66.85312963224918 54.445732472907146 45.365621619723186 41.838337239915404 45.18360652613236 54.14217516910069 66.48230563785576 80.66674526242345 90.9954161857329 74.71485281147861 59.01832319843222 44.52780585696473 32.878538509794545 27.8923085007721 32.76695334225426 44.36299548072211 58.83185602661183 74.51851432910468 87.65262226642709 70.62478064038352 53.77220228408961 37.33299457768667 22.2433782840141 13.946179352574479 22.202175733148056 37.28390998456543 53.7210938820184 70.5729024463457 86.50965292946472 69.20772234357318 51.90579175767881 34.60386117178588 17.301930585891526 0.0 17.301930585894358 34.603861171787294 51.905791757681655 69.20772234357318 87.65262226642709 70.62478064038352 53.77220228408961 37.33299457768667 22.2433782840141 13.946179352574479 22.202175733148056 37.28390998456543 53.7210938820184 70.5729024463457 90.99541618573286 74.71485281147856 59.018323198432185 44.52780585696468 32.878538509794474 27.892308500772014 32.76695334225418 44.362995480722056 58.83185602661179 74.51851432910465 96.30920126310535 81.0743430202262 66.85312963224911 54.44573247290707 45.36562161972311 41.83833723991531 45.18360652613228 54.142175169100625 66.4823056378557 80.6667452624234 103.29016126255163 89.21919670112584 76.48510318955847 65.86786214636365 58.53099880974769 55.784215364726066 58.28016686964755 65.42152032100168 75.9083071606587 88.55995243216357 111.62585433518218 98.708344501546 87.32143431284672 78.13717556457807 72.00342504953711 69.72989266902502 71.6848125030248 77.54905837390552 86.53144090262495 97.7763456734879
20.433324334986377 109.61539870446316 108.26552483237762 65.32307459072955 87.75040121415915 99.45082015712681 65.4722006918923 33.36605595784182 36.20782262903613 126.00177815088254 53.353945180585896 51.68287753634081 51.408475214196166 13.251922668898992 20.061381815118388 61.81101577643869 51.12508208974719 56.23223523762366 54.81638574561752 58.009831596989265 10.04598954691254 85.7351546309854 93.49562839464366 8.249288691941498 81.8393635682402 95.29338643426071 41.12718218041054 34.739146901508306 4.296343363586107 125.68851884701121 43.086978532423856 42.33879913520576 50.926918448371985 36.60412243613997 18.108573264366157 61.779897122942224 46.51438443155867 53.78114913358021 47.781780929305334 65.3905130157208 118.09665296475117 103.14734232407135 89.05407044356677 76.2927201247144 65.64472007111259 58.28016686964763 55.52139115315591 58.02904745853643 65.19826892181642 75.71629045204709 112.07127398225848 96.22306306231295 80.9721579069341 66.72936329135099 54.29392758643591 45.18360652613236 41.64121880044532 45.00143315742027 53.99048015890904 66.35902340914055 107.56091230116948 90.95490586570992 74.66558619315674 58.9560381703524 44.44534763782584 32.76695334225426 27.76089607408694 32.65534083679141 44.280752413602436 58.76996340177343 104.76149973408344 87.64211013773217 70.61175375868221 53.755118128485634 37.30842180802645 22.202175733148056 13.88047309912148 22.161026968940636 37.25945995141218 53.70415488679707 103.81158351535905 86.50965292946755 69.20772234357318 51.90579175768023 34.60386117178588 17.301930585894358 0.0 17.30193058589294 34.603861171787294 51.90579175767881 104.76149973408344 87.64211013773217 70.61175375868221 53.755118128485634 37.30842180802645 22.202175733148056 13.88047309912148 22.161026968940636 37.25945995141218 53.70415488679707 107.56091230116945 90.9549058657099 74.66558619315671 58.95603817035236 44.44534763782578 32.76695334225418 27.760896074086844 32.65534083679133 44.280752413602386 58.76996340177338 112.07127398225846 96.2230630623129 80.97215790693406 66.72936329135094 54.293927586435835 45.18360652613228 41.64121880044524 45.001433157420195 53.99048015890897 66.3590234091405 118.09665296475113 103.1473423240713 89.05407044356672 76.29272012471435 65.64472007111253 58.28016686964755 55.52139115315582 58.029047458536354 65.19826892181635 75.71629045204703 125.41880631391939 111.41931701935887 98.47507986826078 87.0580750295059 77.84321051898233 71.6848125030248 69.4013630062936 71.36578980569388 77.2547257189278 86.26818220453967
31.69900599642626 124.50855106727083 124.80072798266505 51.15375282517526 104.36099756974374 116.55831905118606 51.248247526435776 25.665435552818924 50.06461456521924 140.08563541599514 69.95845671783901 68.4251193188505 37.48741660772251 10.18116072981727 35.6103775862122 63.762040053325 41.2432758065532 60.553447549792736 65.33249177490995 53.908594928750446 7.279373142048933 101.9761648095407 110.16368577538954 14.724049676052106 98.61157584843271 112.02455280411583 26.121157077257998 22.195295810660586 20.335360154215955 140.04830608621563 59.83309479940764 55.623078735409614 35.891196880630346 53.310331363027686 34.502282455753765 63.22113101768852 36.37098061183491 60.56896264749399 57.09642874575138 64.10961875766647 133.50460308943212 117.97195056614484 103.00476583438706 88.88915028958837 76.10045259133219 65.42152032100176 58.02904745853643 55.25815748142887 57.777644284356164 64.97497196093585 128.2309761503434 111.99737186592345 96.13711314358697 80.87016075705712 66.60575378273762 54.14217516910069 45.00143315742027 41.44379325765109 44.8191049905128 53.83884753503221 124.32716332434735 107.5266953135818 90.91450225411432 74.61643978080359 58.89388169840732 44.36299548072211 32.65534083679141 27.629278907944446 32.543704021694104 44.198621478411155 121.92487057658218 104.75271791069079 87.63162910611061 70.59876482977717 53.73808181168163 37.28390998456543 22.161026968940636 13.814664474767438 22.119933508868602 37.23507255229009 121.11351410125201 103.81158351536045 86.50965292946613 69.20772234357318 51.90579175767881 34.603861171787294 17.30193058589294 0.0 17.301930585894358 34.60386117178588 121.92487057658218 104.75271791069079 87.63162910611061 70.59876482977717 53.73808181168163 37.28390998456543 22.161026968940636 13.814664474767438 22.119933508868602 37.23507255229009 124.32716332434734 107.52669531358175 90.9145022541143 74.61643978080357 58.89388169840729 44.362995480722056 32.65534083679133 27.629278907944357 32.543704021694026 44.198621478411106 128.2309761503434 111.99737186592343 96.13711314358693 80.87016075705709 66.60575378273758 54.142175169100625 45.001433157420195 41.443793257651 44.81910499051272 53.83884753503213 133.5046030894321 117.9719505661448 103.00476583438699 88.8891502895883 76.10045259133211 65.42152032100168 58.029047458536354 55.25815748142878 57.77764428435607 64.97497196093578 139.99325398315924 125.23529824831503 111.21303358559582 98.24198642871599 86.79474121408221 77.54905837390552 71.36578980569388 69.0723215359515 71.04636090666413 76.96021921531091
46.80646440958664 139.95684759431967 141.51935341772466 39.560295946428404 121.16522931112969 133.7158561297694 39.558374342829644 28.334536138952146 65.57922917224158 154.82314673718017 86.83570707332764 85.3907874181527 27.68558817215985 25.10800509523229 52.2728599299663 70.06631617992144 37.241755669194916 69.06572210714265 78.29773600447554 55.18905754009175 24.57173668530603 118.5177967133963 127.00138881689622 31.052501933807793 115.540103713485 128.90648379104508 16.489296461208582 19.420758821367418 37.51411374085075 155.0101255137274 76.82593020353826 70.66815956680084 24.1146517781323 70.30529167213258 51.4937652288076 69.10688838121501 32.87577840280582 71.01751042030236 69.53855064363233 67.40074710848862 149.32794857896513 133.39447415491765 117.8475030519945 102.86243701635752 88.72444226713382 75.90830716065877 65.19826892181642 57.777644284356164 54.994516290943 57.525961091693986 144.6551092252998 128.16649099984352 111.92365006478563 96.05135455130669 80.76835529731473 66.48230563785576 53.99048015890904 44.8191049905128 41.246062067584084 44.63662554015552 141.22268522556516 124.29760714740988 107.4925734582983 90.87420668600227 74.56741526337018 58.83185602661183 44.280752413602436 32.543704021694104 27.497457973046906 32.43204595626702 139.12256792443495 121.91733659048562 104.7439625524921 87.6211794919814 70.58581425790776 53.7210938820184 37.25945995141218 22.119933508868602 13.748753964863916 22.07889687738994 138.4154446871464 121.11351410125484 103.81158351536045 86.50965292946755 69.20772234357318 51.905791757681655 34.603861171787294 17.301930585894358 0.0 17.301930585891526 139.12256792443495 121.91733659048562 104.7439625524921 87.6211794919814 70.58581425790776 53.7210938820184 37.25945995141218 22.119933508868602 13.748753964863916 22.07889687738994 141.22268522556513 124.29760714740986 107.49257345829828 90.87420668600224 74.56741526337014 58.83185602661179 44.280752413602386 32.543704021694026 27.497457973046817 32.43204595626695 144.65510922529978 128.1664909998435 111.92365006478559 96.05135455130664 80.76835529731468 66.4823056378557 53.99048015890897 44.81910499051272 41.24606206758399 44.636625540155435 149.32794857896513 133.39447415491762 117.84750305199445 102.86243701635748 88.72444226713377 75.9083071606587 65.19826892181635 57.77764428435607 54.994516290942904 57.52596109169391 155.1290878779991 139.8291258654254 125.05209051654306 111.00701155135833 98.0090723048881 86.53144090262495 77.2547257189278 71.04636090666413 68.74277068474002 70.72652978893308
63.052161988719035 155.7952352655359 158.3633193870335 33.34720131962332 138.0924250417561 150.90636484690583 33.19721948966479 39.315235703964845 81.81390726070846 170.04444314069346 103.85281188318169 102.46896455359993 26.951576752055058 41.903235108858176 69.24967668226175 79.6973927111012 40.88515276858191 80.44952554054366 92.69001613838634 61.516070719819254 41.872005172298046 135.249793290121 143.94921959555742 48.06694785795971 132.56507629690114 145.88684963079535 21.45206904469656 29.332788457142303 54.7704677520325 170.4154825456702 93.93168088630534 86.56072768746039 21.761577912266127 87.42076183898989 68.64052384717674 78.44302092672994 37.91429392499911 83.76798106830934 83.72527777753679 74.66171490771144 165.44754752783285 149.22964876983932 133.28459789126939 117.72331490759555 102.72036110685431 88.55995243216363 75.71629045204709 64.97497196093585 57.525961091693986 54.73046952610052 161.2628989977158 144.59803662487263 128.1021745191834 111.85011111233615 95.96579033166796 80.66674526242345 66.35902340914055 53.83884753503221 44.63662554015552 41.048026688549356 158.2060672066715 141.1967057456475 124.268136089515 107.45854783303132 90.83402049468404 74.51851432910468 58.76996340177343 44.198621478411155 32.43204595626702 27.365434241599328 156.34326448173894 139.1159754459505 121.90982562150107 104.73523392444575 87.610761614905 70.5729024463457 53.70415488679707 37.23507255229009 22.07889687738994 13.682742055513897 155.7173752730379 138.4154446871464 121.11351410125201 103.81158351535905 86.50965292946472 69.20772234357318 51.90579175767881 34.60386117178588 17.301930585891526 0.0 156.34326448173894 139.1159754459505 121.90982562150107 104.73523392444575 87.610761614905 70.5729024463457 53.70415488679707 37.23507255229009 22.07889687738994 13.682742055513897 158.2060672066715 141.1967057456475 124.26813608951497 107.45854783303132 90.83402049468403 74.51851432910465 58.76996340177338 44.198621478411106 32.43204595626695 27.36543424159924 161.26289899771575 144.59803662487258 128.10217451918336 111.85011111233612 95.96579033166792 80.6667452624234 66.3590234091405 53.83884753503213 44.636625540155435 41.048026688549264 165.44754752783282 149.2296487698393 133.28459789126933 117.72331490759551 102.72036110685427 88.55995243216357 75.71629045204703 64.97497196093578 57.52596109169391 54.73046952610043 170.6770201617803 154.9812173876147 139.66531732684282 124.86918985687113 110.80125846913931 97.7763456734879 86.26818220453967 76.96021921531091 70.72652978893308 68.41271288315465
100.98497222702983 46.626903202860554 19.965091954814913 166.9760486838638 23.7686430477398 30.886843593812586 167.19453602853474 131.65127415946176 78.66565719358609 62.97483040164376 61.84642416242927 61.70584103018433 153.54390125113912 114.69911311680018 91.16943043166987 129.9432303183641 148.06273129186388 120.4224378793654 82.75636928307522 142.90603637690847 114.65773113974716 30.23711346571261 19.310599545186616 110.21113360953672 26.15567518031469 42.378031348796654 144.8344164964146 137.09351779320883 102.53371237935042 59.72331188097686 68.21166447189758 87.40027248516404 154.2569592842994 73.67284083230929 87.73959891469845 131.40502369627413 144.61882529875453 111.76277033253311 89.15945626412463 140.95394855885698 71.36477919761118 73.27369589248786 79.01788325789705 87.84819750085569 98.94177226103011 111.62585433518223 125.41880631391945 139.99325398315926 155.12908787799913 170.67702016178032 57.09212678338561 59.531378942721375 66.53688297022902 76.87018986724787 89.38452306236499 103.29016126255169 118.09665296475117 133.50460308943212 149.32794857896513 165.44754752783285 42.8192720847092 46.092030988519824 54.90141317626382 67.10111479027498 81.17671237833643 96.30920126310535 112.07127398225846 128.2309761503434 144.65510922529978 161.26289899771575 28.546265673844303 33.32454629578909 44.77578681727373 59.1432699615392 74.76423794618765 90.99541618573286 107.56091230116945 124.32716332434734 141.22268522556513 158.2060672066715 14.273158122067928 22.408696249837586 37.40707011768865 53.806511913383886 70.6378450696884 87.65262226642709 104.76149973408344 121.92487057658218 139.12256792443495 156.34326448173894 0.0 17.301930585891526 34.60386117178588 51.90579175767881 69.20772234357318 86.50965292946472 103.81158351535905 121.11351410125201 138.4154446871464 155.7173752730379 14.273158122067928 22.408696249837586 37.40707011768865 53.806511913383886 70.6378450696884 87.65262226642709 104.76149973408344 121.92487057658218 139.12256792443495 156.34326448173894 28.546265673844395 33.32454629578916 44.77578681727379 59.143269961539225 74.76423794618766 90.9954161857329 107.56091230116948 124.32716332434735 141.22268522556516 158.2060672066715 42.8192720847092 46.092030988519824 54.90141317626382 67.10111479027498 81.17671237833643 96.30920126310535 112.07127398225846 128.2309761503434 144.65510922529978 161.26289899771575 57.09212678338551 59.53137894272129 66.53688297022894 76.8701898672478 89.38452306236493 103.29016126255163 118.09665296475113 133.5046030894321 149.32794857896513 165.44754752783282
84.79180646131091 45.558245450249785 25.762078950255706 150.443109154234 12.897230735850277 32.46647954646759 150.6530359957472 115.2432496860781 61.5944420964709 64.268055401446 47.718873319288825 47.15227586831836 136.90016396919307 97.42567077145024 74.71813442568897 116.31458433567549 131.9537442851009 106.79798826838886 67.26925749212604 127.91795685766648 97.49530186460157 19.337307085772814 13.336631215981459 93.27988858433311 10.971110234387998 40.84053059700809 127.95541138018655 120.35297311111125 85.52550012477643 61.63917960880171 52.73977310574817 73.09553900402533 137.45513579748203 57.75054221452186 70.48809491656708 117.67027187020129 128.36049539017347 98.32190336487987 73.06757630111532 126.88854398449791 73.27369589248786 71.03884484141027 72.9567627867381 78.72451834995566 87.58481110058176 98.70834450154607 111.41931701935894 125.23529824831508 139.82912586542542 154.98121738761475 59.531378942721375 56.83137888742419 59.281733258792286 66.31394947173088 76.67759526240974 89.21919670112588 103.14734232407135 117.97195056614484 133.39447415491765 149.22964876983932 46.092030988519824 42.62371092300352 45.91068303294724 54.74948010468224 66.9770482950192 81.0743430202262 96.2230630623129 111.99737186592343 128.1664909998435 144.59803662487258 33.32454629578909 28.41589145188683 33.21310015797047 44.69302843959573 59.08073454154047 74.71485281147856 90.9549058657099 107.52669531358175 124.29760714740986 141.1967057456475 22.408696249837586 14.207970976844209 22.36729358692858 37.382319577436505 53.78933372916444 70.62478064038352 87.64211013773217 104.75271791069079 121.91733659048562 139.1159754459505 17.301930585891526 0.0 17.301930585894358 34.603861171787294 51.905791757681655 69.20772234357318 86.50965292946755 103.81158351536045 121.11351410125484 138.4154446871464 22.408696249837586 14.207970976844209 22.36729358692858 37.382319577436505 53.78933372916444 70.62478064038352 87.64211013773217 104.75271791069079 121.91733659048562 139.1159754459505 33.32454629578916 28.41589145188692 33.21310015797055 44.693028439595786 59.08073454154051 74.71485281147861 90.95490586570992 107.5266953135818 124.29760714740988 141.1967057456475 46.092030988519824 42.62371092300352 45.91068303294724 54.74948010468224 66.9770482950192 81.0743430202262 96.2230630623129 111.99737186592343 128.1664909998435 144.59803662487258 59.53137894272129 56.831378887424094 59.2817332587922 66.3139494717308 76.67759526240967 89.21919670112584 103.1473423240713 117.9719505661448 133.39447415491762 149.2296487698393
69.13786702558778 50.75177749812236 39.082939703508025 134.10428860184643 19.142663230884416 41.86712979806368 134.3032560707367 99.139605139642 44.70098372276751 69.95449095871069 36.44050450843741 35.18199643934426 120.44204444595984 80.16451536665616 58.75750653216738 103.78635461681249 116.18825106057345 94.38615727193539 52.91878237234041 113.58945080593588 80.39269358954832 20.791629658353237 24.11524380434084 76.51465689052147 12.462924000472118 46.246144288199645 111.20645487429317 103.79668626145958 68.66419971014132 68.04850496694851 38.84387003592012 60.380557423923314 120.79456482800755 42.91005925578203 53.269308792580965 104.99519535773562 112.41410878209092 86.26800547342495 57.68051715034701 113.71927452158361 79.01788325789705 72.9567627867381 70.71238660082815 72.63940405889038 78.43094699154645 87.32143431284678 98.47507986826085 111.21303358559587 125.05209051654312 139.66531732684285 66.53688297022902 59.281733258792286 56.57021186987815 59.031785623947705 66.09094058166346 76.48510318955854 89.05407044356677 103.00476583438706 117.8475030519945 133.28459789126939 54.90141317626382 45.91068303294724 42.42783541189621 45.72916325868464 54.59758493127556 66.85312963224911 80.97215790693406 96.13711314358693 111.92365006478559 128.10217451918336 44.77578681727373 33.21310015797047 28.285307659750547 33.1016148703947 44.61036712419594 59.018323198432185 74.66558619315671 90.9145022541143 107.49257345829828 124.26813608951497 37.40707011768865 22.36729358692858 14.142679045357772 22.32593871086207 37.35762744908348 53.77220228408961 70.61175375868221 87.63162910611061 104.7439625524921 121.90982562150107 34.60386117178588 17.301930585894358 0.0 17.30193058589294 34.603861171787294 51.90579175767881 69.20772234357318 86.50965292946613 103.81158351536045 121.11351410125201 37.40707011768865 22.36729358692858 14.142679045357772 22.32593871086207 37.35762744908348 53.77220228408961 70.61175375868221 87.63162910611061 104.7439625524921 121.90982562150107 44.77578681727379 33.21310015797055 28.285307659750636 33.101614870394776 44.610367124195996 59.01832319843222 74.66558619315674 90.91450225411432 107.4925734582983 124.268136089515 54.90141317626382 45.91068303294724 42.42783541189621 45.72916325868464 54.59758493127556 66.85312963224911 80.97215790693406 96.13711314358693 111.92365006478559 128.10217451918336 66.53688297022894 59.2817332587922 56.57021186987806 59.03178562394762 66.09094058166339 76.48510318955847 89.05407044356672 103.00476583438699 117.84750305199445 133.28459789126933
54.48988215664341 60.61877328336933 54.68070307552694 118.04022290224903 34.13586643226212 55.229972816555915 118.2247642741776 83.5165978424362 28.30536287584652 79.09217941488646 31.264015666987042 29.17050014948538 104.25748480725203 62.92575900136859 43.82693156918647 92.80526780703002 100.92734792449326 83.72796847268529 40.91882488167227 100.2038630841464 63.39833752458724 33.00551902787504 39.79870612779213 60.05463583992409 28.0890902084322 56.64069479801199 94.65660629210151 87.52927765973637 52.09266383141064 77.84924969491288 28.894962994202718 50.47147024063373 104.34293024705332 30.759253146664808 36.13004872033229 93.81031261010554 96.9337395367559 76.26160956917934 43.7484022341046 101.79453828615763 87.84819750085569 78.72451834995566 72.63940405889038 70.38540688356808 72.32162352930075 78.13717556457814 87.05807502950596 98.24198642871605 111.00701155135837 124.86918985687117 76.87018986724787 66.31394947173088 59.031785623947705 56.30862765691056 58.78153960680257 65.86786214636372 76.2927201247144 88.88915028958837 102.86243701635752 117.72331490759555 67.10111479027498 54.74948010468224 45.72916325868464 42.23164699600987 45.547474998379435 54.44573247290707 66.72936329135094 80.87016075705709 96.05135455130664 111.85011111233612 59.1432699615392 44.69302843959573 33.1016148703947 28.154515260517325 32.99009334170494 44.52780585696468 58.95603817035236 74.61643978080357 90.87420668600224 107.45854783303132 53.806511913383886 37.382319577436505 22.32593871086207 14.077282809149589 22.284633111075745 37.33299457768667 53.755118128485634 70.59876482977717 87.6211794919814 104.73523392444575 51.90579175767881 34.603861171787294 17.30193058589294 0.0 17.301930585894358 34.60386117178588 51.90579175768023 69.20772234357318 86.50965292946755 103.81158351535905 53.806511913383886 37.382319577436505 22.32593871086207 14.077282809149589 22.284633111075745 37.33299457768667 53.755118128485634 70.59876482977717 87.6211794919814 104.73523392444575 59.143269961539225 44.693028439595786 33.101614870394776 28.15451526051742 32.99009334170501 44.52780585696473 58.9560381703524 74.61643978080359 90.87420668600227 107.45854783303132 67.10111479027498 54.74948010468224 45.72916325868464 42.23164699600987 45.547474998379435 54.44573247290707 66.72936329135094 80.87016075705709 96.05135455130664 111.85011111233612 76.8701898672478 66.3139494717308 59.03178562394762 56.30862765691047 58.78153960680249 65.86786214636365 76.29272012471435 88.8891502895883 102.86243701635748 117.72331490759551
41.916085753041244 73.2955114170131 71.07175283267583 102.38032573027131 50.623966904800426 70.33173048811113 102.54524925421995 68.70290403040896 14.245075023790545 90.64330677295258 35.00965282986014 32.60019533863331 88.49670106339113 45.73473724701403 31.430330618383504 83.9804353051527 86.43870808234726 75.56909658467826 33.867552456289104 88.1915881195481 46.63074029635479 48.42673551528275 56.436174651492266 44.241805057295 44.95979094770113 69.83076883716699 78.4320076799583 71.74751036215967 36.210924888436445 89.93947082383629 27.562685073769575 45.250752509526734 88.2172033051463 25.489223850814966 19.2835424352508 84.70799250372849 82.18315398592753 69.19674601303262 33.15889962733674 91.60167289296523 98.94177226103011 87.58481110058176 78.43094699154645 72.32162352930075 70.0579081011764 72.0034250495372 77.8432105189824 86.79474121408228 98.00907230488815 110.80125846913936 89.38452306236499 76.67759526240974 66.09094058166346 58.78153960680257 56.04662817775995 58.53099880974778 65.64472007111259 76.10045259133219 88.72444226713382 102.72036110685431 81.17671237833643 66.9770482950192 54.59758493127556 45.547474998379435 42.03514712227416 45.36562161972311 54.293927586435835 66.60575378273758 80.76835529731468 95.96579033166792 74.76423794618765 59.08073454154047 44.61036712419594 32.99009334170494 28.02351521880733 32.878538509794474 44.44534763782578 58.89388169840729 74.56741526337014 90.83402049468403 70.6378450696884 53.78933372916444 37.35762744908348 22.284633111075745 14.01178275052985 22.2433782840141 37.30842180802645 53.73808181168163 70.58581425790776 87.610761614905 69.20772234357318 51.905791757681655 34.603861171787294 17.301930585894358 0.0 17.301930585891526 34.60386117178588 51.90579175767881 69.20772234357318 86.50965292946472 70.6378450696884 53.78933372916444 37.35762744908348 22.284633111075745 14.01178275052985 22.2433782840141 37.30842180802645 53.73808181168163 70.58581425790776 87.610761614905 74.76423794618766 59.08073454154051 44.610367124195996 32.99009334170501 28.023515218807418 32.878538509794545 44.44534763782584 58.89388169840732 74.56741526337018 90.83402049468404 81.17671237833643 66.9770482950192 54.59758493127556 45.547474998379435 42.03514712227416 45.36562161972311 54.293927586435835 66.60575378273758 80.76835529731468 95.96579033166792 89.38452306236493 76.67759526240967 66.09094058166339 58.78153960680249 56.04662817775985 58.53099880974769 65.64472007111253 76.10045259133211 88.72444226713377 102.72036110685427
33.81534591194755 87.57015403408498 87.81298572223139 87.34226264097232 67.52057093842734 86.26391949040541 87.47950824245325 55.35216372031429 14.26056557388703 103.80529591178602 45.52605535012614 43.28206146762195 73.43306443871568 28.677424212084322 25.566419967206528 78.04674720323064 73.18245535972414 70.77918936420595 34.905302847088684 78.18816693771095 30.466627672146938 64.80466914453856 73.38160112229342 30.113565144213087 62.06836484561282 84.51751161124292 62.78531474591769 56.85722878920166 22.528397424703247 103.52008128821392 35.821702995368334 46.331367324462896 72.63477467088583 30.854170228238115 6.086298069986928 78.41682711431785 68.63450057394871 66.02452925019631 29.728973042178932 83.77522756750699 111.62585433518223 98.70834450154607 87.32143431284678 78.13717556457814 72.0034250495372 69.7298926690251 71.68481250302489 77.5490583739056 86.53144090262502 97.77634567348795 103.29016126255169 89.21919670112588 76.48510318955854 65.86786214636372 58.53099880974778 55.78421536472615 58.28016686964763 65.42152032100176 75.90830716065877 88.55995243216363 96.30920126310535 81.0743430202262 66.85312963224911 54.44573247290707 45.36562161972311 41.83833723991531 45.18360652613228 54.142175169100625 66.4823056378557 80.6667452624234 90.99541618573286 74.71485281147856 59.018323198432185 44.52780585696468 32.878538509794474 27.892308500772014 32.76695334225418 44.362995480722056 58.83185602661179 74.51851432910465 87.65262226642709 70.62478064038352 53.77220228408961 37.33299457768667 22.2433782840141 13.946179352574479 22.202175733148056 37.28390998456543 53.7210938820184 70.5729024463457 86.50965292946472 69.20772234357318 51.90579175767881 34.60386117178588 17.301930585891526 0.0 17.301930585894358 34.603861171787294 51.905791757681655 69.20772234357318 87.65262226642709 70.62478064038352 53.77220228408961 37.33299457768667 22.2433782840141 13.946179352574479 22.202175733148056 37.28390998456543 53.7210938820184 70.5729024463457 90.9954161857329 74.71485281147861 59.01832319843222 44.52780585696473 32.878538509794545 27.8923085007721 32.76695334225426 44.36299548072211 58.83185602661183 74.51851432910468 96.30920126310535 81.0743430202262 66.85312963224911 54.44573247290707 45.36562161972311 41.83833723991531 45.18360652613228 54.142175169100625 66.4823056378557 80.6667452624234 103.29016126255163 89.21919670112584 76.48510318955847 65.86786214636365 58.53099880974769 55.784215364726066 58.28016686964755 65.42152032100168 75.9083071606587 88.55995243216357
33.596210803322876 102.77906073305836 104.73661499692987 73.30970919965402 84.58121423274325 102.64055910989352 73.40642711083436 44.79219947963992 28.328753444062446 118.04051861077647 59.31506089529126 57.294069546926856 59.597564545801866 12.322197493119841 30.300633198939178 75.68726073710901 61.95477473073303 70.0527556204424 43.45638505554299 71.04726510885102 16.75462874173426 81.56502667852607 90.46209002318042 21.331379673826532 79.26092559624756 100.04393427250832 48.281682571527085 43.77775822253273 17.39363253641281 118.07794938576916 49.044849652701075 53.33164440244793 58.03493508408376 43.04613243950742 17.347751052164774 75.64151700147546 57.14911609706613 67.29769316942267 35.592419684344875 79.02148351484999 125.41880631391945 111.41931701935894 98.47507986826085 87.05807502950596 77.8432105189824 71.68481250302489 69.40136300629368 71.36578980569396 77.25472571892789 86.26818220453976 118.09665296475117 103.14734232407135 89.05407044356677 76.2927201247144 65.64472007111259 58.28016686964763 55.52139115315591 58.02904745853643 65.19826892181642 75.71629045204709 112.07127398225846 96.2230630623129 80.97215790693406 66.72936329135094 54.293927586435835 45.18360652613228 41.64121880044524 45.001433157420195 53.99048015890897 66.3590234091405 107.56091230116945 90.9549058657099 74.66558619315671 58.95603817035236 44.44534763782578 32.76695334225418 27.760896074086844 32.65534083679133 44.280752413602386 58.76996340177338 104.76149973408344 87.64211013773217 70.61175375868221 53.755118128485634 37.30842180802645 22.202175733148056 13.88047309912148 22.161026968940636 37.25945995141218 53.70415488679707 103.81158351535905 86.50965292946755 69.20772234357318 51.90579175768023 34.60386117178588 17.301930585894358 0.0 17.30193058589294 34.603861171787294 51.90579175767881 104.76149973408344 87.64211013773217 70.61175375868221 53.755118128485634 37.30842180802645 22.202175733148056 13.88047309912148 22.161026968940636 37.25945995141218 53.70415488679707 107.56091230116948 90.95490586570992 74.66558619315674 58.9560381703524 44.44534763782584 32.76695334225426 27.76089607408694 32.65534083679141 44.280752413602436 58.76996340177343 112.07127398225846 96.2230630623129 80.97215790693406 66.72936329135094 54.293927586435835 45.18360652613228 41.64121880044524 45.001433157420195 53.99048015890897 66.3590234091405 118.09665296475113 103.1473423240713 89.05407044356672 76.29272012471435 65.64472007111253 58.28016686964755 55.52139115315582 58.029047458536354 65.19826892181635 75.71629045204703
41.38407336702207 118.56324192785635 121.766613771314 60.9808080952952 101.7233942063472 119.27872408332824 61.01676557601676 39.33861130492856 44.725672561199865 133.0048224157047 74.58310794681879 72.73646552550079 48.0627749930749 8.943817189191192 42.20574972351251 77.23026337382336 54.03533356527363 73.51036068159773 56.18934787919768 67.6810867701435 15.229329869442868 98.51281142589839 107.61334886315036 24.53446910002205 96.49259058264798 116.07356858241741 36.317422834785496 34.62583127441841 26.386746069536265 133.2932598266075 64.23636216614064 64.34777923250185 45.37625541253998 57.9022419692709 34.11098556132818 76.7643468867756 49.19401593841242 72.78332768157578 47.41875290442901 77.90497279196975 139.99325398315926 125.23529824831508 111.21303358559587 98.24198642871605 86.79474121408228 77.5490583739056 71.36578980569396 69.07232153595157 71.0463609066642 76.96021921531099 133.50460308943212 117.97195056614484 103.00476583438706 88.88915028958837 76.10045259133219 65.42152032100176 58.02904745853643 55.25815748142887 57.777644284356164 64.97497196093585 128.2309761503434 111.99737186592343 96.13711314358693 80.87016075705709 66.60575378273758 54.142175169100625 45.001433157420195 41.443793257651 44.81910499051272 53.83884753503213 124.32716332434734 107.52669531358175 90.9145022541143 74.61643978080357 58.89388169840729 44.362995480722056 32.65534083679133 27.629278907944357 32.543704021694026 44.198621478411106 121.92487057658218 104.75271791069079 87.63162910611061 70.59876482977717 53.73808181168163 37.28390998456543 22.161026968940636 13.814664474767438 22.119933508868602 37.23507255229009 121.11351410125201 103.81158351536045 86.50965292946613 69.20772234357318 51.90579175767881 34.603861171787294 17.30193058589294 0.0 17.301930585894358 34.60386117178588 121.92487057658218 104.75271791069079 87.63162910611061 70.59876482977717 53.73808181168163 37.28390998456543 22.161026968940636 13.814664474767438 22.119933508868602 37.23507255229009 124.32716332434735 107.5266953135818 90.91450225411432 74.61643978080359 58.89388169840732 44.36299548072211 32.65534083679141 27.629278907944446 32.543704021694104 44.198621478411155 128.2309761503434 111.99737186592343 96.13711314358693 80.87016075705709 66.60575378273758 54.142175169100625 45.001433157420195 41.443793257651 44.81910499051272 53.83884753503213 133.5046030894321 117.9719505661448 103.00476583438699 88.8891502895883 76.10045259133211 65.42152032100168 58.029047458536354 55.25815748142878 57.77764428435607 64.97497196093578
53.80786246852789 134.7206476789261 138.86385269871647 51.59173695924136 118.91185341735854 136.08252179963677 51.53921597246975 41.07818939636373 61.619528345739894 148.47793005834578 90.58538702037215 88.86667474643114 40.82764839770359 24.63454087257615 56.949386671972015 82.45696561024165 50.98961911327745 80.61542854503998 70.88537511899735 68.64718734226038 27.96176163460587 115.56559374131783 124.80620477277752 36.70918211271779 113.74558913438977 132.42380218407425 30.09150604500131 32.86506800519343 41.093727459298435 148.9646944125497 80.28656952491747 77.68984998366858 36.72414854993215 73.8314305809611 51.233657222446354 81.62460628165782 46.61312979775868 81.63662358269109 61.878632840224114 80.57703482089975 155.12908787799913 139.82912586542542 125.05209051654312 111.00701155135837 98.00907230488815 86.53144090262502 77.25472571892789 71.0463609066642 68.74277068474011 70.72652978893316 149.32794857896513 133.39447415491765 117.8475030519945 102.86243701635752 88.72444226713382 75.90830716065877 65.19826892181642 57.777644284356164 54.994516290943 57.525961091693986 144.65510922529978 128.1664909998435 111.92365006478559 96.05135455130664 80.76835529731468 66.4823056378557 53.99048015890897 44.81910499051272 41.24606206758399 44.636625540155435 141.22268522556513 124.29760714740986 107.49257345829828 90.87420668600224 74.56741526337014 58.83185602661179 44.280752413602386 32.543704021694026 27.497457973046817 32.43204595626695 139.12256792443495 121.91733659048562 104.7439625524921 87.6211794919814 70.58581425790776 53.7210938820184 37.25945995141218 22.119933508868602 13.748753964863916 22.07889687738994 138.4154446871464 121.11351410125484 103.81158351536045 86.50965292946755 69.20772234357318 51.905791757681655 34.603861171787294 17.301930585894358 0.0 17.301930585891526 139.12256792443495 121.91733659048562 104.7439625524921 87.6211794919814 70.58581425790776 53.7210938820184 37.25945995141218 22.119933508868602 13.748753964863916 22.07889687738994 141.22268522556516 124.29760714740988 107.4925734582983 90.87420668600227 74.56741526337018 58.83185602661183 44.280752413602436 32.543704021694104 27.497457973046906 32.43204595626702 144.65510922529978 128.1664909998435 111.92365006478559 96.05135455130664 80.76835529731468 66.4823056378557 53.99048015890897 44.81910499051272 41.24606206758399 44.636625540155435 149.32794857896513 133.39447415491762 117.84750305199445 102.86243701635748 88.72444226713377 75.9083071606587 65.19826892181635 57.77764428435607 54.994516290942904 57.52596109169391
68.38595605265002 151.1316216035595 156.00622613191916 46.94101152083092 136.12906252497845 152.99738734829592 46.77861526793195 49.254594184332014 78.69091265312736 164.31616724716923 106.99296005232232 105.3692924678607 40.27988705042086 41.62262323935346 72.82753854126898 90.73298313309587 53.65413370278509 90.51304406351598 86.55020608877622 73.77556743438358 43.93746078897815 132.68289604261824 142.02555199700987 51.88351752596555 131.01149322444456 148.989123659032 33.026526854074525 39.49665334710072 57.26989311915976 164.96230881339446 96.76913941228474 92.35525209469175 35.17142710519066 90.26738651153475 68.44654378294695 89.61625570798323 50.241610910516236 92.8997097432095 77.51194465636085 86.68803908957734 170.67702016178032 154.98121738761475 139.66531732684285 124.86918985687117 110.80125846913936 97.77634567348795 86.26818220453976 76.96021921531099 70.72652978893316 68.41271288315473 165.44754752783285 149.22964876983932 133.28459789126939 117.72331490759555 102.72036110685431 88.55995243216363 75.71629045204709 64.97497196093585 57.525961091693986 54.73046952610052 161.26289899771575 144.59803662487258 128.10217451918336 111.85011111233612 95.96579033166792 80.6667452624234 66.3590234091405 53.83884753503213 44.636625540155435 41.048026688549264 158.2060672066715 141.1967057456475 124.26813608951497 107.45854783303132 90.83402049468403 74.51851432910465 58.76996340177338 44.198621478411106 32.43204595626695 27.36543424159924 156.34326448173894 139.1159754459505 121.90982562150107 104.73523392444575 87.610761614905 70.5729024463457 53.70415488679707 37.23507255229009 22.07889687738994 13.682742055513897 155.7173752730379 138.4154446871464 121.11351410125201 103.81158351535905 86.50965292946472 69.20772234357318 51.90579175767881 34.60386117178588 17.301930585891526 0.0 156.34326448173894 139.1159754459505 121.90982562150107 104.73523392444575 87.610761614905 70.5729024463457 53.70415488679707 37.23507255229009 22.07889687738994 13.682742055513897 158.2060672066715 141.1967057456475 124.268136089515 107.45854783303132 90.83402049468404 74.51851432910468 58.76996340177343 44.198621478411155 32.43204595626702 27.365434241599328 161.26289899771575 144.59803662487258 128.10217451918336 111.85011111233612 95.96579033166792 80.6667452624234 66.3590234091405 53.83884753503213 44.636625540155435 41.048026688549264 165.44754752783282 149.2296487698393 133.28459789126933 117.72331490759551 102.72036110685427 88.55995243216357 75.71629045204703 64.97497196093578 57.52596109169391 54.73046952610043
106.42574630979452 32.97349534392663 5.7487172125664 171.49277413848756 20.214814601723184 44.98503531280821 171.68950862292408 136.54417073989617 77.87464694575633 48.73488585686 70.12356662450223 69.55565026178857 157.80365041299365 116.30360682659885 96.12572202592845 138.72031527099688 153.53948727332252 129.20218457562416 78.10194038103057 150.1541733543373 117.1599448244328 24.53030520975251 14.317737045531139 113.75506676288174 25.724581734635912 56.18002796565173 148.41489425935688 141.12943305215032 105.83874488472364 45.458854298712325 74.95309498798885 95.49680462873287 158.0598286422664 79.72026594315751 89.82488982022215 140.07854920291416 149.80313457568877 120.71270989274683 85.45604837654619 149.2885256924754 85.63717875381 87.1756715229221 92.00079660311631 99.63620323462439 109.49555681927438 121.03659975118865 133.82495112110578 147.5366196973306 161.937235697675 176.8585875835554 71.36477919761118 73.27369589248786 79.01788325789705 87.84819750085569 98.94177226103011 111.62585433518223 125.41880631391945 139.99325398315926 155.12908787799913 170.67702016178032 57.09212678338551 59.53137894272129 66.53688297022894 76.8701898672478 89.38452306236493 103.29016126255163 118.09665296475113 133.5046030894321 149.32794857896513 165.44754752783282 42.819272084709105 46.092030988519745 54.90141317626376 67.10111479027492 81.17671237833639 96.3092012631053 112.07127398225842 128.23097615034334 144.65510922529975 161.26289899771575 28.546265673844303 33.32454629578909 44.77578681727373 59.1432699615392 74.76423794618765 90.99541618573286 107.56091230116945 124.32716332434734 141.22268522556513 158.2060672066715 14.273158122067928 22.408696249837586 37.40707011768865 53.806511913383886 70.6378450696884 87.65262226642709 104.76149973408344 121.92487057658218 139.12256792443495 156.34326448173894 0.0 17.301930585891526 34.60386117178588 51.90579175767881 69.20772234357318 86.50965292946472 103.81158351535905 121.11351410125201 138.4154446871464 155.7173752730379 14.273158122068015 22.408696249837647 37.40707011768868 53.80651191338391 70.63784506968842 87.65262226642712 104.76149973408346 121.92487057658218 139.12256792443495 156.34326448173894 28.546265673844395 33.32454629578916 44.77578681727379 59.143269961539225 74.76423794618766 90.9954161857329 107.56091230116948 124.32716332434735 141.22268522556516 158.2060672066715 42.8192720847092 46.092030988519824 54.90141317626382 67.10111479027498 81.17671237833643 96.30920126310535 112.07127398225846 128.2309761503434 144.65510922529978 161.26289899771575
91.17542182715356 31.523024317544852 17.314638544891594 155.41841897442885 3.277657083219615 46.03090022286909 155.60405529426754 120.77766442228842 60.58561749089129 50.46688791785825 58.0037028908313 57.00001976144844 141.63980356795676 99.3010846791049 80.66498023826676 126.0014415102265 138.04353639330867 116.5650633953705 61.48069580301636 135.93162897383442 100.41281503730738 7.925428422083741 3.275825216705819 97.42290623498329 9.904656336802564 54.973025913198654 131.9763040217391 124.91026482259056 89.44347175331332 48.01950448283458 61.17355370731679 82.5652035834925 141.6903882875972 65.25729004396953 73.05580007584393 127.24081628226203 134.14839707936673 108.34348895994151 68.52122730491317 136.04655641634633 87.1756715229221 85.24605827993223 86.7920565335801 91.63792654008742 99.30174198711823 109.19175893876681 120.76225550741341 133.57725242730115 147.3123221300989 161.73322481754803 73.27369589248786 71.03884484141027 72.9567627867381 78.72451834995566 87.58481110058176 98.70834450154607 111.41931701935894 125.23529824831508 139.82912586542542 154.98121738761475 59.53137894272129 56.831378887424094 59.2817332587922 66.3139494717308 76.67759526240967 89.21919670112584 103.1473423240713 117.9719505661448 133.39447415491762 149.2296487698393 46.092030988519745 42.623710923003436 45.91068303294716 54.74948010468216 66.97704829501915 81.07434302022615 96.22306306231287 111.99737186592338 128.16649099984343 144.59803662487258 33.32454629578909 28.41589145188683 33.21310015797047 44.69302843959573 59.08073454154047 74.71485281147856 90.9549058657099 107.52669531358175 124.29760714740986 141.1967057456475 22.408696249837586 14.207970976844209 22.36729358692858 37.382319577436505 53.78933372916444 70.62478064038352 87.64211013773217 104.75271791069079 121.91733659048562 139.1159754459505 17.301930585891526 0.0 17.301930585894358 34.603861171787294 51.905791757681655 69.20772234357318 86.50965292946755 103.81158351536045 121.11351410125484 138.4154446871464 22.408696249837647 14.2079709768443 22.367293586928636 37.38231957743654 53.78933372916446 70.62478064038355 87.64211013773219 104.7527179106908 121.91733659048563 139.1159754459505 33.32454629578916 28.41589145188692 33.21310015797055 44.693028439595786 59.08073454154051 74.71485281147861 90.95490586570992 107.5266953135818 124.29760714740988 141.1967057456475 46.092030988519824 42.62371092300352 45.91068303294724 54.74948010468224 66.9770482950192 81.0743430202262 96.2230630623129 111.99737186592343 128.1664909998435 144.59803662487258
76.7996002052793 38.71510843491678 34.135891846630265 139.63772414982353 14.545134360853663 53.035252179682956 139.8093432706304 105.49349622172974 43.306893515879125 57.59710448987621 49.09427681331539 47.52599794495836 125.77907398913246 82.42325844168774 66.12283701735123 114.49050108436775 123.02989362714649 105.26301651978063 45.371253086494775 122.50396252361641 83.89114453579512 11.07260080043035 20.375918732161058 81.49194914571464 11.539659325513728 59.04718851145854 115.78952044341071 109.02446855087847 73.4652177379756 56.07086271412342 49.65023974153509 71.50582183021592 125.57119452408578 52.539632066362486 56.60830916805219 115.5730288539335 118.9508362608865 97.48716388835663 51.829464346738206 123.81009418269011 92.00079660311631 86.7920565335801 84.85430917060957 86.40789719813726 91.27471619995745 98.96717204233026 108.88804650517929 120.48813387897007 133.3298629073621 147.08838323387104 79.01788325789705 72.9567627867381 70.71238660082815 72.63940405889038 78.43094699154645 87.32143431284678 98.47507986826085 111.21303358559587 125.05209051654312 139.66531732684285 66.53688297022894 59.2817332587922 56.57021186987806 59.03178562394762 66.09094058166339 76.48510318955847 89.05407044356672 103.00476583438699 117.84750305199445 133.28459789126933 54.90141317626376 45.91068303294716 42.427835411896126 45.72916325868456 54.5975849312755 66.85312963224905 80.97215790693402 96.13711314358689 111.92365006478558 128.10217451918334 44.77578681727373 33.21310015797047 28.285307659750547 33.1016148703947 44.61036712419594 59.018323198432185 74.66558619315671 90.9145022541143 107.49257345829828 124.26813608951497 37.40707011768865 22.36729358692858 14.142679045357772 22.32593871086207 37.35762744908348 53.77220228408961 70.61175375868221 87.63162910611061 104.7439625524921 121.90982562150107 34.60386117178588 17.301930585894358 0.0 17.30193058589294 34.603861171787294 51.90579175767881 69.20772234357318 86.50965292946613 103.81158351536045 121.11351410125201 37.40707011768868 22.367293586928636 14.142679045357863 22.325938710862125 37.357627449083516 53.77220228408964 70.61175375868223 87.63162910611062 104.7439625524921 121.90982562150108 44.77578681727379 33.21310015797055 28.285307659750636 33.101614870394776 44.610367124195996 59.01832319843222 74.66558619315674 90.91450225411432 107.4925734582983 124.268136089515 54.90141317626382 45.91068303294724 42.42783541189621 45.72916325868464 54.59758493127556 66.85312963224911 80.97215790693406 96.13711314358693 111.92365006478559 128.10217451918336
63.8913344425071 51.016929270399686 51.27801636434807 124.26262000389151 31.797679510340977 64.07289596492531 124.41615127157725 90.93520291316676 26.058982609776365 68.45909806523193 45.329570884357615 43.21045205741122 110.35223867522788 65.76620182153786 53.25716900397199 104.587095751076 108.69859479662334 95.76988267402504 30.59308814030695 110.1622213481519 67.76005309031224 27.94827529777071 37.660837671148506 66.25224949605315 27.693657505252336 67.45225141770584 99.97692484877163 93.64186205038006 58.24818154160108 67.68097175909155 42.27049027408862 63.30757326795952 109.81250254074509 43.13951672793066 40.8725220372936 105.46420700303513 104.41027800932267 88.70098589806359 35.72310951546315 112.90653493518211 99.63620323462439 91.63792654008742 86.40789719813726 84.46193431508496 86.02319763184191 90.91117228259318 98.6325022135823 108.58442923205767 120.21424450247629 133.0827916033478 87.84819750085569 78.72451834995566 72.63940405889038 70.38540688356808 72.32162352930075 78.13717556457814 87.05807502950596 98.24198642871605 111.00701155135837 124.86918985687117 76.8701898672478 66.3139494717308 59.03178562394762 56.30862765691047 58.78153960680249 65.86786214636365 76.29272012471435 88.8891502895883 102.86243701635748 117.72331490759551 67.10111479027492 54.74948010468216 45.72916325868456 42.23164699600978 45.54747499837936 54.445732472907004 66.72936329135088 80.87016075705704 96.05135455130662 111.85011111233608 59.1432699615392 44.69302843959573 33.1016148703947 28.154515260517325 32.99009334170494 44.52780585696468 58.95603817035236 74.61643978080357 90.87420668600224 107.45854783303132 53.806511913383886 37.382319577436505 22.32593871086207 14.077282809149589 22.284633111075745 37.33299457768667 53.755118128485634 70.59876482977717 87.6211794919814 104.73523392444575 51.90579175767881 34.603861171787294 17.30193058589294 0.0 17.301930585894358 34.60386117178588 51.90579175768023 69.20772234357318 86.50965292946755 103.81158351535905 53.80651191338391 37.38231957743654 22.325938710862125 14.077282809149676 22.2846331110758 37.332994577686705 53.75511812848564 70.59876482977721 87.62117949198141 104.73523392444578 59.143269961539225 44.693028439595786 33.101614870394776 28.15451526051742 32.99009334170501 44.52780585696473 58.9560381703524 74.61643978080359 90.87420668600227 107.45854783303132 67.10111479027498 54.74948010468224 45.72916325868464 42.23164699600987 45.547474998379435 54.44573247290707 66.72936329135094 80.87016075705709 96.05135455130664 111.85011111233612
53.52316901127891 65.61481094413249 68.50054202873679 109.46414541161558 49.085002821191985 77.43796127166638 109.5937987257306 77.51286586763388 9.02040424457816 81.57555861175078 47.93741222986299 45.54415782365158 95.56964652274752 49.55304963523183 43.578991064951175 96.78595218719984 95.35778570837898 88.66858150818348 20.298651738685944 99.31208532456819 52.38163240710292 45.147793152889264 54.95646386540346 52.31148079112479 44.714952791621684 78.81459781365311 84.74822828035184 79.05672023778014 44.57882845280509 81.33996366411877 41.317645117992626 59.17188247266941 94.59465414957401 39.500997474780384 27.117099719933034 97.40096103202667 90.84275733373265 82.64783681015267 21.55690442387395 103.7569474417255 109.49555681927438 99.30174198711823 91.27471619995745 86.02319763184191 84.0689366072115 85.63796197877345 90.5473015586182 98.29774140324648 108.28091691370844 119.94059707589545 98.94177226103011 87.58481110058176 78.43094699154645 72.32162352930075 70.0579081011764 72.0034250495372 77.8432105189824 86.79474121408228 98.00907230488815 110.80125846913936 89.38452306236493 76.67759526240967 66.09094058166339 58.78153960680249 56.04662817775985 58.53099880974769 65.64472007111253 76.10045259133211 88.72444226713377 102.72036110685427 81.17671237833639 66.97704829501915 54.5975849312755 45.54747499837936 42.03514712227407 45.36562161972302 54.29392758643577 66.60575378273752 80.76835529731464 95.96579033166789 74.76423794618765 59.08073454154047 44.61036712419594 32.99009334170494 28.02351521880733 32.878538509794474 44.44534763782578 58.89388169840729 74.56741526337014 90.83402049468403 70.6378450696884 53.78933372916444 37.35762744908348 22.284633111075745 14.01178275052985 22.2433782840141 37.30842180802645 53.73808181168163 70.58581425790776 87.610761614905 69.20772234357318 51.905791757681655 34.603861171787294 17.301930585894358 0.0 17.301930585891526 34.60386117178588 51.90579175767881 69.20772234357318 86.50965292946472 70.63784506968842 53.78933372916446 37.357627449083516 22.2846331110758 14.01178275052994 22.243378284014153 37.30842180802649 53.73808181168165 70.58581425790777 87.610761614905 74.76423794618766 59.08073454154051 44.610367124195996 32.99009334170501 28.023515218807418 32.878538509794545 44.44534763782584 58.89388169840732 74.56741526337018 90.83402049468404 81.17671237833643 66.9770482950192 54.59758493127556 45.547474998379435 42.03514712227416 45.36562161972311 54.293927586435835 66.60575378273758 80.76835529731468 95.96579033166792
47.39261128398947 81.28092427013647 85.75504066855895 95.51070729371358 66.37993802887203 92.12298040836305 95.60815097096332 65.92402812219343 9.076253645249267 96.02706602898168 56.03502922284923 53.6665809906402 81.78140205162111 34.41696980477824 39.504896039080286 91.62562233663013 83.48366953958244 84.56384218517559 22.064570423912883 90.49169394028063 38.664660713437634 62.40395734128314 72.25510877210995 41.016205985970096 61.89207339201342 92.04550120726813 70.4829279194645 65.80148024580771 34.3569803288663 96.17883809434184 47.18269446154985 59.945567663870776 80.22601531180214 43.10853316503674 19.97054795140043 91.9231730993671 78.75279465305604 79.95090502079 15.873629047523467 96.85966630337087 121.03659975118865 109.19175893876681 98.96717204233026 90.91117228259318 85.63796197877345 83.6753189454314 85.25219441242221 90.18311087076549 97.96289860407566 107.97751942597753 111.62585433518223 98.70834450154607 87.32143431284678 78.13717556457814 72.0034250495372 69.7298926690251 71.68481250302489 77.5490583739056 86.53144090262502 97.77634567348795 103.29016126255163 89.21919670112584 76.48510318955847 65.86786214636365 58.53099880974769 55.784215364726066 58.28016686964755 65.42152032100168 75.9083071606587 88.55995243216357 96.3092012631053 81.07434302022615 66.85312963224905 54.445732472907004 45.36562161972302 41.83833723991523 45.183606526132195 54.142175169100554 66.48230563785566 80.66674526242335 90.99541618573286 74.71485281147856 59.018323198432185 44.52780585696468 32.878538509794474 27.892308500772014 32.76695334225418 44.362995480722056 58.83185602661179 74.51851432910465 87.65262226642709 70.62478064038352 53.77220228408961 37.33299457768667 22.2433782840141 13.946179352574479 22.202175733148056 37.28390998456543 53.7210938820184 70.5729024463457 86.50965292946472 69.20772234357318 51.90579175767881 34.60386117178588 17.301930585891526 0.0 17.301930585894358 34.603861171787294 51.905791757681655 69.20772234357318 87.65262226642712 70.62478064038355 53.77220228408964 37.332994577686705 22.243378284014153 13.94617935257457 22.202175733148113 37.28390998456546 53.72109388201844 70.57290244634572 90.9954161857329 74.71485281147861 59.01832319843222 44.52780585696473 32.878538509794545 27.8923085007721 32.76695334225426 44.36299548072211 58.83185602661183 74.51851432910468 96.30920126310535 81.0743430202262 66.85312963224911 54.44573247290707 45.36562161972311 41.83833723991531 45.18360652613228 54.142175169100625 66.4823056378557 80.6667452624234
47.181485424105354 97.5017065337581 103.02544922379845 82.83047121613056 83.67776547281935 107.58881455483935 82.88384725980411 57.292324578508875 26.1170947302436 111.29476649671284 67.67981251899124 65.45714611111036 69.58115934725734 22.633217827543575 42.671431857877 89.56373697762751 73.78774874569773 83.89665430144112 34.06416091303782 84.34028785163251 29.065211477014902 79.67997294144295 89.55502310497882 35.02677484608732 79.12359889964273 106.45048902141083 57.89756727830637 54.8489534249732 31.180781039307487 111.72847248076376 57.827077771895325 65.45477106075266 67.25310797236116 52.4887454023467 25.710311598084505 89.50679631883814 68.92238004710869 80.9463510737889 25.25780009920243 92.71870401142564 133.82495112110578 120.76225550741341 108.88804650517929 98.6325022135823 90.5473015586182 85.25219441242221 83.28108423275421 84.86589913627338 89.81860713526457 97.62798290052254 125.41880631391945 111.41931701935894 98.47507986826085 87.05807502950596 77.8432105189824 71.68481250302489 69.40136300629368 71.36578980569396 77.25472571892789 86.26818220453976 118.09665296475113 103.1473423240713 89.05407044356672 76.29272012471435 65.64472007111253 58.28016686964755 55.52139115315582 58.029047458536354 65.19826892181635 75.71629045204703 112.07127398225842 96.22306306231287 80.97215790693402 66.72936329135088 54.29392758643577 45.183606526132195 41.64121880044515 45.00143315742011 53.99048015890891 66.35902340914045 107.56091230116945 90.9549058657099 74.66558619315671 58.95603817035236 44.44534763782578 32.76695334225418 27.760896074086844 32.65534083679133 44.280752413602386 58.76996340177338 104.76149973408344 87.64211013773217 70.61175375868221 53.755118128485634 37.30842180802645 22.202175733148056 13.88047309912148 22.161026968940636 37.25945995141218 53.70415488679707 103.81158351535905 86.50965292946755 69.20772234357318 51.90579175768023 34.60386117178588 17.301930585894358 0.0 17.30193058589294 34.603861171787294 51.90579175767881 104.76149973408346 87.64211013773219 70.61175375868223 53.75511812848564 37.30842180802649 22.202175733148113 13.880473099121566 22.161026968940693 37.25945995141222 53.70415488679709 107.56091230116948 90.95490586570992 74.66558619315674 58.9560381703524 44.44534763782584 32.76695334225426 27.76089607408694 32.65534083679141 44.280752413602436 58.76996340177343 112.07127398225846 96.2230630623129 80.97215790693406 66.72936329135094 54.293927586435835 45.18360652613228 41.64121880044524 45.001433157420195 53.99048015890897 66.3590234091405
52.960631685633395 114.04071990066187 120.3049160314022 72.09836609464784 100.97699880357568 123.54256893719523 72.09189644499115 53.08053589046128 43.365198759860164 127.08483261477959 81.36272524290838 79.2961442763628 59.946454277766065 20.945380020972337 51.766507699941855 90.81159330942735 67.21929522843304 86.74637133782805 49.32140138468147 81.46473310582651 28.166061208687317 96.9652299273454 106.8555903057024 37.01524591964677 96.38035310870814 121.6130658659365 48.323055602320885 47.80882431851018 36.91597178652999 127.72954899191359 71.13677388636968 74.65841942781003 56.64317780009689 65.19583643338402 39.011909824949534 90.39766431689323 62.42821459345947 85.50531296300413 40.28217010631489 91.70819753009414 147.5366196973306 133.57725242730115 120.48813387897007 108.58442923205767 98.29774140324648 90.18311087076549 84.86589913627338 82.88623537673583 84.47908038442331 89.4537973432646 139.99325398315926 125.23529824831508 111.21303358559587 98.24198642871605 86.79474121408228 77.5490583739056 71.36578980569396 69.07232153595157 71.0463609066642 76.96021921531099 133.5046030894321 117.9719505661448 103.00476583438699 88.8891502895883 76.10045259133211 65.42152032100168 58.029047458536354 55.25815748142878 57.77764428435607 64.97497196093578 128.23097615034334 111.99737186592338 96.13711314358689 80.87016075705704 66.60575378273752 54.142175169100554 45.00143315742011 41.44379325765091 44.81910499051264 53.838847535032066 124.32716332434734 107.52669531358175 90.9145022541143 74.61643978080357 58.89388169840729 44.362995480722056 32.65534083679133 27.629278907944357 32.543704021694026 44.198621478411106 121.92487057658218 104.75271791069079 87.63162910611061 70.59876482977717 53.73808181168163 37.28390998456543 22.161026968940636 13.814664474767438 22.119933508868602 37.23507255229009 121.11351410125201 103.81158351536045 86.50965292946613 69.20772234357318 51.90579175767881 34.603861171787294 17.30193058589294 0.0 17.301930585894358 34.60386117178588 121.92487057658218 104.7527179106908 87.63162910611062 70.59876482977721 53.73808181168165 37.28390998456546 22.161026968940693 13.814664474767527 22.119933508868655 37.23507255229012 124.32716332434735 107.5266953135818 90.91450225411432 74.61643978080359 58.89388169840732 44.36299548072211 32.65534083679141 27.629278907944446 32.543704021694104 44.198621478411155 128.2309761503434 111.99737186592343 96.13711314358693 80.87016075705709 66.60575378273758 54.142175169100625 45.001433157420195 41.443793257651 44.81910499051272 53.83884753503213
63.1052092097283 130.77728283400046 137.5900283477426 64.2974144342818 118.27702114644462 139.81732183754244 64.21406949980813 54.32656797872131 60.64397628152088 143.22460090085917 96.2181511402329 94.28586042087225 54.26155779927619 31.04620742580564 64.32260472752857 95.23918396587061 64.73738053187797 92.78952751721886 65.6014176332173 82.20950326851518 36.6138968905367 114.25553410050925 124.15653745337079 45.95747574220623 113.65084441542963 137.28243813846143 43.78140411397385 46.493685327407384 48.49789374259286 144.03168840631466 85.88140475379167 86.38361356679374 49.92615257570729 79.65319651173346 54.60356895497694 94.50229167939449 60.3569812343493 93.10578710063973 56.622101576992634 93.92923516380515 161.937235697675 147.3123221300989 133.3298629073621 120.21424450247629 108.28091691370844 97.96289860407566 89.81860713526457 84.47908038442331 82.49077528945672 84.0917424222012 155.12908787799913 139.82912586542542 125.05209051654312 111.00701155135837 98.00907230488815 86.53144090262502 77.25472571892789 71.0463609066642 68.74277068474011 70.72652978893316 149.32794857896513 133.39447415491762 117.84750305199445 102.86243701635748 88.72444226713377 75.9083071606587 65.19826892181635 57.77764428435607 54.994516290942904 57.52596109169391 144.65510922529975 128.16649099984343 111.92365006478558 96.05135455130662 80.76835529731464 66.48230563785566 53.99048015890891 44.81910499051264 41.24606206758391 44.63662554015536 141.22268522556513 124.29760714740986 107.49257345829828 90.87420668600224 74.56741526337014 58.83185602661179 44.280752413602386 32.543704021694026 27.497457973046817 32.43204595626695 139.12256792443495 121.91733659048562 104.7439625524921 87.6211794919814 70.58581425790776 53.7210938820184 37.25945995141218 22.119933508868602 13.748753964863916 22.07889687738994 138.4154446871464 121.11351410125484 103.81158351536045 86.50965292946755 69.20772234357318 51.905791757681655 34.603861171787294 17.301930585894358 0.0 17.301930585891526 139.12256792443495 121.91733659048563 104.7439625524921 87.62117949198141 70.58581425790777 53.72109388201844 37.25945995141222 22.119933508868655 13.748753964864003 22.078896877389994 141.22268522556516 124.29760714740988 107.4925734582983 90.87420668600227 74.56741526337018 58.83185602661183 44.280752413602436 32.543704021694104 27.497457973046906 32.43204595626702 144.65510922529978 128.1664909998435 111.92365006478559 96.05135455130664 80.76835529731468 66.4823056378557 53.99048015890897 44.81910499051272 41.24606206758399 44.636625540155435
75.88418365699269 147.6442295071247 154.87889599938072 60.57091951029117 135.57753046216848 156.312841620787 60.401553811535315 60.69521026716378 77.93302781492491 159.60801958707754 111.77958522028007 109.9566865242646 53.79363864976598 45.69175749660284 78.7002514300183 102.43501857441964 66.79907354440273 101.45707975479954 82.29947230384936 86.48111480441531 49.865196707540555 131.54889532464526 141.45772514013626 58.760176943109215 130.92963688854547 153.30328342240554 45.79529699786787 51.34535002943396 62.769509156488525 160.5432038453473 101.43715381467236 99.74504678676017 48.73903867724357 95.06562087641484 70.99212650523172 101.4312715245678 63.145420186998905 103.07715019307807 73.404250158935 99.1649194327626 176.8585875835554 161.73322481754803 147.08838323387104 133.0827916033478 119.94059707589545 107.97751942597753 97.62798290052254 89.4537973432646 84.0917424222012 82.09470688750076 170.67702016178032 154.98121738761475 139.66531732684285 124.86918985687117 110.80125846913936 97.77634567348795 86.26818220453976 76.96021921531099 70.72652978893316 68.41271288315473 165.44754752783282 149.2296487698393 133.28459789126933 117.72331490759551 102.72036110685427 88.55995243216357 75.71629045204703 64.97497196093578 57.52596109169391 54.73046952610043 161.26289899771575 144.59803662487258 128.10217451918334 111.85011111233608 95.96579033166789 80.66674526242335 66.35902340914045 53.838847535032066 44.63662554015536 41.04802668854918 158.2060672066715 141.1967057456475 124.26813608951497 107.45854783303132 90.83402049468403 74.51851432910465 58.76996340177338 44.198621478411106 32.43204595626695 27.36543424159924 156.34326448173894 139.1159754459505 121.90982562150107 104.73523392444575 87.610761614905 70.5729024463457 53.70415488679707 37.23507255229009 22.07889687738994 13.682742055513897 155.7173752730379 138.4154446871464 121.11351410125201 103.81158351535905 86.50965292946472 69.20772234357318 51.90579175767881 34.60386117178588 17.301930585891526 0.0 156.34326448173894 139.1159754459505 121.90982562150108 104.73523392444578 87.610761614905 70.57290244634572 53.70415488679709 37.23507255229012 22.078896877389994 13.682742055513986 158.2060672066715 141.1967057456475 124.268136089515 107.45854783303132 90.83402049468404 74.51851432910468 58.76996340177343 44.198621478411155 32.43204595626702 27.365434241599328 161.26289899771575 144.59803662487258 128.10217451918336 111.85011111233612 95.96579033166792 80.6667452624234 66.3590234091405 53.83884753503213 44.636625540155435 41.048026688549264
113.36684475337786 20.16581625590195 8.650746730565926 176.99902002429226 25.643876861469973 59.16182575089575 177.1740442394471 142.65492277846832 79.62221751096915 34.516646854361625 80.07080142396538 79.18293935942653 163.15534216314978 119.55023773386748 102.79321970549974 148.31530996618764 160.05809999278327 138.85850436935212 75.8320625140706 158.31690769885628 121.25043150618028 26.34443950289378 21.047763575364744 118.86842513085705 32.31335218333582 70.16119155019679 153.19624087692642 146.40169963505676 110.84699670013077 31.19936969497481 83.56901098821302 104.88001851766195 162.97794875169407 87.65239702535915 94.00421656210061 149.57452844758305 156.07691141889555 130.57522732087787 83.99082405383706 158.4324716820575 99.90927487676399 101.17135464497507 105.29998731114185 111.9785523529857 120.78480690065687 131.29130778391456 143.12410681130984 155.98165574589768 169.63109512657363 183.89617848724092 85.63717875381009 87.17567152292219 92.0007966031164 99.63620323462446 109.49555681927447 121.03659975118872 133.8249511211058 147.53661969733062 161.93723569767505 176.85858758355545 71.36477919761118 73.27369589248786 79.01788325789705 87.84819750085569 98.94177226103011 111.62585433518223 125.41880631391945 139.99325398315926 155.12908787799913 170.67702016178032 57.09212678338551 59.53137894272129 66.53688297022894 76.8701898672478 89.38452306236493 103.29016126255163 118.09665296475113 133.5046030894321 149.32794857896513 165.44754752783282 42.8192720847092 46.092030988519824 54.90141317626382 67.10111479027498 81.17671237833643 96.30920126310535 112.07127398225846 128.2309761503434 144.65510922529978 161.26289899771575 28.546265673844395 33.32454629578916 44.77578681727379 59.143269961539225 74.76423794618766 90.9954161857329 107.56091230116948 124.32716332434735 141.22268522556516 158.2060672066715 14.273158122068015 22.408696249837647 37.40707011768868 53.80651191338391 70.63784506968842 87.65262226642712 104.76149973408346 121.92487057658218 139.12256792443495 156.34326448173894 0.0 17.301930585891526 34.60386117178588 51.90579175767881 69.20772234357318 86.50965292946472 103.81158351535905 121.11351410125201 138.4154446871464 155.7173752730379 14.273158122067928 22.408696249837586 37.40707011768865 53.806511913383886 70.6378450696884 87.65262226642709 104.76149973408344 121.92487057658218 139.12256792443495 156.34326448173894 28.546265673844303 33.32454629578909 44.77578681727373 59.1432699615392 74.76423794618765 90.99541618573286 107.56091230116945 124.32716332434734 141.22268522556513 158.2060672066715
99.1542896093212 17.78253089084675 18.476838850477172 161.44646625307814 16.080275152885438 59.90466890924839 161.60815849077804 127.61481225776544 62.80600448683133 36.994888681202234 69.65353787590949 68.36960188338014 147.55212207439743 103.06758532139929 88.47066441707574 136.44725091186166 145.22694371059606 127.13787374308838 58.58381759211682 144.8579768790535 105.13552894006499 12.437214961254153 15.737044730738514 103.32115288695772 21.880436494223073 69.14016562676048 137.30709649695604 130.81117998834122 95.29103251626718 34.89637956689458 71.42666526641995 93.2125888319203 147.1320011658632 74.69980597523669 78.11475156692151 137.5796651559873 141.08868236435478 119.18597099660701 66.69345897596557 145.97792741727267 101.17135464497507 99.45296869634662 100.72143736281777 104.8684313143103 111.57344131909122 120.40989456069457 130.94700296815208 142.808814297948 155.69284592137058 169.36597082716054 87.17567152292219 85.24605827993233 86.79205653358018 91.6379265400875 99.3017419871183 109.19175893876688 120.76225550741349 133.5772524273012 147.31232213009892 161.7332248175481 73.27369589248786 71.03884484141027 72.9567627867381 78.72451834995566 87.58481110058176 98.70834450154607 111.41931701935894 125.23529824831508 139.82912586542542 154.98121738761475 59.53137894272129 56.831378887424094 59.2817332587922 66.3139494717308 76.67759526240967 89.21919670112584 103.1473423240713 117.9719505661448 133.39447415491762 149.2296487698393 46.092030988519824 42.62371092300352 45.91068303294724 54.74948010468224 66.9770482950192 81.0743430202262 96.2230630623129 111.99737186592343 128.1664909998435 144.59803662487258 33.32454629578916 28.41589145188692 33.21310015797055 44.693028439595786 59.08073454154051 74.71485281147861 90.95490586570992 107.5266953135818 124.29760714740988 141.1967057456475 22.408696249837647 14.2079709768443 22.367293586928636 37.38231957743654 53.78933372916446 70.62478064038355 87.64211013773219 104.7527179106908 121.91733659048563 139.1159754459505 17.301930585891526 0.0 17.301930585894358 34.603861171787294 51.905791757681655 69.20772234357318 86.50965292946755 103.81158351536045 121.11351410125484 138.4154446871464 22.408696249837586 14.207970976844209 22.36729358692858 37.382319577436505 53.78933372916444 70.62478064038352 87.64211013773217 104.75271791069079 121.91733659048562 139.1159754459505 33.32454629578909 28.41589145188683 33.21310015797047 44.69302843959573 59.08073454154047 74.71485281147856 90.9549058657099 107.52669531358175 124.29760714740986 141.1967057456475
86.08019792155807 28.713914622147875 34.73708348839728 146.28723964517837 21.40687858911602 65.38894145943537 146.43236873023224 113.22254799741484 46.34871219179476 46.309313041218786 62.374623916615796 60.64292668782793 132.37176170085678 86.90398696960537 75.4080265897027 125.84488234837178 131.00312325982406 116.81207294653076 41.380419655497775 132.29547535831864 89.46506053063186 14.63052354497415 25.514960962793463 88.42805417567953 22.628871242719562 72.3658925676919 121.80347569007753 115.70811498789493 80.45128180007309 45.396285913815895 61.79365848715384 83.52270741046459 131.65308336626774 63.84260994933412 62.97415384115217 126.81660033267126 126.69142397971794 109.35891245908698 49.39929153924708 134.59911366522073 105.29998731114185 100.72143736281777 98.99592914349992 100.27086045082548 104.43640337546883 111.16809195962593 120.03496330103546 130.60285442225617 142.49380398588204 155.40440208216705 92.0007966031164 86.79205653358018 84.85430917060965 86.40789719813736 91.27471619995752 98.96717204233032 108.88804650517935 120.48813387897015 133.32986290736216 147.0883832338711 79.01788325789705 72.9567627867381 70.71238660082815 72.63940405889038 78.43094699154645 87.32143431284678 98.47507986826085 111.21303358559587 125.05209051654312 139.66531732684285 66.53688297022894 59.2817332587922 56.57021186987806 59.03178562394762 66.09094058166339 76.48510318955847 89.05407044356672 103.00476583438699 117.84750305199445 133.28459789126933 54.90141317626382 45.91068303294724 42.42783541189621 45.72916325868464 54.59758493127556 66.85312963224911 80.97215790693406 96.13711314358693 111.92365006478559 128.10217451918336 44.77578681727379 33.21310015797055 28.285307659750636 33.101614870394776 44.610367124195996 59.01832319843222 74.66558619315674 90.91450225411432 107.4925734582983 124.268136089515 37.40707011768868 22.367293586928636 14.142679045357863 22.325938710862125 37.357627449083516 53.77220228408964 70.61175375868223 87.63162910611062 104.7439625524921 121.90982562150108 34.60386117178588 17.301930585894358 0.0 17.30193058589294 34.603861171787294 51.90579175767881 69.20772234357318 86.50965292946613 103.81158351536045 121.11351410125201 37.40707011768865 22.36729358692858 14.142679045357772 22.32593871086207 37.35762744908348 53.77220228408961 70.61175375868221 87.63162910611061 104.7439625524921 121.90982562150107 44.77578681727373 33.21310015797047 28.285307659750547 33.1016148703947 44.61036712419594 59.018323198432185 74.66558619315671 90.9145022541143 107.49257345829828 124.26813608951497
74.74438753927691 43.94851088935885 51.67832819580465 131.65727531359298 35.44920346487048 74.5758308719409 131.78151280394823 99.75892038311488 30.830573917825834 59.322769384692634 59.39922854015905 57.26625684010672 117.77788153423464 71.27683188864889 64.37687514149232 116.8532308813974 117.60720533792819 108.28087816098383 24.31723764609727 120.90914468818426 74.5199300282299 29.531901434621158 40.658139649356684 74.58205472925933 33.82439455406759 79.32195479378107 106.8533202326444 101.31074399594903 66.80673823403166 59.18274303376233 55.98073554512318 76.56491424916781 116.68734960757548 56.30627142436956 49.27759785658637 117.6239649403865 113.11102570123356 101.54859992312691 32.113488263433005 124.59111687544004 111.9785523529857 104.8684313143103 100.27086045082548 98.5381595890061 99.81962835737642 104.00391043647421 110.76251368043131 119.66002405528081 130.25887357651285 142.1790870736468 99.63620323462446 91.6379265400875 86.40789719813736 84.46193431508505 86.023197631842 90.91117228259327 98.63250221358238 108.58442923205774 120.21424450247636 133.08279160334783 87.84819750085569 78.72451834995566 72.63940405889038 70.38540688356808 72.32162352930075 78.13717556457814 87.05807502950596 98.24198642871605 111.00701155135837 124.86918985687117 76.8701898672478 66.3139494717308 59.03178562394762 56.30862765691047 58.78153960680249 65.86786214636365 76.29272012471435 88.8891502895883 102.86243701635748 117.72331490759551 67.10111479027498 54.74948010468224 45.72916325868464 42.23164699600987 45.547474998379435 54.44573247290707 66.72936329135094 80.87016075705709 96.05135455130664 111.85011111233612 59.143269961539225 44.693028439595786 33.101614870394776 28.15451526051742 32.99009334170501 44.52780585696473 58.9560381703524 74.61643978080359 90.87420668600227 107.45854783303132 53.80651191338391 37.38231957743654 22.325938710862125 14.077282809149676 22.2846331110758 37.332994577686705 53.75511812848564 70.59876482977721 87.62117949198141 104.73523392444578 51.90579175767881 34.603861171787294 17.30193058589294 0.0 17.301930585894358 34.60386117178588 51.90579175768023 69.20772234357318 86.50965292946755 103.81158351535905 53.806511913383886 37.382319577436505 22.32593871086207 14.077282809149589 22.284633111075745 37.33299457768667 53.755118128485634 70.59876482977717 87.6211794919814 104.73523392444575 59.1432699615392 44.69302843959573 33.1016148703947 28.154515260517325 32.99009334170494 44.52780585696468 58.95603817035236 74.61643978080357 90.87420668600224 107.45854783303132
66.04802897492168 60.30892599160909 68.79932762318066 117.75400819787916 51.51456080640547 86.29074117236287 117.85152695959674 87.65289938806909 18.74987195715812 74.11165406206861 61.35665624830733 58.991366380092714 104.01762820869988 56.631957256729315 56.578204276044616 109.86847475491717 105.35546740070446 101.99560533937024 8.308455408962525 111.0613293346959 60.83706265669994 46.1402997976992 57.042684345032285 62.48317374439286 48.7321768532245 89.13928885859741 92.7247260046614 87.96625338940449 55.25011736457869 74.4518649968116 55.208043617021886 73.12330025005689 102.45992076686431 53.512737573211254 38.59439347840801 110.3947702143408 100.67858743399765 96.24725928277081 14.865256196148646 116.3083415274253 120.78480690065687 111.57344131909122 104.43640337546883 99.81962835737642 98.07966340902357 99.36774555776108 103.57095950941113 110.35671598699412 119.2850878599569 129.91507194977265 109.49555681927447 99.3017419871183 91.27471619995752 86.023197631842 84.06893660721158 85.63796197877353 90.54730155861827 98.29774140324655 108.2809169137085 119.94059707589551 98.94177226103011 87.58481110058176 78.43094699154645 72.32162352930075 70.0579081011764 72.0034250495372 77.8432105189824 86.79474121408228 98.00907230488815 110.80125846913936 89.38452306236493 76.67759526240967 66.09094058166339 58.78153960680249 56.04662817775985 58.53099880974769 65.64472007111253 76.10045259133211 88.72444226713377 102.72036110685427 81.17671237833643 66.9770482950192 54.59758493127556 45.547474998379435 42.03514712227416 45.36562161972311 54.293927586435835 66.60575378273758 80.76835529731468 95.96579033166792 74.76423794618766 59.08073454154051 44.610367124195996 32.99009334170501 28.023515218807418 32.878538509794545 44.44534763782584 58.89388169840732 74.56741526337018 90.83402049468404 70.63784506968842 53.78933372916446 37.357627449083516 22.2846331110758 14.01178275052994 22.243378284014153 37.30842180802649 53.73808181168165 70.58581425790777 87.610761614905 69.20772234357318 51.905791757681655 34.603861171787294 17.301930585894358 0.0 17.301930585891526 34.60386117178588 51.90579175767881 69.20772234357318 86.50965292946472 70.6378450696884 53.78933372916444 37.35762744908348 22.284633111075745 14.01178275052985 22.2433782840141 37.30842180802645 53.73808181168163 70.58581425790776 87.610761614905 74.76423794618765 59.08073454154047 44.61036712419594 32.99009334170494 28.02351521880733 32.878538509794474 44.44534763782578 58.89388169840729 74.56741526337014 90.83402049468403
61.12819695510974 77.08160433924716 85.99278224442594 104.86687463126219 68.18772834800248 99.64600368491885 104.92990270795413 77.54296293608368 18.74308813317142 89.80306996576019 67.82113574041259 65.41586934355568 91.46800585377792 43.96223842404956 53.44627126974881 105.29077332201794 94.693070475692 98.3876272016378 12.060111297318251 103.19343784548313 49.47506159420446 63.12237644785973 73.84689421725939 53.333977032359854 64.84035776743 100.9868472845165 79.85496223987758 76.2296040496173 47.33618414491269 90.4559127983445 59.67170361886274 73.69216708537809 89.32428435629672 56.17409979500504 33.90399275031915 105.53328672948811 89.87178872302667 93.88089291210511 3.0641711072046767 110.14069690314766 131.29130778391456 120.40989456069457 111.16809195962593 104.00391043647421 99.36774555776108 97.62044398506242 98.91521655470022 103.13755767799654 109.95070848613678 118.9101658558116 121.03659975118872 109.19175893876688 98.96717204233032 90.91117228259327 85.63796197877353 83.6753189454315 85.2521944124223 90.18311087076557 97.96289860407573 107.9775194259776 111.62585433518223 98.70834450154607 87.32143431284678 78.13717556457814 72.0034250495372 69.7298926690251 71.68481250302489 77.5490583739056 86.53144090262502 97.77634567348795 103.29016126255163 89.21919670112584 76.48510318955847 65.86786214636365 58.53099880974769 55.784215364726066 58.28016686964755 65.42152032100168 75.9083071606587 88.55995243216357 96.30920126310535 81.0743430202262 66.85312963224911 54.44573247290707 45.36562161972311 41.83833723991531 45.18360652613228 54.142175169100625 66.4823056378557 80.6667452624234 90.9954161857329 74.71485281147861 59.01832319843222 44.52780585696473 32.878538509794545 27.8923085007721 32.76695334225426 44.36299548072211 58.83185602661183 74.51851432910468 87.65262226642712 70.62478064038355 53.77220228408964 37.332994577686705 22.243378284014153 13.94617935257457 22.202175733148113 37.28390998456546 53.72109388201844 70.57290244634572 86.50965292946472 69.20772234357318 51.90579175767881 34.60386117178588 17.301930585891526 0.0 17.301930585894358 34.603861171787294 51.905791757681655 69.20772234357318 87.65262226642709 70.62478064038352 53.77220228408961 37.33299457768667 22.2433782840141 13.946179352574479 22.202175733148056 37.28390998456543 53.7210938820184 70.5729024463457 90.99541618573286 74.71485281147856 59.018323198432185 44.52780585696468 32.878538509794474 27.892308500772014 32.76695334225418 44.362995480722056 58.83185602661179 74.51851432910465
60.907031312187414 94.04622868097479 103.22249248739908 93.41735913923337 85.11224937000921 114.06689556888043 93.43593176307232 70.29568397618284 30.818196754134497 105.9969494358295 77.6754138222851 75.34711763630439 80.69582845064346 35.45259141060775 55.77288044958836 103.44019128588886 86.21173935557668 97.75384191487883 28.645690887106344 97.78456673885651 42.345254193116425 80.24122775323463 90.83816469120345 48.821933621150855 81.43973520693534 114.2346883855216 68.95253867822359 66.95176804181965 45.02840054181106 106.86520925404942 68.35345748660866 78.18402295097708 77.83517710873838 63.60931863550964 37.525220850473126 103.37410256245637 81.34116705239715 94.6698449883942 19.912710434214812 106.45644565442973 143.12410681130984 130.94700296815208 120.03496330103546 110.76251368043131 103.57095950941113 98.91521655470022 97.1605047039591 98.46204587886672 102.7037120990221 109.54450088771144 133.8249511211058 120.76225550741349 108.88804650517935 98.63250221358238 90.54730155861827 85.2521944124223 83.2810842327543 84.86589913627347 89.81860713526466 97.62798290052261 125.41880631391945 111.41931701935894 98.47507986826085 87.05807502950596 77.8432105189824 71.68481250302489 69.40136300629368 71.36578980569396 77.25472571892789 86.26818220453976 118.09665296475113 103.1473423240713 89.05407044356672 76.29272012471435 65.64472007111253 58.28016686964755 55.52139115315582 58.029047458536354 65.19826892181635 75.71629045204703 112.07127398225846 96.2230630623129 80.97215790693406 66.72936329135094 54.293927586435835 45.18360652613228 41.64121880044524 45.001433157420195 53.99048015890897 66.3590234091405 107.56091230116948 90.95490586570992 74.66558619315674 58.9560381703524 44.44534763782584 32.76695334225426 27.76089607408694 32.65534083679141 44.280752413602436 58.76996340177343 104.76149973408346 87.64211013773219 70.61175375868223 53.75511812848564 37.30842180802649 22.202175733148113 13.880473099121566 22.161026968940693 37.25945995141222 53.70415488679709 103.81158351535905 86.50965292946755 69.20772234357318 51.90579175768023 34.60386117178588 17.301930585894358 0.0 17.30193058589294 34.603861171787294 51.90579175767881 104.76149973408344 87.64211013773217 70.61175375868221 53.755118128485634 37.30842180802645 22.202175733148056 13.88047309912148 22.161026968940636 37.25945995141218 53.70415488679707 107.56091230116945 90.9549058657099 74.66558619315671 58.95603817035236 44.44534763782578 32.76695334225418 27.760896074086844 32.65534083679133 44.280752413602386 58.76996340177338
65.43219492207348 111.11491690599986 120.47290381206496 83.99542385230819 102.1632813770671 129.19707370756845 83.95801923407981 66.84868753897543 46.33499102868019 122.49417541627692 89.8105207854798 87.60044423144383 72.49778535910106 34.348247032259046 62.955730812057055 104.46176537236165 80.6029387273056 100.15073028617444 45.76481614700924 95.25453536643474 41.67930771422381 97.42478090389434 107.9281843359154 50.21305896362253 98.28174035041465 128.4502819606524 61.08017354606801 61.26027968180939 49.123345230946775 123.51834911275567 79.88977965074974 85.98624834508882 68.82220879385186 74.40067789301038 47.597391045529704 104.08552593374898 75.85854675382998 98.53835500879275 37.18005538679356 105.51604347435132 155.98165574589768 142.808814297948 130.60285442225617 119.66002405528081 110.35671598699412 103.13755767799654 98.46204587886672 96.6998489578519 98.00823808943697 102.26943000383685 147.53661969733062 133.5772524273012 120.48813387897015 108.58442923205774 98.29774140324655 90.18311087076557 84.86589913627347 82.88623537673591 84.47908038442338 89.45379734326467 139.99325398315926 125.23529824831508 111.21303358559587 98.24198642871605 86.79474121408228 77.5490583739056 71.36578980569396 69.07232153595157 71.0463609066642 76.96021921531099 133.5046030894321 117.9719505661448 103.00476583438699 88.8891502895883 76.10045259133211 65.42152032100168 58.029047458536354 55.25815748142878 57.77764428435607 64.97497196093578 128.2309761503434 111.99737186592343 96.13711314358693 80.87016075705709 66.60575378273758 54.142175169100625 45.001433157420195 41.443793257651 44.81910499051272 53.83884753503213 124.32716332434735 107.5266953135818 90.91450225411432 74.61643978080359 58.89388169840732 44.36299548072211 32.65534083679141 27.629278907944446 32.543704021694104 44.198621478411155 121.92487057658218 104.7527179106908 87.63162910611062 70.59876482977721 53.73808181168165 37.28390998456546 22.161026968940693 13.814664474767527 22.119933508868655 37.23507255229012 121.11351410125201 103.81158351536045 86.50965292946613 69.20772234357318 51.90579175767881 34.603861171787294 17.30193058589294 0.0 17.301930585894358 34.60386117178588 121.92487057658218 104.75271791069079 87.63162910611061 70.59876482977717 53.73808181168163 37.28390998456543 22.161026968940636 13.814664474767438 22.119933508868602 37.23507255229009 124.32716332434734 107.52669531358175 90.9145022541143 74.61643978080357 58.89388169840729 44.362995480722056 32.65534083679133 27.629278907944357 32.543704021694026 44.198621478411106
73.8361257789915 128.2461251547371 137.73623848110472 77.34562763410655 119.28658559932131 144.81439023587677 77.24190203881965 67.78423578547711 62.79182892786264 139.18692660841367 103.42671630995646 101.33698753169352 67.8139554446997 41.24834441092153 73.58623144196265 108.27422916366447 78.4849462169982 105.37167878208217 62.98392379180537 95.83162662342731 47.74844642841093 114.64394583616742 125.0764814593046 57.07734550591035 115.2600626519828 143.34600112794467 57.49626096741446 60.18139581292702 58.28681586206625 140.32854668914771 93.22691370705911 96.29753822607913 63.35118514407909 87.31251828099934 61.00482790533061 107.61063838109935 74.10357199876786 105.14706665805089 54.46935459282309 107.39159623424169 169.63109512657363 155.69284592137058 142.49380398588204 130.25887357651285 119.2850878599569 109.95070848613678 102.7037120990221 98.00823808943697 96.2384801441555 97.55379777464749 161.93723569767505 147.31232213009892 133.32986290736216 120.21424450247636 108.2809169137085 97.96289860407573 89.81860713526466 84.47908038442338 82.4907752894568 84.09174242220126 155.12908787799913 139.82912586542542 125.05209051654312 111.00701155135837 98.00907230488815 86.53144090262502 77.25472571892789 71.0463609066642 68.74277068474011 70.72652978893316 149.32794857896513 133.39447415491762 117.84750305199445 102.86243701635748 88.72444226713377 75.9083071606587 65.19826892181635 57.77764428435607 54.994516290942904 57.52596109169391 144.65510922529978 128.1664909998435 111.92365006478559 96.05135455130664 80.76835529731468 66.4823056378557 53.99048015890897 44.81910499051272 41.24606206758399 44.636625540155435 141.22268522556516 124.29760714740988 107.4925734582983 90.87420668600227 74.56741526337018 58.83185602661183 44.280752413602436 32.543704021694104 27.497457973046906 32.43204595626702 139.12256792443495 121.91733659048563 104.7439625524921 87.62117949198141 70.58581425790777 53.72109388201844 37.25945995141222 22.119933508868655 13.748753964864003 22.078896877389994 138.4154446871464 121.11351410125484 103.81158351536045 86.50965292946755 69.20772234357318 51.905791757681655 34.603861171787294 17.301930585894358 0.0 17.301930585891526 139.12256792443495 121.91733659048562 104.7439625524921 87.6211794919814 70.58581425790776 53.7210938820184 37.25945995141218 22.119933508868602 13.748753964863916 22.07889687738994 141.22268522556513 124.29760714740986 107.49257345829828 90.87420668600224 74.56741526337014 58.83185602661179 44.280752413602386 32.543704021694026 27.497457973046817 32.43204595626695
84.97570521183715 145.41775924414893 155.00817871755052 74.21689596573411 136.4549571082668 160.77695095495602 74.04296492789366 72.93387396583908 79.60784138881198 156.01245422336652 118.01244815999894 116.03115863010198 67.38121209004102 53.120219926664916 86.40105578459423 114.59938045935029 80.13503076954804 113.02601181198952 80.23867137561402 99.46177131193322 58.49246863489926 131.8847746309992 142.26198327380453 67.77165661966673 132.32223977547798 158.73048648702334 58.98770943752159 63.94900194564781 70.57128612428687 157.2454396596132 107.69789594105598 108.4042634592135 62.361394334705906 101.53910749004329 76.00246298672923 113.6880091823895 76.33378190314352 114.02049906229023 71.76474239079508 111.94165156424448 183.89617848724092 169.36597082716054 155.40440208216705 142.1790870736468 129.91507194977265 118.9101658558116 109.54450088771144 102.26943000383685 97.55379777464749 95.77640166553627 176.85858758355545 161.7332248175481 147.0883832338711 133.08279160334783 119.94059707589551 107.9775194259776 97.62798290052261 89.45379734326467 84.09174242220126 82.09470688750085 170.67702016178032 154.98121738761475 139.66531732684285 124.86918985687117 110.80125846913936 97.77634567348795 86.26818220453976 76.96021921531099 70.72652978893316 68.41271288315473 165.44754752783282 149.2296487698393 133.28459789126933 117.72331490759551 102.72036110685427 88.55995243216357 75.71629045204703 64.97497196093578 57.52596109169391 54.73046952610043 161.26289899771575 144.59803662487258 128.10217451918336 111.85011111233612 95.96579033166792 80.6667452624234 66.3590234091405 53.83884753503213 44.636625540155435 41.048026688549264 158.2060672066715 141.1967057456475 124.268136089515 107.45854783303132 90.83402049468404 74.51851432910468 58.76996340177343 44.198621478411155 32.43204595626702 27.365434241599328 156.34326448173894 139.1159754459505 121.90982562150108 104.73523392444578 87.610761614905 70.57290244634572 53.70415488679709 37.23507255229012 22.078896877389994 13.682742055513986 155.7173752730379 138.4154446871464 121.11351410125201 103.81158351535905 86.50965292946472 69.20772234357318 51.90579175767881 34.60386117178588 17.301930585891526 0.0 156.34326448173894 139.1159754459505 121.90982562150107 104.73523392444575 87.610761614905 70.5729024463457 53.70415488679707 37.23507255229009 22.07889687738994 13.682742055513897 158.2060672066715 141.1967057456475 124.26813608951497 107.45854783303132 90.83402049468403 74.51851432910465 58.76996340177338 44.198621478411106 32.43204595626695 27.36543424159924
121.55142465599064 11.502347938843618 22.890332297972535 183.40560992869155 36.21952416264532 73.37152610551615 183.55938846931423 149.8345180948096 83.74958116854128 20.366037339563288 91.14282657285501 90.01910145358912 169.4955035015492 124.31036451266478 110.86352349521525 158.57969476120536 167.49688567752182 149.2211973270541 76.1602749827562 167.26028096410204 126.77548954419983 34.51322321799338 32.96859337972725 125.35923890718684 42.793805437295816 84.23220435449328 159.07014061293827 152.78230661754628 117.3405169779669 16.957864892135667 93.54277709899235 115.23591699843476 168.91386515634284 97.00790816097324 100.01535852524098 159.74623537946036 163.3145631363828 141.15904643963128 84.8797923590721 168.25376024236772 114.18101698928432 115.2264421594825 118.80913609608828 124.71061775837812 132.6216990433975 142.20738885534763 153.15357437457604 165.19002013158308 178.09581035141815 191.69544095224427 99.90927487676399 101.17135464497507 105.29998731114185 111.9785523529857 120.78480690065687 131.29130778391456 143.12410681130984 155.98165574589768 169.63109512657363 183.89617848724092 85.63717875381 87.1756715229221 92.00079660311631 99.63620323462439 109.49555681927438 121.03659975118865 133.82495112110578 147.5366196973306 161.937235697675 176.8585875835554 71.3647791976111 73.2736958924878 79.01788325789697 87.84819750085562 98.94177226103004 111.62585433518218 125.41880631391939 139.99325398315924 155.1290878779991 170.6770201617803 57.09212678338551 59.53137894272129 66.53688297022894 76.8701898672478 89.38452306236493 103.29016126255163 118.09665296475113 133.5046030894321 149.32794857896513 165.44754752783282 42.8192720847092 46.092030988519824 54.90141317626382 67.10111479027498 81.17671237833643 96.30920126310535 112.07127398225846 128.2309761503434 144.65510922529978 161.26289899771575 28.546265673844395 33.32454629578916 44.77578681727379 59.143269961539225 74.76423794618766 90.9954161857329 107.56091230116948 124.32716332434735 141.22268522556516 158.2060672066715 14.273158122067928 22.408696249837586 37.40707011768865 53.806511913383886 70.6378450696884 87.65262226642709 104.76149973408344 121.92487057658218 139.12256792443495 156.34326448173894 0.0 17.301930585891526 34.60386117178588 51.90579175767881 69.20772234357318 86.50965292946472 103.81158351535905 121.11351410125201 138.4154446871464 155.7173752730379 14.273158122067928 22.408696249837586 37.40707011768865 53.806511913383886 70.6378450696884 87.65262226642709 104.76149973408344 121.92487057658218 139.12256792443495 156.34326448173894
108.37654497866437 6.566230560336448 28.079792008092202 168.41416537645338 30.16341617237685 73.91365344187165 168.552764479653 135.55762782155833 67.93970001718107 24.403784823942026 82.0891407170541 80.61958452968271 154.50247444456147 108.52840902991221 97.69052663958155 147.49071253881274 153.3502627631892 138.33166012808897 59.00611118561893 154.53881330845982 111.43409722751161 25.486189186007724 29.80994804781334 110.6943293985832 35.529054250920794 83.32413050927056 143.80211552859404 137.8832408444479 102.73915713625838 23.1313077743817 82.82607541622225 104.67880726732301 153.65178370618938 85.43856021847378 85.22237994485427 148.52632909571832 149.02033710632003 130.64499077215072 67.80450485436207 156.53540091449682 115.2264421594825 113.65952558207304 114.71047309544922 118.30954153956465 124.23547279089719 132.17567052112574 141.79214771073427 152.7686765082055 164.83377683176522 177.76594031953786 101.17135464497507 99.45296869634662 100.72143736281777 104.8684313143103 111.57344131909122 120.40989456069457 130.94700296815208 142.808814297948 155.69284592137058 169.36597082716054 87.1756715229221 85.24605827993223 86.7920565335801 91.63792654008742 99.30174198711823 109.19175893876681 120.76225550741341 133.57725242730115 147.3123221300989 161.73322481754803 73.2736958924878 71.03884484141018 72.95676278673801 78.72451834995559 87.58481110058169 98.708344501546 111.41931701935887 125.23529824831503 139.8291258654254 154.9812173876147 59.53137894272129 56.831378887424094 59.2817332587922 66.3139494717308 76.67759526240967 89.21919670112584 103.1473423240713 117.9719505661448 133.39447415491762 149.2296487698393 46.092030988519824 42.62371092300352 45.91068303294724 54.74948010468224 66.9770482950192 81.0743430202262 96.2230630623129 111.99737186592343 128.1664909998435 144.59803662487258 33.32454629578916 28.41589145188692 33.21310015797055 44.693028439595786 59.08073454154051 74.71485281147861 90.95490586570992 107.5266953135818 124.29760714740988 141.1967057456475 22.408696249837586 14.207970976844209 22.36729358692858 37.382319577436505 53.78933372916444 70.62478064038352 87.64211013773217 104.75271791069079 121.91733659048562 139.1159754459505 17.301930585891526 0.0 17.301930585894358 34.603861171787294 51.905791757681655 69.20772234357318 86.50965292946755 103.81158351536045 121.11351410125484 138.4154446871464 22.408696249837586 14.207970976844209 22.36729358692858 37.382319577436505 53.78933372916444 70.62478064038352 87.64211013773217 104.75271791069079 121.91733659048562 139.1159754459505
96.51367064558079 23.50830348655425 40.64102801917209 153.9081551390945 33.264374240568905 78.36939976638892 154.02823011767182 122.0657195177148 53.069033606246435 37.08133725902364 75.95344821445488 74.12344317536048 140.04279726498933 93.28701345468549 85.99330459107675 137.68858684924317 139.91451407282867 128.85256343463158 41.97342084403855 142.78355418507894 96.75634383179278 26.582696493249237 35.9033025289135 96.90317209945913 35.944753499037624 85.9618331323249 129.0483473728712 123.61160889085222 89.10986740125885 37.16527704896006 74.62410236973153 96.09716611506316 138.8687608342544 76.07661982830724 71.56352774646234 138.56380218630503 135.42950514418754 121.69226513996277 50.8825655202708 145.931419709987 118.80913609608828 114.71047309544922 113.13719608187365 114.19373152052135 117.80934674961343 123.75995606704565 131.7295029601542 141.37697073266273 152.38400321007532 164.47787599089247 105.29998731114185 100.72143736281777 98.99592914349992 100.27086045082548 104.43640337546883 111.16809195962593 120.03496330103546 130.60285442225617 142.49380398588204 155.40440208216705 92.00079660311631 86.7920565335801 84.85430917060957 86.40789719813726 91.27471619995745 98.96717204233026 108.88804650517929 120.48813387897007 133.3298629073621 147.08838323387104 79.01788325789697 72.95676278673801 70.71238660082807 72.63940405889029 78.43094699154636 87.32143431284672 98.47507986826078 111.21303358559582 125.05209051654306 139.66531732684282 66.53688297022894 59.2817332587922 56.57021186987806 59.03178562394762 66.09094058166339 76.48510318955847 89.05407044356672 103.00476583438699 117.84750305199445 133.28459789126933 54.90141317626382 45.91068303294724 42.42783541189621 45.72916325868464 54.59758493127556 66.85312963224911 80.97215790693406 96.13711314358693 111.92365006478559 128.10217451918336 44.77578681727379 33.21310015797055 28.285307659750636 33.101614870394776 44.610367124195996 59.01832319843222 74.66558619315674 90.91450225411432 107.4925734582983 124.268136089515 37.40707011768865 22.36729358692858 14.142679045357772 22.32593871086207 37.35762744908348 53.77220228408961 70.61175375868221 87.63162910611061 104.7439625524921 121.90982562150107 34.60386117178588 17.301930585894358 0.0 17.30193058589294 34.603861171787294 51.90579175767881 69.20772234357318 86.50965292946613 103.81158351536045 121.11351410125201 37.40707011768865 22.36729358692858 14.142679045357772 22.32593871086207 37.35762744908348 53.77220228408961 70.61175375868221 87.63162910611061 104.7439625524921 121.90982562150107
86.50426692635172 40.75388147452144 55.79984435822226 140.03851295867275 43.6109468579363 86.13352893463494 140.13576586766192 109.64894471039365 40.193915141690084 52.4711163827655 73.47048830617625 71.32840165078669 126.29979048882711 78.90006757793114 76.45226720230094 129.46593985456437 127.4147212428127 121.11552527605464 25.30865831606542 132.25239949055288 83.09465018866003 36.911303387649696 47.83482558794131 84.41510164500914 43.82287768082534 91.84030891334376 115.00692250085665 110.21142616268799 76.97076784532882 53.161738478029974 69.82868181909572 90.05750662998832 124.73524017656568 69.81581327312166 59.82077666940802 130.14772470097296 122.77587918980345 114.66716067006966 34.341417225744536 136.70139134346675 124.71061775837812 118.30954153956465 114.19373152052135 112.61403234100696 113.67622224583015 117.30855889652355 123.28407739231154 131.2832081702865 140.96187078836718 151.9995675746296 111.9785523529857 104.8684313143103 100.27086045082548 98.5381595890061 99.81962835737642 104.00391043647421 110.76251368043131 119.66002405528081 130.25887357651285 142.1790870736468 99.63620323462439 91.63792654008742 86.40789719813726 84.46193431508496 86.02319763184191 90.91117228259318 98.6325022135823 108.58442923205767 120.21424450247629 133.0827916033478 87.84819750085562 78.72451834995559 72.63940405889029 70.38540688356798 72.32162352930065 78.13717556457807 87.0580750295059 98.24198642871599 111.00701155135833 124.86918985687113 76.8701898672478 66.3139494717308 59.03178562394762 56.30862765691047 58.78153960680249 65.86786214636365 76.29272012471435 88.8891502895883 102.86243701635748 117.72331490759551 67.10111479027498 54.74948010468224 45.72916325868464 42.23164699600987 45.547474998379435 54.44573247290707 66.72936329135094 80.87016075705709 96.05135455130664 111.85011111233612 59.143269961539225 44.693028439595786 33.101614870394776 28.15451526051742 32.99009334170501 44.52780585696473 58.9560381703524 74.61643978080359 90.87420668600227 107.45854783303132 53.806511913383886 37.382319577436505 22.32593871086207 14.077282809149589 22.284633111075745 37.33299457768667 53.755118128485634 70.59876482977717 87.6211794919814 104.73523392444575 51.90579175767881 34.603861171787294 17.30193058589294 0.0 17.301930585894358 34.60386117178588 51.90579175768023 69.20772234357318 86.50965292946755 103.81158351535905 53.806511913383886 37.382319577436505 22.32593871086207 14.077282809149589 22.284633111075745 37.33299457768667 53.755118128485634 70.59876482977717 87.6211794919814 104.73523392444575
79.05551357715588 58.03301604295225 71.93235110171923 127.01388026919331 57.41097414119332 96.41003125071157 127.08283134102163 98.7138493104528 31.83533097092411 68.77588355168821 75.00390718227627 72.6628211088298 113.53400656104753 65.92933277652352 69.95527980856328 123.13958822540714 116.15344555526339 115.47125301396453 10.862851489333833 123.25950793471092 71.03766944451579 51.15622673707223 62.33781534677903 73.89376448543698 56.10322279775374 100.39186960238173 101.97253170185027 98.04067482060304 67.13513471123369 69.78391834065293 69.15217436441141 87.09029903791284 111.4984881329091 67.52432648954898 51.32654768317616 123.5944146864957 111.37934195438439 109.93982280552503 19.19227104850388 129.140253798972 132.6216990433975 124.23547279089719 117.80934674961343 113.67622224583015 112.09003821793499 113.15795010794827 116.80718521880998 122.80784667728938 130.8367980809361 140.54686085849903 120.78480690065687 111.57344131909122 104.43640337546883 99.81962835737642 98.07966340902357 99.36774555776108 103.57095950941113 110.35671598699412 119.2850878599569 129.91507194977265 109.49555681927438 99.30174198711823 91.27471619995745 86.02319763184191 84.0689366072115 85.63796197877345 90.5473015586182 98.29774140324648 108.28091691370844 119.94059707589545 98.94177226103004 87.58481110058169 78.43094699154636 72.32162352930065 70.0579081011763 72.00342504953711 77.84321051898233 86.79474121408221 98.0090723048881 110.80125846913931 89.38452306236493 76.67759526240967 66.09094058166339 58.78153960680249 56.04662817775985 58.53099880974769 65.64472007111253 76.10045259133211 88.72444226713377 102.72036110685427 81.17671237833643 66.9770482950192 54.59758493127556 45.547474998379435 42.03514712227416 45.36562161972311 54.293927586435835 66.60575378273758 80.76835529731468 95.96579033166792 74.76423794618766 59.08073454154051 44.610367124195996 32.99009334170501 28.023515218807418 32.878538509794545 44.44534763782584 58.89388169840732 74.56741526337018 90.83402049468404 70.6378450696884 53.78933372916444 37.35762744908348 22.284633111075745 14.01178275052985 22.2433782840141 37.30842180802645 53.73808181168163 70.58581425790776 87.610761614905 69.20772234357318 51.905791757681655 34.603861171787294 17.301930585894358 0.0 17.301930585891526 34.60386117178588 51.90579175767881 69.20772234357318 86.50965292946472 70.6378450696884 53.78933372916444 37.35762744908348 22.284633111075745 14.01178275052985 22.2433782840141 37.30842180802645 53.73808181168163 70.58581425790776 87.610761614905
74.93494987828383 75.32261692361439 88.50770967695341 115.1214238432571 72.72437274765879 108.48728393847188 115.15526524428203 89.80333396285499 31.7826175567874 85.47360928651165 80.32401021851967 77.91481820832955 102.11261318572552 55.37901813112591 67.38860788642347 119.01232191373497 106.5242058139577 112.23592354340897 13.93514002486823 116.16269075283567 61.53599631407343 66.85944511745663 77.99067368573722 66.28244032568958 70.52238158366605 111.00041521457126 90.3819171962148 87.61321955418839 60.73261149082947 86.67255783119893 72.70964102999059 87.5086418238009 99.51698788935917 69.59534998266606 47.84355788243564 119.21146995152436 101.66353709509377 107.8129310547491 12.49265651134263 123.55477946250757 142.20738885534763 132.17567052112574 123.75995606704565 117.30855889652355 113.15795010794827 111.56521757723316 112.6389199693526 116.30523302460782 122.33127393960902 130.39028474289293 131.29130778391456 120.40989456069457 111.16809195962593 104.00391043647421 99.36774555776108 97.62044398506242 98.91521655470022 103.13755767799654 109.95070848613678 118.9101658558116 121.03659975118865 109.19175893876681 98.96717204233026 90.91117228259318 85.63796197877345 83.6753189454314 85.25219441242221 90.18311087076549 97.96289860407566 107.97751942597753 111.62585433518218 98.708344501546 87.32143431284672 78.13717556457807 72.00342504953711 69.72989266902502 71.6848125030248 77.54905837390552 86.53144090262495 97.7763456734879 103.29016126255163 89.21919670112584 76.48510318955847 65.86786214636365 58.53099880974769 55.784215364726066 58.28016686964755 65.42152032100168 75.9083071606587 88.55995243216357 96.30920126310535 81.0743430202262 66.85312963224911 54.44573247290707 45.36562161972311 41.83833723991531 45.18360652613228 54.142175169100625 66.4823056378557 80.6667452624234 90.9954161857329 74.71485281147861 59.01832319843222 44.52780585696473 32.878538509794545 27.8923085007721 32.76695334225426 44.36299548072211 58.83185602661183 74.51851432910468 87.65262226642709 70.62478064038352 53.77220228408961 37.33299457768667 22.2433782840141 13.946179352574479 22.202175733148056 37.28390998456543 53.7210938820184 70.5729024463457 86.50965292946472 69.20772234357318 51.90579175767881 34.60386117178588 17.301930585891526 0.0 17.301930585894358 34.603861171787294 51.905791757681655 69.20772234357318 87.65262226642709 70.62478064038352 53.77220228408961 37.33299457768667 22.2433782840141 13.946179352574479 22.202175733148056 37.28390998456543 53.7210938820184 70.5729024463457
74.69541924090235 92.61682278495324 105.31703206059264 104.74747945766761 88.77138055059375 121.83092693501102 104.73824588887607 83.56754939628858 40.06856943560285 102.3721897433472 88.75243222956931 86.37268582538891 92.53476349858757 48.843595796911444 69.19103308794212 117.3164665339798 99.00435202591493 111.6192064405546 29.48029750289465 111.32515641974253 55.908013530544885 83.19929038183047 94.22205908476997 62.65085620354037 86.01132888135308 123.13543936326147 80.858354094054 79.61699203961929 58.893721738723805 103.6975482065685 79.93779358119038 91.26599105024442 89.29744795092891 75.67154020470609 50.4212249226375 117.24255168011634 94.15023841225275 108.43960590445401 23.291683777854875 120.22065349394242 153.15357437457604 141.79214771073427 131.7295029601542 123.28407739231154 116.80718521880998 112.6389199693526 111.03957428956102 112.11913671889099 115.80270969310546 121.854369305881 143.12410681130984 130.94700296815208 120.03496330103546 110.76251368043131 103.57095950941113 98.91521655470022 97.1605047039591 98.46204587886672 102.7037120990221 109.54450088771144 133.82495112110578 120.76225550741341 108.88804650517929 98.6325022135823 90.5473015586182 85.25219441242221 83.28108423275421 84.86589913627338 89.81860713526457 97.62798290052254 125.41880631391939 111.41931701935887 98.47507986826078 87.0580750295059 77.84321051898233 71.6848125030248 69.4013630062936 71.36578980569388 77.2547257189278 86.26818220453967 118.09665296475113 103.1473423240713 89.05407044356672 76.29272012471435 65.64472007111253 58.28016686964755 55.52139115315582 58.029047458536354 65.19826892181635 75.71629045204703 112.07127398225846 96.2230630623129 80.97215790693406 66.72936329135094 54.293927586435835 45.18360652613228 41.64121880044524 45.001433157420195 53.99048015890897 66.3590234091405 107.56091230116948 90.95490586570992 74.66558619315674 58.9560381703524 44.44534763782584 32.76695334225426 27.76089607408694 32.65534083679141 44.280752413602436 58.76996340177343 104.76149973408344 87.64211013773217 70.61175375868221 53.755118128485634 37.30842180802645 22.202175733148056 13.88047309912148 22.161026968940636 37.25945995141218 53.70415488679707 103.81158351535905 86.50965292946755 69.20772234357318 51.90579175768023 34.60386117178588 17.301930585894358 0.0 17.30193058589294 34.603861171787294 51.90579175767881 104.76149973408344 87.64211013773217 70.61175375868221 53.755118128485634 37.30842180802645 22.202175733148056 13.88047309912148 22.161026968940636 37.25945995141218 53.70415488679707
78.37251465850332 109.91345995242642 122.26385747355513 96.38362131085756 105.21687503286155 136.0689019190604 96.32310801513017 80.6294835019885 52.910818662777544 119.38636523241075 99.50240660141402 97.20314527788959 85.42283476190109 47.992296507314755 75.04841726352362 118.15675963206638 94.10095006070621 113.66373393052841 46.2893182334349 109.04799623910247 55.3482780572524 99.86375263217742 110.77796229731577 63.68353077870447 102.08427294772176 136.3901031212903 74.2020527633364 74.83542918959722 62.0256994959277 120.80125383489451 89.95610068710576 97.97895882218067 81.5053547467715 84.89724636818372 58.26058850194519 117.80875778732195 89.39650815293552 111.77354211406983 39.08518219847522 119.32674112397765 165.19002013158308 152.7686765082055 141.37697073266273 131.2832081702865 122.80784667728938 116.30523302460782 112.11913671889099 110.51311223163442 111.59860527227565 115.29962267602032 155.98165574589768 142.808814297948 130.60285442225617 119.66002405528081 110.35671598699412 103.13755767799654 98.46204587886672 96.6998489578519 98.00823808943697 102.26943000383685 147.5366196973306 133.57725242730115 120.48813387897007 108.58442923205767 98.29774140324648 90.18311087076549 84.86589913627338 82.88623537673583 84.47908038442331 89.4537973432646 139.99325398315924 125.23529824831503 111.21303358559582 98.24198642871599 86.79474121408221 77.54905837390552 71.36578980569388 69.0723215359515 71.04636090666413 76.96021921531091 133.5046030894321 117.9719505661448 103.00476583438699 88.8891502895883 76.10045259133211 65.42152032100168 58.029047458536354 55.25815748142878 57.77764428435607 64.97497196093578 128.2309761503434 111.99737186592343 96.13711314358693 80.87016075705709 66.60575378273758 54.142175169100625 45.001433157420195 41.443793257651 44.81910499051272 53.83884753503213 124.32716332434735 107.5266953135818 90.91450225411432 74.61643978080359 58.89388169840732 44.36299548072211 32.65534083679141 27.629278907944446 32.543704021694104 44.198621478411155 121.92487057658218 104.75271791069079 87.63162910611061 70.59876482977717 53.73808181168163 37.28390998456543 22.161026968940636 13.814664474767438 22.119933508868602 37.23507255229009 121.11351410125201 103.81158351536045 86.50965292946613 69.20772234357318 51.90579175767881 34.603861171787294 17.30193058589294 0.0 17.301930585894358 34.60386117178588 121.92487057658218 104.75271791069079 87.63162910611061 70.59876482977717 53.73808181168163 37.28390998456543 22.161026968940636 13.814664474767438 22.119933508868602 37.23507255229009
85.46217238100066 127.21153669390098 139.29800960153185 90.58833391285289 121.89968314917422 150.94835113455554 90.47020543557889 81.3472414042677 67.76671899653839 136.4729086524731 111.90688403973523 109.70574589153317 81.42555189297545 53.09921534447054 84.11790590970631 121.48058424028565 92.23224854384283 118.23152721333184 63.364242696328915 109.49107643491625 59.9988046821665 116.71386768738174 127.53206153562263 69.17187885058844 118.50382511143965 150.46881266033742 71.22151766704224 73.89522557315996 69.45934718664748 137.95440026703423 101.9452770996185 107.09317504803028 76.88235691292488 96.37216439784702 69.60599672755968 120.87446805962014 87.85146330923091 117.58468380805732 55.78094002026727 120.92716977772685 178.09581035141815 164.83377683176522 152.38400321007532 140.96187078836718 130.8367980809361 122.33127393960902 115.80270969310546 111.59860527227565 109.9858352861965 111.07733057258164 169.63109512657363 155.69284592137058 142.49380398588204 130.25887357651285 119.2850878599569 109.95070848613678 102.7037120990221 98.00823808943697 96.2384801441555 97.55379777464749 161.937235697675 147.3123221300989 133.3298629073621 120.21424450247629 108.28091691370844 97.96289860407566 89.81860713526457 84.47908038442331 82.49077528945672 84.0917424222012 155.1290878779991 139.8291258654254 125.05209051654306 111.00701155135833 98.0090723048881 86.53144090262495 77.2547257189278 71.04636090666413 68.74277068474002 70.72652978893308 149.32794857896513 133.39447415491762 117.84750305199445 102.86243701635748 88.72444226713377 75.9083071606587 65.19826892181635 57.77764428435607 54.994516290942904 57.52596109169391 144.65510922529978 128.1664909998435 111.92365006478559 96.05135455130664 80.76835529731468 66.4823056378557 53.99048015890897 44.81910499051272 41.24606206758399 44.636625540155435 141.22268522556516 124.29760714740988 107.4925734582983 90.87420668600227 74.56741526337018 58.83185602661183 44.280752413602436 32.543704021694104 27.497457973046906 32.43204595626702 139.12256792443495 121.91733659048562 104.7439625524921 87.6211794919814 70.58581425790776 53.7210938820184 37.25945995141218 22.119933508868602 13.748753964863916 22.07889687738994 138.4154446871464 121.11351410125484 103.81158351536045 86.50965292946755 69.20772234357318 51.905791757681655 34.603861171787294 17.301930585894358 0.0 17.301930585891526 139.12256792443495 121.91733659048562 104.7439625524921 87.6211794919814 70.58581425790776 53.7210938820184 37.25945995141218 22.119933508868602 13.748753964863916 22.07889687738994
95.20504827902096 144.51053605432145 156.39095608711457 87.87130251381166 138.7342203108399 166.29717580008258 87.69407593371865 85.628940989159 83.5691969119318 153.60767236938523 125.47613141154402 123.37316784926722 81.00531996665401 62.72555530860249 95.4885885437708 127.09323672533068 93.58022401977784 125.0463757742746 80.53612078279474 112.62229555982468 68.81119105937996 133.6794501119516 144.41539316964625 78.18311823362802 135.1437088585983 165.1609714422677 72.37232385668726 76.93733893906487 80.00444363272717 155.1405890760201 115.29210405906827 118.05378618099517 76.00892096998241 109.39075320139733 83.03249813217818 126.25773946927232 89.68109722841416 125.52946895653173 72.76048336401833 124.92611118494155 191.69544095224427 177.76594031953786 164.47787599089247 151.9995675746296 140.54686085849903 130.39028474289293 121.854369305881 115.29962267602032 111.07733057258164 109.45774734198928 183.89617848724092 169.36597082716054 155.40440208216705 142.1790870736468 129.91507194977265 118.9101658558116 109.54450088771144 102.26943000383685 97.55379777464749 95.77640166553627 176.8585875835554 161.73322481754803 147.08838323387104 133.0827916033478 119.94059707589545 107.97751942597753 97.62798290052254 89.4537973432646 84.0917424222012 82.09470688750076 170.6770201617803 154.9812173876147 139.66531732684282 124.86918985687113 110.80125846913931 97.7763456734879 86.26818220453967 76.96021921531091 70.72652978893308 68.41271288315465 165.44754752783282 149.2296487698393 133.28459789126933 117.72331490759551 102.72036110685427 88.55995243216357 75.71629045204703 64.97497196093578 57.52596109169391 54.73046952610043 161.26289899771575 144.59803662487258 128.10217451918336 111.85011111233612 95.96579033166792 80.6667452624234 66.3590234091405 53.83884753503213 44.636625540155435 41.048026688549264 158.2060672066715 141.1967057456475 124.268136089515 107.45854783303132 90.83402049468404 74.51851432910468 58.76996340177343 44.198621478411155 32.43204595626702 27.365434241599328 156.34326448173894 139.1159754459505 121.90982562150107 104.73523392444575 87.610761614905 70.5729024463457 53.70415488679707 37.23507255229009 22.07889687738994 13.682742055513897 155.7173752730379 138.4154446871464 121.11351410125201 103.81158351535905 86.50965292946472 69.20772234357318 51.90579175767881 34.60386117178588 17.301930585891526 0.0 156.34326448173894 139.1159754459505 121.90982562150107 104.73523392444575 87.610761614905 70.5729024463457 53.70415488679707 37.23507255229009 22.07889687738994 13.682742055513897
130.74606695183303 16.25382650346312 37.15423347357576 190.62169959433064 48.696673090314356 87.59796999619904 190.75501477737816 157.93716443402735 89.92961405839947 6.725311144592267 102.9773391579918 101.67824048497835 176.71768974607068 130.418305778235 120.05396399245629 169.39169413126243 175.73893473924474 160.15307142690693 79.05422012911947 176.86579373747247 133.55712586348236 45.750716549562604 46.224969982870256 133.02594250181917 54.98376203097554 98.35435459917292 165.92051935852066 160.13874034257313 125.08812678110768 3.0037796590005064 104.48615178705025 126.32538148399904 175.76440852372824 107.41541222544251 107.55153088273569 170.47262354076474 171.39392844744233 152.3137434015008 88.05166629265858 178.64058101462268 128.4523545118838 129.3213997815609 132.4638592253841 137.72420287389303 144.87191104360804 153.64380122803752 163.77911098268245 175.04116436508846 187.22674418142086 200.16725689836332 114.18101698928432 115.2264421594825 118.80913609608828 124.71061775837812 132.6216990433975 142.20738885534763 153.15357437457604 165.19002013158308 178.09581035141815 191.69544095224427 99.90927487676389 101.17135464497497 105.29998731114176 111.97855235298562 120.7848069006568 131.29130778391448 143.1241068113098 155.9816557458976 169.63109512657357 183.89617848724086 85.6371787538099 87.175671522922 92.00079660311623 99.6362032346243 109.49555681927431 121.0365997511886 133.8249511211057 147.53661969733054 161.93723569767496 176.85858758355536 71.3647791976111 73.2736958924878 79.01788325789697 87.84819750085562 98.94177226103004 111.62585433518218 125.41880631391939 139.99325398315924 155.1290878779991 170.6770201617803 57.09212678338551 59.53137894272129 66.53688297022894 76.8701898672478 89.38452306236493 103.29016126255163 118.09665296475113 133.5046030894321 149.32794857896513 165.44754752783282 42.8192720847092 46.092030988519824 54.90141317626382 67.10111479027498 81.17671237833643 96.30920126310535 112.07127398225846 128.2309761503434 144.65510922529978 161.26289899771575 28.546265673844303 33.32454629578909 44.77578681727373 59.1432699615392 74.76423794618765 90.99541618573286 107.56091230116945 124.32716332434734 141.22268522556513 158.2060672066715 14.273158122067928 22.408696249837586 37.40707011768865 53.806511913383886 70.6378450696884 87.65262226642709 104.76149973408344 121.92487057658218 139.12256792443495 156.34326448173894 0.0 17.301930585891526 34.60386117178588 51.90579175767881 69.20772234357318 86.50965292946472 103.81158351535905 121.11351410125201 138.4154446871464 155.7173752730379
118.55225512481506 13.205903208116752 40.50967535010632 176.2099904742345 44.322714860027155 87.99314503484058 176.3266898589798 144.4236984048874 75.39385496384543 15.089285241589574 95.00230357097698 93.40407409277351 162.35751101410452 115.44329390927759 107.96275316737638 159.0072083952754 162.27229212845901 150.00733047169797 62.68052063695876 164.8411362078547 119.0585973075526 39.33687767163336 43.973369182849 119.26911509130518 49.4850649485793 97.5174215743514 151.3114259021461 145.95621547479172 111.46736786020521 16.05561523381946 94.95972482812351 116.72265559521716 161.11881489030145 97.04405707373665 93.9146005891133 159.9559280940625 157.79383098451274 142.57182194280927 71.71789650202884 167.60056388930386 129.3213997815609 127.86567842627224 128.73955194272122 131.89672469887176 137.17963760847053 144.3550941172161 153.15732647930244 163.3235235427169 174.61561573755264 186.82956511819145 115.2264421594825 113.65952558207304 114.71047309544922 118.30954153956465 124.23547279089719 132.17567052112574 141.79214771073427 152.7686765082055 164.83377683176522 177.76594031953786 101.17135464497497 99.45296869634652 100.72143736281768 104.86843131431021 111.57344131909113 120.40989456069447 130.947002968152 142.80881429794795 155.69284592137055 169.36597082716045 87.175671522922 85.24605827993213 86.79205653358 91.63792654008734 99.30174198711816 109.19175893876672 120.76225550741337 133.5772524273011 147.3123221300988 161.733224817548 73.2736958924878 71.03884484141018 72.95676278673801 78.72451834995559 87.58481110058169 98.708344501546 111.41931701935887 125.23529824831503 139.8291258654254 154.9812173876147 59.53137894272129 56.831378887424094 59.2817332587922 66.3139494717308 76.67759526240967 89.21919670112584 103.1473423240713 117.9719505661448 133.39447415491762 149.2296487698393 46.092030988519824 42.62371092300352 45.91068303294724 54.74948010468224 66.9770482950192 81.0743430202262 96.2230630623129 111.99737186592343 128.1664909998435 144.59803662487258 33.32454629578909 28.41589145188683 33.21310015797047 44.69302843959573 59.08073454154047 74.71485281147856 90.9549058657099 107.52669531358175 124.29760714740986 141.1967057456475 22.408696249837586 14.207970976844209 22.36729358692858 37.382319577436505 53.78933372916444 70.62478064038352 87.64211013773217 104.75271791069079 121.91733659048562 139.1159754459505 17.301930585891526 0.0 17.301930585894358 34.603861171787294 51.905791757681655 69.20772234357318 86.50965292946755 103.81158351536045 121.11351410125484 138.4154446871464
107.76555899751361 26.140348313276533 50.00337340348212 162.36364186236037 46.43645257137878 91.7107348721214 162.46042815162517 131.79882903394866 62.2883221509694 31.76250440278945 89.6951444477281 87.8000873130328 148.62520190759108 101.21298725713262 97.4558308537932 149.9055290145909 149.596386282958 141.25872843345667 46.976980303078705 153.82565120563814 105.40912517474895 40.0044756263584 48.262518368488124 106.5505852242723 49.72957966247059 99.72152663231097 137.32936566082896 132.51676668417738 99.00301168121563 33.245397260075336 87.84089338707484 109.03631626398175 147.05132396566202 88.85779741357295 81.67782720962565 150.6967541069176 144.9847244624725 134.36001357315305 55.968988298915484 157.68978186017327 132.4638592253841 128.73955194272122 127.27805954588565 128.15682043198623 131.32886498651982 136.6345670295528 143.83800960886012 152.67080624571634 162.86807888513323 174.19035887718672 118.80913609608828 114.71047309544922 113.13719608187365 114.19373152052135 117.80934674961343 123.75995606704565 131.7295029601542 141.37697073266273 152.38400321007532 164.47787599089247 105.29998731114176 100.72143736281768 98.99592914349984 100.27086045082541 104.43640337546876 111.16809195962584 120.03496330103538 130.60285442225612 142.49380398588198 155.404402082167 92.00079660311623 86.79205653358 84.85430917060948 86.40789719813718 91.27471619995735 98.96717204233018 108.88804650517922 120.48813387897002 133.32986290736204 147.08838323387099 79.01788325789697 72.95676278673801 70.71238660082807 72.63940405889029 78.43094699154636 87.32143431284672 98.47507986826078 111.21303358559582 125.05209051654306 139.66531732684282 66.53688297022894 59.2817332587922 56.57021186987806 59.03178562394762 66.09094058166339 76.48510318955847 89.05407044356672 103.00476583438699 117.84750305199445 133.28459789126933 54.90141317626382 45.91068303294724 42.42783541189621 45.72916325868464 54.59758493127556 66.85312963224911 80.97215790693406 96.13711314358693 111.92365006478559 128.10217451918336 44.77578681727373 33.21310015797047 28.285307659750547 33.1016148703947 44.61036712419594 59.018323198432185 74.66558619315671 90.9145022541143 107.49257345829828 124.26813608951497 37.40707011768865 22.36729358692858 14.142679045357772 22.32593871086207 37.35762744908348 53.77220228408961 70.61175375868221 87.63162910611061 104.7439625524921 121.90982562150107 34.60386117178588 17.301930585894358 0.0 17.30193058589294 34.603861171787294 51.90579175767881 69.20772234357318 86.50965292946613 103.81158351536045 121.11351410125201
98.84770891071024 42.319648713015624 62.91540136741218 149.24009758172986 54.28525761750347 98.3747950452457 149.3129034638435 120.34254414913113 51.712093509040855 48.87474072049568 87.54242480959937 85.3936028846612 135.71149416746863 88.0890374864861 89.09547103396443 142.33296162681674 137.92939923861363 134.18082493259084 32.91711945923846 144.05103729086397 92.98337540339502 47.455583869079184 57.650570646029784 95.28702729241012 55.641642754315775 104.77492619194061 124.18631139705154 120.07017119172774 88.18676848079637 50.511817108184836 83.74589870865384 103.69340294151488 133.7444780564 83.50178577512668 71.56310192575646 142.93968545175989 133.19500892547921 127.97321179241621 41.47660611195633 149.13353764093733 137.72420287389303 131.89672469887176 128.15682043198623 126.68950220458268 127.57321044563562 130.7602874987125 136.08900123898195 143.32066995633807 152.18425450980476 162.41279170096365 124.71061775837812 118.30954153956465 114.19373152052135 112.61403234100696 113.67622224583015 117.30855889652355 123.28407739231154 131.2832081702865 140.96187078836718 151.9995675746296 111.97855235298562 104.86843131431021 100.27086045082541 98.53815958900601 99.81962835737633 104.00391043647413 110.76251368043123 119.66002405528074 130.2588735765128 142.1790870736467 99.6362032346243 91.63792654008734 86.40789719813718 84.46193431508487 86.02319763184182 90.91117228259311 98.63250221358223 108.58442923205759 120.21424450247625 133.08279160334774 87.84819750085562 78.72451834995559 72.63940405889029 70.38540688356798 72.32162352930065 78.13717556457807 87.0580750295059 98.24198642871599 111.00701155135833 124.86918985687113 76.8701898672478 66.3139494717308 59.03178562394762 56.30862765691047 58.78153960680249 65.86786214636365 76.29272012471435 88.8891502895883 102.86243701635748 117.72331490759551 67.10111479027498 54.74948010468224 45.72916325868464 42.23164699600987 45.547474998379435 54.44573247290707 66.72936329135094 80.87016075705709 96.05135455130664 111.85011111233612 59.1432699615392 44.69302843959573 33.1016148703947 28.154515260517325 32.99009334170494 44.52780585696468 58.95603817035236 74.61643978080357 90.87420668600224 107.45854783303132 53.806511913383886 37.382319577436505 22.32593871086207 14.077282809149589 22.284633111075745 37.33299457768667 53.755118128485634 70.59876482977717 87.6211794919814 104.73523392444575 51.90579175767881 34.603861171787294 17.30193058589294 0.0 17.301930585894358 34.60386117178588 51.90579175768023 69.20772234357318 86.50965292946755 103.81158351535905
92.34174975829443 59.137978079198966 77.5568496611185 137.04716095983852 65.84936031612563 107.43843726005636 137.0910603775413 110.41917611939282 45.46592111174952 66.08583292034227 88.7739223875471 86.45205203820443 123.87267013173407 76.64191618446642 83.52872587356866 136.54415158640924 127.54849254563307 129.04881037650637 23.642078856182223 135.78553426497788 82.33725090938351 59.1811883587328 70.11854281736863 86.05168732263847 65.708870009093 112.29360785003844 112.1775530422135 108.95721412387763 79.6925563500447 67.79634552324838 83.12285087813673 101.06626033091558 121.44856155871638 81.53569287716016 64.57540168478391 136.9402237123508 122.71883850496317 123.69443593209563 30.113124859588005 142.1765918034412 144.87191104360804 137.17963760847053 131.32886498651982 127.57321044563562 126.10001074312716 126.98872720429358 130.19099971150993 135.54295044571637 142.80308772857057 151.6976853883302 132.6216990433975 124.23547279089719 117.80934674961343 113.67622224583015 112.09003821793499 113.15795010794827 116.80718521880998 122.80784667728938 130.8367980809361 140.54686085849903 120.7848069006568 111.57344131909113 104.43640337546876 99.81962835737633 98.07966340902348 99.36774555776098 103.57095950941104 110.35671598699405 119.28508785995683 129.91507194977257 109.49555681927431 99.30174198711816 91.27471619995735 86.02319763184182 84.0689366072114 85.63796197877336 90.5473015586181 98.2977414032464 108.28091691370837 119.94059707589538 98.94177226103004 87.58481110058169 78.43094699154636 72.32162352930065 70.0579081011763 72.00342504953711 77.84321051898233 86.79474121408221 98.0090723048881 110.80125846913931 89.38452306236493 76.67759526240967 66.09094058166339 58.78153960680249 56.04662817775985 58.53099880974769 65.64472007111253 76.10045259133211 88.72444226713377 102.72036110685427 81.17671237833643 66.9770482950192 54.59758493127556 45.547474998379435 42.03514712227416 45.36562161972311 54.293927586435835 66.60575378273758 80.76835529731468 95.96579033166792 74.76423794618765 59.08073454154047 44.61036712419594 32.99009334170494 28.02351521880733 32.878538509794474 44.44534763782578 58.89388169840729 74.56741526337014 90.83402049468403 70.6378450696884 53.78933372916444 37.35762744908348 22.284633111075745 14.01178275052985 22.2433782840141 37.30842180802645 53.73808181168163 70.58581425790776 87.610761614905 69.20772234357318 51.905791757681655 34.603861171787294 17.301930585894358 0.0 17.301930585891526 34.60386117178588 51.90579175767881 69.20772234357318 86.50965292946472
88.77952061763321 76.17323127080701 93.11546032745758 126.05516650812378 79.52415548507618 118.35164296350638 126.06441925005397 102.47502575508796 45.374697561500405 83.33455335437135 93.255661495674 90.85441649194304 113.44574435648373 67.72727045475287 81.33126231409732 132.7726166476523 118.79130910734064 126.10048929195229 25.16088424228211 129.31883421868946 74.24033962915442 73.15394668532002 84.31094787851927 79.5540896161463 78.34552100588368 121.8219622624845 101.70567869197897 99.62519235741057 74.32084855459588 85.08794764941662 86.04720166188204 101.36626537334405 110.50156091015997 83.20018700259284 61.78496819135242 132.93654606532945 113.91917789752078 121.74614934538245 26.30593001510496 137.0626897717767 153.64380122803752 144.3550941172161 136.6345670295528 130.7602874987125 126.98872720429358 125.50958950915654 126.40337595334347 129.6210091679996 134.9964249678987 142.28527562775076 142.20738885534763 132.17567052112574 123.75995606704565 117.30855889652355 113.15795010794827 111.56521757723316 112.6389199693526 116.30523302460782 122.33127393960902 130.39028474289293 131.29130778391448 120.40989456069447 111.16809195962584 104.00391043647413 99.36774555776098 97.62044398506234 98.91521655470012 103.13755767799645 109.95070848613668 118.91016585581153 121.0365997511886 109.19175893876672 98.96717204233018 90.91117228259311 85.63796197877336 83.67531894543131 85.25219441242213 90.18311087076542 97.96289860407559 107.97751942597746 111.62585433518218 98.708344501546 87.32143431284672 78.13717556457807 72.00342504953711 69.72989266902502 71.6848125030248 77.54905837390552 86.53144090262495 97.7763456734879 103.29016126255163 89.21919670112584 76.48510318955847 65.86786214636365 58.53099880974769 55.784215364726066 58.28016686964755 65.42152032100168 75.9083071606587 88.55995243216357 96.30920126310535 81.0743430202262 66.85312963224911 54.44573247290707 45.36562161972311 41.83833723991531 45.18360652613228 54.142175169100625 66.4823056378557 80.6667452624234 90.99541618573286 74.71485281147856 59.018323198432185 44.52780585696468 32.878538509794474 27.892308500772014 32.76695334225418 44.362995480722056 58.83185602661179 74.51851432910465 87.65262226642709 70.62478064038352 53.77220228408961 37.33299457768667 22.2433782840141 13.946179352574479 22.202175733148056 37.28390998456543 53.7210938820184 70.5729024463457 86.50965292946472 69.20772234357318 51.90579175767881 34.60386117178588 17.301930585891526 0.0 17.301930585894358 34.603861171787294 51.905791757681655 69.20772234357318
88.51713481106046 93.30667071543454 109.19990749518496 116.60423987300015 94.39676026816788 130.6517549561375 116.57263846411618 96.99761481023329 51.47115895199929 100.60154914554653 100.55398279540401 98.15177276429219 104.85277855798222 62.43939514444206 82.77186423844839 131.19245086262993 112.03923724220438 125.4898705091313 36.13728494403929 124.93058092392707 69.5882427175094 88.31360608922174 99.49254219105445 76.49508756299302 92.50452745473329 132.92852791636935 93.28968299956014 92.61403424198838 72.76648343920296 102.38303948514742 92.18195744043581 104.56822724398597 101.34155607778243 88.2901689910627 63.74540714645237 131.11161239996494 107.20964373701945 122.23983449111769 32.80112574325507 134.00300393059337 163.77911098268245 153.15732647930244 143.83800960886012 136.08900123898195 130.19099971150993 126.40337595334347 124.91824285714937 125.81716196334679 129.0503234796869 134.44943523494973 153.15357437457604 141.79214771073427 131.7295029601542 123.28407739231154 116.80718521880998 112.6389199693526 111.03957428956102 112.11913671889099 115.80270969310546 121.854369305881 143.1241068113098 130.947002968152 120.03496330103538 110.76251368043123 103.57095950941104 98.91521655470012 97.16050470395902 98.46204587886662 102.70371209902201 109.54450088771137 133.8249511211057 120.76225550741337 108.88804650517922 98.63250221358223 90.5473015586181 85.25219441242213 83.28108423275413 84.86589913627328 89.81860713526449 97.62798290052245 125.41880631391939 111.41931701935887 98.47507986826078 87.0580750295059 77.84321051898233 71.6848125030248 69.4013630062936 71.36578980569388 77.2547257189278 86.26818220453967 118.09665296475113 103.1473423240713 89.05407044356672 76.29272012471435 65.64472007111253 58.28016686964755 55.52139115315582 58.029047458536354 65.19826892181635 75.71629045204703 112.07127398225846 96.2230630623129 80.97215790693406 66.72936329135094 54.293927586435835 45.18360652613228 41.64121880044524 45.001433157420195 53.99048015890897 66.3590234091405 107.56091230116945 90.9549058657099 74.66558619315671 58.95603817035236 44.44534763782578 32.76695334225418 27.760896074086844 32.65534083679133 44.280752413602386 58.76996340177338 104.76149973408344 87.64211013773217 70.61175375868221 53.755118128485634 37.30842180802645 22.202175733148056 13.88047309912148 22.161026968940636 37.25945995141218 53.70415488679707 103.81158351535905 86.50965292946755 69.20772234357318 51.90579175768023 34.60386117178588 17.301930585894358 0.0 17.30193058589294 34.603861171787294 51.90579175767881
91.58295895323089 110.49263036313245 125.60834949965309 109.09562588482878 109.9823139615252 143.98377284479662 109.01736352287267 94.4172313799841 61.95483078562901 117.87878959296802 110.11023776476503 107.757569586433 98.57455646653635 61.71764759621378 87.67137438010721 131.88244624830656 107.6701659636944 127.25061124369897 50.768569946813656 122.84371703659309 69.08045581960735 104.14313405071158 115.27315431167484 77.28407747431848 107.58650664192126 145.25172458965218 87.52464244427776 88.47720423426911 75.26633566450306 119.68010813576342 100.94347640572698 110.41998078510754 94.4896882177608 96.26379216657344 70.0590209486785 131.5561239540264 102.99951056614177 125.14659503332902 45.37109186466695 133.1392341212756 175.04116436508846 163.3235235427169 152.67080624571634 143.32066995633807 135.54295044571637 129.6210091679996 125.81716196334679 124.3259751483936 125.2300905304859 128.47895032792772 165.19002013158308 152.7686765082055 141.37697073266273 131.2832081702865 122.80784667728938 116.30523302460782 112.11913671889099 110.51311223163442 111.59860527227565 115.29962267602032 155.9816557458976 142.80881429794795 130.60285442225612 119.66002405528074 110.35671598699405 103.13755767799645 98.46204587886662 96.69984895785183 98.0082380894369 102.26943000383677 147.53661969733054 133.5772524273011 120.48813387897002 108.58442923205759 98.2977414032464 90.18311087076542 84.86589913627328 82.88623537673574 84.47908038442321 89.4537973432645 139.99325398315924 125.23529824831503 111.21303358559582 98.24198642871599 86.79474121408221 77.54905837390552 71.36578980569388 69.0723215359515 71.04636090666413 76.96021921531091 133.5046030894321 117.9719505661448 103.00476583438699 88.8891502895883 76.10045259133211 65.42152032100168 58.029047458536354 55.25815748142878 57.77764428435607 64.97497196093578 128.2309761503434 111.99737186592343 96.13711314358693 80.87016075705709 66.60575378273758 54.142175169100625 45.001433157420195 41.443793257651 44.81910499051272 53.83884753503213 124.32716332434734 107.52669531358175 90.9145022541143 74.61643978080357 58.89388169840729 44.362995480722056 32.65534083679133 27.629278907944357 32.543704021694026 44.198621478411106 121.92487057658218 104.75271791069079 87.63162910611061 70.59876482977717 53.73808181168163 37.28390998456543 22.161026968940636 13.814664474767438 22.119933508868602 37.23507255229009 121.11351410125201 103.81158351536045 86.50965292946613 69.20772234357318 51.90579175767881 34.603861171787294 17.30193058589294 0.0 17.301930585894358 34.60386117178588
97.66406159533715 127.70990899655725 142.22869595460537 103.95107260996141 126.01656403397922 158.08683910850493 103.82222466638031 94.97031015785754 75.00817115571552 135.16234615833372 121.39234495648004 119.11462930555203 95.07076809873638 65.71265509540441 95.49889715543047 134.8077487631735 105.97922905202459 131.28733672300635 66.6911020284968 123.17527016486665 72.80374704278266 120.37856106335947 131.43720322584466 81.80980261545123 123.25310177314395 158.50804514178782 84.95198244349739 87.62275928169622 81.44795299172294 136.97840473118944 111.71543030059314 118.5297168562404 90.47190468743896 106.47517242178655 79.6978716548414 134.2475393098433 101.59996797847842 130.30504294145084 60.33132134164431 134.5136897405021 187.22674418142086 174.61561573755264 162.86807888513323 152.18425450980476 142.80308772857057 134.9964249678987 129.0503234796869 125.2300905304859 123.73279075095404 124.64216697701211 178.09581035141815 164.83377683176522 152.38400321007532 140.96187078836718 130.8367980809361 122.33127393960902 115.80270969310546 111.59860527227565 109.9858352861965 111.07733057258164 169.63109512657357 155.69284592137055 142.49380398588198 130.2588735765128 119.28508785995683 109.95070848613668 102.70371209902201 98.0082380894369 96.23848014415542 97.5537977746474 161.93723569767496 147.3123221300988 133.32986290736204 120.21424450247625 108.28091691370837 97.96289860407559 89.81860713526449 84.47908038442321 82.49077528945665 84.0917424222011 155.1290878779991 139.8291258654254 125.05209051654306 111.00701155135833 98.0090723048881 86.53144090262495 77.2547257189278 71.04636090666413 68.74277068474002 70.72652978893308 149.32794857896513 133.39447415491762 117.84750305199445 102.86243701635748 88.72444226713377 75.9083071606587 65.19826892181635 57.77764428435607 54.994516290942904 57.52596109169391 144.65510922529978 128.1664909998435 111.92365006478559 96.05135455130664 80.76835529731468 66.4823056378557 53.99048015890897 44.81910499051272 41.24606206758399 44.636625540155435 141.22268522556513 124.29760714740986 107.49257345829828 90.87420668600224 74.56741526337014 58.83185602661179 44.280752413602386 32.543704021694026 27.497457973046817 32.43204595626695 139.12256792443495 121.91733659048562 104.7439625524921 87.6211794919814 70.58581425790776 53.7210938820184 37.25945995141218 22.119933508868602 13.748753964863916 22.07889687738994 138.4154446871464 121.11351410125484 103.81158351536045 86.50965292946755 69.20772234357318 51.905791757681655 34.603861171787294 17.301930585894358 0.0 17.301930585891526
106.24394017886878 144.9473465573117 158.99450702278992 101.53057906652032 142.34796601483956 172.77223920998225 101.35080855439058 98.60413768642681 89.51398913598257 152.45007064557737 133.96497421082992 131.7709142039164 94.65003150845008 73.66093340802821 105.60534989131978 139.82813614278564 107.09335991296342 137.3995915764594 83.16651699495364 125.90613624599216 80.17076865082468 136.8755266713459 147.85898962143585 89.50722842225859 139.30721321981457 172.4824749572192 85.85915101233009 90.1440855725352 90.56050131486647 154.27751622370377 123.97487282472058 128.4705375264914 89.66997303114032 118.34647404837511 91.61839292452316 139.05545328517593 103.1255092566875 137.4619185013893 76.28834067851983 138.05953881466937 200.16725689836332 186.82956511819145 174.19035887718672 162.41279170096365 151.6976853883302 142.28527562775076 134.44943523494973 128.47895032792772 124.64216697701211 123.13869403964064 191.69544095224427 177.76594031953786 164.47787599089247 151.9995675746296 140.54686085849903 130.39028474289293 121.854369305881 115.29962267602032 111.07733057258164 109.45774734198928 183.89617848724086 169.36597082716045 155.404402082167 142.1790870736467 129.91507194977257 118.91016585581153 109.54450088771137 102.26943000383677 97.5537977746474 95.77640166553617 176.85858758355536 161.733224817548 147.08838323387099 133.08279160334774 119.94059707589538 107.97751942597746 97.62798290052245 89.4537973432645 84.0917424222011 82.09470688750066 170.6770201617803 154.9812173876147 139.66531732684282 124.86918985687113 110.80125846913931 97.7763456734879 86.26818220453967 76.96021921531091 70.72652978893308 68.41271288315465 165.44754752783282 149.2296487698393 133.28459789126933 117.72331490759551 102.72036110685427 88.55995243216357 75.71629045204703 64.97497196093578 57.52596109169391 54.73046952610043 161.26289899771575 144.59803662487258 128.10217451918336 111.85011111233612 95.96579033166792 80.6667452624234 66.3590234091405 53.83884753503213 44.636625540155435 41.048026688549264 158.2060672066715 141.1967057456475 124.26813608951497 107.45854783303132 90.83402049468403 74.51851432910465 58.76996340177338 44.198621478411106 32.43204595626695 27.36543424159924 156.34326448173894 139.1159754459505 121.90982562150107 104.73523392444575 87.610761614905 70.5729024463457 53.70415488679707 37.23507255229009 22.07889687738994 13.682742055513897 155.7173752730379 138.4154446871464 121.11351410125201 103.81158351535905 86.50965292946472 69.20772234357318 51.90579175767881 34.60386117178588 17.301930585891526 0.0
