0.0 113.31283226372523 129.82605892329371 101.09776214875238 98.96905349456381 87.0145990793805 107.2672136294264 105.91701544427637 109.38442457651271 104.33295466350302 103.54232066171869 137.96418823777458 64.09551421279936 83.0549425236208 95.26076179194825 100.27334579896254 91.19666471157046 126.05851609824664 112.94029241251462 141.13045860697116 28.183342982088874 103.94315672936568 115.18145734178685 92.4202962302412 106.11364893738269 88.06979346325885 103.80129470448331 108.84453352348167 87.61245065233398 81.59710087393228 105.29655840831133 89.1170552619766 74.83744882125374 80.25977352034008 104.65149817014075 82.65072307213845 95.38851614434355 120.02205336065171 104.54540667870307 136.70773104917345 48.99447596420365 31.805685683913172 14.881468772424025 5.479789047968028 20.91199577708529 37.99090089660766 55.208867391703194 72.46684090392887 89.74174350153932 107.02537795762909 52.25108183520702 36.60342597295629 23.41277294368775 18.847200981259572 27.586009800383163 42.01750578678175 58.04020634282496 74.63626609099651 91.49421174899929 108.49203314052174 58.83946784401604 45.47935078981312 35.68428326519895 32.818792602298224 38.46409462652311 49.805706046861054 63.87830998066404 79.23999601737376 95.26921750101502 111.6789102252845 67.79506268580619 56.54443313702587 48.95996487857614 46.85708325353747 50.91951678051857 59.90585092682389 71.99533046829984 85.88740938525702 100.83982060697949 116.44481352277643 78.30978260790937 68.74954113817557 62.6040905525321 60.91584599956729 64.0382996850101 71.34257320809189 81.71485219885189 94.14651762039155 107.9282719312201 122.60567839793427 89.8377186191053 81.58448998019284 76.41942364476344 74.98342217795123 77.48409436358172 83.56878689784004 92.53315834849131 103.63259443835976 116.25717118191073 129.96319116109086 102.03589481291463 94.79364007701939 90.32728932695301 89.05548172291687 91.11209075845085 96.28406913627416 104.10814322480606 114.03974583717464 125.57984075192547 138.32643927560824 114.69051032571787 108.23992684487027 104.29051582227059 103.1300292857689 104.85111116975207 109.3177451717475 116.21378845774395 125.13824821983266 135.69148472843554 147.52436479144248 127.6657535209151 121.84470757855101 118.28933584289162 117.20600347414364 118.66243547879029 122.56812801073082 128.70028935726864 136.75974927770793 146.42861615204112 157.41059778783054 140.872898188215 135.5601068207292 132.31228416312518 131.28277641153977 132.52329262077035 135.97171637651002 141.46667835048893 148.7815962181366 157.6633582088404 167.8634401132783
113.31283226372523 0.0 112.3838658643481 55.82202834525657 70.52887964777352 100.73012634911063 119.88432973151744 18.273802354140965 125.34861416656463 46.332975111139326 20.19767742405181 46.27576151221941 94.70457666967283 61.3744590684715 59.683089413792985 69.96669183038355 100.3459951001175 18.769686043751424 48.31394073784405 145.9676661413166 90.68145684585026 9.39392815203505 91.95030976861442 32.03284095449001 8.97703514916215 74.61883231262796 119.37663244658859 26.971555398427864 81.77620412863698 56.863529227560775 17.391169193195037 51.82075606411124 61.13089650701225 40.406928473107214 69.4300778903227 54.766109633562905 100.28993866302906 19.06702282560294 31.151591657869126 127.08886031403664 155.30675349307768 139.25623905053484 123.54396518343162 108.31722548791353 93.81273968645368 80.42224632469672 68.79930280922216 59.9804069434897 55.32317013955897 55.87804469257493 150.82731595697203 134.26571072217945 117.91686978778726 101.88326925250321 86.34070995251986 71.60964394110775 58.30839806211133 47.649792579189665 41.71140671657242 42.51923608109444 147.54441186497874 130.5842555944199 113.72709459324851 97.0266261350598 80.5803339088989 64.58269230900723 49.47088010403164 36.36649158354123 28.22030016505295 29.478108355463974 145.53908221727994 128.32464433042367 111.13737854599894 93.99219199129067 76.91722874827319 59.9724993564848 43.31112971969464 27.453959895219576 15.175590534471926 17.481128682837845 144.864421517193 127.56249093152734 110.26056034592975 92.95862976044405 75.65669917514317 58.35476859019703 41.0528380060449 23.75090742443249 6.448976865786887 10.852953779736463 145.53894596820876 128.32449051256975 111.13720175952292 93.99198392658141 76.91697568089657 59.972176309409214 43.310684509123604 27.453260862741924 15.174331924130172 17.480041324076623 147.5441430722691 130.5839532840022 113.72674907385844 97.02622302229074 80.57985078538688 64.582092339033 49.470100555101205 36.36543615566777 28.21894655207087 29.47681872423036 150.82692154827694 134.2652696952804 117.9163699296899 101.88269341363686 86.34003362346006 71.6088323063971 58.30740597869138 47.64858433655027 41.710033041445826 42.51789497530484 155.30624279085683 139.25567209741476 123.54332907262908 108.31650332037276 93.81190975260489 80.42128274538 68.79818175530976 59.97912716068383 55.32178924203841 55.87668407183998 160.88213329915658 145.42038341283873 130.42164490598628 116.06555673399046 102.62218041294847 90.49917579107743 80.29682546012822 72.82684939935034 68.98268088809817 69.3697411435224
129.82605892329371 112.3838658643481 0.0 156.035262124578 44.82707485092494 43.47534870205778 32.27755857029791 94.34417254200822 35.40191181327496 66.17534123208446 125.51046489685746 84.28072697027851 65.81787015071934 149.78887746062722 156.03132141664648 44.73913556334362 39.048839366571556 104.01327035061074 64.69995454610635 35.920733748574506 104.33709081296256 108.9462292171219 21.066372009501386 128.3587752421363 105.14945998124284 48.64064257481866 35.574558402313684 85.47563754714213 45.20408925678067 67.02691306406956 124.02566657909931 66.34751430890572 69.24894195874869 125.20247006518399 168.7745601432569 68.10716851974622 34.680609599290705 97.58555254424232 81.35413806888593 14.91227319500543 137.600546914862 131.32068830902455 127.10221313175266 125.15374036438466 125.58097630989805 128.36020113011028 133.34443219087544 140.29886206378393 148.94777787190432 159.01492729982172 124.7611357080118 117.86416517518408 113.2132277288426 111.09078037719281 111.64112633263709 114.82584092758898 120.43612187424479 128.15380685009652 137.6248161407495 148.514089814451 112.24117012167774 104.58619768541203 99.38376448966774 97.02917068749825 97.72847439206377 101.41852331879731 107.79260855673257 116.41066733032547 126.81603959186926 138.60678102725313 100.16072408125193 91.56472720863196 85.64290828227936 82.96985030477794 83.85680789650934 88.19644126597187 95.51931806456217 105.20431476301344 116.66462795142455 129.4295284451727 88.69976704648096 78.92703875662457 72.04163070331768 68.91448321542538 70.05073714357724 75.25753043307427 83.77933118768338 94.72564128132798 107.3573855500738 121.14850259757466 78.13158890009315 66.89124027267086 58.677335845832765 54.866386198186916 56.35875976927408 62.777369702679486 72.83121148591665 85.24360070815193 99.13251954861235 113.95937994403707 68.86860892908153 55.84806215164195 45.75841199677905 40.83336825476418 42.890571572484276 51.09348068793803 63.08876191486524 77.12681416427066 92.28003315013189 108.08038233149723 61.50356418531323 46.51022306495904 33.799754666768145 26.839450543494298 29.949940223572032 40.89439884977068 55.19433774506312 70.84622858588929 87.12445933491192 103.7345884828061 56.77999821892243 40.087854436708724 24.26554717565967 13.011929792892658 18.668601579788536 33.562417728194575 50.03066972748148 66.92094420874257 83.97898823500446 101.11993367737219 55.37808795764479 38.0856882952568 20.80913915996747 3.772861621020557 13.934212917164535 31.18980100942084 48.478435174526 65.77406220928432 83.07231448941114 100.37183470635672
101.09776214875238 55.82202834525657 156.035262124578 0.0 111.22463264791365 131.20139368924544 153.9994623400653 67.94409391895327 158.90530702415862 92.6904225444241 35.83018076051345 102.02910837100771 116.02595798227895 18.46894969197432 7.037237455616967 111.2997596128561 132.61079440734446 74.26222473283907 97.9765260589199 185.3615881763677 91.11944806489056 52.86139763497382 134.99010976418904 28.040573122621304 57.81162838399384 109.87655011234297 152.3135187191603 77.6852168482359 115.81587424344035 90.05931673816377 38.507513062765824 89.69732020208102 90.07582045042946 31.987622628389627 13.736212631680393 88.61668562894661 134.2498871846018 74.63658414670724 79.20534210460148 169.6394063810555 149.81642457001294 132.5147343053331 115.2131162080489 97.9116085355188 80.61028238967045 63.309286594932956 46.008993823629304 28.71067497383522 11.423300903439706 5.949315161834191 150.53835478344863 133.3266490893434 116.14175403948002 98.99763271348682 81.91988837853548 64.96089222471342 48.24603095526278 32.15826588744204 18.42121615142269 15.596182923181937 152.54474585247414 135.57768680797196 118.70732302409623 101.9816533764853 85.48565036253231 69.38331872415121 54.02779954164942 40.282391145324816 30.414612547977537 28.74258136485818 155.7859493362339 139.19801544526717 122.80723914008429 106.70451468838809 91.04281362764311 76.09493649733524 62.37619575593627 50.89052193432266 43.446583731501775 42.238265146836405 160.18698283207283 144.0844060614865 128.29443126673732 112.94823832791795 98.25398929620242 84.55227204655637 72.40873862044462 62.7348593208824 56.80667341652147 55.830387251310064 165.65537080535856 150.1132070622108 134.99977038197528 120.47651673133444 106.78452217879037 94.28662303646978 83.52059868263188 75.23365961755302 70.30794186548704 69.46221889779105 172.0893187438391 157.15291459911333 142.7516138651542 129.06466483701212 116.34445372852633 104.94310779581886 95.33498618921591 88.10870029452818 83.88209762497482 83.11407398909644 179.38487529512713 165.07415252415797 151.38918662746678 138.51557123688949 126.70086335667189 116.26831782509932 107.62064086357042 101.21635542848394 97.4985462943036 96.77732229221908 187.44136309533837 173.75629481071692 160.76967709852568 148.6646624643888 137.6739930503166 128.08484909046248 120.23303406085132 114.47659194098993 111.14158283991668 110.44757345064892 196.16494205497378 183.09101202297438 170.77057938576857 159.3784828486804 149.1276256117223 140.26843751336025 133.0791430788722 127.84177721918147 124.80232210705914 124.12234740547626
98.96905349456381 70.52887964777352 44.82707485092494 111.22463264791365 0.0 35.23411746035214 50.05579668292083 52.26919024200998 55.58701419484331 25.216543527468982 81.53708921627008 56.33336875367724 43.36347813191776 105.2255107972743 111.21979816298901 1.508683211096541 33.10149263973457 66.32460347992516 28.34868362994429 75.88467162617003 70.9987140752138 65.73065641708043 23.843506887770506 83.63465527234759 62.47726496005103 12.009410265966157 50.10776319776971 44.794568503550934 17.010518979493295 23.023181925983575 80.28671425136338 21.527334689348468 27.06356962327811 80.42600731691768 123.9498448920527 23.739504052347467 31.612877978945612 58.97829144796953 39.68505713877807 58.54421716901896 121.29689658987823 110.15749042500492 100.77243440461262 93.67053773932783 89.39760069982424 88.36496844145164 90.68340284067817 96.11070034104567 104.16203317485962 114.28414962442453 111.31678989648074 99.11503567382545 88.62753132656826 80.52685732499152 75.5843675754685 74.43188109056871 77.23923648882646 83.608497258104 92.80920430405021 104.09323908073642 102.31538390592105 88.93594900877522 77.13276829704085 67.73492851833116 61.84878992338559 60.50802232853764 63.998940575477796 71.61845921917376 82.22675163450862 94.8259950899482 94.57269584323294 79.95084906567888 66.62570631695284 55.53858322815585 48.257504294544695 46.60195514732707 51.1214312735236 60.446358503984236 72.75181637774276 86.77899702628405 88.42013645078691 72.60452963273363 57.64913997799605 44.431265805871774 34.97942032091867 32.736687903137245 38.96832107955738 50.63672367601249 64.87167290473022 80.31997590965442 84.20707247928547 67.43483837944491 51.01760206990203 35.452023026443364 22.574500534845534 19.00216130249872 28.48276875542825 43.129642008916576 59.22647926118242 75.85576836023297 82.23221243680202 64.96358775349532 47.71909689357324 30.539649406144978 13.672661275087178 6.31875381844662 22.172621321687362 39.268780547824704 56.49037633200961 73.74958720921354 82.65616942633811 65.49697185975242 48.43942060028971 31.648298218516338 15.986408568277495 10.403312186335224 23.655986910972356 40.12101314482409 57.08326235900636 74.20252794928574 85.44323731671471 68.9653043125009 53.015002668362285 38.258054449284074 26.748418007521956 23.790500518665635 31.862342621326732 45.42180922270413 60.90799243232172 77.16953572810172 90.37501561979141 74.96226178250619 60.578417588154686 48.154495181836324 39.58121875129739 37.59251378130349 43.10948909354106 53.873609033865954 67.41669076430706 82.37937472221834
87.0145990793805 100.73012634911063 43.47534870205778 131.20139368924544 35.23411746035214 0.0 23.5618174615157 83.14500143783361 27.94733542466164 59.105791250729844 107.42648028433507 91.53433136539007 23.059866876888403 120.89944919357272 129.48018916473333 36.550717119555465 4.503624207882512 99.81366096585788 63.45947236931142 57.716979952881566 63.07083997027167 94.14849150575583 34.261319246211144 105.88815015125462 91.97623226862545 26.622836506392773 21.301527351352895 77.43114759249767 19.437671191555978 44.26095945987297 106.86819788350878 48.99181484775348 41.86215030945633 99.21561688047785 142.382944691773 46.26433056719278 8.940837961531065 92.25009110308531 71.84539776063909 49.78768918793813 95.65883599609299 88.17601830230076 83.65457330505257 82.58235403518215 85.08985188100696 90.88124515063689 99.3840967089388 109.97125428111809 122.10174031491628 135.36126970824782 83.64453649026609 75.03769950515566 69.73947804459502 68.52170340530975 71.59290094668783 78.45096355702603 88.21708728201635 100.04322007054719 113.28604443268522 127.50490355763766 72.41872210120076 62.343646175962085 55.92573843535397 54.473344985946774 58.358388444091666 66.65400800385011 77.9648071720022 91.17546064993452 105.57517314567357 120.73925971694187 62.40854366616309 50.43071171131417 42.313032156931904 40.45039360009131 45.615585494302394 55.89306381864939 69.03617292017016 83.70577880375384 99.22714993336365 115.2566822683438 54.29081628386238 40.00318609855502 29.184367526701422 26.493583421028795 33.92348540024803 46.88716248143013 62.005801293348654 78.03680559233975 94.51707202704308 111.24711693550164 49.015140793619494 32.522888966767724 17.65518272703331 12.821292374973082 24.81488444189367 40.81524632072627 57.57345799262514 74.58039077984006 91.69776007701259 108.87348900449058 47.53743749456736 30.260777335185008 13.051241690538117 4.865054753637062 21.810919036179826 39.070157460717745 56.35558359349566 73.64876091066789 90.94526787329247 108.24350833545043 50.19428825440154 34.266396623030076 20.678917389119665 16.726076466204496 27.0299457311794 42.19225783495959 58.5531177554537 75.33565490009569 92.3101647827072 109.38731401675454 56.40439841188257 42.81528347818371 32.91731986625976 30.539490890012083 37.1548135408362 49.264682516557016 63.81415851034685 79.47448532680559 95.7018804313113 112.25067984935356 65.1595526423058 53.782831228233746 46.239836839932785 44.523656956659636 49.24726884174985 58.880683502088225 71.46523793145839 85.71073163260061 100.9162164503179 116.70706880598173
107.2672136294264 119.88432973151744 32.27755857029791 153.9994623400653 50.05579668292083 23.5618174615157 0.0 101.7775594427281 5.5342134548712005 75.27132668181366 128.56913042655054 103.15887895177191 45.130708479138086 144.2238059772973 152.53998009260457 50.93585791125741 21.431129160323817 116.34556004381817 77.51253708853565 34.572323859443166 85.26098009522387 114.17179008164584 36.27604761182792 128.07152893405745 111.45588326579202 45.68131322893552 3.742216388213746 94.78379539673855 38.871859099307585 65.201236427943 127.75586122257837 68.39713291837651 64.02165278200953 122.03319182978194 165.4625507544015 67.01745336800663 19.989514307102855 109.03021313397429 89.53545334888432 31.677368888728743 107.70568730527707 103.39068821762767 101.86960450625558 103.26597123204708 107.46612436801577 114.16101584326911 122.94376669359166 133.40264081703057 145.17583118917372 157.9697500178038 94.30994075329089 89.41953677026629 87.7269511104067 89.41397043950816 94.29938510926924 101.92431367186039 111.72928517483822 123.1948715483165 135.90141775144707 149.53290633701 81.19074351063651 75.52449481798246 73.58429713292745 75.65735412365741 81.43775944098032 90.2156808633169 101.21421078678753 113.79125993192702 127.48047767416051 141.96048928393773 68.50739765936986 61.75722088881698 59.44191587007928 62.059847125928115 69.05218404090989 79.26966537539248 91.63979380572422 105.40740012230717 120.09281587017685 135.3977292181812 56.55415126973047 48.22753895034064 45.300358909321304 48.755030901303115 57.4516063813316 69.44799946756227 83.33106084041766 98.30468090489249 113.93971384397378 129.99773078619592 45.905158317797294 35.21070932447338 31.161087523012906 36.0685671138701 47.21841298910569 61.29375457792489 76.70058023720473 92.77792032862303 109.23010036373921 125.9102695711172 37.68306846528555 23.5725563179438 17.030248278017265 24.962080925036904 39.43214164168065 55.546325597846504 72.2122355491394 89.12088319337133 106.15634159988105 123.26604595373861 33.71308444651633 16.538419982698905 3.0298798732339356 18.535225179761504 35.7301348553118 52.994755070558305 70.27772874171056 87.56818950447952 104.86243385018675 122.15885484388065 35.45367162346138 19.833301318815554 11.334453142291077 21.500995141657707 37.34740597874654 54.09323110896504 71.10583342787284 88.23102867087745 105.41395671512333 122.63035145306006 42.2040785169863 30.252028393910017 25.453813526696685 31.294064082413325 43.697261849715886 58.63696242241505 74.60460075385431 91.06102331754423 107.78257699661704 124.66261774372019
105.91701544427637 18.273802354140965 94.34417254200822 67.94409391895327 52.26919024200998 83.14500143783361 101.7775594427281 0.0 107.2600857371671 28.18232768184954 33.04672163082281 37.53575611507612 78.92744296930479 69.11970272686762 70.38737707516394 51.69527960184029 82.53834422044095 20.598124510895136 31.07924712196197 127.71707526246266 80.81650922775928 15.480548581689064 73.78206122957883 40.69586566872213 10.998028804610712 56.777238247505345 101.36318127607815 9.82782254457551 63.97942222785816 39.99511778003684 30.952309349656566 34.162820736047856 45.0939730984046 44.504921412262576 81.65237041149867 37.862518857902856 82.30346862713787 14.10515613631199 12.990100487689674 108.98403449431518 144.48176367022347 129.2036753161982 114.50280696173368 100.63244653033081 87.98624434250252 77.16840350199912 69.04374853439879 64.63597552166434 64.70914045969259 69.24904182632733 138.71567570790543 122.75232820573957 107.20508677976491 92.28449675932663 78.3493919075949 66.02671612500676 56.383760359049816 50.964995657398084 51.13153911940272 56.83431149671657 134.17375101007121 117.6196100183739 101.31563011651475 85.40520004918017 70.15658578970384 56.11195869636919 44.428192994757765 37.38828428603755 37.69098454541271 45.18897957715824 130.98346510332195 113.98387246530392 97.0911391180849 80.37267240639297 63.96526171098396 48.18769555950032 33.930286802948906 24.066278968095745 24.613375751181383 35.08791544143838 129.2449953837254 111.99106098498056 94.75462974999022 77.54737382595412 60.394235861432236 43.35949115268218 26.670966058772944 11.889011639210743 13.041087944219086 28.240123256507395 129.01706884303 111.72914930828018 94.44636068537287 77.17215027152511 59.91393825824472 42.69113147903731 25.57535738900517 9.185782136493083 10.647618072241462 27.222755867745107 130.30761542639937 113.21015510001172 96.18583938074491 79.28180167607468 62.59556179711129 46.362878863303294 31.297613589946973 20.205855500643285 20.874014390254764 32.58656559351034 133.07244563484778 116.36753066333131 99.86609554810902 83.68859139363049 68.06637981492726 53.48824389643786 41.08114958937077 33.36222280586663 33.72126053465447 41.95136894162365 137.22243641366126 121.07015039520373 105.28375322626749 90.05586702568937 75.72418896258564 62.90428855438922 52.71099846720042 46.889789046119255 47.09095869415671 53.24629171353437 142.63667954897383 127.14661045124444 112.18731954232604 98.00216683286096 84.97970736176632 73.73854178497348 65.20652074827146 60.540103023201056 60.638384894153944 65.47991519258315
109.38442457651271 125.34861416656463 35.40191181327496 158.90530702415862 55.58701419484331 27.94733542466164 5.5342134548712005 107.2600857371671 0.0 80.8030642414428 133.85055823742186 108.55739545694576 48.451466293800664 148.84044103740092 157.32800419803092 56.46980100880502 26.313792877883234 121.87966159437663 83.03078102465292 31.767584049585114 88.29454926801652 119.57109574590602 41.378835942925676 133.15819595704912 116.8956851537037 51.037556730297815 6.6459206602986525 100.30515814476857 44.14974778959291 70.44386940465307 133.07119488153836 73.79919441474621 69.0533455703734 126.92290769660717 170.2418013574591 72.2877376553081 25.26751088830252 114.5627108759829 95.04620106715777 32.48461778065548 107.34428455048256 103.9131985840257 103.30426665624861 105.5663366513523 110.52326729482564 117.83545751361456 127.09704455605521 137.91585722706333 149.95522620215527 162.94482902223783 93.69859515895006 89.81715582227294 89.18234614846199 91.86149840074162 97.58203498325072 105.85200448388473 116.12801037276026 127.92754734706126 140.86828806884466 154.66404375754678 80.25185065219468 75.75449703063441 75.07205977963432 78.30434566936867 85.0059585775187 94.44120651592733 105.88180218409781 118.74955422975363 132.6297224434927 147.2362590187015 67.12396785280112 61.748303634844454 60.98175494078962 64.98762468311558 72.98427077511893 83.83741224136399 96.58889736355748 110.58396804195 125.40697098964183 140.79665567038174 54.54591469042229 47.84847370093788 46.92972428870964 52.096300908403585 61.841354084703305 74.38672288634338 88.55009298911098 103.67042179242236 119.38465856290284 135.4863092887912 43.00314554690082 34.18531560991819 32.96527771362022 40.04362272686319 52.14386217369523 66.58214068782308 82.13457864721869 98.27362319168213 114.75203473324339 131.44223974801022 33.581009704835225 21.2213820864483 19.28009022006409 29.863165882101946 44.839797618579325 61.05831803116721 77.7453595234788 94.65345017672071 111.68223811114636 128.78385366516727 28.469424308275112 11.602604076730255 7.579330216067545 24.062119522878067 41.22182030900939 58.46541599516702 75.73562431003985 93.01762325504049 110.3058711340496 127.5978279654577 29.96242241170253 14.881545213937748 11.995295646067522 25.788116368281973 42.247838672699224 59.18991381731977 76.29367615587822 93.47040838431818 110.68614440907804 127.92513819890038 37.27464127501762 26.66206521469653 25.12057443641046 33.91063988914319 47.618593369877 63.11766844938531 79.36536023685075 95.98224543932385 112.80528876144115 129.75432788295026
104.33295466350302 46.332975111139326 66.17534123208446 92.6904225444241 25.216543527468982 59.105791250729844 75.27132668181366 28.18232768184954 80.8030642414428 0.0 59.89884209598931 35.98000212119827 60.99051366690789 90.06889262413463 93.9056530701314 24.368826597836417 57.62082686373594 41.138086659744836 8.66543761966731 99.69837601241213 76.52103394484617 42.903335508425506 45.618908231639026 64.65335198016095 38.982251674322754 32.70473728511198 75.29023575061946 19.790323186505656 39.726381416919956 23.758397053886217 58.19807761678113 15.67162261352425 30.80479532800924 64.44528940869739 106.08296119064507 22.216342712646966 56.5943954925625 33.76252075427405 15.198576396580362 80.80178779869703 135.04911053596746 121.72710515399304 109.5234895255676 98.85333653209562 90.26211988925675 84.38719801313336 81.8158227280958 82.85613596797356 87.37923348860835 94.88836799611393 126.8973285361681 112.65851041872708 99.39637270406234 87.55586103237124 77.78887872597994 70.95689863615463 67.95104291469917 69.27119142139729 74.68830328274207 83.40790305460249 119.84776422784746 104.69223006868607 90.31134341809492 77.13957305099535 65.90590245639818 57.75258863908784 54.09098148862004 55.812241760297695 62.473015376337074 72.72859298788237 114.10499970577348 98.09730961504826 82.61306818793621 68.0107462333383 54.99736227542861 44.97403470523193 40.240817890935155 42.59916358191063 51.076019203664636 63.25769853475063 109.87422046739111 93.16553275664911 76.72026380120239 60.75270755364292 45.76564525952167 33.118081323432435 26.41648251957081 29.95937249873232 41.18261363696903 55.6161985849631 107.33443180385765 90.17028102393438 73.07114176219403 56.09649531088871 39.40754576414215 23.617904001160337 12.703108475362917 19.069488449943073 34.12674411401679 50.63928106888773 106.60659752667176 89.30665867938632 72.00767685434496 54.71055986429779 37.417893962537775 20.14114718035385 3.1537951917583915 14.592485453293445 31.853546623880913 49.143359943706805 107.72746032841992 90.63563222891376 73.64198799334741 56.834667299775326 40.446617459944356 25.3059432990675 15.6065727820307 21.10573161942944 35.29944965328828 51.4330908063317 110.64083346468091 94.06429602576814 77.80423477912352 62.10970550647081 47.54410050174999 35.52431382717036 29.36361114123845 32.57569418485107 43.11426040182435 57.054469188090195 115.21077420472503 99.37551045244814 84.11995088486228 69.82510057755582 57.21562443305758 47.64887367832322 43.196147066608106 45.38836365262529 53.41352322946059 65.15067035335818
103.54232066171869 20.19767742405181 125.51046489685746 35.83018076051345 81.53708921627008 107.42648028433507 128.56913042655054 33.04672163082281 133.85055823742186 59.89884209598931 0.0 66.22532543798856 97.15664551552638 41.70280962868029 39.48772119796612 81.29840977468953 107.86083723767285 38.91626416462901 63.964193754113154 157.33208801521025 84.50534557756737 17.57783425388431 104.55211023285493 13.29388447511254 22.358966475323477 82.94638074348056 127.51844683920065 42.87126243530124 89.70485645665256 63.42585692986451 2.8878431379576397 60.6631795535589 65.73695296298824 24.423374683127115 49.527743974167215 61.56289999607247 108.59403554137857 38.81567559460869 45.30931244192814 139.7983221419663 148.7227148381774 131.96043216331316 115.35758789286541 98.99443515811392 83.01283623858492 67.6836128537101 53.569763841914515 41.91748355897865 35.258175484729 36.44050122998639 146.02560858979052 128.92724343704347 111.89147096777138 94.9519872845123 78.17141384283994 61.679586851123865 45.789566116496324 31.42783376659044 21.85050444541664 23.788480256714937 144.6387128881592 127.36153990321313 110.09214219038066 92.8348589841264 75.59798713016797 58.39960289818986 41.28783021917519 24.445236238608818 9.44285816534302 13.396973946267106 144.5997524377926 127.31749553089061 110.04142097276943 92.77498256224057 75.52478962180702 58.30526308743747 41.154914144719335 24.221139756706872 8.849500678653083 12.987575281897932 145.9098075636714 128.79667203336086 111.74168921725504 94.77625805083902 77.95886524263072 61.41125180764457 45.42918253891283 30.902928706980074 21.092249243457804 23.097327823849103 148.53316940605208 131.74775357589465 115.11536247190203 98.7133766430121 82.67903438099019 67.27572125903635 53.055919204599405 41.261924354459126 34.47999691632489 35.6917626410306 152.40199710426688 136.0749688335491 120.02136478973442 104.36743414801262 89.3235526464602 75.2564631546502 62.82575808042824 53.19134283954526 48.06521060757597 48.88673062772155 157.42443946871438 141.65220000489603 126.28116436892323 111.47741595149888 97.4996981812063 84.7576728651348 73.89337020265889 65.84293657578867 61.71749768717709 62.301700069367456 163.49414767295303 148.3384446375269 133.7046665842414 119.78425376985872 106.8563658040108 95.32567467435183 85.75763213660657 78.86979501676164 75.40028873522554 75.81984170342204 170.4992295702759 155.99107160681135 142.10952245416493 129.05693758558272 117.11082239847988 106.64366425115665 98.12987489067152 92.11269395122152 89.09937849406377 89.39421082765213
137.96418823777458 46.27576151221941 84.28072697027851 102.02910837100771 56.33336875367724 91.53433136539007 103.15887895177191 37.53575611507612 108.55739545694576 35.98000212119827 66.22532543798856 0.0 96.60173606892425 105.79324970868217 105.556959394403 54.989159679435836 89.12836322303643 28.79847754386378 28.898250531392186 120.18544837181851 110.83871578727965 50.097443198682036 67.97039814647532 76.59365746785149 45.17990256271221 66.6569646491661 104.1079915434749 30.514318419535147 73.02318330477146 59.55310936327831 63.52169374792784 51.43941902915116 66.53407663220159 81.84743490676551 115.67943002102126 57.848513372101266 87.03188004166441 27.421807638019132 33.74554158887243 98.9338925866212 170.89449088435634 157.24012866957614 144.36984772884946 132.51230744428184 121.9632491306505 113.08943574649415 106.31119716237035 102.04697267995233 100.61690936932929 102.140119913368 162.87647107569316 148.52793423775503 134.87411228723894 122.1481951585645 110.67074363083695 100.86883518793819 93.27221896341506 88.45093697019573 86.86832664516173 88.69791767643494 155.70850732300312 140.66773906429023 126.20766098163826 112.55230732752274 100.03178193545442 89.12564293426284 80.49279706329675 74.92321302136013 73.1202614860128 75.35479248301692 149.5130197128989 133.80989290319079 118.55263847578898 103.93779397674079 90.27789441972496 78.07578179145871 68.11940591026111 61.50914971584549 59.37334262185156 62.17482133136718 144.41531569476055 128.1155657467297 112.11653018729797 96.56778899565754 81.72675680426065 68.05799776811965 56.42005600053375 48.303806833242035 45.62889618137058 49.28932902332999 140.53498422541952 123.74557163524656 107.1193718332194 90.74613908733201 74.79219418785864 59.5952303343547 45.91317088666886 35.54090120265314 31.89044795751658 37.007489766039406 137.97483135341753 120.84373463236543 103.76933220381385 86.78509322141473 69.95671874967343 53.431681466913595 37.611948420199674 23.939188311016842 18.17203355364036 26.192992639645418 136.8090294140562 119.51708451864916 102.22851835806547 84.94539393494398 67.67188077091411 50.417858489014655 33.21371664539347 16.218970479691333 4.655378038438203 19.46801472106786 137.07317650078042 119.8179742747076 102.57851320321227 85.36433067208384 68.19457236204137 51.11402563523977 34.25639651358142 18.25023167018959 9.55794844111711 21.17429973479931 138.75910279680102 121.73433191587314 104.80036970273981 88.00964934343793 71.4632089278079 55.38043921831953 40.32005494627557 27.984488183054605 23.222129360295153 29.901738584123947
64.09551421279936 94.70457666967283 65.81787015071934 116.02595798227895 43.36347813191776 23.059866876888403 45.130708479138086 78.92744296930479 48.451466293800664 60.99051366690789 97.15664551552638 96.60173606892425 0.0 103.69193242948913 113.37803360147436 44.871061164422166 27.126410449449434 98.11803533775614 67.73875789452664 79.70260232420411 40.215211597645734 86.74139958349309 52.92364881311384 93.04641447802247 85.72866711883823 31.413167220287335 42.11008745973816 75.75155035136643 27.43815114261384 39.41649900757415 97.1842534877026 46.78332816677326 33.83489234339795 84.53403110254665 126.06874907910513 41.51521233826641 31.293012070004625 90.54872831586493 70.0522988889804 72.84513188554459 78.21113298273357 68.28114397735968 61.69557588810798 59.57406907804241 62.37380451721167 69.50258581099227 79.80866832458173 92.233040748274 106.0336749897704 120.73956608238434 67.95362803829462 56.301733224608896 48.17445587329827 45.50136995115952 49.18002206538589 58.01446291582797 70.08127195276987 83.99877905966818 98.98943641716517 114.63300394852048 59.33313921755817 45.58101432125723 35.121860442797114 31.43517222279399 36.626544768876876 47.89098316004538 62.00239924082924 77.41936135349128 93.49826880869648 109.94909633557513 53.152370445613506 37.223128664193325 23.337957522518497 17.391703347159005 25.670889340509433 40.177480059964395 56.286564814442954 72.94406749993284 89.84547132944836 106.87512612155219 50.318631606652644 33.07101989600622 15.941567673130171 3.645319672069395 19.265427165414287 36.43814711177789 53.69389163333628 70.97212822822395 88.2596483364388 105.55189063401686 51.38867766997608 34.67024916600459 19.025487812855726 10.982951357745845 21.863080278465997 37.869200714076776 54.67057225695209 71.71038700071438 88.85156589154691 106.04496661157096 56.139713680061966 41.358931603447964 29.464649003816454 24.98960593373266 31.29705760613008 43.96864531847413 59.03971776453437 75.07892728640063 91.57899823299869 108.32954840799941 63.75398960724321 51.17900197330726 42.103627071042645 39.04928551925324 43.30916882234303 53.15287034644075 66.13227098357052 80.74919827530346 96.26055732171447 112.29631733315881 73.34503671175766 62.67535621117392 55.45814530447376 53.119781848287246 56.27180737478312 64.10944646001914 75.18128546411735 88.27870627107528 102.62910900758574 117.7753700399637 84.24024208802189 75.0817731258905 69.11453055727901 67.19416211631106 69.65618365131 76.07630267787071 85.56819004232054 97.23640200295455 110.39298895651528 124.56724110029803
83.0549425236208 61.3744590684715 149.78887746062722 18.46894969197432 105.2255107972743 120.89944919357272 144.2238059772973 69.11970272686762 148.84044103740092 90.06889262413463 41.70280962868029 105.79324970868217 103.69193242948913 0.0 12.208717730009132 105.54250858232463 122.82021357494851 80.09185624825655 96.58558907367859 176.85575542087503 75.12289909991978 55.75773004265166 129.01797449014447 29.42786104073713 60.62815725126289 101.99267875469161 142.19657158096194 78.22430516366265 107.23932770415128 82.7874216050194 44.58612014812182 84.04466491752125 81.4427916737695 25.627488133648097 23.03722197078342 81.68455329586921 124.9532030853526 78.70621618715005 78.41095601220853 162.65341689920888 131.93477524269136 114.64708761957638 97.36445944268063 80.09016610726069 62.83108254059966 45.60448049231589 28.46938408784728 11.830321268994126 8.253523728290224 24.39258674595434 133.2134430316413 116.10958986841463 99.07453854215362 82.15110095546818 65.4259463976473 49.102112061297156 33.76673257488666 21.635131655736732 19.86649158314041 30.331302757562014 135.93407488687117 119.20709344589658 102.67082321015783 86.4347913055673 70.70612955134926 55.91465606676342 43.03776445087741 34.30390610108739 33.16587369100988 40.272829309852234 140.01260066685577 123.81690930954315 107.96494234117222 92.63332865213391 78.12900510445266 65.00809456754254 54.2832049481394 47.60234636194286 46.73332299906761 51.96851582995795 145.33469010289963 129.7779198110854 114.72201465550711 100.39257281456858 87.14868077120505 75.56329994482927 66.50885573989427 61.12069486041773 60.38829889840489 64.47053437589892 151.76950395805747 136.91367252237964 122.70049673144074 109.3807883331518 97.32208690271872 87.0500265764311 79.26230150867912 74.73957813587938 74.08227470569946 77.38894686841947 159.1820701833987 145.0508029722489 131.67845406875475 119.32045481969669 108.32452382251272 99.14489314056257 92.32493196599468 88.41239812309273 87.79685116317472 90.54555681778683 167.4424870919426 154.03058351093705 141.4656067015401 129.99337734489146 119.92790117633301 111.6502927079702 105.58189853441279 102.11733344679654 101.52352111010207 103.84971806951893 176.4315976934438 163.71429616503647 151.90550108822976 141.2332827035339 131.97366183399546 124.44236853445416 118.96809299232329 115.84282286799655 115.25780002379095 117.25105423496805 186.0436874919493 173.9843141161653 162.87253091071264 152.9150514468214 144.35094894795066 137.44093944993867 132.44417346442754 129.58216778029856 128.997089902772 130.71951680994061
95.26076179194825 59.683089413792985 156.03132141664648 7.037237455616967 111.21979816298901 129.48018916473333 152.53998009260457 70.38737707516394 157.32800419803092 93.9056530701314 39.48772119796612 105.556959394403 113.37803360147436 12.208717730009132 0.0 111.39001659311917 131.11112101372444 78.3587229774268 99.67022880894568 184.4750303396167 86.627857026345 55.759778062139695 135.05672827768547 29.736307536821993 60.741125636685325 109.11494268855564 150.70519720452322 79.97243083870453 114.78756994868044 89.46968074884747 42.29899566808472 89.74372874194147 88.93684002643015 30.908267387911234 12.92866120284317 88.15531693529806 132.96228238014348 78.1419503436044 81.02002893542898 169.3585272148934 144.1263849608826 126.83524979488153 109.54752316250077 92.26512105570582 74.99172479473643 57.73541810568962 40.518041806999385 23.42559309380898 7.383671417980793 12.60921438117103 145.27451449784556 128.13245659782422 111.03999381098299 94.02417741146765 77.13574768504304 60.48151060178782 44.32622924602385 29.5013219102104 19.35337982184378 21.85155709361237 147.74588360224038 130.91511290781435 114.22519840170577 97.74831767526041 81.61360035646473 66.07219093127377 51.66234182071372 39.637976828482664 32.7421646883489 34.22919786814079 151.47570470799695 135.09141824072702 118.96720836508618 103.22502249395275 88.06995566442669 73.86428184210733 61.2719380553632 51.490502754767355 46.335694392102056 47.34368485543387 156.3739029318166 140.53712653944783 125.0890340590429 110.19321683487371 96.10681412027151 83.24175931657986 72.25342454256378 64.11411944860076 59.99482775985995 60.71930907062178 162.33468411229194 147.11126114317096 132.3993344005854 118.3897438575822 105.36302130676017 93.72986810592676 84.07078684099957 77.13101408686917 73.68294631363761 74.21487000843831 169.24573339167915 154.66991218203233 140.71290441236593 127.5779662563381 115.54579072174211 104.99618234711355 96.41702721420923 90.37125783245757 87.38627823673707 87.77491260357095 176.99567909086008 163.07613821924764 149.86276015369336 137.55918904971375 126.43131610340882 116.81561745420699 109.1126155028355 103.74922088615551 101.098478720573 101.37340655974272 185.47929144734925 172.20574930108603 159.70510848755865 148.1731160247183 137.85308121678625 129.03612185881525 122.04842704506363 117.21759851452363 114.81620668316621 114.99654904094821 194.60052803760996 181.94976614708642 170.11966950106984 159.29318618937066 149.68823951616383 141.55370571900207 135.15534332112273 130.74828766476145 128.53752487412473 128.63634225678564
100.27334579896254 69.96669183038355 44.73913556334362 111.2997596128561 1.508683211096541 36.550717119555465 50.93585791125741 51.69527960184029 56.46980100880502 24.368826597836417 81.29840977468953 54.989159679435836 44.871061164422166 105.54250858232463 111.39001659311917 0.0 34.326285447591474 65.4103907209779 27.159015983598074 76.25089795603785 72.27212036384252 65.33988010881895 23.69186693471534 83.63487499627684 62.0019694739053 13.507918485238985 51.07605408129379 44.043733410533186 18.47831086494299 23.657819219122345 80.00037077880091 21.646736352242073 27.987038230235726 80.64207387305767 124.09018974571403 24.25448402992345 32.71684837886914 58.10527718366407 39.018996838083694 58.622603088176525 122.79306651283035 111.62197919560853 102.17372326634002 94.96392812057677 90.52900084527404 89.28340706024282 91.35769256554488 96.53809423096023 104.36308598563403 114.29076177185341 112.82417072996044 100.60504500124313 90.06743241027854 81.86327262753251 76.74460341299803 75.34294010980189 77.85928858820088 83.9420320109483 92.89319878289206 103.9745822064117 103.82120955703215 90.44254426166289 78.61017218462531 69.12278661462715 63.04803873399017 61.407213318447454 64.53938028376324 71.82278515732634 82.16074749164662 94.55664698482828 96.05631265881539 81.45508095370414 68.13037345158796 56.9848043101018 49.512529930809144 47.480689552760055 51.53681890698042 60.46795918535286 72.494186217025 86.33158486068719 89.85115809949558 74.0717650840854 59.15006561393319 45.92975343185258 36.31889793594316 33.575147849079904 39.169208158187864 50.39713574415736 64.37564619838776 79.66984664468117 85.54593070971576 68.81103652674537 52.445428535868565 36.94318530265016 24.03719297038384 19.735401974473334 28.282455266561843 42.532578105741266 58.453869541061145 74.98934102845757 83.43532186261153 66.18110048605088 48.9605621215598 31.8284256516737 15.088875708997918 6.40414829253618 21.28533568065006 38.260049257893456 55.437448334919864 72.67395297523412 83.68557656925081 66.4948825267512 49.38194338164164 32.469932482821825 16.392984844897523 9.048571279964069 22.220184195686688 38.78543260772723 55.799607819770415 72.94926960908595 86.27614987866829 69.71263999055024 53.617547941390185 38.58162589006457 26.47552457849382 22.629098157530155 30.362969246691698 43.936941812712334 59.47865958924382 75.78705808694792 91.00737103219376 75.46376685860454 60.876315081720335 48.12253599548311 39.042775345788165 36.49116668695399 41.684281078950846 52.36659656076008 65.9215343038688 80.91813170002146
91.19666471157046 100.3459951001175 39.048839366571556 132.61079440734446 33.10149263973457 4.503624207882512 21.431129160323817 82.53834422044095 26.313792877883234 57.62082686373594 107.86083723767285 89.12836322303643 27.126410449449434 122.82021357494851 131.11112101372444 34.326285447591474 0.0 98.59873759131783 61.44954269875443 54.836157007196796 66.85844903406768 94.08126794831648 30.020430030860474 106.87250972831298 91.69461584755201 25.761117808775676 19.78111746083512 76.38991328191211 18.571586798980658 44.45576198593938 107.18459232348427 48.526750573760296 42.75350991496612 100.63440778735242 144.0329100493662 46.37636951279656 4.438109734925306 91.08605862738062 70.88806327995988 45.81107113966536 100.11712518562369 92.67832830055194 88.05556755522763 86.70046181193858 88.76279535628404 94.0179464810616 101.97348352006331 112.05572310683719 123.74593116167104 136.6319967446528 88.03410426048323 79.53762384672557 74.16974714688295 72.62752141650326 75.14685644161871 81.35128081103055 90.48590739154182 101.76470740528212 114.5560980457948 128.40884398805423 76.672386113968 66.80899942627153 60.38979042060186 58.558585541824 61.72508295029142 69.2066511302532 79.79869689932038 92.43808881328788 106.39767511639938 121.22222175217337 66.40345802731427 54.78070365182241 46.8095679058854 44.49774941391666 48.65868533687496 57.91363841899706 70.27812797342919 84.39635613064817 99.52476317360603 115.26628275899402 57.81278204807236 44.03071346099153 33.67192846229405 30.456573734282838 36.333401708056186 48.0763804221334 62.460144956860795 78.03787631799621 94.21921062590619 110.73986743781572 51.74326599326089 35.732229955702984 21.792917318572222 16.48582841717518 25.833043522764612 40.76299844705273 57.04919151770919 73.79912444546933 90.75639696818929 107.82322902777895 49.13829593737081 31.862211482856285 14.64726918395693 3.5493731187622815 20.23282445791899 37.481327385424215 54.76354810109963 72.05522937086933 89.35087878568751 106.64856577037575 50.53653297880356 33.96957825847916 18.778611057892178 12.249617305754574 23.37055668318275 39.25589917316806 55.98733093090927 72.98527066669135 90.09900747759835 107.27313488111336 55.636954491539996 41.1459045198374 29.819632611324412 26.156180838889313 32.82973316628112 45.49887075674408 60.50796127084032 76.49176289484093 92.94878418187407 109.66619099542686 63.554331374562786 51.30645640480109 42.71132868815022 40.185425529653415 44.768124250524345 54.70107101337135 67.66782904912192 82.24578228347215 97.71646747318132 113.71610714430247
126.05851609824664 18.769686043751424 104.01327035061074 74.26222473283907 66.32460347992516 99.81366096585788 116.34556004381817 20.598124510895136 121.87966159437663 41.138086659744836 38.91626416462901 28.79847754386378 98.11803533775614 80.09185624825655 78.3587229774268 65.4103907209779 98.59873759131783 0.0 39.66559914194448 139.03253053694038 101.3455195108958 25.39677526342566 84.78489728609523 50.692984542335594 21.373445459004802 73.19711294381958 116.42322466862278 22.57241680222205 80.3782926972242 58.72419019884972 36.07391264423881 51.83058175486439 64.50116393685617 58.244051681343315 87.75072470928839 56.612838312896194 97.71350568345751 7.622398902236422 28.286909885329408 118.9223698151997 165.0779968561275 149.78384532915743 134.97534085832157 120.83117148248621 107.61360698612927 95.70732396643615 85.66085663368435 78.19437258679983 74.09200021740743 73.91600730084987 159.2116667845789 143.32318709044364 127.80224217734272 112.80064842205132 98.55584962357133 85.4471809824322 74.08024037024774 65.37001852337195 60.47555426245871 60.33276090348592 154.39391261600093 137.97677836678724 121.8047850161902 105.99020287931718 90.7201396026423 76.32212996583708 63.39317380951195 53.01909673949336 46.92609000260298 46.816603863240665 150.72538934100874 133.8782588615462 117.16373951488478 100.6479208734608 84.44746623254568 68.78556235216864 54.131701259915566 41.56605625693638 33.525235905971265 33.449279674039516 148.29146684860075 131.14473864046533 114.04489336380684 97.01672447593589 80.10595389962351 63.40658300839105 47.14379687693106 31.990503211412975 20.56596470040323 20.524069016643253 147.15345444042205 129.86248351599127 112.57487988505159 95.2924762105249 78.01872819101652 60.76101842274162 43.53842275520063 26.419701687790027 9.955928060893308 9.947555220100575 147.34139901458485 130.07443817796175 112.81819132799407 95.57846172236925 78.36615097992775 61.204396223760426 44.15218950789739 27.414718366139684 12.346293021784778 12.32916636268036 148.85027535870702 131.77338960272778 114.76392748665965 97.85705395514401 81.1169407542596 64.67321128479553 48.826238340786375 34.410608178949275 24.143104028246896 24.09149437346835 151.64063625891143 134.90314467671942 118.3281093918808 101.99476286085768 86.04085645931956 70.72364145093408 56.56275356341538 44.67173459979488 37.28927197724828 37.203802064174305 155.64353532518314 139.3672994856071 123.3704972087908 107.77762446784017 92.79253434143027 78.76289648452756 66.2980741470034 56.44445720026051 50.746627492571484 50.627709758478794
112.94029241251462 48.31394073784405 64.69995454610635 97.9765260589199 28.34868362994429 63.45947236931142 77.51253708853565 31.07924712196197 83.03078102465292 8.66543761966731 63.964193754113154 28.898250531392186 67.73875789452664 96.58558907367859 99.67022880894568 27.159015983598074 61.44954269875443 39.66559914194448 0.0 99.40805915039404 85.07204739732353 46.49284264307749 45.125933448448 70.07853612590297 42.06592997741021 37.90952695379659 77.93744722224238 21.461472263674953 44.50184545770427 31.967804629440668 61.981958258056686 24.00861987300489 39.01716551368479 70.99582931052538 111.54298171818584 30.572078676251515 59.853569948045255 32.93920442912226 18.790925318831604 79.56703689182078 142.9243879942722 129.88029800315098 117.93675089988422 107.46132743916421 98.92153889219351 92.85299725341218 89.75835126530087 89.94508561221048 93.39351963973395 99.76600060315337 134.43249323633702 120.51720799653629 107.58896377301039 96.04716729796947 86.4489276079959 79.50132918423728 75.93544046587662 76.22733377722744 80.33496891243944 87.72396231761181 126.93410585925929 112.13183559699924 98.15052087606166 85.39435468754642 74.49538071293496 66.37486386993352 62.13194211735649 62.56060086214791 67.57199272344776 76.26804371627739 120.61477821968931 104.95891187230386 89.9084199262462 75.8246470612283 63.35560406667831 53.63944787102942 48.36476512763413 48.98788605911313 55.309834495959805 65.70574510700878 115.66801684980838 99.26174306748939 83.21901865571937 67.79841008317644 53.54018741359846 41.655573955334894 34.67751331432239 35.61714380271402 43.969760637730246 56.540310250791386 112.27546552003525 95.30543849285603 78.48047311438717 61.91893345033049 45.906814139800694 31.299016834585206 21.225761015441325 22.80677557428428 34.47429040667425 49.55316328464869 110.58031427505814 93.31175236441065 76.05835760758872 58.833475191571935 41.672475961737284 24.708826579995836 9.119779474050995 12.430931295274284 28.715834248680746 45.753509470240886 110.66061979535068 93.40646979014424 76.17399653110536 58.982202570700885 41.88121316741186 25.057636288663815 10.022354019702366 13.104325527843828 29.0122808256287 45.93925177438661 112.51257933362143 95.58338119520631 78.81621891512097 62.34197076187627 46.47319253025828 32.12016937306555 22.413484519351336 23.910973363724903 35.211026075045986 50.0660505577837 116.05138168751502 99.70616688730277 83.74618635819809 68.44147305770535 54.348451954018905 42.684666053698145 35.90145809474469 36.80429542145253 44.932228083351454 57.28840694663052
141.13045860697116 145.9676661413166 35.920733748574506 185.3615881763677 75.88467162617003 57.716979952881566 34.572323859443166 127.71707526246266 31.767584049585114 99.69837601241213 157.33208801521025 120.18544837181851 79.70260232420411 176.85575542087503 184.4750303396167 76.25089795603785 54.836157007196796 139.03253053694038 99.40805915039404 0.0 119.80408103733723 141.59050604063265 54.3163636262957 158.49811186473516 138.2026952334446 75.48819192379187 37.69436925452036 119.4143408398141 69.6996779522633 95.34571364437402 156.14697472726004 96.75716252774116 95.56077215632074 153.64561343245413 197.39034338841245 96.87977474150661 52.11926647000311 132.32179611320106 114.82777103288906 21.715924765085475 136.10721540507828 134.3068451695503 134.72233774816377 137.33358282672583 142.01951524301953 148.58397457565488 156.7911902591175 166.39826391579408 177.177628869866 188.92873564630295 122.05257684088154 120.11063330731282 120.64385497485878 123.62021696527935 128.87055183796045 136.13200581678922 145.10296231037475 155.48781019710265 167.02302641090142 179.48695318420175 108.04417315731281 105.91507584622705 106.58856306488423 110.013175607943 115.94539397678359 124.02591868948791 133.8662809422607 145.10889835801382 157.45368250111636 170.66162551300846 94.10289782678744 91.72072542417492 92.56727223755388 96.55765443935009 103.32828120128872 112.3777517327224 123.20493819446465 135.38399768058153 148.58286974157605 162.55332617936568 80.2639870200306 77.52850235547973 78.59843423956906 83.32732549762926 91.14744432121645 101.34571603979734 113.28166592175472 126.4642306294978 140.54305939038647 155.27454902594766 66.59154839844885 63.34010634010243 64.71628670043765 70.44941729654059 79.60362410350454 91.15397678102943 104.30748743399849 118.5316427174834 133.48461579491774 148.94706751023142 53.214321458374584 49.15914035412941 50.99195945825766 58.15875304165878 69.01741054379055 82.11618072986379 96.54756907141227 111.79669416260681 127.57064840140464 143.6967000900162 40.426716910212285 34.99496241908805 37.59897580913182 46.919358495979374 59.89889025685547 74.65276645107951 90.31556707427511 106.48697293704788 122.9664864369789 139.64507080382305 29.019262854658983 20.882168629865234 25.074365863176403 37.68413707233761 53.01109371639876 69.27459443242903 85.94460027920555 102.82359022655957 119.82328072412831 136.8987144070923 21.33470849008241 7.133373079022605 15.662491360792986 32.22507810360743 49.298185371807584 66.48969771424893 83.7267109249941 100.98592843314003 118.25762875892423 135.5370398704711
28.183342982088874 90.68145684585026 104.33709081296256 91.11944806489056 70.9987140752138 63.07083997027167 85.26098009522387 80.81650922775928 88.29454926801652 76.52103394484617 84.50534557756737 110.83871578727965 40.215211597645734 75.12289909991978 86.627857026345 72.27212036384252 66.85844903406768 101.3455195108958 85.07204739732353 119.80408103733723 0.0 81.33684045155044 88.32048107806968 75.49098750632997 82.69157801051878 60.401325566113826 82.12360311230253 82.56988433121633 60.61035441655114 53.50246924787949 85.72133788928586 61.139568045841585 46.68738747541035 64.02063098054981 98.13153767848127 54.62825662317366 70.73417048720324 94.79900129482306 77.89899727187459 112.64561160263936 64.69149071087928 48.623078220815884 33.795413672291865 22.77647293289578 22.22874125148134 32.68298701723728 47.338671585522 63.34377237692448 79.8913553189913 96.70333652324949 61.584922294750136 44.42647806318985 27.44876379818304 11.483496719271546 10.44127107490162 26.17026878583016 43.12144683205222 60.27228855251409 77.49033320178104 94.73894708080856 61.654449861026436 44.522368418031036 27.602984112027627 11.845738249820174 10.836587928661364 26.32973797146319 43.21795814025519 60.34104780688817 77.54357185158891 94.78228927924322 64.88986399363453 48.88549501906718 34.17016472607229 23.32638102198463 22.78928050203864 33.06499538879108 47.60197363923929 63.539855434558724 80.0461736930833 96.8306665115638 70.8587792920134 56.53633465366996 44.38980862809607 36.650518751182695 36.259803918184076 43.416513867464595 55.26229649003118 69.43742932280144 84.78147916330234 100.76184430469202 78.94349941221365 66.34701435215214 56.30699876615026 50.37590187194799 50.036850936107 55.39262583255462 65.0515266878114 77.41938281098012 91.40307504494076 106.36721770662547 88.56639134867639 77.50149640127897 69.04818606259896 64.24574568843224 63.92240191157274 68.1419465512184 76.15293874754578 86.91322722240693 99.53512866533872 113.39871426106463 99.28107754154185 89.49860960766198 82.23110079162068 78.18305957983792 77.85827974905494 81.30139419511346 88.0715943018318 97.47809394699719 108.83949617478333 121.60911604935838 110.7710587363376 102.04143884464463 95.67316974664995 92.15708305789033 91.82141845373744 94.70000103879984 100.51706266698184 108.80230676664266 119.04149027829905 130.77646285190917 122.81879563212544 114.95133754589159 109.27864483953212 106.15315918209316 105.80086466128652 108.24884061372698 113.31574823243432 120.67213792856299 129.9297106808419 140.7137283007367
103.94315672936568 9.39392815203505 108.9462292171219 52.86139763497382 65.73065641708043 94.14849150575583 114.17179008164584 15.480548581689064 119.57109574590602 42.903335508425506 17.57783425388431 50.097443198682036 86.74139958349309 55.75773004265166 55.759778062139695 65.33988010881895 94.08126794831648 25.39677526342566 46.49284264307749 141.59050604063265 81.33684045155044 0.0 88.14509936198162 26.497716507549825 4.981350907713487 68.55951222981557 113.43114058488635 25.298350880989613 75.5924216694592 49.92848384301158 15.489515237483513 45.774757315498 53.565371837144845 32.89152665834172 66.59685880037964 47.894502680410326 94.35112322711109 22.96829259349608 27.994456383552915 123.42814209045032 145.9867830322133 129.89276408044378 114.15261953875797 98.93539296873848 84.52398750540225 71.40796869882392 60.43668233587587 52.96025111551936 50.5537819866217 53.90067343358893 141.65393013894786 125.02615679403148 108.60916533115181 92.51523473349422 76.94734221849109 62.301085417439616 49.40307649358606 39.98261676159361 36.813886951342305 41.35966459163184 138.6081302516225 121.58055676867285 104.64301598251623 87.84759985998595 71.29482313599048 55.20338584254824 40.13211692247369 27.793359038141173 23.088217824995013 29.872592720073953 136.93533735632656 119.67881216118298 102.43760405911443 85.22101003912375 68.04771532148786 50.961512443616556 34.09359356677032 18.066091878056096 9.43967218154061 21.226029486054546 136.6859944358142 119.39474597700608 102.10711612746836 84.82531736324755 67.55382500375912 50.303256201363155 33.10633476000326 16.135511240261014 4.8366878843098595 19.62513391950579 137.86782846328217 120.73978060393418 103.66948964235824 86.69108092823843 69.87156724831527 53.36141184824891 37.5706881311259 23.96632859624262 18.328261610476396 26.385174027986118 140.44469769377787 123.66075043114266 107.04185094118432 90.67879067153473 74.7397944308468 59.566259197517105 45.92330745290584 35.61558183607343 32.0421244793652 37.19723621874844 144.3418710428225 128.04981388063322 112.06086401257214 96.52576320170387 81.70380646257965 68.06250311237845 56.4641477419216 48.40040228674416 45.77882931988892 49.472283122867275 149.4560472912004 133.76247474906427 118.51744774578347 103.9185612877312 90.2798179626159 78.10582484285635 68.18570531660356 61.61783132366588 59.522433225265786 62.35205826305731 155.6672558699685 140.6374564038245 126.19104939698153 112.55289851270494 100.05406634257031 89.174910332558 80.57419120012858 75.03947731873505 73.26891045447465 75.52768059707505
115.18145734178685 91.95030976861442 21.066372009501386 134.99010976418904 23.843506887770506 34.261319246211144 36.27604761182792 73.78206122957883 41.378835942925676 45.618908231639026 104.55211023285493 67.97039814647532 52.92364881311384 129.01797449014447 135.05672827768547 23.69186693471534 30.020430030860474 84.78489728609523 45.125933448448 54.3163636262957 88.32048107806968 88.14509936198162 0.0 107.29364325599346 84.47488224715957 29.282551510371402 38.01205405961198 65.20977187461838 27.710370120698528 46.43270283515017 103.11898688074272 45.327165582465135 49.301662969692316 104.26946889780093 147.77300621753386 47.376454348458786 25.98221971735383 78.01277662439006 60.81323703362789 35.28475690710842 129.53380418683085 120.97315004408512 114.40566097774028 110.1883075670494 108.59524213491507 109.74081161310625 113.54215288532784 119.7466110537222 128.00522201740566 137.94955054398397 117.80976243248183 108.38775800212252 101.07097340812271 96.34026607747606 94.58446855468189 95.96700546275756 100.3582592760395 107.38977555466482 116.58480691389231 127.47603748323955 106.67312254710961 96.22557075331287 87.96730952272057 82.55795726655006 80.57336257826752 82.26177053892249 87.41059840218026 95.46155361914413 105.75389075961195 117.70108022707701 96.32801741003045 84.66936714741341 75.21574534897466 68.8811061485441 66.56197894349955 68.66643370929404 74.82214255566319 84.14462986719032 95.71298905913658 108.8132603758225 87.05725514674583 74.00378200160033 63.03057871546175 55.388157415499585 52.55037713181282 55.26243134066573 62.8094779854382 73.72126394698294 86.737068297788 101.04708457638164 79.238977350809 64.67115815603822 51.813204534266106 42.25593369349926 38.53862999520087 42.232622141232035 51.77517788805063 64.62545952709276 79.18924986424946 94.67909415553072 73.3393145405822 57.32640807673651 42.34016668424068 29.962860559911725 24.526861952902784 30.067782555918992 42.488666543489266 57.490979011247724 73.51087808528924 90.00664626669331 69.84623891429408 52.80575393803801 36.015430968863484 20.111885719796202 10.515592563843704 20.380885338041917 36.31661255934466 53.11426615169593 70.15744615005265 87.30247586504484 69.12560137376552 51.85323102660058 34.61040182293453 17.484730613509246 3.502176286880723 17.819321443235953 34.95003202410326 52.193819596855796 69.4665272888071 86.75088222523368 71.26157106183442 54.655724713665535 38.66519202264487 24.524640685227457 17.510883009250577 24.70862487522969 38.89875780945421 54.90375826326801 71.51534157186936 88.39218056602128
92.4202962302412 32.03284095449001 128.3587752421363 28.040573122621304 83.63465527234759 105.88815015125462 128.07152893405745 40.69586566872213 133.15819595704912 64.65335198016095 13.29388447511254 76.59365746785149 93.04641447802247 29.42786104073713 29.736307536821993 83.63487499627684 106.87250972831298 50.692984542335594 70.07853612590297 158.49811186473516 75.49098750632997 26.497716507549825 107.29364325599346 0.0 31.438640354535885 83.1243937071688 126.65359535136274 50.239996137323715 89.41087835603687 63.23241228498164 16.006719475977107 62.148334282319055 64.1227075005268 12.173361980662396 41.48159518964519 61.63190439512683 108.13782694558085 49.360435515770654 51.360316067070244 142.16312285776323 138.78655504625667 121.78299935767544 104.87707455093735 88.12498716680636 71.63474522187073 55.63965174221377 40.72733396852311 28.64212599667384 24.09850190977302 30.65640178247105 137.01038870152365 119.76428434055671 102.53698883465533 85.33989359719627 68.1958494582286 51.15821939569515 34.38554964540532 18.608646414310098 10.43601948114184 21.685303044497708 136.6553573064155 119.35983147993895 102.06647640595664 84.77662051280497 67.49295303847752 50.22186355339446 32.98311677718748 15.882378617223635 3.9150291679489526 19.41953915191747 137.7324560929819 120.58589065408916 103.4910466291066 86.47860188569902 69.60899783819501 53.01875819202295 37.08472737789667 23.20080674168612 17.32021958730758 25.69853544384945 140.20866846462488 123.39385129000405 106.73482675519539 90.31784337354549 74.30350801873206 59.0204935535891 45.216533458468966 34.70389056045322 31.030533760175864 36.3336884205356 144.0118069999766 127.67934858940875 111.63930901648149 96.0383170414652 81.13005068387494 67.37592796665298 55.63856555082025 47.439309076592984 44.76639226902512 48.54148195034798 149.0402746717613 133.29989541139832 117.99753191186082 103.32797170502948 89.60255975909287 77.32570383675497 67.29492560674764 60.635355456426694 58.50967809447593 61.39067771767655 155.17492811962813 140.09482370810898 125.58880873024785 111.8804096494898 99.30050949412916 88.3325774916779 79.64537177668538 74.04602746624971 72.2560105513675 74.55022385823413 162.29029020428115 147.90227140997908 134.2039593878012 121.42899479683733 109.89984565696317 100.0481314692132 92.41189524774869 87.57262925338706 86.00377691708604 87.88066415507231 170.2633577185598 156.57073981140525 143.65878609039663 131.75720758689198 121.16410919516497 112.25054850710676 105.44332411946834 101.16851408132662 99.75222584360218 101.3144094366085
106.11364893738269 8.97703514916215 105.14945998124284 57.81162838399384 62.47726496005103 91.97623226862545 111.45588326579202 10.998028804610712 116.8956851537037 38.982251674322754 22.358966475323477 45.17990256271221 85.72866711883823 60.62815725126289 60.741125636685325 62.0019694739053 91.69461584755201 21.373445459004802 42.06592997741021 138.2026952334446 82.69157801051878 4.981350907713487 84.47488224715957 31.438640354535885 0.0 66.01931994347922 110.85336448060352 20.69525693713269 73.13942955079725 47.98398473223661 20.104015645320725 43.187073103300186 52.16231543615272 37.356954505086385 71.54782527895132 45.8977130944633 91.75864682374028 18.21585749262448 23.86789960906035 119.72765430333055 147.1773374867605 131.3136821068123 115.86240122958185 101.0129071008715 87.0736312311756 74.55686141138523 64.29877436212563 57.52075850387142 55.51253378118266 58.76515658401769 142.38631923951243 125.94577942944042 109.77030496461727 93.99683715267432 78.86695115448332 64.83279742027219 52.77586859236851 44.33957642497663 41.77809015511821 46.08171702623564 138.8499665481084 121.95223986960755 105.18599796630362 88.62589512899086 72.41349437141051 56.84706507161952 42.6400423079805 31.677553084803183 28.06191888538874 34.20796653271528 136.66576329072612 119.47102451645559 102.31242913053863 85.21181386764911 68.21279867526684 51.41625420147183 35.11394454668267 20.51973731990971 14.416752417584874 24.35854046130637 135.8989531970866 118.59712743738028 101.29533748287582 83.99360546005538 66.69197645614453 49.390558734567605 32.089694040864785 14.791323071246618 2.555702603529137 19.824066092388133 136.57342377956104 119.36586870635243 102.19018481813711 85.06567972063611 68.03101198391558 51.17597140117089 34.76282839821636 19.915851971214696 13.547723548508008 23.856931887148317 138.668136306107 121.74612517966186 104.94806317999316 88.3446825431796 72.07065908985012 56.4117617992541 42.06071607423183 30.89710024970132 27.18212226470604 33.49350291630886 142.12027665395044 125.64631128380354 109.42816569519874 93.59891431567307 78.39448628861656 64.25993779780573 52.073881526157365 43.50567865047349 40.89626411737224 45.28763814747745 146.83408732006984 130.93061662863587 115.43007620267014 100.51904080256946 86.5028992945466 73.89265565680309 63.53106708624716 56.665398276863776 54.630002657962365 57.93622330416496 152.69270108760884 137.4394121073532 122.73065496800575 108.7875267283873 95.9444053061811 84.70314328939006 75.77998873566251 70.0662653414886 68.37139037398371 70.98382309465714
88.06979346325885 74.61883231262796 48.64064257481866 109.87655011234297 12.009410265966157 26.622836506392773 45.68131322893552 56.777238247505345 51.037556730297815 32.70473728511198 82.94638074348056 66.6569646491661 31.413167220287335 101.99267875469161 109.11494268855564 13.507918485238985 25.761117808775676 73.19711294381958 37.90952695379659 75.48819192379187 60.401325566113826 68.55951222981557 29.282551510371402 83.1243937071688 66.01931994347922 0.0 44.87291886454278 50.81264992218242 7.2229274160166055 19.89302106902044 82.08744212702831 22.834007208834496 20.706921069616882 78.23189524722287 122.00845572591949 21.539178805577794 25.79305679753782 65.62869121606558 45.2433927962073 60.74411289251181 109.28775992106704 98.24659302652827 89.21689331844917 82.85890118334268 79.81367926240668 80.45826079292203 84.70845590930017 92.06625720281353 101.86045045950317 113.46184142428162 99.35198636235631 87.11419375805713 76.84816682652583 69.43407784324081 65.84249401696053 66.69384755729526 71.83033493437496 80.43517366545039 91.53540156214204 104.33759986716159 90.53856092257699 76.96074073118203 65.17193192634002 56.30724913815208 51.88769023105988 53.03639304382225 59.4313559852332 69.64203945071952 82.25959968760466 96.3429827217509 83.20504679099815 68.2248886584771 54.63421722934879 43.74776098286072 37.9676458156738 39.59702394888986 47.88541658457608 60.13990834997079 74.4265454667338 89.78039542490664 77.77134285696613 61.51374105143541 46.02401288150865 32.422061016290364 24.142932188367705 26.707361607882568 37.978888987789006 52.63287669043057 68.5328699523685 84.98234919257422 74.65352885907888 57.54027090453617 40.58730499156176 24.134809368487584 10.787115745072494 15.778081474414503 31.308896339534154 48.06515651751779 65.10748573066574 82.25827175024115 74.14438210159176 56.88118763425021 39.65177331971667 22.53375821684181 6.480038781847901 13.225923677239381 30.109346105166974 47.2962355786081 64.54462478157686 81.81562679427739 76.29615278133171 59.646471888597276 43.508760486578005 28.75821309162783 18.967586884198166 22.163389520659056 34.94816545579949 50.499947061774584 66.91656736990717 83.69062835635694 80.89675733699222 65.40316870289402 51.083970772330076 39.24637726201411 32.706156169831196 34.60947326284088 43.87079999912951 57.01041142164686 71.93354845390189 87.7347835272809 87.56098636009767 73.4511934583488 61.0076418316983 51.45376523399112 46.60204507569364 47.903176380708 54.9215901364358 65.85401181721664 79.09376546319285 93.66749516821672
103.80129470448331 119.37663244658859 35.574558402313684 152.3135187191603 50.10776319776971 21.301527351352895 3.742216388213746 101.36318127607815 6.6459206602986525 75.29023575061946 127.51844683920065 104.1079915434749 42.11008745973816 142.19657158096194 150.70519720452322 51.07605408129379 19.78111746083512 116.42322466862278 77.93744722224238 37.69436925452036 82.12360311230253 113.43114058488635 38.01205405961198 126.65359535136274 110.85336448060352 44.87291886454278 0.0 94.63714221270017 37.879613055905814 64.09294936949442 126.78370641915201 67.69234067098856 62.53362842056613 120.32821799318805 163.6168309114952 65.96765958275256 19.094771611733442 109.04077983983753 89.30036589983742 35.41553189748542 103.97581380478135 99.6606216622642 98.24548493767418 99.85377938809872 104.34579700354476 111.37315472259526 120.49307025324353 131.27012801808846 143.33101263889574 156.3789563851894 90.59995411317153 85.6826532828914 84.10327752857907 86.04582696307746 91.28573937705158 99.30240137225186 109.48756299817441 121.29618630375788 134.30071481206804 148.186632365165 77.52131418757621 71.78279350009689 69.96194877619868 72.35515638216752 78.57832129900883 87.8209886393195 99.24308065036779 112.18084333711772 126.16886981143159 140.89469595831127 64.92001632699255 58.017478259669694 55.822444767135416 58.86392094008628 66.42646558067959 77.19253696399703 90.01998938235015 104.14992801532914 119.11974989112387 134.64962091840493 53.13699560784601 44.51199318997529 41.68692655490412 45.749177323723984 55.19854779181528 67.81944561183602 82.16312920028005 97.47198299408585 113.35563598391727 129.6029244317288 42.85287943302266 31.6015572643008 27.561884028702313 33.45693298493343 45.58272877039975 60.290246668666875 76.0969934251042 92.44079649695419 109.08051700107126 125.89887769517885 35.39928634409986 20.44662384193205 13.480805100574841 23.326219422624213 38.79697985292889 55.36254605434564 72.2739931944566 89.33510735230519 106.473966046742 123.65824765241928 32.76841753155824 15.477203218041115 2.0079970849485806 19.16334746448362 36.457500198267795 53.75665871572861 71.05716707527023 88.3582323847462 105.65958105378577 122.96109347137411 36.03263752031383 21.519738430362956 15.051904324693087 24.26382104571413 39.36519663260376 55.76035245893236 72.57773496730591 89.57985725496637 106.67842586400474 123.8334961549285 43.89591801712579 32.99586658154295 29.142962224196204 34.76502158460442 46.546865062897204 61.01904630013468 76.67298623568762 92.91328789712803 109.47931658507675 126.2429082935042
108.84453352348167 26.971555398427864 85.47563754714213 77.6852168482359 44.794568503550934 77.43114759249767 94.78379539673855 9.82782254457551 100.30515814476857 19.790323186505656 42.87126243530124 30.514318419535147 75.75155035136643 78.22430516366265 79.97243083870453 44.043733410533186 76.38991328191211 22.57241680222205 21.461472263674953 119.4143408398141 82.56988433121633 25.298350880989613 65.20977187461838 50.239996137323715 20.69525693713269 50.81264992218242 94.63714221270017 0.0 58.022191508810856 36.33842470969812 40.7488387192382 29.269088757083228 42.40844605149837 53.172098055426545 91.37639060692236 34.25222999780609 75.7371618311498 14.950176538152832 5.723996577581393 100.22809955773397 144.94849709858588 130.2897132826419 116.35909673557121 103.45122923175404 91.99761788944922 82.60541142693043 76.04231538440538 73.07462551138228 74.13538622647533 79.06261772127658 138.2904165649514 122.87483771295834 108.0319793720213 94.03343972461559 81.31643992258466 70.57715928780848 62.83791706508984 59.285484106027106 60.659952415336114 66.65723835477722 132.7869453918833 116.67560733577398 100.95902790346283 85.85427636973212 71.7488098488542 59.359330746769324 49.97871614061026 45.50733430896204 47.35679859617471 54.89188245232193 128.58650341255355 111.89434983590354 95.41965676773152 79.2980767575656 63.797866458575555 49.506153753161016 37.818771289169455 31.754816514797845 34.42653031674578 44.27993129057312 125.81972434781075 108.71837917499586 91.69231679754246 74.79296760257793 58.13094786582132 41.98973982618719 27.308999533131754 18.08692108358408 22.521190621875252 35.86061061564418 124.58220372028366 107.29039446408156 90.00247514287538 72.72122005689116 55.45286005623647 38.214880052243124 21.08193429303462 5.218464985332196 14.447502455770818 31.447445122850137 124.91941662232507 107.67998085082353 90.46440753082919 73.2895143311078 56.192614452466955 39.27569291886076 22.94042973999988 10.423996652261561 17.02260916869125 32.70461537407 126.81879720709027 109.86779948257146 93.0460652308495 76.43898220508585 60.22438542680314 44.830191316390184 31.483747567225187 23.9043410765053 27.391961188474188 39.0887759749359 130.2119758537545 113.75010844375605 97.57931334706272 81.87224391041157 66.95605245295134 53.496432637185634 42.887414908143896 37.62311946060849 39.87950082768686 48.620538483711385 134.9863035153173 119.16134957648515 103.80873285281353 89.17275081558557 75.6703815755114 64.02292164596604 55.41266130706152 51.389612365258465 53.00869903988742 59.81348324298623
87.61245065233398 81.77620412863698 45.20408925678067 115.81587424344035 17.010518979493295 19.437671191555978 38.871859099307585 63.97942222785816 44.14974778959291 39.726381416919956 89.70485645665256 73.02318330477146 27.43815114261384 107.23932770415128 114.78756994868044 18.47831086494299 18.571586798980658 80.3782926972242 44.50184545770427 69.6996779522633 60.61035441655114 75.5924216694592 27.710370120698528 89.41087835603687 73.13942955079725 7.2229274160166055 37.879613055905814 58.022191508810856 0.0 26.33764789492924 88.924589773799 29.96016037050317 25.861107795250163 83.99548317082107 127.70782414760934 28.146275834357844 18.889314846397923 72.81931455414397 52.46194105025586 56.22754796802923 105.6386230289894 95.46332082673432 87.55372006691492 82.5635724686432 81.03403252476998 83.15627867429518 88.66848518988495 96.99440796076583 107.48214461871082 119.56416258110146 95.11405782422331 83.72620932038241 74.64692751698077 68.7963732895681 67.025440674117 69.64603324715358 76.20644150091209 85.80772130091913 97.55613703195866 110.77060187156582 85.63892613826447 72.83718785184917 62.25099194564296 55.17078812617146 53.02023695738933 56.36643497607927 64.35762780819232 75.53365688513976 88.6987158178335 103.09360238480062 77.59876367227935 63.23609251083967 50.74194327252732 41.82573796922388 39.02237877030877 43.52936792280405 53.53103620554267 66.59612557245873 81.26021279638853 96.7993107642506 71.47957801408147 55.59441675080703 40.876139970502415 29.14942552077946 25.044555132745522 31.67776854059922 44.47969021839281 59.59962423039934 75.66041315712215 92.17153342525523 67.80357312389003 50.80429350012392 34.11071627534451 18.566601969296432 11.162861177091795 22.432415111541818 38.47765641143877 55.286163324957 72.32774491548132 89.46931614245676 66.9743144123594 49.69730242520863 32.44685659005209 15.313023663043396 3.859072651745984 19.849678754455194 37.038366709072406 54.29903339096188 71.57962700940685 88.8685238727028 69.0943880127762 52.50692957926063 36.587334098628865 22.781583410518046 17.265000219809924 25.997540001829858 40.64942931155705 56.81190266310045 73.49503812274418 90.41106755652136 73.91040120323385 58.67315819841407 44.9559831087288 34.61575044656317 31.21167695164627 36.72596104594655 48.188509925132884 62.4033460661909 77.87767041348408 93.99145884081949 80.94249701365422 67.2792508394654 55.67774189449616 47.66789139240443 45.201198829070314 49.11998025095286 58.147227986966165 70.34295532341514 84.34373825537202 99.3896603280734
81.59710087393228 56.863529227560775 67.02691306406956 90.05931673816377 23.023181925983575 44.26095945987297 65.201236427943 39.99511778003684 70.44386940465307 23.758397053886217 63.42585692986451 59.55310936327831 39.41649900757415 82.7874216050194 89.46968074884747 23.657819219122345 44.45576198593938 58.72419019884972 31.967804629440668 95.34571364437402 53.50246924787949 49.92848384301158 46.43270283515017 63.23241228498164 47.98398473223661 19.89302106902044 64.09294936949442 36.33842470969812 26.33764789492924 0.0 62.72910047173019 8.11707364629621 7.055039692600586 58.56156396198951 102.33044477264696 2.13391979423662 45.212126598735374 51.14196046029373 30.64785862123582 79.95085447360071 111.3490020860091 97.97619857508298 86.0160611526375 76.13725850717425 69.23650451810668 66.251015472368 67.70075784491932 73.32312215675218 82.26700396309923 93.58489037890894 103.48046947574267 88.97574002245369 75.65617783230418 64.2629936912424 55.984887734603284 52.32191829254244 54.21769817761601 61.15745776462733 71.69107801787506 84.48483222976877 97.03419650027907 81.42498446905206 66.65678726449336 53.43157183282723 43.190795734809235 38.401343616243125 41.01936048422165 49.8920741721217 62.40638255388189 76.80234689922595 92.30873154616192 75.7587701377509 59.63716348667443 44.41285813342919 31.418519210192567 24.504191766068583 28.504353383863723 40.289596579351816 55.070098112943825 70.9992288881944 89.57689566264953 72.4208846329711 55.35577561417144 38.50262750829461 22.34627093315929 10.722518014854543 18.146680934169456 33.79859070523586 50.538109449951165 67.56159669711955 89.02245414318017 71.73712434737207 54.4623376413412 37.21277975190649 20.053659918936415 4.268620292502678 15.264550633268922 32.349736268576365 49.58546068187387 66.85539566254928 90.68536072632767 73.78132622415386 57.11607179919576 40.98193901250327 26.372430714271058 17.61258037452265 22.882591248371902 36.54770972508458 52.4077217513232 68.9645968687129 94.4485462635351 78.34020387231503 62.86935627527521 48.648053800072525 37.14053153945239 31.47878320408295 34.65713873768211 44.83335257866544 58.46067486653871 73.64767662757642 100.07530719140294 85.01009007056237 70.9722990167707 58.70368430886143 49.5366670769116 45.39100933871955 47.59736949212978 55.40197601544728 66.87265375507016 80.4563745387418 107.27272096455279 93.33944567161451 80.72028195385923 70.12825439715273 62.60093095792961 59.31675475701385 60.96535556504613 67.18458237997835 76.8729990696805 88.90356690324474
105.29655840831133 17.391169193195037 124.02566657909931 38.507513062765824 80.28671425136338 106.86819788350878 127.75586122257837 30.952309349656566 133.07119488153836 58.19807761678113 2.8878431379576397 63.52169374792784 97.1842534877026 44.58612014812182 42.29899566808472 80.00037077880091 107.18459232348427 36.07391264423881 61.981958258056686 156.14697472726004 85.72133788928586 15.489515237483513 103.11898688074272 16.006719475977107 20.104015645320725 82.08744212702831 126.78370641915201 40.7488387192382 88.924589773799 62.72910047173019 0.0 59.6279414377316 65.33177216742428 26.763350433681552 52.17400664715512 60.821192963096664 107.80419547141186 36.135520854106346 43.434248363806404 138.3919836112976 150.1007530920701 133.41775857210604 116.91478611824411 100.68039933919236 84.86887000967097 69.76828842771566 55.95721340007135 44.64876348726667 38.1381845206682 38.91319627465584 147.15779824700755 130.1133817448525 113.14714957098508 96.30043419368715 79.64910934052706 63.34744221086995 47.754864398473686 33.86541799474076 24.736952549093335 25.993805610261816 145.507278847896 128.25232236371605 111.01198715502507 93.794336177636 76.61466447352689 59.50587561145167 42.55355165785134 26.06479218477821 12.110125148225201 14.582523002213861 145.193301692104 127.89762886021674 110.60391321214725 93.31324292715095 76.02769581732248 58.75179397237354 41.49758543126319 24.31130264406272 7.664386071398792 11.18748092405583 146.2244810955058 129.06172649301726 111.94182299906538 94.88796733357992 77.94352487822731 61.19944373628368 44.88054004014482 29.696227916389795 18.659612754511592 20.32752964236943 148.57279672662793 131.70433257868282 114.96475702285129 98.41985744425497 82.18728713270698 66.49617160499558 51.84052811379456 39.39351110657901 31.858529858347378 32.81450864229878 152.17725217066157 135.73908603531925 119.54491455925366 103.70910006572844 88.4243857566431 74.03289996518437 61.16839281129046 50.999784334774674 45.37716878119971 45.99891968710831 156.9512782754334 141.04651180903986 125.51187186123818 110.50356648916095 96.26807975763936 83.20303419225742 71.94889410503431 63.47628354694585 58.996021297820285 59.41817256656796 162.79194620451375 147.48921022124426 132.6785756257198 118.54463144847696 105.3600625386148 93.52723576303605 83.62196362111631 76.39770735902871 72.65861613986611 72.94262970942512 169.58900683788613 154.92552612745982 140.86192987731803 127.59672868231854 115.40556438987733 104.66441924061628 95.86195418289583 89.57156416599818 86.34403973368984 86.5228208690377
89.1170552619766 51.82075606411124 66.34751430890572 89.69732020208102 21.527334689348468 48.99181484775348 68.39713291837651 34.162820736047856 73.79919441474621 15.67162261352425 60.6631795535589 51.43941902915116 46.78332816677326 84.04466491752125 89.74372874194147 21.646736352242073 48.526750573760296 51.83058175486439 24.00861987300489 96.75716252774116 61.139568045841585 45.774757315498 45.327165582465135 62.148334282319055 43.187073103300186 22.834007208834496 67.69234067098856 29.269088757083228 29.96016037050317 8.11707364629621 59.6279414377316 0.0 15.141911938942835 59.017779581951736 102.44632736012053 6.565389517621801 48.600621714536075 44.20965099242001 23.54699360677728 80.01675605780231 119.46588955815152 106.05719181405355 93.93000523817496 83.64360474176303 75.9496420425245 71.68774247329965 71.47450942777826 75.34432531694378 82.72616272589295 92.78554533607141 111.54517678416893 97.09137444920447 83.72479364201858 72.05306862364316 63.02496232269799 57.89079895522234 57.699574364728626 62.496677594666686 71.2820179925164 82.795621972576 104.92699713390854 89.44631897075624 74.76842677445417 61.47109664292747 50.6535114089207 44.176522374962474 44.00064153867814 50.19215275383399 60.83709687221866 74.03888795109228 99.87073667865333 83.48577911378139 67.55957342551304 52.511198676514105 39.36070869955467 30.656388732993555 30.480687802626218 38.94919595639915 51.99727666244127 67.0007691959788 96.62199139974379 79.58921889833034 62.70399305257601 46.128626272130916 30.374693676086196 17.77937870787426 17.558560183754526 29.986867148499968 45.70376137909314 62.26690809859103 95.36571389735829 78.06637194959457 60.76850388677763 43.473869081878426 26.188873864779655 8.969421871489855 8.588220779558329 25.802676928071737 43.08726412986577 60.381786300051274 96.18002905348997 79.05455550502266 62.02709366841432 45.208525714840576 28.96504947669465 15.25943087383576 15.014633379864577 28.57868167012982 44.79682714212761 61.607493403965265 99.01385153856266 82.46353431345455 66.29808730947157 50.885641048001446 37.17486709380265 27.808329986941445 27.628714855173914 36.770895380721214 50.39406516939524 65.77032048044293 103.70171599932237 88.01241832884479 73.05498818760789 59.38503564361752 48.112776454284386 41.252899272966374 41.07882397657379 47.66385948241722 58.77859187462377 72.36510115530169 110.00678940230114 95.32818609804684 81.68311696774532 69.68141296941172 60.31223932622412 54.939351062146514 54.75214663608751 59.799347913972106 68.9407400894251 80.79844342879493
74.83744882125374 61.13089650701225 69.24894195874869 90.07582045042946 27.06356962327811 41.86215030945633 64.02165278200953 45.0939730984046 69.0533455703734 30.80479532800924 65.73695296298824 66.53407663220159 33.83489234339795 81.4427916737695 88.93684002643015 27.987038230235726 42.75350991496612 64.50116393685617 39.01716551368479 95.56077215632074 46.68738747541035 53.565371837144845 49.301662969692316 64.1227075005268 52.16231543615272 20.706921069616882 62.53362842056613 42.40844605149837 25.861107795250163 7.055039692600586 65.33177216742428 15.141911938942835 0.0 58.18525920472636 101.86015085120225 8.692691146836669 44.18416854460456 56.99132695672322 36.80445433272786 81.43617370356745 104.36100217420778 90.9242200472095 79.00572101293226 69.39228530545542 63.14562306980559 61.30371368689447 64.24652563950563 71.38474590299737 81.62501445201904 93.95849704221881 96.65041954910403 82.00240150940617 68.60165233686314 57.329592265699006 49.6576297407959 47.36856372959873 51.18968708996526 59.964071702341855 71.90061419740823 85.68785996114138 90.49725997607244 74.68678516784014 59.709177065251076 46.37848536329281 36.54381090053586 33.44614263971982 38.73689367556293 49.81121899311097 63.72186653941593 78.98419553688363 86.23564585362551 69.48666250707738 53.09348047856672 37.525335770590615 24.415071830753472 19.56405869850989 27.714992431408984 41.85929969118868 57.74939729756512 74.27312137125737 84.15350268904055 66.89727753719394 49.672859057070546 32.530809548542415 15.742543340578065 6.009594806990661 20.56978965926644 37.53439384719256 54.71068135466838 71.94720317754815 84.41229370027568 67.22104847022187 50.10605387945079 33.1854962529224 17.048487791811123 8.8734411970673 21.57633494419836 38.09267316460513 55.09336181681142 72.23723784846857 86.99112559002491 70.417799538163 54.30090400165789 39.20740978782275 26.917743450188404 22.596901689323772 29.923003572432844 43.34585842912018 58.83070513275852 75.11292440810332 91.69442465189441 76.12641361809587 61.49228627630986 48.64235577945039 39.36449368790457 36.49321901575122 41.38422148921107 51.886988982692586 65.34961779792395 80.29690249380877 98.2174020530386 83.83525788763122 70.77248047071785 59.898569657168174 52.58929957937793 50.419553170413465 54.01230768969056 62.379712650735875 73.91771673321821 87.37923249699399 106.22527899769283 93.04841586275268 81.43033064549913 72.12824039131515 66.12685259098626 64.35628535061545 67.15203313089661 73.99833039985346 83.90949594053566 95.94033236541065
80.25977352034008 40.406928473107214 125.20247006518399 31.987622628389627 80.42600731691768 99.21561688047785 122.03319182978194 44.504921412262576 126.92290769660717 64.44528940869739 24.423374683127115 81.84743490676551 84.53403110254665 25.627488133648097 30.908267387911234 80.64207387305767 100.63440778735242 58.244051681343315 70.99582931052538 153.64561343245413 64.02063098054981 32.89152665834172 104.26946889780093 12.173361980662396 37.356954505086385 78.23189524722287 120.32821799318805 53.172098055426545 83.99548317082107 58.56156396198951 26.763350433681552 59.017779581951736 58.18525920472636 0.0 43.77957042684526 57.25345299062205 102.3234643042574 55.527844207311006 52.97855876100977 138.46030436371282 126.83509790445716 109.77818268320483 92.81200571627333 75.99736242824979 59.462941957155614 43.529248966280505 29.196938952336563 20.21975895193276 23.74716276189989 36.30053037740791 125.37653252202163 108.09749487357189 90.82717278663891 73.57170422566412 56.34473743580937 39.18388238221685 22.24269021881645 7.267140124761572 14.47752778661327 31.06605420434929 125.4804492178043 108.21745302956428 90.96925001540455 73.74622065157462 56.57136180339418 39.50754606491857 22.80540987876466 8.834056106586166 15.320172281683547 31.465665638539082 127.14301542996934 110.13217171824687 93.22851189111226 76.50311705326581 60.104989108596385 44.39824118271837 30.471449457243104 22.01195019728808 25.283472437869644 37.31880642662057 130.3045609148765 113.75102951424132 97.45779740022535 81.58097370765745 66.4198442235483 52.59699212895126 41.47286937488807 35.66877691013577 37.72574501949042 46.614477013144324 134.85966088146392 118.91850112388421 103.41563413170948 88.5814797426973 74.81487433332936 62.8216044641166 53.800968870469184 49.40886776178404 50.858921280340134 57.7124356813949 140.67294575403267 125.4432842480734 110.82351529429323 97.08954426459594 84.67350089289587 74.2395985069689 66.72427073318555 63.177786514421776 64.26065046763622 69.75760728289333 147.5957459749746 133.12586817751438 119.4117830221464 106.7451903854868 95.54361316462885 86.37889188645326 79.95454028288724 76.95991594204581 77.79211665421235 82.33518547388101 155.47983536631716 141.77806256890779 128.94468615784754 117.26516274912154 107.11758933822645 98.9742933413357 93.36121671013319 90.74908305653388 91.39556123042108 95.23431312618062 164.18668743128563 151.23342932703622 139.22820108755303 128.43712013153558 119.1904178042837 111.8717014499975 106.87777830516471 104.54234274842224 105.0428644945481 108.34004502983484
104.65149817014075 69.4300778903227 168.7745601432569 13.736212631680393 123.9498448920527 142.382944691773 165.4625507544015 81.65237041149867 170.2418013574591 106.08296119064507 49.527743974167215 115.67943002102126 126.06874907910513 23.03722197078342 12.92866120284317 124.09018974571403 144.0329100493662 87.75072470928839 111.54298171818584 197.39034338841245 98.13153767848127 66.59685880037964 147.77300621753386 41.48159518964519 71.54782527895132 122.00845572591949 163.6168309114952 91.37639060692236 127.70782414760934 102.33044477264696 52.17400664715512 102.44632736012053 101.86015085120225 43.77957042684526 0.0 100.99081905120919 145.89086626813733 88.30930813086572 92.79519875384634 182.17745031593444 153.64597330058 136.42636417914613 119.23058835893937 102.07069208817789 84.96841643810545 67.96727172963078 51.16816282117538 34.86437110279927 20.287446465263468 14.364860652434732 155.5803047220596 138.59132344055854 121.69054380910083 104.92059748315557 88.35601226939895 72.13839363652873 56.566956549249944 42.360395590500254 31.42762257199843 27.923065933167116 158.72710747962356 142.09884231341508 125.65258637645485 109.47040274912402 93.68922473805898 78.55111536604633 64.5103848846545 52.455761650515186 44.04916846519931 41.56629276774152 163.01613781280113 146.85270453622653 130.98042258583214 115.51936634837845 100.65920490679996 86.70943255524595 74.18540615691542 63.93060230131045 57.17926167840004 55.23144623512188 168.36006353916304 152.73651391801837 137.5153251422387 122.84615130873121 108.95218865118098 96.17001721566459 85.00267813490106 76.16382769321164 70.5343341069821 68.9053423719668 174.66201250830017 159.62528988022055 145.09420321232156 131.23681847841212 118.29014044357417 106.58654798970085 96.57902041232924 88.84256998289507 84.00700795121737 82.58348875733091 181.8223115168401 167.39491421012917 153.56246183251577 140.50078330479332 128.44523572609967 117.70537413362963 108.67198198275278 101.80035503876196 97.54841338772003 96.26391677971019 189.74371492379768 175.92861762862935 162.78124526850723 150.47672008330554 139.2386689485663 129.34537001257743 121.1267795656739 114.94269391552079 111.13326781105015 109.94561254489595 198.33494260842966 185.12064869522686 172.63023526970755 161.03223320378794 150.533054775956 141.37771917966302 133.8422834285402 128.21268517772967 124.74721200447648 123.62798882629124 207.51270165351377 194.8777507330587 183.00758179712255 172.06055080989174 162.22364865717242 153.71015618417346 146.7505807109867 141.57427259252756 138.38149182170562 137.31067254922698
82.65072307213845 54.766109633562905 68.10716851974622 88.61668562894661 23.739504052347467 46.26433056719278 67.01745336800663 37.862518857902856 72.2877376553081 22.216342712646966 61.56289999607247 57.848513372101266 41.51521233826641 81.68455329586921 88.15531693529806 24.25448402992345 46.37636951279656 56.612838312896194 30.572078676251515 96.87977474150661 54.62825662317366 47.894502680410326 47.376454348458786 61.63190439512683 45.8977130944633 21.539178805577794 65.96765958275256 34.25222999780609 28.146275834357844 2.13391979423662 60.821192963096664 6.565389517621801 8.692691146836669 57.25345299062205 100.99081905120919 0.0 47.03498620353981 49.0354790130772 28.571252245123613 81.20727241171782 113.04948629173124 99.53436723276832 87.36524630714716 77.18143790413494 69.85667144021812 66.34475733475281 67.24575228483229 72.39508041516696 80.98639533620023 92.06104976466301 105.31274113625177 90.69406213747851 77.19295671203092 65.5041405010193 56.75854541575472 52.44971621364572 53.65736838849191 60.049594770943145 70.22460167295021 82.79937032437462 98.98964783509274 83.30369052584226 68.40150384024501 54.924793998905116 44.19736032828677 38.58479908178267 40.28490010455994 48.53520401458555 60.72203287966246 74.94912221796528 94.36490668645946 77.77778933540162 61.58525878872493 46.20405147306932 32.796270082205524 24.80094708759427 27.446116445668157 38.60313880792092 53.15849913272463 68.99391582285497 91.69592102738454 74.53230591919151 57.45172222991951 40.55920632517961 24.251002397311186 11.396757689241971 16.443056996479246 31.77381358855431 48.450896849653056 65.45316378990839 91.15468410175126 73.8684795216411 56.59188673150393 39.33757192136799 22.157640428351353 5.761166364731634 13.196006602716423 30.228987519970406 47.45695235213247 64.72438883811785 92.77844863083527 75.85412874570322 59.14870477003333 42.91854861230629 28.002615321373476 18.02784583742843 21.553934608263493 34.682172358611645 50.39688653848353 66.8995618584923 96.45791804834245 80.29290200567013 64.71845981343864 50.28634743867907 38.310092754658804 31.706757089230223 33.78879183220512 43.32153312104761 56.66159881713855 71.71490151345914 101.97075440144451 86.80925145913709 72.61102564941861 60.06312907533 50.41330602567647 45.542583329483044 46.96228156743703 54.18014770665067 65.30102941559376 78.68712729253802 109.03916402762157 94.97642517323709 82.15959926153715 71.26411810031404 63.2901704245501 59.425694630000734 60.46384918581033 66.17429486338675 75.50426417786932 87.3008985249553
95.38851614434355 100.28993866302906 34.680609599290705 134.2498871846018 31.612877978945612 8.940837961531065 19.989514307102855 82.30346862713787 25.26751088830252 56.5943954925625 108.59403554137857 87.03188004166441 31.293012070004625 124.9532030853526 132.96228238014348 32.71684837886914 4.438109734925306 97.71350568345751 59.853569948045255 52.11926647000311 70.73417048720324 94.35112322711109 25.98221971735383 108.13782694558085 91.75864682374028 25.79305679753782 19.094771611733442 75.7371618311498 18.889314846397923 45.212126598735374 107.80419547141186 48.600621714536075 44.18416854460456 102.3234643042574 145.89086626813733 47.03498620353981 0.0 90.26831625592011 70.33992664539177 41.931123661942486 104.4960221277369 97.11639027282962 92.42532612196364 90.84030816909765 92.52110731209685 97.29862300478715 104.74999670170766 114.35372581946977 125.61711840806865 138.13478668671053 92.34279876413014 83.9661072285904 78.56275501116258 76.76321006384565 78.8147130698915 84.43703101011054 92.98467641274809 103.73703543672015 116.08307209083655 129.56801828132166 80.85101965856589 71.19764030025611 64.80752174514225 62.68668160991495 65.25273568152812 72.00634182255064 81.91825985282263 93.99459355504611 107.50841931241075 121.98291320189007 70.34580066443424 59.05939366765257 51.24640748465258 48.61150656270713 51.948675161740375 60.27398379347595 71.8744974522816 85.42619993848355 100.14005131728149 115.57303366010079 61.33635117208984 48.03179885609078 38.08762493201597 34.53966401089531 39.166533576991895 49.736848113831755 63.341917507396296 78.41779588840014 94.2613953621433 110.54310627183227 54.56879314402836 39.06719839097003 25.9509218620698 20.47843381044611 27.640436097088294 41.319882797623215 57.00336193266439 73.41760946296705 90.16440005488636 107.08783425568318 50.944660864282355 33.84671302347969 17.162601780715452 6.497939884884441 19.713065491868733 36.51985877437073 53.64241441421018 70.85217405938239 88.09804719266832 105.36230196252139 51.13677029516503 34.13387038076938 17.71965712028442 7.846317613445247 20.19545647079309 36.78126607904082 53.81988403024607 70.98599587252922 88.20519606762488 105.45148138817538 55.10522046854167 39.8096607087506 27.050769187887546 21.849265585783478 28.666146666353185 42.00972253924774 57.50301623393156 73.80439166598882 90.47812358430207 107.35084876415549 62.130512690002526 49.03731163828429 39.34237572919413 35.91231534024159 40.37664582361796 50.69082690785849 64.09019899289109 79.02059573875219 94.76108254102103 110.9674648133117
120.02205336065171 19.06702282560294 97.58555254424232 74.63658414670724 58.97829144796953 92.25009110308531 109.03021313397429 14.10515613631199 114.5627108759829 33.76252075427405 38.81567559460869 27.421807638019132 90.54872831586493 78.70621618715005 78.1419503436044 58.10527718366407 91.08605862738062 7.622398902236422 32.93920442912226 132.32179611320106 94.79900129482306 22.96829259349608 78.01277662439006 49.360435515770654 18.21585749262448 65.62869121606558 109.04077983983753 14.950176538152832 72.81931455414397 51.14196046029373 36.135520854106346 44.20965099242001 56.99132695672322 55.527844207311006 88.30930813086572 49.0354790130772 90.26831625592011 0.0 20.664828183184877 112.47237886244646 158.18923558984383 143.0802150327684 128.52528472496522 114.7355084398859 102.02162606365727 90.83652722056073 81.80968387652229 75.71698145418314 73.29382914960168 74.89724099527379 152.07951041050563 136.3267548142857 120.99787951420076 106.27645926353397 92.45312822587478 79.99482622566755 69.63806219543964 62.43751572091992 59.5493342719338 61.583270738793864 147.05394375602015 130.72322926921208 114.67766243630012 99.05590920509918 84.09449048953329 70.21678438143556 58.20320938908883 49.43211156540548 45.8056439845406 48.49209919457576 143.22677997993014 126.42272434027132 109.77344173760424 93.36177133883507 77.339128127997 62.00781956557825 48.034437549181575 36.99125910052852 32.06412114579932 35.868803098421665 140.69590550197276 123.56143272638226 106.48112249276635 89.4859944061331 72.63586510846217 56.06163182574254 40.10680969136769 25.940658473590805 18.330065418645376 24.449474273490637 139.53191267914443 122.24050163256594 104.95255749581911 87.67013124491687 70.39728689478991 53.14336829610807 35.935646475716375 18.900721771006427 4.670907981170192 16.88522967977342 139.76897251966017 122.50978591298784 105.26463222861531 88.04175793654515 70.85741084356614 53.748557105540556 36.82058254544769 20.525993170523304 9.251523165509274 18.670247848495897 141.40003516374048 124.35895192896268 107.40129851379355 90.57394734218596 73.96588381843816 57.766556226004205 42.446543848787144 29.413503167201856 22.96323735486303 28.074497118594675 144.37784063644534 127.71937016888786 111.25745437247076 95.09422578903177 79.41227481613382 64.56325574810218 51.27597471057083 41.09433246503355 36.70108619017758 40.048748830866 148.62141914500734 132.47604024100647 116.66266475497714 101.33683712524636 86.75732171291052 73.37037743406329 61.95395710421133 53.77801055402582 50.4436035565332 52.874766786933556
104.54540667870307 31.151591657869126 81.35413806888593 79.20534210460148 39.68505713877807 71.84539776063909 89.53545334888432 12.990100487689674 95.04620106715777 15.198576396580362 45.30931244192814 33.74554158887243 70.0522988889804 78.41095601220853 81.02002893542898 39.018996838083694 70.88806327995988 28.286909885329408 18.790925318831604 114.82777103288906 77.89899727187459 27.994456383552915 60.81323703362789 51.360316067070244 23.86789960906035 45.2433927962073 89.30036589983742 5.723996577581393 52.46194105025586 30.64785862123582 43.434248363806404 23.54699360677728 36.80445433272786 52.97855876100977 92.79519875384634 28.571252245123613 70.33992664539177 20.664828183184877 0.0 95.99855078633857 139.78870655512418 125.3137188208172 111.64614440229525 99.12054674367626 88.22466665267378 79.6303247390598 74.14224992101279 72.4696186142562 74.86859030560107 80.97810691795921 132.92773093732126 117.64778850407289 103.00931670235559 89.32823302542843 77.11578181030204 67.17775743601314 60.64284859269697 58.65966057068838 61.66889955776742 69.02062929711077 127.25273694138906 111.22610340492358 95.64484737135848 80.76714251186542 67.06287737207708 55.409669413910116 47.346986589222766 44.85472712063729 48.79405376212872 57.866022426532865 122.9281735822437 106.27455497848709 89.86620662904646 73.86675865688058 58.61202826839426 44.86814642675287 34.49116050022112 31.06185159342679 36.58887780546334 48.07662859007094 120.10007310506458 103.00544873302425 85.99377612879886 69.12632459840088 52.54217475047194 36.62818119967398 22.831542741661785 17.310320199974726 26.013980517853284 40.651191062889794 118.87532968166553 101.58139690091528 84.29074643683052 67.00591930969686 49.73298763719029 32.49092866062016 15.383900034245912 4.0474515962672974 19.86989928789167 37.03994438607858 119.30335031189522 102.07966692848873 84.88781107125983 67.75201547095766 50.72912177404261 33.98919027054542 18.324829555252563 10.725985498565509 22.20376579113592 38.33641518717445 121.36664395594853 104.47275062869814 87.7380173111242 71.27464092162008 55.32540008402023 40.502296843493184 28.61263539016759 24.405746405250607 31.16582600357292 44.10994970097438 124.98422100219422 108.63546738127619 92.63358193420807 77.19457679262868 62.73540727553161 50.111539804778786 41.05250264028061 38.185808625171575 42.77511477022402 52.91475562399146 130.02636781811393 114.37470487732965 99.27230346947282 85.01239726928571 72.09663983936264 61.37950469308659 54.18175015983768 51.98635242329583 55.391334702164585 63.50212134849834
136.70773104917345 127.08886031403664 14.91227319500543 169.6394063810555 58.54421716901896 49.78768918793813 31.677368888728743 108.98403449431518 32.48461778065548 80.80178779869703 139.7983221419663 98.9338925866212 72.84513188554459 162.65341689920888 169.3585272148934 58.622603088176525 45.81107113966536 118.9223698151997 79.56703689182078 21.715924765085475 112.64561160263936 123.42814209045032 35.28475690710842 142.16312285776323 119.72765430333055 60.74411289251181 35.41553189748542 100.22809955773397 56.22754796802923 79.95085447360071 138.3919836112976 80.01675605780231 81.43617370356745 138.46030436371282 182.17745031593444 81.20727241171782 41.931123661942486 112.47237886244646 95.99855078633857 0.0 139.37159618219258 134.86844214059238 132.48841198487935 132.3460981572374 134.44860671264757 138.6938850792693 144.89371080448126 152.81036896237657 162.19265720606177 172.80201097101735 125.912400378079 120.97649463208191 118.38638879317665 118.29626774948343 120.71173095182344 125.48817525521324 132.37026622756792 141.05012493794362 151.21849496287953 162.59635235956878 112.63280547862568 107.15415000845259 104.29062933876078 104.25794637256885 107.05869374268252 112.48141597507133 120.17168752582924 129.7268689751605 140.76770614166702 152.9728543111709 99.60489848833602 93.4325449725666 90.20431844982808 90.2367531771038 93.52645684987249 99.75168463538878 108.40790097403763 118.96563095357662 130.96581099820594 144.0483942955611 86.9421227727279 79.86386710335256 76.13295776413736 76.24239424383117 80.17645249725696 87.42030555188097 97.2370379172109 108.93327634349338 121.96950962498572 135.96083734580088 74.83029606938793 66.54198525340534 62.08698213953825 62.29322482526124 67.11775715312092 75.68246659223456 86.88827959836912 99.84991472790139 113.96987658085254 128.86797515700113 63.585259098785734 53.651317356843016 48.08892865232749 48.4285947466328 54.56019652398579 64.86142016381196 77.69102349558466 91.99722258259052 107.190416170288 122.94219860978063 53.75398360031269 41.59499377082819 34.19801740959689 34.750157075741214 42.9459028653255 55.49626891152591 70.10013756954946 85.71423945487014 101.87512226810237 118.35902315644331 46.247230814230605 31.351094461389508 20.632199927089186 21.614717386728824 33.277862394639556 48.43911670710862 64.68378245828946 81.3655159312746 98.26196841237785 115.27876419182326 42.32071207543116 25.233258892154833 9.005859921152007 11.144825991246565 27.677107050515993 44.79454026831881 62.01445715207811 79.2700979483039 96.54230904866331 113.82354729582107
48.99447596420365 155.30675349307768 137.600546914862 149.81642457001294 121.29689658987823 95.65883599609299 107.70568730527707 144.48176367022347 107.34428455048256 135.04911053596746 148.7227148381774 170.89449088435634 78.21113298273357 131.93477524269136 144.1263849608826 122.79306651283035 100.11712518562369 165.0779968561275 142.9243879942722 136.10721540507828 64.69149071087928 145.9867830322133 129.53380418683085 138.78655504625667 147.1773374867605 109.28775992106704 103.97581380478135 144.94849709858588 105.6386230289894 111.3490020860091 150.1007530920701 119.46588955815152 104.36100217420778 126.83509790445716 153.64597330058 113.04948629173124 104.4960221277369 158.18923558984383 139.78870655512418 139.37159618219258 0.0 17.301930585891526 34.60386117178588 51.90579175767881 69.20772234357318 86.50965292946472 103.81158351535905 121.11351410125201 138.4154446871464 155.7173752730379 14.273158122067928 22.408696249837586 37.40707011768865 53.806511913383886 70.6378450696884 87.65262226642709 104.76149973408344 121.92487057658218 139.12256792443495 156.34326448173894 28.546265673844395 33.32454629578916 44.77578681727379 59.143269961539225 74.76423794618766 90.9954161857329 107.56091230116948 124.32716332434735 141.22268522556516 158.2060672066715 42.81927208470929 46.09203098851991 54.901413176263894 67.10111479027503 81.17671237833649 96.3092012631054 112.07127398225848 128.2309761503434 144.6551092252998 161.2628989977158 57.09212678338561 59.531378942721375 66.53688297022902 76.87018986724787 89.38452306236499 103.29016126255169 118.09665296475117 133.50460308943212 149.32794857896513 165.44754752783285 71.36477919761118 73.27369589248786 79.01788325789705 87.84819750085569 98.94177226103011 111.62585433518223 125.41880631391945 139.99325398315926 155.12908787799913 170.67702016178032 85.63717875381 87.1756715229221 92.00079660311631 99.63620323462439 109.49555681927438 121.03659975118865 133.82495112110578 147.5366196973306 161.937235697675 176.8585875835554 99.90927487676399 101.17135464497507 105.29998731114185 111.9785523529857 120.78480690065687 131.29130778391456 143.12410681130984 155.98165574589768 169.63109512657363 183.89617848724092 114.18101698928432 115.2264421594825 118.80913609608828 124.71061775837812 132.6216990433975 142.20738885534763 153.15357437457604 165.19002013158308 178.09581035141815 191.69544095224427 128.4523545118838 129.3213997815609 132.4638592253841 137.72420287389303 144.87191104360804 153.64380122803752 163.77911098268245 175.04116436508846 187.22674418142086 200.16725689836332
31.805685683913172 139.25623905053484 131.32068830902455 132.5147343053331 110.15749042500492 88.17601830230076 103.39068821762767 129.2036753161982 103.9131985840257 121.72710515399304 131.96043216331316 157.24012866957614 68.28114397735968 114.64708761957638 126.83524979488153 111.62197919560853 92.67832830055194 149.78384532915743 129.88029800315098 134.3068451695503 48.623078220815884 129.89276408044378 120.97315004408512 121.78299935767544 131.3136821068123 98.24659302652827 99.6606216622642 130.2897132826419 95.46332082673432 97.97619857508298 133.41775857210604 106.05719181405355 90.9242200472095 109.77818268320483 136.42636417914613 99.53436723276832 97.11639027282962 143.0802150327684 125.3137188208172 134.86844214059238 17.301930585891526 0.0 17.301930585894358 34.603861171787294 51.905791757681655 69.20772234357318 86.50965292946755 103.81158351536045 121.11351410125484 138.4154446871464 22.408696249837586 14.207970976844209 22.36729358692858 37.382319577436505 53.78933372916444 70.62478064038352 87.64211013773217 104.75271791069079 121.91733659048562 139.1159754459505 33.32454629578916 28.41589145188692 33.21310015797055 44.693028439595786 59.08073454154051 74.71485281147861 90.95490586570992 107.5266953135818 124.29760714740988 141.1967057456475 46.09203098851991 42.623710923003614 45.910683032947325 54.749480104682306 66.97704829501926 81.07434302022625 96.22306306231295 111.99737186592345 128.16649099984352 144.59803662487263 59.531378942721375 56.83137888742419 59.281733258792286 66.31394947173088 76.67759526240974 89.21919670112588 103.14734232407135 117.97195056614484 133.39447415491765 149.22964876983932 73.27369589248786 71.03884484141027 72.9567627867381 78.72451834995566 87.58481110058176 98.70834450154607 111.41931701935894 125.23529824831508 139.82912586542542 154.98121738761475 87.1756715229221 85.24605827993223 86.7920565335801 91.63792654008742 99.30174198711823 109.19175893876681 120.76225550741341 133.57725242730115 147.3123221300989 161.73322481754803 101.17135464497507 99.45296869634662 100.72143736281777 104.8684313143103 111.57344131909122 120.40989456069457 130.94700296815208 142.808814297948 155.69284592137058 169.36597082716054 115.2264421594825 113.65952558207304 114.71047309544922 118.30954153956465 124.23547279089719 132.17567052112574 141.79214771073427 152.7686765082055 164.83377683176522 177.76594031953786 129.3213997815609 127.86567842627224 128.73955194272122 131.89672469887176 137.17963760847053 144.3550941172161 153.15732647930244 163.3235235427169 174.61561573755264 186.82956511819145
14.881468772424025 123.54396518343162 127.10221313175266 115.2131162080489 100.77243440461262 83.65457330505257 101.86960450625558 114.50280696173368 103.30426665624861 109.5234895255676 115.35758789286541 144.36984772884946 61.69557588810798 97.36445944268063 109.54752316250077 102.17372326634002 88.05556755522763 134.97534085832157 117.93675089988422 134.72233774816377 33.795413672291865 114.15261953875797 114.40566097774028 104.87707455093735 115.86240122958185 89.21689331844917 98.24548493767418 116.35909673557121 87.55372006691492 86.0160611526375 116.91478611824411 93.93000523817496 79.00572101293226 92.81200571627333 119.23058835893937 87.36524630714716 92.42532612196364 128.52528472496522 111.64614440229525 132.48841198487935 34.60386117178588 17.301930585894358 0.0 17.30193058589294 34.603861171787294 51.90579175767881 69.20772234357318 86.50965292946613 103.81158351536045 121.11351410125201 37.40707011768865 22.36729358692858 14.142679045357772 22.32593871086207 37.35762744908348 53.77220228408961 70.61175375868221 87.63162910611061 104.7439625524921 121.90982562150107 44.77578681727379 33.21310015797055 28.285307659750636 33.101614870394776 44.610367124195996 59.01832319843222 74.66558619315674 90.91450225411432 107.4925734582983 124.268136089515 54.901413176263894 45.910683032947325 42.427835411896304 45.72916325868473 54.59758493127564 66.85312963224918 80.9721579069341 96.13711314358697 111.92365006478563 128.1021745191834 66.53688297022902 59.281733258792286 56.57021186987815 59.031785623947705 66.09094058166346 76.48510318955854 89.05407044356677 103.00476583438706 117.8475030519945 133.28459789126939 79.01788325789705 72.9567627867381 70.71238660082815 72.63940405889038 78.43094699154645 87.32143431284678 98.47507986826085 111.21303358559587 125.05209051654312 139.66531732684285 92.00079660311631 86.7920565335801 84.85430917060957 86.40789719813726 91.27471619995745 98.96717204233026 108.88804650517929 120.48813387897007 133.3298629073621 147.08838323387104 105.29998731114185 100.72143736281777 98.99592914349992 100.27086045082548 104.43640337546883 111.16809195962593 120.03496330103546 130.60285442225617 142.49380398588204 155.40440208216705 118.80913609608828 114.71047309544922 113.13719608187365 114.19373152052135 117.80934674961343 123.75995606704565 131.7295029601542 141.37697073266273 152.38400321007532 164.47787599089247 132.4638592253841 128.73955194272122 127.27805954588565 128.15682043198623 131.32886498651982 136.6345670295528 143.83800960886012 152.67080624571634 162.86807888513323 174.19035887718672
5.479789047968028 108.31722548791353 125.15374036438466 97.9116085355188 93.67053773932783 82.58235403518215 103.26597123204708 100.63244653033081 105.5663366513523 98.85333653209562 98.99443515811392 132.51230744428184 59.57406907804241 80.09016610726069 92.26512105570582 94.96392812057677 86.70046181193858 120.83117148248621 107.46132743916421 137.33358282672583 22.77647293289578 98.93539296873848 110.1883075670494 88.12498716680636 101.0129071008715 82.85890118334268 99.85377938809872 103.45122923175404 82.5635724686432 76.13725850717425 100.68039933919236 83.64360474176303 69.39228530545542 75.99736242824979 102.07069208817789 77.18143790413494 90.84030816909765 114.7355084398859 99.12054674367626 132.3460981572374 51.90579175767881 34.603861171787294 17.30193058589294 0.0 17.301930585894358 34.60386117178588 51.90579175768023 69.20772234357318 86.50965292946755 103.81158351535905 53.806511913383886 37.382319577436505 22.32593871086207 14.077282809149589 22.284633111075745 37.33299457768667 53.755118128485634 70.59876482977717 87.6211794919814 104.73523392444575 59.143269961539225 44.693028439595786 33.101614870394776 28.15451526051742 32.99009334170501 44.52780585696473 58.9560381703524 74.61643978080359 90.87420668600227 107.45854783303132 67.10111479027503 54.749480104682306 45.72916325868473 42.231646996009964 45.54747499837952 54.445732472907146 66.72936329135099 80.87016075705712 96.05135455130669 111.85011111233615 76.87018986724787 66.31394947173088 59.031785623947705 56.30862765691056 58.78153960680257 65.86786214636372 76.2927201247144 88.88915028958837 102.86243701635752 117.72331490759555 87.84819750085569 78.72451834995566 72.63940405889038 70.38540688356808 72.32162352930075 78.13717556457814 87.05807502950596 98.24198642871605 111.00701155135837 124.86918985687117 99.63620323462439 91.63792654008742 86.40789719813726 84.46193431508496 86.02319763184191 90.91117228259318 98.6325022135823 108.58442923205767 120.21424450247629 133.0827916033478 111.9785523529857 104.8684313143103 100.27086045082548 98.5381595890061 99.81962835737642 104.00391043647421 110.76251368043131 119.66002405528081 130.25887357651285 142.1790870736468 124.71061775837812 118.30954153956465 114.19373152052135 112.61403234100696 113.67622224583015 117.30855889652355 123.28407739231154 131.2832081702865 140.96187078836718 151.9995675746296 137.72420287389303 131.89672469887176 128.15682043198623 126.68950220458268 127.57321044563562 130.7602874987125 136.08900123898195 143.32066995633807 152.18425450980476 162.41279170096365
20.91199577708529 93.81273968645368 125.58097630989805 80.61028238967045 89.39760069982424 85.08985188100696 107.46612436801577 87.98624434250252 110.52326729482564 90.26211988925675 83.01283623858492 121.9632491306505 62.37380451721167 62.83108254059966 74.99172479473643 90.52900084527404 88.76279535628404 107.61360698612927 98.92153889219351 142.01951524301953 22.22874125148134 84.52398750540225 108.59524213491507 71.63474522187073 87.0736312311756 79.81367926240668 104.34579700354476 91.99761788944922 81.03403252476998 69.23650451810668 84.86887000967097 75.9496420425245 63.14562306980559 59.462941957155614 84.96841643810545 69.85667144021812 92.52110731209685 102.02162606365727 88.22466665267378 134.44860671264757 69.20772234357318 51.905791757681655 34.603861171787294 17.301930585894358 0.0 17.301930585891526 34.60386117178588 51.90579175767881 69.20772234357318 86.50965292946472 70.6378450696884 53.78933372916444 37.35762744908348 22.284633111075745 14.01178275052985 22.2433782840141 37.30842180802645 53.73808181168163 70.58581425790776 87.610761614905 74.76423794618766 59.08073454154051 44.610367124195996 32.99009334170501 28.023515218807418 32.878538509794545 44.44534763782584 58.89388169840732 74.56741526337018 90.83402049468404 81.17671237833649 66.97704829501926 54.59758493127564 45.54747499837952 42.035147122274246 45.365621619723186 54.29392758643591 66.60575378273762 80.76835529731473 95.96579033166796 89.38452306236499 76.67759526240974 66.09094058166346 58.78153960680257 56.04662817775995 58.53099880974778 65.64472007111259 76.10045259133219 88.72444226713382 102.72036110685431 98.94177226103011 87.58481110058176 78.43094699154645 72.32162352930075 70.0579081011764 72.0034250495372 77.8432105189824 86.79474121408228 98.00907230488815 110.80125846913936 109.49555681927438 99.30174198711823 91.27471619995745 86.02319763184191 84.0689366072115 85.63796197877345 90.5473015586182 98.29774140324648 108.28091691370844 119.94059707589545 120.78480690065687 111.57344131909122 104.43640337546883 99.81962835737642 98.07966340902357 99.36774555776108 103.57095950941113 110.35671598699412 119.2850878599569 129.91507194977265 132.6216990433975 124.23547279089719 117.80934674961343 113.67622224583015 112.09003821793499 113.15795010794827 116.80718521880998 122.80784667728938 130.8367980809361 140.54686085849903 144.87191104360804 137.17963760847053 131.32886498651982 127.57321044563562 126.10001074312716 126.98872720429358 130.19099971150993 135.54295044571637 142.80308772857057 151.6976853883302
37.99090089660766 80.42224632469672 128.36020113011028 63.309286594932956 88.36496844145164 90.88124515063689 114.16101584326911 77.16840350199912 117.83545751361456 84.38719801313336 67.6836128537101 113.08943574649415 69.50258581099227 45.60448049231589 57.73541810568962 89.28340706024282 94.0179464810616 95.70732396643615 92.85299725341218 148.58397457565488 32.68298701723728 71.40796869882392 109.74081161310625 55.63965174221377 74.55686141138523 80.45826079292203 111.37315472259526 82.60541142693043 83.15627867429518 66.251015472368 69.76828842771566 71.68774247329965 61.30371368689447 43.529248966280505 67.96727172963078 66.34475733475281 97.29862300478715 90.83652722056073 79.6303247390598 138.6938850792693 86.50965292946472 69.20772234357318 51.90579175767881 34.60386117178588 17.301930585891526 0.0 17.301930585894358 34.603861171787294 51.905791757681655 69.20772234357318 87.65262226642709 70.62478064038352 53.77220228408961 37.33299457768667 22.2433782840141 13.946179352574479 22.202175733148056 37.28390998456543 53.7210938820184 70.5729024463457 90.9954161857329 74.71485281147861 59.01832319843222 44.52780585696473 32.878538509794545 27.8923085007721 32.76695334225426 44.36299548072211 58.83185602661183 74.51851432910468 96.3092012631054 81.07434302022625 66.85312963224918 54.445732472907146 45.365621619723186 41.838337239915404 45.18360652613236 54.14217516910069 66.48230563785576 80.66674526242345 103.29016126255169 89.21919670112588 76.48510318955854 65.86786214636372 58.53099880974778 55.78421536472615 58.28016686964763 65.42152032100176 75.90830716065877 88.55995243216363 111.62585433518223 98.70834450154607 87.32143431284678 78.13717556457814 72.0034250495372 69.7298926690251 71.68481250302489 77.5490583739056 86.53144090262502 97.77634567348795 121.03659975118865 109.19175893876681 98.96717204233026 90.91117228259318 85.63796197877345 83.6753189454314 85.25219441242221 90.18311087076549 97.96289860407566 107.97751942597753 131.29130778391456 120.40989456069457 111.16809195962593 104.00391043647421 99.36774555776108 97.62044398506242 98.91521655470022 103.13755767799654 109.95070848613678 118.9101658558116 142.20738885534763 132.17567052112574 123.75995606704565 117.30855889652355 113.15795010794827 111.56521757723316 112.6389199693526 116.30523302460782 122.33127393960902 130.39028474289293 153.64380122803752 144.3550941172161 136.6345670295528 130.7602874987125 126.98872720429358 125.50958950915654 126.40337595334347 129.6210091679996 134.9964249678987 142.28527562775076
55.208867391703194 68.79930280922216 133.34443219087544 46.008993823629304 90.68340284067817 99.3840967089388 122.94376669359166 69.04374853439879 127.09704455605521 81.8158227280958 53.569763841914515 106.31119716237035 79.80866832458173 28.46938408784728 40.518041806999385 91.35769256554488 101.97348352006331 85.66085663368435 89.75835126530087 156.7911902591175 47.338671585522 60.43668233587587 113.54215288532784 40.72733396852311 64.29877436212563 84.70845590930017 120.49307025324353 76.04231538440538 88.66848518988495 67.70075784491932 55.95721340007135 71.47450942777826 64.24652563950563 29.196938952336563 51.16816282117538 67.24575228483229 104.74999670170766 81.80968387652229 74.14224992101279 144.89371080448126 103.81158351535905 86.50965292946755 69.20772234357318 51.90579175768023 34.60386117178588 17.301930585894358 0.0 17.30193058589294 34.603861171787294 51.90579175767881 104.76149973408344 87.64211013773217 70.61175375868221 53.755118128485634 37.30842180802645 22.202175733148056 13.88047309912148 22.161026968940636 37.25945995141218 53.70415488679707 107.56091230116948 90.95490586570992 74.66558619315674 58.9560381703524 44.44534763782584 32.76695334225426 27.76089607408694 32.65534083679141 44.280752413602436 58.76996340177343 112.07127398225848 96.22306306231295 80.9721579069341 66.72936329135099 54.29392758643591 45.18360652613236 41.64121880044532 45.00143315742027 53.99048015890904 66.35902340914055 118.09665296475117 103.14734232407135 89.05407044356677 76.2927201247144 65.64472007111259 58.28016686964763 55.52139115315591 58.02904745853643 65.19826892181642 75.71629045204709 125.41880631391945 111.41931701935894 98.47507986826085 87.05807502950596 77.8432105189824 71.68481250302489 69.40136300629368 71.36578980569396 77.25472571892789 86.26818220453976 133.82495112110578 120.76225550741341 108.88804650517929 98.6325022135823 90.5473015586182 85.25219441242221 83.28108423275421 84.86589913627338 89.81860713526457 97.62798290052254 143.12410681130984 130.94700296815208 120.03496330103546 110.76251368043131 103.57095950941113 98.91521655470022 97.1605047039591 98.46204587886672 102.7037120990221 109.54450088771144 153.15357437457604 141.79214771073427 131.7295029601542 123.28407739231154 116.80718521880998 112.6389199693526 111.03957428956102 112.11913671889099 115.80270969310546 121.854369305881 163.77911098268245 153.15732647930244 143.83800960886012 136.08900123898195 130.19099971150993 126.40337595334347 124.91824285714937 125.81716196334679 129.0503234796869 134.44943523494973
72.46684090392887 59.9804069434897 140.29886206378393 28.71067497383522 96.11070034104567 109.97125428111809 133.40264081703057 64.63597552166434 137.91585722706333 82.85613596797356 41.91748355897865 102.04697267995233 92.233040748274 11.830321268994126 23.42559309380898 96.53809423096023 112.05572310683719 78.19437258679983 89.94508561221048 166.39826391579408 63.34377237692448 52.96025111551936 119.7466110537222 28.64212599667384 57.52075850387142 92.06625720281353 131.27012801808846 73.07462551138228 96.99440796076583 73.32312215675218 44.64876348726667 75.34432531694378 71.38474590299737 20.21975895193276 34.86437110279927 72.39508041516696 114.35372581946977 75.71698145418314 72.4696186142562 152.81036896237657 121.11351410125201 103.81158351536045 86.50965292946613 69.20772234357318 51.90579175767881 34.603861171787294 17.30193058589294 0.0 17.301930585894358 34.60386117178588 121.92487057658218 104.75271791069079 87.63162910611061 70.59876482977717 53.73808181168163 37.28390998456543 22.161026968940636 13.814664474767438 22.119933508868602 37.23507255229009 124.32716332434735 107.5266953135818 90.91450225411432 74.61643978080359 58.89388169840732 44.36299548072211 32.65534083679141 27.629278907944446 32.543704021694104 44.198621478411155 128.2309761503434 111.99737186592345 96.13711314358697 80.87016075705712 66.60575378273762 54.14217516910069 45.00143315742027 41.44379325765109 44.8191049905128 53.83884753503221 133.50460308943212 117.97195056614484 103.00476583438706 88.88915028958837 76.10045259133219 65.42152032100176 58.02904745853643 55.25815748142887 57.777644284356164 64.97497196093585 139.99325398315926 125.23529824831508 111.21303358559587 98.24198642871605 86.79474121408228 77.5490583739056 71.36578980569396 69.07232153595157 71.0463609066642 76.96021921531099 147.5366196973306 133.57725242730115 120.48813387897007 108.58442923205767 98.29774140324648 90.18311087076549 84.86589913627338 82.88623537673583 84.47908038442331 89.4537973432646 155.98165574589768 142.808814297948 130.60285442225617 119.66002405528081 110.35671598699412 103.13755767799654 98.46204587886672 96.6998489578519 98.00823808943697 102.26943000383685 165.19002013158308 152.7686765082055 141.37697073266273 131.2832081702865 122.80784667728938 116.30523302460782 112.11913671889099 110.51311223163442 111.59860527227565 115.29962267602032 175.04116436508846 163.3235235427169 152.67080624571634 143.32066995633807 135.54295044571637 129.6210091679996 125.81716196334679 124.3259751483936 125.2300905304859 128.47895032792772
89.74174350153932 55.32317013955897 148.94777787190432 11.423300903439706 104.16203317485962 122.10174031491628 145.17583118917372 64.70914045969259 149.95522620215527 87.37923348860835 35.258175484729 100.61690936932929 106.0336749897704 8.253523728290224 7.383671417980793 104.36308598563403 123.74593116167104 74.09200021740743 93.39351963973395 177.177628869866 79.8913553189913 50.5537819866217 128.00522201740566 24.09850190977302 55.51253378118266 101.86045045950317 143.33101263889574 74.13538622647533 107.48214461871082 82.26700396309923 38.1381845206682 82.72616272589295 81.62501445201904 23.74716276189989 20.287446465263468 80.98639533620023 125.61711840806865 73.29382914960168 74.86859030560107 162.19265720606177 138.4154446871464 121.11351410125484 103.81158351536045 86.50965292946755 69.20772234357318 51.905791757681655 34.603861171787294 17.301930585894358 0.0 17.301930585891526 139.12256792443495 121.91733659048562 104.7439625524921 87.6211794919814 70.58581425790776 53.7210938820184 37.25945995141218 22.119933508868602 13.748753964863916 22.07889687738994 141.22268522556516 124.29760714740988 107.4925734582983 90.87420668600227 74.56741526337018 58.83185602661183 44.280752413602436 32.543704021694104 27.497457973046906 32.43204595626702 144.6551092252998 128.16649099984352 111.92365006478563 96.05135455130669 80.76835529731473 66.48230563785576 53.99048015890904 44.8191049905128 41.246062067584084 44.63662554015552 149.32794857896513 133.39447415491765 117.8475030519945 102.86243701635752 88.72444226713382 75.90830716065877 65.19826892181642 57.777644284356164 54.994516290943 57.525961091693986 155.12908787799913 139.82912586542542 125.05209051654312 111.00701155135837 98.00907230488815 86.53144090262502 77.25472571892789 71.0463609066642 68.74277068474011 70.72652978893316 161.937235697675 147.3123221300989 133.3298629073621 120.21424450247629 108.28091691370844 97.96289860407566 89.81860713526457 84.47908038442331 82.49077528945672 84.0917424222012 169.63109512657363 155.69284592137058 142.49380398588204 130.25887357651285 119.2850878599569 109.95070848613678 102.7037120990221 98.00823808943697 96.2384801441555 97.55379777464749 178.09581035141815 164.83377683176522 152.38400321007532 140.96187078836718 130.8367980809361 122.33127393960902 115.80270969310546 111.59860527227565 109.9858352861965 111.07733057258164 187.22674418142086 174.61561573755264 162.86807888513323 152.18425450980476 142.80308772857057 134.9964249678987 129.0503234796869 125.2300905304859 123.73279075095404 124.64216697701211
107.02537795762909 55.87804469257493 159.01492729982172 5.949315161834191 114.28414962442453 135.36126970824782 157.9697500178038 69.24904182632733 162.94482902223783 94.88836799611393 36.44050122998639 102.140119913368 120.73956608238434 24.39258674595434 12.60921438117103 114.29076177185341 136.6319967446528 73.91600730084987 99.76600060315337 188.92873564630295 96.70333652324949 53.90067343358893 137.94955054398397 30.65640178247105 58.76515658401769 113.46184142428162 156.3789563851894 79.06261772127658 119.56416258110146 93.58489037890894 38.91319627465584 92.78554533607141 93.95849704221881 36.30053037740791 14.364860652434732 92.06104976466301 138.13478668671053 74.89724099527379 80.97810691795921 172.80201097101735 155.7173752730379 138.4154446871464 121.11351410125201 103.81158351535905 86.50965292946472 69.20772234357318 51.90579175767881 34.60386117178588 17.301930585891526 0.0 156.34326448173894 139.1159754459505 121.90982562150107 104.73523392444575 87.610761614905 70.5729024463457 53.70415488679707 37.23507255229009 22.07889687738994 13.682742055513897 158.2060672066715 141.1967057456475 124.268136089515 107.45854783303132 90.83402049468404 74.51851432910468 58.76996340177343 44.198621478411155 32.43204595626702 27.365434241599328 161.2628989977158 144.59803662487263 128.1021745191834 111.85011111233615 95.96579033166796 80.66674526242345 66.35902340914055 53.83884753503221 44.63662554015552 41.048026688549356 165.44754752783285 149.22964876983932 133.28459789126939 117.72331490759555 102.72036110685431 88.55995243216363 75.71629045204709 64.97497196093585 57.525961091693986 54.73046952610052 170.67702016178032 154.98121738761475 139.66531732684285 124.86918985687117 110.80125846913936 97.77634567348795 86.26818220453976 76.96021921531099 70.72652978893316 68.41271288315473 176.8585875835554 161.73322481754803 147.08838323387104 133.0827916033478 119.94059707589545 107.97751942597753 97.62798290052254 89.4537973432646 84.0917424222012 82.09470688750076 183.89617848724092 169.36597082716054 155.40440208216705 142.1790870736468 129.91507194977265 118.9101658558116 109.54450088771144 102.26943000383685 97.55379777464749 95.77640166553627 191.69544095224427 177.76594031953786 164.47787599089247 151.9995675746296 140.54686085849903 130.39028474289293 121.854369305881 115.29962267602032 111.07733057258164 109.45774734198928 200.16725689836332 186.82956511819145 174.19035887718672 162.41279170096365 151.6976853883302 142.28527562775076 134.44943523494973 128.47895032792772 124.64216697701211 123.13869403964064
52.25108183520702 150.82731595697203 124.7611357080118 150.53835478344863 111.31678989648074 83.64453649026609 94.30994075329089 138.71567570790543 93.69859515895006 126.8973285361681 146.02560858979052 162.87647107569316 67.95362803829462 133.2134430316413 145.27451449784556 112.82417072996044 88.03410426048323 159.2116667845789 134.43249323633702 122.05257684088154 61.584922294750136 141.65393013894786 117.80976243248183 137.01038870152365 142.38631923951243 99.35198636235631 90.59995411317153 138.2904165649514 95.11405782422331 103.48046947574267 147.15779824700755 111.54517678416893 96.65041954910403 125.37653252202163 155.5803047220596 105.31274113625177 92.34279876413014 152.07951041050563 132.92773093732126 125.912400378079 14.273158122067928 22.408696249837586 37.40707011768865 53.806511913383886 70.6378450696884 87.65262226642709 104.76149973408344 121.92487057658218 139.12256792443495 156.34326448173894 0.0 17.301930585891526 34.60386117178588 51.90579175767881 69.20772234357318 86.50965292946472 103.81158351535905 121.11351410125201 138.4154446871464 155.7173752730379 14.273158122068015 22.408696249837647 37.40707011768868 53.80651191338391 70.63784506968842 87.65262226642712 104.76149973408346 121.92487057658218 139.12256792443495 156.34326448173894 28.546265673844484 33.32454629578924 44.775786817273854 59.14326996153928 74.7642379461877 90.99541618573292 107.5609123011695 124.32716332434738 141.22268522556516 158.2060672066715 42.81927208470929 46.09203098851991 54.901413176263894 67.10111479027503 81.17671237833649 96.3092012631054 112.07127398225848 128.2309761503434 144.6551092252998 161.2628989977158 57.09212678338561 59.531378942721375 66.53688297022902 76.87018986724787 89.38452306236499 103.29016126255169 118.09665296475117 133.50460308943212 149.32794857896513 165.44754752783285 71.36477919761118 73.27369589248786 79.01788325789705 87.84819750085569 98.94177226103011 111.62585433518223 125.41880631391945 139.99325398315926 155.12908787799913 170.67702016178032 85.63717875381009 87.17567152292219 92.0007966031164 99.63620323462446 109.49555681927447 121.03659975118872 133.8249511211058 147.53661969733062 161.93723569767505 176.85858758355545 99.90927487676399 101.17135464497507 105.29998731114185 111.9785523529857 120.78480690065687 131.29130778391456 143.12410681130984 155.98165574589768 169.63109512657363 183.89617848724092 114.18101698928432 115.2264421594825 118.80913609608828 124.71061775837812 132.6216990433975 142.20738885534763 153.15357437457604 165.19002013158308 178.09581035141815 191.69544095224427
36.60342597295629 134.26571072217945 117.86416517518408 133.3266490893434 99.11503567382545 75.03769950515566 89.41953677026629 122.75232820573957 89.81715582227294 112.65851041872708 128.92724343704347 148.52793423775503 56.301733224608896 116.10958986841463 128.13245659782422 100.60504500124313 79.53762384672557 143.32318709044364 120.51720799653629 120.11063330731282 44.42647806318985 125.02615679403148 108.38775800212252 119.76428434055671 125.94577942944042 87.11419375805713 85.6826532828914 122.87483771295834 83.72620932038241 88.97574002245369 130.1133817448525 97.09137444920447 82.00240150940617 108.09749487357189 138.59132344055854 90.69406213747851 83.9661072285904 136.3267548142857 117.64778850407289 120.97649463208191 22.408696249837586 14.207970976844209 22.36729358692858 37.382319577436505 53.78933372916444 70.62478064038352 87.64211013773217 104.75271791069079 121.91733659048562 139.1159754459505 17.301930585891526 0.0 17.301930585894358 34.603861171787294 51.905791757681655 69.20772234357318 86.50965292946755 103.81158351536045 121.11351410125484 138.4154446871464 22.408696249837647 14.2079709768443 22.367293586928636 37.38231957743654 53.78933372916446 70.62478064038355 87.64211013773219 104.7527179106908 121.91733659048563 139.1159754459505 33.32454629578924 28.41589145188701 33.21310015797062 44.693028439595835 59.08073454154055 74.71485281147864 90.95490586570996 107.5266953135818 124.2976071474099 141.19670574564753 46.09203098851991 42.623710923003614 45.910683032947325 54.749480104682306 66.97704829501926 81.07434302022625 96.22306306231295 111.99737186592345 128.16649099984352 144.59803662487263 59.531378942721375 56.83137888742419 59.281733258792286 66.31394947173088 76.67759526240974 89.21919670112588 103.14734232407135 117.97195056614484 133.39447415491765 149.22964876983932 73.27369589248786 71.03884484141027 72.9567627867381 78.72451834995566 87.58481110058176 98.70834450154607 111.41931701935894 125.23529824831508 139.82912586542542 154.98121738761475 87.17567152292219 85.24605827993233 86.79205653358018 91.6379265400875 99.3017419871183 109.19175893876688 120.76225550741349 133.5772524273012 147.31232213009892 161.7332248175481 101.17135464497507 99.45296869634662 100.72143736281777 104.8684313143103 111.57344131909122 120.40989456069457 130.94700296815208 142.808814297948 155.69284592137058 169.36597082716054 115.2264421594825 113.65952558207304 114.71047309544922 118.30954153956465 124.23547279089719 132.17567052112574 141.79214771073427 152.7686765082055 164.83377683176522 177.76594031953786
23.41277294368775 117.91686978778726 113.2132277288426 116.14175403948002 88.62753132656826 69.73947804459502 87.7269511104067 107.20508677976491 89.18234614846199 99.39637270406234 111.89147096777138 134.87411228723894 48.17445587329827 99.07453854215362 111.03999381098299 90.06743241027854 74.16974714688295 127.80224217734272 107.58896377301039 120.64385497485878 27.44876379818304 108.60916533115181 101.07097340812271 102.53698883465533 109.77030496461727 76.84816682652583 84.10327752857907 108.0319793720213 74.64692751698077 75.65617783230418 113.14714957098508 83.72479364201858 68.60165233686314 90.82717278663891 121.69054380910083 77.19295671203092 78.56275501116258 120.99787951420076 103.00931670235559 118.38638879317665 37.40707011768865 22.36729358692858 14.142679045357772 22.32593871086207 37.35762744908348 53.77220228408961 70.61175375868221 87.63162910611061 104.7439625524921 121.90982562150107 34.60386117178588 17.301930585894358 0.0 17.30193058589294 34.603861171787294 51.90579175767881 69.20772234357318 86.50965292946613 103.81158351536045 121.11351410125201 37.40707011768868 22.367293586928636 14.142679045357863 22.325938710862125 37.357627449083516 53.77220228408964 70.61175375868223 87.63162910611062 104.7439625524921 121.90982562150108 44.775786817273854 33.21310015797062 28.285307659750725 33.101614870394855 44.610367124196046 59.01832319843226 74.66558619315678 90.91450225411435 107.49257345829832 124.26813608951501 54.901413176263894 45.910683032947325 42.427835411896304 45.72916325868473 54.59758493127564 66.85312963224918 80.9721579069341 96.13711314358697 111.92365006478563 128.1021745191834 66.53688297022902 59.281733258792286 56.57021186987815 59.031785623947705 66.09094058166346 76.48510318955854 89.05407044356677 103.00476583438706 117.8475030519945 133.28459789126939 79.01788325789705 72.9567627867381 70.71238660082815 72.63940405889038 78.43094699154645 87.32143431284678 98.47507986826085 111.21303358559587 125.05209051654312 139.66531732684285 92.0007966031164 86.79205653358018 84.85430917060965 86.40789719813736 91.27471619995752 98.96717204233032 108.88804650517935 120.48813387897015 133.32986290736216 147.0883832338711 105.29998731114185 100.72143736281777 98.99592914349992 100.27086045082548 104.43640337546883 111.16809195962593 120.03496330103546 130.60285442225617 142.49380398588204 155.40440208216705 118.80913609608828 114.71047309544922 113.13719608187365 114.19373152052135 117.80934674961343 123.75995606704565 131.7295029601542 141.37697073266273 152.38400321007532 164.47787599089247
18.847200981259572 101.88326925250321 111.09078037719281 98.99763271348682 80.52685732499152 68.52170340530975 89.41397043950816 92.28449675932663 91.86149840074162 87.55586103237124 94.9519872845123 122.1481951585645 45.50136995115952 82.15110095546818 94.02417741146765 81.86327262753251 72.62752141650326 112.80064842205132 96.04716729796947 123.62021696527935 11.483496719271546 92.51523473349422 96.34026607747606 85.33989359719627 93.99683715267432 69.43407784324081 86.04582696307746 94.03343972461559 68.7963732895681 64.2629936912424 96.30043419368715 72.05306862364316 57.329592265699006 73.57170422566412 104.92059748315557 65.5041405010193 76.76321006384565 106.27645926353397 89.32823302542843 118.29626774948343 53.806511913383886 37.382319577436505 22.32593871086207 14.077282809149589 22.284633111075745 37.33299457768667 53.755118128485634 70.59876482977717 87.6211794919814 104.73523392444575 51.90579175767881 34.603861171787294 17.30193058589294 0.0 17.301930585894358 34.60386117178588 51.90579175768023 69.20772234357318 86.50965292946755 103.81158351535905 53.80651191338391 37.38231957743654 22.325938710862125 14.077282809149676 22.2846331110758 37.332994577686705 53.75511812848564 70.59876482977721 87.62117949198141 104.73523392444578 59.14326996153928 44.693028439595835 33.101614870394855 28.154515260517506 32.99009334170509 44.52780585696479 58.95603817035245 74.61643978080363 90.8742066860023 107.45854783303135 67.10111479027503 54.749480104682306 45.72916325868473 42.231646996009964 45.54747499837952 54.445732472907146 66.72936329135099 80.87016075705712 96.05135455130669 111.85011111233615 76.87018986724787 66.31394947173088 59.031785623947705 56.30862765691056 58.78153960680257 65.86786214636372 76.2927201247144 88.88915028958837 102.86243701635752 117.72331490759555 87.84819750085569 78.72451834995566 72.63940405889038 70.38540688356808 72.32162352930075 78.13717556457814 87.05807502950596 98.24198642871605 111.00701155135837 124.86918985687117 99.63620323462446 91.6379265400875 86.40789719813736 84.46193431508505 86.023197631842 90.91117228259327 98.63250221358238 108.58442923205774 120.21424450247636 133.08279160334783 111.9785523529857 104.8684313143103 100.27086045082548 98.5381595890061 99.81962835737642 104.00391043647421 110.76251368043131 119.66002405528081 130.25887357651285 142.1790870736468 124.71061775837812 118.30954153956465 114.19373152052135 112.61403234100696 113.67622224583015 117.30855889652355 123.28407739231154 131.2832081702865 140.96187078836718 151.9995675746296
27.586009800383163 86.34070995251986 111.64112633263709 81.91988837853548 75.5843675754685 71.59290094668783 94.29938510926924 78.3493919075949 97.58203498325072 77.78887872597994 78.17141384283994 110.67074363083695 49.18002206538589 65.4259463976473 77.13574768504304 76.74460341299803 75.14685644161871 98.55584962357133 86.4489276079959 128.87055183796045 10.44127107490162 76.94734221849109 94.58446855468189 68.1958494582286 78.86695115448332 65.84249401696053 91.28573937705158 81.31643992258466 67.025440674117 55.984887734603284 79.64910934052706 63.02496232269799 49.6576297407959 56.34473743580937 88.35601226939895 56.75854541575472 78.8147130698915 92.45312822587478 77.11578181030204 120.71173095182344 70.6378450696884 53.78933372916444 37.35762744908348 22.284633111075745 14.01178275052985 22.2433782840141 37.30842180802645 53.73808181168163 70.58581425790776 87.610761614905 69.20772234357318 51.905791757681655 34.603861171787294 17.301930585894358 0.0 17.301930585891526 34.60386117178588 51.90579175767881 69.20772234357318 86.50965292946472 70.63784506968842 53.78933372916446 37.357627449083516 22.2846331110758 14.01178275052994 22.243378284014153 37.30842180802649 53.73808181168165 70.58581425790777 87.610761614905 74.7642379461877 59.08073454154055 44.610367124196046 32.99009334170509 28.023515218807503 32.87853850979462 44.4453476378259 58.89388169840737 74.56741526337021 90.83402049468407 81.17671237833649 66.97704829501926 54.59758493127564 45.54747499837952 42.035147122274246 45.365621619723186 54.29392758643591 66.60575378273762 80.76835529731473 95.96579033166796 89.38452306236499 76.67759526240974 66.09094058166346 58.78153960680257 56.04662817775995 58.53099880974778 65.64472007111259 76.10045259133219 88.72444226713382 102.72036110685431 98.94177226103011 87.58481110058176 78.43094699154645 72.32162352930075 70.0579081011764 72.0034250495372 77.8432105189824 86.79474121408228 98.00907230488815 110.80125846913936 109.49555681927447 99.3017419871183 91.27471619995752 86.023197631842 84.06893660721158 85.63796197877353 90.54730155861827 98.29774140324655 108.2809169137085 119.94059707589551 120.78480690065687 111.57344131909122 104.43640337546883 99.81962835737642 98.07966340902357 99.36774555776108 103.57095950941113 110.35671598699412 119.2850878599569 129.91507194977265 132.6216990433975 124.23547279089719 117.80934674961343 113.67622224583015 112.09003821793499 113.15795010794827 116.80718521880998 122.80784667728938 130.8367980809361 140.54686085849903
42.01750578678175 71.60964394110775 114.82584092758898 64.96089222471342 74.43188109056871 78.45096355702603 101.92431367186039 66.02671612500676 105.85200448388473 70.95689863615463 61.679586851123865 100.86883518793819 58.01446291582797 49.102112061297156 60.48151060178782 75.34294010980189 81.35128081103055 85.4471809824322 79.50132918423728 136.13200581678922 26.17026878583016 62.301085417439616 95.96700546275756 51.15821939569515 64.83279742027219 66.69384755729526 99.30240137225186 70.57715928780848 69.64603324715358 52.32191829254244 63.34744221086995 57.89079895522234 47.36856372959873 39.18388238221685 72.13839363652873 52.44971621364572 84.43703101011054 79.99482622566755 67.17775743601314 125.48817525521324 87.65262226642709 70.62478064038352 53.77220228408961 37.33299457768667 22.2433782840141 13.946179352574479 22.202175733148056 37.28390998456543 53.7210938820184 70.5729024463457 86.50965292946472 69.20772234357318 51.90579175767881 34.60386117178588 17.301930585891526 0.0 17.301930585894358 34.603861171787294 51.905791757681655 69.20772234357318 87.65262226642712 70.62478064038355 53.77220228408964 37.332994577686705 22.243378284014153 13.94617935257457 22.202175733148113 37.28390998456546 53.72109388201844 70.57290244634572 90.99541618573292 74.71485281147864 59.01832319843226 44.52780585696479 32.87853850979462 27.892308500772188 32.76695334225433 44.36299548072217 58.831856026611874 74.51851432910472 96.3092012631054 81.07434302022625 66.85312963224918 54.445732472907146 45.365621619723186 41.838337239915404 45.18360652613236 54.14217516910069 66.48230563785576 80.66674526242345 103.29016126255169 89.21919670112588 76.48510318955854 65.86786214636372 58.53099880974778 55.78421536472615 58.28016686964763 65.42152032100176 75.90830716065877 88.55995243216363 111.62585433518223 98.70834450154607 87.32143431284678 78.13717556457814 72.0034250495372 69.7298926690251 71.68481250302489 77.5490583739056 86.53144090262502 97.77634567348795 121.03659975118872 109.19175893876688 98.96717204233032 90.91117228259327 85.63796197877353 83.6753189454315 85.2521944124223 90.18311087076557 97.96289860407573 107.9775194259776 131.29130778391456 120.40989456069457 111.16809195962593 104.00391043647421 99.36774555776108 97.62044398506242 98.91521655470022 103.13755767799654 109.95070848613678 118.9101658558116 142.20738885534763 132.17567052112574 123.75995606704565 117.30855889652355 113.15795010794827 111.56521757723316 112.6389199693526 116.30523302460782 122.33127393960902 130.39028474289293
58.04020634282496 58.30839806211133 120.43612187424479 48.24603095526278 77.23923648882646 88.21708728201635 111.72928517483822 56.383760359049816 116.12801037276026 67.95104291469917 45.789566116496324 93.27221896341506 70.08127195276987 33.76673257488666 44.32622924602385 77.85928858820088 90.48590739154182 74.08024037024774 75.93544046587662 145.10296231037475 43.12144683205222 49.40307649358606 100.3582592760395 34.38554964540532 52.77586859236851 71.83033493437496 109.48756299817441 62.83791706508984 76.20644150091209 54.21769817761601 47.754864398473686 57.699574364728626 51.18968708996526 22.24269021881645 56.566956549249944 53.65736838849191 92.98467641274809 69.63806219543964 60.64284859269697 132.37026622756792 104.76149973408344 87.64211013773217 70.61175375868221 53.755118128485634 37.30842180802645 22.202175733148056 13.88047309912148 22.161026968940636 37.25945995141218 53.70415488679707 103.81158351535905 86.50965292946755 69.20772234357318 51.90579175768023 34.60386117178588 17.301930585894358 0.0 17.30193058589294 34.603861171787294 51.90579175767881 104.76149973408346 87.64211013773219 70.61175375868223 53.75511812848564 37.30842180802649 22.202175733148113 13.880473099121566 22.161026968940693 37.25945995141222 53.70415488679709 107.5609123011695 90.95490586570996 74.66558619315678 58.95603817035245 44.4453476378259 32.76695334225433 27.76089607408702 32.65534083679149 44.28075241360249 58.76996340177346 112.07127398225848 96.22306306231295 80.9721579069341 66.72936329135099 54.29392758643591 45.18360652613236 41.64121880044532 45.00143315742027 53.99048015890904 66.35902340914055 118.09665296475117 103.14734232407135 89.05407044356677 76.2927201247144 65.64472007111259 58.28016686964763 55.52139115315591 58.02904745853643 65.19826892181642 75.71629045204709 125.41880631391945 111.41931701935894 98.47507986826085 87.05807502950596 77.8432105189824 71.68481250302489 69.40136300629368 71.36578980569396 77.25472571892789 86.26818220453976 133.8249511211058 120.76225550741349 108.88804650517935 98.63250221358238 90.54730155861827 85.2521944124223 83.2810842327543 84.86589913627347 89.81860713526466 97.62798290052261 143.12410681130984 130.94700296815208 120.03496330103546 110.76251368043131 103.57095950941113 98.91521655470022 97.1605047039591 98.46204587886672 102.7037120990221 109.54450088771144 153.15357437457604 141.79214771073427 131.7295029601542 123.28407739231154 116.80718521880998 112.6389199693526 111.03957428956102 112.11913671889099 115.80270969310546 121.854369305881
74.63626609099651 47.649792579189665 128.15380685009652 32.15826588744204 83.608497258104 100.04322007054719 123.1948715483165 50.964995657398084 127.92754734706126 69.27119142139729 31.42783376659044 88.45093697019573 83.99877905966818 21.635131655736732 29.5013219102104 83.9420320109483 101.76470740528212 65.37001852337195 76.22733377722744 155.48781019710265 60.27228855251409 39.98261676159361 107.38977555466482 18.608646414310098 44.33957642497663 80.43517366545039 121.29618630375788 59.285484106027106 85.80772130091913 61.15745776462733 33.86541799474076 62.496677594666686 59.964071702341855 7.267140124761572 42.360395590500254 60.049594770943145 103.73703543672015 62.43751572091992 58.65966057068838 141.05012493794362 121.92487057658218 104.75271791069079 87.63162910611061 70.59876482977717 53.73808181168163 37.28390998456543 22.161026968940636 13.814664474767438 22.119933508868602 37.23507255229009 121.11351410125201 103.81158351536045 86.50965292946613 69.20772234357318 51.90579175767881 34.603861171787294 17.30193058589294 0.0 17.301930585894358 34.60386117178588 121.92487057658218 104.7527179106908 87.63162910611062 70.59876482977721 53.73808181168165 37.28390998456546 22.161026968940693 13.814664474767527 22.119933508868655 37.23507255229012 124.32716332434738 107.5266953135818 90.91450225411435 74.61643978080363 58.89388169840737 44.36299548072217 32.65534083679149 27.629278907944528 32.543704021694175 44.19862147841121 128.2309761503434 111.99737186592345 96.13711314358697 80.87016075705712 66.60575378273762 54.14217516910069 45.00143315742027 41.44379325765109 44.8191049905128 53.83884753503221 133.50460308943212 117.97195056614484 103.00476583438706 88.88915028958837 76.10045259133219 65.42152032100176 58.02904745853643 55.25815748142887 57.777644284356164 64.97497196093585 139.99325398315926 125.23529824831508 111.21303358559587 98.24198642871605 86.79474121408228 77.5490583739056 71.36578980569396 69.07232153595157 71.0463609066642 76.96021921531099 147.53661969733062 133.5772524273012 120.48813387897015 108.58442923205774 98.29774140324655 90.18311087076557 84.86589913627347 82.88623537673591 84.47908038442338 89.45379734326467 155.98165574589768 142.808814297948 130.60285442225617 119.66002405528081 110.35671598699412 103.13755767799654 98.46204587886672 96.6998489578519 98.00823808943697 102.26943000383685 165.19002013158308 152.7686765082055 141.37697073266273 131.2832081702865 122.80784667728938 116.30523302460782 112.11913671889099 110.51311223163442 111.59860527227565 115.29962267602032
91.49421174899929 41.71140671657242 137.6248161407495 18.42121615142269 92.80920430405021 113.28604443268522 135.90141775144707 51.13153911940272 140.86828806884466 74.68830328274207 21.85050444541664 86.86832664516173 98.98943641716517 19.86649158314041 19.35337982184378 92.89319878289206 114.5560980457948 60.47555426245871 80.33496891243944 167.02302641090142 77.49033320178104 36.813886951342305 116.58480691389231 10.43601948114184 41.77809015511821 91.53540156214204 134.30071481206804 60.659952415336114 97.55613703195866 71.69107801787506 24.736952549093335 71.2820179925164 71.90061419740823 14.47752778661327 31.42762257199843 70.22460167295021 116.08307209083655 59.5493342719338 61.66889955776742 151.21849496287953 139.12256792443495 121.91733659048562 104.7439625524921 87.6211794919814 70.58581425790776 53.7210938820184 37.25945995141218 22.119933508868602 13.748753964863916 22.07889687738994 138.4154446871464 121.11351410125484 103.81158351536045 86.50965292946755 69.20772234357318 51.905791757681655 34.603861171787294 17.301930585894358 0.0 17.301930585891526 139.12256792443495 121.91733659048563 104.7439625524921 87.62117949198141 70.58581425790777 53.72109388201844 37.25945995141222 22.119933508868655 13.748753964864003 22.078896877389994 141.22268522556516 124.2976071474099 107.49257345829832 90.8742066860023 74.56741526337021 58.831856026611874 44.28075241360249 32.543704021694175 27.497457973046995 32.432045956267096 144.6551092252998 128.16649099984352 111.92365006478563 96.05135455130669 80.76835529731473 66.48230563785576 53.99048015890904 44.8191049905128 41.246062067584084 44.63662554015552 149.32794857896513 133.39447415491765 117.8475030519945 102.86243701635752 88.72444226713382 75.90830716065877 65.19826892181642 57.777644284356164 54.994516290943 57.525961091693986 155.12908787799913 139.82912586542542 125.05209051654312 111.00701155135837 98.00907230488815 86.53144090262502 77.25472571892789 71.0463609066642 68.74277068474011 70.72652978893316 161.93723569767505 147.31232213009892 133.32986290736216 120.21424450247636 108.2809169137085 97.96289860407573 89.81860713526466 84.47908038442338 82.4907752894568 84.09174242220126 169.63109512657363 155.69284592137058 142.49380398588204 130.25887357651285 119.2850878599569 109.95070848613678 102.7037120990221 98.00823808943697 96.2384801441555 97.55379777464749 178.09581035141815 164.83377683176522 152.38400321007532 140.96187078836718 130.8367980809361 122.33127393960902 115.80270969310546 111.59860527227565 109.9858352861965 111.07733057258164
108.49203314052174 42.51923608109444 148.514089814451 15.596182923181937 104.09323908073642 127.50490355763766 149.53290633701 56.83431149671657 154.66404375754678 83.40790305460249 23.788480256714937 88.69791767643494 114.63300394852048 30.331302757562014 21.85155709361237 103.9745822064117 128.40884398805423 60.33276090348592 87.72396231761181 179.48695318420175 94.73894708080856 41.35966459163184 127.47603748323955 21.685303044497708 46.08171702623564 104.33759986716159 148.186632365165 66.65723835477722 110.77060187156582 84.48483222976877 25.993805610261816 82.795621972576 85.68785996114138 31.06605420434929 27.923065933167116 82.79937032437462 129.56801828132166 61.583270738793864 69.02062929711077 162.59635235956878 156.34326448173894 139.1159754459505 121.90982562150107 104.73523392444575 87.610761614905 70.5729024463457 53.70415488679707 37.23507255229009 22.07889687738994 13.682742055513897 155.7173752730379 138.4154446871464 121.11351410125201 103.81158351535905 86.50965292946472 69.20772234357318 51.90579175767881 34.60386117178588 17.301930585891526 0.0 156.34326448173894 139.1159754459505 121.90982562150108 104.73523392444578 87.610761614905 70.57290244634572 53.70415488679709 37.23507255229012 22.078896877389994 13.682742055513986 158.2060672066715 141.19670574564753 124.26813608951501 107.45854783303135 90.83402049468407 74.51851432910472 58.76996340177346 44.19862147841121 32.432045956267096 27.365434241599417 161.2628989977158 144.59803662487263 128.1021745191834 111.85011111233615 95.96579033166796 80.66674526242345 66.35902340914055 53.83884753503221 44.63662554015552 41.048026688549356 165.44754752783285 149.22964876983932 133.28459789126939 117.72331490759555 102.72036110685431 88.55995243216363 75.71629045204709 64.97497196093585 57.525961091693986 54.73046952610052 170.67702016178032 154.98121738761475 139.66531732684285 124.86918985687117 110.80125846913936 97.77634567348795 86.26818220453976 76.96021921531099 70.72652978893316 68.41271288315473 176.85858758355545 161.7332248175481 147.0883832338711 133.08279160334783 119.94059707589551 107.9775194259776 97.62798290052261 89.45379734326467 84.09174242220126 82.09470688750085 183.89617848724092 169.36597082716054 155.40440208216705 142.1790870736468 129.91507194977265 118.9101658558116 109.54450088771144 102.26943000383685 97.55379777464749 95.77640166553627 191.69544095224427 177.76594031953786 164.47787599089247 151.9995675746296 140.54686085849903 130.39028474289293 121.854369305881 115.29962267602032 111.07733057258164 109.45774734198928
58.83946784401604 147.54441186497874 112.24117012167774 152.54474585247414 102.31538390592105 72.41872210120076 81.19074351063651 134.17375101007121 80.25185065219468 119.84776422784746 144.6387128881592 155.70850732300312 59.33313921755817 135.93407488687117 147.74588360224038 103.82120955703215 76.672386113968 154.39391261600093 126.93410585925929 108.04417315731281 61.654449861026436 138.6081302516225 106.67312254710961 136.6553573064155 138.8499665481084 90.53856092257699 77.52131418757621 132.7869453918833 85.63892613826447 97.03419650027907 145.507278847896 104.92699713390854 90.49725997607244 125.4804492178043 158.72710747962356 98.98964783509274 80.85101965856589 147.05394375602015 127.25273694138906 112.63280547862568 28.546265673844395 33.32454629578916 44.77578681727379 59.143269961539225 74.76423794618766 90.9954161857329 107.56091230116948 124.32716332434735 141.22268522556516 158.2060672066715 14.273158122068015 22.408696249837647 37.40707011768868 53.80651191338391 70.63784506968842 87.65262226642712 104.76149973408346 121.92487057658218 139.12256792443495 156.34326448173894 0.0 17.301930585891526 34.60386117178588 51.90579175767881 69.20772234357318 86.50965292946472 103.81158351535905 121.11351410125201 138.4154446871464 155.7173752730379 14.273158122068015 22.408696249837647 37.40707011768868 53.80651191338391 70.63784506968842 87.65262226642712 104.76149973408346 121.92487057658218 139.12256792443495 156.34326448173894 28.546265673844395 33.32454629578916 44.77578681727379 59.143269961539225 74.76423794618766 90.9954161857329 107.56091230116948 124.32716332434735 141.22268522556516 158.2060672066715 42.8192720847092 46.092030988519824 54.90141317626382 67.10111479027498 81.17671237833643 96.30920126310535 112.07127398225846 128.2309761503434 144.65510922529978 161.26289899771575 57.09212678338551 59.53137894272129 66.53688297022894 76.8701898672478 89.38452306236493 103.29016126255163 118.09665296475113 133.5046030894321 149.32794857896513 165.44754752783282 71.36477919761118 73.27369589248786 79.01788325789705 87.84819750085569 98.94177226103011 111.62585433518223 125.41880631391945 139.99325398315926 155.12908787799913 170.67702016178032 85.63717875381 87.1756715229221 92.00079660311631 99.63620323462439 109.49555681927438 121.03659975118865 133.82495112110578 147.5366196973306 161.937235697675 176.8585875835554 99.90927487676389 101.17135464497497 105.29998731114176 111.97855235298562 120.7848069006568 131.29130778391448 143.1241068113098 155.9816557458976 169.63109512657357 183.89617848724086
45.47935078981312 130.5842555944199 104.58619768541203 135.57768680797196 88.93594900877522 62.343646175962085 75.52449481798246 117.6196100183739 75.75449703063441 104.69223006868607 127.36153990321313 140.66773906429023 45.58101432125723 119.20709344589658 130.91511290781435 90.44254426166289 66.80899942627153 137.97677836678724 112.13183559699924 105.91507584622705 44.522368418031036 121.58055676867285 96.22557075331287 119.35983147993895 121.95223986960755 76.96074073118203 71.78279350009689 116.67560733577398 72.83718785184917 81.42498446905206 128.25232236371605 89.44631897075624 74.68678516784014 108.21745302956428 142.09884231341508 83.30369052584226 71.19764030025611 130.72322926921208 111.22610340492358 107.15415000845259 33.32454629578916 28.41589145188692 33.21310015797055 44.693028439595786 59.08073454154051 74.71485281147861 90.95490586570992 107.5266953135818 124.29760714740988 141.1967057456475 22.408696249837647 14.2079709768443 22.367293586928636 37.38231957743654 53.78933372916446 70.62478064038355 87.64211013773219 104.7527179106908 121.91733659048563 139.1159754459505 17.301930585891526 0.0 17.301930585894358 34.603861171787294 51.905791757681655 69.20772234357318 86.50965292946755 103.81158351536045 121.11351410125484 138.4154446871464 22.408696249837647 14.2079709768443 22.367293586928636 37.38231957743654 53.78933372916446 70.62478064038355 87.64211013773219 104.7527179106908 121.91733659048563 139.1159754459505 33.32454629578916 28.41589145188692 33.21310015797055 44.693028439595786 59.08073454154051 74.71485281147861 90.95490586570992 107.5266953135818 124.29760714740988 141.1967057456475 46.092030988519824 42.62371092300352 45.91068303294724 54.74948010468224 66.9770482950192 81.0743430202262 96.2230630623129 111.99737186592343 128.1664909998435 144.59803662487258 59.53137894272129 56.831378887424094 59.2817332587922 66.3139494717308 76.67759526240967 89.21919670112584 103.1473423240713 117.9719505661448 133.39447415491762 149.2296487698393 73.27369589248786 71.03884484141027 72.9567627867381 78.72451834995566 87.58481110058176 98.70834450154607 111.41931701935894 125.23529824831508 139.82912586542542 154.98121738761475 87.1756715229221 85.24605827993223 86.7920565335801 91.63792654008742 99.30174198711823 109.19175893876681 120.76225550741341 133.57725242730115 147.3123221300989 161.73322481754803 101.17135464497497 99.45296869634652 100.72143736281768 104.86843131431021 111.57344131909113 120.40989456069447 130.947002968152 142.80881429794795 155.69284592137055 169.36597082716045
35.68428326519895 113.72709459324851 99.38376448966774 118.70732302409623 77.13276829704085 55.92573843535397 73.58429713292745 101.31563011651475 75.07205977963432 90.31134341809492 110.09214219038066 126.20766098163826 35.121860442797114 102.67082321015783 114.22519840170577 78.61017218462531 60.38979042060186 121.8047850161902 98.15052087606166 106.58856306488423 27.602984112027627 104.64301598251623 87.96730952272057 102.06647640595664 105.18599796630362 65.17193192634002 69.96194877619868 100.95902790346283 62.25099194564296 66.65678726449336 111.01198715502507 74.76842677445417 59.709177065251076 90.96925001540455 125.65258637645485 68.40150384024501 64.80752174514225 114.67766243630012 95.64484737135848 104.29062933876078 44.77578681727379 33.21310015797055 28.285307659750636 33.101614870394776 44.610367124195996 59.01832319843222 74.66558619315674 90.91450225411432 107.4925734582983 124.268136089515 37.40707011768868 22.367293586928636 14.142679045357863 22.325938710862125 37.357627449083516 53.77220228408964 70.61175375868223 87.63162910611062 104.7439625524921 121.90982562150108 34.60386117178588 17.301930585894358 0.0 17.30193058589294 34.603861171787294 51.90579175767881 69.20772234357318 86.50965292946613 103.81158351536045 121.11351410125201 37.40707011768868 22.367293586928636 14.142679045357863 22.325938710862125 37.357627449083516 53.77220228408964 70.61175375868223 87.63162910611062 104.7439625524921 121.90982562150108 44.77578681727379 33.21310015797055 28.285307659750636 33.101614870394776 44.610367124195996 59.01832319843222 74.66558619315674 90.91450225411432 107.4925734582983 124.268136089515 54.90141317626382 45.91068303294724 42.42783541189621 45.72916325868464 54.59758493127556 66.85312963224911 80.97215790693406 96.13711314358693 111.92365006478559 128.10217451918336 66.53688297022894 59.2817332587922 56.57021186987806 59.03178562394762 66.09094058166339 76.48510318955847 89.05407044356672 103.00476583438699 117.84750305199445 133.28459789126933 79.01788325789705 72.9567627867381 70.71238660082815 72.63940405889038 78.43094699154645 87.32143431284678 98.47507986826085 111.21303358559587 125.05209051654312 139.66531732684285 92.00079660311631 86.7920565335801 84.85430917060957 86.40789719813726 91.27471619995745 98.96717204233026 108.88804650517929 120.48813387897007 133.3298629073621 147.08838323387104 105.29998731114176 100.72143736281768 98.99592914349984 100.27086045082541 104.43640337546876 111.16809195962584 120.03496330103538 130.60285442225612 142.49380398588198 155.404402082167
32.818792602298224 97.0266261350598 97.02917068749825 101.9816533764853 67.73492851833116 54.473344985946774 75.65735412365741 85.40520004918017 78.30434566936867 77.13957305099535 92.8348589841264 112.55230732752274 31.43517222279399 86.4347913055673 97.74831767526041 69.12278661462715 58.558585541824 105.99020287931718 85.39435468754642 110.013175607943 11.845738249820174 87.84759985998595 82.55795726655006 84.77662051280497 88.62589512899086 56.30724913815208 72.35515638216752 85.85427636973212 55.17078812617146 53.43157183282723 93.794336177636 61.47109664292747 46.37848536329281 73.74622065157462 109.47040274912402 54.924793998905116 62.68668160991495 99.05590920509918 80.76714251186542 104.25794637256885 59.143269961539225 44.693028439595786 33.101614870394776 28.15451526051742 32.99009334170501 44.52780585696473 58.9560381703524 74.61643978080359 90.87420668600227 107.45854783303132 53.80651191338391 37.38231957743654 22.325938710862125 14.077282809149676 22.2846331110758 37.332994577686705 53.75511812848564 70.59876482977721 87.62117949198141 104.73523392444578 51.90579175767881 34.603861171787294 17.30193058589294 0.0 17.301930585894358 34.60386117178588 51.90579175768023 69.20772234357318 86.50965292946755 103.81158351535905 53.80651191338391 37.38231957743654 22.325938710862125 14.077282809149676 22.2846331110758 37.332994577686705 53.75511812848564 70.59876482977721 87.62117949198141 104.73523392444578 59.143269961539225 44.693028439595786 33.101614870394776 28.15451526051742 32.99009334170501 44.52780585696473 58.9560381703524 74.61643978080359 90.87420668600227 107.45854783303132 67.10111479027498 54.74948010468224 45.72916325868464 42.23164699600987 45.547474998379435 54.44573247290707 66.72936329135094 80.87016075705709 96.05135455130664 111.85011111233612 76.8701898672478 66.3139494717308 59.03178562394762 56.30862765691047 58.78153960680249 65.86786214636365 76.29272012471435 88.8891502895883 102.86243701635748 117.72331490759551 87.84819750085569 78.72451834995566 72.63940405889038 70.38540688356808 72.32162352930075 78.13717556457814 87.05807502950596 98.24198642871605 111.00701155135837 124.86918985687117 99.63620323462439 91.63792654008742 86.40789719813726 84.46193431508496 86.02319763184191 90.91117228259318 98.6325022135823 108.58442923205767 120.21424450247629 133.0827916033478 111.97855235298562 104.86843131431021 100.27086045082541 98.53815958900601 99.81962835737633 104.00391043647413 110.76251368043123 119.66002405528074 130.2588735765128 142.1790870736467
38.46409462652311 80.5803339088989 97.72847439206377 85.48565036253231 61.84878992338559 58.358388444091666 81.43775944098032 70.15658578970384 85.0059585775187 65.90590245639818 75.59798713016797 100.03178193545442 36.626544768876876 70.70612955134926 81.61360035646473 63.04803873399017 61.72508295029142 90.7201396026423 74.49538071293496 115.94539397678359 10.836587928661364 71.29482313599048 80.57336257826752 67.49295303847752 72.41349437141051 51.88769023105988 78.57832129900883 71.7488098488542 53.02023695738933 43.190795734809235 76.61466447352689 50.6535114089207 36.54381090053586 56.57136180339418 93.68922473805898 44.19736032828677 65.25273568152812 84.09449048953329 67.06287737207708 107.05869374268252 74.76423794618766 59.08073454154051 44.610367124195996 32.99009334170501 28.023515218807418 32.878538509794545 44.44534763782584 58.89388169840732 74.56741526337018 90.83402049468404 70.63784506968842 53.78933372916446 37.357627449083516 22.2846331110758 14.01178275052994 22.243378284014153 37.30842180802649 53.73808181168165 70.58581425790777 87.610761614905 69.20772234357318 51.905791757681655 34.603861171787294 17.301930585894358 0.0 17.301930585891526 34.60386117178588 51.90579175767881 69.20772234357318 86.50965292946472 70.63784506968842 53.78933372916446 37.357627449083516 22.2846331110758 14.01178275052994 22.243378284014153 37.30842180802649 53.73808181168165 70.58581425790777 87.610761614905 74.76423794618766 59.08073454154051 44.610367124195996 32.99009334170501 28.023515218807418 32.878538509794545 44.44534763782584 58.89388169840732 74.56741526337018 90.83402049468404 81.17671237833643 66.9770482950192 54.59758493127556 45.547474998379435 42.03514712227416 45.36562161972311 54.293927586435835 66.60575378273758 80.76835529731468 95.96579033166792 89.38452306236493 76.67759526240967 66.09094058166339 58.78153960680249 56.04662817775985 58.53099880974769 65.64472007111253 76.10045259133211 88.72444226713377 102.72036110685427 98.94177226103011 87.58481110058176 78.43094699154645 72.32162352930075 70.0579081011764 72.0034250495372 77.8432105189824 86.79474121408228 98.00907230488815 110.80125846913936 109.49555681927438 99.30174198711823 91.27471619995745 86.02319763184191 84.0689366072115 85.63796197877345 90.5473015586182 98.29774140324648 108.28091691370844 119.94059707589545 120.7848069006568 111.57344131909113 104.43640337546876 99.81962835737633 98.07966340902348 99.36774555776098 103.57095950941104 110.35671598699405 119.28508785995683 129.91507194977257
49.805706046861054 64.58269230900723 101.41852331879731 69.38331872415121 60.50802232853764 66.65400800385011 90.2156808633169 56.11195869636919 94.44120651592733 57.75258863908784 58.39960289818986 89.12564293426284 47.89098316004538 55.91465606676342 66.07219093127377 61.407213318447454 69.2066511302532 76.32212996583708 66.37486386993352 124.02591868948791 26.32973797146319 55.20338584254824 82.26177053892249 50.22186355339446 56.84706507161952 53.03639304382225 87.8209886393195 59.359330746769324 56.36643497607927 38.401343616243125 59.50587561145167 44.176522374962474 33.44614263971982 39.50754606491857 78.55111536604633 38.58479908178267 72.00634182255064 70.21678438143556 55.409669413910116 112.48141597507133 90.9954161857329 74.71485281147861 59.01832319843222 44.52780585696473 32.878538509794545 27.8923085007721 32.76695334225426 44.36299548072211 58.83185602661183 74.51851432910468 87.65262226642712 70.62478064038355 53.77220228408964 37.332994577686705 22.243378284014153 13.94617935257457 22.202175733148113 37.28390998456546 53.72109388201844 70.57290244634572 86.50965292946472 69.20772234357318 51.90579175767881 34.60386117178588 17.301930585891526 0.0 17.301930585894358 34.603861171787294 51.905791757681655 69.20772234357318 87.65262226642712 70.62478064038355 53.77220228408964 37.332994577686705 22.243378284014153 13.94617935257457 22.202175733148113 37.28390998456546 53.72109388201844 70.57290244634572 90.9954161857329 74.71485281147861 59.01832319843222 44.52780585696473 32.878538509794545 27.8923085007721 32.76695334225426 44.36299548072211 58.83185602661183 74.51851432910468 96.30920126310535 81.0743430202262 66.85312963224911 54.44573247290707 45.36562161972311 41.83833723991531 45.18360652613228 54.142175169100625 66.4823056378557 80.6667452624234 103.29016126255163 89.21919670112584 76.48510318955847 65.86786214636365 58.53099880974769 55.784215364726066 58.28016686964755 65.42152032100168 75.9083071606587 88.55995243216357 111.62585433518223 98.70834450154607 87.32143431284678 78.13717556457814 72.0034250495372 69.7298926690251 71.68481250302489 77.5490583739056 86.53144090262502 97.77634567348795 121.03659975118865 109.19175893876681 98.96717204233026 90.91117228259318 85.63796197877345 83.6753189454314 85.25219441242221 90.18311087076549 97.96289860407566 107.97751942597753 131.29130778391448 120.40989456069447 111.16809195962584 104.00391043647413 99.36774555776098 97.62044398506234 98.91521655470012 103.13755767799645 109.95070848613668 118.91016585581153
63.87830998066404 49.47088010403164 107.79260855673257 54.02779954164942 63.998940575477796 77.9648071720022 101.21421078678753 44.428192994757765 105.88180218409781 54.09098148862004 41.28783021917519 80.49279706329675 62.00239924082924 43.03776445087741 51.66234182071372 64.53938028376324 79.79869689932038 63.39317380951195 62.13194211735649 133.8662809422607 43.21795814025519 40.13211692247369 87.41059840218026 32.98311677718748 42.6400423079805 59.4313559852332 99.24308065036779 49.97871614061026 64.35762780819232 41.01936048422165 42.55355165785134 44.00064153867814 38.73689367556293 22.80540987876466 64.5103848846545 40.28490010455994 81.91825985282263 58.20320938908883 47.346986589222766 120.17168752582924 107.56091230116948 90.95490586570992 74.66558619315674 58.9560381703524 44.44534763782584 32.76695334225426 27.76089607408694 32.65534083679141 44.280752413602436 58.76996340177343 104.76149973408346 87.64211013773219 70.61175375868223 53.75511812848564 37.30842180802649 22.202175733148113 13.880473099121566 22.161026968940693 37.25945995141222 53.70415488679709 103.81158351535905 86.50965292946755 69.20772234357318 51.90579175768023 34.60386117178588 17.301930585894358 0.0 17.30193058589294 34.603861171787294 51.90579175767881 104.76149973408346 87.64211013773219 70.61175375868223 53.75511812848564 37.30842180802649 22.202175733148113 13.880473099121566 22.161026968940693 37.25945995141222 53.70415488679709 107.56091230116948 90.95490586570992 74.66558619315674 58.9560381703524 44.44534763782584 32.76695334225426 27.76089607408694 32.65534083679141 44.280752413602436 58.76996340177343 112.07127398225846 96.2230630623129 80.97215790693406 66.72936329135094 54.293927586435835 45.18360652613228 41.64121880044524 45.001433157420195 53.99048015890897 66.3590234091405 118.09665296475113 103.1473423240713 89.05407044356672 76.29272012471435 65.64472007111253 58.28016686964755 55.52139115315582 58.029047458536354 65.19826892181635 75.71629045204703 125.41880631391945 111.41931701935894 98.47507986826085 87.05807502950596 77.8432105189824 71.68481250302489 69.40136300629368 71.36578980569396 77.25472571892789 86.26818220453976 133.82495112110578 120.76225550741341 108.88804650517929 98.6325022135823 90.5473015586182 85.25219441242221 83.28108423275421 84.86589913627338 89.81860713526457 97.62798290052254 143.1241068113098 130.947002968152 120.03496330103538 110.76251368043123 103.57095950941104 98.91521655470012 97.16050470395902 98.46204587886662 102.70371209902201 109.54450088771137
79.23999601737376 36.36649158354123 116.41066733032547 40.282391145324816 71.61845921917376 91.17546064993452 113.79125993192702 37.38828428603755 118.74955422975363 55.812241760297695 24.445236238608818 74.92321302136013 77.41936135349128 34.30390610108739 39.637976828482664 71.82278515732634 92.43808881328788 53.01909673949336 62.56060086214791 145.10889835801382 60.34104780688817 27.793359038141173 95.46155361914413 15.882378617223635 31.677553084803183 69.64203945071952 112.18084333711772 45.50733430896204 75.53365688513976 49.8920741721217 26.06479218477821 50.19215275383399 49.81121899311097 8.834056106586166 52.455761650515186 48.53520401458555 93.99459355504611 49.43211156540548 44.85472712063729 129.7268689751605 124.32716332434735 107.5266953135818 90.91450225411432 74.61643978080359 58.89388169840732 44.36299548072211 32.65534083679141 27.629278907944446 32.543704021694104 44.198621478411155 121.92487057658218 104.7527179106908 87.63162910611062 70.59876482977721 53.73808181168165 37.28390998456546 22.161026968940693 13.814664474767527 22.119933508868655 37.23507255229012 121.11351410125201 103.81158351536045 86.50965292946613 69.20772234357318 51.90579175767881 34.603861171787294 17.30193058589294 0.0 17.301930585894358 34.60386117178588 121.92487057658218 104.7527179106908 87.63162910611062 70.59876482977721 53.73808181168165 37.28390998456546 22.161026968940693 13.814664474767527 22.119933508868655 37.23507255229012 124.32716332434735 107.5266953135818 90.91450225411432 74.61643978080359 58.89388169840732 44.36299548072211 32.65534083679141 27.629278907944446 32.543704021694104 44.198621478411155 128.2309761503434 111.99737186592343 96.13711314358693 80.87016075705709 66.60575378273758 54.142175169100625 45.001433157420195 41.443793257651 44.81910499051272 53.83884753503213 133.5046030894321 117.9719505661448 103.00476583438699 88.8891502895883 76.10045259133211 65.42152032100168 58.029047458536354 55.25815748142878 57.77764428435607 64.97497196093578 139.99325398315926 125.23529824831508 111.21303358559587 98.24198642871605 86.79474121408228 77.5490583739056 71.36578980569396 69.07232153595157 71.0463609066642 76.96021921531099 147.5366196973306 133.57725242730115 120.48813387897007 108.58442923205767 98.29774140324648 90.18311087076549 84.86589913627338 82.88623537673583 84.47908038442331 89.4537973432646 155.9816557458976 142.80881429794795 130.60285442225612 119.66002405528074 110.35671598699405 103.13755767799645 98.46204587886662 96.69984895785183 98.0082380894369 102.26943000383677
95.26921750101502 28.22030016505295 126.81603959186926 30.414612547977537 82.22675163450862 105.57517314567357 127.48047767416051 37.69098454541271 132.6297224434927 62.473015376337074 9.44285816534302 73.1202614860128 93.49826880869648 33.16587369100988 32.7421646883489 82.16074749164662 106.39767511639938 46.92609000260298 67.57199272344776 157.45368250111636 77.54357185158891 23.088217824995013 105.75389075961195 3.9150291679489526 28.06191888538874 82.25959968760466 126.16886981143159 47.35679859617471 88.6987158178335 62.40638255388189 12.110125148225201 60.83709687221866 63.72186653941593 15.320172281683547 44.04916846519931 60.72203287966246 107.50841931241075 45.8056439845406 48.79405376212872 140.76770614166702 141.22268522556516 124.29760714740988 107.4925734582983 90.87420668600227 74.56741526337018 58.83185602661183 44.280752413602436 32.543704021694104 27.497457973046906 32.43204595626702 139.12256792443495 121.91733659048563 104.7439625524921 87.62117949198141 70.58581425790777 53.72109388201844 37.25945995141222 22.119933508868655 13.748753964864003 22.078896877389994 138.4154446871464 121.11351410125484 103.81158351536045 86.50965292946755 69.20772234357318 51.905791757681655 34.603861171787294 17.301930585894358 0.0 17.301930585891526 139.12256792443495 121.91733659048563 104.7439625524921 87.62117949198141 70.58581425790777 53.72109388201844 37.25945995141222 22.119933508868655 13.748753964864003 22.078896877389994 141.22268522556516 124.29760714740988 107.4925734582983 90.87420668600227 74.56741526337018 58.83185602661183 44.280752413602436 32.543704021694104 27.497457973046906 32.43204595626702 144.65510922529978 128.1664909998435 111.92365006478559 96.05135455130664 80.76835529731468 66.4823056378557 53.99048015890897 44.81910499051272 41.24606206758399 44.636625540155435 149.32794857896513 133.39447415491762 117.84750305199445 102.86243701635748 88.72444226713377 75.9083071606587 65.19826892181635 57.77764428435607 54.994516290942904 57.52596109169391 155.12908787799913 139.82912586542542 125.05209051654312 111.00701155135837 98.00907230488815 86.53144090262502 77.25472571892789 71.0463609066642 68.74277068474011 70.72652978893316 161.937235697675 147.3123221300989 133.3298629073621 120.21424450247629 108.28091691370844 97.96289860407566 89.81860713526457 84.47908038442331 82.49077528945672 84.0917424222012 169.63109512657357 155.69284592137055 142.49380398588198 130.2588735765128 119.28508785995683 109.95070848613668 102.70371209902201 98.0082380894369 96.23848014415542 97.5537977746474
111.6789102252845 29.478108355463974 138.60678102725313 28.74258136485818 94.8259950899482 120.73925971694187 141.96048928393773 45.18897957715824 147.2362590187015 72.72859298788237 13.396973946267106 75.35479248301692 109.94909633557513 40.272829309852234 34.22919786814079 94.55664698482828 121.22222175217337 46.816603863240665 76.26804371627739 170.66162551300846 94.78228927924322 29.872592720073953 117.70108022707701 19.41953915191747 34.20796653271528 96.3429827217509 140.89469595831127 54.89188245232193 103.09360238480062 76.80234689922595 14.582523002213861 74.03888795109228 78.98419553688363 31.465665638539082 41.56629276774152 74.94912221796528 121.98291320189007 48.49209919457576 57.866022426532865 152.9728543111709 158.2060672066715 141.1967057456475 124.268136089515 107.45854783303132 90.83402049468404 74.51851432910468 58.76996340177343 44.198621478411155 32.43204595626702 27.365434241599328 156.34326448173894 139.1159754459505 121.90982562150108 104.73523392444578 87.610761614905 70.57290244634572 53.70415488679709 37.23507255229012 22.078896877389994 13.682742055513986 155.7173752730379 138.4154446871464 121.11351410125201 103.81158351535905 86.50965292946472 69.20772234357318 51.90579175767881 34.60386117178588 17.301930585891526 0.0 156.34326448173894 139.1159754459505 121.90982562150108 104.73523392444578 87.610761614905 70.57290244634572 53.70415488679709 37.23507255229012 22.078896877389994 13.682742055513986 158.2060672066715 141.1967057456475 124.268136089515 107.45854783303132 90.83402049468404 74.51851432910468 58.76996340177343 44.198621478411155 32.43204595626702 27.365434241599328 161.26289899771575 144.59803662487258 128.10217451918336 111.85011111233612 95.96579033166792 80.6667452624234 66.3590234091405 53.83884753503213 44.636625540155435 41.048026688549264 165.44754752783282 149.2296487698393 133.28459789126933 117.72331490759551 102.72036110685427 88.55995243216357 75.71629045204703 64.97497196093578 57.52596109169391 54.73046952610043 170.67702016178032 154.98121738761475 139.66531732684285 124.86918985687117 110.80125846913936 97.77634567348795 86.26818220453976 76.96021921531099 70.72652978893316 68.41271288315473 176.8585875835554 161.73322481754803 147.08838323387104 133.0827916033478 119.94059707589545 107.97751942597753 97.62798290052254 89.4537973432646 84.0917424222012 82.09470688750076 183.89617848724086 169.36597082716045 155.404402082167 142.1790870736467 129.91507194977257 118.91016585581153 109.54450088771137 102.26943000383677 97.5537977746474 95.77640166553617
67.79506268580619 145.53908221727994 100.16072408125193 155.7859493362339 94.57269584323294 62.40854366616309 68.50739765936986 130.98346510332195 67.12396785280112 114.10499970577348 144.5997524377926 149.5130197128989 53.152370445613506 140.01260066685577 151.47570470799695 96.05631265881539 66.40345802731427 150.72538934100874 120.61477821968931 94.10289782678744 64.88986399363453 136.93533735632656 96.32801741003045 137.7324560929819 136.66576329072612 83.20504679099815 64.92001632699255 128.58650341255355 77.59876367227935 92.30873154616192 145.193301692104 99.87073667865333 86.23564585362551 127.14301542996934 163.01613781280113 94.36490668645946 70.34580066443424 143.22677997993014 122.9281735822437 99.60489848833602 42.81927208470929 46.09203098851991 54.901413176263894 67.10111479027503 81.17671237833649 96.3092012631054 112.07127398225848 128.2309761503434 144.6551092252998 161.2628989977158 28.546265673844484 33.32454629578924 44.775786817273854 59.14326996153928 74.7642379461877 90.99541618573292 107.5609123011695 124.32716332434738 141.22268522556516 158.2060672066715 14.273158122068015 22.408696249837647 37.40707011768868 53.80651191338391 70.63784506968842 87.65262226642712 104.76149973408346 121.92487057658218 139.12256792443495 156.34326448173894 0.0 17.301930585891526 34.60386117178588 51.90579175767881 69.20772234357318 86.50965292946472 103.81158351535905 121.11351410125201 138.4154446871464 155.7173752730379 14.273158122067928 22.408696249837586 37.40707011768865 53.806511913383886 70.6378450696884 87.65262226642709 104.76149973408344 121.92487057658218 139.12256792443495 156.34326448173894 28.546265673844303 33.32454629578909 44.77578681727373 59.1432699615392 74.76423794618765 90.99541618573286 107.56091230116945 124.32716332434734 141.22268522556513 158.2060672066715 42.819272084709105 46.092030988519745 54.90141317626376 67.10111479027492 81.17671237833639 96.3092012631053 112.07127398225842 128.23097615034334 144.65510922529975 161.26289899771575 57.09212678338551 59.53137894272129 66.53688297022894 76.8701898672478 89.38452306236493 103.29016126255163 118.09665296475113 133.5046030894321 149.32794857896513 165.44754752783282 71.3647791976111 73.2736958924878 79.01788325789697 87.84819750085562 98.94177226103004 111.62585433518218 125.41880631391939 139.99325398315924 155.1290878779991 170.6770201617803 85.6371787538099 87.175671522922 92.00079660311623 99.6362032346243 109.49555681927431 121.0365997511886 133.8249511211057 147.53661969733054 161.93723569767496 176.85858758355536
56.54443313702587 128.32464433042367 91.56472720863196 139.19801544526717 79.95084906567888 50.43071171131417 61.75722088881698 113.98387246530392 61.748303634844454 98.09730961504826 127.31749553089061 133.80989290319079 37.223128664193325 123.81690930954315 135.09141824072702 81.45508095370414 54.78070365182241 133.8782588615462 104.95891187230386 91.72072542417492 48.88549501906718 119.67881216118298 84.66936714741341 120.58589065408916 119.47102451645559 68.2248886584771 58.017478259669694 111.89434983590354 63.23609251083967 75.7587701377509 127.89762886021674 83.48577911378139 69.48666250707738 110.13217171824687 146.85270453622653 77.77778933540162 59.05939366765257 126.42272434027132 106.27455497848709 93.4325449725666 46.09203098851991 42.623710923003614 45.910683032947325 54.749480104682306 66.97704829501926 81.07434302022625 96.22306306231295 111.99737186592345 128.16649099984352 144.59803662487263 33.32454629578924 28.41589145188701 33.21310015797062 44.693028439595835 59.08073454154055 74.71485281147864 90.95490586570996 107.5266953135818 124.2976071474099 141.19670574564753 22.408696249837647 14.2079709768443 22.367293586928636 37.38231957743654 53.78933372916446 70.62478064038355 87.64211013773219 104.7527179106908 121.91733659048563 139.1159754459505 17.301930585891526 0.0 17.301930585894358 34.603861171787294 51.905791757681655 69.20772234357318 86.50965292946755 103.81158351536045 121.11351410125484 138.4154446871464 22.408696249837586 14.207970976844209 22.36729358692858 37.382319577436505 53.78933372916444 70.62478064038352 87.64211013773217 104.75271791069079 121.91733659048562 139.1159754459505 33.32454629578909 28.41589145188683 33.21310015797047 44.69302843959573 59.08073454154047 74.71485281147856 90.9549058657099 107.52669531358175 124.29760714740986 141.1967057456475 46.092030988519745 42.623710923003436 45.91068303294716 54.74948010468216 66.97704829501915 81.07434302022615 96.22306306231287 111.99737186592338 128.16649099984343 144.59803662487258 59.53137894272129 56.831378887424094 59.2817332587922 66.3139494717308 76.67759526240967 89.21919670112584 103.1473423240713 117.9719505661448 133.39447415491762 149.2296487698393 73.2736958924878 71.03884484141018 72.95676278673801 78.72451834995559 87.58481110058169 98.708344501546 111.41931701935887 125.23529824831503 139.8291258654254 154.9812173876147 87.175671522922 85.24605827993213 86.79205653358 91.63792654008734 99.30174198711816 109.19175893876672 120.76225550741337 133.5772524273011 147.3123221300988 161.733224817548
48.95996487857614 111.13737854599894 85.64290828227936 122.80723914008429 66.62570631695284 42.313032156931904 59.44191587007928 97.0911391180849 60.98175494078962 82.61306818793621 110.04142097276943 118.55263847578898 23.337957522518497 107.96494234117222 118.96720836508618 68.13037345158796 46.8095679058854 117.16373951488478 89.9084199262462 92.56727223755388 34.17016472607229 102.43760405911443 75.21574534897466 103.4910466291066 102.31242913053863 54.63421722934879 55.822444767135416 95.41965676773152 50.74194327252732 59.63716348667443 110.60391321214725 67.55957342551304 53.09348047856672 93.22851189111226 130.98042258583214 61.58525878872493 51.24640748465258 109.77344173760424 89.86620662904646 90.20431844982808 54.901413176263894 45.910683032947325 42.427835411896304 45.72916325868473 54.59758493127564 66.85312963224918 80.9721579069341 96.13711314358697 111.92365006478563 128.1021745191834 44.775786817273854 33.21310015797062 28.285307659750725 33.101614870394855 44.610367124196046 59.01832319843226 74.66558619315678 90.91450225411435 107.49257345829832 124.26813608951501 37.40707011768868 22.367293586928636 14.142679045357863 22.325938710862125 37.357627449083516 53.77220228408964 70.61175375868223 87.63162910611062 104.7439625524921 121.90982562150108 34.60386117178588 17.301930585894358 0.0 17.30193058589294 34.603861171787294 51.90579175767881 69.20772234357318 86.50965292946613 103.81158351536045 121.11351410125201 37.40707011768865 22.36729358692858 14.142679045357772 22.32593871086207 37.35762744908348 53.77220228408961 70.61175375868221 87.63162910611061 104.7439625524921 121.90982562150107 44.77578681727373 33.21310015797047 28.285307659750547 33.1016148703947 44.61036712419594 59.018323198432185 74.66558619315671 90.9145022541143 107.49257345829828 124.26813608951497 54.90141317626376 45.91068303294716 42.427835411896126 45.72916325868456 54.5975849312755 66.85312963224905 80.97215790693402 96.13711314358689 111.92365006478558 128.10217451918334 66.53688297022894 59.2817332587922 56.57021186987806 59.03178562394762 66.09094058166339 76.48510318955847 89.05407044356672 103.00476583438699 117.84750305199445 133.28459789126933 79.01788325789697 72.95676278673801 70.71238660082807 72.63940405889029 78.43094699154636 87.32143431284672 98.47507986826078 111.21303358559582 125.05209051654306 139.66531732684282 92.00079660311623 86.79205653358 84.85430917060948 86.40789719813718 91.27471619995735 98.96717204233018 108.88804650517922 120.48813387897002 133.32986290736204 147.08838323387099
46.85708325353747 93.99219199129067 82.96985030477794 106.70451468838809 55.53858322815585 40.45039360009131 62.059847125928115 80.37267240639297 64.98762468311558 68.0107462333383 92.77498256224057 103.93779397674079 17.391703347159005 92.63332865213391 103.22502249395275 56.9848043101018 44.49774941391666 100.6479208734608 75.8246470612283 96.55765443935009 23.32638102198463 85.22101003912375 68.8811061485441 86.47860188569902 85.21181386764911 43.74776098286072 58.86392094008628 79.2980767575656 41.82573796922388 44.41285813342919 93.31324292715095 52.511198676514105 37.525335770590615 76.50311705326581 115.51936634837845 46.20405147306932 48.61150656270713 93.36177133883507 73.86675865688058 90.2367531771038 67.10111479027503 54.749480104682306 45.72916325868473 42.231646996009964 45.54747499837952 54.445732472907146 66.72936329135099 80.87016075705712 96.05135455130669 111.85011111233615 59.14326996153928 44.693028439595835 33.101614870394855 28.154515260517506 32.99009334170509 44.52780585696479 58.95603817035245 74.61643978080363 90.8742066860023 107.45854783303135 53.80651191338391 37.38231957743654 22.325938710862125 14.077282809149676 22.2846331110758 37.332994577686705 53.75511812848564 70.59876482977721 87.62117949198141 104.73523392444578 51.90579175767881 34.603861171787294 17.30193058589294 0.0 17.301930585894358 34.60386117178588 51.90579175768023 69.20772234357318 86.50965292946755 103.81158351535905 53.806511913383886 37.382319577436505 22.32593871086207 14.077282809149589 22.284633111075745 37.33299457768667 53.755118128485634 70.59876482977717 87.6211794919814 104.73523392444575 59.1432699615392 44.69302843959573 33.1016148703947 28.154515260517325 32.99009334170494 44.52780585696468 58.95603817035236 74.61643978080357 90.87420668600224 107.45854783303132 67.10111479027492 54.74948010468216 45.72916325868456 42.23164699600978 45.54747499837936 54.445732472907004 66.72936329135088 80.87016075705704 96.05135455130662 111.85011111233608 76.8701898672478 66.3139494717308 59.03178562394762 56.30862765691047 58.78153960680249 65.86786214636365 76.29272012471435 88.8891502895883 102.86243701635748 117.72331490759551 87.84819750085562 78.72451834995559 72.63940405889029 70.38540688356798 72.32162352930065 78.13717556457807 87.0580750295059 98.24198642871599 111.00701155135833 124.86918985687113 99.6362032346243 91.63792654008734 86.40789719813718 84.46193431508487 86.02319763184182 90.91117228259311 98.63250221358223 108.58442923205759 120.21424450247625 133.08279160334774
50.91951678051857 76.91722874827319 83.85680789650934 91.04281362764311 48.257504294544695 45.615585494302394 69.05218404090989 63.96526171098396 72.98427077511893 54.99736227542861 75.52478962180702 90.27789441972496 25.670889340509433 78.12900510445266 88.06995566442669 49.512529930809144 48.65868533687496 84.44746623254568 63.35560406667831 103.32828120128872 22.78928050203864 68.04771532148786 66.56197894349955 69.60899783819501 68.21279867526684 37.9676458156738 66.42646558067959 63.797866458575555 39.02237877030877 31.418519210192567 76.02769581732248 39.36070869955467 24.415071830753472 60.104989108596385 100.65920490679996 32.796270082205524 51.948675161740375 77.339128127997 58.61202826839426 93.52645684987249 81.17671237833649 66.97704829501926 54.59758493127564 45.54747499837952 42.035147122274246 45.365621619723186 54.29392758643591 66.60575378273762 80.76835529731473 95.96579033166796 74.7642379461877 59.08073454154055 44.610367124196046 32.99009334170509 28.023515218807503 32.87853850979462 44.4453476378259 58.89388169840737 74.56741526337021 90.83402049468407 70.63784506968842 53.78933372916446 37.357627449083516 22.2846331110758 14.01178275052994 22.243378284014153 37.30842180802649 53.73808181168165 70.58581425790777 87.610761614905 69.20772234357318 51.905791757681655 34.603861171787294 17.301930585894358 0.0 17.301930585891526 34.60386117178588 51.90579175767881 69.20772234357318 86.50965292946472 70.6378450696884 53.78933372916444 37.35762744908348 22.284633111075745 14.01178275052985 22.2433782840141 37.30842180802645 53.73808181168163 70.58581425790776 87.610761614905 74.76423794618765 59.08073454154047 44.61036712419594 32.99009334170494 28.02351521880733 32.878538509794474 44.44534763782578 58.89388169840729 74.56741526337014 90.83402049468403 81.17671237833639 66.97704829501915 54.5975849312755 45.54747499837936 42.03514712227407 45.36562161972302 54.29392758643577 66.60575378273752 80.76835529731464 95.96579033166789 89.38452306236493 76.67759526240967 66.09094058166339 58.78153960680249 56.04662817775985 58.53099880974769 65.64472007111253 76.10045259133211 88.72444226713377 102.72036110685427 98.94177226103004 87.58481110058169 78.43094699154636 72.32162352930065 70.0579081011763 72.00342504953711 77.84321051898233 86.79474121408221 98.0090723048881 110.80125846913931 109.49555681927431 99.30174198711816 91.27471619995735 86.02319763184182 84.0689366072114 85.63796197877336 90.5473015586181 98.2977414032464 108.28091691370837 119.94059707589538
59.90585092682389 59.9724993564848 88.19644126597187 76.09493649733524 46.60195514732707 55.89306381864939 79.26966537539248 48.18769555950032 83.83741224136399 44.97403470523193 58.30526308743747 78.07578179145871 40.177480059964395 65.00809456754254 73.86428184210733 47.480689552760055 57.91363841899706 68.78556235216864 53.63944787102942 112.3777517327224 33.06499538879108 50.961512443616556 68.66643370929404 53.01875819202295 51.41625420147183 39.59702394888986 77.19253696399703 49.506153753161016 43.52936792280405 24.504191766068583 58.75179397237354 30.656388732993555 19.56405869850989 44.39824118271837 86.70943255524595 24.80094708759427 60.27398379347595 62.00781956557825 44.86814642675287 99.75168463538878 96.3092012631054 81.07434302022625 66.85312963224918 54.445732472907146 45.365621619723186 41.838337239915404 45.18360652613236 54.14217516910069 66.48230563785576 80.66674526242345 90.99541618573292 74.71485281147864 59.01832319843226 44.52780585696479 32.87853850979462 27.892308500772188 32.76695334225433 44.36299548072217 58.831856026611874 74.51851432910472 87.65262226642712 70.62478064038355 53.77220228408964 37.332994577686705 22.243378284014153 13.94617935257457 22.202175733148113 37.28390998456546 53.72109388201844 70.57290244634572 86.50965292946472 69.20772234357318 51.90579175767881 34.60386117178588 17.301930585891526 0.0 17.301930585894358 34.603861171787294 51.905791757681655 69.20772234357318 87.65262226642709 70.62478064038352 53.77220228408961 37.33299457768667 22.2433782840141 13.946179352574479 22.202175733148056 37.28390998456543 53.7210938820184 70.5729024463457 90.99541618573286 74.71485281147856 59.018323198432185 44.52780585696468 32.878538509794474 27.892308500772014 32.76695334225418 44.362995480722056 58.83185602661179 74.51851432910465 96.3092012631053 81.07434302022615 66.85312963224905 54.445732472907004 45.36562161972302 41.83833723991523 45.183606526132195 54.142175169100554 66.48230563785566 80.66674526242335 103.29016126255163 89.21919670112584 76.48510318955847 65.86786214636365 58.53099880974769 55.784215364726066 58.28016686964755 65.42152032100168 75.9083071606587 88.55995243216357 111.62585433518218 98.708344501546 87.32143431284672 78.13717556457807 72.00342504953711 69.72989266902502 71.6848125030248 77.54905837390552 86.53144090262495 97.7763456734879 121.0365997511886 109.19175893876672 98.96717204233018 90.91117228259311 85.63796197877336 83.67531894543131 85.25219441242213 90.18311087076542 97.96289860407559 107.97751942597746
71.99533046829984 43.31112971969464 95.51931806456217 62.37619575593627 51.1214312735236 69.03617292017016 91.63979380572422 33.930286802948906 96.58889736355748 40.240817890935155 41.154914144719335 68.11940591026111 56.286564814442954 54.2832049481394 61.2719380553632 51.53681890698042 70.27812797342919 54.131701259915566 48.36476512763413 123.20493819446465 47.60197363923929 34.09359356677032 74.82214255566319 37.08472737789667 35.11394454668267 47.88541658457608 90.01998938235015 37.818771289169455 53.53103620554267 28.504353383863723 41.49758543126319 30.480687802626218 27.714992431408984 30.471449457243104 74.18540615691542 27.446116445668157 71.8744974522816 48.034437549181575 34.49116050022112 108.40790097403763 112.07127398225848 96.22306306231295 80.9721579069341 66.72936329135099 54.29392758643591 45.18360652613236 41.64121880044532 45.00143315742027 53.99048015890904 66.35902340914055 107.5609123011695 90.95490586570996 74.66558619315678 58.95603817035245 44.4453476378259 32.76695334225433 27.76089607408702 32.65534083679149 44.28075241360249 58.76996340177346 104.76149973408346 87.64211013773219 70.61175375868223 53.75511812848564 37.30842180802649 22.202175733148113 13.880473099121566 22.161026968940693 37.25945995141222 53.70415488679709 103.81158351535905 86.50965292946755 69.20772234357318 51.90579175768023 34.60386117178588 17.301930585894358 0.0 17.30193058589294 34.603861171787294 51.90579175767881 104.76149973408344 87.64211013773217 70.61175375868221 53.755118128485634 37.30842180802645 22.202175733148056 13.88047309912148 22.161026968940636 37.25945995141218 53.70415488679707 107.56091230116945 90.9549058657099 74.66558619315671 58.95603817035236 44.44534763782578 32.76695334225418 27.760896074086844 32.65534083679133 44.280752413602386 58.76996340177338 112.07127398225842 96.22306306231287 80.97215790693402 66.72936329135088 54.29392758643577 45.183606526132195 41.64121880044515 45.00143315742011 53.99048015890891 66.35902340914045 118.09665296475113 103.1473423240713 89.05407044356672 76.29272012471435 65.64472007111253 58.28016686964755 55.52139115315582 58.029047458536354 65.19826892181635 75.71629045204703 125.41880631391939 111.41931701935887 98.47507986826078 87.0580750295059 77.84321051898233 71.6848125030248 69.4013630062936 71.36578980569388 77.2547257189278 86.26818220453967 133.8249511211057 120.76225550741337 108.88804650517922 98.63250221358223 90.5473015586181 85.25219441242213 83.28108423275413 84.86589913627328 89.81860713526449 97.62798290052245
85.88740938525702 27.453959895219576 105.20431476301344 50.89052193432266 60.446358503984236 83.70577880375384 105.40740012230717 24.066278968095745 110.58396804195 42.59916358191063 24.221139756706872 61.50914971584549 72.94406749993284 47.60234636194286 51.490502754767355 60.46795918535286 84.39635613064817 41.56605625693638 48.98788605911313 135.38399768058153 63.539855434558724 18.066091878056096 84.14462986719032 23.20080674168612 20.51973731990971 60.13990834997079 104.14992801532914 31.754816514797845 66.59612557245873 40.289596579351816 24.31130264406272 38.94919595639915 41.85929969118868 22.01195019728808 63.93060230131045 38.60313880792092 85.42619993848355 36.99125910052852 31.06185159342679 118.96563095357662 128.2309761503434 111.99737186592345 96.13711314358697 80.87016075705712 66.60575378273762 54.14217516910069 45.00143315742027 41.44379325765109 44.8191049905128 53.83884753503221 124.32716332434738 107.5266953135818 90.91450225411435 74.61643978080363 58.89388169840737 44.36299548072217 32.65534083679149 27.629278907944528 32.543704021694175 44.19862147841121 121.92487057658218 104.7527179106908 87.63162910611062 70.59876482977721 53.73808181168165 37.28390998456546 22.161026968940693 13.814664474767527 22.119933508868655 37.23507255229012 121.11351410125201 103.81158351536045 86.50965292946613 69.20772234357318 51.90579175767881 34.603861171787294 17.30193058589294 0.0 17.301930585894358 34.60386117178588 121.92487057658218 104.75271791069079 87.63162910611061 70.59876482977717 53.73808181168163 37.28390998456543 22.161026968940636 13.814664474767438 22.119933508868602 37.23507255229009 124.32716332434734 107.52669531358175 90.9145022541143 74.61643978080357 58.89388169840729 44.362995480722056 32.65534083679133 27.629278907944357 32.543704021694026 44.198621478411106 128.23097615034334 111.99737186592338 96.13711314358689 80.87016075705704 66.60575378273752 54.142175169100554 45.00143315742011 41.44379325765091 44.81910499051264 53.838847535032066 133.5046030894321 117.9719505661448 103.00476583438699 88.8891502895883 76.10045259133211 65.42152032100168 58.029047458536354 55.25815748142878 57.77764428435607 64.97497196093578 139.99325398315924 125.23529824831503 111.21303358559582 98.24198642871599 86.79474121408221 77.54905837390552 71.36578980569388 69.0723215359515 71.04636090666413 76.96021921531091 147.53661969733054 133.5772524273011 120.48813387897002 108.58442923205759 98.2977414032464 90.18311087076542 84.86589913627328 82.88623537673574 84.47908038442321 89.4537973432645
100.83982060697949 15.175590534471926 116.66462795142455 43.446583731501775 72.75181637774276 99.22714993336365 120.09281587017685 24.613375751181383 125.40697098964183 51.076019203664636 8.849500678653083 59.37334262185156 89.84547132944836 46.73332299906761 46.335694392102056 72.494186217025 99.52476317360603 33.525235905971265 55.309834495959805 148.58286974157605 80.0461736930833 9.43967218154061 95.71298905913658 17.32021958730758 14.416752417584874 74.4265454667338 119.11974989112387 34.42653031674578 81.26021279638853 55.070098112943825 7.664386071398792 51.99727666244127 57.74939729756512 25.283472437869644 57.17926167840004 53.15849913272463 100.14005131728149 32.06412114579932 36.58887780546334 130.96581099820594 144.6551092252998 128.16649099984352 111.92365006478563 96.05135455130669 80.76835529731473 66.48230563785576 53.99048015890904 44.8191049905128 41.246062067584084 44.63662554015552 141.22268522556516 124.2976071474099 107.49257345829832 90.8742066860023 74.56741526337021 58.831856026611874 44.28075241360249 32.543704021694175 27.497457973046995 32.432045956267096 139.12256792443495 121.91733659048563 104.7439625524921 87.62117949198141 70.58581425790777 53.72109388201844 37.25945995141222 22.119933508868655 13.748753964864003 22.078896877389994 138.4154446871464 121.11351410125484 103.81158351536045 86.50965292946755 69.20772234357318 51.905791757681655 34.603861171787294 17.301930585894358 0.0 17.301930585891526 139.12256792443495 121.91733659048562 104.7439625524921 87.6211794919814 70.58581425790776 53.7210938820184 37.25945995141218 22.119933508868602 13.748753964863916 22.07889687738994 141.22268522556513 124.29760714740986 107.49257345829828 90.87420668600224 74.56741526337014 58.83185602661179 44.280752413602386 32.543704021694026 27.497457973046817 32.43204595626695 144.65510922529975 128.16649099984343 111.92365006478558 96.05135455130662 80.76835529731464 66.48230563785566 53.99048015890891 44.81910499051264 41.24606206758391 44.63662554015536 149.32794857896513 133.39447415491762 117.84750305199445 102.86243701635748 88.72444226713377 75.9083071606587 65.19826892181635 57.77764428435607 54.994516290942904 57.52596109169391 155.1290878779991 139.8291258654254 125.05209051654306 111.00701155135833 98.0090723048881 86.53144090262495 77.2547257189278 71.04636090666413 68.74277068474002 70.72652978893308 161.93723569767496 147.3123221300988 133.32986290736204 120.21424450247625 108.28091691370837 97.96289860407559 89.81860713526449 84.47908038442321 82.49077528945665 84.0917424222011
116.44481352277643 17.481128682837845 129.4295284451727 42.238265146836405 86.77899702628405 115.2566822683438 135.3977292181812 35.08791544143838 140.79665567038174 63.25769853475063 12.987575281897932 62.17482133136718 106.87512612155219 51.96851582995795 47.34368485543387 86.33158486068719 115.26628275899402 33.449279674039516 65.70574510700878 162.55332617936568 96.8306665115638 21.226029486054546 108.8132603758225 25.69853544384945 24.35854046130637 89.78039542490664 134.64962091840493 44.27993129057312 96.7993107642506 70.9992288881944 11.18748092405583 67.0007691959788 74.27312137125737 37.31880642662057 55.23144623512188 68.99391582285497 115.57303366010079 35.868803098421665 48.07662859007094 144.0483942955611 161.2628989977158 144.59803662487263 128.1021745191834 111.85011111233615 95.96579033166796 80.66674526242345 66.35902340914055 53.83884753503221 44.63662554015552 41.048026688549356 158.2060672066715 141.19670574564753 124.26813608951501 107.45854783303135 90.83402049468407 74.51851432910472 58.76996340177346 44.19862147841121 32.432045956267096 27.365434241599417 156.34326448173894 139.1159754459505 121.90982562150108 104.73523392444578 87.610761614905 70.57290244634572 53.70415488679709 37.23507255229012 22.078896877389994 13.682742055513986 155.7173752730379 138.4154446871464 121.11351410125201 103.81158351535905 86.50965292946472 69.20772234357318 51.90579175767881 34.60386117178588 17.301930585891526 0.0 156.34326448173894 139.1159754459505 121.90982562150107 104.73523392444575 87.610761614905 70.5729024463457 53.70415488679707 37.23507255229009 22.07889687738994 13.682742055513897 158.2060672066715 141.1967057456475 124.26813608951497 107.45854783303132 90.83402049468403 74.51851432910465 58.76996340177338 44.198621478411106 32.43204595626695 27.36543424159924 161.26289899771575 144.59803662487258 128.10217451918334 111.85011111233608 95.96579033166789 80.66674526242335 66.35902340914045 53.838847535032066 44.63662554015536 41.04802668854918 165.44754752783282 149.2296487698393 133.28459789126933 117.72331490759551 102.72036110685427 88.55995243216357 75.71629045204703 64.97497196093578 57.52596109169391 54.73046952610043 170.6770201617803 154.9812173876147 139.66531732684282 124.86918985687113 110.80125846913931 97.7763456734879 86.26818220453967 76.96021921531091 70.72652978893308 68.41271288315465 176.85858758355536 161.733224817548 147.08838323387099 133.08279160334774 119.94059707589538 107.97751942597746 97.62798290052245 89.4537973432645 84.0917424222011 82.09470688750066
78.30978260790937 144.864421517193 88.69976704648096 160.18698283207283 88.42013645078691 54.29081628386238 56.55415126973047 129.2449953837254 54.54591469042229 109.87422046739111 145.9098075636714 144.41531569476055 50.318631606652644 145.33469010289963 156.3739029318166 89.85115809949558 57.81278204807236 148.29146684860075 115.66801684980838 80.2639870200306 70.8587792920134 136.6859944358142 87.05725514674583 140.20866846462488 135.8989531970866 77.77134285696613 53.13699560784601 125.81972434781075 71.47957801408147 89.57689566264953 146.2244810955058 96.62199139974379 84.15350268904055 130.3045609148765 168.36006353916304 91.69592102738454 61.33635117208984 140.69590550197276 120.10007310506458 86.9421227727279 57.09212678338561 59.531378942721375 66.53688297022902 76.87018986724787 89.38452306236499 103.29016126255169 118.09665296475117 133.50460308943212 149.32794857896513 165.44754752783285 42.81927208470929 46.09203098851991 54.901413176263894 67.10111479027503 81.17671237833649 96.3092012631054 112.07127398225848 128.2309761503434 144.6551092252998 161.2628989977158 28.546265673844395 33.32454629578916 44.77578681727379 59.143269961539225 74.76423794618766 90.9954161857329 107.56091230116948 124.32716332434735 141.22268522556516 158.2060672066715 14.273158122067928 22.408696249837586 37.40707011768865 53.806511913383886 70.6378450696884 87.65262226642709 104.76149973408344 121.92487057658218 139.12256792443495 156.34326448173894 0.0 17.301930585891526 34.60386117178588 51.90579175767881 69.20772234357318 86.50965292946472 103.81158351535905 121.11351410125201 138.4154446871464 155.7173752730379 14.273158122067928 22.408696249837586 37.40707011768865 53.806511913383886 70.6378450696884 87.65262226642709 104.76149973408344 121.92487057658218 139.12256792443495 156.34326448173894 28.546265673844303 33.32454629578909 44.77578681727373 59.1432699615392 74.76423794618765 90.99541618573286 107.56091230116945 124.32716332434734 141.22268522556513 158.2060672066715 42.8192720847092 46.092030988519824 54.90141317626382 67.10111479027498 81.17671237833643 96.30920126310535 112.07127398225846 128.2309761503434 144.65510922529978 161.26289899771575 57.09212678338551 59.53137894272129 66.53688297022894 76.8701898672478 89.38452306236493 103.29016126255163 118.09665296475113 133.5046030894321 149.32794857896513 165.44754752783282 71.3647791976111 73.2736958924878 79.01788325789697 87.84819750085562 98.94177226103004 111.62585433518218 125.41880631391939 139.99325398315924 155.1290878779991 170.6770201617803
68.74954113817557 127.56249093152734 78.92703875662457 144.0844060614865 72.60452963273363 40.00318609855502 48.22753895034064 111.99106098498056 47.84847370093788 93.16553275664911 128.79667203336086 128.1155657467297 33.07101989600622 129.7779198110854 140.53712653944783 74.0717650840854 44.03071346099153 131.14473864046533 99.26174306748939 77.52850235547973 56.53633465366996 119.39474597700608 74.00378200160033 123.39385129000405 118.59712743738028 61.51374105143541 44.51199318997529 108.71837917499586 55.59441675080703 72.4208846329711 129.06172649301726 79.58921889833034 66.89727753719394 113.75102951424132 152.73651391801837 74.53230591919151 48.03179885609078 123.56143272638226 103.00544873302425 79.86386710335256 59.531378942721375 56.83137888742419 59.281733258792286 66.31394947173088 76.67759526240974 89.21919670112588 103.14734232407135 117.97195056614484 133.39447415491765 149.22964876983932 46.09203098851991 42.623710923003614 45.910683032947325 54.749480104682306 66.97704829501926 81.07434302022625 96.22306306231295 111.99737186592345 128.16649099984352 144.59803662487263 33.32454629578916 28.41589145188692 33.21310015797055 44.693028439595786 59.08073454154051 74.71485281147861 90.95490586570992 107.5266953135818 124.29760714740988 141.1967057456475 22.408696249837586 14.207970976844209 22.36729358692858 37.382319577436505 53.78933372916444 70.62478064038352 87.64211013773217 104.75271791069079 121.91733659048562 139.1159754459505 17.301930585891526 0.0 17.301930585894358 34.603861171787294 51.905791757681655 69.20772234357318 86.50965292946755 103.81158351536045 121.11351410125484 138.4154446871464 22.408696249837586 14.207970976844209 22.36729358692858 37.382319577436505 53.78933372916444 70.62478064038352 87.64211013773217 104.75271791069079 121.91733659048562 139.1159754459505 33.32454629578909 28.41589145188683 33.21310015797047 44.69302843959573 59.08073454154047 74.71485281147856 90.9549058657099 107.52669531358175 124.29760714740986 141.1967057456475 46.092030988519824 42.62371092300352 45.91068303294724 54.74948010468224 66.9770482950192 81.0743430202262 96.2230630623129 111.99737186592343 128.1664909998435 144.59803662487258 59.53137894272129 56.831378887424094 59.2817332587922 66.3139494717308 76.67759526240967 89.21919670112584 103.1473423240713 117.9719505661448 133.39447415491762 149.2296487698393 73.2736958924878 71.03884484141018 72.95676278673801 78.72451834995559 87.58481110058169 98.708344501546 111.41931701935887 125.23529824831503 139.8291258654254 154.9812173876147
62.6040905525321 110.26056034592975 72.04163070331768 128.29443126673732 57.64913997799605 29.184367526701422 45.300358909321304 94.75462974999022 46.92972428870964 76.72026380120239 111.74168921725504 112.11653018729797 15.941567673130171 114.72201465550711 125.0890340590429 59.15006561393319 33.67192846229405 114.04489336380684 83.21901865571937 78.59843423956906 44.38980862809607 102.10711612746836 63.03057871546175 106.73482675519539 101.29533748287582 46.02401288150865 41.68692655490412 91.69231679754246 40.876139970502415 55.35577561417144 111.94182299906538 62.70399305257601 49.672859057070546 97.45779740022535 137.5153251422387 57.45172222991951 38.08762493201597 106.48112249276635 85.99377612879886 76.13295776413736 66.53688297022902 59.281733258792286 56.57021186987815 59.031785623947705 66.09094058166346 76.48510318955854 89.05407044356677 103.00476583438706 117.8475030519945 133.28459789126939 54.901413176263894 45.910683032947325 42.427835411896304 45.72916325868473 54.59758493127564 66.85312963224918 80.9721579069341 96.13711314358697 111.92365006478563 128.1021745191834 44.77578681727379 33.21310015797055 28.285307659750636 33.101614870394776 44.610367124195996 59.01832319843222 74.66558619315674 90.91450225411432 107.4925734582983 124.268136089515 37.40707011768865 22.36729358692858 14.142679045357772 22.32593871086207 37.35762744908348 53.77220228408961 70.61175375868221 87.63162910611061 104.7439625524921 121.90982562150107 34.60386117178588 17.301930585894358 0.0 17.30193058589294 34.603861171787294 51.90579175767881 69.20772234357318 86.50965292946613 103.81158351536045 121.11351410125201 37.40707011768865 22.36729358692858 14.142679045357772 22.32593871086207 37.35762744908348 53.77220228408961 70.61175375868221 87.63162910611061 104.7439625524921 121.90982562150107 44.77578681727373 33.21310015797047 28.285307659750547 33.1016148703947 44.61036712419594 59.018323198432185 74.66558619315671 90.9145022541143 107.49257345829828 124.26813608951497 54.90141317626382 45.91068303294724 42.42783541189621 45.72916325868464 54.59758493127556 66.85312963224911 80.97215790693406 96.13711314358693 111.92365006478559 128.10217451918336 66.53688297022894 59.2817332587922 56.57021186987806 59.03178562394762 66.09094058166339 76.48510318955847 89.05407044356672 103.00476583438699 117.84750305199445 133.28459789126933 79.01788325789697 72.95676278673801 70.71238660082807 72.63940405889029 78.43094699154636 87.32143431284672 98.47507986826078 111.21303358559582 125.05209051654306 139.66531732684282
60.91584599956729 92.95862976044405 68.91448321542538 112.94823832791795 44.431265805871774 26.493583421028795 48.755030901303115 77.54737382595412 52.096300908403585 60.75270755364292 94.77625805083902 96.56778899565754 3.645319672069395 100.39257281456858 110.19321683487371 45.92975343185258 30.456573734282838 97.01672447593589 67.79841008317644 83.32732549762926 36.650518751182695 84.82531736324755 55.388157415499585 90.31784337354549 83.99360546005538 32.422061016290364 45.749177323723984 74.79296760257793 29.14942552077946 38.50262750829461 94.88796733357992 46.128626272130916 32.530809548542415 81.58097370765745 122.84615130873121 40.55920632517961 34.53966401089531 89.4859944061331 69.12632459840088 76.24239424383117 76.87018986724787 66.31394947173088 59.031785623947705 56.30862765691056 58.78153960680257 65.86786214636372 76.2927201247144 88.88915028958837 102.86243701635752 117.72331490759555 67.10111479027503 54.749480104682306 45.72916325868473 42.231646996009964 45.54747499837952 54.445732472907146 66.72936329135099 80.87016075705712 96.05135455130669 111.85011111233615 59.143269961539225 44.693028439595786 33.101614870394776 28.15451526051742 32.99009334170501 44.52780585696473 58.9560381703524 74.61643978080359 90.87420668600227 107.45854783303132 53.806511913383886 37.382319577436505 22.32593871086207 14.077282809149589 22.284633111075745 37.33299457768667 53.755118128485634 70.59876482977717 87.6211794919814 104.73523392444575 51.90579175767881 34.603861171787294 17.30193058589294 0.0 17.301930585894358 34.60386117178588 51.90579175768023 69.20772234357318 86.50965292946755 103.81158351535905 53.806511913383886 37.382319577436505 22.32593871086207 14.077282809149589 22.284633111075745 37.33299457768667 53.755118128485634 70.59876482977717 87.6211794919814 104.73523392444575 59.1432699615392 44.69302843959573 33.1016148703947 28.154515260517325 32.99009334170494 44.52780585696468 58.95603817035236 74.61643978080357 90.87420668600224 107.45854783303132 67.10111479027498 54.74948010468224 45.72916325868464 42.23164699600987 45.547474998379435 54.44573247290707 66.72936329135094 80.87016075705709 96.05135455130664 111.85011111233612 76.8701898672478 66.3139494717308 59.03178562394762 56.30862765691047 58.78153960680249 65.86786214636365 76.29272012471435 88.8891502895883 102.86243701635748 117.72331490759551 87.84819750085562 78.72451834995559 72.63940405889029 70.38540688356798 72.32162352930065 78.13717556457807 87.0580750295059 98.24198642871599 111.00701155135833 124.86918985687113
64.0382996850101 75.65669917514317 70.05073714357724 98.25398929620242 34.97942032091867 33.92348540024803 57.4516063813316 60.394235861432236 61.841354084703305 45.76564525952167 77.95886524263072 81.72675680426065 19.265427165414287 87.14868077120505 96.10681412027151 36.31889793594316 36.333401708056186 80.10595389962351 53.54018741359846 91.14744432121645 36.259803918184076 67.55382500375912 52.55037713181282 74.30350801873206 66.69197645614453 24.142932188367705 55.19854779181528 58.13094786582132 25.044555132745522 22.34627093315929 77.94352487822731 30.374693676086196 15.742543340578065 66.4198442235483 108.95218865118098 24.251002397311186 39.166533576991895 72.63586510846217 52.54217475047194 80.17645249725696 89.38452306236499 76.67759526240974 66.09094058166346 58.78153960680257 56.04662817775995 58.53099880974778 65.64472007111259 76.10045259133219 88.72444226713382 102.72036110685431 81.17671237833649 66.97704829501926 54.59758493127564 45.54747499837952 42.035147122274246 45.365621619723186 54.29392758643591 66.60575378273762 80.76835529731473 95.96579033166796 74.76423794618766 59.08073454154051 44.610367124195996 32.99009334170501 28.023515218807418 32.878538509794545 44.44534763782584 58.89388169840732 74.56741526337018 90.83402049468404 70.6378450696884 53.78933372916444 37.35762744908348 22.284633111075745 14.01178275052985 22.2433782840141 37.30842180802645 53.73808181168163 70.58581425790776 87.610761614905 69.20772234357318 51.905791757681655 34.603861171787294 17.301930585894358 0.0 17.301930585891526 34.60386117178588 51.90579175767881 69.20772234357318 86.50965292946472 70.6378450696884 53.78933372916444 37.35762744908348 22.284633111075745 14.01178275052985 22.2433782840141 37.30842180802645 53.73808181168163 70.58581425790776 87.610761614905 74.76423794618765 59.08073454154047 44.61036712419594 32.99009334170494 28.02351521880733 32.878538509794474 44.44534763782578 58.89388169840729 74.56741526337014 90.83402049468403 81.17671237833643 66.9770482950192 54.59758493127556 45.547474998379435 42.03514712227416 45.36562161972311 54.293927586435835 66.60575378273758 80.76835529731468 95.96579033166792 89.38452306236493 76.67759526240967 66.09094058166339 58.78153960680249 56.04662817775985 58.53099880974769 65.64472007111253 76.10045259133211 88.72444226713377 102.72036110685427 98.94177226103004 87.58481110058169 78.43094699154636 72.32162352930065 70.0579081011763 72.00342504953711 77.84321051898233 86.79474121408221 98.0090723048881 110.80125846913931
71.34257320809189 58.35476859019703 75.25753043307427 84.55227204655637 32.736687903137245 46.88716248143013 69.44799946756227 43.35949115268218 74.38672288634338 33.118081323432435 61.41125180764457 68.05799776811965 36.43814711177789 75.56329994482927 83.24175931657986 33.575147849079904 48.0763804221334 63.40658300839105 41.655573955334894 101.34571603979734 43.416513867464595 50.303256201363155 55.26243134066573 59.0204935535891 49.390558734567605 26.707361607882568 67.81944561183602 41.98973982618719 31.67776854059922 10.722518014854543 61.19944373628368 17.77937870787426 6.009594806990661 52.59699212895126 96.17001721566459 11.396757689241971 49.736848113831755 56.06163182574254 36.62818119967398 87.42030555188097 103.29016126255169 89.21919670112588 76.48510318955854 65.86786214636372 58.53099880974778 55.78421536472615 58.28016686964763 65.42152032100176 75.90830716065877 88.55995243216363 96.3092012631054 81.07434302022625 66.85312963224918 54.445732472907146 45.365621619723186 41.838337239915404 45.18360652613236 54.14217516910069 66.48230563785576 80.66674526242345 90.9954161857329 74.71485281147861 59.01832319843222 44.52780585696473 32.878538509794545 27.8923085007721 32.76695334225426 44.36299548072211 58.83185602661183 74.51851432910468 87.65262226642709 70.62478064038352 53.77220228408961 37.33299457768667 22.2433782840141 13.946179352574479 22.202175733148056 37.28390998456543 53.7210938820184 70.5729024463457 86.50965292946472 69.20772234357318 51.90579175767881 34.60386117178588 17.301930585891526 0.0 17.301930585894358 34.603861171787294 51.905791757681655 69.20772234357318 87.65262226642709 70.62478064038352 53.77220228408961 37.33299457768667 22.2433782840141 13.946179352574479 22.202175733148056 37.28390998456543 53.7210938820184 70.5729024463457 90.99541618573286 74.71485281147856 59.018323198432185 44.52780585696468 32.878538509794474 27.892308500772014 32.76695334225418 44.362995480722056 58.83185602661179 74.51851432910465 96.30920126310535 81.0743430202262 66.85312963224911 54.44573247290707 45.36562161972311 41.83833723991531 45.18360652613228 54.142175169100625 66.4823056378557 80.6667452624234 103.29016126255163 89.21919670112584 76.48510318955847 65.86786214636365 58.53099880974769 55.784215364726066 58.28016686964755 65.42152032100168 75.9083071606587 88.55995243216357 111.62585433518218 98.708344501546 87.32143431284672 78.13717556457807 72.00342504953711 69.72989266902502 71.6848125030248 77.54905837390552 86.53144090262495 97.7763456734879
81.71485219885189 41.0528380060449 83.77933118768338 72.40873862044462 38.96832107955738 62.005801293348654 83.33106084041766 26.670966058772944 88.55009298911098 26.41648251957081 45.42918253891283 56.42005600053375 53.69389163333628 66.50885573989427 72.25342454256378 39.169208158187864 62.460144956860795 47.14379687693106 34.67751331432239 113.28166592175472 55.26229649003118 33.10633476000326 62.8094779854382 45.216533458468966 32.089694040864785 37.978888987789006 82.16312920028005 27.308999533131754 44.47969021839281 18.146680934169456 44.88054004014482 17.558560183754526 20.56978965926644 41.47286937488807 85.00267813490106 16.443056996479246 63.341917507396296 40.10680969136769 22.831542741661785 97.2370379172109 118.09665296475117 103.14734232407135 89.05407044356677 76.2927201247144 65.64472007111259 58.28016686964763 55.52139115315591 58.02904745853643 65.19826892181642 75.71629045204709 112.07127398225848 96.22306306231295 80.9721579069341 66.72936329135099 54.29392758643591 45.18360652613236 41.64121880044532 45.00143315742027 53.99048015890904 66.35902340914055 107.56091230116948 90.95490586570992 74.66558619315674 58.9560381703524 44.44534763782584 32.76695334225426 27.76089607408694 32.65534083679141 44.280752413602436 58.76996340177343 104.76149973408344 87.64211013773217 70.61175375868221 53.755118128485634 37.30842180802645 22.202175733148056 13.88047309912148 22.161026968940636 37.25945995141218 53.70415488679707 103.81158351535905 86.50965292946755 69.20772234357318 51.90579175768023 34.60386117178588 17.301930585894358 0.0 17.30193058589294 34.603861171787294 51.90579175767881 104.76149973408344 87.64211013773217 70.61175375868221 53.755118128485634 37.30842180802645 22.202175733148056 13.88047309912148 22.161026968940636 37.25945995141218 53.70415488679707 107.56091230116945 90.9549058657099 74.66558619315671 58.95603817035236 44.44534763782578 32.76695334225418 27.760896074086844 32.65534083679133 44.280752413602386 58.76996340177338 112.07127398225846 96.2230630623129 80.97215790693406 66.72936329135094 54.293927586435835 45.18360652613228 41.64121880044524 45.001433157420195 53.99048015890897 66.3590234091405 118.09665296475113 103.1473423240713 89.05407044356672 76.29272012471435 65.64472007111253 58.28016686964755 55.52139115315582 58.029047458536354 65.19826892181635 75.71629045204703 125.41880631391939 111.41931701935887 98.47507986826078 87.0580750295059 77.84321051898233 71.6848125030248 69.4013630062936 71.36578980569388 77.2547257189278 86.26818220453967
94.14651762039155 23.75090742443249 94.72564128132798 62.7348593208824 50.63672367601249 78.03680559233975 98.30468090489249 11.889011639210743 103.67042179242236 29.95937249873232 30.902928706980074 48.303806833242035 70.97212822822395 61.12069486041773 64.11411944860076 50.39713574415736 78.03787631799621 31.990503211412975 35.61714380271402 126.4642306294978 69.43742932280144 16.135511240261014 73.72126394698294 34.70389056045322 14.791323071246618 52.63287669043057 97.47198299408585 18.08692108358408 59.59962423039934 33.79859070523586 29.696227916389795 29.986867148499968 37.53439384719256 35.66877691013577 76.16382769321164 31.77381358855431 78.41779588840014 25.940658473590805 17.310320199974726 108.93327634349338 133.50460308943212 117.97195056614484 103.00476583438706 88.88915028958837 76.10045259133219 65.42152032100176 58.02904745853643 55.25815748142887 57.777644284356164 64.97497196093585 128.2309761503434 111.99737186592345 96.13711314358697 80.87016075705712 66.60575378273762 54.14217516910069 45.00143315742027 41.44379325765109 44.8191049905128 53.83884753503221 124.32716332434735 107.5266953135818 90.91450225411432 74.61643978080359 58.89388169840732 44.36299548072211 32.65534083679141 27.629278907944446 32.543704021694104 44.198621478411155 121.92487057658218 104.75271791069079 87.63162910611061 70.59876482977717 53.73808181168163 37.28390998456543 22.161026968940636 13.814664474767438 22.119933508868602 37.23507255229009 121.11351410125201 103.81158351536045 86.50965292946613 69.20772234357318 51.90579175767881 34.603861171787294 17.30193058589294 0.0 17.301930585894358 34.60386117178588 121.92487057658218 104.75271791069079 87.63162910611061 70.59876482977717 53.73808181168163 37.28390998456543 22.161026968940636 13.814664474767438 22.119933508868602 37.23507255229009 124.32716332434734 107.52669531358175 90.9145022541143 74.61643978080357 58.89388169840729 44.362995480722056 32.65534083679133 27.629278907944357 32.543704021694026 44.198621478411106 128.2309761503434 111.99737186592343 96.13711314358693 80.87016075705709 66.60575378273758 54.142175169100625 45.001433157420195 41.443793257651 44.81910499051272 53.83884753503213 133.5046030894321 117.9719505661448 103.00476583438699 88.8891502895883 76.10045259133211 65.42152032100168 58.029047458536354 55.25815748142878 57.77764428435607 64.97497196093578 139.99325398315924 125.23529824831503 111.21303358559582 98.24198642871599 86.79474121408221 77.54905837390552 71.36578980569388 69.0723215359515 71.04636090666413 76.96021921531091
107.9282719312201 6.448976865786887 107.3573855500738 56.80667341652147 64.87167290473022 94.51707202704308 113.93971384397378 13.041087944219086 119.38465856290284 41.18261363696903 21.092249243457804 45.62889618137058 88.2596483364388 60.38829889840489 59.99482775985995 64.37564619838776 94.21921062590619 20.56596470040323 43.969760637730246 140.54305939038647 84.78147916330234 4.8366878843098595 86.737068297788 31.030533760175864 2.555702603529137 68.5328699523685 113.35563598391727 22.521190621875252 75.66041315712215 50.538109449951165 18.659612754511592 45.70376137909314 54.71068135466838 37.72574501949042 70.5343341069821 48.450896849653056 94.2613953621433 18.330065418645376 26.013980517853284 121.96950962498572 149.32794857896513 133.39447415491765 117.8475030519945 102.86243701635752 88.72444226713382 75.90830716065877 65.19826892181642 57.777644284356164 54.994516290943 57.525961091693986 144.6551092252998 128.16649099984352 111.92365006478563 96.05135455130669 80.76835529731473 66.48230563785576 53.99048015890904 44.8191049905128 41.246062067584084 44.63662554015552 141.22268522556516 124.29760714740988 107.4925734582983 90.87420668600227 74.56741526337018 58.83185602661183 44.280752413602436 32.543704021694104 27.497457973046906 32.43204595626702 139.12256792443495 121.91733659048562 104.7439625524921 87.6211794919814 70.58581425790776 53.7210938820184 37.25945995141218 22.119933508868602 13.748753964863916 22.07889687738994 138.4154446871464 121.11351410125484 103.81158351536045 86.50965292946755 69.20772234357318 51.905791757681655 34.603861171787294 17.301930585894358 0.0 17.301930585891526 139.12256792443495 121.91733659048562 104.7439625524921 87.6211794919814 70.58581425790776 53.7210938820184 37.25945995141218 22.119933508868602 13.748753964863916 22.07889687738994 141.22268522556513 124.29760714740986 107.49257345829828 90.87420668600224 74.56741526337014 58.83185602661179 44.280752413602386 32.543704021694026 27.497457973046817 32.43204595626695 144.65510922529978 128.1664909998435 111.92365006478559 96.05135455130664 80.76835529731468 66.4823056378557 53.99048015890897 44.81910499051272 41.24606206758399 44.636625540155435 149.32794857896513 133.39447415491762 117.84750305199445 102.86243701635748 88.72444226713377 75.9083071606587 65.19826892181635 57.77764428435607 54.994516290942904 57.52596109169391 155.1290878779991 139.8291258654254 125.05209051654306 111.00701155135833 98.0090723048881 86.53144090262495 77.2547257189278 71.04636090666413 68.74277068474002 70.72652978893308
122.60567839793427 10.852953779736463 121.14850259757466 55.830387251310064 80.31997590965442 111.24711693550164 129.99773078619592 28.240123256507395 135.4863092887912 55.6161985849631 23.097327823849103 49.28932902332999 105.55189063401686 64.47053437589892 60.71930907062178 79.66984664468117 110.73986743781572 20.524069016643253 56.540310250791386 155.27454902594766 100.76184430469202 19.62513391950579 101.04708457638164 36.3336884205356 19.824066092388133 84.98234919257422 129.6029244317288 35.86061061564418 92.17153342525523 67.56159669711955 20.32752964236943 62.26690809859103 71.94720317754815 46.614477013144324 68.9053423719668 65.45316378990839 110.54310627183227 24.449474273490637 40.651191062889794 135.96083734580088 165.44754752783285 149.22964876983932 133.28459789126939 117.72331490759555 102.72036110685431 88.55995243216363 75.71629045204709 64.97497196093585 57.525961091693986 54.73046952610052 161.2628989977158 144.59803662487263 128.1021745191834 111.85011111233615 95.96579033166796 80.66674526242345 66.35902340914055 53.83884753503221 44.63662554015552 41.048026688549356 158.2060672066715 141.1967057456475 124.268136089515 107.45854783303132 90.83402049468404 74.51851432910468 58.76996340177343 44.198621478411155 32.43204595626702 27.365434241599328 156.34326448173894 139.1159754459505 121.90982562150107 104.73523392444575 87.610761614905 70.5729024463457 53.70415488679707 37.23507255229009 22.07889687738994 13.682742055513897 155.7173752730379 138.4154446871464 121.11351410125201 103.81158351535905 86.50965292946472 69.20772234357318 51.90579175767881 34.60386117178588 17.301930585891526 0.0 156.34326448173894 139.1159754459505 121.90982562150107 104.73523392444575 87.610761614905 70.5729024463457 53.70415488679707 37.23507255229009 22.07889687738994 13.682742055513897 158.2060672066715 141.1967057456475 124.26813608951497 107.45854783303132 90.83402049468403 74.51851432910465 58.76996340177338 44.198621478411106 32.43204595626695 27.36543424159924 161.26289899771575 144.59803662487258 128.10217451918336 111.85011111233612 95.96579033166792 80.6667452624234 66.3590234091405 53.83884753503213 44.636625540155435 41.048026688549264 165.44754752783282 149.2296487698393 133.28459789126933 117.72331490759551 102.72036110685427 88.55995243216357 75.71629045204703 64.97497196093578 57.52596109169391 54.73046952610043 170.6770201617803 154.9812173876147 139.66531732684282 124.86918985687113 110.80125846913931 97.7763456734879 86.26818220453967 76.96021921531091 70.72652978893308 68.41271288315465
89.8377186191053 145.53894596820876 78.13158890009315 165.65537080535856 84.20707247928547 49.015140793619494 45.905158317797294 129.01706884303 43.00314554690082 107.33443180385765 148.53316940605208 140.53498422541952 51.38867766997608 151.76950395805747 162.33468411229194 85.54593070971576 51.74326599326089 147.15345444042205 112.27546552003525 66.59154839844885 78.94349941221365 137.86782846328217 79.238977350809 144.0118069999766 136.57342377956104 74.65352885907888 42.85287943302266 124.58220372028366 67.80357312389003 89.02245414318017 148.57279672662793 95.36571389735829 84.41229370027568 134.85966088146392 174.66201250830017 91.15468410175126 54.56879314402836 139.53191267914443 118.87532968166553 74.83029606938793 71.36477919761118 73.27369589248786 79.01788325789705 87.84819750085569 98.94177226103011 111.62585433518223 125.41880631391945 139.99325398315926 155.12908787799913 170.67702016178032 57.09212678338561 59.531378942721375 66.53688297022902 76.87018986724787 89.38452306236499 103.29016126255169 118.09665296475117 133.50460308943212 149.32794857896513 165.44754752783285 42.8192720847092 46.092030988519824 54.90141317626382 67.10111479027498 81.17671237833643 96.30920126310535 112.07127398225846 128.2309761503434 144.65510922529978 161.26289899771575 28.546265673844303 33.32454629578909 44.77578681727373 59.1432699615392 74.76423794618765 90.99541618573286 107.56091230116945 124.32716332434734 141.22268522556513 158.2060672066715 14.273158122067928 22.408696249837586 37.40707011768865 53.806511913383886 70.6378450696884 87.65262226642709 104.76149973408344 121.92487057658218 139.12256792443495 156.34326448173894 0.0 17.301930585891526 34.60386117178588 51.90579175767881 69.20772234357318 86.50965292946472 103.81158351535905 121.11351410125201 138.4154446871464 155.7173752730379 14.273158122067928 22.408696249837586 37.40707011768865 53.806511913383886 70.6378450696884 87.65262226642709 104.76149973408344 121.92487057658218 139.12256792443495 156.34326448173894 28.546265673844395 33.32454629578916 44.77578681727379 59.143269961539225 74.76423794618766 90.9954161857329 107.56091230116948 124.32716332434735 141.22268522556516 158.2060672066715 42.8192720847092 46.092030988519824 54.90141317626382 67.10111479027498 81.17671237833643 96.30920126310535 112.07127398225846 128.2309761503434 144.65510922529978 161.26289899771575 57.09212678338551 59.53137894272129 66.53688297022894 76.8701898672478 89.38452306236493 103.29016126255163 118.09665296475113 133.5046030894321 149.32794857896513 165.44754752783282
81.58448998019284 128.32449051256975 66.89124027267086 150.1132070622108 67.43483837944491 32.522888966767724 35.21070932447338 111.72914930828018 34.18531560991819 90.17028102393438 131.74775357589465 123.74557163524656 34.67024916600459 136.91367252237964 147.11126114317096 68.81103652674537 35.732229955702984 129.86248351599127 95.30543849285603 63.34010634010243 66.34701435215214 120.73978060393418 64.67115815603822 127.67934858940875 119.36586870635243 57.54027090453617 31.6015572643008 107.29039446408156 50.80429350012392 71.73712434737207 131.70433257868282 78.06637194959457 67.22104847022187 118.91850112388421 159.62528988022055 73.8684795216411 39.06719839097003 122.24050163256594 101.58139690091528 66.54198525340534 73.27369589248786 71.03884484141027 72.9567627867381 78.72451834995566 87.58481110058176 98.70834450154607 111.41931701935894 125.23529824831508 139.82912586542542 154.98121738761475 59.531378942721375 56.83137888742419 59.281733258792286 66.31394947173088 76.67759526240974 89.21919670112588 103.14734232407135 117.97195056614484 133.39447415491765 149.22964876983932 46.092030988519824 42.62371092300352 45.91068303294724 54.74948010468224 66.9770482950192 81.0743430202262 96.2230630623129 111.99737186592343 128.1664909998435 144.59803662487258 33.32454629578909 28.41589145188683 33.21310015797047 44.69302843959573 59.08073454154047 74.71485281147856 90.9549058657099 107.52669531358175 124.29760714740986 141.1967057456475 22.408696249837586 14.207970976844209 22.36729358692858 37.382319577436505 53.78933372916444 70.62478064038352 87.64211013773217 104.75271791069079 121.91733659048562 139.1159754459505 17.301930585891526 0.0 17.301930585894358 34.603861171787294 51.905791757681655 69.20772234357318 86.50965292946755 103.81158351536045 121.11351410125484 138.4154446871464 22.408696249837586 14.207970976844209 22.36729358692858 37.382319577436505 53.78933372916444 70.62478064038352 87.64211013773217 104.75271791069079 121.91733659048562 139.1159754459505 33.32454629578916 28.41589145188692 33.21310015797055 44.693028439595786 59.08073454154051 74.71485281147861 90.95490586570992 107.5266953135818 124.29760714740988 141.1967057456475 46.092030988519824 42.62371092300352 45.91068303294724 54.74948010468224 66.9770482950192 81.0743430202262 96.2230630623129 111.99737186592343 128.1664909998435 144.59803662487258 59.53137894272129 56.831378887424094 59.2817332587922 66.3139494717308 76.67759526240967 89.21919670112584 103.1473423240713 117.9719505661448 133.39447415491762 149.2296487698393
76.41942364476344 111.13720175952292 58.677335845832765 134.99977038197528 51.01760206990203 17.65518272703331 31.161087523012906 94.44636068537287 32.96527771362022 73.07114176219403 115.11536247190203 107.1193718332194 19.025487812855726 122.70049673144074 132.3993344005854 52.445428535868565 21.792917318572222 112.57487988505159 78.48047311438717 64.71628670043765 56.30699876615026 103.66948964235824 51.813204534266106 111.63930901648149 102.19018481813711 40.58730499156176 27.561884028702313 90.00247514287538 34.11071627534451 54.4623376413412 114.96475702285129 60.76850388677763 50.10605387945079 103.41563413170948 145.09420321232156 56.59188673150393 25.9509218620698 104.95255749581911 84.29074643683052 62.08698213953825 79.01788325789705 72.9567627867381 70.71238660082815 72.63940405889038 78.43094699154645 87.32143431284678 98.47507986826085 111.21303358559587 125.05209051654312 139.66531732684285 66.53688297022902 59.281733258792286 56.57021186987815 59.031785623947705 66.09094058166346 76.48510318955854 89.05407044356677 103.00476583438706 117.8475030519945 133.28459789126939 54.90141317626382 45.91068303294724 42.42783541189621 45.72916325868464 54.59758493127556 66.85312963224911 80.97215790693406 96.13711314358693 111.92365006478559 128.10217451918336 44.77578681727373 33.21310015797047 28.285307659750547 33.1016148703947 44.61036712419594 59.018323198432185 74.66558619315671 90.9145022541143 107.49257345829828 124.26813608951497 37.40707011768865 22.36729358692858 14.142679045357772 22.32593871086207 37.35762744908348 53.77220228408961 70.61175375868221 87.63162910611061 104.7439625524921 121.90982562150107 34.60386117178588 17.301930585894358 0.0 17.30193058589294 34.603861171787294 51.90579175767881 69.20772234357318 86.50965292946613 103.81158351536045 121.11351410125201 37.40707011768865 22.36729358692858 14.142679045357772 22.32593871086207 37.35762744908348 53.77220228408961 70.61175375868221 87.63162910611061 104.7439625524921 121.90982562150107 44.77578681727379 33.21310015797055 28.285307659750636 33.101614870394776 44.610367124195996 59.01832319843222 74.66558619315674 90.91450225411432 107.4925734582983 124.268136089515 54.90141317626382 45.91068303294724 42.42783541189621 45.72916325868464 54.59758493127556 66.85312963224911 80.97215790693406 96.13711314358693 111.92365006478559 128.10217451918336 66.53688297022894 59.2817332587922 56.57021186987806 59.03178562394762 66.09094058166339 76.48510318955847 89.05407044356672 103.00476583438699 117.84750305199445 133.28459789126933
74.98342217795123 93.99198392658141 54.866386198186916 120.47651673133444 35.452023026443364 12.821292374973082 36.0685671138701 77.17215027152511 40.04362272686319 56.09649531088871 98.7133766430121 90.74613908733201 10.982951357745845 109.3807883331518 118.3897438575822 36.94318530265016 16.48582841717518 95.2924762105249 61.91893345033049 70.44941729654059 50.37590187194799 86.69108092823843 42.25593369349926 96.0383170414652 85.06567972063611 24.134809368487584 33.45693298493343 72.72122005689116 18.566601969296432 37.21277975190649 98.41985744425497 43.473869081878426 33.1854962529224 88.5814797426973 131.23681847841212 39.33757192136799 20.47843381044611 87.67013124491687 67.00591930969686 62.29322482526124 87.84819750085569 78.72451834995566 72.63940405889038 70.38540688356808 72.32162352930075 78.13717556457814 87.05807502950596 98.24198642871605 111.00701155135837 124.86918985687117 76.87018986724787 66.31394947173088 59.031785623947705 56.30862765691056 58.78153960680257 65.86786214636372 76.2927201247144 88.88915028958837 102.86243701635752 117.72331490759555 67.10111479027498 54.74948010468224 45.72916325868464 42.23164699600987 45.547474998379435 54.44573247290707 66.72936329135094 80.87016075705709 96.05135455130664 111.85011111233612 59.1432699615392 44.69302843959573 33.1016148703947 28.154515260517325 32.99009334170494 44.52780585696468 58.95603817035236 74.61643978080357 90.87420668600224 107.45854783303132 53.806511913383886 37.382319577436505 22.32593871086207 14.077282809149589 22.284633111075745 37.33299457768667 53.755118128485634 70.59876482977717 87.6211794919814 104.73523392444575 51.90579175767881 34.603861171787294 17.30193058589294 0.0 17.301930585894358 34.60386117178588 51.90579175768023 69.20772234357318 86.50965292946755 103.81158351535905 53.806511913383886 37.382319577436505 22.32593871086207 14.077282809149589 22.284633111075745 37.33299457768667 53.755118128485634 70.59876482977717 87.6211794919814 104.73523392444575 59.143269961539225 44.693028439595786 33.101614870394776 28.15451526051742 32.99009334170501 44.52780585696473 58.9560381703524 74.61643978080359 90.87420668600227 107.45854783303132 67.10111479027498 54.74948010468224 45.72916325868464 42.23164699600987 45.547474998379435 54.44573247290707 66.72936329135094 80.87016075705709 96.05135455130664 111.85011111233612 76.8701898672478 66.3139494717308 59.03178562394762 56.30862765691047 58.78153960680249 65.86786214636365 76.29272012471435 88.8891502895883 102.86243701635748 117.72331490759551
77.48409436358172 76.91697568089657 56.35875976927408 106.78452217879037 22.574500534845534 24.81488444189367 47.21841298910569 59.91393825824472 52.14386217369523 39.40754576414215 82.67903438099019 74.79219418785864 21.863080278465997 97.32208690271872 105.36302130676017 24.03719297038384 25.833043522764612 78.01872819101652 45.906814139800694 79.60362410350454 50.036850936107 69.87156724831527 38.53862999520087 81.13005068387494 68.03101198391558 10.787115745072494 45.58272877039975 55.45286005623647 11.162861177091795 20.053659918936415 82.18728713270698 26.188873864779655 17.048487791811123 74.81487433332936 118.29014044357417 22.157640428351353 27.640436097088294 70.39728689478991 49.73298763719029 67.11775715312092 98.94177226103011 87.58481110058176 78.43094699154645 72.32162352930075 70.0579081011764 72.0034250495372 77.8432105189824 86.79474121408228 98.00907230488815 110.80125846913936 89.38452306236499 76.67759526240974 66.09094058166346 58.78153960680257 56.04662817775995 58.53099880974778 65.64472007111259 76.10045259133219 88.72444226713382 102.72036110685431 81.17671237833643 66.9770482950192 54.59758493127556 45.547474998379435 42.03514712227416 45.36562161972311 54.293927586435835 66.60575378273758 80.76835529731468 95.96579033166792 74.76423794618765 59.08073454154047 44.61036712419594 32.99009334170494 28.02351521880733 32.878538509794474 44.44534763782578 58.89388169840729 74.56741526337014 90.83402049468403 70.6378450696884 53.78933372916444 37.35762744908348 22.284633111075745 14.01178275052985 22.2433782840141 37.30842180802645 53.73808181168163 70.58581425790776 87.610761614905 69.20772234357318 51.905791757681655 34.603861171787294 17.301930585894358 0.0 17.301930585891526 34.60386117178588 51.90579175767881 69.20772234357318 86.50965292946472 70.6378450696884 53.78933372916444 37.35762744908348 22.284633111075745 14.01178275052985 22.2433782840141 37.30842180802645 53.73808181168163 70.58581425790776 87.610761614905 74.76423794618766 59.08073454154051 44.610367124195996 32.99009334170501 28.023515218807418 32.878538509794545 44.44534763782584 58.89388169840732 74.56741526337018 90.83402049468404 81.17671237833643 66.9770482950192 54.59758493127556 45.547474998379435 42.03514712227416 45.36562161972311 54.293927586435835 66.60575378273758 80.76835529731468 95.96579033166792 89.38452306236493 76.67759526240967 66.09094058166339 58.78153960680249 56.04662817775985 58.53099880974769 65.64472007111253 76.10045259133211 88.72444226713377 102.72036110685427
83.56878689784004 59.972176309409214 62.777369702679486 94.28662303646978 19.00216130249872 40.81524632072627 61.29375457792489 42.69113147903731 66.58214068782308 23.617904001160337 67.27572125903635 59.5952303343547 37.869200714076776 87.0500265764311 93.72986810592676 19.735401974473334 40.76299844705273 60.76101842274162 31.299016834585206 91.15397678102943 55.39262583255462 53.36141184824891 42.232622141232035 67.37592796665298 51.17597140117089 15.778081474414503 60.290246668666875 38.214880052243124 22.432415111541818 4.268620292502678 66.49617160499558 8.969421871489855 8.8734411970673 62.8216044641166 106.58654798970085 5.761166364731634 41.319882797623215 53.14336829610807 32.49092866062016 75.68246659223456 111.62585433518223 98.70834450154607 87.32143431284678 78.13717556457814 72.0034250495372 69.7298926690251 71.68481250302489 77.5490583739056 86.53144090262502 97.77634567348795 103.29016126255169 89.21919670112588 76.48510318955854 65.86786214636372 58.53099880974778 55.78421536472615 58.28016686964763 65.42152032100176 75.90830716065877 88.55995243216363 96.30920126310535 81.0743430202262 66.85312963224911 54.44573247290707 45.36562161972311 41.83833723991531 45.18360652613228 54.142175169100625 66.4823056378557 80.6667452624234 90.99541618573286 74.71485281147856 59.018323198432185 44.52780585696468 32.878538509794474 27.892308500772014 32.76695334225418 44.362995480722056 58.83185602661179 74.51851432910465 87.65262226642709 70.62478064038352 53.77220228408961 37.33299457768667 22.2433782840141 13.946179352574479 22.202175733148056 37.28390998456543 53.7210938820184 70.5729024463457 86.50965292946472 69.20772234357318 51.90579175767881 34.60386117178588 17.301930585891526 0.0 17.301930585894358 34.603861171787294 51.905791757681655 69.20772234357318 87.65262226642709 70.62478064038352 53.77220228408961 37.33299457768667 22.2433782840141 13.946179352574479 22.202175733148056 37.28390998456543 53.7210938820184 70.5729024463457 90.9954161857329 74.71485281147861 59.01832319843222 44.52780585696473 32.878538509794545 27.8923085007721 32.76695334225426 44.36299548072211 58.83185602661183 74.51851432910468 96.30920126310535 81.0743430202262 66.85312963224911 54.44573247290707 45.36562161972311 41.83833723991531 45.18360652613228 54.142175169100625 66.4823056378557 80.6667452624234 103.29016126255163 89.21919670112584 76.48510318955847 65.86786214636365 58.53099880974769 55.784215364726066 58.28016686964755 65.42152032100168 75.9083071606587 88.55995243216357
92.53315834849131 43.310684509123604 72.83121148591665 83.52059868263188 28.48276875542825 57.57345799262514 76.70058023720473 25.57535738900517 82.13457864721869 12.703108475362917 53.055919204599405 45.91317088666886 54.67057225695209 79.26230150867912 84.07078684099957 28.282455266561843 57.04919151770919 43.53842275520063 21.225761015441325 104.30748743399849 65.0515266878114 37.5706881311259 51.77517788805063 55.63856555082025 34.76282839821636 31.308896339534154 76.0969934251042 21.08193429303462 38.47765641143877 15.264550633268922 51.84052811379456 8.588220779558329 21.57633494419836 53.800968870469184 96.57902041232924 13.196006602716423 57.00336193266439 35.935646475716375 15.383900034245912 86.88827959836912 125.41880631391945 111.41931701935894 98.47507986826085 87.05807502950596 77.8432105189824 71.68481250302489 69.40136300629368 71.36578980569396 77.25472571892789 86.26818220453976 118.09665296475117 103.14734232407135 89.05407044356677 76.2927201247144 65.64472007111259 58.28016686964763 55.52139115315591 58.02904745853643 65.19826892181642 75.71629045204709 112.07127398225846 96.2230630623129 80.97215790693406 66.72936329135094 54.293927586435835 45.18360652613228 41.64121880044524 45.001433157420195 53.99048015890897 66.3590234091405 107.56091230116945 90.9549058657099 74.66558619315671 58.95603817035236 44.44534763782578 32.76695334225418 27.760896074086844 32.65534083679133 44.280752413602386 58.76996340177338 104.76149973408344 87.64211013773217 70.61175375868221 53.755118128485634 37.30842180802645 22.202175733148056 13.88047309912148 22.161026968940636 37.25945995141218 53.70415488679707 103.81158351535905 86.50965292946755 69.20772234357318 51.90579175768023 34.60386117178588 17.301930585894358 0.0 17.30193058589294 34.603861171787294 51.90579175767881 104.76149973408344 87.64211013773217 70.61175375868221 53.755118128485634 37.30842180802645 22.202175733148056 13.88047309912148 22.161026968940636 37.25945995141218 53.70415488679707 107.56091230116948 90.95490586570992 74.66558619315674 58.9560381703524 44.44534763782584 32.76695334225426 27.76089607408694 32.65534083679141 44.280752413602436 58.76996340177343 112.07127398225846 96.2230630623129 80.97215790693406 66.72936329135094 54.293927586435835 45.18360652613228 41.64121880044524 45.001433157420195 53.99048015890897 66.3590234091405 118.09665296475113 103.1473423240713 89.05407044356672 76.29272012471435 65.64472007111253 58.28016686964755 55.52139115315582 58.029047458536354 65.19826892181635 75.71629045204703
103.63259443835976 27.453260862741924 85.24360070815193 75.23365961755302 43.129642008916576 74.58039077984006 92.77792032862303 9.185782136493083 98.27362319168213 19.069488449943073 41.261924354459126 35.54090120265314 71.71038700071438 74.73957813587938 77.13101408686917 42.532578105741266 73.79912444546933 26.419701687790027 22.80677557428428 118.5316427174834 77.41938281098012 23.96632859624262 64.62545952709276 47.439309076592984 19.915851971214696 48.06515651751779 92.44079649695419 5.218464985332196 55.286163324957 32.349736268576365 39.39351110657901 25.802676928071737 38.09267316460513 49.40886776178404 88.84256998289507 30.228987519970406 73.41760946296705 18.900721771006427 4.0474515962672974 99.84991472790139 139.99325398315926 125.23529824831508 111.21303358559587 98.24198642871605 86.79474121408228 77.5490583739056 71.36578980569396 69.07232153595157 71.0463609066642 76.96021921531099 133.50460308943212 117.97195056614484 103.00476583438706 88.88915028958837 76.10045259133219 65.42152032100176 58.02904745853643 55.25815748142887 57.777644284356164 64.97497196093585 128.2309761503434 111.99737186592343 96.13711314358693 80.87016075705709 66.60575378273758 54.142175169100625 45.001433157420195 41.443793257651 44.81910499051272 53.83884753503213 124.32716332434734 107.52669531358175 90.9145022541143 74.61643978080357 58.89388169840729 44.362995480722056 32.65534083679133 27.629278907944357 32.543704021694026 44.198621478411106 121.92487057658218 104.75271791069079 87.63162910611061 70.59876482977717 53.73808181168163 37.28390998456543 22.161026968940636 13.814664474767438 22.119933508868602 37.23507255229009 121.11351410125201 103.81158351536045 86.50965292946613 69.20772234357318 51.90579175767881 34.603861171787294 17.30193058589294 0.0 17.301930585894358 34.60386117178588 121.92487057658218 104.75271791069079 87.63162910611061 70.59876482977717 53.73808181168163 37.28390998456543 22.161026968940636 13.814664474767438 22.119933508868602 37.23507255229009 124.32716332434735 107.5266953135818 90.91450225411432 74.61643978080359 58.89388169840732 44.36299548072211 32.65534083679141 27.629278907944446 32.543704021694104 44.198621478411155 128.2309761503434 111.99737186592343 96.13711314358693 80.87016075705709 66.60575378273758 54.142175169100625 45.001433157420195 41.443793257651 44.81910499051272 53.83884753503213 133.5046030894321 117.9719505661448 103.00476583438699 88.8891502895883 76.10045259133211 65.42152032100168 58.029047458536354 55.25815748142878 57.77764428435607 64.97497196093578
116.25717118191073 15.174331924130172 99.13251954861235 70.30794186548704 59.22647926118242 91.69776007701259 109.23010036373921 10.647618072241462 114.75203473324339 34.12674411401679 34.47999691632489 31.89044795751658 88.85156589154691 74.08227470569946 73.68294631363761 58.453869541061145 90.75639696818929 9.955928060893308 34.47429040667425 133.48461579491774 91.40307504494076 18.328261610476396 79.18924986424946 44.76639226902512 13.547723548508008 65.10748573066574 109.08051700107126 14.447502455770818 72.32774491548132 49.58546068187387 31.858529858347378 43.08726412986577 55.09336181681142 50.858921280340134 84.00700795121737 47.45695235213247 90.16440005488636 4.670907981170192 19.86989928789167 113.96987658085254 155.12908787799913 139.82912586542542 125.05209051654312 111.00701155135837 98.00907230488815 86.53144090262502 77.25472571892789 71.0463609066642 68.74277068474011 70.72652978893316 149.32794857896513 133.39447415491765 117.8475030519945 102.86243701635752 88.72444226713382 75.90830716065877 65.19826892181642 57.777644284356164 54.994516290943 57.525961091693986 144.65510922529978 128.1664909998435 111.92365006478559 96.05135455130664 80.76835529731468 66.4823056378557 53.99048015890897 44.81910499051272 41.24606206758399 44.636625540155435 141.22268522556513 124.29760714740986 107.49257345829828 90.87420668600224 74.56741526337014 58.83185602661179 44.280752413602386 32.543704021694026 27.497457973046817 32.43204595626695 139.12256792443495 121.91733659048562 104.7439625524921 87.6211794919814 70.58581425790776 53.7210938820184 37.25945995141218 22.119933508868602 13.748753964863916 22.07889687738994 138.4154446871464 121.11351410125484 103.81158351536045 86.50965292946755 69.20772234357318 51.905791757681655 34.603861171787294 17.301930585894358 0.0 17.301930585891526 139.12256792443495 121.91733659048562 104.7439625524921 87.6211794919814 70.58581425790776 53.7210938820184 37.25945995141218 22.119933508868602 13.748753964863916 22.07889687738994 141.22268522556516 124.29760714740988 107.4925734582983 90.87420668600227 74.56741526337018 58.83185602661183 44.280752413602436 32.543704021694104 27.497457973046906 32.43204595626702 144.65510922529978 128.1664909998435 111.92365006478559 96.05135455130664 80.76835529731468 66.4823056378557 53.99048015890897 44.81910499051272 41.24606206758399 44.636625540155435 149.32794857896513 133.39447415491762 117.84750305199445 102.86243701635748 88.72444226713377 75.9083071606587 65.19826892181635 57.77764428435607 54.994516290942904 57.52596109169391
129.96319116109086 17.480041324076623 113.95937994403707 69.46221889779105 75.85576836023297 108.87348900449058 125.9102695711172 27.222755867745107 131.44223974801022 50.63928106888773 35.6917626410306 37.007489766039406 106.04496661157096 77.38894686841947 74.21487000843831 74.98934102845757 107.82322902777895 9.947555220100575 49.55316328464869 148.94706751023142 106.36721770662547 26.385174027986118 94.67909415553072 48.54148195034798 23.856931887148317 82.25827175024115 125.89887769517885 31.447445122850137 89.46931614245676 66.85539566254928 32.81450864229878 60.381786300051274 72.23723784846857 57.7124356813949 82.58348875733091 64.72438883811785 107.08783425568318 16.88522967977342 37.03994438607858 128.86797515700113 170.67702016178032 154.98121738761475 139.66531732684285 124.86918985687117 110.80125846913936 97.77634567348795 86.26818220453976 76.96021921531099 70.72652978893316 68.41271288315473 165.44754752783285 149.22964876983932 133.28459789126939 117.72331490759555 102.72036110685431 88.55995243216363 75.71629045204709 64.97497196093585 57.525961091693986 54.73046952610052 161.26289899771575 144.59803662487258 128.10217451918336 111.85011111233612 95.96579033166792 80.6667452624234 66.3590234091405 53.83884753503213 44.636625540155435 41.048026688549264 158.2060672066715 141.1967057456475 124.26813608951497 107.45854783303132 90.83402049468403 74.51851432910465 58.76996340177338 44.198621478411106 32.43204595626695 27.36543424159924 156.34326448173894 139.1159754459505 121.90982562150107 104.73523392444575 87.610761614905 70.5729024463457 53.70415488679707 37.23507255229009 22.07889687738994 13.682742055513897 155.7173752730379 138.4154446871464 121.11351410125201 103.81158351535905 86.50965292946472 69.20772234357318 51.90579175767881 34.60386117178588 17.301930585891526 0.0 156.34326448173894 139.1159754459505 121.90982562150107 104.73523392444575 87.610761614905 70.5729024463457 53.70415488679707 37.23507255229009 22.07889687738994 13.682742055513897 158.2060672066715 141.1967057456475 124.268136089515 107.45854783303132 90.83402049468404 74.51851432910468 58.76996340177343 44.198621478411155 32.43204595626702 27.365434241599328 161.26289899771575 144.59803662487258 128.10217451918336 111.85011111233612 95.96579033166792 80.6667452624234 66.3590234091405 53.83884753503213 44.636625540155435 41.048026688549264 165.44754752783282 149.2296487698393 133.28459789126933 117.72331490759551 102.72036110685427 88.55995243216357 75.71629045204703 64.97497196093578 57.52596109169391 54.73046952610043
102.03589481291463 147.5441430722691 68.86860892908153 172.0893187438391 82.23221243680202 47.53743749456736 37.68306846528555 130.30761542639937 33.581009704835225 106.60659752667176 152.40199710426688 137.97483135341753 56.139713680061966 159.1820701833987 169.24573339167915 83.43532186261153 49.13829593737081 147.34139901458485 110.58031427505814 53.214321458374584 88.56639134867639 140.44469769377787 73.3393145405822 149.0402746717613 138.668136306107 74.14438210159176 35.39928634409986 124.91941662232507 66.9743144123594 90.68536072632767 152.17725217066157 96.18002905348997 86.99112559002491 140.67294575403267 181.8223115168401 92.77844863083527 50.944660864282355 139.76897251966017 119.30335031189522 63.585259098785734 85.63717875381 87.1756715229221 92.00079660311631 99.63620323462439 109.49555681927438 121.03659975118865 133.82495112110578 147.5366196973306 161.937235697675 176.8585875835554 71.36477919761118 73.27369589248786 79.01788325789705 87.84819750085569 98.94177226103011 111.62585433518223 125.41880631391945 139.99325398315926 155.12908787799913 170.67702016178032 57.09212678338551 59.53137894272129 66.53688297022894 76.8701898672478 89.38452306236493 103.29016126255163 118.09665296475113 133.5046030894321 149.32794857896513 165.44754752783282 42.819272084709105 46.092030988519745 54.90141317626376 67.10111479027492 81.17671237833639 96.3092012631053 112.07127398225842 128.23097615034334 144.65510922529975 161.26289899771575 28.546265673844303 33.32454629578909 44.77578681727373 59.1432699615392 74.76423794618765 90.99541618573286 107.56091230116945 124.32716332434734 141.22268522556513 158.2060672066715 14.273158122067928 22.408696249837586 37.40707011768865 53.806511913383886 70.6378450696884 87.65262226642709 104.76149973408344 121.92487057658218 139.12256792443495 156.34326448173894 0.0 17.301930585891526 34.60386117178588 51.90579175767881 69.20772234357318 86.50965292946472 103.81158351535905 121.11351410125201 138.4154446871464 155.7173752730379 14.273158122068015 22.408696249837647 37.40707011768868 53.80651191338391 70.63784506968842 87.65262226642712 104.76149973408346 121.92487057658218 139.12256792443495 156.34326448173894 28.546265673844395 33.32454629578916 44.77578681727379 59.143269961539225 74.76423794618766 90.9954161857329 107.56091230116948 124.32716332434735 141.22268522556516 158.2060672066715 42.8192720847092 46.092030988519824 54.90141317626382 67.10111479027498 81.17671237833643 96.30920126310535 112.07127398225846 128.2309761503434 144.65510922529978 161.26289899771575
94.79364007701939 130.5839532840022 55.84806215164195 157.15291459911333 64.96358775349532 30.260777335185008 23.5725563179438 113.21015510001172 21.2213820864483 89.30665867938632 136.0749688335491 120.84373463236543 41.358931603447964 145.0508029722489 154.66991218203233 66.18110048605088 31.862211482856285 130.07443817796175 93.31175236441065 49.15914035412941 77.50149640127897 123.66075043114266 57.32640807673651 133.29989541139832 121.74612517966186 56.88118763425021 20.44662384193205 107.67998085082353 49.69730242520863 73.78132622415386 135.73908603531925 79.05455550502266 70.417799538163 125.4432842480734 167.39491421012917 75.85412874570322 33.84671302347969 122.50978591298784 102.07966692848873 53.651317356843016 87.1756715229221 85.24605827993223 86.7920565335801 91.63792654008742 99.30174198711823 109.19175893876681 120.76225550741341 133.57725242730115 147.3123221300989 161.73322481754803 73.27369589248786 71.03884484141027 72.9567627867381 78.72451834995566 87.58481110058176 98.70834450154607 111.41931701935894 125.23529824831508 139.82912586542542 154.98121738761475 59.53137894272129 56.831378887424094 59.2817332587922 66.3139494717308 76.67759526240967 89.21919670112584 103.1473423240713 117.9719505661448 133.39447415491762 149.2296487698393 46.092030988519745 42.623710923003436 45.91068303294716 54.74948010468216 66.97704829501915 81.07434302022615 96.22306306231287 111.99737186592338 128.16649099984343 144.59803662487258 33.32454629578909 28.41589145188683 33.21310015797047 44.69302843959573 59.08073454154047 74.71485281147856 90.9549058657099 107.52669531358175 124.29760714740986 141.1967057456475 22.408696249837586 14.207970976844209 22.36729358692858 37.382319577436505 53.78933372916444 70.62478064038352 87.64211013773217 104.75271791069079 121.91733659048562 139.1159754459505 17.301930585891526 0.0 17.301930585894358 34.603861171787294 51.905791757681655 69.20772234357318 86.50965292946755 103.81158351536045 121.11351410125484 138.4154446871464 22.408696249837647 14.2079709768443 22.367293586928636 37.38231957743654 53.78933372916446 70.62478064038355 87.64211013773219 104.7527179106908 121.91733659048563 139.1159754459505 33.32454629578916 28.41589145188692 33.21310015797055 44.693028439595786 59.08073454154051 74.71485281147861 90.95490586570992 107.5266953135818 124.29760714740988 141.1967057456475 46.092030988519824 42.62371092300352 45.91068303294724 54.74948010468224 66.9770482950192 81.0743430202262 96.2230630623129 111.99737186592343 128.1664909998435 144.59803662487258
90.32728932695301 113.72674907385844 45.75841199677905 142.7516138651542 47.71909689357324 13.051241690538117 17.030248278017265 96.18583938074491 19.28009022006409 72.00767685434496 120.02136478973442 103.76933220381385 29.464649003816454 131.67845406875475 140.71290441236593 48.9605621215598 14.64726918395693 112.81819132799407 76.05835760758872 50.99195945825766 69.04818606259896 107.04185094118432 42.34016668424068 117.99753191186082 104.94806317999316 39.65177331971667 13.480805100574841 90.46440753082919 32.44685659005209 57.11607179919576 119.54491455925366 62.02709366841432 54.30090400165789 110.82351529429323 153.56246183251577 59.14870477003333 17.162601780715452 105.26463222861531 84.88781107125983 48.08892865232749 92.00079660311631 86.7920565335801 84.85430917060957 86.40789719813726 91.27471619995745 98.96717204233026 108.88804650517929 120.48813387897007 133.3298629073621 147.08838323387104 79.01788325789705 72.9567627867381 70.71238660082815 72.63940405889038 78.43094699154645 87.32143431284678 98.47507986826085 111.21303358559587 125.05209051654312 139.66531732684285 66.53688297022894 59.2817332587922 56.57021186987806 59.03178562394762 66.09094058166339 76.48510318955847 89.05407044356672 103.00476583438699 117.84750305199445 133.28459789126933 54.90141317626376 45.91068303294716 42.427835411896126 45.72916325868456 54.5975849312755 66.85312963224905 80.97215790693402 96.13711314358689 111.92365006478558 128.10217451918334 44.77578681727373 33.21310015797047 28.285307659750547 33.1016148703947 44.61036712419594 59.018323198432185 74.66558619315671 90.9145022541143 107.49257345829828 124.26813608951497 37.40707011768865 22.36729358692858 14.142679045357772 22.32593871086207 37.35762744908348 53.77220228408961 70.61175375868221 87.63162910611061 104.7439625524921 121.90982562150107 34.60386117178588 17.301930585894358 0.0 17.30193058589294 34.603861171787294 51.90579175767881 69.20772234357318 86.50965292946613 103.81158351536045 121.11351410125201 37.40707011768868 22.367293586928636 14.142679045357863 22.325938710862125 37.357627449083516 53.77220228408964 70.61175375868223 87.63162910611062 104.7439625524921 121.90982562150108 44.77578681727379 33.21310015797055 28.285307659750636 33.101614870394776 44.610367124195996 59.01832319843222 74.66558619315674 90.91450225411432 107.4925734582983 124.268136089515 54.90141317626382 45.91068303294724 42.42783541189621 45.72916325868464 54.59758493127556 66.85312963224911 80.97215790693406 96.13711314358693 111.92365006478559 128.10217451918336
89.05548172291687 97.02622302229074 40.83336825476418 129.06466483701212 30.539649406144978 4.865054753637062 24.962080925036904 79.28180167607468 29.863165882101946 54.71055986429779 104.36743414801262 86.78509322141473 24.98960593373266 119.32045481969669 127.5779662563381 31.8284256516737 3.5493731187622815 95.57846172236925 58.833475191571935 58.15875304165878 64.24574568843224 90.67879067153473 29.962860559911725 103.32797170502948 88.3446825431796 22.53375821684181 23.326219422624213 73.2895143311078 15.313023663043396 40.98193901250327 103.70910006572844 45.208525714840576 39.20740978782275 97.08954426459594 140.50078330479332 42.91854861230629 6.497939884884441 88.04175793654515 67.75201547095766 48.4285947466328 99.63620323462439 91.63792654008742 86.40789719813726 84.46193431508496 86.02319763184191 90.91117228259318 98.6325022135823 108.58442923205767 120.21424450247629 133.0827916033478 87.84819750085569 78.72451834995566 72.63940405889038 70.38540688356808 72.32162352930075 78.13717556457814 87.05807502950596 98.24198642871605 111.00701155135837 124.86918985687117 76.8701898672478 66.3139494717308 59.03178562394762 56.30862765691047 58.78153960680249 65.86786214636365 76.29272012471435 88.8891502895883 102.86243701635748 117.72331490759551 67.10111479027492 54.74948010468216 45.72916325868456 42.23164699600978 45.54747499837936 54.445732472907004 66.72936329135088 80.87016075705704 96.05135455130662 111.85011111233608 59.1432699615392 44.69302843959573 33.1016148703947 28.154515260517325 32.99009334170494 44.52780585696468 58.95603817035236 74.61643978080357 90.87420668600224 107.45854783303132 53.806511913383886 37.382319577436505 22.32593871086207 14.077282809149589 22.284633111075745 37.33299457768667 53.755118128485634 70.59876482977717 87.6211794919814 104.73523392444575 51.90579175767881 34.603861171787294 17.30193058589294 0.0 17.301930585894358 34.60386117178588 51.90579175768023 69.20772234357318 86.50965292946755 103.81158351535905 53.80651191338391 37.38231957743654 22.325938710862125 14.077282809149676 22.2846331110758 37.332994577686705 53.75511812848564 70.59876482977721 87.62117949198141 104.73523392444578 59.143269961539225 44.693028439595786 33.101614870394776 28.15451526051742 32.99009334170501 44.52780585696473 58.9560381703524 74.61643978080359 90.87420668600227 107.45854783303132 67.10111479027498 54.74948010468224 45.72916325868464 42.23164699600987 45.547474998379435 54.44573247290707 66.72936329135094 80.87016075705709 96.05135455130664 111.85011111233612
91.11209075845085 80.57985078538688 42.890571572484276 116.34445372852633 13.672661275087178 21.810919036179826 39.43214164168065 62.59556179711129 44.839797618579325 37.417893962537775 89.3235526464602 69.95671874967343 31.29705760613008 108.32452382251272 115.54579072174211 15.088875708997918 20.23282445791899 78.36615097992775 41.672475961737284 69.01741054379055 63.92240191157274 74.7397944308468 24.526861952902784 89.60255975909287 72.07065908985012 6.480038781847901 38.79697985292889 56.192614452466955 3.859072651745984 26.372430714271058 88.4243857566431 28.96504947669465 26.917743450188404 84.67350089289587 128.44523572609967 28.002615321373476 19.713065491868733 70.85741084356614 50.72912177404261 54.56019652398579 109.49555681927438 99.30174198711823 91.27471619995745 86.02319763184191 84.0689366072115 85.63796197877345 90.5473015586182 98.29774140324648 108.28091691370844 119.94059707589545 98.94177226103011 87.58481110058176 78.43094699154645 72.32162352930075 70.0579081011764 72.0034250495372 77.8432105189824 86.79474121408228 98.00907230488815 110.80125846913936 89.38452306236493 76.67759526240967 66.09094058166339 58.78153960680249 56.04662817775985 58.53099880974769 65.64472007111253 76.10045259133211 88.72444226713377 102.72036110685427 81.17671237833639 66.97704829501915 54.5975849312755 45.54747499837936 42.03514712227407 45.36562161972302 54.29392758643577 66.60575378273752 80.76835529731464 95.96579033166789 74.76423794618765 59.08073454154047 44.61036712419594 32.99009334170494 28.02351521880733 32.878538509794474 44.44534763782578 58.89388169840729 74.56741526337014 90.83402049468403 70.6378450696884 53.78933372916444 37.35762744908348 22.284633111075745 14.01178275052985 22.2433782840141 37.30842180802645 53.73808181168163 70.58581425790776 87.610761614905 69.20772234357318 51.905791757681655 34.603861171787294 17.301930585894358 0.0 17.301930585891526 34.60386117178588 51.90579175767881 69.20772234357318 86.50965292946472 70.63784506968842 53.78933372916446 37.357627449083516 22.2846331110758 14.01178275052994 22.243378284014153 37.30842180802649 53.73808181168165 70.58581425790777 87.610761614905 74.76423794618766 59.08073454154051 44.610367124195996 32.99009334170501 28.023515218807418 32.878538509794545 44.44534763782584 58.89388169840732 74.56741526337018 90.83402049468404 81.17671237833643 66.9770482950192 54.59758493127556 45.547474998379435 42.03514712227416 45.36562161972311 54.293927586435835 66.60575378273758 80.76835529731468 95.96579033166792
96.28406913627416 64.582092339033 51.09348068793803 104.94310779581886 6.31875381844662 39.070157460717745 55.546325597846504 46.362878863303294 61.05831803116721 20.14114718035385 75.2564631546502 53.431681466913595 43.96864531847413 99.14489314056257 104.99618234711355 6.40414829253618 37.481327385424215 61.204396223760426 24.708826579995836 82.11618072986379 68.1419465512184 59.566259197517105 30.067782555918992 77.32570383675497 56.4117617992541 13.225923677239381 55.36254605434564 39.27569291886076 19.849678754455194 17.61258037452265 74.03289996518437 15.25943087383576 22.596901689323772 74.2395985069689 117.70537413362963 18.02784583742843 36.51985877437073 53.748557105540556 33.98919027054542 64.86142016381196 121.03659975118865 109.19175893876681 98.96717204233026 90.91117228259318 85.63796197877345 83.6753189454314 85.25219441242221 90.18311087076549 97.96289860407566 107.97751942597753 111.62585433518223 98.70834450154607 87.32143431284678 78.13717556457814 72.0034250495372 69.7298926690251 71.68481250302489 77.5490583739056 86.53144090262502 97.77634567348795 103.29016126255163 89.21919670112584 76.48510318955847 65.86786214636365 58.53099880974769 55.784215364726066 58.28016686964755 65.42152032100168 75.9083071606587 88.55995243216357 96.3092012631053 81.07434302022615 66.85312963224905 54.445732472907004 45.36562161972302 41.83833723991523 45.183606526132195 54.142175169100554 66.48230563785566 80.66674526242335 90.99541618573286 74.71485281147856 59.018323198432185 44.52780585696468 32.878538509794474 27.892308500772014 32.76695334225418 44.362995480722056 58.83185602661179 74.51851432910465 87.65262226642709 70.62478064038352 53.77220228408961 37.33299457768667 22.2433782840141 13.946179352574479 22.202175733148056 37.28390998456543 53.7210938820184 70.5729024463457 86.50965292946472 69.20772234357318 51.90579175767881 34.60386117178588 17.301930585891526 0.0 17.301930585894358 34.603861171787294 51.905791757681655 69.20772234357318 87.65262226642712 70.62478064038355 53.77220228408964 37.332994577686705 22.243378284014153 13.94617935257457 22.202175733148113 37.28390998456546 53.72109388201844 70.57290244634572 90.9954161857329 74.71485281147861 59.01832319843222 44.52780585696473 32.878538509794545 27.8923085007721 32.76695334225426 44.36299548072211 58.83185602661183 74.51851432910468 96.30920126310535 81.0743430202262 66.85312963224911 54.44573247290707 45.36562161972311 41.83833723991531 45.18360652613228 54.142175169100625 66.4823056378557 80.6667452624234
104.10814322480606 49.470100555101205 63.08876191486524 95.33498618921591 22.172621321687362 56.35558359349566 72.2122355491394 31.297613589946973 77.7453595234788 3.1537951917583915 62.82575808042824 37.611948420199674 59.03971776453437 92.32493196599468 96.41702721420923 21.28533568065006 54.76354810109963 44.15218950789739 9.119779474050995 96.54756907141227 76.15293874754578 45.92330745290584 42.488666543489266 67.29492560674764 42.06071607423183 30.109346105166974 72.2739931944566 22.94042973999988 37.038366709072406 22.882591248371902 61.16839281129046 15.014633379864577 29.923003572432844 66.72427073318555 108.67198198275278 21.553934608263493 53.64241441421018 36.82058254544769 18.324829555252563 77.69102349558466 133.82495112110578 120.76225550741341 108.88804650517929 98.6325022135823 90.5473015586182 85.25219441242221 83.28108423275421 84.86589913627338 89.81860713526457 97.62798290052254 125.41880631391945 111.41931701935894 98.47507986826085 87.05807502950596 77.8432105189824 71.68481250302489 69.40136300629368 71.36578980569396 77.25472571892789 86.26818220453976 118.09665296475113 103.1473423240713 89.05407044356672 76.29272012471435 65.64472007111253 58.28016686964755 55.52139115315582 58.029047458536354 65.19826892181635 75.71629045204703 112.07127398225842 96.22306306231287 80.97215790693402 66.72936329135088 54.29392758643577 45.183606526132195 41.64121880044515 45.00143315742011 53.99048015890891 66.35902340914045 107.56091230116945 90.9549058657099 74.66558619315671 58.95603817035236 44.44534763782578 32.76695334225418 27.760896074086844 32.65534083679133 44.280752413602386 58.76996340177338 104.76149973408344 87.64211013773217 70.61175375868221 53.755118128485634 37.30842180802645 22.202175733148056 13.88047309912148 22.161026968940636 37.25945995141218 53.70415488679707 103.81158351535905 86.50965292946755 69.20772234357318 51.90579175768023 34.60386117178588 17.301930585894358 0.0 17.30193058589294 34.603861171787294 51.90579175767881 104.76149973408346 87.64211013773219 70.61175375868223 53.75511812848564 37.30842180802649 22.202175733148113 13.880473099121566 22.161026968940693 37.25945995141222 53.70415488679709 107.56091230116948 90.95490586570992 74.66558619315674 58.9560381703524 44.44534763782584 32.76695334225426 27.76089607408694 32.65534083679141 44.280752413602436 58.76996340177343 112.07127398225846 96.2230630623129 80.97215790693406 66.72936329135094 54.293927586435835 45.18360652613228 41.64121880044524 45.001433157420195 53.99048015890897 66.3590234091405
114.03974583717464 36.36543615566777 77.12681416427066 88.10870029452818 39.268780547824704 73.64876091066789 89.12088319337133 20.205855500643285 94.65345017672071 14.592485453293445 53.19134283954526 23.939188311016842 75.07892728640063 88.41239812309273 90.37125783245757 38.260049257893456 72.05522937086933 27.414718366139684 12.430931295274284 111.79669416260681 86.91322722240693 35.61558183607343 57.490979011247724 60.635355456426694 30.89710024970132 47.2962355786081 89.33510735230519 10.423996652261561 54.29903339096188 36.54770972508458 50.999784334774674 28.57868167012982 43.34585842912018 63.177786514421776 101.80035503876196 34.682172358611645 70.85217405938239 20.525993170523304 10.725985498565509 91.99722258259052 147.5366196973306 133.57725242730115 120.48813387897007 108.58442923205767 98.29774140324648 90.18311087076549 84.86589913627338 82.88623537673583 84.47908038442331 89.4537973432646 139.99325398315926 125.23529824831508 111.21303358559587 98.24198642871605 86.79474121408228 77.5490583739056 71.36578980569396 69.07232153595157 71.0463609066642 76.96021921531099 133.5046030894321 117.9719505661448 103.00476583438699 88.8891502895883 76.10045259133211 65.42152032100168 58.029047458536354 55.25815748142878 57.77764428435607 64.97497196093578 128.23097615034334 111.99737186592338 96.13711314358689 80.87016075705704 66.60575378273752 54.142175169100554 45.00143315742011 41.44379325765091 44.81910499051264 53.838847535032066 124.32716332434734 107.52669531358175 90.9145022541143 74.61643978080357 58.89388169840729 44.362995480722056 32.65534083679133 27.629278907944357 32.543704021694026 44.198621478411106 121.92487057658218 104.75271791069079 87.63162910611061 70.59876482977717 53.73808181168163 37.28390998456543 22.161026968940636 13.814664474767438 22.119933508868602 37.23507255229009 121.11351410125201 103.81158351536045 86.50965292946613 69.20772234357318 51.90579175767881 34.603861171787294 17.30193058589294 0.0 17.301930585894358 34.60386117178588 121.92487057658218 104.7527179106908 87.63162910611062 70.59876482977721 53.73808181168165 37.28390998456546 22.161026968940693 13.814664474767527 22.119933508868655 37.23507255229012 124.32716332434735 107.5266953135818 90.91450225411432 74.61643978080359 58.89388169840732 44.36299548072211 32.65534083679141 27.629278907944446 32.543704021694104 44.198621478411155 128.2309761503434 111.99737186592343 96.13711314358693 80.87016075705709 66.60575378273758 54.142175169100625 45.001433157420195 41.443793257651 44.81910499051272 53.83884753503213
125.57984075192547 28.21894655207087 92.28003315013189 83.88209762497482 56.49037633200961 90.94526787329247 106.15634159988105 20.874014390254764 111.68223811114636 31.853546623880913 48.06521060757597 18.17203355364036 91.57899823299869 87.79685116317472 87.38627823673707 55.437448334919864 89.35087878568751 12.346293021784778 28.715834248680746 127.57064840140464 99.53512866533872 32.0421244793652 73.51087808528924 58.50967809447593 27.18212226470604 64.54462478157686 106.473966046742 17.02260916869125 71.57962700940685 52.4077217513232 45.37716878119971 44.79682714212761 58.83070513275852 64.26065046763622 97.54841338772003 50.39688653848353 88.09804719266832 9.251523165509274 22.20376579113592 107.190416170288 161.937235697675 147.3123221300989 133.3298629073621 120.21424450247629 108.28091691370844 97.96289860407566 89.81860713526457 84.47908038442331 82.49077528945672 84.0917424222012 155.12908787799913 139.82912586542542 125.05209051654312 111.00701155135837 98.00907230488815 86.53144090262502 77.25472571892789 71.0463609066642 68.74277068474011 70.72652978893316 149.32794857896513 133.39447415491762 117.84750305199445 102.86243701635748 88.72444226713377 75.9083071606587 65.19826892181635 57.77764428435607 54.994516290942904 57.52596109169391 144.65510922529975 128.16649099984343 111.92365006478558 96.05135455130662 80.76835529731464 66.48230563785566 53.99048015890891 44.81910499051264 41.24606206758391 44.63662554015536 141.22268522556513 124.29760714740986 107.49257345829828 90.87420668600224 74.56741526337014 58.83185602661179 44.280752413602386 32.543704021694026 27.497457973046817 32.43204595626695 139.12256792443495 121.91733659048562 104.7439625524921 87.6211794919814 70.58581425790776 53.7210938820184 37.25945995141218 22.119933508868602 13.748753964863916 22.07889687738994 138.4154446871464 121.11351410125484 103.81158351536045 86.50965292946755 69.20772234357318 51.905791757681655 34.603861171787294 17.301930585894358 0.0 17.301930585891526 139.12256792443495 121.91733659048563 104.7439625524921 87.62117949198141 70.58581425790777 53.72109388201844 37.25945995141222 22.119933508868655 13.748753964864003 22.078896877389994 141.22268522556516 124.29760714740988 107.4925734582983 90.87420668600227 74.56741526337018 58.83185602661183 44.280752413602436 32.543704021694104 27.497457973046906 32.43204595626702 144.65510922529978 128.1664909998435 111.92365006478559 96.05135455130664 80.76835529731468 66.4823056378557 53.99048015890897 44.81910499051272 41.24606206758399 44.636625540155435
138.32643927560824 29.47681872423036 108.08038233149723 83.11407398909644 73.74958720921354 108.24350833545043 123.26604595373861 32.58656559351034 128.78385366516727 49.143359943706805 48.88673062772155 26.192992639645418 108.32954840799941 90.54555681778683 87.77491260357095 72.67395297523412 106.64856577037575 12.32916636268036 45.753509470240886 143.6967000900162 113.39871426106463 37.19723621874844 90.00664626669331 61.39067771767655 33.49350291630886 81.81562679427739 123.65824765241928 32.70461537407 88.8685238727028 68.9645968687129 45.99891968710831 61.607493403965265 75.11292440810332 69.75760728289333 96.26391677971019 66.8995618584923 105.36230196252139 18.670247848495897 38.33641518717445 122.94219860978063 176.8585875835554 161.73322481754803 147.08838323387104 133.0827916033478 119.94059707589545 107.97751942597753 97.62798290052254 89.4537973432646 84.0917424222012 82.09470688750076 170.67702016178032 154.98121738761475 139.66531732684285 124.86918985687117 110.80125846913936 97.77634567348795 86.26818220453976 76.96021921531099 70.72652978893316 68.41271288315473 165.44754752783282 149.2296487698393 133.28459789126933 117.72331490759551 102.72036110685427 88.55995243216357 75.71629045204703 64.97497196093578 57.52596109169391 54.73046952610043 161.26289899771575 144.59803662487258 128.10217451918334 111.85011111233608 95.96579033166789 80.66674526242335 66.35902340914045 53.838847535032066 44.63662554015536 41.04802668854918 158.2060672066715 141.1967057456475 124.26813608951497 107.45854783303132 90.83402049468403 74.51851432910465 58.76996340177338 44.198621478411106 32.43204595626695 27.36543424159924 156.34326448173894 139.1159754459505 121.90982562150107 104.73523392444575 87.610761614905 70.5729024463457 53.70415488679707 37.23507255229009 22.07889687738994 13.682742055513897 155.7173752730379 138.4154446871464 121.11351410125201 103.81158351535905 86.50965292946472 69.20772234357318 51.90579175767881 34.60386117178588 17.301930585891526 0.0 156.34326448173894 139.1159754459505 121.90982562150108 104.73523392444578 87.610761614905 70.57290244634572 53.70415488679709 37.23507255229012 22.078896877389994 13.682742055513986 158.2060672066715 141.1967057456475 124.268136089515 107.45854783303132 90.83402049468404 74.51851432910468 58.76996340177343 44.198621478411155 32.43204595626702 27.365434241599328 161.26289899771575 144.59803662487258 128.10217451918336 111.85011111233612 95.96579033166792 80.6667452624234 66.3590234091405 53.83884753503213 44.636625540155435 41.048026688549264
114.69051032571787 150.82692154827694 61.50356418531323 179.38487529512713 82.65616942633811 50.19428825440154 33.71308444651633 133.07244563484778 28.469424308275112 107.72746032841992 157.42443946871438 136.8090294140562 63.75398960724321 167.4424870919426 176.99567909086008 83.68557656925081 50.53653297880356 148.85027535870702 110.66061979535068 40.426716910212285 99.28107754154185 144.3418710428225 69.84623891429408 155.17492811962813 142.12027665395044 76.29615278133171 32.76841753155824 126.81879720709027 69.0943880127762 94.4485462635351 156.9512782754334 99.01385153856266 91.69442465189441 147.5957459749746 189.74371492379768 96.45791804834245 51.13677029516503 141.40003516374048 121.36664395594853 53.75398360031269 99.90927487676399 101.17135464497507 105.29998731114185 111.9785523529857 120.78480690065687 131.29130778391456 143.12410681130984 155.98165574589768 169.63109512657363 183.89617848724092 85.63717875381009 87.17567152292219 92.0007966031164 99.63620323462446 109.49555681927447 121.03659975118872 133.8249511211058 147.53661969733062 161.93723569767505 176.85858758355545 71.36477919761118 73.27369589248786 79.01788325789705 87.84819750085569 98.94177226103011 111.62585433518223 125.41880631391945 139.99325398315926 155.12908787799913 170.67702016178032 57.09212678338551 59.53137894272129 66.53688297022894 76.8701898672478 89.38452306236493 103.29016126255163 118.09665296475113 133.5046030894321 149.32794857896513 165.44754752783282 42.8192720847092 46.092030988519824 54.90141317626382 67.10111479027498 81.17671237833643 96.30920126310535 112.07127398225846 128.2309761503434 144.65510922529978 161.26289899771575 28.546265673844395 33.32454629578916 44.77578681727379 59.143269961539225 74.76423794618766 90.9954161857329 107.56091230116948 124.32716332434735 141.22268522556516 158.2060672066715 14.273158122068015 22.408696249837647 37.40707011768868 53.80651191338391 70.63784506968842 87.65262226642712 104.76149973408346 121.92487057658218 139.12256792443495 156.34326448173894 0.0 17.301930585891526 34.60386117178588 51.90579175767881 69.20772234357318 86.50965292946472 103.81158351535905 121.11351410125201 138.4154446871464 155.7173752730379 14.273158122067928 22.408696249837586 37.40707011768865 53.806511913383886 70.6378450696884 87.65262226642709 104.76149973408344 121.92487057658218 139.12256792443495 156.34326448173894 28.546265673844303 33.32454629578909 44.77578681727373 59.1432699615392 74.76423794618765 90.99541618573286 107.56091230116945 124.32716332434734 141.22268522556513 158.2060672066715
108.23992684487027 134.2652696952804 46.51022306495904 165.07415252415797 65.49697185975242 34.266396623030076 16.538419982698905 116.36753066333131 11.602604076730255 90.63563222891376 141.65220000489603 119.51708451864916 51.17900197330726 154.03058351093705 163.07613821924764 66.4948825267512 33.96957825847916 131.77338960272778 93.40646979014424 34.99496241908805 89.49860960766198 128.04981388063322 52.80575393803801 140.09482370810898 125.64631128380354 59.646471888597276 15.477203218041115 109.86779948257146 52.50692957926063 78.34020387231503 141.04651180903986 82.46353431345455 76.12641361809587 133.12586817751438 175.92861762862935 80.29290200567013 34.13387038076938 124.35895192896268 104.47275062869814 41.59499377082819 101.17135464497507 99.45296869634662 100.72143736281777 104.8684313143103 111.57344131909122 120.40989456069457 130.94700296815208 142.808814297948 155.69284592137058 169.36597082716054 87.17567152292219 85.24605827993233 86.79205653358018 91.6379265400875 99.3017419871183 109.19175893876688 120.76225550741349 133.5772524273012 147.31232213009892 161.7332248175481 73.27369589248786 71.03884484141027 72.9567627867381 78.72451834995566 87.58481110058176 98.70834450154607 111.41931701935894 125.23529824831508 139.82912586542542 154.98121738761475 59.53137894272129 56.831378887424094 59.2817332587922 66.3139494717308 76.67759526240967 89.21919670112584 103.1473423240713 117.9719505661448 133.39447415491762 149.2296487698393 46.092030988519824 42.62371092300352 45.91068303294724 54.74948010468224 66.9770482950192 81.0743430202262 96.2230630623129 111.99737186592343 128.1664909998435 144.59803662487258 33.32454629578916 28.41589145188692 33.21310015797055 44.693028439595786 59.08073454154051 74.71485281147861 90.95490586570992 107.5266953135818 124.29760714740988 141.1967057456475 22.408696249837647 14.2079709768443 22.367293586928636 37.38231957743654 53.78933372916446 70.62478064038355 87.64211013773219 104.7527179106908 121.91733659048563 139.1159754459505 17.301930585891526 0.0 17.301930585894358 34.603861171787294 51.905791757681655 69.20772234357318 86.50965292946755 103.81158351536045 121.11351410125484 138.4154446871464 22.408696249837586 14.207970976844209 22.36729358692858 37.382319577436505 53.78933372916444 70.62478064038352 87.64211013773217 104.75271791069079 121.91733659048562 139.1159754459505 33.32454629578909 28.41589145188683 33.21310015797047 44.69302843959573 59.08073454154047 74.71485281147856 90.9549058657099 107.52669531358175 124.29760714740986 141.1967057456475
104.29051582227059 117.9163699296899 33.799754666768145 151.38918662746678 48.43942060028971 20.678917389119665 3.0298798732339356 99.86609554810902 7.579330216067545 73.64198799334741 126.28116436892323 102.22851835806547 42.103627071042645 141.4656067015401 149.86276015369336 49.38194338164164 18.778611057892178 114.76392748665965 76.17399653110536 37.59897580913182 82.23110079162068 112.06086401257214 36.015430968863484 125.58880873024785 109.42816569519874 43.508760486578005 2.0079970849485806 93.0460652308495 36.587334098628865 62.86935627527521 125.51187186123818 66.29808730947157 61.49228627630986 119.4117830221464 162.78124526850723 64.71845981343864 17.71965712028442 107.40129851379355 87.7380173111242 34.19801740959689 105.29998731114185 100.72143736281777 98.99592914349992 100.27086045082548 104.43640337546883 111.16809195962593 120.03496330103546 130.60285442225617 142.49380398588204 155.40440208216705 92.0007966031164 86.79205653358018 84.85430917060965 86.40789719813736 91.27471619995752 98.96717204233032 108.88804650517935 120.48813387897015 133.32986290736216 147.0883832338711 79.01788325789705 72.9567627867381 70.71238660082815 72.63940405889038 78.43094699154645 87.32143431284678 98.47507986826085 111.21303358559587 125.05209051654312 139.66531732684285 66.53688297022894 59.2817332587922 56.57021186987806 59.03178562394762 66.09094058166339 76.48510318955847 89.05407044356672 103.00476583438699 117.84750305199445 133.28459789126933 54.90141317626382 45.91068303294724 42.42783541189621 45.72916325868464 54.59758493127556 66.85312963224911 80.97215790693406 96.13711314358693 111.92365006478559 128.10217451918336 44.77578681727379 33.21310015797055 28.285307659750636 33.101614870394776 44.610367124195996 59.01832319843222 74.66558619315674 90.91450225411432 107.4925734582983 124.268136089515 37.40707011768868 22.367293586928636 14.142679045357863 22.325938710862125 37.357627449083516 53.77220228408964 70.61175375868223 87.63162910611062 104.7439625524921 121.90982562150108 34.60386117178588 17.301930585894358 0.0 17.30193058589294 34.603861171787294 51.90579175767881 69.20772234357318 86.50965292946613 103.81158351536045 121.11351410125201 37.40707011768865 22.36729358692858 14.142679045357772 22.32593871086207 37.35762744908348 53.77220228408961 70.61175375868221 87.63162910611061 104.7439625524921 121.90982562150107 44.77578681727373 33.21310015797047 28.285307659750547 33.1016148703947 44.61036712419594 59.018323198432185 74.66558619315671 90.9145022541143 107.49257345829828 124.26813608951497
103.1300292857689 101.88269341363686 26.839450543494298 138.51557123688949 31.648298218516338 16.726076466204496 18.535225179761504 83.68859139363049 24.062119522878067 56.834667299775326 111.47741595149888 84.94539393494398 39.04928551925324 129.99337734489146 137.55918904971375 32.469932482821825 12.249617305754574 97.85705395514401 58.982202570700885 46.919358495979374 78.18305957983792 96.52576320170387 20.111885719796202 111.8804096494898 93.59891431567307 28.75821309162783 19.16334746448362 76.43898220508585 22.781583410518046 48.648053800072525 110.50356648916095 50.885641048001446 48.64235577945039 106.7451903854868 150.47672008330554 50.28634743867907 7.846317613445247 90.57394734218596 71.27464092162008 34.750157075741214 111.9785523529857 104.8684313143103 100.27086045082548 98.5381595890061 99.81962835737642 104.00391043647421 110.76251368043131 119.66002405528081 130.25887357651285 142.1790870736468 99.63620323462446 91.6379265400875 86.40789719813736 84.46193431508505 86.023197631842 90.91117228259327 98.63250221358238 108.58442923205774 120.21424450247636 133.08279160334783 87.84819750085569 78.72451834995566 72.63940405889038 70.38540688356808 72.32162352930075 78.13717556457814 87.05807502950596 98.24198642871605 111.00701155135837 124.86918985687117 76.8701898672478 66.3139494717308 59.03178562394762 56.30862765691047 58.78153960680249 65.86786214636365 76.29272012471435 88.8891502895883 102.86243701635748 117.72331490759551 67.10111479027498 54.74948010468224 45.72916325868464 42.23164699600987 45.547474998379435 54.44573247290707 66.72936329135094 80.87016075705709 96.05135455130664 111.85011111233612 59.143269961539225 44.693028439595786 33.101614870394776 28.15451526051742 32.99009334170501 44.52780585696473 58.9560381703524 74.61643978080359 90.87420668600227 107.45854783303132 53.80651191338391 37.38231957743654 22.325938710862125 14.077282809149676 22.2846331110758 37.332994577686705 53.75511812848564 70.59876482977721 87.62117949198141 104.73523392444578 51.90579175767881 34.603861171787294 17.30193058589294 0.0 17.301930585894358 34.60386117178588 51.90579175768023 69.20772234357318 86.50965292946755 103.81158351535905 53.806511913383886 37.382319577436505 22.32593871086207 14.077282809149589 22.284633111075745 37.33299457768667 53.755118128485634 70.59876482977717 87.6211794919814 104.73523392444575 59.1432699615392 44.69302843959573 33.1016148703947 28.154515260517325 32.99009334170494 44.52780585696468 58.95603817035236 74.61643978080357 90.87420668600224 107.45854783303132
104.85111116975207 86.34003362346006 29.949940223572032 126.70086335667189 15.986408568277495 27.0299457311794 35.7301348553118 68.06637981492726 41.22182030900939 40.446617459944356 97.4996981812063 67.67188077091411 43.30916882234303 119.92790117633301 126.43131610340882 16.392984844897523 23.37055668318275 81.1169407542596 41.88121316741186 59.89889025685547 77.85827974905494 81.70380646257965 10.515592563843704 99.30050949412916 78.39448628861656 18.967586884198166 36.457500198267795 60.22438542680314 17.265000219809924 37.14053153945239 96.26807975763936 37.17486709380265 39.36449368790457 95.54361316462885 139.2386689485663 38.310092754658804 20.19545647079309 73.96588381843816 55.32540008402023 42.9459028653255 120.78480690065687 111.57344131909122 104.43640337546883 99.81962835737642 98.07966340902357 99.36774555776108 103.57095950941113 110.35671598699412 119.2850878599569 129.91507194977265 109.49555681927447 99.3017419871183 91.27471619995752 86.023197631842 84.06893660721158 85.63796197877353 90.54730155861827 98.29774140324655 108.2809169137085 119.94059707589551 98.94177226103011 87.58481110058176 78.43094699154645 72.32162352930075 70.0579081011764 72.0034250495372 77.8432105189824 86.79474121408228 98.00907230488815 110.80125846913936 89.38452306236493 76.67759526240967 66.09094058166339 58.78153960680249 56.04662817775985 58.53099880974769 65.64472007111253 76.10045259133211 88.72444226713377 102.72036110685427 81.17671237833643 66.9770482950192 54.59758493127556 45.547474998379435 42.03514712227416 45.36562161972311 54.293927586435835 66.60575378273758 80.76835529731468 95.96579033166792 74.76423794618766 59.08073454154051 44.610367124195996 32.99009334170501 28.023515218807418 32.878538509794545 44.44534763782584 58.89388169840732 74.56741526337018 90.83402049468404 70.63784506968842 53.78933372916446 37.357627449083516 22.2846331110758 14.01178275052994 22.243378284014153 37.30842180802649 53.73808181168165 70.58581425790777 87.610761614905 69.20772234357318 51.905791757681655 34.603861171787294 17.301930585894358 0.0 17.301930585891526 34.60386117178588 51.90579175767881 69.20772234357318 86.50965292946472 70.6378450696884 53.78933372916444 37.35762744908348 22.284633111075745 14.01178275052985 22.2433782840141 37.30842180802645 53.73808181168163 70.58581425790776 87.610761614905 74.76423794618765 59.08073454154047 44.61036712419594 32.99009334170494 28.02351521880733 32.878538509794474 44.44534763782578 58.89388169840729 74.56741526337014 90.83402049468403
109.3177451717475 71.6088323063971 40.89439884977068 116.26831782509932 10.403312186335224 42.19225783495959 52.994755070558305 53.48824389643786 58.46541599516702 25.3059432990675 84.7576728651348 50.417858489014655 53.15287034644075 111.6502927079702 116.81561745420699 9.048571279964069 39.25589917316806 64.67321128479553 25.057636288663815 74.65276645107951 81.30139419511346 68.06250311237845 20.380885338041917 88.3325774916779 64.25993779780573 22.163389520659056 53.75665871572861 44.830191316390184 25.997540001829858 31.47878320408295 83.20303419225742 27.808329986941445 36.49321901575122 86.37889188645326 129.34537001257743 31.706757089230223 36.78126607904082 57.766556226004205 40.502296843493184 55.49626891152591 131.29130778391456 120.40989456069457 111.16809195962593 104.00391043647421 99.36774555776108 97.62044398506242 98.91521655470022 103.13755767799654 109.95070848613678 118.9101658558116 121.03659975118872 109.19175893876688 98.96717204233032 90.91117228259327 85.63796197877353 83.6753189454315 85.2521944124223 90.18311087076557 97.96289860407573 107.9775194259776 111.62585433518223 98.70834450154607 87.32143431284678 78.13717556457814 72.0034250495372 69.7298926690251 71.68481250302489 77.5490583739056 86.53144090262502 97.77634567348795 103.29016126255163 89.21919670112584 76.48510318955847 65.86786214636365 58.53099880974769 55.784215364726066 58.28016686964755 65.42152032100168 75.9083071606587 88.55995243216357 96.30920126310535 81.0743430202262 66.85312963224911 54.44573247290707 45.36562161972311 41.83833723991531 45.18360652613228 54.142175169100625 66.4823056378557 80.6667452624234 90.9954161857329 74.71485281147861 59.01832319843222 44.52780585696473 32.878538509794545 27.8923085007721 32.76695334225426 44.36299548072211 58.83185602661183 74.51851432910468 87.65262226642712 70.62478064038355 53.77220228408964 37.332994577686705 22.243378284014153 13.94617935257457 22.202175733148113 37.28390998456546 53.72109388201844 70.57290244634572 86.50965292946472 69.20772234357318 51.90579175767881 34.60386117178588 17.301930585891526 0.0 17.301930585894358 34.603861171787294 51.905791757681655 69.20772234357318 87.65262226642709 70.62478064038352 53.77220228408961 37.33299457768667 22.2433782840141 13.946179352574479 22.202175733148056 37.28390998456543 53.7210938820184 70.5729024463457 90.99541618573286 74.71485281147856 59.018323198432185 44.52780585696468 32.878538509794474 27.892308500772014 32.76695334225418 44.362995480722056 58.83185602661179 74.51851432910465
116.21378845774395 58.30740597869138 55.19433774506312 107.62064086357042 23.655986910972356 58.5531177554537 70.27772874171056 41.08114958937077 75.73562431003985 15.6065727820307 73.89337020265889 33.21371664539347 66.13227098357052 105.58189853441279 109.1126155028355 22.220184195686688 55.98733093090927 48.826238340786375 10.022354019702366 90.31556707427511 88.0715943018318 56.4641477419216 36.31661255934466 79.64537177668538 52.073881526157365 34.94816545579949 71.05716707527023 31.483747567225187 40.64942931155705 34.65713873768211 71.94889410503431 27.628714855173914 41.38422148921107 79.95454028288724 121.1267795656739 33.78879183220512 53.81988403024607 42.446543848787144 28.61263539016759 70.10013756954946 143.12410681130984 130.94700296815208 120.03496330103546 110.76251368043131 103.57095950941113 98.91521655470022 97.1605047039591 98.46204587886672 102.7037120990221 109.54450088771144 133.8249511211058 120.76225550741349 108.88804650517935 98.63250221358238 90.54730155861827 85.2521944124223 83.2810842327543 84.86589913627347 89.81860713526466 97.62798290052261 125.41880631391945 111.41931701935894 98.47507986826085 87.05807502950596 77.8432105189824 71.68481250302489 69.40136300629368 71.36578980569396 77.25472571892789 86.26818220453976 118.09665296475113 103.1473423240713 89.05407044356672 76.29272012471435 65.64472007111253 58.28016686964755 55.52139115315582 58.029047458536354 65.19826892181635 75.71629045204703 112.07127398225846 96.2230630623129 80.97215790693406 66.72936329135094 54.293927586435835 45.18360652613228 41.64121880044524 45.001433157420195 53.99048015890897 66.3590234091405 107.56091230116948 90.95490586570992 74.66558619315674 58.9560381703524 44.44534763782584 32.76695334225426 27.76089607408694 32.65534083679141 44.280752413602436 58.76996340177343 104.76149973408346 87.64211013773219 70.61175375868223 53.75511812848564 37.30842180802649 22.202175733148113 13.880473099121566 22.161026968940693 37.25945995141222 53.70415488679709 103.81158351535905 86.50965292946755 69.20772234357318 51.90579175768023 34.60386117178588 17.301930585894358 0.0 17.30193058589294 34.603861171787294 51.90579175767881 104.76149973408344 87.64211013773217 70.61175375868221 53.755118128485634 37.30842180802645 22.202175733148056 13.88047309912148 22.161026968940636 37.25945995141218 53.70415488679707 107.56091230116945 90.9549058657099 74.66558619315671 58.95603817035236 44.44534763782578 32.76695334225418 27.760896074086844 32.65534083679133 44.280752413602386 58.76996340177338
125.13824821983266 47.64858433655027 70.84622858588929 101.21635542848394 40.12101314482409 75.33565490009569 87.56818950447952 33.36222280586663 93.01762325504049 21.10573161942944 65.84293657578867 16.218970479691333 80.74919827530346 102.11733344679654 103.74922088615551 38.78543260772723 72.98527066669135 34.410608178949275 13.104325527843828 106.48697293704788 97.47809394699719 48.40040228674416 53.11426615169593 74.04602746624971 43.50567865047349 50.499947061774584 88.3582323847462 23.9043410765053 56.81190266310045 44.83335257866544 63.47628354694585 36.770895380721214 51.886988982692586 76.95991594204581 114.94269391552079 43.32153312104761 70.98599587252922 29.413503167201856 24.405746405250607 85.71423945487014 155.98165574589768 142.808814297948 130.60285442225617 119.66002405528081 110.35671598699412 103.13755767799654 98.46204587886672 96.6998489578519 98.00823808943697 102.26943000383685 147.53661969733062 133.5772524273012 120.48813387897015 108.58442923205774 98.29774140324655 90.18311087076557 84.86589913627347 82.88623537673591 84.47908038442338 89.45379734326467 139.99325398315926 125.23529824831508 111.21303358559587 98.24198642871605 86.79474121408228 77.5490583739056 71.36578980569396 69.07232153595157 71.0463609066642 76.96021921531099 133.5046030894321 117.9719505661448 103.00476583438699 88.8891502895883 76.10045259133211 65.42152032100168 58.029047458536354 55.25815748142878 57.77764428435607 64.97497196093578 128.2309761503434 111.99737186592343 96.13711314358693 80.87016075705709 66.60575378273758 54.142175169100625 45.001433157420195 41.443793257651 44.81910499051272 53.83884753503213 124.32716332434735 107.5266953135818 90.91450225411432 74.61643978080359 58.89388169840732 44.36299548072211 32.65534083679141 27.629278907944446 32.543704021694104 44.198621478411155 121.92487057658218 104.7527179106908 87.63162910611062 70.59876482977721 53.73808181168165 37.28390998456546 22.161026968940693 13.814664474767527 22.119933508868655 37.23507255229012 121.11351410125201 103.81158351536045 86.50965292946613 69.20772234357318 51.90579175767881 34.603861171787294 17.30193058589294 0.0 17.301930585894358 34.60386117178588 121.92487057658218 104.75271791069079 87.63162910611061 70.59876482977717 53.73808181168163 37.28390998456543 22.161026968940636 13.814664474767438 22.119933508868602 37.23507255229009 124.32716332434734 107.52669531358175 90.9145022541143 74.61643978080357 58.89388169840729 44.362995480722056 32.65534083679133 27.629278907944357 32.543704021694026 44.198621478411106
135.69148472843554 41.710033041445826 87.12445933491192 97.4985462943036 57.08326235900636 92.3101647827072 104.86243385018675 33.72126053465447 110.3058711340496 35.29944965328828 61.71749768717709 4.655378038438203 96.26055732171447 101.52352111010207 101.098478720573 55.799607819770415 90.09900747759835 24.143104028246896 29.0122808256287 122.9664864369789 108.83949617478333 45.77882931988892 70.15744615005265 72.2560105513675 40.89626411737224 66.91656736990717 105.65958105378577 27.391961188474188 73.49503812274418 58.46067486653871 58.996021297820285 50.39406516939524 65.34961779792395 77.79211665421235 111.13326781105015 56.66159881713855 88.20519606762488 22.96323735486303 31.16582600357292 101.87512226810237 169.63109512657363 155.69284592137058 142.49380398588204 130.25887357651285 119.2850878599569 109.95070848613678 102.7037120990221 98.00823808943697 96.2384801441555 97.55379777464749 161.93723569767505 147.31232213009892 133.32986290736216 120.21424450247636 108.2809169137085 97.96289860407573 89.81860713526466 84.47908038442338 82.4907752894568 84.09174242220126 155.12908787799913 139.82912586542542 125.05209051654312 111.00701155135837 98.00907230488815 86.53144090262502 77.25472571892789 71.0463609066642 68.74277068474011 70.72652978893316 149.32794857896513 133.39447415491762 117.84750305199445 102.86243701635748 88.72444226713377 75.9083071606587 65.19826892181635 57.77764428435607 54.994516290942904 57.52596109169391 144.65510922529978 128.1664909998435 111.92365006478559 96.05135455130664 80.76835529731468 66.4823056378557 53.99048015890897 44.81910499051272 41.24606206758399 44.636625540155435 141.22268522556516 124.29760714740988 107.4925734582983 90.87420668600227 74.56741526337018 58.83185602661183 44.280752413602436 32.543704021694104 27.497457973046906 32.43204595626702 139.12256792443495 121.91733659048563 104.7439625524921 87.62117949198141 70.58581425790777 53.72109388201844 37.25945995141222 22.119933508868655 13.748753964864003 22.078896877389994 138.4154446871464 121.11351410125484 103.81158351536045 86.50965292946755 69.20772234357318 51.905791757681655 34.603861171787294 17.301930585894358 0.0 17.301930585891526 139.12256792443495 121.91733659048562 104.7439625524921 87.6211794919814 70.58581425790776 53.7210938820184 37.25945995141218 22.119933508868602 13.748753964863916 22.07889687738994 141.22268522556513 124.29760714740986 107.49257345829828 90.87420668600224 74.56741526337014 58.83185602661179 44.280752413602386 32.543704021694026 27.497457973046817 32.43204595626695
147.52436479144248 42.51789497530484 103.7345884828061 96.77732229221908 74.20252794928574 109.38731401675454 122.15885484388065 41.95136894162365 127.5978279654577 51.4330908063317 62.301700069367456 19.46801472106786 112.29631733315881 103.84971806951893 101.37340655974272 72.94926960908595 107.27313488111336 24.09149437346835 45.93925177438661 139.64507080382305 121.60911604935838 49.472283122867275 87.30247586504484 74.55022385823413 45.28763814747745 83.69062835635694 122.96109347137411 39.0887759749359 90.41106755652136 73.64767662757642 59.41817256656796 65.77032048044293 80.29690249380877 82.33518547388101 109.94561254489595 71.71490151345914 105.45148138817538 28.074497118594675 44.10994970097438 118.35902315644331 183.89617848724092 169.36597082716054 155.40440208216705 142.1790870736468 129.91507194977265 118.9101658558116 109.54450088771144 102.26943000383685 97.55379777464749 95.77640166553627 176.85858758355545 161.7332248175481 147.0883832338711 133.08279160334783 119.94059707589551 107.9775194259776 97.62798290052261 89.45379734326467 84.09174242220126 82.09470688750085 170.67702016178032 154.98121738761475 139.66531732684285 124.86918985687117 110.80125846913936 97.77634567348795 86.26818220453976 76.96021921531099 70.72652978893316 68.41271288315473 165.44754752783282 149.2296487698393 133.28459789126933 117.72331490759551 102.72036110685427 88.55995243216357 75.71629045204703 64.97497196093578 57.52596109169391 54.73046952610043 161.26289899771575 144.59803662487258 128.10217451918336 111.85011111233612 95.96579033166792 80.6667452624234 66.3590234091405 53.83884753503213 44.636625540155435 41.048026688549264 158.2060672066715 141.1967057456475 124.268136089515 107.45854783303132 90.83402049468404 74.51851432910468 58.76996340177343 44.198621478411155 32.43204595626702 27.365434241599328 156.34326448173894 139.1159754459505 121.90982562150108 104.73523392444578 87.610761614905 70.57290244634572 53.70415488679709 37.23507255229012 22.078896877389994 13.682742055513986 155.7173752730379 138.4154446871464 121.11351410125201 103.81158351535905 86.50965292946472 69.20772234357318 51.90579175767881 34.60386117178588 17.301930585891526 0.0 156.34326448173894 139.1159754459505 121.90982562150107 104.73523392444575 87.610761614905 70.5729024463457 53.70415488679707 37.23507255229009 22.07889687738994 13.682742055513897 158.2060672066715 141.1967057456475 124.26813608951497 107.45854783303132 90.83402049468403 74.51851432910465 58.76996340177338 44.198621478411106 32.43204595626695 27.36543424159924
127.6657535209151 155.30624279085683 56.77999821892243 187.44136309533837 85.44323731671471 56.40439841188257 35.45367162346138 137.22243641366126 29.96242241170253 110.64083346468091 163.49414767295303 137.07317650078042 73.34503671175766 176.4315976934438 185.47929144734925 86.27614987866829 55.636954491539996 151.64063625891143 112.51257933362143 29.019262854658983 110.7710587363376 149.4560472912004 69.12560137376552 162.29029020428115 146.83408732006984 80.89675733699222 36.03263752031383 130.2119758537545 73.91040120323385 100.07530719140294 162.79194620451375 103.70171599932237 98.2174020530386 155.47983536631716 198.33494260842966 101.97075440144451 55.10522046854167 144.37784063644534 124.98422100219422 46.247230814230605 114.18101698928432 115.2264421594825 118.80913609608828 124.71061775837812 132.6216990433975 142.20738885534763 153.15357437457604 165.19002013158308 178.09581035141815 191.69544095224427 99.90927487676399 101.17135464497507 105.29998731114185 111.9785523529857 120.78480690065687 131.29130778391456 143.12410681130984 155.98165574589768 169.63109512657363 183.89617848724092 85.63717875381 87.1756715229221 92.00079660311631 99.63620323462439 109.49555681927438 121.03659975118865 133.82495112110578 147.5366196973306 161.937235697675 176.8585875835554 71.3647791976111 73.2736958924878 79.01788325789697 87.84819750085562 98.94177226103004 111.62585433518218 125.41880631391939 139.99325398315924 155.1290878779991 170.6770201617803 57.09212678338551 59.53137894272129 66.53688297022894 76.8701898672478 89.38452306236493 103.29016126255163 118.09665296475113 133.5046030894321 149.32794857896513 165.44754752783282 42.8192720847092 46.092030988519824 54.90141317626382 67.10111479027498 81.17671237833643 96.30920126310535 112.07127398225846 128.2309761503434 144.65510922529978 161.26289899771575 28.546265673844395 33.32454629578916 44.77578681727379 59.143269961539225 74.76423794618766 90.9954161857329 107.56091230116948 124.32716332434735 141.22268522556516 158.2060672066715 14.273158122067928 22.408696249837586 37.40707011768865 53.806511913383886 70.6378450696884 87.65262226642709 104.76149973408344 121.92487057658218 139.12256792443495 156.34326448173894 0.0 17.301930585891526 34.60386117178588 51.90579175767881 69.20772234357318 86.50965292946472 103.81158351535905 121.11351410125201 138.4154446871464 155.7173752730379 14.273158122067928 22.408696249837586 37.40707011768865 53.806511913383886 70.6378450696884 87.65262226642709 104.76149973408344 121.92487057658218 139.12256792443495 156.34326448173894
121.84470757855101 139.25567209741476 40.087854436708724 173.75629481071692 68.9653043125009 42.81528347818371 19.833301318815554 121.07015039520373 14.881545213937748 94.06429602576814 148.3384446375269 119.8179742747076 62.67535621117392 163.71429616503647 172.20574930108603 69.71263999055024 41.1459045198374 134.90314467671942 95.58338119520631 20.882168629865234 102.04143884464463 133.76247474906427 51.85323102660058 147.90227140997908 130.93061662863587 65.40316870289402 21.519738430362956 113.75010844375605 58.67315819841407 85.01009007056237 147.48921022124426 88.01241832884479 83.83525788763122 141.77806256890779 185.12064869522686 86.80925145913709 39.8096607087506 127.71937016888786 108.63546738127619 31.351094461389508 115.2264421594825 113.65952558207304 114.71047309544922 118.30954153956465 124.23547279089719 132.17567052112574 141.79214771073427 152.7686765082055 164.83377683176522 177.76594031953786 101.17135464497507 99.45296869634662 100.72143736281777 104.8684313143103 111.57344131909122 120.40989456069457 130.94700296815208 142.808814297948 155.69284592137058 169.36597082716054 87.1756715229221 85.24605827993223 86.7920565335801 91.63792654008742 99.30174198711823 109.19175893876681 120.76225550741341 133.57725242730115 147.3123221300989 161.73322481754803 73.2736958924878 71.03884484141018 72.95676278673801 78.72451834995559 87.58481110058169 98.708344501546 111.41931701935887 125.23529824831503 139.8291258654254 154.9812173876147 59.53137894272129 56.831378887424094 59.2817332587922 66.3139494717308 76.67759526240967 89.21919670112584 103.1473423240713 117.9719505661448 133.39447415491762 149.2296487698393 46.092030988519824 42.62371092300352 45.91068303294724 54.74948010468224 66.9770482950192 81.0743430202262 96.2230630623129 111.99737186592343 128.1664909998435 144.59803662487258 33.32454629578916 28.41589145188692 33.21310015797055 44.693028439595786 59.08073454154051 74.71485281147861 90.95490586570992 107.5266953135818 124.29760714740988 141.1967057456475 22.408696249837586 14.207970976844209 22.36729358692858 37.382319577436505 53.78933372916444 70.62478064038352 87.64211013773217 104.75271791069079 121.91733659048562 139.1159754459505 17.301930585891526 0.0 17.301930585894358 34.603861171787294 51.905791757681655 69.20772234357318 86.50965292946755 103.81158351536045 121.11351410125484 138.4154446871464 22.408696249837586 14.207970976844209 22.36729358692858 37.382319577436505 53.78933372916444 70.62478064038352 87.64211013773217 104.75271791069079 121.91733659048562 139.1159754459505
118.28933584289162 123.54332907262908 24.26554717565967 160.76967709852568 53.015002668362285 32.91731986625976 11.334453142291077 105.28375322626749 11.995295646067522 77.80423477912352 133.7046665842414 102.57851320321227 55.45814530447376 151.90550108822976 159.70510848755865 53.617547941390185 29.819632611324412 118.3281093918808 78.81621891512097 25.074365863176403 95.67316974664995 118.51744774578347 34.61040182293453 134.2039593878012 115.43007620267014 51.083970772330076 15.051904324693087 97.57931334706272 44.9559831087288 70.9722990167707 132.6785756257198 73.05498818760789 70.77248047071785 128.94468615784754 172.63023526970755 72.61102564941861 27.050769187887546 111.25745437247076 92.63358193420807 20.632199927089186 118.80913609608828 114.71047309544922 113.13719608187365 114.19373152052135 117.80934674961343 123.75995606704565 131.7295029601542 141.37697073266273 152.38400321007532 164.47787599089247 105.29998731114185 100.72143736281777 98.99592914349992 100.27086045082548 104.43640337546883 111.16809195962593 120.03496330103546 130.60285442225617 142.49380398588204 155.40440208216705 92.00079660311631 86.7920565335801 84.85430917060957 86.40789719813726 91.27471619995745 98.96717204233026 108.88804650517929 120.48813387897007 133.3298629073621 147.08838323387104 79.01788325789697 72.95676278673801 70.71238660082807 72.63940405889029 78.43094699154636 87.32143431284672 98.47507986826078 111.21303358559582 125.05209051654306 139.66531732684282 66.53688297022894 59.2817332587922 56.57021186987806 59.03178562394762 66.09094058166339 76.48510318955847 89.05407044356672 103.00476583438699 117.84750305199445 133.28459789126933 54.90141317626382 45.91068303294724 42.42783541189621 45.72916325868464 54.59758493127556 66.85312963224911 80.97215790693406 96.13711314358693 111.92365006478559 128.10217451918336 44.77578681727379 33.21310015797055 28.285307659750636 33.101614870394776 44.610367124195996 59.01832319843222 74.66558619315674 90.91450225411432 107.4925734582983 124.268136089515 37.40707011768865 22.36729358692858 14.142679045357772 22.32593871086207 37.35762744908348 53.77220228408961 70.61175375868221 87.63162910611061 104.7439625524921 121.90982562150107 34.60386117178588 17.301930585894358 0.0 17.30193058589294 34.603861171787294 51.90579175767881 69.20772234357318 86.50965292946613 103.81158351536045 121.11351410125201 37.40707011768865 22.36729358692858 14.142679045357772 22.32593871086207 37.35762744908348 53.77220228408961 70.61175375868221 87.63162910611061 104.7439625524921 121.90982562150107
117.20600347414364 108.31650332037276 13.011929792892658 148.6646624643888 38.258054449284074 30.539490890012083 21.500995141657707 90.05586702568937 25.788116368281973 62.10970550647081 119.78425376985872 85.36433067208384 53.119781848287246 141.2332827035339 148.1731160247183 38.58162589006457 26.156180838889313 101.99476286085768 62.34197076187627 37.68413707233761 92.15708305789033 103.9185612877312 17.484730613509246 121.42899479683733 100.51904080256946 39.24637726201411 24.26382104571413 81.87224391041157 34.61575044656317 58.70368430886143 118.54463144847696 59.38503564361752 59.898569657168174 117.26516274912154 161.03223320378794 60.06312907533 21.849265585783478 95.09422578903177 77.19457679262868 21.614717386728824 124.71061775837812 118.30954153956465 114.19373152052135 112.61403234100696 113.67622224583015 117.30855889652355 123.28407739231154 131.2832081702865 140.96187078836718 151.9995675746296 111.9785523529857 104.8684313143103 100.27086045082548 98.5381595890061 99.81962835737642 104.00391043647421 110.76251368043131 119.66002405528081 130.25887357651285 142.1790870736468 99.63620323462439 91.63792654008742 86.40789719813726 84.46193431508496 86.02319763184191 90.91117228259318 98.6325022135823 108.58442923205767 120.21424450247629 133.0827916033478 87.84819750085562 78.72451834995559 72.63940405889029 70.38540688356798 72.32162352930065 78.13717556457807 87.0580750295059 98.24198642871599 111.00701155135833 124.86918985687113 76.8701898672478 66.3139494717308 59.03178562394762 56.30862765691047 58.78153960680249 65.86786214636365 76.29272012471435 88.8891502895883 102.86243701635748 117.72331490759551 67.10111479027498 54.74948010468224 45.72916325868464 42.23164699600987 45.547474998379435 54.44573247290707 66.72936329135094 80.87016075705709 96.05135455130664 111.85011111233612 59.143269961539225 44.693028439595786 33.101614870394776 28.15451526051742 32.99009334170501 44.52780585696473 58.9560381703524 74.61643978080359 90.87420668600227 107.45854783303132 53.806511913383886 37.382319577436505 22.32593871086207 14.077282809149589 22.284633111075745 37.33299457768667 53.755118128485634 70.59876482977717 87.6211794919814 104.73523392444575 51.90579175767881 34.603861171787294 17.30193058589294 0.0 17.301930585894358 34.60386117178588 51.90579175768023 69.20772234357318 86.50965292946755 103.81158351535905 53.806511913383886 37.382319577436505 22.32593871086207 14.077282809149589 22.284633111075745 37.33299457768667 53.755118128485634 70.59876482977717 87.6211794919814 104.73523392444575
118.66243547879029 93.81190975260489 18.668601579788536 137.6739930503166 26.748418007521956 37.1548135408362 37.34740597874654 75.72418896258564 42.247838672699224 47.54410050174999 106.8563658040108 68.19457236204137 56.27180737478312 131.97366183399546 137.85308121678625 26.47552457849382 32.82973316628112 86.04085645931956 46.47319253025828 53.01109371639876 91.82141845373744 90.2798179626159 3.502176286880723 109.89984565696317 86.5028992945466 32.706156169831196 39.36519663260376 66.95605245295134 31.21167695164627 49.5366670769116 105.3600625386148 48.112776454284386 52.58929957937793 107.11758933822645 150.533054775956 50.41330602567647 28.666146666353185 79.41227481613382 62.73540727553161 33.277862394639556 132.6216990433975 124.23547279089719 117.80934674961343 113.67622224583015 112.09003821793499 113.15795010794827 116.80718521880998 122.80784667728938 130.8367980809361 140.54686085849903 120.78480690065687 111.57344131909122 104.43640337546883 99.81962835737642 98.07966340902357 99.36774555776108 103.57095950941113 110.35671598699412 119.2850878599569 129.91507194977265 109.49555681927438 99.30174198711823 91.27471619995745 86.02319763184191 84.0689366072115 85.63796197877345 90.5473015586182 98.29774140324648 108.28091691370844 119.94059707589545 98.94177226103004 87.58481110058169 78.43094699154636 72.32162352930065 70.0579081011763 72.00342504953711 77.84321051898233 86.79474121408221 98.0090723048881 110.80125846913931 89.38452306236493 76.67759526240967 66.09094058166339 58.78153960680249 56.04662817775985 58.53099880974769 65.64472007111253 76.10045259133211 88.72444226713377 102.72036110685427 81.17671237833643 66.9770482950192 54.59758493127556 45.547474998379435 42.03514712227416 45.36562161972311 54.293927586435835 66.60575378273758 80.76835529731468 95.96579033166792 74.76423794618766 59.08073454154051 44.610367124195996 32.99009334170501 28.023515218807418 32.878538509794545 44.44534763782584 58.89388169840732 74.56741526337018 90.83402049468404 70.6378450696884 53.78933372916444 37.35762744908348 22.284633111075745 14.01178275052985 22.2433782840141 37.30842180802645 53.73808181168163 70.58581425790776 87.610761614905 69.20772234357318 51.905791757681655 34.603861171787294 17.301930585894358 0.0 17.301930585891526 34.60386117178588 51.90579175767881 69.20772234357318 86.50965292946472 70.6378450696884 53.78933372916444 37.35762744908348 22.284633111075745 14.01178275052985 22.2433782840141 37.30842180802645 53.73808181168163 70.58581425790776 87.610761614905
122.56812801073082 80.42128274538 33.562417728194575 128.08484909046248 23.790500518665635 49.264682516557016 54.09323110896504 62.90428855438922 59.18991381731977 35.52431382717036 95.32567467435183 51.11402563523977 64.10944646001914 124.44236853445416 129.03612185881525 22.629098157530155 45.49887075674408 70.72364145093408 32.12016937306555 69.27459443242903 94.70000103879984 78.10582484285635 17.819321443235953 100.0481314692132 73.89265565680309 34.60947326284088 55.76035245893236 53.496432637185634 36.72596104594655 45.39100933871955 93.52723576303605 41.252899272966374 50.419553170413465 98.9742933413357 141.37771917966302 45.542583329483044 42.00972253924774 64.56325574810218 50.111539804778786 48.43911670710862 142.20738885534763 132.17567052112574 123.75995606704565 117.30855889652355 113.15795010794827 111.56521757723316 112.6389199693526 116.30523302460782 122.33127393960902 130.39028474289293 131.29130778391456 120.40989456069457 111.16809195962593 104.00391043647421 99.36774555776108 97.62044398506242 98.91521655470022 103.13755767799654 109.95070848613678 118.9101658558116 121.03659975118865 109.19175893876681 98.96717204233026 90.91117228259318 85.63796197877345 83.6753189454314 85.25219441242221 90.18311087076549 97.96289860407566 107.97751942597753 111.62585433518218 98.708344501546 87.32143431284672 78.13717556457807 72.00342504953711 69.72989266902502 71.6848125030248 77.54905837390552 86.53144090262495 97.7763456734879 103.29016126255163 89.21919670112584 76.48510318955847 65.86786214636365 58.53099880974769 55.784215364726066 58.28016686964755 65.42152032100168 75.9083071606587 88.55995243216357 96.30920126310535 81.0743430202262 66.85312963224911 54.44573247290707 45.36562161972311 41.83833723991531 45.18360652613228 54.142175169100625 66.4823056378557 80.6667452624234 90.9954161857329 74.71485281147861 59.01832319843222 44.52780585696473 32.878538509794545 27.8923085007721 32.76695334225426 44.36299548072211 58.83185602661183 74.51851432910468 87.65262226642709 70.62478064038352 53.77220228408961 37.33299457768667 22.2433782840141 13.946179352574479 22.202175733148056 37.28390998456543 53.7210938820184 70.5729024463457 86.50965292946472 69.20772234357318 51.90579175767881 34.60386117178588 17.301930585891526 0.0 17.301930585894358 34.603861171787294 51.905791757681655 69.20772234357318 87.65262226642709 70.62478064038352 53.77220228408961 37.33299457768667 22.2433782840141 13.946179352574479 22.202175733148056 37.28390998456543 53.7210938820184 70.5729024463457
128.70028935726864 68.79818175530976 50.03066972748148 120.23303406085132 31.862342621326732 63.81415851034685 71.10583342787284 52.71099846720042 76.29367615587822 29.36361114123845 85.75763213660657 34.25639651358142 75.18128546411735 118.96809299232329 122.04842704506363 30.362969246691698 60.50796127084032 56.56275356341538 22.413484519351336 85.94460027920555 100.51706266698184 68.18570531660356 34.95003202410326 92.41189524774869 63.53106708624716 43.87079999912951 72.57773496730591 42.887414908143896 48.188509925132884 47.59736949212978 83.62196362111631 41.07882397657379 54.01230768969056 93.36121671013319 133.8422834285402 46.96228156743703 57.50301623393156 51.27597471057083 41.05250264028061 64.68378245828946 153.15357437457604 141.79214771073427 131.7295029601542 123.28407739231154 116.80718521880998 112.6389199693526 111.03957428956102 112.11913671889099 115.80270969310546 121.854369305881 143.12410681130984 130.94700296815208 120.03496330103546 110.76251368043131 103.57095950941113 98.91521655470022 97.1605047039591 98.46204587886672 102.7037120990221 109.54450088771144 133.82495112110578 120.76225550741341 108.88804650517929 98.6325022135823 90.5473015586182 85.25219441242221 83.28108423275421 84.86589913627338 89.81860713526457 97.62798290052254 125.41880631391939 111.41931701935887 98.47507986826078 87.0580750295059 77.84321051898233 71.6848125030248 69.4013630062936 71.36578980569388 77.2547257189278 86.26818220453967 118.09665296475113 103.1473423240713 89.05407044356672 76.29272012471435 65.64472007111253 58.28016686964755 55.52139115315582 58.029047458536354 65.19826892181635 75.71629045204703 112.07127398225846 96.2230630623129 80.97215790693406 66.72936329135094 54.293927586435835 45.18360652613228 41.64121880044524 45.001433157420195 53.99048015890897 66.3590234091405 107.56091230116948 90.95490586570992 74.66558619315674 58.9560381703524 44.44534763782584 32.76695334225426 27.76089607408694 32.65534083679141 44.280752413602436 58.76996340177343 104.76149973408344 87.64211013773217 70.61175375868221 53.755118128485634 37.30842180802645 22.202175733148056 13.88047309912148 22.161026968940636 37.25945995141218 53.70415488679707 103.81158351535905 86.50965292946755 69.20772234357318 51.90579175768023 34.60386117178588 17.301930585894358 0.0 17.30193058589294 34.603861171787294 51.90579175767881 104.76149973408344 87.64211013773217 70.61175375868221 53.755118128485634 37.30842180802645 22.202175733148056 13.88047309912148 22.161026968940636 37.25945995141218 53.70415488679707
136.75974927770793 59.97912716068383 66.92094420874257 114.47659194098993 45.42180922270413 79.47448532680559 88.23102867087745 46.889789046119255 93.47040838431818 32.57569418485107 78.86979501676164 18.25023167018959 88.27870627107528 115.84282286799655 117.21759851452363 43.936941812712334 76.49176289484093 44.67173459979488 23.910973363724903 102.82359022655957 108.80230676664266 61.61783132366588 52.193819596855796 87.57262925338706 56.665398276863776 57.01041142164686 89.57985725496637 37.62311946060849 62.4033460661909 55.40197601544728 76.39770735902871 47.66385948241722 62.379712650735875 90.74908305653388 128.21268517772967 54.18014770665067 73.80439166598882 41.09433246503355 38.185808625171575 81.3655159312746 165.19002013158308 152.7686765082055 141.37697073266273 131.2832081702865 122.80784667728938 116.30523302460782 112.11913671889099 110.51311223163442 111.59860527227565 115.29962267602032 155.98165574589768 142.808814297948 130.60285442225617 119.66002405528081 110.35671598699412 103.13755767799654 98.46204587886672 96.6998489578519 98.00823808943697 102.26943000383685 147.5366196973306 133.57725242730115 120.48813387897007 108.58442923205767 98.29774140324648 90.18311087076549 84.86589913627338 82.88623537673583 84.47908038442331 89.4537973432646 139.99325398315924 125.23529824831503 111.21303358559582 98.24198642871599 86.79474121408221 77.54905837390552 71.36578980569388 69.0723215359515 71.04636090666413 76.96021921531091 133.5046030894321 117.9719505661448 103.00476583438699 88.8891502895883 76.10045259133211 65.42152032100168 58.029047458536354 55.25815748142878 57.77764428435607 64.97497196093578 128.2309761503434 111.99737186592343 96.13711314358693 80.87016075705709 66.60575378273758 54.142175169100625 45.001433157420195 41.443793257651 44.81910499051272 53.83884753503213 124.32716332434735 107.5266953135818 90.91450225411432 74.61643978080359 58.89388169840732 44.36299548072211 32.65534083679141 27.629278907944446 32.543704021694104 44.198621478411155 121.92487057658218 104.75271791069079 87.63162910611061 70.59876482977717 53.73808181168163 37.28390998456543 22.161026968940636 13.814664474767438 22.119933508868602 37.23507255229009 121.11351410125201 103.81158351536045 86.50965292946613 69.20772234357318 51.90579175767881 34.603861171787294 17.30193058589294 0.0 17.301930585894358 34.60386117178588 121.92487057658218 104.75271791069079 87.63162910611061 70.59876482977717 53.73808181168163 37.28390998456543 22.161026968940636 13.814664474767438 22.119933508868602 37.23507255229009
146.42861615204112 55.32178924203841 83.97898823500446 111.14158283991668 60.90799243232172 95.7018804313113 105.41395671512333 47.09095869415671 110.68614440907804 43.11426040182435 75.40028873522554 9.55794844111711 102.62910900758574 115.25780002379095 114.81620668316621 59.47865958924382 92.94878418187407 37.28927197724828 35.211026075045986 119.82328072412831 119.04149027829905 59.522433225265786 69.4665272888071 86.00377691708604 54.630002657962365 71.93354845390189 106.67842586400474 39.87950082768686 77.87767041348408 66.87265375507016 72.65861613986611 58.77859187462377 73.91771673321821 91.39556123042108 124.74721200447648 65.30102941559376 90.47812358430207 36.70108619017758 42.77511477022402 98.26196841237785 178.09581035141815 164.83377683176522 152.38400321007532 140.96187078836718 130.8367980809361 122.33127393960902 115.80270969310546 111.59860527227565 109.9858352861965 111.07733057258164 169.63109512657363 155.69284592137058 142.49380398588204 130.25887357651285 119.2850878599569 109.95070848613678 102.7037120990221 98.00823808943697 96.2384801441555 97.55379777464749 161.937235697675 147.3123221300989 133.3298629073621 120.21424450247629 108.28091691370844 97.96289860407566 89.81860713526457 84.47908038442331 82.49077528945672 84.0917424222012 155.1290878779991 139.8291258654254 125.05209051654306 111.00701155135833 98.0090723048881 86.53144090262495 77.2547257189278 71.04636090666413 68.74277068474002 70.72652978893308 149.32794857896513 133.39447415491762 117.84750305199445 102.86243701635748 88.72444226713377 75.9083071606587 65.19826892181635 57.77764428435607 54.994516290942904 57.52596109169391 144.65510922529978 128.1664909998435 111.92365006478559 96.05135455130664 80.76835529731468 66.4823056378557 53.99048015890897 44.81910499051272 41.24606206758399 44.636625540155435 141.22268522556516 124.29760714740988 107.4925734582983 90.87420668600227 74.56741526337018 58.83185602661183 44.280752413602436 32.543704021694104 27.497457973046906 32.43204595626702 139.12256792443495 121.91733659048562 104.7439625524921 87.6211794919814 70.58581425790776 53.7210938820184 37.25945995141218 22.119933508868602 13.748753964863916 22.07889687738994 138.4154446871464 121.11351410125484 103.81158351536045 86.50965292946755 69.20772234357318 51.905791757681655 34.603861171787294 17.301930585894358 0.0 17.301930585891526 139.12256792443495 121.91733659048562 104.7439625524921 87.6211794919814 70.58581425790776 53.7210938820184 37.25945995141218 22.119933508868602 13.748753964863916 22.07889687738994
157.41059778783054 55.87668407183998 101.11993367737219 110.44757345064892 77.16953572810172 112.25067984935356 122.63035145306006 53.24629171353437 127.92513819890038 57.054469188090195 75.81984170342204 21.17429973479931 117.7753700399637 117.25105423496805 114.99654904094821 75.78705808694792 109.66619099542686 37.203802064174305 50.0660505577837 136.8987144070923 130.77646285190917 62.35205826305731 86.75088222523368 87.88066415507231 57.93622330416496 87.7347835272809 123.8334961549285 48.620538483711385 93.99145884081949 80.4563745387418 72.94262970942512 72.36510115530169 87.37923249699399 95.23431312618062 123.62798882629124 78.68712729253802 107.35084876415549 40.048748830866 52.91475562399146 115.27876419182326 191.69544095224427 177.76594031953786 164.47787599089247 151.9995675746296 140.54686085849903 130.39028474289293 121.854369305881 115.29962267602032 111.07733057258164 109.45774734198928 183.89617848724092 169.36597082716054 155.40440208216705 142.1790870736468 129.91507194977265 118.9101658558116 109.54450088771144 102.26943000383685 97.55379777464749 95.77640166553627 176.8585875835554 161.73322481754803 147.08838323387104 133.0827916033478 119.94059707589545 107.97751942597753 97.62798290052254 89.4537973432646 84.0917424222012 82.09470688750076 170.6770201617803 154.9812173876147 139.66531732684282 124.86918985687113 110.80125846913931 97.7763456734879 86.26818220453967 76.96021921531091 70.72652978893308 68.41271288315465 165.44754752783282 149.2296487698393 133.28459789126933 117.72331490759551 102.72036110685427 88.55995243216357 75.71629045204703 64.97497196093578 57.52596109169391 54.73046952610043 161.26289899771575 144.59803662487258 128.10217451918336 111.85011111233612 95.96579033166792 80.6667452624234 66.3590234091405 53.83884753503213 44.636625540155435 41.048026688549264 158.2060672066715 141.1967057456475 124.268136089515 107.45854783303132 90.83402049468404 74.51851432910468 58.76996340177343 44.198621478411155 32.43204595626702 27.365434241599328 156.34326448173894 139.1159754459505 121.90982562150107 104.73523392444575 87.610761614905 70.5729024463457 53.70415488679707 37.23507255229009 22.07889687738994 13.682742055513897 155.7173752730379 138.4154446871464 121.11351410125201 103.81158351535905 86.50965292946472 69.20772234357318 51.90579175767881 34.60386117178588 17.301930585891526 0.0 156.34326448173894 139.1159754459505 121.90982562150107 104.73523392444575 87.610761614905 70.5729024463457 53.70415488679707 37.23507255229009 22.07889687738994 13.682742055513897
140.872898188215 160.88213329915658 55.37808795764479 196.16494205497378 90.37501561979141 65.1595526423058 42.2040785169863 142.63667954897383 37.27464127501762 115.21077420472503 170.4992295702759 138.75910279680102 84.24024208802189 186.0436874919493 194.60052803760996 91.00737103219376 63.554331374562786 155.64353532518314 116.05138168751502 21.33470849008241 122.81879563212544 155.6672558699685 71.26157106183442 170.2633577185598 152.69270108760884 87.56098636009767 43.89591801712579 134.9863035153173 80.94249701365422 107.27272096455279 169.58900683788613 110.00678940230114 106.22527899769283 164.18668743128563 207.51270165351377 109.03916402762157 62.130512690002526 148.62141914500734 130.02636781811393 42.32071207543116 128.4523545118838 129.3213997815609 132.4638592253841 137.72420287389303 144.87191104360804 153.64380122803752 163.77911098268245 175.04116436508846 187.22674418142086 200.16725689836332 114.18101698928432 115.2264421594825 118.80913609608828 124.71061775837812 132.6216990433975 142.20738885534763 153.15357437457604 165.19002013158308 178.09581035141815 191.69544095224427 99.90927487676389 101.17135464497497 105.29998731114176 111.97855235298562 120.7848069006568 131.29130778391448 143.1241068113098 155.9816557458976 169.63109512657357 183.89617848724086 85.6371787538099 87.175671522922 92.00079660311623 99.6362032346243 109.49555681927431 121.0365997511886 133.8249511211057 147.53661969733054 161.93723569767496 176.85858758355536 71.3647791976111 73.2736958924878 79.01788325789697 87.84819750085562 98.94177226103004 111.62585433518218 125.41880631391939 139.99325398315924 155.1290878779991 170.6770201617803 57.09212678338551 59.53137894272129 66.53688297022894 76.8701898672478 89.38452306236493 103.29016126255163 118.09665296475113 133.5046030894321 149.32794857896513 165.44754752783282 42.8192720847092 46.092030988519824 54.90141317626382 67.10111479027498 81.17671237833643 96.30920126310535 112.07127398225846 128.2309761503434 144.65510922529978 161.26289899771575 28.546265673844303 33.32454629578909 44.77578681727373 59.1432699615392 74.76423794618765 90.99541618573286 107.56091230116945 124.32716332434734 141.22268522556513 158.2060672066715 14.273158122067928 22.408696249837586 37.40707011768865 53.806511913383886 70.6378450696884 87.65262226642709 104.76149973408344 121.92487057658218 139.12256792443495 156.34326448173894 0.0 17.301930585891526 34.60386117178588 51.90579175767881 69.20772234357318 86.50965292946472 103.81158351535905 121.11351410125201 138.4154446871464 155.7173752730379
135.5601068207292 145.42038341283873 38.0856882952568 183.09101202297438 74.96226178250619 53.782831228233746 30.252028393910017 127.14661045124444 26.66206521469653 99.37551045244814 155.99107160681135 121.73433191587314 75.0817731258905 173.9843141161653 181.94976614708642 75.46376685860454 51.30645640480109 139.3672994856071 99.70616688730277 7.133373079022605 114.95133754589159 140.6374564038245 54.655724713665535 156.57073981140525 137.4394121073532 73.4511934583488 32.99586658154295 119.16134957648515 67.2792508394654 93.33944567161451 154.92552612745982 95.32818609804684 93.04841586275268 151.23342932703622 194.8777507330587 94.97642517323709 49.03731163828429 132.47604024100647 114.37470487732965 25.233258892154833 129.3213997815609 127.86567842627224 128.73955194272122 131.89672469887176 137.17963760847053 144.3550941172161 153.15732647930244 163.3235235427169 174.61561573755264 186.82956511819145 115.2264421594825 113.65952558207304 114.71047309544922 118.30954153956465 124.23547279089719 132.17567052112574 141.79214771073427 152.7686765082055 164.83377683176522 177.76594031953786 101.17135464497497 99.45296869634652 100.72143736281768 104.86843131431021 111.57344131909113 120.40989456069447 130.947002968152 142.80881429794795 155.69284592137055 169.36597082716045 87.175671522922 85.24605827993213 86.79205653358 91.63792654008734 99.30174198711816 109.19175893876672 120.76225550741337 133.5772524273011 147.3123221300988 161.733224817548 73.2736958924878 71.03884484141018 72.95676278673801 78.72451834995559 87.58481110058169 98.708344501546 111.41931701935887 125.23529824831503 139.8291258654254 154.9812173876147 59.53137894272129 56.831378887424094 59.2817332587922 66.3139494717308 76.67759526240967 89.21919670112584 103.1473423240713 117.9719505661448 133.39447415491762 149.2296487698393 46.092030988519824 42.62371092300352 45.91068303294724 54.74948010468224 66.9770482950192 81.0743430202262 96.2230630623129 111.99737186592343 128.1664909998435 144.59803662487258 33.32454629578909 28.41589145188683 33.21310015797047 44.69302843959573 59.08073454154047 74.71485281147856 90.9549058657099 107.52669531358175 124.29760714740986 141.1967057456475 22.408696249837586 14.207970976844209 22.36729358692858 37.382319577436505 53.78933372916444 70.62478064038352 87.64211013773217 104.75271791069079 121.91733659048562 139.1159754459505 17.301930585891526 0.0 17.301930585894358 34.603861171787294 51.905791757681655 69.20772234357318 86.50965292946755 103.81158351536045 121.11351410125484 138.4154446871464
132.31228416312518 130.42164490598628 20.80913915996747 170.77057938576857 60.578417588154686 46.239836839932785 25.453813526696685 112.18731954232604 25.12057443641046 84.11995088486228 142.10952245416493 104.80036970273981 69.11453055727901 162.87253091071264 170.11966950106984 60.876315081720335 42.71132868815022 123.3704972087908 83.74618635819809 15.662491360792986 109.27864483953212 126.19104939698153 38.66519202264487 143.65878609039663 122.73065496800575 61.0076418316983 29.142962224196204 103.80873285281353 55.67774189449616 80.72028195385923 140.86192987731803 81.68311696774532 81.43033064549913 139.22820108755303 183.00758179712255 82.15959926153715 39.34237572919413 116.66266475497714 99.27230346947282 9.005859921152007 132.4638592253841 128.73955194272122 127.27805954588565 128.15682043198623 131.32886498651982 136.6345670295528 143.83800960886012 152.67080624571634 162.86807888513323 174.19035887718672 118.80913609608828 114.71047309544922 113.13719608187365 114.19373152052135 117.80934674961343 123.75995606704565 131.7295029601542 141.37697073266273 152.38400321007532 164.47787599089247 105.29998731114176 100.72143736281768 98.99592914349984 100.27086045082541 104.43640337546876 111.16809195962584 120.03496330103538 130.60285442225612 142.49380398588198 155.404402082167 92.00079660311623 86.79205653358 84.85430917060948 86.40789719813718 91.27471619995735 98.96717204233018 108.88804650517922 120.48813387897002 133.32986290736204 147.08838323387099 79.01788325789697 72.95676278673801 70.71238660082807 72.63940405889029 78.43094699154636 87.32143431284672 98.47507986826078 111.21303358559582 125.05209051654306 139.66531732684282 66.53688297022894 59.2817332587922 56.57021186987806 59.03178562394762 66.09094058166339 76.48510318955847 89.05407044356672 103.00476583438699 117.84750305199445 133.28459789126933 54.90141317626382 45.91068303294724 42.42783541189621 45.72916325868464 54.59758493127556 66.85312963224911 80.97215790693406 96.13711314358693 111.92365006478559 128.10217451918336 44.77578681727373 33.21310015797047 28.285307659750547 33.1016148703947 44.61036712419594 59.018323198432185 74.66558619315671 90.9145022541143 107.49257345829828 124.26813608951497 37.40707011768865 22.36729358692858 14.142679045357772 22.32593871086207 37.35762744908348 53.77220228408961 70.61175375868221 87.63162910611061 104.7439625524921 121.90982562150107 34.60386117178588 17.301930585894358 0.0 17.30193058589294 34.603861171787294 51.90579175767881 69.20772234357318 86.50965292946613 103.81158351536045 121.11351410125201
131.28277641153977 116.06555673399046 3.772861621020557 159.3784828486804 48.154495181836324 44.523656956659636 31.294064082413325 98.00216683286096 33.91063988914319 69.82510057755582 129.05693758558272 88.00964934343793 67.19416211631106 152.9150514468214 159.29318618937066 48.12253599548311 40.185425529653415 107.77762446784017 68.44147305770535 32.22507810360743 106.15315918209316 112.55289851270494 24.524640685227457 131.75720758689198 108.7875267283873 51.45376523399112 34.76502158460442 89.17275081558557 47.66789139240443 70.12825439715273 127.59672868231854 69.68141296941172 72.12824039131515 128.43712013153558 172.06055080989174 71.26411810031404 35.91231534024159 101.33683712524636 85.01239726928571 11.144825991246565 137.72420287389303 131.89672469887176 128.15682043198623 126.68950220458268 127.57321044563562 130.7602874987125 136.08900123898195 143.32066995633807 152.18425450980476 162.41279170096365 124.71061775837812 118.30954153956465 114.19373152052135 112.61403234100696 113.67622224583015 117.30855889652355 123.28407739231154 131.2832081702865 140.96187078836718 151.9995675746296 111.97855235298562 104.86843131431021 100.27086045082541 98.53815958900601 99.81962835737633 104.00391043647413 110.76251368043123 119.66002405528074 130.2588735765128 142.1790870736467 99.6362032346243 91.63792654008734 86.40789719813718 84.46193431508487 86.02319763184182 90.91117228259311 98.63250221358223 108.58442923205759 120.21424450247625 133.08279160334774 87.84819750085562 78.72451834995559 72.63940405889029 70.38540688356798 72.32162352930065 78.13717556457807 87.0580750295059 98.24198642871599 111.00701155135833 124.86918985687113 76.8701898672478 66.3139494717308 59.03178562394762 56.30862765691047 58.78153960680249 65.86786214636365 76.29272012471435 88.8891502895883 102.86243701635748 117.72331490759551 67.10111479027498 54.74948010468224 45.72916325868464 42.23164699600987 45.547474998379435 54.44573247290707 66.72936329135094 80.87016075705709 96.05135455130664 111.85011111233612 59.1432699615392 44.69302843959573 33.1016148703947 28.154515260517325 32.99009334170494 44.52780585696468 58.95603817035236 74.61643978080357 90.87420668600224 107.45854783303132 53.806511913383886 37.382319577436505 22.32593871086207 14.077282809149589 22.284633111075745 37.33299457768667 53.755118128485634 70.59876482977717 87.6211794919814 104.73523392444575 51.90579175767881 34.603861171787294 17.30193058589294 0.0 17.301930585894358 34.60386117178588 51.90579175768023 69.20772234357318 86.50965292946755 103.81158351535905
132.52329262077035 102.62218041294847 13.934212917164535 149.1276256117223 39.58121875129739 49.24726884174985 43.697261849715886 84.97970736176632 47.618593369877 57.21562443305758 117.11082239847988 71.4632089278079 69.65618365131 144.35094894795066 149.68823951616383 39.042775345788165 44.768124250524345 92.79253434143027 54.348451954018905 49.298185371807584 105.80086466128652 100.05406634257031 17.510883009250577 121.16410919516497 95.9444053061811 46.60204507569364 46.546865062897204 75.6703815755114 45.201198829070314 62.60093095792961 115.40556438987733 60.31223932622412 66.12685259098626 119.1904178042837 162.22364865717242 63.2901704245501 40.37664582361796 86.75732171291052 72.09663983936264 27.677107050515993 144.87191104360804 137.17963760847053 131.32886498651982 127.57321044563562 126.10001074312716 126.98872720429358 130.19099971150993 135.54295044571637 142.80308772857057 151.6976853883302 132.6216990433975 124.23547279089719 117.80934674961343 113.67622224583015 112.09003821793499 113.15795010794827 116.80718521880998 122.80784667728938 130.8367980809361 140.54686085849903 120.7848069006568 111.57344131909113 104.43640337546876 99.81962835737633 98.07966340902348 99.36774555776098 103.57095950941104 110.35671598699405 119.28508785995683 129.91507194977257 109.49555681927431 99.30174198711816 91.27471619995735 86.02319763184182 84.0689366072114 85.63796197877336 90.5473015586181 98.2977414032464 108.28091691370837 119.94059707589538 98.94177226103004 87.58481110058169 78.43094699154636 72.32162352930065 70.0579081011763 72.00342504953711 77.84321051898233 86.79474121408221 98.0090723048881 110.80125846913931 89.38452306236493 76.67759526240967 66.09094058166339 58.78153960680249 56.04662817775985 58.53099880974769 65.64472007111253 76.10045259133211 88.72444226713377 102.72036110685427 81.17671237833643 66.9770482950192 54.59758493127556 45.547474998379435 42.03514712227416 45.36562161972311 54.293927586435835 66.60575378273758 80.76835529731468 95.96579033166792 74.76423794618765 59.08073454154047 44.61036712419594 32.99009334170494 28.02351521880733 32.878538509794474 44.44534763782578 58.89388169840729 74.56741526337014 90.83402049468403 70.6378450696884 53.78933372916444 37.35762744908348 22.284633111075745 14.01178275052985 22.2433782840141 37.30842180802645 53.73808181168163 70.58581425790776 87.610761614905 69.20772234357318 51.905791757681655 34.603861171787294 17.301930585894358 0.0 17.301930585891526 34.60386117178588 51.90579175767881 69.20772234357318 86.50965292946472
135.97171637651002 90.49917579107743 31.18980100942084 140.26843751336025 37.59251378130349 58.880683502088225 58.63696242241505 73.73854178497348 63.11766844938531 47.64887367832322 106.64366425115665 55.38043921831953 76.07630267787071 137.44093944993867 141.55370571900207 36.49116668695399 54.70107101337135 78.76289648452756 42.684666053698145 66.48969771424893 108.24884061372698 89.174910332558 24.70862487522969 112.25054850710676 84.70314328939006 47.903176380708 61.01904630013468 64.02292164596604 49.11998025095286 59.31675475701385 104.66441924061628 54.939351062146514 64.35628535061545 111.8717014499975 153.71015618417346 59.425694630000734 50.69082690785849 73.37037743406329 61.37950469308659 44.79454026831881 153.64380122803752 144.3550941172161 136.6345670295528 130.7602874987125 126.98872720429358 125.50958950915654 126.40337595334347 129.6210091679996 134.9964249678987 142.28527562775076 142.20738885534763 132.17567052112574 123.75995606704565 117.30855889652355 113.15795010794827 111.56521757723316 112.6389199693526 116.30523302460782 122.33127393960902 130.39028474289293 131.29130778391448 120.40989456069447 111.16809195962584 104.00391043647413 99.36774555776098 97.62044398506234 98.91521655470012 103.13755767799645 109.95070848613668 118.91016585581153 121.0365997511886 109.19175893876672 98.96717204233018 90.91117228259311 85.63796197877336 83.67531894543131 85.25219441242213 90.18311087076542 97.96289860407559 107.97751942597746 111.62585433518218 98.708344501546 87.32143431284672 78.13717556457807 72.00342504953711 69.72989266902502 71.6848125030248 77.54905837390552 86.53144090262495 97.7763456734879 103.29016126255163 89.21919670112584 76.48510318955847 65.86786214636365 58.53099880974769 55.784215364726066 58.28016686964755 65.42152032100168 75.9083071606587 88.55995243216357 96.30920126310535 81.0743430202262 66.85312963224911 54.44573247290707 45.36562161972311 41.83833723991531 45.18360652613228 54.142175169100625 66.4823056378557 80.6667452624234 90.99541618573286 74.71485281147856 59.018323198432185 44.52780585696468 32.878538509794474 27.892308500772014 32.76695334225418 44.362995480722056 58.83185602661179 74.51851432910465 87.65262226642709 70.62478064038352 53.77220228408961 37.33299457768667 22.2433782840141 13.946179352574479 22.202175733148056 37.28390998456543 53.7210938820184 70.5729024463457 86.50965292946472 69.20772234357318 51.90579175767881 34.60386117178588 17.301930585891526 0.0 17.301930585894358 34.603861171787294 51.905791757681655 69.20772234357318
141.46667835048893 80.29682546012822 48.478435174526 133.0791430788722 43.10948909354106 71.46523793145839 74.60460075385431 65.20652074827146 79.36536023685075 43.196147066608106 98.12987489067152 40.32005494627557 85.56819004232054 132.44417346442754 135.15534332112273 41.684281078950846 67.66782904912192 66.2980741470034 35.90145809474469 83.7267109249941 113.31574823243432 80.57419120012858 38.89875780945421 105.44332411946834 75.77998873566251 54.9215901364358 76.67298623568762 55.41266130706152 58.147227986966165 60.96535556504613 95.86195418289583 54.75214663608751 67.15203313089661 106.87777830516471 146.7505807109867 60.46384918581033 64.09019899289109 61.95395710421133 54.18175015983768 62.01445715207811 163.77911098268245 153.15732647930244 143.83800960886012 136.08900123898195 130.19099971150993 126.40337595334347 124.91824285714937 125.81716196334679 129.0503234796869 134.44943523494973 153.15357437457604 141.79214771073427 131.7295029601542 123.28407739231154 116.80718521880998 112.6389199693526 111.03957428956102 112.11913671889099 115.80270969310546 121.854369305881 143.1241068113098 130.947002968152 120.03496330103538 110.76251368043123 103.57095950941104 98.91521655470012 97.16050470395902 98.46204587886662 102.70371209902201 109.54450088771137 133.8249511211057 120.76225550741337 108.88804650517922 98.63250221358223 90.5473015586181 85.25219441242213 83.28108423275413 84.86589913627328 89.81860713526449 97.62798290052245 125.41880631391939 111.41931701935887 98.47507986826078 87.0580750295059 77.84321051898233 71.6848125030248 69.4013630062936 71.36578980569388 77.2547257189278 86.26818220453967 118.09665296475113 103.1473423240713 89.05407044356672 76.29272012471435 65.64472007111253 58.28016686964755 55.52139115315582 58.029047458536354 65.19826892181635 75.71629045204703 112.07127398225846 96.2230630623129 80.97215790693406 66.72936329135094 54.293927586435835 45.18360652613228 41.64121880044524 45.001433157420195 53.99048015890897 66.3590234091405 107.56091230116945 90.9549058657099 74.66558619315671 58.95603817035236 44.44534763782578 32.76695334225418 27.760896074086844 32.65534083679133 44.280752413602386 58.76996340177338 104.76149973408344 87.64211013773217 70.61175375868221 53.755118128485634 37.30842180802645 22.202175733148056 13.88047309912148 22.161026968940636 37.25945995141218 53.70415488679707 103.81158351535905 86.50965292946755 69.20772234357318 51.90579175768023 34.60386117178588 17.301930585894358 0.0 17.30193058589294 34.603861171787294 51.90579175767881
148.7815962181366 72.82684939935034 65.77406220928432 127.84177721918147 53.873609033865954 85.71073163260061 91.06102331754423 60.540103023201056 95.98224543932385 45.38836365262529 92.11269395122152 27.984488183054605 97.23640200295455 129.58216778029856 130.74828766476145 52.36659656076008 82.24578228347215 56.44445720026051 36.80429542145253 100.98592843314003 120.67213792856299 75.03947731873505 54.90375826326801 101.16851408132662 70.0662653414886 65.85401181721664 92.91328789712803 51.389612365258465 70.34295532341514 67.18458237997835 89.57156416599818 59.799347913972106 73.99833039985346 104.54234274842224 141.57427259252756 66.17429486338675 79.02059573875219 53.77801055402582 51.98635242329583 79.2700979483039 175.04116436508846 163.3235235427169 152.67080624571634 143.32066995633807 135.54295044571637 129.6210091679996 125.81716196334679 124.3259751483936 125.2300905304859 128.47895032792772 165.19002013158308 152.7686765082055 141.37697073266273 131.2832081702865 122.80784667728938 116.30523302460782 112.11913671889099 110.51311223163442 111.59860527227565 115.29962267602032 155.9816557458976 142.80881429794795 130.60285442225612 119.66002405528074 110.35671598699405 103.13755767799645 98.46204587886662 96.69984895785183 98.0082380894369 102.26943000383677 147.53661969733054 133.5772524273011 120.48813387897002 108.58442923205759 98.2977414032464 90.18311087076542 84.86589913627328 82.88623537673574 84.47908038442321 89.4537973432645 139.99325398315924 125.23529824831503 111.21303358559582 98.24198642871599 86.79474121408221 77.54905837390552 71.36578980569388 69.0723215359515 71.04636090666413 76.96021921531091 133.5046030894321 117.9719505661448 103.00476583438699 88.8891502895883 76.10045259133211 65.42152032100168 58.029047458536354 55.25815748142878 57.77764428435607 64.97497196093578 128.2309761503434 111.99737186592343 96.13711314358693 80.87016075705709 66.60575378273758 54.142175169100625 45.001433157420195 41.443793257651 44.81910499051272 53.83884753503213 124.32716332434734 107.52669531358175 90.9145022541143 74.61643978080357 58.89388169840729 44.362995480722056 32.65534083679133 27.629278907944357 32.543704021694026 44.198621478411106 121.92487057658218 104.75271791069079 87.63162910611061 70.59876482977717 53.73808181168163 37.28390998456543 22.161026968940636 13.814664474767438 22.119933508868602 37.23507255229009 121.11351410125201 103.81158351536045 86.50965292946613 69.20772234357318 51.90579175767881 34.603861171787294 17.30193058589294 0.0 17.301930585894358 34.60386117178588
157.6633582088404 68.98268088809817 83.07231448941114 124.80232210705914 67.41669076430706 100.9162164503179 107.78257699661704 60.638384894153944 112.80528876144115 53.41352322946059 89.09937849406377 23.222129360295153 110.39298895651528 128.997089902772 128.53752487412473 65.9215343038688 97.71646747318132 50.746627492571484 44.932228083351454 118.25762875892423 129.9297106808419 73.26891045447465 71.51534157186936 99.75222584360218 68.37139037398371 79.09376546319285 109.47931658507675 53.00869903988742 84.34373825537202 76.8729990696805 86.34403973368984 68.9407400894251 83.90949594053566 105.0428644945481 138.38149182170562 75.50426417786932 94.76108254102103 50.4436035565332 55.391334702164585 96.54230904866331 187.22674418142086 174.61561573755264 162.86807888513323 152.18425450980476 142.80308772857057 134.9964249678987 129.0503234796869 125.2300905304859 123.73279075095404 124.64216697701211 178.09581035141815 164.83377683176522 152.38400321007532 140.96187078836718 130.8367980809361 122.33127393960902 115.80270969310546 111.59860527227565 109.9858352861965 111.07733057258164 169.63109512657357 155.69284592137055 142.49380398588198 130.2588735765128 119.28508785995683 109.95070848613668 102.70371209902201 98.0082380894369 96.23848014415542 97.5537977746474 161.93723569767496 147.3123221300988 133.32986290736204 120.21424450247625 108.28091691370837 97.96289860407559 89.81860713526449 84.47908038442321 82.49077528945665 84.0917424222011 155.1290878779991 139.8291258654254 125.05209051654306 111.00701155135833 98.0090723048881 86.53144090262495 77.2547257189278 71.04636090666413 68.74277068474002 70.72652978893308 149.32794857896513 133.39447415491762 117.84750305199445 102.86243701635748 88.72444226713377 75.9083071606587 65.19826892181635 57.77764428435607 54.994516290942904 57.52596109169391 144.65510922529978 128.1664909998435 111.92365006478559 96.05135455130664 80.76835529731468 66.4823056378557 53.99048015890897 44.81910499051272 41.24606206758399 44.636625540155435 141.22268522556513 124.29760714740986 107.49257345829828 90.87420668600224 74.56741526337014 58.83185602661179 44.280752413602386 32.543704021694026 27.497457973046817 32.43204595626695 139.12256792443495 121.91733659048562 104.7439625524921 87.6211794919814 70.58581425790776 53.7210938820184 37.25945995141218 22.119933508868602 13.748753964863916 22.07889687738994 138.4154446871464 121.11351410125484 103.81158351536045 86.50965292946755 69.20772234357318 51.905791757681655 34.603861171787294 17.301930585894358 0.0 17.301930585891526
167.8634401132783 69.3697411435224 100.37183470635672 124.12234740547626 82.37937472221834 116.70706880598173 124.66261774372019 65.47991519258315 129.75432788295026 65.15067035335818 89.39421082765213 29.901738584123947 124.56724110029803 130.71951680994061 128.63634225678564 80.91813170002146 113.71610714430247 50.627709758478794 57.28840694663052 135.5370398704711 140.7137283007367 75.52768059707505 88.39218056602128 101.3144094366085 70.98382309465714 93.66749516821672 126.2429082935042 59.81348324298623 99.3896603280734 88.90356690324474 86.5228208690377 80.79844342879493 95.94033236541065 108.34004502983484 137.31067254922698 87.3008985249553 110.9674648133117 52.874766786933556 63.50212134849834 113.82354729582107 200.16725689836332 186.82956511819145 174.19035887718672 162.41279170096365 151.6976853883302 142.28527562775076 134.44943523494973 128.47895032792772 124.64216697701211 123.13869403964064 191.69544095224427 177.76594031953786 164.47787599089247 151.9995675746296 140.54686085849903 130.39028474289293 121.854369305881 115.29962267602032 111.07733057258164 109.45774734198928 183.89617848724086 169.36597082716045 155.404402082167 142.1790870736467 129.91507194977257 118.91016585581153 109.54450088771137 102.26943000383677 97.5537977746474 95.77640166553617 176.85858758355536 161.733224817548 147.08838323387099 133.08279160334774 119.94059707589538 107.97751942597746 97.62798290052245 89.4537973432645 84.0917424222011 82.09470688750066 170.6770201617803 154.9812173876147 139.66531732684282 124.86918985687113 110.80125846913931 97.7763456734879 86.26818220453967 76.96021921531091 70.72652978893308 68.41271288315465 165.44754752783282 149.2296487698393 133.28459789126933 117.72331490759551 102.72036110685427 88.55995243216357 75.71629045204703 64.97497196093578 57.52596109169391 54.73046952610043 161.26289899771575 144.59803662487258 128.10217451918336 111.85011111233612 95.96579033166792 80.6667452624234 66.3590234091405 53.83884753503213 44.636625540155435 41.048026688549264 158.2060672066715 141.1967057456475 124.26813608951497 107.45854783303132 90.83402049468403 74.51851432910465 58.76996340177338 44.198621478411106 32.43204595626695 27.36543424159924 156.34326448173894 139.1159754459505 121.90982562150107 104.73523392444575 87.610761614905 70.5729024463457 53.70415488679707 37.23507255229009 22.07889687738994 13.682742055513897 155.7173752730379 138.4154446871464 121.11351410125201 103.81158351535905 86.50965292946472 69.20772234357318 51.90579175767881 34.60386117178588 17.301930585891526 0.0
