{"slackAfterALNS":0,"nInitialNotServicedExpectedRequests":[16,10,10,10,7,15,6,11,14,11],"averageObj":[3123.7309923830176,2849.0910042202586,2979.4339752119236,3194.018740975789,3214.027007769819,2971.613204848079,2835.2594165926143,3167.6707581979595,2845.496615990699,3130.296864451085],"slackBeforeALNS":0,"nInitialNotServicedFixedRequests":[0,0,0,0,0,0,0,0,0,0],"averageNotServicedExpectedRequests":[22.4,19.3,21.1,23.4,23.9,20.8,19.0,23.0,19.2,22.3],"runId":["Run 1","Run 2","Run 3","Run 4","Run 5","Run 6","Run 7","Run 8","Run 9","Run 10"]}