{"slackAfterALNS":0,"nInitialNotServicedExpectedRequests":[8,7,8,4,4,9,8,5,6,7],"averageObj":[6331.2008200929295,6472.554937771745,6208.602814586262,6487.640618300672,6500.46524262095,6410.965914286152,6333.815544042322,6563.0468838791685,6338.123800139635,6357.281242288959],"slackBeforeALNS":0,"nInitialNotServicedFixedRequests":[2,2,2,2,2,2,2,2,2,2],"averageNotServicedExpectedRequests":[14.3,15.6,12.8,15.9,16.2,15.2,14.4,17.0,14.4,14.7],"runId":["Run 1","Run 2","Run 3","Run 4","Run 5","Run 6","Run 7","Run 8","Run 9","Run 10"]}