{"slackAfterALNS":0,"nInitialNotServicedExpectedRequests":[5,6,5,10,10,5,7,8,12,3],"averageObj":[4439.246646124432,4656.789138008711,4443.072717679185,4474.621177206776,4370.2215051426,4580.46753120911,4581.62232994658,4385.614069912243,4456.822312851888,4563.159439351524],"slackBeforeALNS":0,"nInitialNotServicedFixedRequests":[1,1,1,1,1,1,1,1,1,1],"averageNotServicedExpectedRequests":[15.5,17.8,15.6,15.9,14.7,17.2,17.1,15.0,15.7,16.9],"runId":["Run 1","Run 2","Run 3","Run 4","Run 5","Run 6","Run 7","Run 8","Run 9","Run 10"]}