{"slackAfterALNS":0,"nInitialNotServicedExpectedRequests":[11,11,11,12,9,13,14,13,15,12],"averageObj":[3094.9125477379357,2967.9514417556047,3035.156777782476,2924.6138607755374,3052.4901526126678,2994.9828355946024,2963.503673348018,3366.5492664727376,2901.326192003283,3070.5346559987493],"slackBeforeALNS":0,"nInitialNotServicedFixedRequests":[0,0,0,0,0,0,0,0,0,0],"averageNotServicedExpectedRequests":[22.2,21.0,21.7,20.5,21.8,20.9,21.0,25.5,20.0,22.1],"runId":["Run 1","Run 2","Run 3","Run 4","Run 5","Run 6","Run 7","Run 8","Run 9","Run 10"]}