{"slackAfterALNS":0,"nInitialNotServicedExpectedRequests":[12,11,9,17,19,11,11,11,10,12],"averageObj":[2809.4938917515224,3166.0979286623588,2901.8615938817284,2781.3059494432173,3230.0941500045424,2809.1719274017923,3155.723129436517,3006.0573334277665,2924.2914726629697,3109.2868998978274],"slackBeforeALNS":0,"nInitialNotServicedFixedRequests":[0,0,0,0,0,0,0,0,0,0],"averageNotServicedExpectedRequests":[18.9,23.0,20.1,18.7,23.7,18.9,22.7,21.0,20.2,22.3],"runId":["Run 1","Run 2","Run 3","Run 4","Run 5","Run 6","Run 7","Run 8","Run 9","Run 10"]}