{"slackAfterALNS":0,"nInitialNotServicedExpectedRequests":[9,14,11,10,8,9,4,2,9,5],"averageObj":[4662.686164651917,4527.468696837308,4800.059483212527,4649.28450246779,4561.4907244701335,4557.341384915314,4640.231316839401,4473.8878926264015,4510.224275526937,4599.42939889421],"slackBeforeALNS":0,"nInitialNotServicedFixedRequests":[1,1,1,1,1,1,1,1,1,1],"averageNotServicedExpectedRequests":[17.8,16.4,19.4,17.7,16.9,16.8,17.5,15.8,15.9,17.2],"runId":["Run 1","Run 2","Run 3","Run 4","Run 5","Run 6","Run 7","Run 8","Run 9","Run 10"]}