{"slackAfterALNS":0,"nInitialNotServicedExpectedRequests":[15,14,8,7,12,16,15,7,7,11],"averageObj":[2894.41080317357,3099.859250910148,3084.233413306082,3027.6871673104138,3082.5859134033262,2951.6833106678628,2969.14518503402,3110.4045374311017,2870.1081331565238,2992.741270427573],"slackBeforeALNS":0,"nInitialNotServicedFixedRequests":[0,0,0,0,0,0,0,0,0,0],"averageNotServicedExpectedRequests":[20.1,22.8,22.4,21.8,22.2,21.2,21.1,23.0,20.2,21.4],"runId":["Run 1","Run 2","Run 3","Run 4","Run 5","Run 6","Run 7","Run 8","Run 9","Run 10"]}