{"slackAfterALNS":0,"nInitialNotServicedExpectedRequests":[11,8,7,4,9,8,7,9,9,10],"averageObj":[4670.471537170497,4582.035074500122,4508.0426621628085,4672.648742406277,4662.17457290707,4610.850281094852,4667.839344454035,4405.463481815108,4567.53951381847,4684.623240953495],"slackBeforeALNS":0,"nInitialNotServicedFixedRequests":[1,1,1,1,1,1,1,1,1,1],"averageNotServicedExpectedRequests":[17.9,17.1,16.3,18.1,17.8,17.3,17.8,15.1,16.9,18.2],"runId":["Run 1","Run 2","Run 3","Run 4","Run 5","Run 6","Run 7","Run 8","Run 9","Run 10"]}