{"slackAfterALNS":0,"nInitialNotServicedExpectedRequests":[10,10,6,7,6,9,8,7,10,7],"averageObj":[4993.251274034729,4898.696860563505,4805.408848563439,4874.430225820133,4893.781817040925,4837.892698881639,4595.891217621073,4763.245200754016,4822.470316073788,4626.809177254609],"slackBeforeALNS":0,"nInitialNotServicedFixedRequests":[1,1,1,1,1,1,1,1,1,1],"averageNotServicedExpectedRequests":[21.5,20.6,19.6,20.1,20.3,19.7,16.9,18.9,19.7,16.9],"runId":["Run 1","Run 2","Run 3","Run 4","Run 5","Run 6","Run 7","Run 8","Run 9","Run 10"]}