{"slackAfterALNS":0,"nInitialNotServicedExpectedRequests":[13,15,11,7,10,10,11,9,13,6],"averageObj":[2878.448319467505,3007.7243827800094,2878.07376303348,2827.1540988131014,2861.152022109962,3058.273743645303,2961.210823001511,2712.863088655187,2920.6433712421663,3086.6814832223854],"slackBeforeALNS":0,"nInitialNotServicedFixedRequests":[0,0,0,0,0,0,0,0,0,0],"averageNotServicedExpectedRequests":[19.8,21.5,19.9,19.4,19.8,22.1,21.0,18.2,20.6,22.3],"runId":["Run 1","Run 2","Run 3","Run 4","Run 5","Run 6","Run 7","Run 8","Run 9","Run 10"]}