{"slackAfterALNS":0,"nInitialNotServicedExpectedRequests":[1,1,1,1,1],"averageObj":[6373.682170542635,6373.682170542635,6273.488372093023,6373.682170542635,6273.488372093023],"slackBeforeALNS":0,"nInitialNotServicedFixedRequests":[3,3,3,3,3],"averageNotServicedExpectedRequests":[2.0,2.0,1.0,2.0,1.0],"ALNSIterations":[45566,38002,43611,36104,35798],"runId":["Run 1","Run 2","Run 3","Run 4","Run 5"]}