{"slackAfterALNS":0,"nInitialNotServicedExpectedRequests":[33,29,33,31,31],"averageObj":[5872.311067731411,6395.449809242703,6470.576783552268,6568.68334084072,6142.705955172431],"slackBeforeALNS":0,"nInitialNotServicedFixedRequests":[0,0,0,0,0],"averageNotServicedExpectedRequests":[29.0,36.0,36.0,37.0,32.0],"ALNSIterations":[249,259,267,249,263],"runId":["Run 1","Run 2","Run 3","Run 4","Run 5"]}