{"slackAfterALNS":0,"nInitialNotServicedExpectedRequests":[31,30,34,36,31],"averageObj":[6153.530597659781,6118.418922955223,6696.896079289492,6710.22461483066,6220.879539061402],"slackBeforeALNS":0,"nInitialNotServicedFixedRequests":[0,0,0,0,0],"averageNotServicedExpectedRequests":[31.0,31.0,38.0,38.0,32.0],"ALNSIterations":[220,235,224,212,222],"runId":["Run 1","Run 2","Run 3","Run 4","Run 5"]}