{"slackAfterALNS":0,"nInitialNotServicedExpectedRequests":[26,24,26,26,27],"averageObj":[5361.365006571069,5400.314417522904,5867.8120604773585,6241.267794717307,6471.0637284640125],"slackBeforeALNS":0,"nInitialNotServicedFixedRequests":[0,0,0,0,0],"averageNotServicedExpectedRequests":[24.0,24.0,29.0,34.0,36.0],"ALNSIterations":[263,248,238,246,227],"runId":["Run 1","Run 2","Run 3","Run 4","Run 5"]}