{"slackAfterALNS":0,"nInitialNotServicedExpectedRequests":[44,41,46,33,36],"averageObj":[7631.90220944354,6844.415150971965,7698.024927437864,6581.00103896488,7047.196247140797],"slackBeforeALNS":0,"nInitialNotServicedFixedRequests":[0,0,0,0,0],"averageNotServicedExpectedRequests":[46.0,39.0,47.0,35.0,41.0],"ALNSIterations":[184,195,203,216,225],"runId":["Run 1","Run 2","Run 3","Run 4","Run 5"]}