{"slackAfterALNS":0,"nInitialNotServicedExpectedRequests":[26,23,34,27,31],"averageObj":[6002.245440385821,5622.089714626643,5482.274131939282,8239.390344614163,5869.637508131315],"slackBeforeALNS":0,"nInitialNotServicedFixedRequests":[0,0,0,1,0],"averageNotServicedExpectedRequests":[29.0,25.0,24.0,33.0,28.0],"ALNSIterations":[218,255,245,251,241],"runId":["Run 1","Run 2","Run 3","Run 4","Run 5"]}