{"slackAfterALNS":0,"nInitialNotServicedExpectedRequests":[36,40,39,37,37],"averageObj":[6805.414383061625,6875.518197803178,6665.317114600997,6882.535550772462,6851.848248099899],"slackBeforeALNS":0,"nInitialNotServicedFixedRequests":[0,0,0,0,0],"averageNotServicedExpectedRequests":[40.0,40.0,38.0,41.0,40.0],"ALNSIterations":[210,236,256,250,251],"runId":["Run 1","Run 2","Run 3","Run 4","Run 5"]}