{"slackAfterALNS":0,"nInitialNotServicedExpectedRequests":[19,24,29,29,26],"averageObj":[5300.514999750274,11755.629659097247,8120.737890307015,9779.893426460461,5790.0436383339775],"slackBeforeALNS":0,"nInitialNotServicedFixedRequests":[0,3,1,2,0],"averageNotServicedExpectedRequests":[21.0,27.0,32.0,27.0,27.0],"ALNSIterations":[242,246,229,218,231],"runId":["Run 1","Run 2","Run 3","Run 4","Run 5"]}