{"slackAfterALNS":0,"nInitialNotServicedExpectedRequests":[32,28,36,29,32],"averageObj":[6783.822903503629,6291.4612940225625,6608.675377983456,5863.247113728757,6366.696267255632],"slackBeforeALNS":0,"nInitialNotServicedFixedRequests":[0,0,0,0,0],"averageNotServicedExpectedRequests":[39.0,34.0,37.0,28.0,34.0],"ALNSIterations":[255,277,254,265,221],"runId":["Run 1","Run 2","Run 3","Run 4","Run 5"]}