{"slackAfterALNS":0,"nInitialNotServicedExpectedRequests":[26,26,30,33,33],"averageObj":[5786.957141885154,6797.890391477735,6233.072191323655,6560.977319213203,6814.042615363223],"slackBeforeALNS":0,"nInitialNotServicedFixedRequests":[0,0,0,0,0],"averageNotServicedExpectedRequests":[28.0,38.0,31.0,36.0,38.0],"ALNSIterations":[196,228,244,242,250],"runId":["Run 1","Run 2","Run 3","Run 4","Run 5"]}