{"slackAfterALNS":0,"nInitialNotServicedExpectedRequests":[21,28,28,27,26],"averageObj":[7619.763933884057,5880.133445158653,6099.786648537806,5763.461768772248,5267.456329893445],"slackBeforeALNS":0,"nInitialNotServicedFixedRequests":[1,0,0,0,0],"averageNotServicedExpectedRequests":[26.0,28.0,31.0,27.0,22.0],"ALNSIterations":[228,229,241,236,249],"runId":["Run 1","Run 2","Run 3","Run 4","Run 5"]}