{"slackAfterALNS":0,"nInitialNotServicedExpectedRequests":[10,11,7,8,12],"averageObj":[16018.543475036655,16250.885453603227,11967.503250727294,16223.747914053576,16579.434253996897],"slackBeforeALNS":0,"nInitialNotServicedFixedRequests":[4,4,2,4,4],"averageNotServicedExpectedRequests":[25.9,30.4,26.6,28.3,33.1],"ALNSIterations":[656,629,657,669,525],"runId":["Run 1","Run 2","Run 3","Run 4","Run 5"]}