{"slackAfterALNS":0,"nInitialNotServicedExpectedRequests":[22,21,12,13,18],"averageObj":[30632.297386012127,32772.22274254498,25659.88502624877,30499.5698690551,40574.32104689679],"slackBeforeALNS":0,"nInitialNotServicedFixedRequests":[11,12,8,11,16],"averageNotServicedExpectedRequests":[35.4,37.0,46.1,34.4,35.7],"ALNSIterations":[679,708,715,655,650],"runId":["Run 1","Run 2","Run 3","Run 4","Run 5"]}