{"slackAfterALNS":0,"nInitialNotServicedExpectedRequests":[2,2,3,3,2],"averageObj":[1562.733649805731,1671.0087885496232,2012.923517923518,1768.0729888611659,1586.6277413245814],"slackBeforeALNS":0,"nInitialNotServicedFixedRequests":[0,0,0,0,0],"averageNotServicedExpectedRequests":[6.0,7.0,11.0,8.0,6.0],"ALNSIterations":[23199,23298,21978,22697,23060],"runId":["Run 1","Run 2","Run 3","Run 4","Run 5"]}