{"slackAfterALNS":0,"nInitialNotServicedExpectedRequests":[2,2,3,2,3],"averageObj":[1409.3099129814548,1802.1026754751929,1384.5782879712426,1519.9772381639177,1399.1488518082533],"slackBeforeALNS":0,"nInitialNotServicedFixedRequests":[0,0,0,0,0],"averageNotServicedExpectedRequests":[4.0,8.0,4.0,5.0,4.0],"ALNSIterations":[23001,23881,19824,24152,24002],"runId":["Run 1","Run 2","Run 3","Run 4","Run 5"]}