{"slackAfterALNS":0,"nInitialNotServicedExpectedRequests":[1,2,2,1,1],"averageObj":[1391.2911429248584,1395.5717856460722,1509.9150221998204,1435.7146317566644,1400.625784997746],"slackBeforeALNS":0,"nInitialNotServicedFixedRequests":[0,0,0,0,0],"averageNotServicedExpectedRequests":[4.0,4.0,5.0,4.0,4.0],"ALNSIterations":[21320,17161,20311,21144,20929],"runId":["Run 1","Run 2","Run 3","Run 4","Run 5"]}