{"slackAfterALNS":0,"nInitialNotServicedExpectedRequests":[23,19,25,20,17,19,23,20,16,16],"averageObj":[7773.992070625487,7951.182176084005,7690.113498886739,7574.203859522575,7735.964097892051,7130.654748996529,7683.641345793384,6907.781711064618,7667.928197158488,7168.6505313935895],"slackBeforeALNS":0,"nInitialNotServicedFixedRequests":[0,0,0,0,0,0,0,0,0,0],"averageNotServicedExpectedRequests":[50.6,52.7,49.5,48.4,50.3,43.1,49.7,40.7,49.5,43.2],"runId":["Run 1","Run 2","Run 3","Run 4","Run 5","Run 6","Run 7","Run 8","Run 9","Run 10"]}