{"slackAfterALNS":0,"nInitialNotServicedExpectedRequests":[28,24,28,19,24,28,23,30,32,21],"averageObj":[7980.8000531075595,7977.203134940374,7979.755801946885,8093.138085423212,7843.292161790678,7841.7569163008275,7686.7249095618845,7828.824776281974,7919.851261198099,7616.8272494763605],"slackBeforeALNS":0,"nInitialNotServicedFixedRequests":[0,0,0,0,0,0,0,0,0,0],"averageNotServicedExpectedRequests":[53.2,52.5,52.9,54.2,50.7,50.9,49.0,51.2,51.7,48.9],"runId":["Run 1","Run 2","Run 3","Run 4","Run 5","Run 6","Run 7","Run 8","Run 9","Run 10"]}