{"slackAfterALNS":0,"nInitialNotServicedExpectedRequests":[29,26,26,27,24,20,23,24,24,18],"averageObj":[7774.7233060797125,7871.669618785058,8193.181194604225,8297.146540769805,7734.257591571896,8226.336376915464,7632.597670312013,7921.338623268812,7976.656558874805,8366.620592373809],"slackBeforeALNS":0,"nInitialNotServicedFixedRequests":[0,0,0,0,0,0,0,0,0,0],"averageNotServicedExpectedRequests":[50.3,51.6,55.5,55.7,50.4,55.1,48.5,52.4,52.4,56.4],"runId":["Run 1","Run 2","Run 3","Run 4","Run 5","Run 6","Run 7","Run 8","Run 9","Run 10"]}