{"slackAfterALNS":0,"nInitialNotServicedExpectedRequests":[33,24,27,37,30,25,26,34,24,30],"averageObj":[8057.6500765535575,7659.896105095608,7948.8937761541,8272.41793591823,7999.746860931473,7646.495453010907,7995.041692036337,7577.113871323361,8128.643984097063,8173.635896981815],"slackBeforeALNS":0,"nInitialNotServicedFixedRequests":[0,0,0,0,0,0,0,0,0,0],"averageNotServicedExpectedRequests":[53.8,49.5,53.0,56.3,53.1,49.4,53.0,48.5,54.9,55.1],"runId":["Run 1","Run 2","Run 3","Run 4","Run 5","Run 6","Run 7","Run 8","Run 9","Run 10"]}