{"slackAfterALNS":0,"nInitialNotServicedExpectedRequests":[28,29,26,24,19,29,26,23,26,20],"averageObj":[7677.240124266835,8381.342547437838,7934.372005281613,8271.10010671557,7906.142601368638,8315.308571249636,8168.797119706649,7992.094088534584,7769.406637567185,7970.547816817893],"slackBeforeALNS":0,"nInitialNotServicedFixedRequests":[0,0,0,0,0,0,0,0,0,0],"averageNotServicedExpectedRequests":[49.2,57.0,52.1,56.0,51.7,56.2,55.2,52.6,50.3,53.0],"runId":["Run 1","Run 2","Run 3","Run 4","Run 5","Run 6","Run 7","Run 8","Run 9","Run 10"]}