{"slackAfterALNS":0,"nInitialNotServicedExpectedRequests":[32,24,24,27,26,26,26,18,24,24],"averageObj":[8506.66068890153,7944.428411765436,8424.888850390433,8111.295501859897,8215.23071130391,8060.3398195439395,7944.971658478254,8014.280140575487,7746.971040086978,8295.174299791466],"slackBeforeALNS":0,"nInitialNotServicedFixedRequests":[0,0,0,0,0,0,0,0,0,0],"averageNotServicedExpectedRequests":[58.5,52.2,58.0,54.0,55.4,53.8,52.4,53.1,49.9,56.2],"runId":["Run 1","Run 2","Run 3","Run 4","Run 5","Run 6","Run 7","Run 8","Run 9","Run 10"]}