{"slackAfterALNS":0,"nInitialNotServicedExpectedRequests":[30,17,34,24,26,23,30,17,27,16],"averageObj":[7904.290675298905,7547.512289678731,8296.448692273905,7962.966061881319,8464.443784921119,7572.888578326235,8219.609194412578,7432.98959805098,7806.841342909183,7583.855787620657],"slackBeforeALNS":0,"nInitialNotServicedFixedRequests":[0,0,0,0,0,0,0,0,0,0],"averageNotServicedExpectedRequests":[51.9,48.5,56.1,52.2,58.4,47.9,55.0,46.4,50.7,48.1],"runId":["Run 1","Run 2","Run 3","Run 4","Run 5","Run 6","Run 7","Run 8","Run 9","Run 10"]}