{"slackAfterALNS":0,"nInitialNotServicedExpectedRequests":[13,9,7,9,15],"averageObj":[16425.87108127199,14108.079144237621,15135.471759598524,19833.376548055854,16247.898624113932],"slackBeforeALNS":0,"nInitialNotServicedFixedRequests":[4,3,4,6,4],"averageNotServicedExpectedRequests":[31.0,29.0,18.0,27.0,31.0],"ALNSIterations":[784,729,717,769,775],"runId":["Run 1","Run 2","Run 3","Run 4","Run 5"]}