{"slackAfterALNS":0,"nInitialNotServicedExpectedRequests":[2,5,6,12,8],"averageObj":[13923.776489209737,9850.288992073567,7396.562177765742,14019.287718280993,14207.206274732394],"slackBeforeALNS":0,"nInitialNotServicedFixedRequests":[3,1,0,3,3],"averageNotServicedExpectedRequests":[28.0,27.0,22.0,28.0,31.0],"ALNSIterations":[787,762,781,764,789],"runId":["Run 1","Run 2","Run 3","Run 4","Run 5"]}