{"slackAfterALNS":0,"nInitialNotServicedExpectedRequests":[6,5,7,7,7],"averageObj":[12424.604620525386,10388.157479235431,13128.260224464731,14388.498212918257,16319.083253250012],"slackBeforeALNS":0,"nInitialNotServicedFixedRequests":[2,1,2,3,4],"averageNotServicedExpectedRequests":[31.0,30.0,39.0,31.0,29.0],"ALNSIterations":[729,732,748,757,771],"runId":["Run 1","Run 2","Run 3","Run 4","Run 5"]}