{"slackAfterALNS":0,"nInitialNotServicedExpectedRequests":[8,5,8,5,4],"averageObj":[7254.8819211131895,7301.747541421461,9359.615549263639,6986.140476496084,7915.092451413281],"slackBeforeALNS":0,"nInitialNotServicedFixedRequests":[1,1,2,1,1],"averageNotServicedExpectedRequests":[19.7,20.5,21.6,18.5,28.0],"ALNSIterations":[2362,2467,2408,2357,2404],"runId":["Run 1","Run 2","Run 3","Run 4","Run 5"]}