{"slackAfterALNS":0,"nInitialNotServicedExpectedRequests":[6,7,4,6,5],"averageObj":[9408.81047684509,4917.958251672834,5610.6930720777045,8994.032489657675,5089.0276704928965],"slackBeforeALNS":0,"nInitialNotServicedFixedRequests":[2,0,0,2,0],"averageNotServicedExpectedRequests":[23.5,18.4,25.5,19.7,20.1],"ALNSIterations":[1643,1806,1583,1888,1573],"runId":["Run 1","Run 2","Run 3","Run 4","Run 5"]}