{"slackAfterALNS":0,"nInitialNotServicedExpectedRequests":[8,5,8,8,4],"averageObj":[4986.600564863017,4435.923396071432,6754.731808891012,7303.927242728883,4489.695473043947],"slackBeforeALNS":0,"nInitialNotServicedFixedRequests":[0,0,1,1,0],"averageNotServicedExpectedRequests":[18.0,12.0,15.0,22.0,11.0],"ALNSIterations":[5012,4421,4203,5095,5045],"runId":["Run 1","Run 2","Run 3","Run 4","Run 5"]}