{"slackAfterALNS":0,"nInitialNotServicedExpectedRequests":[0,0,0,0,0,0,0,0,0,0],"averageObj":[1549.3879445311243,1517.1124406283373,1394.8938511140834,1358.225988462868,1476.601578202454,1381.648277013403,1447.5555641229196,1542.9361987547268,1344.3347034312133,1368.4038629885467],"slackBeforeALNS":0,"nInitialNotServicedFixedRequests":[0,0,0,0,0,0,0,0,0,0],"averageNotServicedExpectedRequests":[5.9,5.5,4.1,3.7,5.1,4.0,4.8,5.7,3.6,3.9],"runId":["Run 1","Run 2","Run 3","Run 4","Run 5","Run 6","Run 7","Run 8","Run 9","Run 10"]}