{"slackAfterALNS":0,"nInitialNotServicedExpectedRequests":[0,0,0,0,0,0,1,0,0,0],"averageObj":[1488.608385604237,1488.913889714871,1641.3974958600697,1570.0926854794748,1520.97741487278,1473.9700207717874,1491.3255502034688,1643.1333075539756,1625.071186604418,1731.5484762351457],"slackBeforeALNS":0,"nInitialNotServicedFixedRequests":[0,0,0,0,0,0,0,0,0,0],"averageNotServicedExpectedRequests":[4.9,5.1,6.6,5.9,5.4,4.9,5.2,6.8,6.6,7.8],"runId":["Run 1","Run 2","Run 3","Run 4","Run 5","Run 6","Run 7","Run 8","Run 9","Run 10"]}