id,start_of_availability,end_of_availability,maximum_ride_time,capacity_walking,depot_latitude,depot_longitude
1,600,960,950,4,60.2542,10.701
2,1080,1440,1422,4,60.04673333333333,11.203
3,840,1200,1186,4,59.6318,10.701
4,840,1200,1186,4,60.2542,11.203
5,840,1200,1186,4,59.943,10.868333333333334
6,360,720,714,4,60.04673333333333,11.203
7,360,720,714,4,60.04673333333333,12.039666666666667
8,360,720,714,4,59.943,10.366333333333333
9,360,720,714,4,59.6318,10.868333333333334
