{"slackAfterALNS":0,"nInitialNotServicedExpectedRequests":[14,5,8,2,5],"averageObj":[13742.173045786247,15733.924733988471,13872.547098532723,11635.378304281909,11899.06880954921],"slackBeforeALNS":0,"nInitialNotServicedFixedRequests":[3,4,3,2,2],"averageNotServicedExpectedRequests":[25.0,25.0,24.0,24.0,26.0],"ALNSIterations":[765,729,762,729,636],"runId":["Run 1","Run 2","Run 3","Run 4","Run 5"]}