{"slackAfterALNS":0,"nInitialNotServicedExpectedRequests":[11,20,9,14,8],"averageObj":[22286.597226493166,31715.51173948292,19608.926428589966,25588.277818740804,28039.938443723302],"slackBeforeALNS":0,"nInitialNotServicedFixedRequests":[7,12,6,9,10],"averageNotServicedExpectedRequests":[31.0,27.0,24.0,24.0,30.0],"ALNSIterations":[835,789,837,833,814],"runId":["Run 1","Run 2","Run 3","Run 4","Run 5"]}