{"slackAfterALNS":0,"nInitialNotServicedExpectedRequests":[11,10,12,11,14],"averageObj":[4787.617721566708,4714.170918923688,2776.483611090194,2793.352353105189,2695.6337381542926],"slackBeforeALNS":0,"nInitialNotServicedFixedRequests":[1,1,0,0,0],"averageNotServicedExpectedRequests":[19.0,17.5,18.9,18.4,17.6],"ALNSIterations":[17354,19555,19868,18952,20505],"runId":["Run 1","Run 2","Run 3","Run 4","Run 5"]}