{"slackAfterALNS":0,"nInitialNotServicedExpectedRequests":[21,22,22,21,27,22,26,28,23,29],"averageObj":[3868.0645466066517,4078.390534446417,4028.993522823116,4093.3605391600336,4016.9759292240283,4087.76927064454,4166.115594563673,4123.598199329549,4329.037832639111,4373.384481431336],"slackBeforeALNS":0,"nInitialNotServicedFixedRequests":[0,0,0,0,0,0,0,0,0,0],"averageNotServicedExpectedRequests":[27.8,30.6,30.0,30.8,29.6,30.7,31.6,31.1,33.7,33.9],"runId":["Run 1","Run 2","Run 3","Run 4","Run 5","Run 6","Run 7","Run 8","Run 9","Run 10"]}