{"slackAfterALNS":0,"nInitialNotServicedExpectedRequests":[21,27,25,26,18,22,28,23,17,25],"averageObj":[5991.404479699701,6376.197463179675,6113.330624799272,6126.980228850685,6170.779039135717,6184.55806476984,6319.047591723014,6158.739884292662,6108.8774976535005,6244.497596404643],"slackBeforeALNS":0,"nInitialNotServicedFixedRequests":[1,1,1,1,1,1,1,1,1,1],"averageNotServicedExpectedRequests":[29.2,34.1,31.7,31.6,31.8,32.0,33.5,31.6,31.1,33.0],"runId":["Run 1","Run 2","Run 3","Run 4","Run 5","Run 6","Run 7","Run 8","Run 9","Run 10"]}