{"slackAfterALNS":0,"nInitialNotServicedExpectedRequests":[22,36,27,30,24,34,31,24,30,27],"averageObj":[4069.379098241705,4396.801373273435,4513.501266524592,4333.7251834432145,6108.780326009588,4366.482315684322,4470.295585872509,3965.219259636485,4399.871362003401,6046.489686252493],"slackBeforeALNS":0,"nInitialNotServicedFixedRequests":[0,0,0,0,1,0,0,0,0,1],"averageNotServicedExpectedRequests":[30.6,34.1,35.4,33.1,31.3,34.0,35.1,29.4,34.4,30.6],"runId":["Run 1","Run 2","Run 3","Run 4","Run 5","Run 6","Run 7","Run 8","Run 9","Run 10"]}