{"slackAfterALNS":0,"nInitialNotServicedExpectedRequests":[25,25,30,23,18,24,17,21,26,23],"averageObj":[4054.456287210292,4287.9435421891885,4580.766912965551,4217.737100220319,4078.8882679081316,3949.9061093183677,4433.242430938856,4329.812944415252,4204.528593052282,3877.7725504402333],"slackBeforeALNS":0,"nInitialNotServicedFixedRequests":[0,0,0,0,0,0,0,0,0,0],"averageNotServicedExpectedRequests":[30.3,33.2,36.2,32.2,30.6,29.3,34.8,33.5,32.6,28.5],"runId":["Run 1","Run 2","Run 3","Run 4","Run 5","Run 6","Run 7","Run 8","Run 9","Run 10"]}