{"slackAfterALNS":0,"nInitialNotServicedExpectedRequests":[24,31,24,28,27,24,33,22,27,22],"averageObj":[10186.380637175065,12007.094265211259,9994.893960706442,10421.145251377642,10307.480234002644,10323.786261878053,12379.185530155311,10323.769822050943,10231.789687524755,9957.181438314521],"slackBeforeALNS":0,"nInitialNotServicedFixedRequests":[3,4,3,3,3,3,4,3,3,3],"averageNotServicedExpectedRequests":[32.1,30.6,30.2,34.7,33.7,33.8,34.7,33.5,32.8,29.5],"runId":["Run 1","Run 2","Run 3","Run 4","Run 5","Run 6","Run 7","Run 8","Run 9","Run 10"]}