{"slackAfterALNS":0,"nInitialNotServicedExpectedRequests":[21,18,20,23,14,16,21,21,28,23],"averageObj":[5986.8839552193185,5820.250708573646,5925.529670546041,6063.217205662282,5815.099520018457,6014.083144037802,6043.795289135774,6105.255601685191,5965.872757832259,6084.331196568344],"slackBeforeALNS":0,"nInitialNotServicedFixedRequests":[1,1,1,1,1,1,1,1,1,1],"averageNotServicedExpectedRequests":[30.0,28.3,28.8,30.3,28.0,30.3,30.7,31.4,29.7,31.3],"runId":["Run 1","Run 2","Run 3","Run 4","Run 5","Run 6","Run 7","Run 8","Run 9","Run 10"]}