{"slackAfterALNS":0,"nInitialNotServicedExpectedRequests":[22,23,19,24,25,18,20,24,16,15],"averageObj":[7918.249188588046,8157.231217401024,8100.889333388501,8310.912732290684,8203.886895376116,7912.831345943149,7943.554513533927,7944.842765563413,7938.576032383853,7926.373969173101],"slackBeforeALNS":0,"nInitialNotServicedFixedRequests":[2,2,2,2,2,2,2,2,2,2],"averageNotServicedExpectedRequests":[29.3,32.1,31.4,33.5,32.5,29.3,29.3,29.8,29.6,29.2],"runId":["Run 1","Run 2","Run 3","Run 4","Run 5","Run 6","Run 7","Run 8","Run 9","Run 10"]}