{"slackAfterALNS":0,"nInitialNotServicedExpectedRequests":[22,21,29,17,23,21,18,22,24,16],"averageObj":[4189.697821595057,4303.060000427204,4349.320985235917,4287.065943504433,4174.222923478749,4282.887651106666,4155.693527970657,4127.508000296142,4313.9681033676325,4163.941497621736],"slackBeforeALNS":0,"nInitialNotServicedFixedRequests":[0,0,0,0,0,0,0,0,0,0],"averageNotServicedExpectedRequests":[32.6,33.4,34.2,33.7,31.9,33.2,32.0,31.6,33.8,31.9],"runId":["Run 1","Run 2","Run 3","Run 4","Run 5","Run 6","Run 7","Run 8","Run 9","Run 10"]}