{"slackAfterALNS":0,"nInitialNotServicedExpectedRequests":[19,21,15,23,25,23,20,21,15,22],"averageObj":[7988.503397735825,8067.128145011457,8099.421910514038,8023.5648451748175,7878.54274265871,8112.231116002023,8051.883324684311,7929.565703058734,7716.461307863322,7950.2323151071705],"slackBeforeALNS":0,"nInitialNotServicedFixedRequests":[2,2,2,2,2,2,2,2,2,2],"averageNotServicedExpectedRequests":[30.0,30.3,31.5,30.3,29.0,31.7,30.9,29.5,27.3,29.3],"runId":["Run 1","Run 2","Run 3","Run 4","Run 5","Run 6","Run 7","Run 8","Run 9","Run 10"]}