{"slackAfterALNS":0,"nInitialNotServicedExpectedRequests":[27,26,16,25,19,20,23,18,19,22],"averageObj":[4083.8087409107115,4063.043548740445,3732.120161284688,4121.869199647505,4001.700655065247,4154.37806019997,3940.020740230644,4171.499395849233,4082.365884309839,3703.573444587376],"slackBeforeALNS":0,"nInitialNotServicedFixedRequests":[0,0,0,0,0,0,0,0,0,0],"averageNotServicedExpectedRequests":[31.2,30.9,27.0,31.9,30.3,31.9,29.4,32.3,31.1,27.0],"runId":["Run 1","Run 2","Run 3","Run 4","Run 5","Run 6","Run 7","Run 8","Run 9","Run 10"]}