{"slackAfterALNS":0,"nInitialNotServicedExpectedRequests":[18,11,9,18,5],"averageObj":[34582.471277064506,26810.596961264608,26273.85883960864,26307.452269281453,21023.80247460168],"slackBeforeALNS":0,"nInitialNotServicedFixedRequests":[13,9,9,9,6],"averageNotServicedExpectedRequests":[34.9,37.9,31.6,31.3,39.4],"ALNSIterations":[722,773,677,657,713],"runId":["Run 1","Run 2","Run 3","Run 4","Run 5"]}