{"slackAfterALNS":0,"nInitialNotServicedExpectedRequests":[16,17,8,12,13],"averageObj":[20525.826284920637,28899.739168335473,16553.33298081021,20891.47919045991,19226.114221891963],"slackBeforeALNS":0,"nInitialNotServicedFixedRequests":[6,10,4,6,5],"averageNotServicedExpectedRequests":[34.0,35.9,33.4,37.7,40.6],"ALNSIterations":[628,754,603,697,629],"runId":["Run 1","Run 2","Run 3","Run 4","Run 5"]}