{"slackAfterALNS":0,"nInitialNotServicedExpectedRequests":[12,11,19,5,12],"averageObj":[14759.387313869225,24305.811741726,15421.583199046305,14593.340220690501,17025.204489616695],"slackBeforeALNS":0,"nInitialNotServicedFixedRequests":[3,8,3,3,4],"averageNotServicedExpectedRequests":[34.6,30.9,41.7,33.6,38.2],"ALNSIterations":[719,652,764,638,674],"runId":["Run 1","Run 2","Run 3","Run 4","Run 5"]}