{"slackAfterALNS":0,"nInitialNotServicedExpectedRequests":[6,4,9,9,8],"averageObj":[7908.335945089397,7152.954201803799,7476.6302158894305,7342.128093629202,6829.331599960797],"slackBeforeALNS":0,"nInitialNotServicedFixedRequests":[1,1,1,1,1],"averageNotServicedExpectedRequests":[27.0,20.0,24.0,23.0,16.0],"ALNSIterations":[4004,4099,3951,3875,4129],"runId":["Run 1","Run 2","Run 3","Run 4","Run 5"]}