{"slackAfterALNS":0,"nInitialNotServicedExpectedRequests":[8,7,7,2,8],"averageObj":[4636.535749450391,5565.310097509463,6560.4042118418,4552.855072662368,5025.923442487788],"slackBeforeALNS":0,"nInitialNotServicedFixedRequests":[0,0,1,0,0],"averageNotServicedExpectedRequests":[15.0,26.0,14.0,14.0,19.0],"ALNSIterations":[2018,1938,1779,2217,1859],"runId":["Run 1","Run 2","Run 3","Run 4","Run 5"]}