{"slackAfterALNS":0,"nInitialNotServicedExpectedRequests":[8,10,12,12,9],"averageObj":[11155.00597553438,7509.794435571006,7521.431207226926,7229.090980373641,7315.423153556503],"slackBeforeALNS":0,"nInitialNotServicedFixedRequests":[3,1,1,1,1],"averageNotServicedExpectedRequests":[19.0,25.0,25.0,22.0,21.0],"ALNSIterations":[1847,1962,2744,2751,2782],"runId":["Run 1","Run 2","Run 3","Run 4","Run 5"]}