{"slackAfterALNS":0,"nInitialNotServicedExpectedRequests":[12,18,12,13,13],"averageObj":[9335.43234785869,9797.591390044301,7118.49992556715,14000.107839291188,11687.142014098803],"slackBeforeALNS":0,"nInitialNotServicedFixedRequests":[2,2,1,4,3],"averageNotServicedExpectedRequests":[22.0,27.0,20.0,29.0,26.0],"ALNSIterations":[2249,1924,1892,1671,2120],"runId":["Run 1","Run 2","Run 3","Run 4","Run 5"]}