{"slackAfterALNS":0,"nInitialNotServicedExpectedRequests":[9,9,9,8,8],"averageObj":[4160.559050579571,4525.435028036259,4583.922688065047,4271.1762710540925,4304.128153580167],"slackBeforeALNS":0,"nInitialNotServicedFixedRequests":[1,1,1,1,1],"averageNotServicedExpectedRequests":[12.0,16.0,17.0,13.0,14.0],"ALNSIterations":[18132,18891,18042,18527,18300],"runId":["Run 1","Run 2","Run 3","Run 4","Run 5"]}