{"slackAfterALNS":0,"nInitialNotServicedExpectedRequests":[6,7,8,10,6],"averageObj":[2282.836766000527,2492.1916681426273,4538.056782828169,2652.166938462301,2447.545671933641],"slackBeforeALNS":0,"nInitialNotServicedFixedRequests":[0,0,1,0,0],"averageNotServicedExpectedRequests":[13.2,15.5,16.5,17.2,14.7],"ALNSIterations":[15743,18837,16425,18027,19152],"runId":["Run 1","Run 2","Run 3","Run 4","Run 5"]}