{"slackAfterALNS":0,"nInitialNotServicedExpectedRequests":[9,6,9,8,10],"averageObj":[6477.905136627486,6616.634376095202,6763.595104774179,4606.16121494688,6517.864609675406],"slackBeforeALNS":0,"nInitialNotServicedFixedRequests":[2,2,2,1,2],"averageNotServicedExpectedRequests":[15.6,17.6,19.2,17.0,16.1],"ALNSIterations":[16206,16815,16629,17443,17054],"runId":["Run 1","Run 2","Run 3","Run 4","Run 5"]}