{"slackAfterALNS":0,"nInitialNotServicedExpectedRequests":[9,11,8,4,9],"averageObj":[8579.732314221266,10527.364229860124,4450.412871333878,6721.540636207416,6625.5492761393425],"slackBeforeALNS":0,"nInitialNotServicedFixedRequests":[3,4,1,2,2],"averageNotServicedExpectedRequests":[16.5,16.5,14.9,18.2,17.2],"ALNSIterations":[15692,18182,19422,18336,17457],"runId":["Run 1","Run 2","Run 3","Run 4","Run 5"]}