{"slackAfterALNS":0,"nInitialNotServicedExpectedRequests":[1,3,2,2,1],"averageObj":[363.2443280262949,510.87176102585937,417.58685452024355,486.2364318199325,487.4305128588377],"slackBeforeALNS":0,"nInitialNotServicedFixedRequests":[0,0,0,0,0],"averageNotServicedExpectedRequests":[1.6,3.4,2.3,3.1,3.1],"ALNSIterations":[346912,376638,337850,353055,368047],"runId":["Run 1","Run 2","Run 3","Run 4","Run 5"]}