{"runId":["Run 1","Run 2","Run 3","Run 4","Run 5"],"averageObj":[25670.091162838275,21964.79888829277,27515.4461222279,25735.717429838365,20116.79472126632],"averageNotServicedExpectedRequests":[25.8,28.5,23.7,25.6,32.7],"nInitialNotServicedFixedRequests":[10,8,11,10,7],"nInitialNotServicedExpectedRequests":[14,12,14,18,15],"ALNSIterations":[226,223,246,158,240]}