{"slackAfterALNS":0,"nInitialNotServicedExpectedRequests":[7,9,7,4,2],"averageObj":[7600.854135982501,7548.22670083605,7553.896091008503,9460.729438726341,7614.129832702153],"slackBeforeALNS":0,"nInitialNotServicedFixedRequests":[1,1,1,2,1],"averageNotServicedExpectedRequests":[23.3,23.0,23.1,22.8,24.2],"ALNSIterations":[1992,1939,2002,1920,1880],"runId":["Run 1","Run 2","Run 3","Run 4","Run 5"]}