{"slackAfterALNS":0,"nInitialNotServicedExpectedRequests":[5,7,5,1,10],"averageObj":[7121.4944433894025,7288.677788628629,4831.478310180485,5243.490813904829,5443.047800487276],"slackBeforeALNS":0,"nInitialNotServicedFixedRequests":[1,1,0,0,0],"averageNotServicedExpectedRequests":[20.4,22.4,17.7,22.2,23.9],"ALNSIterations":[2002,1817,1989,2072,1954],"runId":["Run 1","Run 2","Run 3","Run 4","Run 5"]}