{"slackAfterALNS":0,"nInitialNotServicedExpectedRequests":[5,3,5,7,6],"averageObj":[19490.152239543426,5007.348361781398,13433.028901996868,9541.305225789765,15013.586295581797],"slackBeforeALNS":0,"nInitialNotServicedFixedRequests":[7,0,4,2,5],"averageNotServicedExpectedRequests":[23.5,18.1,22.8,23.6,18.2],"ALNSIterations":[1863,1811,1894,1909,1808],"runId":["Run 1","Run 2","Run 3","Run 4","Run 5"]}