{"slackAfterALNS":0,"nInitialNotServicedExpectedRequests":[6,7,7,1,8],"averageObj":[10013.981218040624,5931.172994208212,8087.749278150703,6085.360489570808,5674.022468279861],"slackBeforeALNS":0,"nInitialNotServicedFixedRequests":[2,0,1,0,0],"averageNotServicedExpectedRequests":[29.5,27.9,28.7,30.1,26.0],"ALNSIterations":[1845,2099,1915,2032,1945],"runId":["Run 1","Run 2","Run 3","Run 4","Run 5"]}