{"slackAfterALNS":0,"nInitialNotServicedExpectedRequests":[4,8,9,9,8],"averageObj":[11659.494464379211,11362.023933668204,9497.338918305995,9621.436663968654,9482.571411573852],"slackBeforeALNS":0,"nInitialNotServicedFixedRequests":[3,3,2,2,2],"averageNotServicedExpectedRequests":[25.3,22.3,24.1,24.3,23.5],"ALNSIterations":[1872,2088,2059,1799,2072],"runId":["Run 1","Run 2","Run 3","Run 4","Run 5"]}