{"slackAfterALNS":0,"nInitialNotServicedExpectedRequests":[6,5,6,8,11],"averageObj":[5418.168140298904,5108.608399233693,7591.4150699073025,5806.659715123473,9544.070343952279],"slackBeforeALNS":0,"nInitialNotServicedFixedRequests":[0,0,1,0,2],"averageNotServicedExpectedRequests":[23.7,19.9,24.4,27.1,23.9],"ALNSIterations":[1925,2145,1922,2149,2067],"runId":["Run 1","Run 2","Run 3","Run 4","Run 5"]}