{"slackAfterALNS":0,"nInitialNotServicedExpectedRequests":[1,1,1,1,1],"averageObj":[6291.549525988885,6291.549525988885,6291.549525988885,6291.549525988885,6291.549525988885],"slackBeforeALNS":0,"nInitialNotServicedFixedRequests":[3,3,3,3,3],"averageNotServicedExpectedRequests":[1.0,1.0,1.0,1.0,1.0],"ALNSIterations":[308872,306910,383795,323742,307315],"runId":["Run 1","Run 2","Run 3","Run 4","Run 5"]}