{"slackAfterALNS":0,"nInitialNotServicedExpectedRequests":[1,1,1,1,1],"averageObj":[380.0,470.0,567.0909090909091,484.06765327695564,470.0],"slackBeforeALNS":0,"nInitialNotServicedFixedRequests":[0,0,0,0,0],"averageNotServicedExpectedRequests":[2.0,3.0,4.0,3.0,3.0],"ALNSIterations":[272072,318414,323721,337142,298239],"runId":["Run 1","Run 2","Run 3","Run 4","Run 5"]}