{"slackAfterALNS":0,"nInitialNotServicedExpectedRequests":[17,15,12,24,11],"averageObj":[6396.903888029674,5961.652924187032,5603.379280375299,6201.75758544191,5677.423081706314],"slackBeforeALNS":0,"nInitialNotServicedFixedRequests":[0,0,0,0,0],"averageNotServicedExpectedRequests":[34.3,28.7,25.4,31.0,25.3],"ALNSIterations":[4943,4488,4875,4967,5170],"runId":["Run 1","Run 2","Run 3","Run 4","Run 5"]}