{"slackAfterALNS":0,"nInitialNotServicedExpectedRequests":[15,31,26,21,17],"averageObj":[5827.500115698165,6363.958734604893,6228.455900745953,6043.715310520055,6224.842134660777],"slackBeforeALNS":0,"nInitialNotServicedFixedRequests":[0,0,0,0,0],"averageNotServicedExpectedRequests":[27.5,34.4,32.3,30.3,31.7],"ALNSIterations":[4463,4412,4622,4449,4535],"runId":["Run 1","Run 2","Run 3","Run 4","Run 5"]}