{"slackAfterALNS":0,"nInitialNotServicedExpectedRequests":[4,4,4,8,6],"averageObj":[4390.384466178274,6359.553538803021,6570.513933396638,6375.104434983958,6377.998116956982],"slackBeforeALNS":0,"nInitialNotServicedFixedRequests":[1,2,2,2,2],"averageNotServicedExpectedRequests":[14.1,14.2,16.3,14.3,14.3],"ALNSIterations":[15204,16477,16288,19557,18385],"runId":["Run 1","Run 2","Run 3","Run 4","Run 5"]}