{"slackAfterALNS":0,"nInitialNotServicedExpectedRequests":[3,7,10,7,3],"averageObj":[2474.1804100649724,2542.805157833654,2700.8414275602427,2579.422758384956,2289.417185761885],"slackBeforeALNS":0,"nInitialNotServicedFixedRequests":[0,0,0,0,0],"averageNotServicedExpectedRequests":[15.4,16.3,17.9,16.6,13.2],"ALNSIterations":[36401,40324,36787,36762,47185],"runId":["Run 1","Run 2","Run 3","Run 4","Run 5"]}