{"slackAfterALNS":0,"nInitialNotServicedExpectedRequests":[5,8,8,10,11],"averageObj":[6502.490277624873,4617.150027469664,6629.197960404197,6425.701123655874,4931.177321177091],"slackBeforeALNS":0,"nInitialNotServicedFixedRequests":[2,1,2,2,1],"averageNotServicedExpectedRequests":[16.2,17.2,16.9,15.1,20.5],"ALNSIterations":[32031,34639,34393,35967,37245],"runId":["Run 1","Run 2","Run 3","Run 4","Run 5"]}