{"slackAfterALNS":0,"nInitialNotServicedExpectedRequests":[11,8,9,6,10],"averageObj":[4514.93699259343,2363.747879055471,2590.5939791114847,2654.3873768858357,2617.535863804246],"slackBeforeALNS":0,"nInitialNotServicedFixedRequests":[1,0,0,0,0],"averageNotServicedExpectedRequests":[15.9,14.3,16.8,17.1,17.1],"ALNSIterations":[14747,14574,17730,18936,15454],"runId":["Run 1","Run 2","Run 3","Run 4","Run 5"]}