{"slackAfterALNS":0,"nInitialNotServicedExpectedRequests":[5,6,8,7,8],"averageObj":[2388.5742244440967,2450.4529358507216,2834.729504338885,2532.122903127419,2577.974011283265],"slackBeforeALNS":0,"nInitialNotServicedFixedRequests":[0,0,0,0,0],"averageNotServicedExpectedRequests":[14.5,15.1,19.6,16.0,16.3],"ALNSIterations":[16638,19210,20460,19614,21413],"runId":["Run 1","Run 2","Run 3","Run 4","Run 5"]}