{"slackAfterALNS":0,"nInitialNotServicedExpectedRequests":[3,2,5,7,8],"averageObj":[4455.361668566742,4558.993496579167,4341.309743223706,4514.280247449884,4637.849699854348],"slackBeforeALNS":0,"nInitialNotServicedFixedRequests":[1,1,1,1,1],"averageNotServicedExpectedRequests":[14.4,15.8,13.3,15.3,17.3],"ALNSIterations":[15059,16349,18456,18042,16533],"runId":["Run 1","Run 2","Run 3","Run 4","Run 5"]}