{"slackAfterALNS":0,"nInitialNotServicedExpectedRequests":[61,62,51,63,61,61,71,62,61,53],"averageObj":[19599.60235951817,15449.34485971006,18790.996779307043,17826.446088980003,21224.204182318677,20628.650071856388,19271.717093192034,21495.771531757084,16262.145011606184,21140.31961718137],"slackBeforeALNS":0,"nInitialNotServicedFixedRequests":[4,2,4,3,5,5,4,5,2,5],"averageNotServicedExpectedRequests":[66.8,66.0,57.6,70.2,64.0,58.1,62.8,66.6,75.1,62.5],"runId":["Run 1","Run 2","Run 3","Run 4","Run 5","Run 6","Run 7","Run 8","Run 9","Run 10"]}