{"slackAfterALNS":0,"nInitialNotServicedExpectedRequests":[48,50,59,55,42,55,48,54,57,72],"averageObj":[18331.632715061998,18732.625400993296,21916.85767300633,21345.90821283827,26665.360069124,21158.039103983338,27483.84275280537,21530.441486608757,21337.131987157394,22350.943422191565],"slackBeforeALNS":0,"nInitialNotServicedFixedRequests":[4,4,5,5,8,5,9,5,5,5],"averageNotServicedExpectedRequests":[52.7,58.1,70.9,65.7,57.0,63.0,44.7,65.8,65.2,76.4],"runId":["Run 1","Run 2","Run 3","Run 4","Run 5","Run 6","Run 7","Run 8","Run 9","Run 10"]}