{"slackAfterALNS":0,"nInitialNotServicedExpectedRequests":[66,65,41,75,56,69,49,58,52,52],"averageObj":[15565.656885295093,22020.97167542471,22266.12886706439,19240.144215210123,18901.6667315296,17833.609752198638,19062.630238647453,18671.169446834276,22084.500185814944,19332.564904084866],"slackBeforeALNS":0,"nInitialNotServicedFixedRequests":[2,5,6,4,4,3,4,4,6,4],"averageNotServicedExpectedRequests":[68.8,73.4,53.8,64.5,61.1,70.8,62.2,58.2,51.3,65.7],"runId":["Run 1","Run 2","Run 3","Run 4","Run 5","Run 6","Run 7","Run 8","Run 9","Run 10"]}