{"slackAfterALNS":0,"nInitialNotServicedExpectedRequests":[74,64,50,56,56,58,62,50,56,58],"averageObj":[14136.947067942174,13204.060056832092,15150.775828936301,17480.329543536733,15431.104155322004,13117.860519178386,13728.75926540743,13047.876593194349,17133.872349014575,15368.76453349081],"slackBeforeALNS":0,"nInitialNotServicedFixedRequests":[1,1,2,3,2,1,1,1,3,2],"averageNotServicedExpectedRequests":[74.3,62.1,62.8,66.0,65.8,62.1,69.6,61.6,62.1,64.5],"runId":["Run 1","Run 2","Run 3","Run 4","Run 5","Run 6","Run 7","Run 8","Run 9","Run 10"]}