{"slackAfterALNS":0,"nInitialNotServicedExpectedRequests":[84,70,75,71,65,55,55,64,53,67],"averageObj":[12456.487357216976,13897.946499756785,12118.049108803656,12179.282344951109,13461.757836119981,15412.736659058419,11542.703602855681,13580.560788839392,15079.599168342853,13957.689567213383],"slackBeforeALNS":0,"nInitialNotServicedFixedRequests":[0,1,0,0,1,2,0,1,2,1],"averageNotServicedExpectedRequests":[77.6,71.5,74.4,75.5,66.7,66.2,68.0,68.5,62.1,72.9],"runId":["Run 1","Run 2","Run 3","Run 4","Run 5","Run 6","Run 7","Run 8","Run 9","Run 10"]}