{"slackAfterALNS":0,"nInitialNotServicedExpectedRequests":[55,58,50,69,80,71,70,71,52,62],"averageObj":[17316.843565107403,13036.635752324552,16999.375970221103,15857.20735000998,17908.349017872762,16072.608447322293,15832.308742577588,11527.308660937542,16973.200128034172,16177.166844015253],"slackBeforeALNS":0,"nInitialNotServicedFixedRequests":[3,1,3,2,3,2,2,0,3,2],"averageNotServicedExpectedRequests":[64.8,60.4,62.0,71.9,72.0,72.9,70.7,66.9,61.5,75.3],"runId":["Run 1","Run 2","Run 3","Run 4","Run 5","Run 6","Run 7","Run 8","Run 9","Run 10"]}