{"slackAfterALNS":0,"nInitialNotServicedExpectedRequests":[64,58,64,52,55,44,57,54,48,62],"averageObj":[12023.99234359685,11385.130162451303,12527.98778021538,12904.28598886932,10760.668779942098,10701.936743305927,11311.889132026008,11239.061823983724,10647.890365535328,12100.239174381171],"slackBeforeALNS":0,"nInitialNotServicedFixedRequests":[0,0,1,1,0,0,0,0,0,0],"averageNotServicedExpectedRequests":[72.9,66.2,55.4,58.8,58.0,57.6,64.6,64.9,58.6,73.2],"runId":["Run 1","Run 2","Run 3","Run 4","Run 5","Run 6","Run 7","Run 8","Run 9","Run 10"]}