{"slackAfterALNS":0,"nInitialNotServicedExpectedRequests":[49,47,48,62,57,53,50,41,56,59],"averageObj":[13055.285022947632,14647.065345165083,11117.753678993959,11188.45456753215,11915.10523478538,10264.750570652588,15274.417031347559,11965.670063072776,10794.98827834001,11232.0549778246],"slackBeforeALNS":0,"nInitialNotServicedFixedRequests":[1,2,0,0,0,0,2,1,0,0],"averageNotServicedExpectedRequests":[62.5,56.9,62.0,63.4,70.9,53.8,64.4,49.5,58.8,64.5],"runId":["Run 1","Run 2","Run 3","Run 4","Run 5","Run 6","Run 7","Run 8","Run 9","Run 10"]}