{"slackAfterALNS":0,"nInitialNotServicedExpectedRequests":[46,45,47,54,58,56,58,52,53,51],"averageObj":[10238.69936885254,10979.331269957247,10747.228103164156,11512.24791342454,11743.341893446814,13511.603000735635,10704.402992616877,11304.80830704682,11837.246083151525,13480.771861123885],"slackBeforeALNS":0,"nInitialNotServicedFixedRequests":[0,0,0,0,0,1,0,0,0,1],"averageNotServicedExpectedRequests":[52.2,61.5,58.9,66.5,70.0,66.5,56.9,64.5,70.7,67.0],"runId":["Run 1","Run 2","Run 3","Run 4","Run 5","Run 6","Run 7","Run 8","Run 9","Run 10"]}