{"slackAfterALNS":0,"nInitialNotServicedExpectedRequests":[59,49,48,57,49,62,46,49,52,56],"averageObj":[21700.98351725769,19394.27235468555,23090.155124782505,21053.779194235853,23452.887493217884,18084.068991289438,20903.044729974357,20935.006163701917,17121.842905900063,18820.151839381073],"slackBeforeALNS":0,"nInitialNotServicedFixedRequests":[5,4,6,5,6,3,5,5,3,4],"averageNotServicedExpectedRequests":[68.6,65.0,62.0,61.2,65.9,72.0,58.9,60.7,62.2,58.8],"runId":["Run 1","Run 2","Run 3","Run 4","Run 5","Run 6","Run 7","Run 8","Run 9","Run 10"]}