{"slackAfterALNS":0,"nInitialNotServicedExpectedRequests":[1,1,4,3,2,0,3,2,2,2],"averageObj":[585.4540885040885,456.3725431656465,531.015468516104,573.5502126186335,579.4754908103591,564.8203840853555,583.4524356869185,517.5251370763006,493.2058995282544,526.0675586510265],"slackBeforeALNS":0,"nInitialNotServicedFixedRequests":[0,0,0,0,0,0,0,0,0,0],"averageNotServicedExpectedRequests":[4.1,2.7,3.5,4.0,4.0,3.8,4.1,3.3,3.0,3.4],"runId":["Run 1","Run 2","Run 3","Run 4","Run 5","Run 6","Run 7","Run 8","Run 9","Run 10"]}