{"slackAfterALNS":0,"nInitialNotServicedExpectedRequests":[1,1,2,1,3,0,1,2,2,2],"averageObj":[4490.224686940966,4460.356623931623,4386.686688053147,4422.755102040816,4456.769230769231,4393.1508295625945,4444.2694420678745,4425.608795147504,4460.494843362283,4392.717076958988],"slackBeforeALNS":0,"nInitialNotServicedFixedRequests":[2,2,2,2,2,2,2,2,2,2],"averageNotServicedExpectedRequests":[3.3,3.1,2.2,2.5,2.9,2.1,2.9,2.7,2.9,2.1],"runId":["Run 1","Run 2","Run 3","Run 4","Run 5","Run 6","Run 7","Run 8","Run 9","Run 10"]}