{
    "slackAfterALNS": 0,
    "nInitialNotServicedExpectedRequests": [
        2,
        1,
        2,
        2,
        1,
        4,
        2,
        0,
        2,
        4
    ],
    "averageObj": [
        4445.930574161398,
        4508.790706605223,
        4493.42971745996,
        4400.397666177908,
        4421.2052291346645,
        4454.740112614813,
        4427.0952380952385,
        4446.394205827051,
        4410.718885838482,
        4506.358351978005
    ],
    "slackBeforeALNS": 0,
    "nInitialNotServicedFixedRequests": [
        2,
        2,
        2,
        2,
        2,
        2,
        2,
        2,
        2,
        2
    ],
    "averageNotServicedExpectedRequests": [
        2.9,
        3.4,
        3.4,
        2.4,
        2.5,
        3.0,
        2.6,
        2.9,
        2.4,
        3.3
    ],
    "runId": [
        "Run 1",
        "Run 2",
        "Run 3",
        "Run 4",
        "Run 5",
        "Run 6",
        "Run 7",
        "Run 8",
        "Run 9",
        "Run 10"
    ]
}