{"slackAfterALNS":0,"nInitialNotServicedExpectedRequests":[1,0,2,1,4,1,2,2,1,3],"averageObj":[2431.993601436317,2362.078947368421,2464.433935400574,2395.7833295178616,2384.7015061238003,2331.6721121506243,2434.1348660032318,2398.5214237800383,2411.6349449381028,2407.697909440648],"slackBeforeALNS":0,"nInitialNotServicedFixedRequests":[1,1,1,1,1,1,1,1,1,1],"averageNotServicedExpectedRequests":[2.6,1.8,2.9,2.1,2.0,1.4,2.6,2.2,2.3,2.3],"runId":["Run 1","Run 2","Run 3","Run 4","Run 5","Run 6","Run 7","Run 8","Run 9","Run 10"]}