{"slackAfterALNS":0,"nInitialNotServicedExpectedRequests":[1,0,3,2,3,1,3,2,1,1],"averageObj":[2496.39050676166,2554.925261106452,2468.3241269392624,2452.9412524059203,2521.7792246169906,2436.484649122807,2524.5593772904294,2587.0116418190187,2508.38873730024,2471.529504943147],"slackBeforeALNS":0,"nInitialNotServicedFixedRequests":[1,1,1,1,1,1,1,1,1,1],"averageNotServicedExpectedRequests":[3.3,4.0,3.0,2.8,3.6,2.6,3.6,4.4,3.5,3.0],"runId":["Run 1","Run 2","Run 3","Run 4","Run 5","Run 6","Run 7","Run 8","Run 9","Run 10"]}