{"slackAfterALNS":0,"nInitialNotServicedExpectedRequests":[19,18,17,16,19,17,21,24,19,19],"averageObj":[34872.155819978296,36841.59278912672,36827.96192928941,36852.17114923427,36843.87157617351,36840.79733925153,34858.503885672,36828.69890264766,34857.18047818147,36843.896655412515],"slackBeforeALNS":0,"nInitialNotServicedFixedRequests":[17,18,18,18,18,18,17,18,17,18],"averageNotServicedExpectedRequests":[18.1,18.2,18.9,19.8,18.2,17.2,19.8,19.3,17.8,17.6],"runId":["Run 1","Run 2","Run 3","Run 4","Run 5","Run 6","Run 7","Run 8","Run 9","Run 10"]}