{"slackAfterALNS":0,"nInitialNotServicedExpectedRequests":[22,16,19,15,19,29,18,21,21,22],"averageObj":[26925.04020954716,28883.033480467653,28915.473240678617,28881.70272960267,28873.487837711553,28890.134230931184,28892.166363996173,28892.11206568125,28878.23096733293,28906.56150720571],"slackBeforeALNS":0,"nInitialNotServicedFixedRequests":[13,14,14,14,14,14,14,14,14,14],"averageNotServicedExpectedRequests":[22.1,20.1,20.8,19.5,20.5,20.5,18.8,19.5,18.6,18.7],"runId":["Run 1","Run 2","Run 3","Run 4","Run 5","Run 6","Run 7","Run 8","Run 9","Run 10"]}