{"slackAfterALNS":0,"nInitialNotServicedExpectedRequests":[19,21,24,24,20,17,22,24,21,23],"averageObj":[22934.40300050711,22919.347104598703,20951.65768659072,20933.466126434883,22962.435833300064,22957.250733932837,20942.868835837813,22946.87443367589,20943.286570990564,20941.455438376033],"slackBeforeALNS":0,"nInitialNotServicedFixedRequests":[11,11,10,10,11,11,10,11,10,10],"averageNotServicedExpectedRequests":[19.9,20.8,20.1,21.4,19.9,19.0,20.2,20.2,17.6,18.1],"runId":["Run 1","Run 2","Run 3","Run 4","Run 5","Run 6","Run 7","Run 8","Run 9","Run 10"]}