{"slackAfterALNS":0,"nInitialNotServicedExpectedRequests":[19,16,18,17,19,17,18,14,16,17],"averageObj":[30881.67567543676,30869.68575043559,32871.507312049696,30868.44018129036,30865.292940942243,30871.436330640903,30866.81764444736,30876.748455543777,30864.43713014773,30871.53718519276],"slackBeforeALNS":0,"nInitialNotServicedFixedRequests":[15,15,16,15,15,15,15,15,15,15],"averageNotServicedExpectedRequests":[16.6,16.1,18.6,18.7,18.0,18.6,18.7,16.7,18.4,17.2],"runId":["Run 1","Run 2","Run 3","Run 4","Run 5","Run 6","Run 7","Run 8","Run 9","Run 10"]}