{"slackAfterALNS":0,"nInitialNotServicedExpectedRequests":[1,2,4,2,5],"averageObj":[3515.7197528793995,3643.7332329834926,3877.7246657155056,3722.113917499887,3607.1499259808406],"slackBeforeALNS":0,"nInitialNotServicedFixedRequests":[0,0,0,0,0],"averageNotServicedExpectedRequests":[5.0,6.0,8.0,6.0,5.0],"ALNSIterations":[2393,1963,2290,2358,1370],"runId":["Run 1","Run 2","Run 3","Run 4","Run 5"]}