{"slackAfterALNS":0,"nInitialNotServicedExpectedRequests":[0,0,0,0,0],"averageObj":[3157.683399298831,3030.133902069909,3385.1153084568296,3715.6147428406994,3395.3082259158755],"slackBeforeALNS":0,"nInitialNotServicedFixedRequests":[0,0,0,0,0],"averageNotServicedExpectedRequests":[1.0,0.0,3.0,7.0,4.0],"ALNSIterations":[2280,2269,2278,2213,2309],"runId":["Run 1","Run 2","Run 3","Run 4","Run 5"]}