{"slackAfterALNS":0,"nInitialNotServicedExpectedRequests":[5,4,3,4,7],"averageObj":[3746.854932054278,3672.1351494252012,3741.588785267758,3331.456495542142,3911.2287856578832],"slackBeforeALNS":0,"nInitialNotServicedFixedRequests":[0,0,0,0,0],"averageNotServicedExpectedRequests":[7.0,7.0,7.0,3.0,9.0],"ALNSIterations":[2364,1893,2409,2298,1349],"runId":["Run 1","Run 2","Run 3","Run 4","Run 5"]}