{"slackAfterALNS":0,"nInitialNotServicedExpectedRequests":[3,2,2,2,2],"averageObj":[3551.243168465703,3446.4275348269284,3921.722777471997,4102.5005047961395,3559.7903018030474],"slackBeforeALNS":0,"nInitialNotServicedFixedRequests":[0,0,0,0,0],"averageNotServicedExpectedRequests":[5.0,3.0,9.0,11.0,5.0],"ALNSIterations":[1298,2219,2222,1661,2251],"runId":["Run 1","Run 2","Run 3","Run 4","Run 5"]}