{"slackAfterALNS":0,"nInitialNotServicedExpectedRequests":[0,0,0,0,0],"averageObj":[6368.843137254902,6368.843137254902,6368.843137254902,6368.843137254902,6368.843137254902],"slackBeforeALNS":0,"nInitialNotServicedFixedRequests":[3,3,3,3,3],"averageNotServicedExpectedRequests":[2.0,2.0,2.0,2.0,2.0],"ALNSIterations":[39816,24686,31242,43052,44293],"runId":["Run 1","Run 2","Run 3","Run 4","Run 5"]}