{"slackAfterALNS":0,"nInitialNotServicedExpectedRequests":[1,1,1,1,1],"averageObj":[6373.682170542635,6373.682170542635,6373.682170542635,6373.682170542635,6373.682170542635],"slackBeforeALNS":0,"nInitialNotServicedFixedRequests":[3,3,3,3,3],"averageNotServicedExpectedRequests":[2.0,2.0,2.0,2.0,2.0],"ALNSIterations":[33337,43434,44780,43411,44130],"runId":["Run 1","Run 2","Run 3","Run 4","Run 5"]}