{"slackAfterALNS":0,"nInitialNotServicedExpectedRequests":[10,8,9,10,8],"averageObj":[2042.2438431374117,2169.1775195600503,2408.8529168839627,2604.008842473341,2710.0444941663595],"slackBeforeALNS":0,"nInitialNotServicedFixedRequests":[0,0,0,0,0],"averageNotServicedExpectedRequests":[11.0,12.0,15.0,17.0,18.0],"ALNSIterations":[18291,18597,19091,18255,19242],"runId":["Run 1","Run 2","Run 3","Run 4","Run 5"]}