{"slackAfterALNS":0,"nInitialNotServicedExpectedRequests":[16,14,14,12,12],"averageObj":[2756.161691542289,2654.2123084582317,2609.6317088315013,2364.2906297042236,2372.4384695424437],"slackBeforeALNS":0,"nInitialNotServicedFixedRequests":[0,0,0,0,0],"averageNotServicedExpectedRequests":[19.0,17.0,17.0,14.0,14.0],"ALNSIterations":[18456,18319,18575,18125,18795],"runId":["Run 1","Run 2","Run 3","Run 4","Run 5"]}