{"slackAfterALNS":0,"nInitialNotServicedExpectedRequests":[11,13,13,14,13],"averageObj":[2449.819829475059,2570.248312571767,2645.8298989754153,2806.2230059177455,2358.1957399230155],"slackBeforeALNS":0,"nInitialNotServicedFixedRequests":[0,0,0,0,0],"averageNotServicedExpectedRequests":[15.0,16.0,17.0,19.0,14.0],"ALNSIterations":[16792,17669,17121,17431,17166],"runId":["Run 1","Run 2","Run 3","Run 4","Run 5"]}