{"slackAfterALNS":0,"nInitialNotServicedExpectedRequests":[11,11,12,12,13],"averageObj":[2917.3121603734094,2755.6769806023613,2578.9376932464725,2679.495168926074,2925.7293593616096],"slackBeforeALNS":0,"nInitialNotServicedFixedRequests":[0,0,0,0,0],"averageNotServicedExpectedRequests":[20.0,18.0,16.0,17.0,20.0],"ALNSIterations":[18505,17791,17956,18805,18545],"runId":["Run 1","Run 2","Run 3","Run 4","Run 5"]}