{"slackAfterALNS":0,"nInitialNotServicedExpectedRequests":[8,9,6,7,8],"averageObj":[2398.251735613387,2512.315832520744,2178.776808913786,2346.217003017933,2034.0163273593994],"slackBeforeALNS":0,"nInitialNotServicedFixedRequests":[0,0,0,0,0],"averageNotServicedExpectedRequests":[15.0,16.0,12.0,14.0,11.0],"ALNSIterations":[19791,19390,19353,19442,19155],"runId":["Run 1","Run 2","Run 3","Run 4","Run 5"]}