{"slackAfterALNS":0,"nInitialNotServicedExpectedRequests":[10,8,12,10,11],"averageObj":[2511.4550078995453,2040.695432018962,2662.5710385525704,2712.773638733968,2388.177978883861],"slackBeforeALNS":0,"nInitialNotServicedFixedRequests":[0,0,0,0,0],"averageNotServicedExpectedRequests":[16.0,11.0,18.0,18.0,15.0],"ALNSIterations":[15822,16496,16147,15847,16709],"runId":["Run 1","Run 2","Run 3","Run 4","Run 5"]}