{"slackAfterALNS":0,"nInitialNotServicedExpectedRequests":[14,16,15,16,15],"averageObj":[2675.2587887608465,2735.984735228173,2482.2987351110564,2745.8271950951466,2577.126899488059],"slackBeforeALNS":0,"nInitialNotServicedFixedRequests":[0,0,0,0,0],"averageNotServicedExpectedRequests":[18.0,19.0,16.0,19.0,17.0],"ALNSIterations":[19097,18669,18941,18897,18348],"runId":["Run 1","Run 2","Run 3","Run 4","Run 5"]}