{"slackAfterALNS":0,"nInitialNotServicedExpectedRequests":[9,10,11,9,10],"averageObj":[2091.1870148272574,2406.308563109019,2303.207660588083,2121.287103796586,2416.6054833388553],"slackBeforeALNS":0,"nInitialNotServicedFixedRequests":[0,0,0,0,0],"averageNotServicedExpectedRequests":[11.0,15.0,14.0,12.0,15.0],"ALNSIterations":[18946,18857,18906,19147,18850],"runId":["Run 1","Run 2","Run 3","Run 4","Run 5"]}