{"slackAfterALNS":0,"nInitialNotServicedExpectedRequests":[4,9,10,5,4],"averageObj":[9426.502378590712,9671.530138887681,8416.20837252754,13261.422045292667,9529.368700197998],"slackBeforeALNS":0,"nInitialNotServicedFixedRequests":[1,1,0,3,1],"averageNotServicedExpectedRequests":[23.0,25.0,33.0,21.0,23.0],"ALNSIterations":[658,512,509,499,531],"runId":["Run 1","Run 2","Run 3","Run 4","Run 5"]}