{"slackAfterALNS":0,"nInitialNotServicedExpectedRequests":[6,8,6,7,6],"averageObj":[11988.965206998564,17769.882205920705,18017.370590712013,18060.322241365116,15396.394229059351],"slackBeforeALNS":0,"nInitialNotServicedFixedRequests":[2,5,5,5,4],"averageNotServicedExpectedRequests":[27.0,23.0,27.0,26.0,20.0],"ALNSIterations":[606,506,516,481,471],"runId":["Run 1","Run 2","Run 3","Run 4","Run 5"]}