{"slackAfterALNS":0,"nInitialNotServicedExpectedRequests":[9,11,19,2,10],"averageObj":[10710.535976810801,10101.12537632063,14974.744575144849,16615.585964144575,14601.260814320418],"slackBeforeALNS":0,"nInitialNotServicedFixedRequests":[1,1,3,4,3],"averageNotServicedExpectedRequests":[34.6,28.0,37.2,34.4,34.9],"ALNSIterations":[958,974,994,939,976],"runId":["Run 1","Run 2","Run 3","Run 4","Run 5"]}