{"slackAfterALNS":0,"nInitialNotServicedExpectedRequests":[7,10,9,4,5],"averageObj":[9887.136338732194,14006.723946098176,10407.747017768143,14302.937118630105,10335.63472965555],"slackBeforeALNS":0,"nInitialNotServicedFixedRequests":[1,3,1,3,1],"averageNotServicedExpectedRequests":[27.0,28.5,30.3,30.9,32.1],"ALNSIterations":[1024,976,1004,1012,1054],"runId":["Run 1","Run 2","Run 3","Run 4","Run 5"]}