{"slackAfterALNS":0,"nInitialNotServicedExpectedRequests":[0,1,1,0,0,1,0,1,2,0],"averageObj":[365.7388126920408,331.1365925509418,339.55198395855234,326.4166666666667,271.08004348993984,317.0,339.2854384551843,329.19022435897443,247.60187211981565,273.9857142857143],"slackBeforeALNS":0,"nInitialNotServicedFixedRequests":[0,0,0,0,0,0,0,0,0,0],"averageNotServicedExpectedRequests":[1.8,1.4,1.5,1.4,0.7,1.3,1.5,1.4,0.5,0.8],"runId":["Run 1","Run 2","Run 3","Run 4","Run 5","Run 6","Run 7","Run 8","Run 9","Run 10"]}