{"slackAfterALNS":0,"nInitialNotServicedExpectedRequests":[0,1,1,2,0,3,0,1,2,0],"averageObj":[2410.730638728567,2516.43940674068,2409.9501747590443,2473.1783136670865,2473.9042490412367,2375.1193949872004,2480.558274882342,2357.1467119354847,2411.6809843297574,2443.973551762325],"slackBeforeALNS":0,"nInitialNotServicedFixedRequests":[1,1,1,1,1,1,1,1,1,1],"averageNotServicedExpectedRequests":[2.2,3.4,2.2,2.9,2.9,1.8,3.0,1.6,2.2,2.6],"runId":["Run 1","Run 2","Run 3","Run 4","Run 5","Run 6","Run 7","Run 8","Run 9","Run 10"]}