{"slackAfterALNS":0,"nInitialNotServicedExpectedRequests":[2,0,1,3,1],"averageObj":[5066.809673323266,7498.056335108417,7334.387707570304,8968.155013703794,5454.974251692458],"slackBeforeALNS":0,"nInitialNotServicedFixedRequests":[0,1,1,2,0],"averageNotServicedExpectedRequests":[18.7,23.9,21.1,18.5,23.6],"ALNSIterations":[4589,3820,3984,4388,3946],"runId":["Run 1","Run 2","Run 3","Run 4","Run 5"]}