{"slackAfterALNS":0,"nInitialNotServicedExpectedRequests":[18,14,24,23,23],"averageObj":[6078.333466064815,5975.442880467263,6084.210945342995,5978.9077916177375,6456.983079562824],"slackBeforeALNS":0,"nInitialNotServicedFixedRequests":[0,0,0,0,0],"averageNotServicedExpectedRequests":[30.8,29.1,30.5,29.6,34.6],"ALNSIterations":[3808,3859,4401,4170,4178],"runId":["Run 1","Run 2","Run 3","Run 4","Run 5"]}