{"slackAfterALNS":0,"nInitialNotServicedExpectedRequests":[20,19,19,16,14],"averageObj":[5672.262976754201,6044.674712355714,6298.0429144326135,5991.629118247163,5674.346164014908],"slackBeforeALNS":0,"nInitialNotServicedFixedRequests":[0,0,0,0,0],"averageNotServicedExpectedRequests":[25.2,29.1,31.8,28.2,26.0],"ALNSIterations":[4332,3647,3342,4326,4473],"runId":["Run 1","Run 2","Run 3","Run 4","Run 5"]}