{"slackAfterALNS":0,"nInitialNotServicedExpectedRequests":[4,6,9,6,5],"averageObj":[3828.991141430328,3862.0830212336414,4399.609628466772,2578.640870377156,2381.6122985648035],"slackBeforeALNS":0,"nInitialNotServicedFixedRequests":[1,1,1,0,0],"averageNotServicedExpectedRequests":[8.0,8.0,15.0,16.0,14.0],"ALNSIterations":[16978,19489,16789,17583,17954],"runId":["Run 1","Run 2","Run 3","Run 4","Run 5"]}