{"slackAfterALNS":0,"nInitialNotServicedExpectedRequests":[13,12,14,12,15],"averageObj":[2644.203011202368,2444.500818427295,2626.6211202311792,2349.7402560106725,2550.579159698941],"slackBeforeALNS":0,"nInitialNotServicedFixedRequests":[0,0,0,0,0],"averageNotServicedExpectedRequests":[17.0,15.0,17.0,14.0,16.0],"ALNSIterations":[19019,19625,20510,21705,17956],"runId":["Run 1","Run 2","Run 3","Run 4","Run 5"]}