{"slackAfterALNS":0,"nInitialNotServicedExpectedRequests":[11,12,9,12,12],"averageObj":[4404.74271440995,4084.231871160945,6103.067251045519,6506.101755212238,6360.9538402874605],"slackBeforeALNS":0,"nInitialNotServicedFixedRequests":[1,1,2,2,2],"averageNotServicedExpectedRequests":[14.0,10.0,11.0,15.0,14.0],"ALNSIterations":[17858,16529,18107,17842,20004],"runId":["Run 1","Run 2","Run 3","Run 4","Run 5"]}