{"slackAfterALNS":0,"nInitialNotServicedExpectedRequests":[11,12,9,17,16],"averageObj":[5142.3785583312865,5385.802992080602,5245.304524022829,5693.380781009476,6026.001859473712],"slackBeforeALNS":0,"nInitialNotServicedFixedRequests":[0,0,0,0,0],"averageNotServicedExpectedRequests":[21.0,24.0,21.0,26.0,31.0],"ALNSIterations":[4408,4423,4626,4299,4311],"runId":["Run 1","Run 2","Run 3","Run 4","Run 5"]}