{"slackAfterALNS":0,"nInitialNotServicedExpectedRequests":[22,19,22,22,23],"averageObj":[5498.765000368942,6282.693449838162,5661.517346730283,5971.674798698055,5777.609860249053],"slackBeforeALNS":0,"nInitialNotServicedFixedRequests":[0,0,0,0,0],"averageNotServicedExpectedRequests":[25.0,34.0,27.0,30.0,28.0],"ALNSIterations":[4627,4569,4614,4673,3920],"runId":["Run 1","Run 2","Run 3","Run 4","Run 5"]}