{"slackAfterALNS":0,"nInitialNotServicedExpectedRequests":[64,80,93,59,89,72,78,88,75,73],"averageObj":[12020.563868715035,12389.582397409398,12981.712923854042,13817.783723079652,12860.02738397744,16290.984491220015,15920.837652665738,15007.946780859866,14136.482171907835,12216.123326828852],"slackBeforeALNS":0,"nInitialNotServicedFixedRequests":[0,0,0,1,0,2,2,1,1,0],"averageNotServicedExpectedRequests":[88.0,93.5,100.5,86.7,98.8,92.3,88.8,100.7,91.0,90.8],"runId":["Run 1","Run 2","Run 3","Run 4","Run 5","Run 6","Run 7","Run 8","Run 9","Run 10"]}