{"slackAfterALNS":0,"nInitialNotServicedExpectedRequests":[77,66,72,80,67,67,69,72,73,62],"averageObj":[11875.614551802515,15417.906690843805,11918.759800313634,15818.965228028925,11686.361467835935,11713.347721211241,11900.922190923486,11843.41536296919,11823.358833585235,13660.197289715306],"slackBeforeALNS":0,"nInitialNotServicedFixedRequests":[0,2,0,2,0,0,0,0,0,1],"averageNotServicedExpectedRequests":[88.0,83.1,88.1,87.2,85.5,86.2,87.5,87.4,88.1,85.9],"runId":["Run 1","Run 2","Run 3","Run 4","Run 5","Run 6","Run 7","Run 8","Run 9","Run 10"]}