{"slackAfterALNS":0,"nInitialNotServicedExpectedRequests":[73,68,79,72,71,72,76,61,76,82],"averageObj":[11271.459106108032,12146.910602685874,14112.884630763225,13164.01851029467,13910.063162762739,11478.713118922888,11853.286301843047,13620.742100751415,11567.26545310047,12351.363981160786],"slackBeforeALNS":0,"nInitialNotServicedFixedRequests":[0,0,1,1,1,0,0,1,0,0],"averageNotServicedExpectedRequests":[79.1,89.5,89.4,78.7,86.9,81.5,86.3,83.3,83.7,92.8],"runId":["Run 1","Run 2","Run 3","Run 4","Run 5","Run 6","Run 7","Run 8","Run 9","Run 10"]}