{"slackAfterALNS":0,"nInitialNotServicedExpectedRequests":[79,63,66,71,65,67,76,69,84,66],"averageObj":[11724.819801593034,11827.379157820129,12168.476005739556,11971.815313336856,12087.147379691934,11459.905785042492,12217.835636715714,12145.72048093693,11964.159188082327,13647.705841984396],"slackBeforeALNS":0,"nInitialNotServicedFixedRequests":[0,0,0,0,0,0,0,0,0,1],"averageNotServicedExpectedRequests":[86.2,87.5,91.7,88.8,91.0,83.4,91.0,90.8,87.8,85.5],"runId":["Run 1","Run 2","Run 3","Run 4","Run 5","Run 6","Run 7","Run 8","Run 9","Run 10"]}