{"slackAfterALNS":0,"nInitialNotServicedExpectedRequests":[83,84,79,89,86,80,77,83,82,85],"averageObj":[12145.79642202134,12253.793761185281,12737.223736390657,12745.239365822386,14669.868798906919,12317.94217897847,12367.099782453948,11986.302745959501,12323.243068524465,12582.88187104885],"slackBeforeALNS":0,"nInitialNotServicedFixedRequests":[0,0,0,0,1,0,0,0,0,0],"averageNotServicedExpectedRequests":[91.7,93.1,98.2,98.3,98.0,92.8,94.2,89.8,94.0,95.5],"runId":["Run 1","Run 2","Run 3","Run 4","Run 5","Run 6","Run 7","Run 8","Run 9","Run 10"]}