{"slackAfterALNS":0,"nInitialNotServicedExpectedRequests":[66,67,66,64,62,61,61,60,63,59],"averageObj":[11079.492952237275,11462.34818474083,11242.382866868084,11426.646559833429,11687.283788204855,11519.68271170639,11285.74475300432,11504.990169099383,11415.601509804912,10165.582025124259],"slackBeforeALNS":0,"nInitialNotServicedFixedRequests":[0,0,0,0,0,0,0,0,0,0],"averageNotServicedExpectedRequests":[78.4,83.3,81.1,83.0,86.0,84.2,82.4,83.8,82.6,69.0],"runId":["Run 1","Run 2","Run 3","Run 4","Run 5","Run 6","Run 7","Run 8","Run 9","Run 10"]}