{"slackAfterALNS":0,"nInitialNotServicedExpectedRequests":[75,73,85,69,83,75,71,70,72,69],"averageObj":[11342.73044201235,11777.973286649487,11647.326892306808,11732.616503642505,11718.275213176177,12042.1980751732,11772.995245330238,12102.68686247969,11104.968083757514,12030.420297353518],"slackBeforeALNS":0,"nInitialNotServicedFixedRequests":[0,0,0,0,0,0,0,0,0,0],"averageNotServicedExpectedRequests":[82.9,87.4,85.5,86.6,87.1,91.0,87.1,91.6,79.9,90.0],"runId":["Run 1","Run 2","Run 3","Run 4","Run 5","Run 6","Run 7","Run 8","Run 9","Run 10"]}