{"slackAfterALNS":0,"nInitialNotServicedExpectedRequests":[73,71,81,51,73,76,70,71,72,71],"averageObj":[11404.457720000091,11240.196117779411,11623.428890849853,12147.408744828605,11562.914590157492,11491.733598336472,11648.929369628042,11856.37705366817,11797.324148055972,11641.583815221962],"slackBeforeALNS":0,"nInitialNotServicedFixedRequests":[0,0,0,0,0,0,0,0,0,0],"averageNotServicedExpectedRequests":[83.2,80.9,85.7,91.5,85.6,84.3,86.6,88.3,88.2,86.2],"runId":["Run 1","Run 2","Run 3","Run 4","Run 5","Run 6","Run 7","Run 8","Run 9","Run 10"]}