{"slackAfterALNS":0,"nInitialNotServicedExpectedRequests":[76,71,60,57,61,78,70,60,68,60],"averageObj":[13460.386500700237,13667.505157352647,13574.951651939697,13293.008154202184,15395.57942329902,14166.90177888936,13783.554212482428,13577.841303171892,13759.260143614923,12959.609137545902],"slackBeforeALNS":0,"nInitialNotServicedFixedRequests":[1,1,1,1,2,1,1,1,1,1],"averageNotServicedExpectedRequests":[83.8,85.9,84.8,82.0,83.7,91.3,87.4,85.2,86.7,77.7],"runId":["Run 1","Run 2","Run 3","Run 4","Run 5","Run 6","Run 7","Run 8","Run 9","Run 10"]}