{"slackAfterALNS":0,"nInitialNotServicedExpectedRequests":[67,75,77,75,64,67,73,72,68,75],"averageObj":[11313.896480100691,11878.73797110824,11976.73639371296,11774.152519864418,12090.040829998456,11481.00317064737,12026.123008277315,11573.18471429395,12477.93150519225,12346.202959847065],"slackBeforeALNS":0,"nInitialNotServicedFixedRequests":[0,0,0,0,0,0,0,0,0,0],"averageNotServicedExpectedRequests":[81.3,88.2,89.7,87.1,90.6,82.4,88.8,84.8,94.6,93.9],"runId":["Run 1","Run 2","Run 3","Run 4","Run 5","Run 6","Run 7","Run 8","Run 9","Run 10"]}