{"slackAfterALNS":0,"nInitialNotServicedExpectedRequests":[5,6,10,9,10],"averageObj":[2646.5331591650006,2740.569235896127,2425.6197340430754,2746.7412748292168,2658.8406721648707],"slackBeforeALNS":0,"nInitialNotServicedFixedRequests":[0,0,0,0,0],"averageNotServicedExpectedRequests":[16.8,18.4,14.2,18.1,17.5],"ALNSIterations":[36820,43078,39301,43216,41268],"runId":["Run 1","Run 2","Run 3","Run 4","Run 5"]}