{"slackAfterALNS":0,"nInitialNotServicedExpectedRequests":[2,7,11,7,9],"averageObj":[2517.3933221259917,2487.131181392906,4528.559131999949,2616.482772338303,4664.688751415102],"slackBeforeALNS":0,"nInitialNotServicedFixedRequests":[0,0,1,0,1],"averageNotServicedExpectedRequests":[15.6,15.3,15.9,16.5,17.5],"ALNSIterations":[41487,44633,40128,41728,48112],"runId":["Run 1","Run 2","Run 3","Run 4","Run 5"]}