{"slackAfterALNS":0,"nInitialNotServicedExpectedRequests":[10,10,9,9,12],"averageObj":[2713.175565097933,2647.829098648173,2692.4316026036204,4516.614487087956,4789.335090780534],"slackBeforeALNS":0,"nInitialNotServicedFixedRequests":[0,0,0,1,1],"averageNotServicedExpectedRequests":[17.7,17.2,17.8,15.9,18.9],"ALNSIterations":[39665,42591,42315,42423,41781],"runId":["Run 1","Run 2","Run 3","Run 4","Run 5"]}