{"slackAfterALNS":0,"nInitialNotServicedExpectedRequests":[5,11,7,8,5],"averageObj":[2506.440144661525,2666.765760468007,2449.4132140762536,4730.841132863594,2373.1401436629785],"slackBeforeALNS":0,"nInitialNotServicedFixedRequests":[0,0,0,1,0],"averageNotServicedExpectedRequests":[15.5,17.7,15.1,18.6,14.1],"ALNSIterations":[22458,18218,30053,27893,23308],"runId":["Run 1","Run 2","Run 3","Run 4","Run 5"]}