{"slackAfterALNS":0,"nInitialNotServicedExpectedRequests":[0,1,1,1,2],"averageObj":[6334.037735849057,6327.611137920503,6342.946438405948,6398.143760782058,6408.613174746071],"slackBeforeALNS":0,"nInitialNotServicedFixedRequests":[3,3,3,3,3],"averageNotServicedExpectedRequests":[1.8,1.7,1.8,2.5,2.6],"ALNSIterations":[758154,729515,729818,670788,747574],"runId":["Run 1","Run 2","Run 3","Run 4","Run 5"]}