{"slackAfterALNS":0,"nInitialNotServicedExpectedRequests":[1,1,3,1,1],"averageObj":[2463.7667002688167,2459.3447994066464,2485.8444407476563,2430.2857685009485,2419.0740405427905],"slackBeforeALNS":0,"nInitialNotServicedFixedRequests":[1,1,1,1,1],"averageNotServicedExpectedRequests":[3.0,2.9,3.2,2.6,2.5],"ALNSIterations":[640136,791213,647794,698885,506072],"runId":["Run 1","Run 2","Run 3","Run 4","Run 5"]}