{"slackAfterALNS":0,"nInitialNotServicedExpectedRequests":[2,3,0,1,0],"averageObj":[4450.307074460126,4475.652363763453,4346.759077000305,4421.752124725301,4414.931399892384],"slackBeforeALNS":0,"nInitialNotServicedFixedRequests":[2,2,2,2,2],"averageNotServicedExpectedRequests":[2.9,3.2,1.8,2.6,2.5],"ALNSIterations":[581538,671152,642907,486902,634106],"runId":["Run 1","Run 2","Run 3","Run 4","Run 5"]}