{"slackAfterALNS":0,"nInitialNotServicedExpectedRequests":[1,2,1,1,2],"averageObj":[399.9596856374302,422.01849376114086,451.37035378414686,451.88165283790283,465.0238428238428],"slackBeforeALNS":0,"nInitialNotServicedFixedRequests":[0,0,0,0,0],"averageNotServicedExpectedRequests":[2.0,2.4,2.7,2.7,2.9],"ALNSIterations":[756760,823900,852933,737680,778675],"runId":["Run 1","Run 2","Run 3","Run 4","Run 5"]}