{"slackAfterALNS":0,"nInitialNotServicedExpectedRequests":[9,10,10,10,12],"averageObj":[2331.9239852321184,2284.010294528445,2366.3718507727312,2289.8653200639606,2904.415581249574],"slackBeforeALNS":0,"nInitialNotServicedFixedRequests":[0,0,0,0,0],"averageNotServicedExpectedRequests":[14.0,13.0,14.0,13.0,20.0],"ALNSIterations":[19877,21945,22185,22052,22097],"runId":["Run 1","Run 2","Run 3","Run 4","Run 5"]}