{"slackAfterALNS":0,"nInitialNotServicedExpectedRequests":[14,17,16,13,17],"averageObj":[2385.411582586056,2662.486675283286,2472.7552371000643,2506.5730036453206,2956.1496581521174],"slackBeforeALNS":0,"nInitialNotServicedFixedRequests":[0,0,0,0,0],"averageNotServicedExpectedRequests":[15.0,18.0,16.0,16.0,21.0],"ALNSIterations":[15139,14704,16553,13797,11168],"runId":["Run 1","Run 2","Run 3","Run 4","Run 5"]}