{"slackAfterALNS":0,"nInitialNotServicedExpectedRequests":[8,10,12,11,12],"averageObj":[2492.7533322810345,2774.0145969321748,2658.6561319817147,2531.5602061337345,2782.6236711697825],"slackBeforeALNS":0,"nInitialNotServicedFixedRequests":[0,0,0,0,0],"averageNotServicedExpectedRequests":[16.0,19.0,18.0,16.0,19.0],"ALNSIterations":[18137,12531,11860,12453,16684],"runId":["Run 1","Run 2","Run 3","Run 4","Run 5"]}