{"slackAfterALNS":0,"nInitialNotServicedExpectedRequests":[16,15,13,15,13],"averageObj":[3051.88674923802,2576.9284787801694,2685.7996985691934,2781.1235487871045,2547.7171122994655],"slackBeforeALNS":0,"nInitialNotServicedFixedRequests":[0,0,0,0,0],"averageNotServicedExpectedRequests":[22.0,16.0,18.0,19.0,17.0],"ALNSIterations":[18062,22120,21847,21886,21650],"runId":["Run 1","Run 2","Run 3","Run 4","Run 5"]}