{"slackAfterALNS":0,"nInitialNotServicedExpectedRequests":[4,9,9,10,7],"averageObj":[12159.314715325072,11456.029846347537,18070.71010008419,19380.036515229604,15184.455761519177],"slackBeforeALNS":0,"nInitialNotServicedFixedRequests":[2,2,5,6,4],"averageNotServicedExpectedRequests":[28.0,21.0,30.0,22.0,19.0],"ALNSIterations":[683,673,720,692,688],"runId":["Run 1","Run 2","Run 3","Run 4","Run 5"]}