{"slackAfterALNS":0,"nInitialNotServicedExpectedRequests":[6,4,6,5,4],"averageObj":[9510.89405516398,16537.39998923481,9567.457801602193,12909.257023708156,12798.65411172183],"slackBeforeALNS":0,"nInitialNotServicedFixedRequests":[1,4,0,2,2],"averageNotServicedExpectedRequests":[22.0,33.0,43.0,36.0,36.0],"ALNSIterations":[658,637,628,639,656],"runId":["Run 1","Run 2","Run 3","Run 4","Run 5"]}