{"slackAfterALNS":0,"nInitialNotServicedExpectedRequests":[1,1,1,1,1],"averageObj":[6373.682170542635,6273.488372093023,6273.488372093023,6373.682170542635,6273.488372093023],"slackBeforeALNS":0,"nInitialNotServicedFixedRequests":[3,3,3,3,3],"averageNotServicedExpectedRequests":[2.0,1.0,1.0,2.0,1.0],"ALNSIterations":[362800,379307,360465,228710,263985],"runId":["Run 1","Run 2","Run 3","Run 4","Run 5"]}