{"slackAfterALNS":0,"nInitialNotServicedExpectedRequests":[0,0,0,0,0],"averageObj":[6188.843137254902,6203.167461579227,6188.843137254902,6188.843137254902,6188.843137254902],"slackBeforeALNS":0,"nInitialNotServicedFixedRequests":[3,3,3,3,3],"averageNotServicedExpectedRequests":[0.0,0.0,0.0,0.0,0.0],"ALNSIterations":[254454,192117,288406,205483,187548],"runId":["Run 1","Run 2","Run 3","Run 4","Run 5"]}