{"slackAfterALNS":0,"nInitialNotServicedExpectedRequests":[43,47,41,44,45],"averageObj":[9964.640063007106,10405.257272119128,9496.653813126266,10312.896438657595,9316.420200809882],"slackBeforeALNS":0,"nInitialNotServicedFixedRequests":[0,0,0,0,0],"averageNotServicedExpectedRequests":[51.0,56.0,43.0,55.0,43.0],"ALNSIterations":[632,606,790,591,641],"runId":["Run 1","Run 2","Run 3","Run 4","Run 5"]}