{"slackAfterALNS":0,"nInitialNotServicedExpectedRequests":[53,44,49,50,56],"averageObj":[9713.208254468613,9993.082653134103,10164.284039304415,10031.910919250216,10150.840116126394],"slackBeforeALNS":0,"nInitialNotServicedFixedRequests":[0,0,0,0,0],"averageNotServicedExpectedRequests":[47.0,52.0,53.0,51.0,53.0],"ALNSIterations":[651,607,682,737,538],"runId":["Run 1","Run 2","Run 3","Run 4","Run 5"]}