{"slackAfterALNS":0,"nInitialNotServicedExpectedRequests":[44,50,52,47,50],"averageObj":[12019.749591280704,11919.485786908876,12287.532521731733,11673.531917943326,12233.192156634077],"slackBeforeALNS":0,"nInitialNotServicedFixedRequests":[1,1,1,1,1],"averageNotServicedExpectedRequests":[52.0,49.0,54.0,48.0,54.0],"ALNSIterations":[823,865,621,794,852],"runId":["Run 1","Run 2","Run 3","Run 4","Run 5"]}