{"slackAfterALNS":0,"nInitialNotServicedExpectedRequests":[48,45,37,52,47],"averageObj":[10720.491413808866,10739.837315105833,8675.01714461265,10363.792768259353,9790.15643103488],"slackBeforeALNS":0,"nInitialNotServicedFixedRequests":[0,0,0,0,0],"averageNotServicedExpectedRequests":[57.0,58.0,34.0,53.0,46.0],"ALNSIterations":[641,554,824,363,460],"runId":["Run 1","Run 2","Run 3","Run 4","Run 5"]}