{"slackAfterALNS":0,"nInitialNotServicedExpectedRequests":[43,40,38,33,37],"averageObj":[8762.40069883457,8390.228378145957,9703.611697616141,9704.574184820796,9159.981243667642],"slackBeforeALNS":0,"nInitialNotServicedFixedRequests":[0,0,0,0,0],"averageNotServicedExpectedRequests":[37.0,33.0,48.0,47.0,42.0],"ALNSIterations":[745,818,670,808,718],"runId":["Run 1","Run 2","Run 3","Run 4","Run 5"]}