{"slackAfterALNS":0,"nInitialNotServicedExpectedRequests":[43,42,28,38,35],"averageObj":[9769.321908938118,10448.874464685838,8245.736893964962,8851.719340390346,10134.076821823606],"slackBeforeALNS":0,"nInitialNotServicedFixedRequests":[0,0,0,0,0],"averageNotServicedExpectedRequests":[46.0,55.0,30.0,36.0,53.0],"ALNSIterations":[632,612,812,800,671],"runId":["Run 1","Run 2","Run 3","Run 4","Run 5"]}