{"slackAfterALNS":0,"nInitialNotServicedExpectedRequests":[36,46,39,42,40],"averageObj":[9859.603035076289,9384.824476490829,9039.951723742985,10186.605777045263,9542.864829274316],"slackBeforeALNS":0,"nInitialNotServicedFixedRequests":[0,0,0,0,0],"averageNotServicedExpectedRequests":[49.0,45.0,38.0,53.0,47.0],"ALNSIterations":[706,767,711,745,808],"runId":["Run 1","Run 2","Run 3","Run 4","Run 5"]}