{"slackAfterALNS":0,"nInitialNotServicedExpectedRequests":[37,35,44,38,38],"averageObj":[9259.100906771942,9075.211627733488,8990.063536689437,9634.14924634447,8982.561286383161],"slackBeforeALNS":0,"nInitialNotServicedFixedRequests":[0,0,0,0,0],"averageNotServicedExpectedRequests":[40.0,40.0,38.0,46.0,40.0],"ALNSIterations":[694,613,685,712,660],"runId":["Run 1","Run 2","Run 3","Run 4","Run 5"]}