{"slackAfterALNS":0,"nInitialNotServicedExpectedRequests":[0,2,4,3,3],"averageObj":[3785.975323810041,4035.504378909204,4037.721452760482,3789.3554323089547,3709.1940833585695],"slackBeforeALNS":0,"nInitialNotServicedFixedRequests":[0,0,0,0,0],"averageNotServicedExpectedRequests":[7.0,10.0,10.0,8.0,7.0],"ALNSIterations":[2732,2627,1540,2074,2862],"runId":["Run 1","Run 2","Run 3","Run 4","Run 5"]}