{"slackAfterALNS":0,"nInitialNotServicedExpectedRequests":[1,2,3,2,1],"averageObj":[3389.832697149387,3641.2935808045304,3281.4671551836773,3616.7107678817765,3501.8559738344193],"slackBeforeALNS":0,"nInitialNotServicedFixedRequests":[0,0,0,0,0],"averageNotServicedExpectedRequests":[3.0,6.0,2.0,5.0,5.0],"ALNSIterations":[2175,2387,2516,1856,2121],"runId":["Run 1","Run 2","Run 3","Run 4","Run 5"]}