{"slackAfterALNS":0,"nInitialNotServicedExpectedRequests":[1,1,1,1,1],"averageObj":[3306.0186704701473,3260.3622092703968,3463.9211119230304,3492.996711805321,3345.138825740665],"slackBeforeALNS":0,"nInitialNotServicedFixedRequests":[0,0,0,0,0],"averageNotServicedExpectedRequests":[3.0,2.0,5.0,5.0,3.0],"ALNSIterations":[1668,2252,1897,1634,1541],"runId":["Run 1","Run 2","Run 3","Run 4","Run 5"]}