{"slackAfterALNS":0,"nInitialNotServicedExpectedRequests":[1,1,1,1,0],"averageObj":[3493.9829023745415,3584.214984291073,3440.874566102918,3204.900793650793,3809.7051336076192],"slackBeforeALNS":0,"nInitialNotServicedFixedRequests":[0,0,0,0,0],"averageNotServicedExpectedRequests":[5.0,6.0,4.0,2.0,8.0],"ALNSIterations":[2455,2331,2718,2721,2821],"runId":["Run 1","Run 2","Run 3","Run 4","Run 5"]}