{"slackAfterALNS":0,"nInitialNotServicedExpectedRequests":[1,2,1,2,2],"averageObj":[3224.9388837061633,3384.47668067227,3245.88713581973,3114.06385038077,3213.9073176107236],"slackBeforeALNS":0,"nInitialNotServicedFixedRequests":[0,0,0,0,0],"averageNotServicedExpectedRequests":[2.0,4.0,2.0,1.0,2.0],"ALNSIterations":[2318,2441,2685,2699,2658],"runId":["Run 1","Run 2","Run 3","Run 4","Run 5"]}