{"slackAfterALNS":0,"nInitialNotServicedExpectedRequests":[2,2,1,3,2],"averageObj":[3224.359503100975,3296.2232092608656,3214.8012005549085,3231.5573979568403,3402.3367916902907],"slackBeforeALNS":0,"nInitialNotServicedFixedRequests":[0,0,0,0,0],"averageNotServicedExpectedRequests":[2.0,3.0,2.0,2.0,4.0],"ALNSIterations":[2250,2124,3062,3048,1631],"runId":["Run 1","Run 2","Run 3","Run 4","Run 5"]}