{"slackAfterALNS":0,"nInitialNotServicedExpectedRequests":[7,6,6,2,8],"averageObj":[6083.703969498522,4994.872278526859,8812.351991455414,6600.871454507522,4311.918269779768],"slackBeforeALNS":0,"nInitialNotServicedFixedRequests":[1,0,2,1,0],"averageNotServicedExpectedRequests":[8.0,18.0,15.0,13.0,9.0],"ALNSIterations":[2136,2184,2202,2156,2134],"runId":["Run 1","Run 2","Run 3","Run 4","Run 5"]}