ScenarioName,TotalCost_mean,nTaxi_mean
Gen_Data_20_1,2218.8423645320236,2.0
Gen_Data_20_2,1200.7407407407354,1.0
Gen_Data_20_3,3170.0,3.0
Gen_Data_20_4,2192.5098347757503,2.0
Gen_Data_20_5,2180.0,2.0
Gen_Data_20_6,1257.585415713576,1.0
Gen_Data_20_7,3170.0,3.0
Gen_Data_20_8,2180.000000000002,2.0
Gen_Data_20_9,4160.0,4.0
Gen_Data_20_10,2185.312499999998,2.0
