{"slackAfterALNS":0,"nInitialNotServicedExpectedRequests":[12,15,12,13,14],"averageObj":[2361.594400956374,2536.7098024048582,2250.071653598329,2542.668684708427,2793.2316862450675],"slackBeforeALNS":0,"nInitialNotServicedFixedRequests":[0,0,0,0,0],"averageNotServicedExpectedRequests":[14.0,16.0,13.0,16.0,19.0],"ALNSIterations":[20657,21636,20316,20385,20992],"runId":["Run 1","Run 2","Run 3","Run 4","Run 5"]}