{"slackAfterALNS":0,"nInitialNotServicedExpectedRequests":[9,12,13,11,11],"averageObj":[6605.748583969673,4812.212629743154,5061.215666608523,4748.902877184405,2628.794314057271],"slackBeforeALNS":0,"nInitialNotServicedFixedRequests":[2,1,1,1,0],"averageNotServicedExpectedRequests":[16.0,19.0,22.0,18.0,16.0],"ALNSIterations":[20521,21281,19322,20959,20197],"runId":["Run 1","Run 2","Run 3","Run 4","Run 5"]}