{"slackAfterALNS":0,"nInitialNotServicedExpectedRequests":[7,8,8,10,8],"averageObj":[4233.249862538477,2308.2626059322506,4219.3070075188225,4128.958848834972,2174.485219286365],"slackBeforeALNS":0,"nInitialNotServicedFixedRequests":[1,0,1,1,0],"averageNotServicedExpectedRequests":[12.0,14.0,12.0,12.0,12.0],"ALNSIterations":[18876,19501,19767,20024,19741],"runId":["Run 1","Run 2","Run 3","Run 4","Run 5"]}