{"slackAfterALNS":0,"nInitialNotServicedExpectedRequests":[8,6,9,8,3],"averageObj":[7794.536887437198,11489.254975928538,9182.145677057288,9543.1727058599,5487.50058110271],"slackBeforeALNS":0,"nInitialNotServicedFixedRequests":[1,3,2,2,0],"averageNotServicedExpectedRequests":[25.8,22.8,18.6,23.5,22.5],"ALNSIterations":[2252,2275,2277,2488,2308],"runId":["Run 1","Run 2","Run 3","Run 4","Run 5"]}