{"slackAfterALNS":0,"nInitialNotServicedExpectedRequests":[4,2,6,4,9],"averageObj":[7577.415352521273,5372.831298370688,5565.5501798080595,4941.908992968731,5459.439432023987],"slackBeforeALNS":0,"nInitialNotServicedFixedRequests":[1,0,0,0,0],"averageNotServicedExpectedRequests":[24.8,22.8,24.3,16.8,23.4],"ALNSIterations":[1775,1738,1984,1639,1709],"runId":["Run 1","Run 2","Run 3","Run 4","Run 5"]}