{"slackAfterALNS":0,"nInitialNotServicedExpectedRequests":[2,1,2,5,2],"averageObj":[5432.213330882507,5055.056591976523,4838.426527079753,5363.8133405324315,5193.9246617326635],"slackBeforeALNS":0,"nInitialNotServicedFixedRequests":[0,0,0,0,0],"averageNotServicedExpectedRequests":[24.1,19.5,17.5,23.5,21.0],"ALNSIterations":[4513,5207,4475,4591,3449],"runId":["Run 1","Run 2","Run 3","Run 4","Run 5"]}