{"slackAfterALNS":0,"nInitialNotServicedExpectedRequests":[4,2,8,5,5],"averageObj":[7400.146048140894,7318.566880443669,9078.404203589485,7332.158790428866,7286.720151751108],"slackBeforeALNS":0,"nInitialNotServicedFixedRequests":[1,1,2,1,1],"averageNotServicedExpectedRequests":[21.4,21.4,19.0,21.2,21.0],"ALNSIterations":[3812,4799,4877,4493,3921],"runId":["Run 1","Run 2","Run 3","Run 4","Run 5"]}