{"slackAfterALNS":0,"nInitialNotServicedExpectedRequests":[6,9,10,2,11],"averageObj":[9485.396020293512,5316.033459032828,9250.850959583773,7645.012855463281,9343.413634190492],"slackBeforeALNS":0,"nInitialNotServicedFixedRequests":[2,0,2,1,2],"averageNotServicedExpectedRequests":[24.0,22.8,21.7,25.8,23.4],"ALNSIterations":[4518,5013,3426,5167,4573],"runId":["Run 1","Run 2","Run 3","Run 4","Run 5"]}