{"slackAfterALNS":0,"nInitialNotServicedExpectedRequests":[7,10,9,4,8,3,4,16,4,9],"averageObj":[2518.362629452144,2619.6586373363402,2590.68741889176,2551.706503431631,2442.6017664750866,2683.5173509611186,2570.972332455361,2842.526367917827,2445.37237301768,2536.830076982692],"slackBeforeALNS":0,"nInitialNotServicedFixedRequests":[0,0,0,0,0,0,0,0,0,0],"averageNotServicedExpectedRequests":[16.3,17.5,17.0,16.6,15.4,18.1,16.9,19.9,15.4,16.4],"runId":["Run 1","Run 2","Run 3","Run 4","Run 5","Run 6","Run 7","Run 8","Run 9","Run 10"]}