{"slackAfterALNS":0,"nInitialNotServicedExpectedRequests":[7,9,4,6,8,7,7,3,5,6],"averageObj":[2621.0611133833336,2628.3890548385025,2812.0413430259982,2666.0982637413326,2577.6063755799055,2825.687765783401,2688.860328398912,2622.3081325403446,2648.491605848171,2892.046431317258],"slackBeforeALNS":0,"nInitialNotServicedFixedRequests":[0,0,0,0,0,0,0,0,0,0],"averageNotServicedExpectedRequests":[17.5,17.4,19.5,17.8,16.9,19.8,18.2,17.5,17.6,20.5],"runId":["Run 1","Run 2","Run 3","Run 4","Run 5","Run 6","Run 7","Run 8","Run 9","Run 10"]}