{"slackAfterALNS":0,"nInitialNotServicedExpectedRequests":[5,6,2,0,6,3,9,4,5,8],"averageObj":[2379.2322114748786,2364.7052495301705,2333.351710636515,2423.8149301936955,2434.16352647597,2279.2320057416982,2600.8032437989214,2435.984025203471,2432.8808784064213,2594.176847986283],"slackBeforeALNS":0,"nInitialNotServicedFixedRequests":[0,0,0,0,0,0,0,0,0,0],"averageNotServicedExpectedRequests":[14.8,14.7,14.2,15.2,15.1,13.6,17.2,15.3,15.3,17.0],"runId":["Run 1","Run 2","Run 3","Run 4","Run 5","Run 6","Run 7","Run 8","Run 9","Run 10"]}