{"slackAfterALNS":0,"nInitialNotServicedExpectedRequests":[10,4,6,10,7,7,3,8,14,7],"averageObj":[2744.0127627565,2496.7928489166457,2671.251569899937,2677.7163134773414,2682.3690526739474,2710.738700079012,2598.8776501021066,2319.6063285128903,2416.0910630149247,2586.6960362038767],"slackBeforeALNS":0,"nInitialNotServicedFixedRequests":[0,0,0,0,0,0,0,0,0,0],"averageNotServicedExpectedRequests":[18.6,16.1,18.0,18.0,18.2,18.3,17.2,13.9,15.0,17.0],"runId":["Run 1","Run 2","Run 3","Run 4","Run 5","Run 6","Run 7","Run 8","Run 9","Run 10"]}