{"slackAfterALNS":0,"nInitialNotServicedExpectedRequests":[7,2,4,4,8,7,3,6,7,5],"averageObj":[2665.1729857945134,2451.3432773945324,2544.993331296855,2523.5615018138333,2615.173437394905,2612.5136699455957,2504.0609409868116,2692.303892224809,2855.806350321677,2649.5043700946017],"slackBeforeALNS":0,"nInitialNotServicedFixedRequests":[0,0,0,0,0,0,0,0,0,0],"averageNotServicedExpectedRequests":[17.5,15.2,16.2,15.8,16.9,16.8,15.7,17.6,19.8,17.5],"runId":["Run 1","Run 2","Run 3","Run 4","Run 5","Run 6","Run 7","Run 8","Run 9","Run 10"]}