{"slackAfterALNS":0,"nInitialNotServicedExpectedRequests":[6,5,8,8,4,2,8,9,11,2],"averageObj":[2572.2887824509667,2299.4724680060117,2481.227634263083,2402.2710820218113,2671.0164333753028,2378.4213764649057,2617.3216015214193,2668.065355639915,2448.1538876263176,2353.4699931263694],"slackBeforeALNS":0,"nInitialNotServicedFixedRequests":[0,0,0,0,0,0,0,0,0,0],"averageNotServicedExpectedRequests":[16.6,13.8,15.6,14.9,18.0,14.8,17.4,18.0,15.4,14.3],"runId":["Run 1","Run 2","Run 3","Run 4","Run 5","Run 6","Run 7","Run 8","Run 9","Run 10"]}