{"slackAfterALNS":0,"nInitialNotServicedExpectedRequests":[9,2,8,2,1,6,6,4,4,1],"averageObj":[2538.9305694175027,2468.93982546565,2444.674392738097,2451.2178436217237,2379.897923108033,2449.190718166833,2570.613017990073,2341.828625897147,2375.6571959212756,2369.514055825841],"slackBeforeALNS":0,"nInitialNotServicedFixedRequests":[0,0,0,0,0,0,0,0,0,0],"averageNotServicedExpectedRequests":[16.5,15.8,15.4,15.6,14.8,15.4,16.9,14.4,14.5,14.7],"runId":["Run 1","Run 2","Run 3","Run 4","Run 5","Run 6","Run 7","Run 8","Run 9","Run 10"]}