{"slackAfterALNS":0,"nInitialNotServicedExpectedRequests":[3,3,2,3,1],"averageObj":[5694.9745906940725,5524.904887517658,5596.794767401909,5562.411617922079,5609.638955651935],"slackBeforeALNS":0,"nInitialNotServicedFixedRequests":[0,0,0,0,0],"averageNotServicedExpectedRequests":[7.0,4.0,6.0,5.0,6.0],"ALNSIterations":[676,955,983,933,971],"runId":["Run 1","Run 2","Run 3","Run 4","Run 5"]}