{"slackAfterALNS":0,"nInitialNotServicedExpectedRequests":[1,0,1,2,1],"averageObj":[5701.572275110507,5207.365535073448,5537.652012445434,5385.443020034634,5417.503757487441],"slackBeforeALNS":0,"nInitialNotServicedFixedRequests":[0,0,0,0,0],"averageNotServicedExpectedRequests":[7.0,2.0,5.0,4.0,4.0],"ALNSIterations":[529,540,522,542,534],"runId":["Run 1","Run 2","Run 3","Run 4","Run 5"]}