{"slackAfterALNS":0,"nInitialNotServicedExpectedRequests":[1,2,2,3,3],"averageObj":[5265.980177508309,5409.05049214964,5551.618700149991,5791.589760205651,5227.903916668758],"slackBeforeALNS":0,"nInitialNotServicedFixedRequests":[0,0,0,0,0],"averageNotServicedExpectedRequests":[2.0,4.0,5.0,8.0,2.0],"ALNSIterations":[917,899,892,914,909],"runId":["Run 1","Run 2","Run 3","Run 4","Run 5"]}