id,pickup_latitude,pickup_longitude,dropoff_latitude,dropoff_longitude,request_type,request_time,mobility_type,call_time,direct_drive_time
1,59.780490015414166,11.15302767340975,59.43505558368843,10.849430694828959,0,568,WALKING,0,0
2,59.8124746850184,11.209249336109897,59.85085628854348,11.051828680549487,0,380,WALKING,0,0
3,59.90203175991026,11.400402989290395,60.388198737894626,10.916896690069136,0,1047,WALKING,0,0
4,59.492627988976054,10.66952137418849,59.722917610126544,10.66952137418849,0,1056,WALKING,0,0
5,60.02357350440635,10.916896690069136,60.00438270264381,10.961874020229253,0,1120,WALKING,0,0
6,59.972398033039575,11.15302767340975,60.055558174010585,11.16427200594978,0,1377,WALKING,0,0
7,60.010779636564656,11.018095682929399,59.972398033039575,11.175516338489809,0,964,WALKING,0,0
8,60.17709991850668,11.141783340869722,60.138718314981595,11.175516338489809,0,1184,WALKING,0,0
9,60.37540487005293,11.096806010709605,60.330626332607004,11.198005003569868,0,489,WALKING,0,0
10,59.98519190088127,10.826942029748901,59.97879496696042,10.950629687689224,0,433,WALKING,0,0
11,60.32422939868616,10.793209032128813,59.99798576872296,10.174770742427201,0,957,WALKING,0,0
12,60.44577114318225,10.98436268530931,60.452168077103096,10.916896690069136,0,447,WALKING,0,0
13,59.96600109911873,10.602055378948315,59.991588834802116,11.321692661510191,0,1162,WALKING,488,0
14,59.88284095814772,11.31044832897016,60.157909116744136,11.400402989290395,0,671,WALKING,534,0
15,60.221878455952606,11.4791133170706,60.100336711456514,11.16427200594978,0,959,WALKING,673,0
16,60.39459567181547,11.422891654370455,60.42018340749886,11.074317345629545,0,804,WALKING,470,0
17,59.68453600660146,10.635788376568403,59.67174213875977,10.68076570672852,0,913,WALKING,487,0
18,60.0171765704855,11.096806010709605,59.76769614757247,11.220493668649926,0,1153,WALKING,517,0
19,59.53740652642198,10.613299711488343,59.62696360131384,10.83818636228893,0,928,WALKING,360,0
20,60.010779636564656,11.18676067102984,59.927619495593646,11.265470998810043,0,842,WALKING,682,0
