id,pickup_latitude,pickup_longitude,dropoff_latitude,dropoff_longitude,request_type,request_time,mobility_type,call_time,direct_drive_time
1,59.99798576872296,11.198005003569868,60.100336711456514,11.411647321830426,0,1077,WALKING,0,0
2,59.62696360131384,10.53458938370814,59.7165206762057,10.624544044028374,0,421,WALKING,0,0
3,60.40099260573632,11.096806010709605,60.50334354846987,10.545833716248168,0,800,WALKING,0,0
4,60.3434202004487,10.928141022609164,60.349817134369545,11.00685135038937,0,1002,WALKING,0,0
5,60.04276430616889,11.051828680549487,59.953207231277034,11.130539008329691,0,421,WALKING,0,0
6,60.50974048239072,10.995607017849341,60.413786473578014,11.074317345629545,0,417,WALKING,0,0
7,59.63975746915553,11.501601982150659,59.89563482598941,11.040584348009459,0,835,WALKING,0,0
8,59.62056666739299,10.815697697208872,59.67174213875977,10.579566713868257,0,1113,WALKING,0,0
9,60.0299704383272,11.051828680549487,59.870047090306024,11.029340015469428,0,766,WALKING,0,0
10,59.90203175991026,10.433390390847874,60.138718314981595,11.265470998810043,0,673,WALKING,0,0
11,59.972398033039575,11.018095682929399,59.972398033039575,11.085561678169574,0,571,WALKING,0,0
12,60.413786473578014,10.86067502736899,60.452168077103096,10.883163692449047,0,1089,WALKING,0,0
13,60.40738953965717,11.119294675789662,59.89563482598941,11.063073013089516,0,1334,WALKING,873,0
14,60.036367372248044,11.434135986910483,60.17070298458583,11.085561678169574,0,1127,WALKING,568,0
15,60.349817134369545,11.119294675789662,60.27305392731938,11.231738001189957,0,1147,WALKING,411,0
16,60.56731288767834,11.344181326590249,60.49054968062818,11.276715331350074,0,1278,WALKING,672,0
17,59.9212225616728,11.15302767340975,60.08754284361482,11.411647321830426,0,918,WALKING,475,0
18,60.074748975773126,11.130539008329691,60.119527513219055,11.141783340869722,0,697,WALKING,572,0
19,59.95960416519788,12.15377326947236,59.83166548678094,11.63653397263101,0,973,WALKING,784,0
20,59.67174213875977,10.568322381328226,59.870047090306024,10.961874020229253,0,774,WALKING,568,0
