id,pickup_latitude,pickup_longitude,dropoff_latitude,dropoff_longitude,request_type,request_time,mobility_type,call_time,direct_drive_time
1,59.76769614757247,10.961874020229253,59.83166548678094,10.770720367048755,0,456,WALKING,0,0
2,60.06195510793143,10.714498704348607,60.08114590969397,11.16427200594978,0,434,WALKING,0,0
3,60.010779636564656,11.467868984530572,59.97879496696042,11.377914324210337,0,1339,WALKING,0,0
4,59.68453600660146,10.759476034508724,59.447849451530125,10.635788376568403,0,401,WALKING,0,0
5,60.35621406829039,11.33293699405022,59.90203175991026,11.614045307550953,0,1046,WALKING,0,0
6,60.06835204185228,11.366669991670308,60.06195510793143,11.411647321830426,0,1017,WALKING,0,0
7,59.927619495593646,11.119294675789662,59.953207231277034,11.141783340869722,0,371,WALKING,0,0
8,60.2346723237943,11.377914324210337,60.27305392731938,11.445380319450512,0,1023,WALKING,0,0
9,59.85725322246433,10.433390390847874,59.75490227973078,10.602055378948315,0,947,WALKING,0,0
10,59.62056666739299,10.916896690069136,59.678139072680615,10.467123388467963,0,472,WALKING,0,0
11,59.86365015638518,10.65827704164846,59.93401642951449,10.489612053548022,0,865,WALKING,0,0
12,59.75490227973078,11.220493668649926,59.71012374228485,10.894408024989076,0,929,WALKING,0,0
13,59.991588834802116,11.040584348009459,59.927619495593646,11.096806010709605,0,568,WALKING,408,0
14,59.71012374228485,10.736987369428666,59.83806242070179,10.714498704348607,0,1065,WALKING,808,0
15,59.95960416519788,11.31044832897016,59.98519190088127,11.074317345629545,0,1135,WALKING,400,0
16,60.14511524890244,11.198005003569868,59.953207231277034,11.074317345629545,0,930,WALKING,438,0
17,59.66534520483892,10.781964699588784,59.6077727995513,10.579566713868257,0,993,WALKING,365,0
18,59.742108411889085,11.411647321830426,59.79968081717671,11.445380319450512,0,957,WALKING,400,0
19,60.138718314981595,11.400402989290395,60.04276430616889,11.33293699405022,0,699,WALKING,473,0
20,60.13232138106075,11.501601982150659,60.06835204185228,11.175516338489809,0,1037,WALKING,474,0
