id,pickup_latitude,pickup_longitude,dropoff_latitude,dropoff_longitude,request_type,request_time,mobility_type,call_time,direct_drive_time
1,60.39459567181547,10.973118352769282,60.4393742092614,10.883163692449047,0,1202,WALKING,0,0
2,59.64615440307638,10.770720367048755,60.08114590969397,10.894408024989076,0,1019,WALKING,0,0
3,60.20908458811091,11.434135986910483,60.32422939868616,10.905652357529107,0,943,WALKING,0,0
4,60.24746619163599,11.287959663890103,59.780490015414166,10.692010039268549,0,916,WALKING,0,0
5,59.56939119602622,10.961874020229253,59.614169733472146,10.973118352769282,0,733,WALKING,0,0
6,59.56299426210537,10.692010039268549,59.73571147796824,11.546579312310776,0,1231,WALKING,0,0
7,59.722917610126544,10.86067502736899,60.09393977753567,11.31044832897016,0,400,WALKING,0,0
8,60.02357350440635,11.467868984530572,60.40099260573632,11.040584348009459,0,500,WALKING,0,0
9,60.055558174010585,11.63653397263101,59.85085628854348,11.18676067102984,0,453,WALKING,0,0
10,59.447849451530125,10.714498704348607,59.46064331937182,10.871919359909018,0,969,WALKING,0,0
11,60.19629072026922,11.33293699405022,60.17709991850668,11.265470998810043,0,1189,WALKING,0,0
12,60.11313057929821,11.119294675789662,60.1259244471399,11.108050343249634,0,995,WALKING,0,0
13,59.742108411889085,11.49035764961063,59.99798576872296,11.377914324210337,0,1296,WALKING,991,0
14,60.11313057929821,11.355425659130278,60.16430605066498,11.456624651990541,0,497,WALKING,374,0
15,59.58858199778876,10.736987369428666,60.15151218282329,11.040584348009459,0,733,WALKING,481,0
16,59.511818790738594,10.905652357529107,59.844459354622636,11.377914324210337,0,638,WALKING,449,0
17,60.08114590969397,11.411647321830426,60.04916124008974,11.625289640090982,0,1090,WALKING,400,0
18,60.17070298458583,11.130539008329691,60.305038596923616,11.175516338489809,0,1000,WALKING,449,0
19,60.27305392731938,11.175516338489809,60.036367372248044,11.130539008329691,0,895,WALKING,732,0
20,59.60137586563045,10.68076570672852,59.98519190088127,11.209249336109897,0,502,WALKING,362,0
