id,pickup_latitude,pickup_longitude,dropoff_latitude,dropoff_longitude,request_type,request_time,mobility_type,call_time,direct_drive_time
1,60.35621406829039,11.355425659130278,60.37540487005293,11.231738001189957,0,552,WALKING,0,0
2,60.221878455952606,11.15302767340975,60.202687654190065,11.198005003569868,0,536,WALKING,0,0
3,60.0171765704855,10.478367721007992,59.889237892068564,10.98436268530931,0,603,WALKING,0,0
4,59.953207231277034,11.15302767340975,59.95960416519788,11.096806010709605,0,1027,WALKING,0,0
5,60.39459567181547,11.00685135038937,60.42018340749886,11.018095682929399,0,888,WALKING,0,0
6,60.08754284361482,10.849430694828959,60.0299704383272,10.849430694828959,0,837,WALKING,0,0
7,60.036367372248044,11.141783340869722,60.45856501102394,11.31044832897016,0,1036,WALKING,0,0
8,60.11313057929821,11.366669991670308,60.055558174010585,11.389158656750366,0,603,WALKING,0,0
9,59.972398033039575,11.580312309930864,59.953207231277034,11.625289640090982,0,885,WALKING,0,0
10,60.39459567181547,10.905652357529107,60.42018340749886,11.108050343249634,0,998,WALKING,0,0
11,59.927619495593646,11.580312309930864,60.010779636564656,11.411647321830426,0,630,WALKING,0,0
12,59.780490015414166,10.748231701968695,59.761299213651625,10.770720367048755,0,511,WALKING,0,0
13,59.972398033039575,11.254226666270014,59.99798576872296,11.198005003569868,0,532,WALKING,371,0
14,60.04916124008974,11.029340015469428,60.036367372248044,11.018095682929399,0,572,WALKING,401,0
15,60.04916124008974,12.063818609152126,59.927619495593646,11.434135986910483,0,606,WALKING,444,0
16,59.43505558368843,10.624544044028374,59.447849451530125,10.68076570672852,0,1052,WALKING,671,0
17,59.594978931709605,11.377914324210337,59.64615440307638,11.366669991670308,0,743,WALKING,610,0
18,59.71012374228485,11.198005003569868,59.65255133699723,10.725743036888638,0,667,WALKING,522,0
19,60.010779636564656,10.961874020229253,60.3434202004487,11.040584348009459,0,1032,WALKING,507,0
20,60.46496194494479,10.950629687689224,60.4393742092614,11.096806010709605,0,888,WALKING,520,0
