id,pickup_latitude,pickup_longitude,dropoff_latitude,dropoff_longitude,request_type,request_time,mobility_type,call_time,direct_drive_time
1,60.266656993398534,11.130539008329691,60.2346723237943,11.119294675789662,0,1010,WALKING,0,0
2,59.927619495593646,10.770720367048755,59.722917610126544,10.759476034508724,0,1021,WALKING,0,0
3,59.927619495593646,10.33219139798761,59.93401642951449,10.86067502736899,0,1252,WALKING,0,0
4,59.88284095814772,11.141783340869722,60.39459567181547,11.344181326590249,0,550,WALKING,0,0
5,60.535328218074106,11.096806010709605,60.49054968062818,11.051828680549487,0,606,WALKING,0,0
6,59.991588834802116,10.422146058307845,59.95960416519788,11.018095682929399,0,1024,WALKING,0,0
7,59.97879496696042,10.590811046408286,59.89563482598941,10.748231701968695,0,724,WALKING,0,0
8,60.44577114318225,11.130539008329691,60.42658034141971,11.31044832897016,0,373,WALKING,0,0
9,60.27945086124023,11.557823644850806,60.19629072026922,11.456624651990541,0,1062,WALKING,0,0
10,59.98519190088127,10.905652357529107,60.036367372248044,11.231738001189957,0,1350,WALKING,0,0
11,59.972398033039575,10.950629687689224,60.29864166300277,11.31044832897016,0,422,WALKING,0,0
12,59.78688694933501,11.557823644850806,59.85085628854348,11.366669991670308,0,441,WALKING,0,0
13,59.972398033039575,10.444634723387905,60.00438270264381,10.781964699588784,0,641,WALKING,377,0
14,60.40099260573632,11.400402989290395,60.40738953965717,11.31044832897016,0,1166,WALKING,840,0
15,59.72931454404739,10.647032709108432,59.74850534580993,10.815697697208872,0,1148,WALKING,1018,0
16,60.40738953965717,11.00685135038937,60.432977275340555,10.849430694828959,0,736,WALKING,407,0
17,60.42018340749886,11.501601982150659,60.369007936132085,11.287959663890103,0,1079,WALKING,601,0
18,60.27305392731938,11.051828680549487,60.21548152203176,11.422891654370455,0,706,WALKING,513,0
19,60.0171765704855,11.074317345629545,59.95960416519788,11.085561678169574,0,960,WALKING,548,0
20,59.511818790738594,10.793209032128813,60.100336711456514,11.16427200594978,0,973,WALKING,605,0
