{"slackAfterALNS":0,"nInitialNotServicedExpectedRequests":[6,7,5,8,11],"averageObj":[6777.973215447097,4856.515671776447,4582.297315251507,4959.4055945925,6612.962367153335],"slackBeforeALNS":0,"nInitialNotServicedFixedRequests":[1,0,0,0,1],"averageNotServicedExpectedRequests":[17.0,18.0,13.0,18.0,14.0],"ALNSIterations":[4555,4504,4980,5145,3875],"runId":["Run 1","Run 2","Run 3","Run 4","Run 5"]}