{"slackAfterALNS":0,"nInitialNotServicedExpectedRequests":[2,1,3,0,3],"averageObj":[5033.32841861595,7071.296145570783,4782.142567432012,4887.719937366354,4248.236387384962],"slackBeforeALNS":0,"nInitialNotServicedFixedRequests":[0,1,0,0,0],"averageNotServicedExpectedRequests":[18.0,20.0,16.0,16.0,10.0],"ALNSIterations":[3582,4102,4770,4694,5015],"runId":["Run 1","Run 2","Run 3","Run 4","Run 5"]}