{"slackAfterALNS":0,"nInitialNotServicedExpectedRequests":[3,4,3,4,4],"averageObj":[4577.505209572655,5232.408153076992,4607.233306942502,4448.398995113523,4531.058673823266],"slackBeforeALNS":0,"nInitialNotServicedFixedRequests":[0,0,0,0,0],"averageNotServicedExpectedRequests":[15.0,21.0,16.0,13.0,14.0],"ALNSIterations":[4729,5293,5209,3915,4307],"runId":["Run 1","Run 2","Run 3","Run 4","Run 5"]}