{"slackAfterALNS":0,"nInitialNotServicedExpectedRequests":[15,13,13,16,15,15,15,14,15,14],"averageObj":[2521.3042642268997,2906.859341485871,2424.459984596844,2445.832448730343,2742.7655920304755,2445.0470250182325,2518.175264763976,2946.4819936330423,3068.9715066713948,2503.4933767162547],"slackBeforeALNS":0,"nInitialNotServicedFixedRequests":[0,0,0,0,0,0,0,0,0,0],"averageNotServicedExpectedRequests":[16.0,21.0,15.0,15.0,18.0,15.0,16.0,21.0,22.0,16.0],"ALNSIterations":[8109,18373,19065,5709,11175,10033,6701,11523,10036,11586],"runId":["Run 1","Run 2","Run 3","Run 4","Run 5","Run 6","Run 7","Run 8","Run 9","Run 10"]}