{"slackAfterALNS":0,"nInitialNotServicedExpectedRequests":[11,9,9,10,9,11,11,11,9,6],"averageObj":[1994.9742868705648,1741.704165590068,2057.2656052746197,2168.277594445626,1931.4711466302838,2341.555260331216,2198.824458065182,2350.100336605206,2044.182667950885,2273.005600864736],"slackBeforeALNS":0,"nInitialNotServicedFixedRequests":[0,0,0,0,0,0,0,0,0,0],"averageNotServicedExpectedRequests":[10.0,7.0,11.0,12.0,9.0,14.0,12.0,14.0,11.0,13.0],"ALNSIterations":[6573,12325,8040,15868,7538,10117,10071,6283,11463,11595],"runId":["Run 1","Run 2","Run 3","Run 4","Run 5","Run 6","Run 7","Run 8","Run 9","Run 10"]}