{"slackAfterALNS":0,"nInitialNotServicedExpectedRequests":[12,13,10,14,14,15,13,13,14,13],"averageObj":[6398.357475898223,6411.3283228665905,6433.818412416089,6668.723613004682,6217.819833895903,6754.594274982066,6667.627508679396,6695.441704175655,6799.583687243377,6742.658378660342],"slackBeforeALNS":0,"nInitialNotServicedFixedRequests":[2,2,2,2,2,2,2,2,2,2],"averageNotServicedExpectedRequests":[15.0,15.0,15.0,18.0,13.0,19.0,18.0,18.0,19.0,19.0],"ALNSIterations":[9441,8808,23100,6765,10135,10347,14900,16679,6288,7265],"runId":["Run 1","Run 2","Run 3","Run 4","Run 5","Run 6","Run 7","Run 8","Run 9","Run 10"]}