{"slackAfterALNS":0,"nInitialNotServicedExpectedRequests":[16,14,12,15,15,15,15,16,12,13],"averageObj":[8596.948624438828,8343.593566253921,8528.460699117526,8609.531695145053,8488.679918855656,8332.402996581577,8719.094965873603,8408.519807009434,8524.907668492315,8467.224623049942],"slackBeforeALNS":0,"nInitialNotServicedFixedRequests":[3,3,3,3,3,3,3,3,3,3],"averageNotServicedExpectedRequests":[17.0,14.0,16.0,17.0,16.0,14.0,18.0,15.0,16.0,15.0],"ALNSIterations":[7256,18679,21784,6502,9231,12003,7183,11488,22824,19250],"runId":["Run 1","Run 2","Run 3","Run 4","Run 5","Run 6","Run 7","Run 8","Run 9","Run 10"]}