{"slackAfterALNS":0,"nInitialNotServicedExpectedRequests":[7,7,9,11,10,10,9,10,10,10],"averageObj":[2156.7620387762868,2414.807439227818,2129.569177900508,2207.4792209819743,2216.9358255993056,1905.9026611016295,2198.841721496297,1884.2664556116638,2470.139758933877,1903.1866204790936],"slackBeforeALNS":0,"nInitialNotServicedFixedRequests":[0,0,0,0,0,0,0,0,0,0],"averageNotServicedExpectedRequests":[12.0,15.0,12.0,13.0,13.0,9.0,13.0,9.0,16.0,9.0],"ALNSIterations":[16508,16743,14364,5298,11093,8285,9588,5016,11408,9426],"runId":["Run 1","Run 2","Run 3","Run 4","Run 5","Run 6","Run 7","Run 8","Run 9","Run 10"]}