{"slackAfterALNS":0,"nInitialNotServicedExpectedRequests":[9,12,6,9,11,12,8,17,8,7],"averageObj":[2420.3931721112963,2583.0195805357257,2079.4672318099297,2422.8473140005585,2164.6557748029913,2479.82483286586,2451.99419324138,3271.37973329105,2261.153197279793,1966.4955117682293],"slackBeforeALNS":0,"nInitialNotServicedFixedRequests":[0,0,0,0,0,0,0,0,0,0],"averageNotServicedExpectedRequests":[15.0,17.0,11.0,15.0,12.0,15.0,15.0,24.0,13.0,10.0],"ALNSIterations":[13496,14774,20702,17027,8474,6717,14353,5625,15211,21429],"runId":["Run 1","Run 2","Run 3","Run 4","Run 5","Run 6","Run 7","Run 8","Run 9","Run 10"]}