{"slackAfterALNS":0,"nInitialNotServicedExpectedRequests":[18,13,15,17,15,16,18,17,17,17],"averageObj":[4737.245237049587,4438.764041171155,4442.3932439196415,4697.398186688163,4483.562624090883,4601.922325604001,4604.46009669399,4800.4818243974905,4710.965418040373,4631.369813519814],"slackBeforeALNS":0,"nInitialNotServicedFixedRequests":[1,1,1,1,1,1,1,1,1,1],"averageNotServicedExpectedRequests":[19.0,15.0,15.0,18.0,15.0,17.0,17.0,19.0,17.0,17.0],"ALNSIterations":[6676,10941,13183,6620,10095,10224,6666,6563,5263,9842],"runId":["Run 1","Run 2","Run 3","Run 4","Run 5","Run 6","Run 7","Run 8","Run 9","Run 10"]}