{"slackAfterALNS":0,"nInitialNotServicedExpectedRequests":[9,9,10,9,8,8,9,8,9,9],"averageObj":[4130.8332526383165,4245.60860518986,4156.556330994456,4307.887710506002,4432.15724834298,4031.8261149878235,4657.35810050516,4561.381847435922,4322.48966686761,4207.096216800565],"slackBeforeALNS":0,"nInitialNotServicedFixedRequests":[1,1,1,1,1,1,1,1,1,1],"averageNotServicedExpectedRequests":[12.0,13.0,12.0,14.0,15.0,11.0,18.0,17.0,14.0,13.0],"ALNSIterations":[12353,6228,7812,10241,8780,7406,10461,14018,5719,11371],"runId":["Run 1","Run 2","Run 3","Run 4","Run 5","Run 6","Run 7","Run 8","Run 9","Run 10"]}