{"slackAfterALNS":0,"nInitialNotServicedExpectedRequests":[10,13,12,11,12,11,11,12,13,13],"averageObj":[6046.002657943957,6542.993979384073,6356.474288188206,6380.294047414066,6493.876954177746,6500.4206416587485,6277.322331346264,6488.006867118921,6449.421336542569,6465.68184693232],"slackBeforeALNS":0,"nInitialNotServicedFixedRequests":[2,2,2,2,2,2,2,2,2,2],"averageNotServicedExpectedRequests":[11.0,17.0,15.0,15.0,16.0,16.0,14.0,16.0,16.0,16.0],"ALNSIterations":[19231,12149,9913,8996,8439,9500,15616,11861,9720,6087],"runId":["Run 1","Run 2","Run 3","Run 4","Run 5","Run 6","Run 7","Run 8","Run 9","Run 10"]}