{"slackAfterALNS":0,"nInitialNotServicedExpectedRequests":[9,9,10,9,12,11,9,11,12,14],"averageObj":[2358.816861607757,2072.338649836085,2262.6570322220937,2022.3341807269567,2199.6582958182084,2217.835057227909,2163.5556951497706,2252.8318832592954,4348.944582704223,2742.9777991305787],"slackBeforeALNS":0,"nInitialNotServicedFixedRequests":[0,0,0,0,0,0,0,0,1,0],"averageNotServicedExpectedRequests":[14.0,11.0,13.0,10.0,12.0,12.0,12.0,13.0,14.0,18.0],"ALNSIterations":[17929,12291,15281,17598,14125,17957,18309,11580,5516,7489],"runId":["Run 1","Run 2","Run 3","Run 4","Run 5","Run 6","Run 7","Run 8","Run 9","Run 10"]}