{"runId":["Run 1","Run 2","Run 3","Run 4","Run 5"],"averageObj":[1385.8333465976816,1251.9353686397112,1339.6461665108,1166.8656028958708,1387.8463956444039],"averageNotServicedExpectedRequests":[9.6,8.2,9.1,7.2,9.6],"nInitialNotServicedFixedRequests":[0,0,0,0,0],"nInitialNotServicedExpectedRequests":[3,1,4,2,7]}