{"slackAfterALNS":0,"nInitialNotServicedExpectedRequests":[0,1,1,0,0,0,0,2,3,0],"averageObj":[3527.538264778797,3947.6405250010125,4061.6277839930963,4070.953355057758,4087.0427364459565,3805.972054255869,3861.1626356938737,4251.9473347258245,3934.6306385005605,3934.88735111067],"slackBeforeALNS":0,"nInitialNotServicedFixedRequests":[0,0,0,0,0,0,0,0,0,0],"averageNotServicedExpectedRequests":[5.2,9.9,11.0,11.2,11.2,8.2,8.8,13.0,9.6,9.6],"runId":["Run 1","Run 2","Run 3","Run 4","Run 5","Run 6","Run 7","Run 8","Run 9","Run 10"]}