{"slackAfterALNS":0,"nInitialNotServicedExpectedRequests":[1,0,0,0,0,1,0,0,0,1],"averageObj":[3853.765113645117,4017.23254396245,3740.564983279558,3706.878074515548,3818.660009963044,3895.8491877183815,4129.718282561894,3904.196480824252,3724.204680334238,3762.413687724447],"slackBeforeALNS":0,"nInitialNotServicedFixedRequests":[0,0,0,0,0,0,0,0,0,0],"averageNotServicedExpectedRequests":[8.4,10.2,7.7,7.3,8.4,9.0,11.6,9.2,7.3,7.7],"runId":["Run 1","Run 2","Run 3","Run 4","Run 5","Run 6","Run 7","Run 8","Run 9","Run 10"]}