{"slackAfterALNS":0,"nInitialNotServicedExpectedRequests":[0,0,0,0,0,0,0,1,0,0],"averageObj":[3711.4738725317875,3876.424849794794,3905.9762388224494,4023.684986618936,3484.093476349265,3540.5422867846255,3593.537108527551,3649.566033721393,3767.4909525530156,3575.0083798424907],"slackBeforeALNS":0,"nInitialNotServicedFixedRequests":[0,0,0,0,0,0,0,0,0,0],"averageNotServicedExpectedRequests":[7.1,8.9,9.5,10.5,4.9,5.3,5.9,6.7,7.9,5.7],"runId":["Run 1","Run 2","Run 3","Run 4","Run 5","Run 6","Run 7","Run 8","Run 9","Run 10"]}