{"slackAfterALNS":0,"nInitialNotServicedExpectedRequests":[1,3,1,1,1,0,0,3,1,0],"averageObj":[3890.6313797703397,3784.1484522894834,3934.3884802753805,3899.2164388476363,3936.997890054487,3824.83419861051,3883.6022932083933,3732.097722087086,3833.4409903387145,3709.8442646804388],"slackBeforeALNS":0,"nInitialNotServicedFixedRequests":[0,0,0,0,0,0,0,0,0,0],"averageNotServicedExpectedRequests":[9.0,7.9,9.8,9.2,9.7,8.3,8.9,7.3,8.7,7.0],"runId":["Run 1","Run 2","Run 3","Run 4","Run 5","Run 6","Run 7","Run 8","Run 9","Run 10"]}