{"slackAfterALNS":0,"nInitialNotServicedExpectedRequests":[0,0,0,1,0,0,1,0,0,0],"averageObj":[3577.4110426063553,4038.44018442975,3693.7623642714766,4063.7484946333707,4211.311721334137,4001.8268195525598,3769.2493502180637,3732.127236664374,3662.962511312264,3888.1570127725636],"slackBeforeALNS":0,"nInitialNotServicedFixedRequests":[0,0,0,0,0,0,0,0,0,0],"averageNotServicedExpectedRequests":[5.8,10.6,7.1,10.8,12.4,10.3,7.6,7.4,6.5,9.2],"runId":["Run 1","Run 2","Run 3","Run 4","Run 5","Run 6","Run 7","Run 8","Run 9","Run 10"]}