{"slackAfterALNS":0,"nInitialNotServicedExpectedRequests":[0,0,1,0,3,0,0,0,0,0],"averageObj":[3568.383624879904,3759.6327621580103,3474.2392865362403,3850.1114381791936,3737.1251875056355,3990.3453190571536,4141.321353164218,3641.965598886537,3763.905381257129,3865.122098328514],"slackBeforeALNS":0,"nInitialNotServicedFixedRequests":[0,0,0,0,0,0,0,0,0,0],"averageNotServicedExpectedRequests":[5.6,7.6,4.6,8.6,7.2,10.1,12.0,6.4,7.4,8.9],"runId":["Run 1","Run 2","Run 3","Run 4","Run 5","Run 6","Run 7","Run 8","Run 9","Run 10"]}