{"slackAfterALNS":0,"nInitialNotServicedExpectedRequests":[1,0,0,0,0,0,0,0,0,0],"averageObj":[5908.334355870301,5980.489846516921,5700.548707749967,5447.186001981302,5897.4050689294045,5985.75509068433,5715.623078704351,5726.568164098677,5998.835681182641,5542.44688051698],"slackBeforeALNS":0,"nInitialNotServicedFixedRequests":[1,1,1,1,1,1,1,1,1,1],"averageNotServicedExpectedRequests":[9.5,9.8,7.1,4.2,9.1,10.2,7.2,7.6,10.2,5.5],"runId":["Run 1","Run 2","Run 3","Run 4","Run 5","Run 6","Run 7","Run 8","Run 9","Run 10"]}