{"slackAfterALNS":0,"nInitialNotServicedExpectedRequests":[1,1,1,1,1,1,1,1,1,1],"averageObj":[2336.5203831078716,2336.5203831078716,2336.5203831078716,2336.5203831078716,2336.025027070719,2336.5203831078716,2336.5203831078716,2336.5203831078716,2336.5203831078716,2336.5203831078716],"slackBeforeALNS":0,"nInitialNotServicedFixedRequests":[1,1,1,1,1,1,1,1,1,1],"averageNotServicedExpectedRequests":[1.0,1.0,1.0,1.0,1.0,1.0,1.0,1.0,1.0,1.0],"ALNSIterations":[5005,5830,6007,5047,5173,5260,6556,5451,5098,5397],"runId":["Run 1","Run 2","Run 3","Run 4","Run 5","Run 6","Run 7","Run 8","Run 9","Run 10"]}