{"slackAfterALNS":0,"nInitialNotServicedExpectedRequests":[2,2,2,2,2,2,2,2,2,2],"averageObj":[480.74074074074076,480.74074074074076,480.74074074074076,480.74074074074076,480.74074074074076,480.74074074074076,480.74074074074076,480.74074074074076,480.74074074074076,480.74074074074076],"slackBeforeALNS":0,"nInitialNotServicedFixedRequests":[0,0,0,0,0,0,0,0,0,0],"averageNotServicedExpectedRequests":[3.0,3.0,3.0,3.0,3.0,3.0,3.0,3.0,3.0,3.0],"ALNSIterations":[5214,5007,5004,5006,5003,5173,5063,5076,5029,5235],"runId":["Run 1","Run 2","Run 3","Run 4","Run 5","Run 6","Run 7","Run 8","Run 9","Run 10"]}