{"slackAfterALNS":0,"nInitialNotServicedExpectedRequests":[3,3,10,12,10,6,11,3,9,8],"averageObj":[2330.1449552073036,2674.6983842777145,2894.402670931998,2698.9402304903006,2484.9157655917434,2353.3521124291947,2570.0226473902108,2537.20683756274,2684.328574590324,2498.6210585373883],"slackBeforeALNS":0,"nInitialNotServicedFixedRequests":[0,0,0,0,0,0,0,0,0,0],"averageNotServicedExpectedRequests":[14.0,18.1,20.3,18.3,15.9,14.4,16.7,16.5,17.9,15.9],"runId":["Run 1","Run 2","Run 3","Run 4","Run 5","Run 6","Run 7","Run 8","Run 9","Run 10"]}