{"slackAfterALNS":0,"nInitialNotServicedExpectedRequests":[12,10,7,11,10,14,12,8,6,11],"averageObj":[4918.87336131665,4972.475403311797,4897.119274223295,4983.7770730501625,4970.910706677956,4717.836423741343,4968.60344292629,4805.708566051549,4635.498725150098,4851.734073528008],"slackBeforeALNS":0,"nInitialNotServicedFixedRequests":[1,1,1,1,1,1,1,1,1,1],"averageNotServicedExpectedRequests":[20.8,21.3,20.7,21.6,21.0,18.4,21.5,19.4,17.5,20.3],"runId":["Run 1","Run 2","Run 3","Run 4","Run 5","Run 6","Run 7","Run 8","Run 9","Run 10"]}