{"slackAfterALNS":0,"nInitialNotServicedExpectedRequests":[11,5,6,7,6,8,4,7,7,2],"averageObj":[2643.95634004821,2433.0543021325475,2652.7376377508,2707.429218319554,2955.0235205673207,3026.138466918702,2512.3945894637754,2715.102969635658,2783.175265290046,2702.25659679662],"slackBeforeALNS":0,"nInitialNotServicedFixedRequests":[0,0,0,0,0,0,0,0,0,0],"averageNotServicedExpectedRequests":[17.3,15.2,17.5,18.2,20.7,21.9,15.8,18.2,18.9,18.0],"runId":["Run 1","Run 2","Run 3","Run 4","Run 5","Run 6","Run 7","Run 8","Run 9","Run 10"]}