{"slackAfterALNS":0,"nInitialNotServicedExpectedRequests":[46,35,50,43,40,56,44,38,42,52],"averageObj":[12793.885023132476,12507.742837352711,13356.650818057606,12309.348530201834,13479.525250060047,13593.167521452391,13095.33474477872,12866.426475296556,12906.851872691974,13164.63533465261],"slackBeforeALNS":0,"nInitialNotServicedFixedRequests":[0,0,0,0,0,0,0,0,0,0],"averageNotServicedExpectedRequests":[81.8,78.8,88.5,76.4,90.4,91.0,84.2,82.0,82.6,86.0],"runId":["Run 1","Run 2","Run 3","Run 4","Run 5","Run 6","Run 7","Run 8","Run 9","Run 10"]}