{"slackAfterALNS":0,"nInitialNotServicedExpectedRequests":[60,65,53,49,44,53,53,54,55,49],"averageObj":[14562.028869501499,14575.36714949846,14252.304957201883,13663.904869733431,14056.75506617891,14474.617251039337,13952.430416100615,14196.337617120462,14537.062750608084,14526.628316457722],"slackBeforeALNS":0,"nInitialNotServicedFixedRequests":[0,0,0,0,0,0,0,0,0,0],"averageNotServicedExpectedRequests":[102.3,102.6,98.8,91.7,96.4,101.1,95.6,98.6,101.7,101.9],"runId":["Run 1","Run 2","Run 3","Run 4","Run 5","Run 6","Run 7","Run 8","Run 9","Run 10"]}