{"slackAfterALNS":0,"nInitialNotServicedExpectedRequests":[47,45,66,53,60,56,46,53,62,66],"averageObj":[13867.40940282532,13429.62845079645,14219.932361394598,13703.844348778879,13995.367020942955,13722.404087627787,14331.928762903077,14382.223442846584,13469.884417377814,14167.22550636881],"slackBeforeALNS":0,"nInitialNotServicedFixedRequests":[0,0,0,0,0,0,0,0,0,0],"averageNotServicedExpectedRequests":[94.7,89.5,97.5,93.3,96.8,92.9,100.0,101.1,89.4,98.7],"runId":["Run 1","Run 2","Run 3","Run 4","Run 5","Run 6","Run 7","Run 8","Run 9","Run 10"]}