{"slackAfterALNS":0,"nInitialNotServicedExpectedRequests":[10,11,10,12,12],"averageObj":[6478.718457428635,10624.008134081934,8382.827080907071,10871.05031167792,8547.918708844763],"slackBeforeALNS":0,"nInitialNotServicedFixedRequests":[2,4,3,4,3],"averageNotServicedExpectedRequests":[15.0,17.0,14.0,20.0,15.0],"ALNSIterations":[1830,2047,1962,1902,1830],"runId":["Run 1","Run 2","Run 3","Run 4","Run 5"]}