{"slackAfterALNS":0,"nInitialNotServicedExpectedRequests":[11,9,13,9,13],"averageObj":[2683.7789987789984,6643.286473862054,8610.650974093962,8326.761878058822,6471.090257606608],"slackBeforeALNS":0,"nInitialNotServicedFixedRequests":[0,2,3,3,2],"averageNotServicedExpectedRequests":[18.0,18.0,17.0,14.0,16.0],"ALNSIterations":[1817,1736,1948,1576,1961],"runId":["Run 1","Run 2","Run 3","Run 4","Run 5"]}