{"slackAfterALNS":0,"nInitialNotServicedExpectedRequests":[9,10,11,9,9],"averageObj":[6241.758414541538,4116.5507097991795,6417.941834222932,6354.226369191441,6258.653145968673],"slackBeforeALNS":0,"nInitialNotServicedFixedRequests":[2,1,2,2,2],"averageNotServicedExpectedRequests":[13.0,11.0,15.0,14.0,13.0],"ALNSIterations":[1895,2026,1624,1712,1770],"runId":["Run 1","Run 2","Run 3","Run 4","Run 5"]}