{"slackAfterALNS":0,"nInitialNotServicedExpectedRequests":[10,12,8,14,11],"averageObj":[12219.481731793878,8596.803660478952,10523.64582554916,8449.91266463615,14470.33952460991],"slackBeforeALNS":0,"nInitialNotServicedFixedRequests":[5,3,4,3,6],"averageNotServicedExpectedRequests":[13.0,17.0,16.0,15.0,16.0],"ALNSIterations":[1519,1761,1655,1977,1883],"runId":["Run 1","Run 2","Run 3","Run 4","Run 5"]}