{"slackAfterALNS":0,"nInitialNotServicedExpectedRequests":[15,12,17,12,15],"averageObj":[2891.791440841993,6301.442665557041,6737.083072332725,8473.965808095378,2596.1387315977154],"slackBeforeALNS":0,"nInitialNotServicedFixedRequests":[0,2,2,3,0],"averageNotServicedExpectedRequests":[20.0,14.0,19.0,16.0,17.0],"ALNSIterations":[1914,2324,2028,1977,2212],"runId":["Run 1","Run 2","Run 3","Run 4","Run 5"]}