{"slackAfterALNS":0,"nInitialNotServicedExpectedRequests":[9,8,13,9,7],"averageObj":[10071.791275999609,8065.635568902957,6308.4769744402865,6052.270439326429,8130.383114380531],"slackBeforeALNS":0,"nInitialNotServicedFixedRequests":[4,3,2,2,3],"averageNotServicedExpectedRequests":[11.0,11.0,13.0,11.0,12.0],"ALNSIterations":[1702,1995,1660,1816,1548],"runId":["Run 1","Run 2","Run 3","Run 4","Run 5"]}