{"slackAfterALNS":0,"nInitialNotServicedExpectedRequests":[10,14,11,9,12],"averageObj":[12312.525718862904,12231.128794802788,12313.40649896451,12028.970236715482,10229.07900289258],"slackBeforeALNS":0,"nInitialNotServicedFixedRequests":[5,5,5,5,4],"averageNotServicedExpectedRequests":[14.0,13.0,14.0,11.0,13.0],"ALNSIterations":[1867,1670,1941,2101,1607],"runId":["Run 1","Run 2","Run 3","Run 4","Run 5"]}