{"slackAfterALNS":0,"nInitialNotServicedExpectedRequests":[10,8,6,10,12],"averageObj":[4456.416049363085,4130.339322154631,4496.362187729641,2147.190615519846,2440.8617535113767],"slackBeforeALNS":0,"nInitialNotServicedFixedRequests":[1,1,1,0,0],"averageNotServicedExpectedRequests":[15.0,11.0,15.0,12.0,15.0],"ALNSIterations":[1827,2080,2069,2000,2290],"runId":["Run 1","Run 2","Run 3","Run 4","Run 5"]}