{"slackAfterALNS":0,"nInitialNotServicedExpectedRequests":[5,8,7,8,9],"averageObj":[8002.6398078962175,7996.877193096036,7764.962131984086,12071.476488715674,8094.626332746537],"slackBeforeALNS":0,"nInitialNotServicedFixedRequests":[3,3,3,5,3],"averageNotServicedExpectedRequests":[11.0,11.0,8.0,12.0,12.0],"ALNSIterations":[1894,1928,2060,2184,2059],"runId":["Run 1","Run 2","Run 3","Run 4","Run 5"]}