{"slackAfterALNS":0,"nInitialNotServicedExpectedRequests":[10,10,11,9,9],"averageObj":[2141.921083056551,4376.192984094734,2187.2906333909805,4319.872367334182,6270.678433884533],"slackBeforeALNS":0,"nInitialNotServicedFixedRequests":[0,1,0,1,2],"averageNotServicedExpectedRequests":[12.0,14.0,12.0,14.0,13.0],"ALNSIterations":[1827,1981,2306,2103,2295],"runId":["Run 1","Run 2","Run 3","Run 4","Run 5"]}