id,start_of_availability,end_of_availability,maximum_ride_time,capacity_walking,depot_latitude,depot_longitude
1,600,960,950,4,60.1764,11.0775
2,1080,1440,1422,4,60.020799999999994,10.826500000000001
3,840,1200,1186,4,59.398399999999995,10.826500000000001
4,840,1200,1186,4,60.1764,11.0775
5,360,720,714,4,59.554,11.3285
