{"slackAfterALNS":0,"nInitialNotServicedExpectedRequests":[32,37,38,34,26],"averageObj":[9962.300579662142,9797.489073153598,8910.410576121849,9438.104498956412,8416.787824118395],"slackBeforeALNS":0,"nInitialNotServicedFixedRequests":[0,0,0,0,0],"averageNotServicedExpectedRequests":[51.0,49.0,39.0,46.0,33.0],"ALNSIterations":[888,718,656,663,675],"runId":["Run 1","Run 2","Run 3","Run 4","Run 5"]}