{"slackAfterALNS":0,"nInitialNotServicedExpectedRequests":[44,32,39,38,42],"averageObj":[9652.926288646338,9015.12422374985,9095.3327866936,9104.030397942053,9321.374937068349],"slackBeforeALNS":0,"nInitialNotServicedFixedRequests":[0,0,0,0,0],"averageNotServicedExpectedRequests":[48.0,40.0,42.0,41.0,43.0],"ALNSIterations":[705,720,652,645,660],"runId":["Run 1","Run 2","Run 3","Run 4","Run 5"]}