{"slackAfterALNS":0,"nInitialNotServicedExpectedRequests":[47,46,43,45,40],"averageObj":[11094.733717529336,12303.977202253955,12227.227451325994,12090.22046191374,13298.96183025399],"slackBeforeALNS":0,"nInitialNotServicedFixedRequests":[1,1,1,1,2],"averageNotServicedExpectedRequests":[41.0,55.0,54.0,53.0,45.0],"ALNSIterations":[936,948,919,923,920],"runId":["Run 1","Run 2","Run 3","Run 4","Run 5"]}