{"slackAfterALNS":0,"nInitialNotServicedExpectedRequests":[17,12,25,15,19],"averageObj":[6018.699345763253,5829.2624894796745,6462.990831776908,5820.390118883774,5748.478514782064],"slackBeforeALNS":0,"nInitialNotServicedFixedRequests":[0,0,0,0,0],"averageNotServicedExpectedRequests":[30.4,28.6,36.2,28.1,27.5],"ALNSIterations":[4587,4975,4753,4643,4593],"runId":["Run 1","Run 2","Run 3","Run 4","Run 5"]}