{"slackAfterALNS":0,"nInitialNotServicedExpectedRequests":[39,37,54,46,44,33,44,45,37,48],"averageObj":[12086.694585737232,12830.666419912708,12734.5703325804,13184.361750645607,12326.899096455407,12501.03370840546,12898.272497352827,12103.110850852776,12148.975890641837,12911.981570245927],"slackBeforeALNS":0,"nInitialNotServicedFixedRequests":[0,0,0,0,0,0,0,0,0,0],"averageNotServicedExpectedRequests":[73.5,80.9,81.0,85.8,75.1,78.0,82.0,73.6,74.4,82.7],"runId":["Run 1","Run 2","Run 3","Run 4","Run 5","Run 6","Run 7","Run 8","Run 9","Run 10"]}