{"slackAfterALNS":0,"nInitialNotServicedExpectedRequests":[42,40,40,57,47,46,35,45,39,42],"averageObj":[14552.305340637988,14332.52212184753,14026.04310349536,14081.575275278607,14084.076317347051,14380.710725377183,16047.343119067446,14819.12748208408,14138.010716183058,15141.437704145947],"slackBeforeALNS":0,"nInitialNotServicedFixedRequests":[1,1,1,1,1,1,2,1,1,1],"averageNotServicedExpectedRequests":[79.4,76.2,73.4,73.1,73.5,77.3,73.3,82.3,74.4,85.6],"runId":["Run 1","Run 2","Run 3","Run 4","Run 5","Run 6","Run 7","Run 8","Run 9","Run 10"]}