{"slackAfterALNS":0,"nInitialNotServicedExpectedRequests":[47,50,48,42,57,45,53,39,50,45],"averageObj":[14552.215540793404,14297.357580147374,14115.313988060661,14357.394808545363,14865.24907992086,13991.238771136996,14972.793900090293,14782.189771565467,13635.070223890856,14610.092230637729],"slackBeforeALNS":0,"nInitialNotServicedFixedRequests":[1,1,1,1,1,1,1,1,1,1],"averageNotServicedExpectedRequests":[77.9,75.3,73.1,75.0,82.9,72.2,82.3,80.7,67.9,78.4],"runId":["Run 1","Run 2","Run 3","Run 4","Run 5","Run 6","Run 7","Run 8","Run 9","Run 10"]}