{"slackAfterALNS":0,"nInitialNotServicedExpectedRequests":[46,47,44,44,49,45,50,46,45,42],"averageObj":[12092.666565136271,12846.121833035453,13229.65741524022,12554.25664039057,12409.624582599712,12686.707833137874,12251.473371084694,12237.164501843446,12538.16337856822,12107.002406321399],"slackBeforeALNS":0,"nInitialNotServicedFixedRequests":[0,0,0,0,0,0,0,0,0,0],"averageNotServicedExpectedRequests":[73.0,81.6,86.2,78.8,77.3,80.3,73.9,74.4,79.2,73.6],"runId":["Run 1","Run 2","Run 3","Run 4","Run 5","Run 6","Run 7","Run 8","Run 9","Run 10"]}