{"slackAfterALNS":0,"nInitialNotServicedExpectedRequests":[36,42,30,34,29,44,41,40,46,38],"averageObj":[11943.372412754436,12059.026483499327,12028.345107751353,12335.92152894798,12323.559658970098,12062.843954605614,12079.2731634617,12164.542967180936,12162.929288078512,12168.599072631467],"slackBeforeALNS":0,"nInitialNotServicedFixedRequests":[0,0,0,0,0,0,0,0,0,0],"averageNotServicedExpectedRequests":[71.6,72.7,72.0,75.6,76.0,72.6,72.7,73.9,74.4,73.6],"runId":["Run 1","Run 2","Run 3","Run 4","Run 5","Run 6","Run 7","Run 8","Run 9","Run 10"]}