{"slackAfterALNS":0,"nInitialNotServicedExpectedRequests":[51,41,44,43,43,56,41,54,58,57],"averageObj":[12680.10202833083,12404.913180329026,12638.988348452136,12804.468738345739,12716.12405867938,13475.75940659623,12130.3713919884,12791.54826684867,12512.182928877908,12499.955418641308],"slackBeforeALNS":0,"nInitialNotServicedFixedRequests":[0,0,0,0,0,0,0,0,0,0],"averageNotServicedExpectedRequests":[80.8,76.7,80.5,81.9,81.9,89.1,74.8,81.9,78.6,78.1],"runId":["Run 1","Run 2","Run 3","Run 4","Run 5","Run 6","Run 7","Run 8","Run 9","Run 10"]}