{"slackAfterALNS":0,"nInitialNotServicedExpectedRequests":[46,48,36,37,33,54,37,44,44,54],"averageObj":[14735.905031584296,14977.577543545329,14872.503811996514,14252.651924083057,14178.675938863908,14779.208498374504,14569.904606481863,14745.076042260625,14636.78203177093,15192.753766746278],"slackBeforeALNS":0,"nInitialNotServicedFixedRequests":[1,1,1,1,1,1,1,1,1,1],"averageNotServicedExpectedRequests":[79.7,82.7,80.9,75.0,73.6,79.6,78.2,81.2,79.1,85.6],"runId":["Run 1","Run 2","Run 3","Run 4","Run 5","Run 6","Run 7","Run 8","Run 9","Run 10"]}