{"slackAfterALNS":0,"nInitialNotServicedExpectedRequests":[47,56,45,40,37,44,51,46,38,52],"averageObj":[13080.108200214012,13907.723715727163,12972.716378977722,13080.195484193868,12420.082372843299,12382.410506134838,12754.63392967368,13182.368252754048,12834.509206693609,13036.624618541357],"slackBeforeALNS":0,"nInitialNotServicedFixedRequests":[0,0,0,0,0,0,0,0,0,0],"averageNotServicedExpectedRequests":[84.7,93.6,84.1,84.3,77.3,76.5,80.3,85.9,81.6,84.0],"runId":["Run 1","Run 2","Run 3","Run 4","Run 5","Run 6","Run 7","Run 8","Run 9","Run 10"]}