{"slackAfterALNS":0,"nInitialNotServicedExpectedRequests":[61,33,31,42,50,54,52,45,39,40],"averageObj":[13100.357709047985,13036.245720061608,13089.256667805028,14548.234300020387,12254.611070263092,12922.577620493228,14306.007127334622,14721.618815269914,12279.883581831582,14743.910933961388],"slackBeforeALNS":0,"nInitialNotServicedFixedRequests":[0,0,0,1,0,0,1,1,0,1],"averageNotServicedExpectedRequests":[85.2,84.7,85.1,79.7,76.4,83.7,74.3,81.4,76.1,81.3],"runId":["Run 1","Run 2","Run 3","Run 4","Run 5","Run 6","Run 7","Run 8","Run 9","Run 10"]}