{"slackAfterALNS":0,"nInitialNotServicedExpectedRequests":[33,35,33,47,34,37,35,49,42,41],"averageObj":[12016.63965894846,13157.5478713099,12156.417491804496,12308.387139562004,12550.714158203333,12492.745944434031,12670.832232056757,12003.733030631707,12155.391410041831,12628.769415275236],"slackBeforeALNS":0,"nInitialNotServicedFixedRequests":[0,0,0,0,0,0,0,0,0,0],"averageNotServicedExpectedRequests":[73.1,86.3,74.6,77.0,78.6,78.9,79.9,72.4,75.0,81.0],"runId":["Run 1","Run 2","Run 3","Run 4","Run 5","Run 6","Run 7","Run 8","Run 9","Run 10"]}