{"slackAfterALNS":0,"nInitialNotServicedExpectedRequests":[24,20,26,16,24],"averageObj":[6753.748042547539,6197.798497576083,6413.910256362708,5917.358246898422,6355.333381816852],"slackBeforeALNS":0,"nInitialNotServicedFixedRequests":[0,0,0,0,0],"averageNotServicedExpectedRequests":[37.5,31.3,35.1,29.0,34.8],"ALNSIterations":[4457,4864,4379,4581,4770],"runId":["Run 1","Run 2","Run 3","Run 4","Run 5"]}