{"slackAfterALNS":0,"nInitialNotServicedExpectedRequests":[15,15,14,8,19],"averageObj":[5517.519906065613,5943.590775189403,5947.740987819835,5341.502791290067,5421.776172691729],"slackBeforeALNS":0,"nInitialNotServicedFixedRequests":[0,0,0,0,0],"averageNotServicedExpectedRequests":[24.2,29.4,29.6,22.3,23.6],"ALNSIterations":[3974,3889,4093,3915,4112],"runId":["Run 1","Run 2","Run 3","Run 4","Run 5"]}