{"slackAfterALNS":0,"nInitialNotServicedExpectedRequests":[16,13,19,17,20],"averageObj":[6187.775930541056,6092.264168634614,6285.563846795967,5618.744161808701,6000.223011366221],"slackBeforeALNS":0,"nInitialNotServicedFixedRequests":[0,0,0,0,0],"averageNotServicedExpectedRequests":[31.5,30.6,32.9,25.9,28.9],"ALNSIterations":[4502,5032,4635,4838,4632],"runId":["Run 1","Run 2","Run 3","Run 4","Run 5"]}