{"slackAfterALNS":0,"nInitialNotServicedExpectedRequests":[11,12,23,27,27],"averageObj":[5704.03130082417,5451.610235393047,5849.557201553302,6191.082857467123,6387.705399042616],"slackBeforeALNS":0,"nInitialNotServicedFixedRequests":[0,0,0,0,0],"averageNotServicedExpectedRequests":[26.8,24.7,28.8,32.5,34.1],"ALNSIterations":[4904,5239,5098,4888,4302],"runId":["Run 1","Run 2","Run 3","Run 4","Run 5"]}