{"slackAfterALNS":0,"nInitialNotServicedExpectedRequests":[18,23,29,20,19],"averageObj":[6145.256097096611,6072.374748899191,6433.830099501839,6403.222749246819,6158.68809789684],"slackBeforeALNS":0,"nInitialNotServicedFixedRequests":[0,0,0,0,0],"averageNotServicedExpectedRequests":[32.4,31.6,35.7,35.5,32.2],"ALNSIterations":[5129,4656,5187,5088,5538],"runId":["Run 1","Run 2","Run 3","Run 4","Run 5"]}