{"slackAfterALNS":0,"nInitialNotServicedExpectedRequests":[16,29,17,18,21],"averageObj":[6223.078664562445,5985.695770165419,6709.395273168023,5992.486459784442,6592.282820079757],"slackBeforeALNS":0,"nInitialNotServicedFixedRequests":[0,0,0,0,0],"averageNotServicedExpectedRequests":[32.1,29.7,37.6,29.3,36.2],"ALNSIterations":[5081,4769,4987,4130,4436],"runId":["Run 1","Run 2","Run 3","Run 4","Run 5"]}