{"slackAfterALNS":0,"nInitialNotServicedExpectedRequests":[16,19,24,20,12],"averageObj":[6151.484654261863,6187.242530265904,5818.497615196847,5842.421313459798,5665.323356529019],"slackBeforeALNS":0,"nInitialNotServicedFixedRequests":[0,0,0,0,0],"averageNotServicedExpectedRequests":[31.1,32.2,27.6,27.8,26.0],"ALNSIterations":[4647,4544,4214,4954,4688],"runId":["Run 1","Run 2","Run 3","Run 4","Run 5"]}