{"slackAfterALNS":0,"nInitialNotServicedExpectedRequests":[20,20,18,14,20],"averageObj":[6174.176598696364,6282.0412198725835,6359.8527254452365,6126.11300000124,5834.568499456682],"slackBeforeALNS":0,"nInitialNotServicedFixedRequests":[0,0,0,0,0],"averageNotServicedExpectedRequests":[32.0,32.9,33.9,31.4,28.6],"ALNSIterations":[4449,4039,4020,4727,4954],"runId":["Run 1","Run 2","Run 3","Run 4","Run 5"]}