{"slackAfterALNS":0,"nInitialNotServicedExpectedRequests":[21,20,17,20,23],"averageObj":[6064.455776829997,6212.620093215425,6053.912050491148,5867.478029447394,6091.53625599563],"slackBeforeALNS":0,"nInitialNotServicedFixedRequests":[0,0,0,0,0],"averageNotServicedExpectedRequests":[31.2,32.5,30.3,28.6,31.6],"ALNSIterations":[4378,4937,5242,5167,4866],"runId":["Run 1","Run 2","Run 3","Run 4","Run 5"]}