{"slackAfterALNS":0,"nInitialNotServicedExpectedRequests":[12,15,21,19,19],"averageObj":[5568.875316268619,5018.987642354027,5488.379133392647,6423.764188017952,5911.6958363623635],"slackBeforeALNS":0,"nInitialNotServicedFixedRequests":[0,0,0,0,0],"averageNotServicedExpectedRequests":[26.0,19.0,24.0,35.0,29.0],"ALNSIterations":[5251,5232,4818,5613,5484],"runId":["Run 1","Run 2","Run 3","Run 4","Run 5"]}