{"slackAfterALNS":0,"nInitialNotServicedExpectedRequests":[26,26,22,25,26],"averageObj":[6978.64940058966,6147.882298913492,5673.133498454814,6447.074821916872,6127.671529398134],"slackBeforeALNS":0,"nInitialNotServicedFixedRequests":[0,0,0,0,0],"averageNotServicedExpectedRequests":[42.0,33.0,27.0,34.0,32.0],"ALNSIterations":[4349,4752,5528,3973,5046],"runId":["Run 1","Run 2","Run 3","Run 4","Run 5"]}