{"slackAfterALNS":0,"nInitialNotServicedExpectedRequests":[4,4,3,3,4,1,3,2,2,3],"averageObj":[756.373561492935,609.952053518725,802.9908562899298,704.5712142079502,759.256166449646,751.2104628310401,703.10761431566,689.42318411768,718.7068810084771,798.3543902918542],"slackBeforeALNS":0,"nInitialNotServicedFixedRequests":[0,0,0,0,0,0,0,0,0,0],"averageNotServicedExpectedRequests":[5.4,4.0,6.2,5.0,5.5,5.6,5.0,4.8,5.2,6.0],"runId":["Run 1","Run 2","Run 3","Run 4","Run 5","Run 6","Run 7","Run 8","Run 9","Run 10"]}