{"slackAfterALNS":0,"nInitialNotServicedExpectedRequests":[4,2,3,3,1,3,2,3,2,3],"averageObj":[4717.191338095737,4631.99651225586,4575.637893801405,4632.954210283346,4655.053418755386,4622.84737608598,4634.1734939864655,4555.847402597403,4683.428949843328,4657.919642857143],"slackBeforeALNS":0,"nInitialNotServicedFixedRequests":[2,2,2,2,2,2,2,2,2,2],"averageNotServicedExpectedRequests":[5.5,4.5,3.9,4.4,4.8,4.4,4.5,3.7,5.1,4.8],"runId":["Run 1","Run 2","Run 3","Run 4","Run 5","Run 6","Run 7","Run 8","Run 9","Run 10"]}