{"slackAfterALNS":0,"nInitialNotServicedExpectedRequests":[3,4,1,2,2,2,3,2,4,4],"averageObj":[2623.036558482486,2626.494192336174,2630.98739505735,2711.94146740142,2541.362426614578,2694.556741180681,2685.0977601683144,2652.060484955296,2677.333550724638,2696.587640017743],"slackBeforeALNS":0,"nInitialNotServicedFixedRequests":[1,1,1,1,1,1,1,1,1,1],"averageNotServicedExpectedRequests":[4.3,4.3,4.4,5.1,3.3,5.1,5.0,4.6,4.9,5.1],"runId":["Run 1","Run 2","Run 3","Run 4","Run 5","Run 6","Run 7","Run 8","Run 9","Run 10"]}