{"slackAfterALNS":0,"nInitialNotServicedExpectedRequests":[7,3,5,1,4,7,6,6,2,7],"averageObj":[827.6478835978836,837.3009096358852,760.1595287077872,858.5941759310426,837.6616234076779,898.778899090997,774.749287749288,847.4999774763706,788.8747591186955,897.1652046783627],"slackBeforeALNS":0,"nInitialNotServicedFixedRequests":[0,0,0,0,0,0,0,0,0,0],"averageNotServicedExpectedRequests":[6.4,6.5,5.5,6.6,6.3,7.1,5.8,6.5,5.9,7.1],"runId":["Run 1","Run 2","Run 3","Run 4","Run 5","Run 6","Run 7","Run 8","Run 9","Run 10"]}