{"slackAfterALNS":0,"nInitialNotServicedExpectedRequests":[3,1,3,4,5,4,2,3,2,4],"averageObj":[2743.7337240159222,2736.447648529364,2640.197475217049,2804.414794885643,2740.6926393278745,2699.69041414518,2819.5910341519325,2797.142056758087,2785.999286987523,2727.8612745098044],"slackBeforeALNS":0,"nInitialNotServicedFixedRequests":[1,1,1,1,1,1,1,1,1,1],"averageNotServicedExpectedRequests":[5.5,5.3,4.4,6.1,5.6,5.1,6.3,6.0,6.0,5.5],"runId":["Run 1","Run 2","Run 3","Run 4","Run 5","Run 6","Run 7","Run 8","Run 9","Run 10"]}