{"slackAfterALNS":0,"nInitialNotServicedExpectedRequests":[6,4,3,6,4,8,2,5,4,7],"averageObj":[2736.9497459722365,2793.462703148832,2874.1980381067174,2733.71194255805,2731.913081566355,2768.0890870083385,2818.739433542136,2735.5357690555174,2816.5507572538236,2821.0485814668473],"slackBeforeALNS":0,"nInitialNotServicedFixedRequests":[1,1,1,1,1,1,1,1,1,1],"averageNotServicedExpectedRequests":[5.5,5.9,6.8,5.4,5.2,5.9,6.2,5.5,6.3,6.4],"runId":["Run 1","Run 2","Run 3","Run 4","Run 5","Run 6","Run 7","Run 8","Run 9","Run 10"]}