{"slackAfterALNS":0,"nInitialNotServicedExpectedRequests":[4,2,4,5,3,3,0,6,4,5],"averageObj":[2696.781358959438,2658.5241660635884,2695.5740302132494,2636.69544785356,2583.7207328748023,2701.6349885647214,2624.6992433857476,2675.564151287309,2695.749312425163,2667.724528613623],"slackBeforeALNS":0,"nInitialNotServicedFixedRequests":[1,1,1,1,1,1,1,1,1,1],"averageNotServicedExpectedRequests":[5.0,4.6,5.0,4.3,3.8,5.2,4.1,4.9,5.1,4.8],"runId":["Run 1","Run 2","Run 3","Run 4","Run 5","Run 6","Run 7","Run 8","Run 9","Run 10"]}