{"slackAfterALNS":0,"nInitialNotServicedExpectedRequests":[12,14,14,17,14],"averageObj":[5839.9669385616635,5630.199390127593,5625.823547452522,5841.006329377451,5901.428671164713],"slackBeforeALNS":0,"nInitialNotServicedFixedRequests":[0,0,0,0,0],"averageNotServicedExpectedRequests":[27.4,26.0,26.2,27.3,28.5],"ALNSIterations":[3183,4401,3479,4506,3102],"runId":["Run 1","Run 2","Run 3","Run 4","Run 5"]}