{"slackAfterALNS":0,"nInitialNotServicedExpectedRequests":[22,18,21,16,20],"averageObj":[5918.252593987914,6299.83998131922,6432.564754203471,5788.432753334715,6104.419790519028],"slackBeforeALNS":0,"nInitialNotServicedFixedRequests":[0,0,0,0,0],"averageNotServicedExpectedRequests":[29.5,33.3,34.3,26.7,31.4],"ALNSIterations":[4440,4419,4294,4406,4731],"runId":["Run 1","Run 2","Run 3","Run 4","Run 5"]}