{"slackAfterALNS":0,"nInitialNotServicedExpectedRequests":[22,20,22,21,28],"averageObj":[6039.026964896074,6027.130203222294,6465.891130729783,6215.496027539098,6326.988999048367],"slackBeforeALNS":0,"nInitialNotServicedFixedRequests":[0,0,0,0,0],"averageNotServicedExpectedRequests":[31.0,30.6,35.6,33.1,33.5],"ALNSIterations":[3505,3444,3788,3500,2974],"runId":["Run 1","Run 2","Run 3","Run 4","Run 5"]}