{"slackAfterALNS":0,"nInitialNotServicedExpectedRequests":[23,19,19,29,29],"averageObj":[6629.698263053235,6181.645500893049,6241.8349469865225,7113.883210076546,6251.891438929044],"slackBeforeALNS":0,"nInitialNotServicedFixedRequests":[0,0,0,0,0],"averageNotServicedExpectedRequests":[36.8,31.4,33.4,42.7,32.3],"ALNSIterations":[4272,4477,4266,4361,3686],"runId":["Run 1","Run 2","Run 3","Run 4","Run 5"]}