{"slackAfterALNS":0,"nInitialNotServicedExpectedRequests":[19,15,15,18,13],"averageObj":[6038.368170496656,5575.351174373817,5887.8414392854775,5617.404999274933,5962.524442496168],"slackBeforeALNS":0,"nInitialNotServicedFixedRequests":[0,0,0,0,0],"averageNotServicedExpectedRequests":[31.3,26.4,29.8,26.3,30.0],"ALNSIterations":[4028,4541,4489,4378,4319],"runId":["Run 1","Run 2","Run 3","Run 4","Run 5"]}