{"slackAfterALNS":0,"nInitialNotServicedExpectedRequests":[18,16,15,20,18],"averageObj":[6050.390268887004,6003.555459442148,5746.622850159246,6204.049238778169,5732.0387646536055],"slackBeforeALNS":0,"nInitialNotServicedFixedRequests":[0,0,0,0,0],"averageNotServicedExpectedRequests":[30.1,29.7,26.1,31.2,26.6],"ALNSIterations":[4062,4392,4575,3780,4598],"runId":["Run 1","Run 2","Run 3","Run 4","Run 5"]}