{"slackAfterALNS":0,"nInitialNotServicedExpectedRequests":[0,0,0,2,1,1,1,2,0,2],"averageObj":[1701.253408127453,1603.8522075900219,1550.0528543485098,1655.5776433915526,1430.6210907664274,1426.3022898712838,1473.3911161711596,1488.780396634389,1682.4307960708843,1560.4952192237301],"slackBeforeALNS":0,"nInitialNotServicedFixedRequests":[0,0,0,0,0,0,0,0,0,0],"averageNotServicedExpectedRequests":[7.5,6.5,5.9,6.9,4.6,4.5,5.0,5.2,7.3,6.0],"runId":["Run 1","Run 2","Run 3","Run 4","Run 5","Run 6","Run 7","Run 8","Run 9","Run 10"]}