{"slackAfterALNS":0,"nInitialNotServicedExpectedRequests":[0,0,0,0,0,0,0,2,0,0],"averageObj":[1393.992542859977,1452.8489187583004,1310.5456947340367,1454.853452616335,1359.6109442574825,1422.6254149291403,1616.318239433334,1311.3929202181396,1433.4806955503493,1449.0882789086545],"slackBeforeALNS":0,"nInitialNotServicedFixedRequests":[0,0,0,0,0,0,0,0,0,0],"averageNotServicedExpectedRequests":[4.1,4.8,3.2,4.8,3.7,4.4,6.6,3.2,4.6,4.8],"runId":["Run 1","Run 2","Run 3","Run 4","Run 5","Run 6","Run 7","Run 8","Run 9","Run 10"]}