{"slackAfterALNS":0,"nInitialNotServicedExpectedRequests":[1,0,0,0,1,1,1,4,0,0],"averageObj":[1471.919381373186,1685.1661156068308,1464.1238558934178,1711.4875861087985,1564.7973627017177,1696.44961424066,1718.9391860883813,1528.4567232943787,1737.8881247989932,1454.7615093403383],"slackBeforeALNS":0,"nInitialNotServicedFixedRequests":[0,0,0,0,0,0,0,0,0,0],"averageNotServicedExpectedRequests":[4.9,7.0,4.8,7.6,6.0,7.5,7.5,5.7,7.9,4.7],"runId":["Run 1","Run 2","Run 3","Run 4","Run 5","Run 6","Run 7","Run 8","Run 9","Run 10"]}