{"slackAfterALNS":0,"nInitialNotServicedExpectedRequests":[0,1,0,0,1,0,1,0,0,0],"averageObj":[1483.548933337528,1652.3488965808126,1470.5562645850023,1653.7734890708605,1359.0941274094705,1374.3835590202536,1504.31058601828,1534.5932166024263,1659.2726793581885,1410.6769277521485],"slackBeforeALNS":0,"nInitialNotServicedFixedRequests":[0,0,0,0,0,0,0,0,0,0],"averageNotServicedExpectedRequests":[5.1,7.0,5.0,7.1,3.8,4.0,5.4,5.6,7.1,4.4],"runId":["Run 1","Run 2","Run 3","Run 4","Run 5","Run 6","Run 7","Run 8","Run 9","Run 10"]}