{"slackAfterALNS":0,"nInitialNotServicedExpectedRequests":[9,10,7,10,6],"averageObj":[8446.532047515233,6493.3848332929465,8622.315614542511,4725.2025439740555,4654.2439158065],"slackBeforeALNS":0,"nInitialNotServicedFixedRequests":[3,2,3,1,1],"averageNotServicedExpectedRequests":[15.7,16.1,17.4,18.2,17.4],"ALNSIterations":[22783,39015,34616,33168,29464],"runId":["Run 1","Run 2","Run 3","Run 4","Run 5"]}