{"slackAfterALNS":0,"nInitialNotServicedExpectedRequests":[10,7,7,15,13],"averageObj":[2961.0323053319844,4688.660243353765,4724.25076770351,6657.820524718321,6435.021744554207],"slackBeforeALNS":0,"nInitialNotServicedFixedRequests":[0,1,1,2,2],"averageNotServicedExpectedRequests":[19.9,17.7,18.2,17.7,15.1],"ALNSIterations":[32332,35763,35724,27517,35308],"runId":["Run 1","Run 2","Run 3","Run 4","Run 5"]}