{"slackAfterALNS":0,"nInitialNotServicedExpectedRequests":[7,6,7,7,12],"averageObj":[2896.4585429718013,2601.211408105892,4622.667638955541,2438.061472478689,2662.3719967036313],"slackBeforeALNS":0,"nInitialNotServicedFixedRequests":[0,0,1,0,0],"averageNotServicedExpectedRequests":[20.0,16.9,16.4,15.0,17.4],"ALNSIterations":[35417,33351,38456,31575,34838],"runId":["Run 1","Run 2","Run 3","Run 4","Run 5"]}