{"slackAfterALNS":0,"nInitialNotServicedExpectedRequests":[1,14,10,8,5],"averageObj":[2475.633138056694,2642.9198201179474,4343.760200268841,2330.628532911973,4399.3408270108575],"slackBeforeALNS":0,"nInitialNotServicedFixedRequests":[0,0,1,0,1],"averageNotServicedExpectedRequests":[15.0,16.9,13.7,13.5,14.8],"ALNSIterations":[35631,39311,30860,38247,38584],"runId":["Run 1","Run 2","Run 3","Run 4","Run 5"]}