{"slackAfterALNS":0,"nInitialNotServicedExpectedRequests":[3,6,4,7,9],"averageObj":[4436.328328148737,2393.1697402113073,2367.202323284336,2374.15185152063,2550.6004813827467],"slackBeforeALNS":0,"nInitialNotServicedFixedRequests":[1,0,0,0,0],"averageNotServicedExpectedRequests":[14.9,14.5,14.6,14.1,16.0],"ALNSIterations":[36711,32173,36653,37611,38756],"runId":["Run 1","Run 2","Run 3","Run 4","Run 5"]}