{"slackAfterALNS":0,"nInitialNotServicedExpectedRequests":[4,7,6,9,10],"averageObj":[2328.2147127116496,2489.4542842012274,2589.2445873840684,2545.8837161549363,2413.028312096086],"slackBeforeALNS":0,"nInitialNotServicedFixedRequests":[0,0,0,0,0],"averageNotServicedExpectedRequests":[13.5,15.7,16.6,16.2,14.8],"ALNSIterations":[35363,34992,40229,39453,37310],"runId":["Run 1","Run 2","Run 3","Run 4","Run 5"]}