{"slackAfterALNS":0,"nInitialNotServicedExpectedRequests":[150,146,138,147,135,130,134,133,138,128],"averageObj":[21521.758022609873,23039.39150113762,24897.220511423977,25585.608811553753,23984.258502622055,24186.383991562645,22704.081945238846,20363.011595385502,22185.865273723004,24871.86109170052],"slackBeforeALNS":0,"nInitialNotServicedFixedRequests":[0,1,2,2,2,2,1,0,1,2],"averageNotServicedExpectedRequests":[166.2,160.9,158.4,167.0,148.6,150.5,156.3,151.8,149.4,157.5],"runId":["Run 1","Run 2","Run 3","Run 4","Run 5","Run 6","Run 7","Run 8","Run 9","Run 10"]}