{"slackAfterALNS":0,"nInitialNotServicedExpectedRequests":[139,139,127,152,111,129,140,129,125,144],"averageObj":[27959.330881638005,23492.4366077629,23613.18161280969,23250.74057220396,25236.060399949696,24246.275671353294,25894.29340333335,26142.013161266696,23562.585001943506,24661.448897962335],"slackBeforeALNS":0,"nInitialNotServicedFixedRequests":[4,2,2,1,3,2,3,3,2,2],"averageNotServicedExpectedRequests":[148.3,142.1,143.9,162.8,139.9,150.1,147.2,149.5,141.7,155.0],"runId":["Run 1","Run 2","Run 3","Run 4","Run 5","Run 6","Run 7","Run 8","Run 9","Run 10"]}