{"slackAfterALNS":0,"nInitialNotServicedExpectedRequests":[153,152,122,126,149,114,158,138,155,135],"averageObj":[25001.8387219747,23472.08820951837,23459.029832486296,23259.694463163767,23269.327752492194,26384.728083789458,23257.601617388107,23105.018598470622,23854.845099591228,24786.139759093367],"slackBeforeALNS":0,"nInitialNotServicedFixedRequests":[2,1,2,2,1,3,1,1,1,2],"averageNotServicedExpectedRequests":[160.8,162.7,140.8,139.0,162.2,152.0,163.7,161.0,169.2,154.7],"runId":["Run 1","Run 2","Run 3","Run 4","Run 5","Run 6","Run 7","Run 8","Run 9","Run 10"]}