{"slackAfterALNS":0,"nInitialNotServicedExpectedRequests":[147,134,145,136,117,139,148,114,151,141],"averageObj":[24463.689572087133,22956.059477594797,24823.732089653906,24303.94533005394,26415.403500376015,23334.465931014216,23621.022425934636,24420.151113753658,23320.587428562016,22816.854411544133],"slackBeforeALNS":0,"nInitialNotServicedFixedRequests":[2,1,2,2,3,1,1,2,1,1],"averageNotServicedExpectedRequests":[153.8,158.9,157.9,151.9,154.6,163.4,167.9,153.5,163.2,157.7],"runId":["Run 1","Run 2","Run 3","Run 4","Run 5","Run 6","Run 7","Run 8","Run 9","Run 10"]}