{"slackAfterALNS":0,"nInitialNotServicedExpectedRequests":[147,131,130,120,159,142,144,130,152,132],"averageObj":[20885.037325283087,22659.24944540683,21880.471576475524,22033.863845239037,21964.95892079763,20768.58902316115,21582.803728817897,22513.070651451242,23254.97891276953,20283.24479057092],"slackBeforeALNS":0,"nInitialNotServicedFixedRequests":[0,1,1,1,0,0,0,1,1,0],"averageNotServicedExpectedRequests":[159.3,157.4,148.1,150.0,172.4,158.8,167.5,156.1,162.9,152.8],"runId":["Run 1","Run 2","Run 3","Run 4","Run 5","Run 6","Run 7","Run 8","Run 9","Run 10"]}