{"slackAfterALNS":0,"nInitialNotServicedExpectedRequests":[139,146,139,125,132,136,144,127,121,139],"averageObj":[22052.344233685642,22302.711879884413,22770.446195541466,24457.9612924415,22287.753174239846,24559.644994996495,23554.6362006494,23857.273461944707,21594.17952201582,21767.865389502665],"slackBeforeALNS":0,"nInitialNotServicedFixedRequests":[1,1,1,2,1,2,2,2,1,1],"averageNotServicedExpectedRequests":[149.8,151.7,157.1,152.9,151.0,154.7,144.0,146.9,143.9,146.3],"runId":["Run 1","Run 2","Run 3","Run 4","Run 5","Run 6","Run 7","Run 8","Run 9","Run 10"]}