{"slackAfterALNS":0,"nInitialNotServicedExpectedRequests":[146,139,141,141,131,146,155,143,160,161],"averageObj":[21248.13994745793,24317.45619162528,23112.21024000146,22409.0528876251,22387.266091897316,23088.786312897217,21561.758146241442,23576.751034153564,20634.52697448731,20699.5745740988],"slackBeforeALNS":0,"nInitialNotServicedFixedRequests":[0,2,1,1,1,1,0,1,0,0],"averageNotServicedExpectedRequests":[162.6,152.8,162.0,152.3,153.7,161.7,166.5,167.5,156.4,157.2],"runId":["Run 1","Run 2","Run 3","Run 4","Run 5","Run 6","Run 7","Run 8","Run 9","Run 10"]}