{"slackAfterALNS":0,"nInitialNotServicedExpectedRequests":[145,136,119,126,136,126,134,136,128,131],"averageObj":[22534.529217796793,24477.515137367976,23358.55848947241,23430.43623992091,22061.708941470446,24357.834941898753,24606.30033923259,24108.341590670094,23947.325293319413,25576.668212801957],"slackBeforeALNS":0,"nInitialNotServicedFixedRequests":[1,2,2,2,1,2,2,2,2,3],"averageNotServicedExpectedRequests":[156.1,154.7,142.8,143.3,149.4,153.9,156.7,150.2,148.7,145.1],"runId":["Run 1","Run 2","Run 3","Run 4","Run 5","Run 6","Run 7","Run 8","Run 9","Run 10"]}