{"slackAfterALNS":0,"nInitialNotServicedExpectedRequests":[149,140,139,145,144,135,144,141,127,130],"averageObj":[20669.662150263735,20797.23133877551,22037.916930893152,22573.7469761248,22888.500439684045,22213.57515446752,22053.496608833175,24255.904485734252,23136.917013486058,19826.416648767063],"slackBeforeALNS":0,"nInitialNotServicedFixedRequests":[0,0,1,1,1,1,1,2,2,0],"averageNotServicedExpectedRequests":[156.0,158.6,149.4,155.9,159.2,151.3,149.9,152.6,138.1,146.4],"runId":["Run 1","Run 2","Run 3","Run 4","Run 5","Run 6","Run 7","Run 8","Run 9","Run 10"]}