{"slackAfterALNS":0,"nInitialNotServicedExpectedRequests":[119,123,133,126,119,124,142,129,127,145],"averageObj":[23107.85604954984,19752.46454813664,21974.018109539276,20474.107310413947,21891.962077152428,21435.606527421824,23125.54372241324,20793.079463203736,24367.826245763503,20357.04216970916],"slackBeforeALNS":0,"nInitialNotServicedFixedRequests":[2,0,1,0,1,1,1,0,2,0],"averageNotServicedExpectedRequests":[139.4,145.8,148.9,154.4,147.7,142.5,162.2,158.4,153.5,154.0],"runId":["Run 1","Run 2","Run 3","Run 4","Run 5","Run 6","Run 7","Run 8","Run 9","Run 10"]}