{"slackAfterALNS":0,"nInitialNotServicedExpectedRequests":[12,8,2,11,2],"averageObj":[22183.648518106354,16377.290325540773,12789.910618813832,10976.036848918186,10786.87740544564],"slackBeforeALNS":0,"nInitialNotServicedFixedRequests":[7,4,2,1,1],"averageNotServicedExpectedRequests":[29.3,32.2,36.6,37.5,36.2],"ALNSIterations":[600,460,775,736,560],"runId":["Run 1","Run 2","Run 3","Run 4","Run 5"]}