{"slackAfterALNS":0,"nInitialNotServicedExpectedRequests":[14,15,17,8,14],"averageObj":[12908.796068991824,22838.755300696448,20631.15434273844,14649.434546836532,16667.636510318203],"slackBeforeALNS":0,"nInitialNotServicedFixedRequests":[2,7,6,3,4],"averageNotServicedExpectedRequests":[36.5,36.4,33.4,34.5,33.9],"ALNSIterations":[759,493,558,795,914],"runId":["Run 1","Run 2","Run 3","Run 4","Run 5"]}