{"slackAfterALNS":0,"nInitialNotServicedExpectedRequests":[9,6,4,7,10],"averageObj":[16543.571400832152,12501.623990575195,13821.972400081442,17255.493922737256,14580.1312816717],"slackBeforeALNS":0,"nInitialNotServicedFixedRequests":[4,2,3,4,3],"averageNotServicedExpectedRequests":[33.0,32.0,24.0,40.0,33.0],"ALNSIterations":[640,533,504,507,492],"runId":["Run 1","Run 2","Run 3","Run 4","Run 5"]}