{"slackAfterALNS":0,"nInitialNotServicedExpectedRequests":[44,34,30,33,35],"averageObj":[9997.433405556265,9697.336993084582,9560.73246659402,8757.017497634299,9769.083309469726],"slackBeforeALNS":0,"nInitialNotServicedFixedRequests":[0,0,0,0,0],"averageNotServicedExpectedRequests":[50.0,48.0,47.0,36.0,48.0],"ALNSIterations":[1049,1053,1047,1094,1043],"runId":["Run 1","Run 2","Run 3","Run 4","Run 5"]}