{"slackAfterALNS":0,"nInitialNotServicedExpectedRequests":[25,43,33,34,34],"averageObj":[8602.17886113642,9645.986648712558,9890.699446560046,9374.552225041294,8955.95233386543],"slackBeforeALNS":0,"nInitialNotServicedFixedRequests":[0,0,0,0,0],"averageNotServicedExpectedRequests":[34.0,46.0,50.0,45.0,38.0],"ALNSIterations":[1147,1060,1129,1058,1063],"runId":["Run 1","Run 2","Run 3","Run 4","Run 5"]}