{"slackAfterALNS":0,"nInitialNotServicedExpectedRequests":[33,33,24,34,32],"averageObj":[9403.728607326539,9156.648856809448,8621.249551489751,8564.468831500051,8978.198296244973],"slackBeforeALNS":0,"nInitialNotServicedFixedRequests":[0,0,0,0,0],"averageNotServicedExpectedRequests":[46.0,42.0,35.0,35.0,38.0],"ALNSIterations":[1153,1144,1118,1119,1116],"runId":["Run 1","Run 2","Run 3","Run 4","Run 5"]}