{"slackAfterALNS":0,"nInitialNotServicedExpectedRequests":[43,39,30,40,44],"averageObj":[9725.43655054786,9584.104962995512,9351.998607892974,10941.393927444875,9936.935581743468],"slackBeforeALNS":0,"nInitialNotServicedFixedRequests":[0,0,0,0,0],"averageNotServicedExpectedRequests":[46.0,45.0,42.0,60.0,50.0],"ALNSIterations":[1086,1094,1081,1082,1083],"runId":["Run 1","Run 2","Run 3","Run 4","Run 5"]}