{"slackAfterALNS":0,"nInitialNotServicedExpectedRequests":[38,37,37,41,39],"averageObj":[9444.532252308247,9961.201046074331,9409.553049491456,9748.720627746183,9689.676988072546],"slackBeforeALNS":0,"nInitialNotServicedFixedRequests":[0,0,0,0,0],"averageNotServicedExpectedRequests":[46.0,51.0,44.0,47.0,48.0],"ALNSIterations":[1159,1099,1086,1106,1044],"runId":["Run 1","Run 2","Run 3","Run 4","Run 5"]}