{"slackAfterALNS":0,"nInitialNotServicedExpectedRequests":[30,42,38,42,38],"averageObj":[9520.317580022465,10218.198083001744,9424.678220910482,9137.310640635087,9578.153182269874],"slackBeforeALNS":0,"nInitialNotServicedFixedRequests":[0,0,0,0,0],"averageNotServicedExpectedRequests":[46.0,52.0,43.0,41.0,46.0],"ALNSIterations":[1132,1109,1156,1127,1194],"runId":["Run 1","Run 2","Run 3","Run 4","Run 5"]}