{"slackAfterALNS":0,"nInitialNotServicedExpectedRequests":[39,47,39,43,47],"averageObj":[11654.476974205609,12084.180631263358,11868.414190213227,11841.712120532002,11822.605764746479],"slackBeforeALNS":0,"nInitialNotServicedFixedRequests":[1,1,1,1,1],"averageNotServicedExpectedRequests":[47.0,51.0,49.0,49.0,49.0],"ALNSIterations":[1268,1293,1288,1222,1255],"runId":["Run 1","Run 2","Run 3","Run 4","Run 5"]}