{"slackAfterALNS":0,"nInitialNotServicedExpectedRequests":[48,47,45,52,46],"averageObj":[9306.498362630588,10169.099613996399,9244.714691224155,9483.083027191651,9903.255225345069],"slackBeforeALNS":0,"nInitialNotServicedFixedRequests":[0,0,0,0,0],"averageNotServicedExpectedRequests":[43.0,53.0,43.0,46.0,48.0],"ALNSIterations":[1123,1111,1111,1148,1149],"runId":["Run 1","Run 2","Run 3","Run 4","Run 5"]}