{"slackAfterALNS":0,"nInitialNotServicedExpectedRequests":[5,9,4,3,6],"averageObj":[14561.820895073553,10745.524233725464,15004.319504388575,12334.38553527642,19271.777638253126],"slackBeforeALNS":0,"nInitialNotServicedFixedRequests":[3,1,3,2,5],"averageNotServicedExpectedRequests":[33.0,34.0,36.0,31.0,43.0],"ALNSIterations":[669,648,622,699,688],"runId":["Run 1","Run 2","Run 3","Run 4","Run 5"]}