{"slackAfterALNS":0,"nInitialNotServicedExpectedRequests":[2,2,2,2,2],"averageObj":[396.0296846011132,484.4387755102042,396.0296846011132,396.0296846011132,484.4387755102042],"slackBeforeALNS":0,"nInitialNotServicedFixedRequests":[0,0,0,0,0],"averageNotServicedExpectedRequests":[2.0,3.0,2.0,2.0,3.0],"ALNSIterations":[33434,22678,20144,27700,35130],"runId":["Run 1","Run 2","Run 3","Run 4","Run 5"]}