{"slackAfterALNS":0,"nInitialNotServicedExpectedRequests":[1,1,1,1,1],"averageObj":[567.0909090909091,484.06765327695564,380.0,484.06765327695564,296.9767441860466],"slackBeforeALNS":0,"nInitialNotServicedFixedRequests":[0,0,0,0,0],"averageNotServicedExpectedRequests":[4.0,3.0,2.0,3.0,1.0],"ALNSIterations":[30171,38550,37187,37812,37263],"runId":["Run 1","Run 2","Run 3","Run 4","Run 5"]}