{"slackAfterALNS":0,"nInitialNotServicedExpectedRequests":[0,0,0,0,0],"averageObj":[6288.145462836298,6188.843137254902,6198.145462836298,6288.145462836298,6198.145462836298],"slackBeforeALNS":0,"nInitialNotServicedFixedRequests":[3,3,3,3,3],"averageNotServicedExpectedRequests":[1.0,0.0,0.0,1.0,0.0],"ALNSIterations":[39827,42440,41471,40178,41804],"runId":["Run 1","Run 2","Run 3","Run 4","Run 5"]}