{"slackAfterALNS":0,"nInitialNotServicedExpectedRequests":[5,8,10,7,4],"averageObj":[5013.238981000547,6597.0553626740275,4746.163025796151,7109.034747366588,4993.036027689865],"slackBeforeALNS":0,"nInitialNotServicedFixedRequests":[0,1,0,1,0],"averageNotServicedExpectedRequests":[17.0,13.0,15.0,19.0,18.0],"ALNSIterations":[4216,4402,4262,4345,4574],"runId":["Run 1","Run 2","Run 3","Run 4","Run 5"]}