{"slackAfterALNS":0,"nInitialNotServicedExpectedRequests":[5,3,11,7,4],"averageObj":[5935.962783476001,7364.680290953265,7676.436861659463,5586.87248492897,7803.998647052062],"slackBeforeALNS":0,"nInitialNotServicedFixedRequests":[0,1,1,0,1],"averageNotServicedExpectedRequests":[28.3,21.0,25.3,22.3,26.4],"ALNSIterations":[1399,1963,1874,1627,2194],"runId":["Run 1","Run 2","Run 3","Run 4","Run 5"]}