{"slackAfterALNS":0,"nInitialNotServicedExpectedRequests":[10,15,7,11,12],"averageObj":[7115.154227608235,7595.273311296139,6630.628102281427,7293.950021955085,10989.738422135617],"slackBeforeALNS":0,"nInitialNotServicedFixedRequests":[1,1,1,1,3],"averageNotServicedExpectedRequests":[19.0,25.0,14.0,22.0,18.0],"ALNSIterations":[4066,3884,4065,3795,4284],"runId":["Run 1","Run 2","Run 3","Run 4","Run 5"]}