{"slackAfterALNS":0,"nInitialNotServicedExpectedRequests":[0,3,0,0,0,0,0,1,1,0],"averageObj":[1418.8722656743462,1397.2104106541888,1546.479796780493,1366.839075348303,1432.4160425000416,1401.3667299768222,1506.3548968612727,1440.2386688536062,1691.777470940712,1418.499793256358],"slackBeforeALNS":0,"nInitialNotServicedFixedRequests":[0,0,0,0,0,0,0,0,0,0],"averageNotServicedExpectedRequests":[4.3,4.0,5.6,3.7,4.4,4.1,5.3,4.6,7.2,4.2],"runId":["Run 1","Run 2","Run 3","Run 4","Run 5","Run 6","Run 7","Run 8","Run 9","Run 10"]}