{"slackAfterALNS":0,"nInitialNotServicedExpectedRequests":[0,0,0,1,0,1,0,2,1,0],"averageObj":[1312.078804080669,1493.8689588086754,1386.07647333839,1396.5130632791022,1384.4744064400995,1421.060688725635,1409.396302018463,1382.5253591532419,1724.5757075083388,1443.5720824701095],"slackBeforeALNS":0,"nInitialNotServicedFixedRequests":[0,0,0,0,0,0,0,0,0,0],"averageNotServicedExpectedRequests":[3.3,5.1,4.0,4.1,4.0,4.4,4.1,3.9,7.6,4.6],"runId":["Run 1","Run 2","Run 3","Run 4","Run 5","Run 6","Run 7","Run 8","Run 9","Run 10"]}