{"slackAfterALNS":0,"nInitialNotServicedExpectedRequests":[0,0,0,1,1,0,0,1,0,0],"averageObj":[1295.2544687834975,1251.1303710635507,1530.7027013893212,1298.5656510606611,1450.771342584268,1450.5673666524606,1406.9265019123166,1285.2937820017494,1651.4037400414436,1416.77910410386],"slackBeforeALNS":0,"nInitialNotServicedFixedRequests":[0,0,0,0,0,0,0,0,0,0],"averageNotServicedExpectedRequests":[3.0,2.7,5.6,3.1,4.7,4.7,4.2,3.0,6.8,4.3],"runId":["Run 1","Run 2","Run 3","Run 4","Run 5","Run 6","Run 7","Run 8","Run 9","Run 10"]}