{"slackAfterALNS":0,"nInitialNotServicedExpectedRequests":[0,1,0,0,1,2,0,0,1,0],"averageObj":[1549.2448881306946,1486.0068628582276,1252.9318319822164,1618.616022138704,1437.6786356284401,1445.9810847812373,1354.848752249818,1441.480271168602,1475.1594280846316,1493.8213296781917],"slackBeforeALNS":0,"nInitialNotServicedFixedRequests":[0,0,0,0,0,0,0,0,0,0],"averageNotServicedExpectedRequests":[5.9,5.1,2.6,6.5,4.6,4.8,3.8,4.7,5.1,5.2],"runId":["Run 1","Run 2","Run 3","Run 4","Run 5","Run 6","Run 7","Run 8","Run 9","Run 10"]}