{"slackAfterALNS":0,"nInitialNotServicedExpectedRequests":[0,0,1,0,1,0,0,0,0,1],"averageObj":[1367.159824747363,1459.5926270983668,1359.5311532863318,1369.9778598287999,1511.5173354157064,1376.9928121653104,1390.6705352074332,1430.890751327285,1388.122676699743,1555.5685896095315],"slackBeforeALNS":0,"nInitialNotServicedFixedRequests":[0,0,0,0,0,0,0,0,0,0],"averageNotServicedExpectedRequests":[3.8,4.8,3.7,3.8,5.3,4.0,4.0,4.4,4.1,5.9],"runId":["Run 1","Run 2","Run 3","Run 4","Run 5","Run 6","Run 7","Run 8","Run 9","Run 10"]}