{"slackAfterALNS":0,"nInitialNotServicedExpectedRequests":[0,2,0,3,0,0,1,2,0,3],"averageObj":[1346.1083458201008,1500.3356882144412,1606.2695261173546,1694.1797057242081,1580.418548518474,1719.1679866099032,1555.9808343768996,1734.9579914240924,1471.7677617546785,1579.0202240533727],"slackBeforeALNS":0,"nInitialNotServicedFixedRequests":[0,0,0,0,0,0,0,0,0,0],"averageNotServicedExpectedRequests":[3.5,5.4,6.3,7.3,6.0,7.7,5.8,7.8,4.8,6.0],"runId":["Run 1","Run 2","Run 3","Run 4","Run 5","Run 6","Run 7","Run 8","Run 9","Run 10"]}