{"slackAfterALNS":0,"nInitialNotServicedExpectedRequests":[0,0,2,0,0,0,0,1,0,0],"averageObj":[1418.2781748111954,1410.107557055118,1396.8468249439727,1463.497106374444,1336.727447430962,1674.8025600753128,1500.7223194419216,1413.7490773789236,1429.1601449763962,1489.0813382218025],"slackBeforeALNS":0,"nInitialNotServicedFixedRequests":[0,0,0,0,0,0,0,0,0,0],"averageNotServicedExpectedRequests":[4.5,4.2,4.2,4.8,3.4,7.1,5.3,4.3,4.5,4.9],"runId":["Run 1","Run 2","Run 3","Run 4","Run 5","Run 6","Run 7","Run 8","Run 9","Run 10"]}