{"slackAfterALNS":0,"nInitialNotServicedExpectedRequests":[0,2,1,2,1,0,0,3,6,2],"averageObj":[1451.0749739207276,1510.2817536421862,1511.7351583920401,1323.761843107097,1461.9049443977779,1472.723896203889,1455.8091128407823,1473.39882900219,1413.0892945233138,1548.1986833576927],"slackBeforeALNS":0,"nInitialNotServicedFixedRequests":[0,0,0,0,0,0,0,0,0,0],"averageNotServicedExpectedRequests":[4.7,5.2,5.2,3.1,4.9,4.9,4.7,4.8,4.1,5.7],"runId":["Run 1","Run 2","Run 3","Run 4","Run 5","Run 6","Run 7","Run 8","Run 9","Run 10"]}