{"slackAfterALNS":0,"nInitialNotServicedExpectedRequests":[0,0,0,0,1,3,1,2,0,0],"averageObj":[1560.069149749635,1423.1592975034005,1510.8794799617754,1676.7541870020536,1575.166868878082,1450.1850052895923,1476.8819847314749,1372.2211093012472,1564.9167149585408,1449.3120645258127],"slackBeforeALNS":0,"nInitialNotServicedFixedRequests":[0,0,0,0,0,0,0,0,0,0],"averageNotServicedExpectedRequests":[6.0,4.5,5.3,7.1,6.2,4.8,5.0,3.8,6.2,4.8],"runId":["Run 1","Run 2","Run 3","Run 4","Run 5","Run 6","Run 7","Run 8","Run 9","Run 10"]}