{"slackAfterALNS":0,"nInitialNotServicedExpectedRequests":[0,0,0,0,0,0,0,0,0,0],"averageObj":[1414.168272531583,1444.3849721915171,1481.979811837869,1425.7713833233367,1420.6432137765253,1533.3219604825194,1460.3055242598361,1432.4455265079348,1435.3469128407753,1422.9536843015771],"slackBeforeALNS":0,"nInitialNotServicedFixedRequests":[0,0,0,0,0,0,0,0,0,0],"averageNotServicedExpectedRequests":[4.4,4.6,5.1,4.5,4.5,5.6,4.8,4.6,4.6,4.4],"runId":["Run 1","Run 2","Run 3","Run 4","Run 5","Run 6","Run 7","Run 8","Run 9","Run 10"]}