{"slackAfterALNS":0,"nInitialNotServicedExpectedRequests":[9,10,11,9,10],"averageObj":[14810.626145508879,19036.533246116418,13613.539343776323,15276.081162873368,13938.16376016656],"slackBeforeALNS":0,"nInitialNotServicedFixedRequests":[4,6,3,4,3],"averageNotServicedExpectedRequests":[15.0,17.0,24.0,20.0,26.0],"ALNSIterations":[764,664,703,684,681],"runId":["Run 1","Run 2","Run 3","Run 4","Run 5"]}