{"slackAfterALNS":0,"nInitialNotServicedExpectedRequests":[6,1,3,4,7],"averageObj":[7822.8237686523835,9976.844845359086,10055.178289248735,9912.077604583248,8891.500958940682],"slackBeforeALNS":0,"nInitialNotServicedFixedRequests":[0,1,1,1,1],"averageNotServicedExpectedRequests":[25.0,28.0,28.0,28.0,16.0],"ALNSIterations":[721,676,697,704,679],"runId":["Run 1","Run 2","Run 3","Run 4","Run 5"]}