{"slackAfterALNS":0,"nInitialNotServicedExpectedRequests":[6,7,4,12,7],"averageObj":[9466.106279480284,11685.049983251107,14141.030471774397,7690.341516112554,11527.553663350582],"slackBeforeALNS":0,"nInitialNotServicedFixedRequests":[1,2,3,0,2],"averageNotServicedExpectedRequests":[22.0,24.0,31.0,23.0,24.0],"ALNSIterations":[750,728,654,643,745],"runId":["Run 1","Run 2","Run 3","Run 4","Run 5"]}