{"slackAfterALNS":0,"nInitialNotServicedExpectedRequests":[8,12,10,21,11],"averageObj":[17251.72461764019,20954.621261643922,15225.770870854953,23197.136844639383,20769.0001983859],"slackBeforeALNS":0,"nInitialNotServicedFixedRequests":[4,6,3,7,6],"averageNotServicedExpectedRequests":[40.2,38.6,39.4,39.3,35.3],"ALNSIterations":[1754,1462,1648,1413,1013],"runId":["Run 1","Run 2","Run 3","Run 4","Run 5"]}