{"slackAfterALNS":0,"nInitialNotServicedExpectedRequests":[7,9,10,10,4],"averageObj":[10718.969279289899,12851.458939704824,16654.71299857356,8962.425235516459,12732.490688719563],"slackBeforeALNS":0,"nInitialNotServicedFixedRequests":[1,2,4,0,2],"averageNotServicedExpectedRequests":[34.5,36.8,34.5,37.5,35.9],"ALNSIterations":[1164,1556,1150,1587,1653],"runId":["Run 1","Run 2","Run 3","Run 4","Run 5"]}