{"slackAfterALNS":0,"nInitialNotServicedExpectedRequests":[6,15,12,9,16],"averageObj":[22010.18155175114,24693.46979550542,18806.946731405453,18911.42475361397,27832.696609134473],"slackBeforeALNS":0,"nInitialNotServicedFixedRequests":[7,8,5,5,10],"averageNotServicedExpectedRequests":[28.7,35.4,37.4,37.7,25.8],"ALNSIterations":[1748,1789,1680,1430,1464],"runId":["Run 1","Run 2","Run 3","Run 4","Run 5"]}