{"slackAfterALNS":0,"nInitialNotServicedExpectedRequests":[6,3,6,10,7],"averageObj":[12600.295626586163,10891.482805482678,8571.15278538956,12726.374237459317,14612.645796127908],"slackBeforeALNS":0,"nInitialNotServicedFixedRequests":[2,1,0,2,3],"averageNotServicedExpectedRequests":[33.4,36.3,33.5,33.9,33.4],"ALNSIterations":[1687,1777,1240,1840,1325],"runId":["Run 1","Run 2","Run 3","Run 4","Run 5"]}