{"slackAfterALNS":0,"nInitialNotServicedExpectedRequests":[5,2,6,6,11],"averageObj":[16410.236425746516,10204.980876229483,8486.520385255104,8688.037183519784,12265.686554409614],"slackBeforeALNS":0,"nInitialNotServicedFixedRequests":[4,1,0,0,2],"averageNotServicedExpectedRequests":[31.6,29.2,32.1,33.3,28.9],"ALNSIterations":[1357,1677,1641,1740,1209],"runId":["Run 1","Run 2","Run 3","Run 4","Run 5"]}