{"slackAfterALNS":0,"nInitialNotServicedExpectedRequests":[23,20,26,26,23],"averageObj":[6437.597893643605,5976.278399124966,6521.898324018465,6717.560952610581,6293.53785271637],"slackBeforeALNS":0,"nInitialNotServicedFixedRequests":[0,0,0,0,0],"averageNotServicedExpectedRequests":[35.1,29.1,36.3,37.8,33.1],"ALNSIterations":[4058,3888,3889,3798,4058],"runId":["Run 1","Run 2","Run 3","Run 4","Run 5"]}