{"slackAfterALNS":0,"nInitialNotServicedExpectedRequests":[16,19,21,19,13],"averageObj":[5431.581319194769,5728.412335171817,6222.442294415638,5520.97357594141,5855.734926060724],"slackBeforeALNS":0,"nInitialNotServicedFixedRequests":[0,0,0,0,0],"averageNotServicedExpectedRequests":[24.5,27.8,33.4,25.9,29.4],"ALNSIterations":[4027,4327,4107,4115,4251],"runId":["Run 1","Run 2","Run 3","Run 4","Run 5"]}