{"slackAfterALNS":0,"nInitialNotServicedExpectedRequests":[19,26,20,18,22],"averageObj":[5930.688327472516,6881.848162453738,5839.033402088622,6709.471839571209,6001.996446374533],"slackBeforeALNS":0,"nInitialNotServicedFixedRequests":[0,0,0,0,0],"averageNotServicedExpectedRequests":[29.5,39.7,28.0,37.0,29.6],"ALNSIterations":[3986,3979,3873,3965,4009],"runId":["Run 1","Run 2","Run 3","Run 4","Run 5"]}