{"slackAfterALNS":0,"nInitialNotServicedExpectedRequests":[13,11,14,14,16],"averageObj":[5855.852175484415,5277.704886846223,5165.123722825721,5876.769897190371,5579.980231610487],"slackBeforeALNS":0,"nInitialNotServicedFixedRequests":[0,0,0,0,0],"averageNotServicedExpectedRequests":[27.9,22.0,20.8,28.4,25.7],"ALNSIterations":[3899,3968,3901,3935,4230],"runId":["Run 1","Run 2","Run 3","Run 4","Run 5"]}