{"slackAfterALNS":0,"nInitialNotServicedExpectedRequests":[20,23,21,21,18],"averageObj":[5957.6047738695015,6012.892254081772,5630.926839138425,6306.944265439552,5825.149754715951],"slackBeforeALNS":0,"nInitialNotServicedFixedRequests":[0,0,0,0,0],"averageNotServicedExpectedRequests":[30.0,31.3,26.5,33.9,28.8],"ALNSIterations":[4022,4250,4513,4050,4247],"runId":["Run 1","Run 2","Run 3","Run 4","Run 5"]}