{"slackAfterALNS":0,"nInitialNotServicedExpectedRequests":[26,25,32,20,29,24,23,23,28,26],"averageObj":[6085.582402694447,6118.59604584321,6216.783535439451,6103.2909272532615,6311.788390187279,6309.1919406019715,6039.338528462251,6162.010791385574,6268.729011452,6079.99798392059],"slackBeforeALNS":0,"nInitialNotServicedFixedRequests":[1,1,1,1,1,1,1,1,1,1],"averageNotServicedExpectedRequests":[30.9,31.4,32.2,30.9,33.2,33.8,30.4,31.6,33.1,31.0],"runId":["Run 1","Run 2","Run 3","Run 4","Run 5","Run 6","Run 7","Run 8","Run 9","Run 10"]}