{"slackAfterALNS":0,"nInitialNotServicedExpectedRequests":[24,19,29,24,26,19,20,22,25,26],"averageObj":[4081.243170223126,4311.388366385771,4290.324549469954,4066.8721204113235,4047.7685879218566,4354.229029239379,4039.225968666999,4228.493005182312,4117.6432250021835,4080.4850135688566],"slackBeforeALNS":0,"nInitialNotServicedFixedRequests":[0,0,0,0,0,0,0,0,0,0],"averageNotServicedExpectedRequests":[31.0,33.6,33.2,30.5,30.4,33.9,30.5,32.4,30.9,30.8],"runId":["Run 1","Run 2","Run 3","Run 4","Run 5","Run 6","Run 7","Run 8","Run 9","Run 10"]}