{"slackAfterALNS":0,"nInitialNotServicedExpectedRequests":[19,24,22,22,20,22,25,18,20,25],"averageObj":[3825.243345065027,4049.45177367988,3900.783059265335,3901.9331824067135,4308.786901513602,3743.1353004312973,3958.270909250019,4149.155918294639,3998.5760332479877,4349.674837279207],"slackBeforeALNS":0,"nInitialNotServicedFixedRequests":[0,0,0,0,0,0,0,0,0,0],"averageNotServicedExpectedRequests":[28.0,30.8,29.3,28.9,33.6,27.5,29.6,31.5,30.2,34.3],"runId":["Run 1","Run 2","Run 3","Run 4","Run 5","Run 6","Run 7","Run 8","Run 9","Run 10"]}