{"slackAfterALNS":0,"nInitialNotServicedExpectedRequests":[16,14,22,23,19,24,17,25,23,20],"averageObj":[5768.581853787299,5680.103249511556,5903.202514409364,5867.909585372983,5944.125385975303,6031.116767789014,5656.98865454738,5713.638973834178,5911.8324119940025,5925.695595077674],"slackBeforeALNS":0,"nInitialNotServicedFixedRequests":[1,1,1,1,1,1,1,1,1,1],"averageNotServicedExpectedRequests":[27.4,26.6,29.1,28.5,29.3,30.7,26.0,26.6,29.0,29.4],"runId":["Run 1","Run 2","Run 3","Run 4","Run 5","Run 6","Run 7","Run 8","Run 9","Run 10"]}