{"slackAfterALNS":0,"nInitialNotServicedExpectedRequests":[23,25,19,26,28,24,23,30,24,24],"averageObj":[4540.138697461752,4332.847911382896,4014.450970051683,4095.444198790323,4288.4983949899615,4099.362009883801,4081.619001617054,4293.326993360342,4104.221265222535,4065.1070438306915],"slackBeforeALNS":0,"nInitialNotServicedFixedRequests":[0,0,0,0,0,0,0,0,0,0],"averageNotServicedExpectedRequests":[36.3,33.8,30.4,31.0,33.7,31.4,31.0,33.7,31.3,31.0],"runId":["Run 1","Run 2","Run 3","Run 4","Run 5","Run 6","Run 7","Run 8","Run 9","Run 10"]}