{"slackAfterALNS":0,"nInitialNotServicedExpectedRequests":[27,18,23,33,22,17,23,36,22,31],"averageObj":[4258.70485805425,4259.637366689238,6104.415508252193,4650.213247866222,4185.570668575545,4156.6874803001065,4058.6529388927456,4330.511999566803,4160.8071132715395,4316.2010855790995],"slackBeforeALNS":0,"nInitialNotServicedFixedRequests":[0,0,1,0,0,0,0,0,0,0],"averageNotServicedExpectedRequests":[32.6,32.5,31.1,37.1,31.4,31.3,30.4,33.7,31.5,33.2],"runId":["Run 1","Run 2","Run 3","Run 4","Run 5","Run 6","Run 7","Run 8","Run 9","Run 10"]}