{"slackAfterALNS":0,"nInitialNotServicedExpectedRequests":[26,24,20,22,18,23,16,24,20,19],"averageObj":[4231.771605376155,4145.473836087165,5870.788073019441,6225.528492726437,5884.721961938711,4329.587125238349,4022.281291977682,4080.0930593738885,4274.752208058691,4040.02300405407],"slackBeforeALNS":0,"nInitialNotServicedFixedRequests":[0,0,1,1,1,0,0,0,0,0],"averageNotServicedExpectedRequests":[32.4,31.4,28.4,32.5,28.2,33.3,30.2,30.6,33.2,29.8],"runId":["Run 1","Run 2","Run 3","Run 4","Run 5","Run 6","Run 7","Run 8","Run 9","Run 10"]}