{"slackAfterALNS":0,"nInitialNotServicedExpectedRequests":[17,19,23,26,22,22,22,15,23,24],"averageObj":[8062.2074695306965,7932.55696968385,8144.161940526123,8013.758906147234,7957.895599380628,8397.913389538578,8227.319284404337,7728.020530238775,8103.251982961678,8092.903543958804],"slackBeforeALNS":0,"nInitialNotServicedFixedRequests":[2,2,2,2,2,2,2,2,2,2],"averageNotServicedExpectedRequests":[30.7,29.2,32.1,30.3,29.6,34.6,33.0,27.0,31.7,31.0],"runId":["Run 1","Run 2","Run 3","Run 4","Run 5","Run 6","Run 7","Run 8","Run 9","Run 10"]}