{"slackAfterALNS":0,"nInitialNotServicedExpectedRequests":[26,24,27,23,27,20,26,24,24,21],"averageObj":[8097.694526360811,8052.9101408871575,8350.389228129296,8124.134757042775,7949.7864849496345,8202.763258939702,7930.7136522657365,8156.799873174915,7963.028756571135,8311.968321080245],"slackBeforeALNS":0,"nInitialNotServicedFixedRequests":[2,2,2,2,2,2,2,2,2,2],"averageNotServicedExpectedRequests":[31.2,31.0,34.0,31.3,29.9,32.2,29.5,32.1,30.0,33.8],"runId":["Run 1","Run 2","Run 3","Run 4","Run 5","Run 6","Run 7","Run 8","Run 9","Run 10"]}