{"slackAfterALNS":0,"nInitialNotServicedExpectedRequests":[25,38,24,25,26,26,19,27,39,26],"averageObj":[10111.851081625067,10399.444741365147,10260.275970637502,10377.925533574315,10149.653032376998,10180.477763155717,10018.855609290316,10377.970413641813,8611.822484436987,10273.116172520626],"slackBeforeALNS":0,"nInitialNotServicedFixedRequests":[3,3,3,3,3,3,3,3,2,3],"averageNotServicedExpectedRequests":[31.1,34.8,32.9,34.3,31.5,31.9,30.2,34.3,36.6,33.1],"runId":["Run 1","Run 2","Run 3","Run 4","Run 5","Run 6","Run 7","Run 8","Run 9","Run 10"]}