ScenarioName,TotalElapsedTime,AverageResponseTime,EventsInsertedByALNS,nTaxi,TotalCost,TotalDistance,TotalIdleTime,TotalIdleTimeWithCustomer,TotalRideTime,TotalDirectRideTime,TotalActualRideTime,nOfflineRequests,UnservicedOfflineRequest,nOnlineRequests,UnservicedOnlineRequests,AveragePercentRideSharing,ExcessRideTimePrServicedRequest,TotalEmptyRelocationTime,TotalNumberOfRequestsOverlapIdleVehicle,TotalDriveTimeToNearestIdleVehicle
Gen_Data_500_0.7_1_Run3,3967.89,7.93,20,75,79577.12778158854,19241.44510242804,8013,168,29465,8784,9727,0,0,500,75,5.071,1.886,6857,495,11579
Gen_Data_500_0.7_4_Run3,4158.07,8.32,24,68,72567.20700828641,19865.697774800807,8797,91,30905,9118,9953,0,0,500,68,4.552,1.67,8135,473,9700
Gen_Data_500_0.7_6_Run3,4098.94,8.2,23,77,81474.77231259896,19287.326289709417,9258,3,30734,8734,9540,0,0,500,77,5.672,1.612,7506,498,11588
Gen_Data_500_0.7_7_Run3,4057.67,8.11,32,76,80633.76021744192,19739.968701395297,7929,72,29879,9107,10416,0,0,500,76,6.715,2.618,7396,445,9811
Gen_Data_500_0.7_8_Run3,4137.21,8.27,27,79,83523.94497459586,20338.8147876293,7714,23,30222,9405,10492,0,0,500,79,6.751,2.174,7930,471,10752
Gen_Data_500_0.7_9_Run3,4307.83,8.62,14,91,95338.56181966703,19393.77440357222,9809,19,31321,8692,9438,0,0,500,91,4.473,1.492,8288,493,10258
Gen_Data_500_0.7_10_Run3,4284.94,8.57,28,72,76523.93360342666,20266.692669678847,8234,42,30745,9162,9877,0,0,500,72,4.584,1.43,8089,467,10651
