{"slackAfterALNS":0,"nInitialNotServicedExpectedRequests":[7,7,5,11,7],"averageObj":[17900.88907182214,13020.113709651936,11334.215348302194,20074.26415271705,16824.664675040523],"slackBeforeALNS":0,"nInitialNotServicedFixedRequests":[5,3,2,6,5],"averageNotServicedExpectedRequests":[27.0,18.0,22.0,29.0,15.0],"ALNSIterations":[650,762,786,790,773],"runId":["Run 1","Run 2","Run 3","Run 4","Run 5"]}