{"slackAfterALNS":0,"nInitialNotServicedExpectedRequests":[8,5,4,8,5],"averageObj":[19430.61433674887,10539.1028601407,13757.326178400854,14226.867119791448,11814.764685420332],"slackBeforeALNS":0,"nInitialNotServicedFixedRequests":[6,1,3,3,2],"averageNotServicedExpectedRequests":[22.0,33.0,24.0,30.0,25.0],"ALNSIterations":[651,803,778,801,792],"runId":["Run 1","Run 2","Run 3","Run 4","Run 5"]}