{"slackAfterALNS":0,"nInitialNotServicedExpectedRequests":[11,13,9,9,9],"averageObj":[20123.079597144555,24366.036632603813,17770.7741919567,19996.539441722274,24904.526016646847],"slackBeforeALNS":0,"nInitialNotServicedFixedRequests":[6,8,5,6,8],"averageNotServicedExpectedRequests":[28.0,31.0,24.0,28.0,38.0],"ALNSIterations":[709,560,541,586,568],"runId":["Run 1","Run 2","Run 3","Run 4","Run 5"]}