{"slackAfterALNS":0,"nInitialNotServicedExpectedRequests":[11,21,19,10,13],"averageObj":[16110.306346306908,38587.23495641281,30521.422561001273,24223.88671366887,29391.84021713133],"slackBeforeALNS":0,"nInitialNotServicedFixedRequests":[4,15,11,8,11],"averageNotServicedExpectedRequests":[29.0,36.0,33.0,31.0,22.0],"ALNSIterations":[694,552,579,561,573],"runId":["Run 1","Run 2","Run 3","Run 4","Run 5"]}