{"slackAfterALNS":0,"nInitialNotServicedExpectedRequests":[5,9,6,2,14],"averageObj":[7221.131330081815,7215.340088845105,6070.315968440045,5499.354794060722,9383.406308929614],"slackBeforeALNS":0,"nInitialNotServicedFixedRequests":[1,1,0,0,2],"averageNotServicedExpectedRequests":[20.0,18.8,28.6,23.4,22.3],"ALNSIterations":[3655,3731,4255,4462,4134],"runId":["Run 1","Run 2","Run 3","Run 4","Run 5"]}