{"slackAfterALNS":0,"nInitialNotServicedExpectedRequests":[2,4,8,1,4],"averageObj":[5101.719078652787,4909.919785591422,5487.513268264715,5129.713025644334,5363.283751774628],"slackBeforeALNS":0,"nInitialNotServicedFixedRequests":[0,0,0,0,0],"averageNotServicedExpectedRequests":[20.1,18.8,23.7,20.2,23.2],"ALNSIterations":[4844,4018,4530,4232,4772],"runId":["Run 1","Run 2","Run 3","Run 4","Run 5"]}