{"slackAfterALNS":0,"nInitialNotServicedExpectedRequests":[4,2,6,5,10],"averageObj":[7408.9452437879245,5550.011155402683,5860.988133914369,5155.14538800614,9586.486145650659],"slackBeforeALNS":0,"nInitialNotServicedFixedRequests":[1,0,0,0,2],"averageNotServicedExpectedRequests":[21.8,24.0,28.1,19.8,24.3],"ALNSIterations":[3946,4479,4128,4202,4456],"runId":["Run 1","Run 2","Run 3","Run 4","Run 5"]}