{"slackAfterALNS":0,"nInitialNotServicedExpectedRequests":[6,9,3,7,5],"averageObj":[6997.778989388289,9057.727915799245,7315.5731659665325,11338.959841501915,5323.141956055594],"slackBeforeALNS":0,"nInitialNotServicedFixedRequests":[1,2,1,3,0],"averageNotServicedExpectedRequests":[16.9,17.6,21.8,21.6,21.2],"ALNSIterations":[4463,4504,4261,4096,4263],"runId":["Run 1","Run 2","Run 3","Run 4","Run 5"]}