{"slackAfterALNS":0,"nInitialNotServicedExpectedRequests":[14,10,14,3,8,7,11,8,5,13],"averageObj":[3061.2202629120793,2872.878354291911,3041.3335375237334,2878.5507639958123,2799.569211179675,2884.1237285587604,2836.739077188087,3099.3964871164653,3011.9014493648738,3045.467645132495],"slackBeforeALNS":0,"nInitialNotServicedFixedRequests":[0,0,0,0,0,0,0,0,0,0],"averageNotServicedExpectedRequests":[22.0,20.1,22.0,20.0,19.2,20.0,19.5,22.6,21.7,21.9],"runId":["Run 1","Run 2","Run 3","Run 4","Run 5","Run 6","Run 7","Run 8","Run 9","Run 10"]}