{"slackAfterALNS":0,"nInitialNotServicedExpectedRequests":[9,7,12,10,7,9,11,7,12,12],"averageObj":[4530.093710025428,4621.254648083229,4631.327467637924,4940.90259769227,4799.091289309996,4628.418651564392,4805.058432092895,4533.568342661944,4698.035052530087,4906.314346769202],"slackBeforeALNS":0,"nInitialNotServicedFixedRequests":[1,1,1,1,1,1,1,1,1,1],"averageNotServicedExpectedRequests":[16.3,17.6,17.3,20.4,19.2,17.5,19.4,16.3,18.3,20.3],"runId":["Run 1","Run 2","Run 3","Run 4","Run 5","Run 6","Run 7","Run 8","Run 9","Run 10"]}