{"slackAfterALNS":0,"nInitialNotServicedExpectedRequests":[7,8,5,3,6,8,10,10,5,7],"averageObj":[6468.451583324462,6431.333362417314,6451.399435150869,6396.7600656198465,6473.750164592268,6366.913365375798,6305.461934093415,6196.3993246078835,6396.944018432061,6340.062083939366],"slackBeforeALNS":0,"nInitialNotServicedFixedRequests":[2,2,2,2,2,2,2,2,2,2],"averageNotServicedExpectedRequests":[15.8,15.2,15.7,15.0,15.8,14.7,13.9,12.9,15.1,14.3],"runId":["Run 1","Run 2","Run 3","Run 4","Run 5","Run 6","Run 7","Run 8","Run 9","Run 10"]}