{"slackAfterALNS":0,"nInitialNotServicedExpectedRequests":[7,9,8,8,4,6,7,2,8,12],"averageObj":[4649.199033661434,4597.063656963059,4645.225948073599,4673.833132453263,4597.9749152325285,4789.556886743552,4706.192957399382,4469.496870957786,4648.091333631281,4370.96812714519],"slackBeforeALNS":0,"nInitialNotServicedFixedRequests":[1,1,1,1,1,1,1,1,1,1],"averageNotServicedExpectedRequests":[17.7,17.3,17.7,18.1,17.3,19.1,18.1,15.8,17.5,14.5],"runId":["Run 1","Run 2","Run 3","Run 4","Run 5","Run 6","Run 7","Run 8","Run 9","Run 10"]}