{"slackAfterALNS":0,"nInitialNotServicedExpectedRequests":[10,5,9,7,6,10,2,4,13,10],"averageObj":[4566.553313108485,4663.601463250294,4567.185793374512,4577.742893290978,4524.20995752361,4656.812927450666,4430.151344399302,4630.5688030402,4279.151719799563,4422.770189154258],"slackBeforeALNS":0,"nInitialNotServicedFixedRequests":[1,1,1,1,1,1,1,1,1,1],"averageNotServicedExpectedRequests":[17.0,18.1,17.0,17.1,16.3,17.7,15.1,17.6,13.8,15.2],"runId":["Run 1","Run 2","Run 3","Run 4","Run 5","Run 6","Run 7","Run 8","Run 9","Run 10"]}