{"slackAfterALNS":0,"nInitialNotServicedExpectedRequests":[11,4,10,4,9,9,10,7,11,11],"averageObj":[4666.053357442104,4357.7204382313785,4575.711698689241,4486.267962976326,4698.7603843052175,4650.681359245523,4575.786554226898,4440.254027518686,4575.558561097821,4622.993821498005],"slackBeforeALNS":0,"nInitialNotServicedFixedRequests":[1,1,1,1,1,1,1,1,1,1],"averageNotServicedExpectedRequests":[18.0,14.8,17.1,15.9,18.5,17.8,16.8,15.4,16.9,17.5],"runId":["Run 1","Run 2","Run 3","Run 4","Run 5","Run 6","Run 7","Run 8","Run 9","Run 10"]}