{"slackAfterALNS":0,"nInitialNotServicedExpectedRequests":[11,11,10,10,15,14,15,4,10,10],"averageObj":[2807.11756497471,3086.1595900234397,2971.5961457875974,2992.7504975816355,3145.6204626272515,2955.0664796079745,3067.2840722424,3057.4954978563173,3056.3566879503655,3091.043177375054],"slackBeforeALNS":0,"nInitialNotServicedFixedRequests":[0,0,0,0,0,0,0,0,0,0],"averageNotServicedExpectedRequests":[19.3,22.4,21.3,21.4,23.0,20.9,22.5,22.3,22.4,22.7],"runId":["Run 1","Run 2","Run 3","Run 4","Run 5","Run 6","Run 7","Run 8","Run 9","Run 10"]}