{"slackAfterALNS":0,"nInitialNotServicedExpectedRequests":[12,16,6,14,8,11,12,16,13,14],"averageObj":[2907.5989431525727,3140.2011391509586,3098.702675391827,3340.610428214616,3016.858428542416,3108.127177716055,3208.849479280506,3247.842769331516,3342.0627603278967,2995.986833485241],"slackBeforeALNS":0,"nInitialNotServicedFixedRequests":[0,0,0,0,0,0,0,0,0,0],"averageNotServicedExpectedRequests":[20.2,22.5,22.2,25.0,21.3,22.5,23.4,23.9,25.2,21.1],"runId":["Run 1","Run 2","Run 3","Run 4","Run 5","Run 6","Run 7","Run 8","Run 9","Run 10"]}