{"slackAfterALNS":0,"nInitialNotServicedExpectedRequests":[13,7,10,12,13,18,10,15,9,12],"averageObj":[3158.61181892196,3051.6259244783782,3072.2335289917064,2821.652141846314,3157.0885263091523,3041.0878255978982,3178.9378753119427,2875.0003801855414,2896.122861242529,2736.163873989286],"slackBeforeALNS":0,"nInitialNotServicedFixedRequests":[0,0,0,0,0,0,0,0,0,0],"averageNotServicedExpectedRequests":[22.9,21.9,22.0,19.2,23.1,21.6,23.2,19.8,20.2,18.3],"runId":["Run 1","Run 2","Run 3","Run 4","Run 5","Run 6","Run 7","Run 8","Run 9","Run 10"]}