{"slackAfterALNS":0,"nInitialNotServicedExpectedRequests":[16,10,11,5,10,11,15,9,12,12],"averageObj":[2993.352215803832,3034.630199017252,3050.332379354272,2847.405984568476,3023.104675209522,3230.475606158831,2974.6085424258627,2838.961886615221,3024.394111507007,2903.1981227186925],"slackBeforeALNS":0,"nInitialNotServicedFixedRequests":[0,0,0,0,0,0,0,0,0,0],"averageNotServicedExpectedRequests":[21.3,21.3,21.7,19.5,21.4,23.9,20.7,19.1,21.5,20.1],"runId":["Run 1","Run 2","Run 3","Run 4","Run 5","Run 6","Run 7","Run 8","Run 9","Run 10"]}