{"slackAfterALNS":0,"nInitialNotServicedExpectedRequests":[12,9,15,8,11,8,9,9,12,13],"averageObj":[2282.1101838337386,1929.254711653412,2589.312353437122,2110.2465306744048,2487.7993798641473,2019.8968965854651,1994.5008675690588,2535.970416218793,2200.473783203038,2351.2522426852183],"slackBeforeALNS":0,"nInitialNotServicedFixedRequests":[0,0,0,0,0,0,0,0,0,0],"averageNotServicedExpectedRequests":[13.0,9.0,17.0,11.0,15.0,10.0,10.0,16.0,12.0,14.0],"ALNSIterations":[12328,18504,8047,15992,15924,20648,16936,19191,8477,13423],"runId":["Run 1","Run 2","Run 3","Run 4","Run 5","Run 6","Run 7","Run 8","Run 9","Run 10"]}