{"slackAfterALNS":0,"nInitialNotServicedExpectedRequests":[8,12,9,8,9,10,10,10,8,9],"averageObj":[2025.8081332145125,2277.6979614812435,2208.1510308910247,2130.352308289136,1965.9874255895406,2063.0408600422265,2486.5064536990976,2218.303595091486,2131.1451511301425,2491.1700003813958],"slackBeforeALNS":0,"nInitialNotServicedFixedRequests":[0,0,0,0,0,0,0,0,0,0],"averageNotServicedExpectedRequests":[11.0,14.0,13.0,12.0,10.0,11.0,16.0,13.0,12.0,16.0],"ALNSIterations":[10036,5672,11774,10628,11499,11239,7792,7878,7509,13393],"runId":["Run 1","Run 2","Run 3","Run 4","Run 5","Run 6","Run 7","Run 8","Run 9","Run 10"]}