{"slackAfterALNS":0,"nInitialNotServicedExpectedRequests":[7,8,9,8,9,9,8,9,9,8],"averageObj":[4381.19086011237,4325.92212625927,4216.068362085111,4123.455538876113,4434.916726273103,3845.2110495487514,4066.346295653487,4311.562061088042,4205.886799774279,3988.6558055332416],"slackBeforeALNS":0,"nInitialNotServicedFixedRequests":[1,1,1,1,1,1,1,1,1,1],"averageNotServicedExpectedRequests":[14.0,14.0,13.0,12.0,15.0,9.0,11.0,14.0,12.0,10.0],"ALNSIterations":[9911,13103,6780,5528,10064,7538,6186,9922,5651,7222],"runId":["Run 1","Run 2","Run 3","Run 4","Run 5","Run 6","Run 7","Run 8","Run 9","Run 10"]}