{"slackAfterALNS":0,"nInitialNotServicedExpectedRequests":[9,6,11,10,12,11,10,10,10,9],"averageObj":[2065.8164486864744,1882.375583548544,2240.595689284943,2179.517027078334,2054.4345394897323,2514.4663201175204,2154.149228799638,2190.856094926706,2248.0648199777243,2252.955183793521],"slackBeforeALNS":0,"nInitialNotServicedFixedRequests":[0,0,0,0,0,0,0,0,0,0],"averageNotServicedExpectedRequests":[11.0,9.0,13.0,12.0,11.0,16.0,12.0,12.0,13.0,13.0],"ALNSIterations":[13439,22287,6631,11398,8957,11020,16477,10203,15299,18448],"runId":["Run 1","Run 2","Run 3","Run 4","Run 5","Run 6","Run 7","Run 8","Run 9","Run 10"]}