{"slackAfterALNS":0,"nInitialNotServicedExpectedRequests":[12,8,16,12,8,10,4,12,7,12],"averageObj":[2297.7324729597603,2182.576926570164,2501.585086259766,2396.2811573573704,2078.6783636814253,2358.0120171854105,1821.6780498905932,2381.859747924176,2404.6969122677297,2522.524961326991],"slackBeforeALNS":0,"nInitialNotServicedFixedRequests":[0,0,0,0,0,0,0,0,0,0],"averageNotServicedExpectedRequests":[13.0,12.0,15.0,14.0,11.0,14.0,8.0,14.0,15.0,16.0],"ALNSIterations":[9658,18965,8076,5700,18510,7375,20206,9993,11079,8243],"runId":["Run 1","Run 2","Run 3","Run 4","Run 5","Run 6","Run 7","Run 8","Run 9","Run 10"]}