{"slackAfterALNS":0,"nInitialNotServicedExpectedRequests":[12,11,15,15,19,16,12,14,13,15],"averageObj":[8578.08879613549,8431.383240227746,8782.246673484566,8802.381207372671,8925.651521135793,8546.96629253433,8443.1076056291,8686.262361981208,8542.226107321918,8540.805596592929],"slackBeforeALNS":0,"nInitialNotServicedFixedRequests":[3,3,3,3,3,3,3,3,3,3],"averageNotServicedExpectedRequests":[17.0,15.0,19.0,19.0,21.0,16.0,15.0,18.0,16.0,16.0],"ALNSIterations":[7736,23353,12284,9484,7169,11257,21886,15428,16525,6487],"runId":["Run 1","Run 2","Run 3","Run 4","Run 5","Run 6","Run 7","Run 8","Run 9","Run 10"]}