{"slackAfterALNS":0,"nInitialNotServicedExpectedRequests":[13,14,13,13,13,13,13,13,13,12],"averageObj":[6589.447113730443,6860.602790770548,6555.91018658432,6583.273081530373,6475.450198890079,6496.740426681156,6479.1937681079135,6546.679646411105,6786.314461804113,6532.459995128628],"slackBeforeALNS":0,"nInitialNotServicedFixedRequests":[2,2,2,2,2,2,2,2,2,2],"averageNotServicedExpectedRequests":[17.0,20.0,16.0,17.0,16.0,16.0,16.0,16.0,19.0,16.0],"ALNSIterations":[11800,5587,7467,14842,11871,9276,17082,13050,9015,16356],"runId":["Run 1","Run 2","Run 3","Run 4","Run 5","Run 6","Run 7","Run 8","Run 9","Run 10"]}