{"slackAfterALNS":0,"nInitialNotServicedExpectedRequests":[18,14,18,18,16,15,14,15,14,15],"averageObj":[4714.985024058958,4458.889679015359,4709.215774349666,4772.988171352455,5049.24788310503,4808.836583610691,4568.324765693244,4784.475593712705,4486.514090206972,4872.335417938617],"slackBeforeALNS":0,"nInitialNotServicedFixedRequests":[1,1,1,1,1,1,1,1,1,1],"averageNotServicedExpectedRequests":[18.0,15.0,18.0,19.0,22.0,19.0,16.0,19.0,15.0,20.0],"ALNSIterations":[7339,16553,5428,6754,8344,16795,15689,8930,16394,14491],"runId":["Run 1","Run 2","Run 3","Run 4","Run 5","Run 6","Run 7","Run 8","Run 9","Run 10"]}