{"slackAfterALNS":0,"nInitialNotServicedExpectedRequests":[14,13,15,16,17,10,16,12,13,16],"averageObj":[2284.3275639783456,2758.886288998358,2506.92027766314,2682.841114731032,2597.065090546187,2521.61511201824,2676.7899849928795,2505.959084754309,2892.970344122321,2752.501313597423],"slackBeforeALNS":0,"nInitialNotServicedFixedRequests":[0,0,0,0,0,0,0,0,0,0],"averageNotServicedExpectedRequests":[14.0,19.0,16.0,18.0,17.0,16.0,18.0,16.0,20.0,19.0],"ALNSIterations":[9653,7620,8233,5269,7540,22110,6971,21377,16689,8781],"runId":["Run 1","Run 2","Run 3","Run 4","Run 5","Run 6","Run 7","Run 8","Run 9","Run 10"]}