{"slackAfterALNS":0,"nInitialNotServicedExpectedRequests":[9,13,11,14,15,13,12,12,10,13],"averageObj":[6130.567161329091,6303.187307523628,6236.4555855591525,6734.0021412279475,6192.8233109115745,6538.2479968184125,6189.304219425453,6314.714271197238,6260.0360413246935,6245.0031848134895],"slackBeforeALNS":0,"nInitialNotServicedFixedRequests":[2,2,2,2,2,2,2,2,2,2],"averageNotServicedExpectedRequests":[12.0,14.0,13.0,19.0,13.0,16.0,13.0,14.0,13.0,13.0],"ALNSIterations":[23745,9687,17263,10588,7704,8709,14601,8691,12329,6847],"runId":["Run 1","Run 2","Run 3","Run 4","Run 5","Run 6","Run 7","Run 8","Run 9","Run 10"]}