{"slackAfterALNS":0,"nInitialNotServicedExpectedRequests":[17,20,12,17,20],"averageObj":[6218.320574788197,5264.652861648753,5732.160337996795,5898.934807441879,6183.722633555402],"slackBeforeALNS":0,"nInitialNotServicedFixedRequests":[0,0,0,0,0],"averageNotServicedExpectedRequests":[31.8,20.9,26.4,28.5,31.8],"ALNSIterations":[4450,4357,4296,5173,5133],"runId":["Run 1","Run 2","Run 3","Run 4","Run 5"]}