{"slackAfterALNS":0,"nInitialNotServicedExpectedRequests":[19,16,20,17,23],"averageObj":[6061.882472522727,5997.209128631111,6503.3355190205475,6458.145687828427,6476.288648559652],"slackBeforeALNS":0,"nInitialNotServicedFixedRequests":[0,0,0,0,0],"averageNotServicedExpectedRequests":[31.0,29.4,36.0,34.8,35.7],"ALNSIterations":[4635,4589,4172,4599,3591],"runId":["Run 1","Run 2","Run 3","Run 4","Run 5"]}