{"slackAfterALNS":0,"nInitialNotServicedExpectedRequests":[15,19,17,17,17],"averageObj":[5587.749630678193,5903.287972686451,5979.976336918613,5764.318123576796,5967.89942711609],"slackBeforeALNS":0,"nInitialNotServicedFixedRequests":[0,0,0,0,0],"averageNotServicedExpectedRequests":[26.3,30.1,30.8,28.5,30.1],"ALNSIterations":[4690,4412,4685,4672,2727],"runId":["Run 1","Run 2","Run 3","Run 4","Run 5"]}