{"slackAfterALNS":0,"nInitialNotServicedExpectedRequests":[21,18,12,23,13],"averageObj":[5658.458517711193,6147.672368544401,5363.713677109785,5833.028151026621,5747.600549239851],"slackBeforeALNS":0,"nInitialNotServicedFixedRequests":[0,0,0,0,0],"averageNotServicedExpectedRequests":[27.1,32.3,23.5,29.2,28.2],"ALNSIterations":[4022,4426,4319,4723,4882],"runId":["Run 1","Run 2","Run 3","Run 4","Run 5"]}