{"slackAfterALNS":0,"nInitialNotServicedExpectedRequests":[18,20,22,15,17],"averageObj":[6174.009237932267,6292.93654482412,6253.514827465243,5770.302419321557,5900.432379556172],"slackBeforeALNS":0,"nInitialNotServicedFixedRequests":[0,0,0,0,0],"averageNotServicedExpectedRequests":[31.6,34.5,33.6,28.5,29.2],"ALNSIterations":[4033,4625,4717,5033,4343],"runId":["Run 1","Run 2","Run 3","Run 4","Run 5"]}