{"slackAfterALNS":0,"nInitialNotServicedExpectedRequests":[3,5,2,2,3,3,2,3,3,4],"averageObj":[535.8993460440269,495.0643470019342,590.2306889564336,580.6312825785167,521.299426543568,587.2102169708517,520.0059787621858,510.5104099573167,521.5952832034526,484.3429613864397],"slackBeforeALNS":0,"nInitialNotServicedFixedRequests":[0,0,0,0,0,0,0,0,0,0],"averageNotServicedExpectedRequests":[3.7,3.2,4.3,4.2,3.5,4.2,3.5,3.4,3.5,3.1],"runId":["Run 1","Run 2","Run 3","Run 4","Run 5","Run 6","Run 7","Run 8","Run 9","Run 10"]}