{"slackAfterALNS":0,"nInitialNotServicedExpectedRequests":[1,1,1,1,2,1,2,0,3,0],"averageObj":[2464.938051859563,2496.1677638850356,2561.0465875252157,2429.086199571208,2425.320542402112,2472.274873323398,2459.4755803213798,2408.6211666786885,2500.6149856508546,2508.374534991862],"slackBeforeALNS":0,"nInitialNotServicedFixedRequests":[1,1,1,1,1,1,1,1,1,1],"averageNotServicedExpectedRequests":[2.9,3.3,4.1,2.5,2.4,3.1,2.8,2.3,3.3,3.5],"runId":["Run 1","Run 2","Run 3","Run 4","Run 5","Run 6","Run 7","Run 8","Run 9","Run 10"]}