{"slackAfterALNS":0,"nInitialNotServicedExpectedRequests":[0,1,0,1,0,1,1,3,3,0],"averageObj":[484.6033254867786,588.2696145434663,546.647199593432,553.937033197507,484.8761526128962,492.02265916398517,526.0703855127307,544.6655360241577,619.2762048869338,480.11010770073307],"slackBeforeALNS":0,"nInitialNotServicedFixedRequests":[0,0,0,0,0,0,0,0,0,0],"averageNotServicedExpectedRequests":[3.0,4.3,3.8,3.8,3.1,3.1,3.6,3.8,4.6,3.0],"runId":["Run 1","Run 2","Run 3","Run 4","Run 5","Run 6","Run 7","Run 8","Run 9","Run 10"]}