{"slackAfterALNS":0,"nInitialNotServicedExpectedRequests":[0,2,2,0,0,3,1,0,1,0],"averageObj":[476.06801177461136,456.13387314439944,599.7945691906497,452.6838845490349,529.0750496348232,501.31082917082915,478.6332450839658,581.4287854156275,493.3752000630948,434.62291345442344],"slackBeforeALNS":0,"nInitialNotServicedFixedRequests":[0,0,0,0,0,0,0,0,0,0],"averageNotServicedExpectedRequests":[3.0,2.8,4.3,2.7,3.6,3.3,3.0,4.2,3.2,2.5],"runId":["Run 1","Run 2","Run 3","Run 4","Run 5","Run 6","Run 7","Run 8","Run 9","Run 10"]}