{"slackAfterALNS":0,"nInitialNotServicedExpectedRequests":[0,1,3,1,2,3,0,0,1,3],"averageObj":[429.08475712708616,507.8374439762077,529.3762452107278,478.64210861418235,439.6843327443877,463.0027986006997,490.57399948485147,396.76241631931293,504.12442755837964,515.85380919698],"slackBeforeALNS":0,"nInitialNotServicedFixedRequests":[0,0,0,0,0,0,0,0,0,0],"averageNotServicedExpectedRequests":[2.5,3.4,3.5,3.0,2.6,2.9,3.2,2.1,3.3,3.5],"runId":["Run 1","Run 2","Run 3","Run 4","Run 5","Run 6","Run 7","Run 8","Run 9","Run 10"]}