{"slackAfterALNS":0,"nInitialNotServicedExpectedRequests":[5,8,9,9,9],"averageObj":[5540.432754239087,7318.24062642091,5637.393516245766,5489.909269660886,5296.899955396528],"slackBeforeALNS":0,"nInitialNotServicedFixedRequests":[0,1,0,0,0],"averageNotServicedExpectedRequests":[25.0,21.8,26.3,23.0,22.0],"ALNSIterations":[4703,4840,4668,4849,4743],"runId":["Run 1","Run 2","Run 3","Run 4","Run 5"]}