{"slackAfterALNS":0,"nInitialNotServicedExpectedRequests":[3,4,2,2,4],"averageObj":[5030.225987243658,5319.832052493887,4845.636084747252,5291.300042910401,4961.3454162311455],"slackBeforeALNS":0,"nInitialNotServicedFixedRequests":[0,0,0,0,0],"averageNotServicedExpectedRequests":[19.3,22.5,17.3,22.0,19.1],"ALNSIterations":[4572,4602,4733,4717,4349],"runId":["Run 1","Run 2","Run 3","Run 4","Run 5"]}