{"slackAfterALNS":0,"nInitialNotServicedExpectedRequests":[21,20,24,15,16],"averageObj":[5377.630171624694,6007.587698716794,6465.48078384774,5774.940492426379,5400.697984483958],"slackBeforeALNS":0,"nInitialNotServicedFixedRequests":[0,0,0,0,0],"averageNotServicedExpectedRequests":[21.0,29.0,34.0,27.0,23.0],"ALNSIterations":[2172,2196,1869,1478,1497],"runId":["Run 1","Run 2","Run 3","Run 4","Run 5"]}