{"slackAfterALNS":0,"nInitialNotServicedExpectedRequests":[21,23,26,27,24],"averageObj":[5776.917373683268,5501.757849510782,5990.041440615148,6616.315200845944,5871.149708423678],"slackBeforeALNS":0,"nInitialNotServicedFixedRequests":[0,0,0,0,0],"averageNotServicedExpectedRequests":[27.0,24.0,30.0,36.0,28.0],"ALNSIterations":[2003,2047,1829,1451,1421],"runId":["Run 1","Run 2","Run 3","Run 4","Run 5"]}