{"slackAfterALNS":0,"nInitialNotServicedExpectedRequests":[13,21,24,22,24],"averageObj":[5245.444058800836,5566.517705831159,5343.232196483782,5350.840831547533,5951.156528737732],"slackBeforeALNS":0,"nInitialNotServicedFixedRequests":[0,0,0,0,0],"averageNotServicedExpectedRequests":[22.0,25.0,22.0,22.0,28.0],"ALNSIterations":[1993,1915,2036,1912,1989],"runId":["Run 1","Run 2","Run 3","Run 4","Run 5"]}