{"slackAfterALNS":0,"nInitialNotServicedExpectedRequests":[25,21,21,26,21],"averageObj":[6349.408494890502,5643.224383733334,6403.665088035975,6019.9837920091095,6212.721283567043],"slackBeforeALNS":0,"nInitialNotServicedFixedRequests":[0,0,0,0,0],"averageNotServicedExpectedRequests":[35.0,26.0,35.0,31.0,33.0],"ALNSIterations":[2300,2294,2294,2218,2249],"runId":["Run 1","Run 2","Run 3","Run 4","Run 5"]}