{"slackAfterALNS":0,"nInitialNotServicedExpectedRequests":[22,16,21,22,19],"averageObj":[5310.817055347919,6368.356298698608,5010.997356860369,5821.772140769305,5788.939660117131],"slackBeforeALNS":0,"nInitialNotServicedFixedRequests":[0,0,0,0,0],"averageNotServicedExpectedRequests":[22.0,34.0,19.0,28.0,27.0],"ALNSIterations":[1585,2181,2167,2011,2091],"runId":["Run 1","Run 2","Run 3","Run 4","Run 5"]}