{"slackAfterALNS":0,"nInitialNotServicedExpectedRequests":[23,22,28,24,22],"averageObj":[6077.607876008248,6754.411478732436,7108.209110878133,6435.737257305789,6809.101126867441],"slackBeforeALNS":0,"nInitialNotServicedFixedRequests":[0,0,0,0,0],"averageNotServicedExpectedRequests":[30.0,38.0,41.0,34.0,38.0],"ALNSIterations":[2035,2029,1996,2010,1988],"runId":["Run 1","Run 2","Run 3","Run 4","Run 5"]}