{"slackAfterALNS":0,"nInitialNotServicedExpectedRequests":[28,28,6,6,9],"averageObj":[14154.271906768732,14154.271906768732,14697.127865466184,10486.310282346607,14681.130705912481],"slackBeforeALNS":0,"nInitialNotServicedFixedRequests":[4,4,5,3,5],"averageNotServicedExpectedRequests":[28.0,28.0,16.0,12.0,16.0],"ALNSIterations":[222,239,266,252,236],"runId":["Run 1","Run 2","Run 3","Run 4","Run 5"]}