{"slackAfterALNS":0,"nInitialNotServicedExpectedRequests":[8,10,12,13,16],"averageObj":[15619.636200515317,15424.300629822752,18998.37358492889,14732.290319834046,17041.846994075222],"slackBeforeALNS":0,"nInitialNotServicedFixedRequests":[5,5,7,5,6],"averageNotServicedExpectedRequests":[26.0,24.0,20.0,16.0,19.0],"ALNSIterations":[176,148,141,158,179],"runId":["Run 1","Run 2","Run 3","Run 4","Run 5"]}