{"slackAfterALNS":0,"nInitialNotServicedExpectedRequests":[33,8,5,33,12],"averageObj":[22269.180033867488,25112.57095046048,17393.71637039608,22269.180033867488,12933.798972552831],"slackBeforeALNS":0,"nInitialNotServicedFixedRequests":[8,10,6,8,4],"averageNotServicedExpectedRequests":[30.0,20.0,23.0,30.0,18.0],"ALNSIterations":[125,127,148,231,160],"runId":["Run 1","Run 2","Run 3","Run 4","Run 5"]}