{"slackAfterALNS":0,"nInitialNotServicedExpectedRequests":[10,18,7,18,12],"averageObj":[12754.207369991944,20907.475268364466,10422.854716923792,19843.68880847574,8823.397729002429],"slackBeforeALNS":0,"nInitialNotServicedFixedRequests":[4,8,3,7,2],"averageNotServicedExpectedRequests":[16.0,16.0,12.0,26.0,16.0],"ALNSIterations":[124,238,254,132,213],"runId":["Run 1","Run 2","Run 3","Run 4","Run 5"]}