{"slackAfterALNS":0,"nInitialNotServicedExpectedRequests":[5,9,10,11,12],"averageObj":[8859.974605127358,12470.118845197447,10550.053010280333,10767.751259457013,12797.074256709948],"slackBeforeALNS":0,"nInitialNotServicedFixedRequests":[2,4,3,3,4],"averageNotServicedExpectedRequests":[18.0,13.0,15.0,16.0,18.0],"ALNSIterations":[243,237,246,251,127],"runId":["Run 1","Run 2","Run 3","Run 4","Run 5"]}