{"slackAfterALNS":0,"nInitialNotServicedExpectedRequests":[9,21,13,22,17],"averageObj":[17226.156507893927,29085.579400166498,13473.189449657828,19947.067331023693,27409.745444003383],"slackBeforeALNS":0,"nInitialNotServicedFixedRequests":[6,12,4,7,11],"averageNotServicedExpectedRequests":[21.0,20.0,24.0,30.0,24.0],"ALNSIterations":[243,133,254,133,243],"runId":["Run 1","Run 2","Run 3","Run 4","Run 5"]}