{"slackAfterALNS":0,"nInitialNotServicedExpectedRequests":[6,4,32,13,11],"averageObj":[15146.960993458048,26755.252005930386,23281.572068561978,27014.13116719765,26332.158444243825],"slackBeforeALNS":0,"nInitialNotServicedFixedRequests":[5,11,9,11,11],"averageNotServicedExpectedRequests":[20.0,15.0,18.0,19.0,12.0],"ALNSIterations":[209,248,173,133,138],"runId":["Run 1","Run 2","Run 3","Run 4","Run 5"]}