{"slackAfterALNS":0,"nInitialNotServicedExpectedRequests":[39,6,10,12,11],"averageObj":[17515.975499202763,13191.72848048661,21194.37483424137,20014.032166236593,21063.408576336104],"slackBeforeALNS":0,"nInitialNotServicedFixedRequests":[5,4,8,7,8],"averageNotServicedExpectedRequests":[41.0,19.0,21.0,29.0,18.0],"ALNSIterations":[146,225,139,217,209],"runId":["Run 1","Run 2","Run 3","Run 4","Run 5"]}