{"slackAfterALNS":0,"nInitialNotServicedExpectedRequests":[6,12,16,3,8],"averageObj":[18339.101909404028,18661.637285065288,22943.81425805823,16192.845573273898,22808.407529054526],"slackBeforeALNS":0,"nInitialNotServicedFixedRequests":[7,7,9,6,9],"averageNotServicedExpectedRequests":[11.0,15.0,18.0,8.0,15.0],"ALNSIterations":[241,127,241,239,259],"runId":["Run 1","Run 2","Run 3","Run 4","Run 5"]}