{"slackAfterALNS":0,"nInitialNotServicedExpectedRequests":[12,12,12,12,10],"averageObj":[21262.377247101052,16767.459092810663,20801.968615365393,13588.603404173922,17002.00869672671],"slackBeforeALNS":0,"nInitialNotServicedFixedRequests":[8,6,8,4,6],"averageNotServicedExpectedRequests":[22.0,17.0,17.0,25.0,19.0],"ALNSIterations":[234,267,207,264,270],"runId":["Run 1","Run 2","Run 3","Run 4","Run 5"]}