{"slackAfterALNS":0,"nInitialNotServicedExpectedRequests":[3,3,5,4,2,2,4,4,2,2],"averageObj":[2610.4917471999206,2840.008109073589,2682.9318541208063,2844.319791919792,2697.1548727317013,2841.7068345608955,2737.6047342238517,2734.0819412613528,2766.6995190152343,2771.148840581761],"slackBeforeALNS":0,"nInitialNotServicedFixedRequests":[1,1,1,1,1,1,1,1,1,1],"averageNotServicedExpectedRequests":[4.0,6.7,4.8,6.7,5.1,6.6,5.4,5.4,5.7,5.7],"runId":["Run 1","Run 2","Run 3","Run 4","Run 5","Run 6","Run 7","Run 8","Run 9","Run 10"]}