{"slackAfterALNS":0,"nInitialNotServicedExpectedRequests":[3,2,3,2,4,4,4,4,4,4],"averageObj":[2761.1005994761526,2700.579307346486,2676.469286845896,2676.3002188220344,2711.94162706988,2763.5822691919643,2717.3516218645063,2689.9208567378914,2662.5720675999164,2707.90033707796],"slackBeforeALNS":0,"nInitialNotServicedFixedRequests":[1,1,1,1,1,1,1,1,1,1],"averageNotServicedExpectedRequests":[5.8,5.1,4.8,4.8,5.2,5.8,5.2,5.0,4.6,5.2],"runId":["Run 1","Run 2","Run 3","Run 4","Run 5","Run 6","Run 7","Run 8","Run 9","Run 10"]}