{"slackAfterALNS":0,"nInitialNotServicedExpectedRequests":[6,4,3,6,4,8,4,5,3,6],"averageObj":[2736.9497459722365,2793.462703148832,2874.1980381067174,2733.71194255805,2731.913081566355,2806.858128237473,2870.2734611098454,2850.760597889464,2825.2546336880473,2731.316133300662],"slackBeforeALNS":0,"nInitialNotServicedFixedRequests":[1,1,1,1,1,1,1,1,1,1],"averageNotServicedExpectedRequests":[5.5,5.9,6.8,5.4,5.2,6.3,6.9,6.8,6.1,5.5],"runId":["Run 1","Run 2","Run 3","Run 4","Run 5","Run 6","Run 7","Run 8","Run 9","Run 10"]}