{"slackAfterALNS":0,"nInitialNotServicedExpectedRequests":[4,3,1,1,3,4,3,2,3,2],"averageObj":[4577.16912962101,4629.750933402206,4538.170392840783,4718.431696518654,4509.491995489735,4513.611753610085,4693.768939393939,4591.087481962481,4610.423254499609,4704.4663773114125],"slackBeforeALNS":0,"nInitialNotServicedFixedRequests":[2,2,2,2,2,2,2,2,2,2],"averageNotServicedExpectedRequests":[3.9,4.5,3.4,5.5,3.1,3.2,5.2,4.0,4.3,5.3],"runId":["Run 1","Run 2","Run 3","Run 4","Run 5","Run 6","Run 7","Run 8","Run 9","Run 10"]}