{"slackAfterALNS":0,"nInitialNotServicedExpectedRequests":[3,4,1,2,2,4,1,3,1,3],"averageObj":[2623.036558482486,2626.494192336174,2630.98739505735,2711.94146740142,2633.6706748219895,2631.184677980159,2613.4724316013676,2662.3463806593963,2663.610379380183,2721.773636037013],"slackBeforeALNS":0,"nInitialNotServicedFixedRequests":[1,1,1,1,1,1,1,1,1,1],"averageNotServicedExpectedRequests":[4.3,4.3,4.4,5.1,4.4,4.4,4.2,4.7,4.5,5.4],"runId":["Run 1","Run 2","Run 3","Run 4","Run 5","Run 6","Run 7","Run 8","Run 9","Run 10"]}