{"slackAfterALNS":0,"nInitialNotServicedExpectedRequests":[4,4,3,3,4,1,4,2,3,4],"averageObj":[756.373561492935,609.952053518725,802.9908562899298,704.5712142079502,759.256166449646,855.3414165428491,696.453752620545,651.5653183762349,773.3407840194398,848.521778175186],"slackBeforeALNS":0,"nInitialNotServicedFixedRequests":[0,0,0,0,0,0,0,0,0,0],"averageNotServicedExpectedRequests":[5.4,4.0,6.2,5.0,5.5,6.8,5.0,4.5,5.9,6.5],"runId":["Run 1","Run 2","Run 3","Run 4","Run 5","Run 6","Run 7","Run 8","Run 9","Run 10"]}