{"slackAfterALNS":0,"nInitialNotServicedExpectedRequests":[19,16,16,17,18],"averageObj":[6154.028988871599,5688.228469274059,5791.993816345099,6347.013144229671,6536.576604435686],"slackBeforeALNS":0,"nInitialNotServicedFixedRequests":[0,0,0,0,0],"averageNotServicedExpectedRequests":[32.1,27.4,27.9,34.3,36.9],"ALNSIterations":[4588,4359,4694,4377,4649],"runId":["Run 1","Run 2","Run 3","Run 4","Run 5"]}