{"slackAfterALNS":0,"nInitialNotServicedExpectedRequests":[19,21,20,21,25],"averageObj":[5998.720105687071,6168.720435704657,5781.449772605827,6569.866957368916,6038.232026047679],"slackBeforeALNS":0,"nInitialNotServicedFixedRequests":[0,0,0,0,0],"averageNotServicedExpectedRequests":[29.4,31.6,27.8,35.1,30.6],"ALNSIterations":[4209,3856,3961,4156,3576],"runId":["Run 1","Run 2","Run 3","Run 4","Run 5"]}