{"slackAfterALNS":0,"nInitialNotServicedExpectedRequests":[0,1,0,0,0,0,0,0,0,0],"averageObj":[3805.955799125426,3818.1322673563454,3878.676482276563,3638.152238307717,3872.659496038069,3770.0815137422774,3922.007425649391,3690.5246875307266,3921.472783970097,3767.018328567204],"slackBeforeALNS":0,"nInitialNotServicedFixedRequests":[0,0,0,0,0,0,0,0,0,0],"averageNotServicedExpectedRequests":[8.3,8.4,8.7,6.3,8.8,7.5,9.3,7.0,9.5,7.7],"runId":["Run 1","Run 2","Run 3","Run 4","Run 5","Run 6","Run 7","Run 8","Run 9","Run 10"]}