{"slackAfterALNS":0,"nInitialNotServicedExpectedRequests":[0,0,1,0,0,0,0,0,0,0],"averageObj":[5843.395498962182,5870.9231891555955,5619.128065568874,5503.233279781307,5742.16867165699,5627.726773931295,5718.921744023313,5826.252238439705,5893.269541646689,5779.377224873239],"slackBeforeALNS":0,"nInitialNotServicedFixedRequests":[1,1,1,1,1,1,1,1,1,1],"averageNotServicedExpectedRequests":[8.9,9.0,6.4,4.9,7.9,6.4,7.2,8.6,9.2,8.0],"runId":["Run 1","Run 2","Run 3","Run 4","Run 5","Run 6","Run 7","Run 8","Run 9","Run 10"]}