{"slackAfterALNS":0,"nInitialNotServicedExpectedRequests":[0,1,0,0,0,0,0,0,0,0],"averageObj":[3885.720838281045,3635.103492180434,3759.518821985877,3824.9464904048027,3837.7985989925523,3753.228337791382,4045.334062191272,4030.173884909319,3645.6130769225856,3744.030334460491],"slackBeforeALNS":0,"nInitialNotServicedFixedRequests":[0,0,0,0,0,0,0,0,0,0],"averageNotServicedExpectedRequests":[8.9,6.4,7.5,8.4,8.6,7.6,10.6,10.6,6.5,7.3],"runId":["Run 1","Run 2","Run 3","Run 4","Run 5","Run 6","Run 7","Run 8","Run 9","Run 10"]}