{"slackAfterALNS":0,"nInitialNotServicedExpectedRequests":[0,0,0,1,0,0,0,0,0,0],"averageObj":[3866.3914126980985,3798.9021462887185,3948.0445173577646,3935.6219047006316,3917.5562269824777,4195.264968055303,3967.9226936131663,3572.5718496355685,3806.6567409916242,3919.518078944688],"slackBeforeALNS":0,"nInitialNotServicedFixedRequests":[0,0,0,0,0,0,0,0,0,0],"averageNotServicedExpectedRequests":[8.9,8.1,9.6,9.4,9.3,12.3,9.7,5.6,8.1,9.3],"runId":["Run 1","Run 2","Run 3","Run 4","Run 5","Run 6","Run 7","Run 8","Run 9","Run 10"]}