{"slackAfterALNS":0,"nInitialNotServicedExpectedRequests":[0,0,2,2,0,1,2,0,0,1],"averageObj":[3654.0528173481425,4133.50086323326,3682.5820176222123,4122.1414889556145,3853.3686089126522,3746.887987070136,3818.8976979244508,3938.8087656973266,4076.2256455060387,3898.7708100940754],"slackBeforeALNS":0,"nInitialNotServicedFixedRequests":[0,0,0,0,0,0,0,0,0,0],"averageNotServicedExpectedRequests":[6.2,11.5,7.0,11.6,8.5,7.3,8.3,9.6,11.0,9.3],"runId":["Run 1","Run 2","Run 3","Run 4","Run 5","Run 6","Run 7","Run 8","Run 9","Run 10"]}