{"slackAfterALNS":0,"nInitialNotServicedExpectedRequests":[1,6,14,7,3],"averageObj":[5502.57651107452,5767.652782511612,7290.568918559288,7957.306435759737,5462.159160535637],"slackBeforeALNS":0,"nInitialNotServicedFixedRequests":[0,0,1,1,0],"averageNotServicedExpectedRequests":[23.6,26.3,20.5,29.0,23.2],"ALNSIterations":[4759,4832,4585,4629,4222],"runId":["Run 1","Run 2","Run 3","Run 4","Run 5"]}