{"slackAfterALNS":0,"nInitialNotServicedExpectedRequests":[3,3,7,4,6],"averageObj":[7723.309214277261,5469.318545298387,5534.991081467436,5281.390679782982,5171.5662255337975],"slackBeforeALNS":0,"nInitialNotServicedFixedRequests":[1,0,0,0,0],"averageNotServicedExpectedRequests":[26.9,22.8,24.1,21.9,20.3],"ALNSIterations":[5145,4624,4416,4510,4557],"runId":["Run 1","Run 2","Run 3","Run 4","Run 5"]}