{"slackAfterALNS":0,"nInitialNotServicedExpectedRequests":[6,6,1,8,6],"averageObj":[5655.898382339268,5849.961290106533,7161.047686742388,10075.19881834093,8035.33111104839],"slackBeforeALNS":0,"nInitialNotServicedFixedRequests":[0,0,1,2,1],"averageNotServicedExpectedRequests":[24.6,27.6,19.7,30.0,28.6],"ALNSIterations":[4579,4437,4274,4253,4045],"runId":["Run 1","Run 2","Run 3","Run 4","Run 5"]}