{"slackAfterALNS":0,"nInitialNotServicedExpectedRequests":[5,6,8,8,10],"averageObj":[7469.168121758909,5763.1122248798565,11136.761185980236,9658.654379719677,5521.739438317963],"slackBeforeALNS":0,"nInitialNotServicedFixedRequests":[1,0,3,2,0],"averageNotServicedExpectedRequests":[22.5,26.0,18.8,24.0,24.2],"ALNSIterations":[3608,4012,4185,4231,4345],"runId":["Run 1","Run 2","Run 3","Run 4","Run 5"]}