{"slackAfterALNS":0,"nInitialNotServicedExpectedRequests":[1,14,7,15,4],"averageObj":[7491.6064864364525,5486.915523848319,7802.004666258645,9716.929442952975,5172.229458377525],"slackBeforeALNS":0,"nInitialNotServicedFixedRequests":[1,0,1,2,0],"averageNotServicedExpectedRequests":[24.6,24.0,28.2,26.3,21.0],"ALNSIterations":[3826,4485,4544,4664,4296],"runId":["Run 1","Run 2","Run 3","Run 4","Run 5"]}