{"slackAfterALNS":0,"nInitialNotServicedExpectedRequests":[8,6,5,3,9],"averageObj":[5525.202863560552,5541.270460448846,7494.749135193604,5578.105576206835,7527.422962141878],"slackBeforeALNS":0,"nInitialNotServicedFixedRequests":[0,0,1,0,1],"averageNotServicedExpectedRequests":[22.0,22.8,22.5,23.6,23.5],"ALNSIterations":[4188,4767,4218,4412,4298],"runId":["Run 1","Run 2","Run 3","Run 4","Run 5"]}