{"slackAfterALNS":0,"nInitialNotServicedExpectedRequests":[4,6,9,6,5],"averageObj":[6534.044599558722,12966.394584174794,10307.747448741813,12711.172667543009,10618.001383372235],"slackBeforeALNS":0,"nInitialNotServicedFixedRequests":[1,4,3,4,3],"averageNotServicedExpectedRequests":[13.0,18.0,12.0,15.0,14.0],"ALNSIterations":[2553,1886,1155,1188,1187],"runId":["Run 1","Run 2","Run 3","Run 4","Run 5"]}