{"slackAfterALNS":0,"nInitialNotServicedExpectedRequests":[7,6,6,7,12],"averageObj":[4646.998519563666,4942.821085137229,4755.634194643935,4726.156904978263,9196.262267133692],"slackBeforeALNS":0,"nInitialNotServicedFixedRequests":[0,0,0,0,2],"averageNotServicedExpectedRequests":[14.0,18.0,16.0,14.0,19.0],"ALNSIterations":[2048,2095,2173,2189,2159],"runId":["Run 1","Run 2","Run 3","Run 4","Run 5"]}