{"slackAfterALNS":0,"nInitialNotServicedExpectedRequests":[7,1,5,5,5],"averageObj":[9317.144161521832,11273.964262551295,11344.332100275453,7358.825849110831,6738.198084951841],"slackBeforeALNS":0,"nInitialNotServicedFixedRequests":[2,3,3,1,1],"averageNotServicedExpectedRequests":[20.7,20.6,21.7,21.8,14.5],"ALNSIterations":[1604,1454,1470,1485,1578],"runId":["Run 1","Run 2","Run 3","Run 4","Run 5"]}