{"slackAfterALNS":0,"nInitialNotServicedExpectedRequests":[26,26,28,20,21],"averageObj":[6644.62890465072,6586.994539242604,6454.01335479256,6141.9892906610985,6504.780295961794],"slackBeforeALNS":0,"nInitialNotServicedFixedRequests":[0,0,0,0,0],"averageNotServicedExpectedRequests":[37.3,36.8,35.3,31.7,36.0],"ALNSIterations":[4496,4637,4130,3725,5178],"runId":["Run 1","Run 2","Run 3","Run 4","Run 5"]}