{"slackAfterALNS":0,"nInitialNotServicedExpectedRequests":[11,14,13,13,14],"averageObj":[5258.24739507587,5665.342611583712,5592.6042194551455,5838.394339535585,5606.4164775778545],"slackBeforeALNS":0,"nInitialNotServicedFixedRequests":[0,0,0,0,0],"averageNotServicedExpectedRequests":[22.1,25.8,25.3,27.3,26.0],"ALNSIterations":[3873,5617,4248,4382,4070],"runId":["Run 1","Run 2","Run 3","Run 4","Run 5"]}