{"slackAfterALNS":0,"nInitialNotServicedExpectedRequests":[20,23,13,28,23],"averageObj":[6133.209854433133,5773.992350423092,6068.159443121479,6063.35969748296,6468.101667647098],"slackBeforeALNS":0,"nInitialNotServicedFixedRequests":[0,0,0,0,0],"averageNotServicedExpectedRequests":[31.1,27.5,31.1,30.5,35.2],"ALNSIterations":[4738,3152,4531,5284,4790],"runId":["Run 1","Run 2","Run 3","Run 4","Run 5"]}