{"slackAfterALNS":0,"nInitialNotServicedExpectedRequests":[11,15,13,21,19],"averageObj":[5963.591275188763,5765.221633110608,5891.424048461995,6112.174360849783,6059.458173717541],"slackBeforeALNS":0,"nInitialNotServicedFixedRequests":[0,0,0,0,0],"averageNotServicedExpectedRequests":[29.6,27.5,29.0,30.9,30.9],"ALNSIterations":[5838,3778,5756,4358,5804],"runId":["Run 1","Run 2","Run 3","Run 4","Run 5"]}