{"slackAfterALNS":0,"nInitialNotServicedExpectedRequests":[6,7,8,15,6],"averageObj":[4992.093975691568,5155.981177354522,7112.055475795287,8710.697599681878,6828.748650782285],"slackBeforeALNS":0,"nInitialNotServicedFixedRequests":[0,0,1,2,1],"averageNotServicedExpectedRequests":[19.0,21.0,21.0,15.0,16.0],"ALNSIterations":[4588,4810,4523,4702,5087],"runId":["Run 1","Run 2","Run 3","Run 4","Run 5"]}