{"slackAfterALNS":0,"nInitialNotServicedExpectedRequests":[4,3,5,2,3],"averageObj":[7279.790787437285,4562.507025063349,4906.460934724904,5086.249262282619,4427.0508398100765],"slackBeforeALNS":0,"nInitialNotServicedFixedRequests":[1,0,0,0,0],"averageNotServicedExpectedRequests":[22.0,15.0,19.0,20.0,14.0],"ALNSIterations":[4473,4671,4577,4533,4939],"runId":["Run 1","Run 2","Run 3","Run 4","Run 5"]}