{"slackAfterALNS":0,"nInitialNotServicedExpectedRequests":[13,7,8,11,9],"averageObj":[8878.374461972475,4457.010584304116,7191.118827458662,4822.5382148871795,9793.851851982445],"slackBeforeALNS":0,"nInitialNotServicedFixedRequests":[2,0,1,0,2],"averageNotServicedExpectedRequests":[17.0,13.0,20.0,17.0,28.0],"ALNSIterations":[4430,4539,4475,4478,4805],"runId":["Run 1","Run 2","Run 3","Run 4","Run 5"]}