ScenarioName,TotalElapsedTime,AverageResponseTime,EventsInsertedByALNS,nTaxi,TotalCost,TotalDistance,TotalIdleTime,TotalIdleTimeWithCustomer,TotalRideTime,TotalDirectRideTime,TotalActualRideTime,nOfflineRequests,UnservicedOfflineRequest,nOnlineRequests,UnservicedOnlineRequests,AveragePercentRideSharing,ExcessRideTimePrServicedRequest,TotalEmptyRelocationTime,TotalNumberOfRequestsOverlapIdleVehicle,TotalDriveTimeToNearestIdleVehicle
Gen_Data_500_0.7_1_Run1,4086.28,8.17,20,78,82512.06806216354,19465.796652177574,8844,114,30506,8728,9599,0,0,500,78,4.554,1.742,7454,475,9912
Gen_Data_500_0.7_3_Run1,4091.43,8.18,24,80,84381.13534289061,19461.39969153543,8833,23,30470,8906,9560,0,0,500,80,4.193,1.308,7522,471,10432
Gen_Data_500_0.7_4_Run1,3830.91,7.66,22,62,66686.77763852048,20294.37872049468,8898,56,31464,9154,10005,0,0,500,62,5.086,1.702,7919,485,10029
Gen_Data_500_0.7_5_Run1,4077.91,8.16,17,73,77428.99758703688,19949.7846806719,9245,43,31411,8732,9259,0,0,500,73,2.938,1.054,8333,489,9964
Gen_Data_500_0.7_6_Run1,4022.19,8.04,24,71,75569.6438112576,19417.35862968232,8642,28,30290,8930,9758,0,0,500,71,6.279,1.656,7360,487,11368
Gen_Data_500_0.7_7_Run1,4142.75,8.28,25,79,83502.97079231332,20161.614875984924,8293,58,30640,8948,9791,0,0,500,79,4.369,1.686,8050,454,9881
Gen_Data_500_0.7_8_Run1,3998.01,8.0,23,76,80501.35795982822,20176.164958276648,7767,0,30116,9203,10060,0,0,500,76,5.337,1.714,8069,452,9085
Gen_Data_500_0.7_9_Run1,4235.85,8.47,14,95,99297.33905292598,19149.980778654033,8989,54,30237,8611,9457,0,0,500,95,5.28,1.692,8129,486,10425
Gen_Data_500_0.7_10_Run1,4342.27,8.68,22,76,80426.75706153622,19822.500777835525,8772,45,30799,9202,9831,0,0,500,76,3.368,1.258,7620,479,10508
