{"slackAfterALNS":0,"nInitialNotServicedExpectedRequests":[11,10,9,10,11],"averageObj":[2529.6809668021915,2435.767289497176,2319.5245737252844,2426.5007565677615,2496.2356197281442],"slackBeforeALNS":0,"nInitialNotServicedFixedRequests":[0,0,0,0,0],"averageNotServicedExpectedRequests":[16.0,15.0,14.0,15.0,16.0],"ALNSIterations":[23730,20203,19614,17667,16894],"runId":["Run 1","Run 2","Run 3","Run 4","Run 5"]}