{"slackAfterALNS":0,"nInitialNotServicedExpectedRequests":[9,9,9,8,6],"averageObj":[2313.087623361247,2344.6704019782,2399.040721271576,2326.841246413555,1803.610653258605],"slackBeforeALNS":0,"nInitialNotServicedFixedRequests":[0,0,0,0,0],"averageNotServicedExpectedRequests":[14.0,14.0,15.0,14.0,8.0],"ALNSIterations":[17644,22725,21019,16351,19153],"runId":["Run 1","Run 2","Run 3","Run 4","Run 5"]}