{"slackAfterALNS":0,"nInitialNotServicedExpectedRequests":[10,9,10,10,10],"averageObj":[2335.2564554331534,2384.395244147815,2261.7028312866973,2403.8187663053254,2222.96121334063],"slackBeforeALNS":0,"nInitialNotServicedFixedRequests":[0,0,0,0,0],"averageNotServicedExpectedRequests":[14.0,15.0,13.0,15.0,13.0],"ALNSIterations":[20863,20253,19968,15913,20838],"runId":["Run 1","Run 2","Run 3","Run 4","Run 5"]}