{"slackAfterALNS":0,"nInitialNotServicedExpectedRequests":[11,13,12,11,15],"averageObj":[2413.203222970938,2531.591225995705,2644.5517413813573,2452.345495210247,2778.385155834068],"slackBeforeALNS":0,"nInitialNotServicedFixedRequests":[0,0,0,0,0],"averageNotServicedExpectedRequests":[14.0,15.0,16.0,15.0,18.0],"ALNSIterations":[17177,20539,19279,17016,21598],"runId":["Run 1","Run 2","Run 3","Run 4","Run 5"]}