{"slackAfterALNS":0,"nInitialNotServicedExpectedRequests":[15,13,13,13,14],"averageObj":[2745.1266451463016,2517.7988116358288,2611.943992932254,2489.8755372404844,2806.11767700002],"slackBeforeALNS":0,"nInitialNotServicedFixedRequests":[0,0,0,0,0],"averageNotServicedExpectedRequests":[19.0,16.0,17.0,15.0,19.0],"ALNSIterations":[22459,19216,18568,19443,18449],"runId":["Run 1","Run 2","Run 3","Run 4","Run 5"]}