{"slackAfterALNS":0,"nInitialNotServicedExpectedRequests":[10,10,13,11,10],"averageObj":[2841.332127201175,2668.1168596776597,2824.2870615718975,2655.235159236054,2401.967655286737],"slackBeforeALNS":0,"nInitialNotServicedFixedRequests":[0,0,0,0,0],"averageNotServicedExpectedRequests":[19.0,17.0,19.0,17.0,14.0],"ALNSIterations":[19380,22256,15908,19796,15618],"runId":["Run 1","Run 2","Run 3","Run 4","Run 5"]}