{"slackAfterALNS":0,"nInitialNotServicedExpectedRequests":[10,6,8,6,9],"averageObj":[2501.825228356021,2213.0746448932446,2494.893009688221,2562.4502061536373,2268.626399050631],"slackBeforeALNS":0,"nInitialNotServicedFixedRequests":[0,0,0,0,0],"averageNotServicedExpectedRequests":[16.0,12.0,15.0,16.0,13.0],"ALNSIterations":[20596,16425,18320,19690,16606],"runId":["Run 1","Run 2","Run 3","Run 4","Run 5"]}