{"slackAfterALNS":0,"nInitialNotServicedExpectedRequests":[1,0,0,0,1],"averageObj":[3263.808774696788,3134.297475693267,3066.60712461287,3185.3582426797425,3481.5180073671327],"slackBeforeALNS":0,"nInitialNotServicedFixedRequests":[0,0,0,0,0],"averageNotServicedExpectedRequests":[2.0,1.0,0.0,1.0,5.0],"ALNSIterations":[1927,1961,1943,1997,1718],"runId":["Run 1","Run 2","Run 3","Run 4","Run 5"]}