{"slackAfterALNS":0,"nInitialNotServicedExpectedRequests":[1,1,1,1,2],"averageObj":[3606.4002525252536,3337.359958278438,3213.8192004074367,3445.0756639051788,3080.7186135120905],"slackBeforeALNS":0,"nInitialNotServicedFixedRequests":[0,0,0,0,0],"averageNotServicedExpectedRequests":[6.0,3.0,2.0,4.0,0.0],"ALNSIterations":[2143,2073,2144,2098,1946],"runId":["Run 1","Run 2","Run 3","Run 4","Run 5"]}