{"slackAfterALNS":0,"nInitialNotServicedExpectedRequests":[0,0,0,0,0],"averageObj":[3451.801852268246,3271.013730941923,3819.9592552930853,4436.341547574603,3428.4797797473248],"slackBeforeALNS":0,"nInitialNotServicedFixedRequests":[0,0,0,0,0],"averageNotServicedExpectedRequests":[3.0,1.0,8.0,14.0,4.0],"ALNSIterations":[1786,1821,1883,1832,1698],"runId":["Run 1","Run 2","Run 3","Run 4","Run 5"]}