{"slackAfterALNS":0,"nInitialNotServicedExpectedRequests":[3,3,3,2,2],"averageObj":[3395.770003676378,3770.1701480933853,3642.7804196515217,3893.5267484640653,3530.21277814499],"slackBeforeALNS":0,"nInitialNotServicedFixedRequests":[0,0,0,0,0],"averageNotServicedExpectedRequests":[3.0,8.0,6.0,9.0,5.0],"ALNSIterations":[1998,1949,2063,2051,2259],"runId":["Run 1","Run 2","Run 3","Run 4","Run 5"]}