{"slackAfterALNS":0,"nInitialNotServicedExpectedRequests":[2,0,1,2,1],"averageObj":[3305.915324487116,3369.224691159121,3505.7369759573694,3364.1611781116053,3237.7185329595945],"slackBeforeALNS":0,"nInitialNotServicedFixedRequests":[0,0,0,0,0],"averageNotServicedExpectedRequests":[3.0,3.0,5.0,3.0,1.0],"ALNSIterations":[1906,1979,1932,1940,2187],"runId":["Run 1","Run 2","Run 3","Run 4","Run 5"]}