{"slackAfterALNS":0,"nInitialNotServicedExpectedRequests":[0,0,0,0,0],"averageObj":[3370.8886980814777,3439.4834976316715,3068.164514853757,3161.006610979501,3089.6498641144976],"slackBeforeALNS":0,"nInitialNotServicedFixedRequests":[0,0,0,0,0],"averageNotServicedExpectedRequests":[3.0,4.0,0.0,1.0,0.0],"ALNSIterations":[1922,1957,1967,1926,2219],"runId":["Run 1","Run 2","Run 3","Run 4","Run 5"]}