{"slackAfterALNS":0,"nInitialNotServicedExpectedRequests":[6,2,4,6,4],"averageObj":[3896.204649095439,3444.3397488213304,3818.319701800596,3448.155580177853,3794.039112247273],"slackBeforeALNS":0,"nInitialNotServicedFixedRequests":[0,0,0,0,0],"averageNotServicedExpectedRequests":[9.0,4.0,9.0,4.0,8.0],"ALNSIterations":[2149,2190,2155,2167,1971],"runId":["Run 1","Run 2","Run 3","Run 4","Run 5"]}