{"slackAfterALNS":0,"nInitialNotServicedExpectedRequests":[1,1,2,2,1],"averageObj":[3336.354315791107,3359.0834592643632,3187.1380977009035,3223.965600871019,3394.4425270416114],"slackBeforeALNS":0,"nInitialNotServicedFixedRequests":[0,0,0,0,0],"averageNotServicedExpectedRequests":[3.0,3.0,2.0,2.0,4.0],"ALNSIterations":[2177,2116,2097,2152,1945],"runId":["Run 1","Run 2","Run 3","Run 4","Run 5"]}