{"slackAfterALNS":0,"nInitialNotServicedExpectedRequests":[3,10,7,11,10],"averageObj":[7181.798406895378,9536.731598277325,11307.322576525949,9146.975296342576,17445.811923592344],"slackBeforeALNS":0,"nInitialNotServicedFixedRequests":[1,2,3,2,6],"averageNotServicedExpectedRequests":[19.4,24.6,21.4,19.4,23.9],"ALNSIterations":[2449,1850,1814,1997,1710],"runId":["Run 1","Run 2","Run 3","Run 4","Run 5"]}