{"slackAfterALNS":0,"nInitialNotServicedExpectedRequests":[3,10,7,5,3],"averageObj":[5296.551685312913,7580.281235036789,11748.533324723154,7940.103728611868,7260.208010325226],"slackBeforeALNS":0,"nInitialNotServicedFixedRequests":[0,1,3,1,1],"averageNotServicedExpectedRequests":[21.6,24.6,26.6,29.0,20.9],"ALNSIterations":[2553,2470,1815,1893,2488],"runId":["Run 1","Run 2","Run 3","Run 4","Run 5"]}