{"slackAfterALNS":0,"nInitialNotServicedExpectedRequests":[8,7,8,7,13],"averageObj":[9939.035625794804,7871.822926217576,11924.073723822044,7351.3221110991635,15839.964172335578],"slackBeforeALNS":0,"nInitialNotServicedFixedRequests":[2,1,3,1,5],"averageNotServicedExpectedRequests":[27.8,26.7,28.0,21.9,27.4],"ALNSIterations":[1656,1674,2115,2152,1668],"runId":["Run 1","Run 2","Run 3","Run 4","Run 5"]}