{"slackAfterALNS":0,"nInitialNotServicedExpectedRequests":[10,7,7,7,10],"averageObj":[4573.665233765663,4133.628948836543,2576.1770698142104,4276.3447946262595,2416.298411915093],"slackBeforeALNS":0,"nInitialNotServicedFixedRequests":[1,1,0,1,0],"averageNotServicedExpectedRequests":[17.0,12.0,17.0,14.0,15.0],"ALNSIterations":[17508,17794,17345,17496,17208],"runId":["Run 1","Run 2","Run 3","Run 4","Run 5"]}