{"slackAfterALNS":0,"nInitialNotServicedExpectedRequests":[6,11,11,10,9],"averageObj":[3950.4697555417197,2418.410096755229,2412.3243267145954,2260.4972970014933,4264.499442145622],"slackBeforeALNS":0,"nInitialNotServicedFixedRequests":[1,0,0,0,1],"averageNotServicedExpectedRequests":[10.0,15.0,15.0,13.0,13.0],"ALNSIterations":[20065,19850,19755,19785,20214],"runId":["Run 1","Run 2","Run 3","Run 4","Run 5"]}