{"slackAfterALNS":0,"nInitialNotServicedExpectedRequests":[7,5,4,7,5],"averageObj":[2352.6045170668135,2233.4583550928332,1705.2687122581488,2154.4853072094775,1981.6069312339637],"slackBeforeALNS":0,"nInitialNotServicedFixedRequests":[0,0,0,0,0],"averageNotServicedExpectedRequests":[14.0,13.0,7.0,12.0,10.0],"ALNSIterations":[20066,20921,21673,20363,21294],"runId":["Run 1","Run 2","Run 3","Run 4","Run 5"]}