{"slackAfterALNS":0,"nInitialNotServicedExpectedRequests":[15,10,10,10,10],"averageObj":[4862.546492548455,4329.947589115616,4234.626184912221,4410.343719641669,4669.4826605989165],"slackBeforeALNS":0,"nInitialNotServicedFixedRequests":[1,1,1,1,1],"averageNotServicedExpectedRequests":[19.0,13.0,12.0,14.0,17.0],"ALNSIterations":[19584,20262,19464,19060,20098],"runId":["Run 1","Run 2","Run 3","Run 4","Run 5"]}