{"slackAfterALNS":0,"nInitialNotServicedExpectedRequests":[7,4,8,13,6],"averageObj":[5734.796418783716,7412.153525414474,11704.159260186618,11938.58762719753,9913.534747493999],"slackBeforeALNS":0,"nInitialNotServicedFixedRequests":[0,1,3,3,2],"averageNotServicedExpectedRequests":[25.5,22.5,25.9,28.6,28.1],"ALNSIterations":[5170,4579,4566,4575,4483],"runId":["Run 1","Run 2","Run 3","Run 4","Run 5"]}