{"slackAfterALNS":0,"nInitialNotServicedExpectedRequests":[10,7,8,3,4],"averageObj":[11118.00099259489,7476.750685803061,5347.5178562438105,7346.182966921071,11309.83471743813],"slackBeforeALNS":0,"nInitialNotServicedFixedRequests":[3,1,0,1,3],"averageNotServicedExpectedRequests":[19.4,22.1,21.3,21.7,21.0],"ALNSIterations":[3163,4897,5356,3627,4564],"runId":["Run 1","Run 2","Run 3","Run 4","Run 5"]}