{"slackAfterALNS":0,"nInitialNotServicedExpectedRequests":[5,5,5,6,7],"averageObj":[5753.658449348992,5606.722574837731,7435.462761817817,5570.561104747125,5505.703836456336],"slackBeforeALNS":0,"nInitialNotServicedFixedRequests":[0,0,1,0,0],"averageNotServicedExpectedRequests":[25.4,24.2,22.0,24.3,22.7],"ALNSIterations":[4603,4125,5318,4578,4747],"runId":["Run 1","Run 2","Run 3","Run 4","Run 5"]}