{"runId":["Run 1","Run 2","Run 3","Run 4","Run 5"],"averageObj":[10889.534120028156,13414.850058401335,7211.498802338681,10319.215222342284,13024.8383337784],"averageNotServicedExpectedRequests":[18.3,24.1,21.1,30.1,19.8],"nInitialNotServicedFixedRequests":[3,4,1,2,4],"nInitialNotServicedExpectedRequests":[2,12,8,34,15],"ALNSIterations":[210,246,190,227,257]}