id,pickup_latitude,pickup_longitude,dropoff_latitude,dropoff_longitude,request_type,request_time,mobility_type,call_time,direct_drive_time
1,60.32422939868616,10.770720367048755,59.9212225616728,11.4791133170706,0,868,WALKING,840,60
2,60.285847795161075,11.51284631469069,60.50974048239072,10.849430694828959,0,1037,WALKING,1022,45
3,60.074748975773126,11.535334979770747,59.97879496696042,11.467868984530572,0,751,WALKING,736,12
4,60.08754284361482,11.31044832897016,60.04276430616889,11.254226666270014,0,911,WALKING,893,6
5,59.66534520483892,10.65827704164846,59.58858199778876,10.714498704348607,0,944,WALKING,921,10
6,60.42018340749886,10.894408024989076,60.40738953965717,11.051828680549487,0,905,WALKING,880,9
7,60.20908458811091,11.040584348009459,60.285847795161075,11.051828680549487,0,1063,WALKING,1053,9
8,60.2346723237943,11.31044832897016,59.98519190088127,11.63653397263101,0,1025,WALKING,1008,34
9,60.11313057929821,11.16427200594978,59.96600109911873,11.063073013089516,0,976,WALKING,952,18
10,59.64615440307638,11.524090647230718,59.62056666739299,11.625289640090982,0,882,WALKING,862,7
11,59.889237892068564,10.748231701968695,60.02357350440635,11.198005003569868,0,1044,WALKING,1042,30
12,59.870047090306024,10.939385355149193,59.53740652642198,10.804453364668841,0,909,WALKING,879,38
13,60.413786473578014,10.950629687689224,60.432977275340555,10.748231701968695,0,1055,WALKING,1032,12
14,59.953207231277034,11.366669991670308,59.60137586563045,10.905652357529107,0,905,WALKING,878,47
15,60.2346723237943,11.467868984530572,59.85725322246433,10.692010039268549,0,1087,WALKING,1073,61
16,59.60137586563045,10.939385355149193,60.0299704383272,11.33293699405022,0,957,WALKING,927,53
17,60.09393977753567,11.456624651990541,60.266656993398534,11.130539008329691,0,1007,WALKING,1006,27
18,59.66534520483892,10.66952137418849,59.65255133699723,10.98436268530931,0,807,WALKING,792,18
19,60.183496852427524,11.715244300411216,60.47135887886564,11.31044832897016,0,931,WALKING,918,40
20,60.00438270264381,10.894408024989076,59.94041336343534,11.16427200594978,0,527,WALKING,502,17
