id,pickup_latitude,pickup_longitude,dropoff_latitude,dropoff_longitude,request_type,request_time,mobility_type,call_time,direct_drive_time
1,59.927619495593646,10.871919359909018,60.04276430616889,11.366669991670308,0,919,WALKING,911,31
2,59.66534520483892,11.242982333729985,59.63336053523469,11.389158656750366,0,669,WALKING,658,9
3,60.38180180397378,11.33293699405022,60.330626332607004,11.254226666270014,0,1104,WALKING,1088,8
4,59.85725322246433,11.287959663890103,59.89563482598941,11.16427200594978,0,885,WALKING,882,9
5,59.69093294052231,11.209249336109897,59.722917610126544,11.321692661510191,0,945,WALKING,928,8
6,60.50334354846987,11.209249336109897,60.45856501102394,11.175516338489809,0,844,WALKING,833,6
7,60.305038596923616,11.501601982150659,60.27945086124023,11.546579312310776,0,904,WALKING,882,4
8,59.74850534580993,11.018095682929399,59.703726808364,10.770720367048755,0,927,WALKING,898,15
9,60.29224472908192,11.00685135038937,59.991588834802116,11.299203996430132,0,1083,WALKING,1081,38
10,59.58858199778876,10.590811046408286,59.89563482598941,10.871919359909018,0,559,WALKING,557,38
11,59.91482562775195,10.467123388467963,59.89563482598941,10.230992405127347,0,972,WALKING,952,14
12,60.08754284361482,11.33293699405022,59.66534520483892,10.759476034508724,0,971,WALKING,970,57
13,60.09393977753567,11.400402989290395,60.221878455952606,11.029340015469428,0,542,WALKING,516,25
14,60.0299704383272,11.996352613911949,60.02357350440635,11.703999967871187,0,1002,WALKING,997,17
15,60.04276430616889,11.265470998810043,60.42018340749886,10.781964699588784,0,1235,WALKING,1218,50
16,60.02357350440635,10.928141022609164,59.93401642951449,10.995607017849341,0,969,WALKING,956,11
17,59.870047090306024,11.220493668649926,60.06195510793143,11.096806010709605,0,539,WALKING,522,23
18,60.330626332607004,11.198005003569868,60.04276430616889,11.321692661510191,0,1251,WALKING,1232,33
19,59.844459354622636,10.871919359909018,59.87644402422687,11.15302767340975,0,923,WALKING,897,17
20,59.908428693831105,10.388413060687757,59.95960416519788,10.422146058307845,0,760,WALKING,731,6
