id,pickup_latitude,pickup_longitude,dropoff_latitude,dropoff_longitude,request_type,request_time,mobility_type,call_time,direct_drive_time
1,59.550200394263676,10.759476034508724,59.8124746850184,11.33293699405022,0,906,WALKING,895,44
2,59.93401642951449,12.063818609152126,59.927619495593646,11.782710295651393,0,983,WALKING,960,16
3,60.17709991850668,11.231738001189957,60.17709991850668,11.287959663890103,0,1053,WALKING,1045,4
4,59.889237892068564,10.916896690069136,59.90203175991026,11.18676067102984,0,890,WALKING,865,16
5,60.29864166300277,11.287959663890103,59.88284095814772,10.86067502736899,0,876,WALKING,867,52
6,59.953207231277034,10.961874020229253,59.85085628854348,10.894408024989076,0,826,WALKING,824,12
7,60.63767916080766,10.973118352769282,60.56731288767834,10.883163692449047,0,1024,WALKING,997,10
8,60.35621406829039,11.344181326590249,60.330626332607004,11.389158656750366,0,640,WALKING,628,4
9,60.33702326652785,11.096806010709605,60.29864166300277,11.141783340869722,0,1336,WALKING,1332,5
10,60.24746619163599,11.119294675789662,60.388198737894626,11.175516338489809,0,857,WALKING,832,16
11,60.349817134369545,11.535334979770747,60.40738953965717,11.501601982150659,0,863,WALKING,861,7
12,59.594978931709605,10.83818636228893,59.8124746850184,10.545833716248168,0,849,WALKING,839,30
13,59.697329874443156,10.624544044028374,59.614169733472146,10.692010039268549,0,819,WALKING,789,10
14,59.87644402422687,10.714498704348607,60.183496852427524,11.265470998810043,0,579,WALKING,574,46
15,59.88284095814772,10.500856386088051,59.81887161893925,10.647032709108432,0,893,WALKING,869,11
16,60.36261100221124,11.254226666270014,60.38180180397378,11.209249336109897,0,927,WALKING,908,4
17,60.52253435023241,11.029340015469428,60.52893128415326,11.074317345629545,0,943,WALKING,933,3
18,59.69093294052231,10.781964699588784,60.0299704383272,11.546579312310776,0,796,WALKING,779,57
19,60.119527513219055,11.15302767340975,59.991588834802116,11.366669991670308,0,988,WALKING,964,19
20,59.780490015414166,10.781964699588784,59.85725322246433,10.557078048788197,0,970,WALKING,940,16
