id,pickup_latitude,pickup_longitude,dropoff_latitude,dropoff_longitude,request_type,request_time,mobility_type,call_time,direct_drive_time
1,60.119527513219055,11.614045307550953,60.13232138106075,11.557823644850806,0,1042,WALKING,1012,4
2,59.63975746915553,11.321692661510191,59.62696360131384,11.299203996430132,0,922,WALKING,902,2
3,59.56299426210537,10.826942029748901,59.69093294052231,10.748231701968695,0,921,WALKING,903,15
4,59.972398033039575,11.546579312310776,60.02357350440635,11.4791133170706,0,910,WALKING,899,7
5,60.02357350440635,11.355425659130278,60.06195510793143,11.377914324210337,0,966,WALKING,962,5
6,59.73571147796824,11.580312309930864,59.83166548678094,11.467868984530572,0,926,WALKING,910,13
7,59.991588834802116,11.344181326590249,60.036367372248044,11.51284631469069,0,869,WALKING,846,11
8,60.036367372248044,11.422891654370455,59.97879496696042,11.501601982150659,0,935,WALKING,925,8
9,59.991588834802116,12.097551606772212,60.0171765704855,12.322438257572799,0,1007,WALKING,993,13
10,59.90203175991026,11.074317345629545,59.99798576872296,11.15302767340975,0,1023,WALKING,1002,12
11,60.47135887886564,11.377914324210337,60.2346723237943,11.4791133170706,0,938,WALKING,934,27
12,59.991588834802116,11.00685135038937,59.953207231277034,10.939385355149193,0,1151,WALKING,1123,6
13,60.62488529296596,11.276715331350074,60.074748975773126,11.287959663890103,0,940,WALKING,924,62
14,59.53740652642198,10.624544044028374,59.908428693831105,11.344181326590249,0,910,WALKING,894,58
15,59.68453600660146,11.085561678169574,59.75490227973078,10.973118352769282,0,1015,WALKING,986,11
16,59.531009592501135,10.83818636228893,59.742108411889085,10.950629687689224,0,998,WALKING,984,25
17,60.119527513219055,11.434135986910483,59.77409308149332,11.198005003569868,0,908,WALKING,906,41
18,60.37540487005293,11.018095682929399,60.36261100221124,11.321692661510191,0,1093,WALKING,1078,17
19,60.157909116744136,11.355425659130278,60.074748975773126,11.15302767340975,0,714,WALKING,699,15
20,60.32422939868616,11.029340015469428,59.96600109911873,11.175516338489809,0,688,WALKING,686,41
