id,pickup_latitude,pickup_longitude,dropoff_latitude,dropoff_longitude,request_type,request_time,mobility_type,call_time,direct_drive_time
1,59.95960416519788,11.580312309930864,59.97879496696042,11.501601982150659,0,950,WALKING,925,5
2,60.074748975773126,10.950629687689224,60.036367372248044,11.018095682929399,0,819,WALKING,801,6
3,59.94041336343534,12.198750599632477,59.88284095814772,11.917642286131743,0,927,WALKING,920,17
4,59.825268552860095,11.456624651990541,59.88284095814772,11.231738001189957,0,523,WALKING,496,15
5,60.183496852427524,11.321692661510191,60.10673364537736,11.63653397263101,0,817,WALKING,809,20
6,59.658948270918074,11.198005003569868,59.63975746915553,11.400402989290395,0,664,WALKING,647,12
7,59.93401642951449,10.579566713868257,59.953207231277034,10.624544044028374,0,1016,WALKING,1001,4
8,60.452168077103096,10.905652357529107,60.40099260573632,11.051828680549487,0,802,WALKING,796,10
9,59.71012374228485,10.68076570672852,59.678139072680615,10.883163692449047,0,569,WALKING,543,12
10,59.6077727995513,10.51210071862808,59.54380346034283,10.703254371808578,0,1022,WALKING,1014,13
11,60.50334354846987,11.018095682929399,60.08114590969397,11.130539008329691,0,939,WALKING,913,48
12,60.06835204185228,11.231738001189957,60.32422939868616,11.344181326590249,0,947,WALKING,926,30
13,60.055558174010585,10.995607017849341,60.183496852427524,11.096806010709605,0,1314,WALKING,1293,16
14,60.06835204185228,11.546579312310776,59.98519190088127,11.996352613911949,0,832,WALKING,819,27
15,60.285847795161075,11.242982333729985,60.330626332607004,11.141783340869722,0,831,WALKING,829,8
16,60.38180180397378,10.815697697208872,60.40738953965717,10.939385355149193,0,849,WALKING,847,8
17,60.138718314981595,11.49035764961063,59.91482562775195,11.456624651990541,0,875,WALKING,874,25
18,60.37540487005293,11.299203996430132,59.96600109911873,11.040584348009459,0,957,WALKING,935,48
19,60.0299704383272,11.456624651990541,60.06835204185228,11.198005003569868,0,1188,WALKING,1181,15
20,60.305038596923616,11.141783340869722,60.305038596923616,11.242982333729985,0,797,WALKING,774,6
