id,pickup_latitude,pickup_longitude,dropoff_latitude,dropoff_longitude,request_type,request_time,mobility_type,call_time,direct_drive_time
1,60.138718314981595,10.939385355149193,60.29864166300277,10.961874020229253,0,468,WALKING,459,18
2,59.63336053523469,10.815697697208872,59.97879496696042,11.15302767340975,0,1008,WALKING,994,43
3,60.42658034141971,11.231738001189957,59.91482562775195,10.68076570672852,0,875,WALKING,849,65
4,59.74850534580993,11.231738001189957,59.79328388325586,11.265470998810043,0,850,WALKING,836,6
5,60.00438270264381,11.793954628191422,60.00438270264381,11.591556642470893,0,1040,WALKING,1038,12
6,60.24106925771515,11.141783340869722,59.89563482598941,11.625289640090982,0,988,WALKING,970,47
7,59.66534520483892,11.456624651990541,59.76769614757247,11.276715331350074,0,874,WALKING,866,16
8,60.29224472908192,11.411647321830426,60.25386312555684,11.355425659130278,0,745,WALKING,725,6
9,59.91482562775195,10.871919359909018,60.183496852427524,11.51284631469069,0,976,WALKING,947,47
10,59.90203175991026,11.96261961629186,60.31783246476531,11.040584348009459,0,816,WALKING,786,69
11,60.119527513219055,11.434135986910483,60.29864166300277,11.18676067102984,0,1277,WALKING,1255,25
12,59.88284095814772,11.063073013089516,60.31783246476531,10.894408024989076,0,936,WALKING,906,50
13,60.055558174010585,11.074317345629545,59.98519190088127,10.995607017849341,0,946,WALKING,943,9
14,59.8124746850184,10.500856386088051,59.73571147796824,11.096806010709605,0,881,WALKING,876,35
15,59.69093294052231,10.905652357529107,59.575788129947064,10.973118352769282,0,1025,WALKING,995,14
16,59.780490015414166,11.524090647230718,59.85085628854348,11.063073013089516,0,1071,WALKING,1041,27
17,60.18989378634837,11.040584348009459,59.62056666739299,11.389158656750366,0,462,WALKING,441,67
18,60.15151218282329,11.00685135038937,60.19629072026922,10.83818636228893,0,1360,WALKING,1358,11
19,59.96600109911873,11.18676067102984,59.77409308149332,10.613299711488343,0,1321,WALKING,1308,39
20,60.305038596923616,11.018095682929399,60.40738953965717,11.040584348009459,0,919,WALKING,915,12
