id,pickup_latitude,pickup_longitude,dropoff_latitude,dropoff_longitude,request_type,request_time,mobility_type,call_time,direct_drive_time
1,59.94041336343534,11.456624651990541,60.413786473578014,11.096806010709605,0,1012,WALKING,986,57
2,60.305038596923616,11.389158656750366,60.31783246476531,11.445380319450512,0,622,WALKING,596,4
3,60.00438270264381,11.085561678169574,59.678139072680615,10.736987369428666,0,1158,WALKING,1128,42
4,60.24746619163599,11.00685135038937,59.94681029735619,11.557823644850806,0,880,WALKING,855,46
5,60.08114590969397,11.096806010709605,60.10673364537736,11.18676067102984,0,980,WALKING,963,6
6,60.036367372248044,10.871919359909018,60.17070298458583,11.040584348009459,0,1103,WALKING,1075,18
7,60.25386312555684,10.781964699588784,60.221878455952606,11.051828680549487,0,946,WALKING,923,16
8,60.16430605066498,11.051828680549487,60.22827538987345,11.51284631469069,0,932,WALKING,913,27
9,59.594978931709605,10.647032709108432,59.614169733472146,10.714498704348607,0,756,WALKING,754,5
10,59.93401642951449,11.591556642470893,60.29224472908192,11.265470998810043,0,924,WALKING,902,44
11,60.31783246476531,11.456624651990541,60.36261100221124,11.535334979770747,0,1015,WALKING,1002,7
12,60.100336711456514,11.220493668649926,60.0299704383272,11.344181326590249,0,874,WALKING,862,11
13,59.953207231277034,10.995607017849341,59.95960416519788,11.096806010709605,0,1069,WALKING,1053,6
14,60.47135887886564,10.950629687689224,60.516137416311565,11.15302767340975,0,1273,WALKING,1269,13
15,59.74850534580993,11.434135986910483,59.87644402422687,11.400402989290395,0,888,WALKING,870,15
16,59.825268552860095,11.130539008329691,59.79328388325586,11.254226666270014,0,932,WALKING,913,8
17,59.87644402422687,10.647032709108432,60.27945086124023,11.501601982150659,0,884,WALKING,867,66
18,60.39459567181547,11.074317345629545,60.285847795161075,11.063073013089516,0,1043,WALKING,1041,13
19,60.00438270264381,10.950629687689224,59.97879496696042,10.703254371808578,0,1195,WALKING,1180,15
20,60.00438270264381,11.344181326590249,59.93401642951449,11.00685135038937,0,943,WALKING,937,21
