id,pickup_latitude,pickup_longitude,dropoff_latitude,dropoff_longitude,request_type,request_time,mobility_type,call_time,direct_drive_time
1,60.08754284361482,11.973863948831891,59.96600109911873,10.905652357529107,0,1115,WALKING,1107,61
2,59.9212225616728,11.31044832897016,59.492627988976054,10.65827704164846,0,981,WALKING,966,61
3,60.26026005947769,11.51284631469069,60.24106925771515,11.782710295651393,0,931,WALKING,927,16
4,60.13232138106075,11.108050343249634,59.870047090306024,10.826942029748901,0,804,WALKING,790,34
5,59.88284095814772,10.871919359909018,60.08754284361482,11.760221630571333,0,866,WALKING,851,55
6,59.511818790738594,10.736987369428666,59.742108411889085,10.86067502736899,0,832,WALKING,809,27
7,59.927619495593646,11.33293699405022,59.95960416519788,11.400402989290395,0,829,WALKING,813,6
8,60.11313057929821,10.83818636228893,59.97879496696042,10.995607017849341,0,1009,WALKING,983,18
9,59.9212225616728,11.063073013089516,60.010779636564656,11.16427200594978,0,1065,WALKING,1057,12
10,59.953207231277034,10.905652357529107,59.972398033039575,10.928141022609164,0,480,WALKING,473,3
11,59.91482562775195,11.782710295651393,59.761299213651625,11.580312309930864,0,990,WALKING,983,21
12,59.927619495593646,10.557078048788197,59.94041336343534,10.35468006306767,0,606,WALKING,589,12
13,60.08754284361482,11.175516338489809,60.06195510793143,11.040584348009459,0,977,WALKING,952,9
14,59.94041336343534,11.276715331350074,60.074748975773126,11.254226666270014,0,911,WALKING,891,15
15,60.31143553084446,10.973118352769282,60.46496194494479,11.276715331350074,0,962,WALKING,944,24
16,59.95960416519788,11.287959663890103,60.40738953965717,11.15302767340975,0,915,WALKING,890,51
17,60.11313057929821,11.00685135038937,60.100336711456514,11.040584348009459,0,954,WALKING,926,3
18,60.31143553084446,10.86067502736899,60.010779636564656,10.961874020229253,0,1062,WALKING,1041,34
19,59.85085628854348,11.299203996430132,59.870047090306024,11.355425659130278,0,790,WALKING,777,4
20,60.04916124008974,11.175516338489809,60.22827538987345,10.98436268530931,0,956,WALKING,936,23
