id,pickup_latitude,pickup_longitude,dropoff_latitude,dropoff_longitude,request_type,request_time,mobility_type,call_time,direct_drive_time
1,60.04276430616889,11.973863948831891,59.94041336343534,11.895153621051685,0,1294,WALKING,1282,13
2,60.010779636564656,12.367415587732916,60.04916124008974,12.176261934552418,0,869,WALKING,855,12
3,60.08114590969397,11.220493668649926,60.0299704383272,11.16427200594978,0,816,WALKING,787,7
4,60.13232138106075,11.647778305171041,59.94681029735619,11.467868984530572,0,1029,WALKING,1014,23
5,59.52461265858029,10.478367721007992,59.54380346034283,10.65827704164846,0,1131,WALKING,1119,11
6,60.19629072026922,11.4791133170706,60.08114590969397,11.524090647230718,0,1109,WALKING,1099,14
7,60.02357350440635,11.299203996430132,59.7165206762057,11.141783340869722,0,907,WALKING,898,36
8,60.16430605066498,11.65902263771107,60.010779636564656,11.524090647230718,0,773,WALKING,766,19
9,59.742108411889085,10.65827704164846,59.658948270918074,10.748231701968695,0,1035,WALKING,1029,11
10,60.00438270264381,11.254226666270014,60.010779636564656,10.83818636228893,0,864,WALKING,843,24
11,59.972398033039575,10.826942029748901,59.95960416519788,11.209249336109897,0,1073,WALKING,1058,22
12,60.45856501102394,11.231738001189957,60.3434202004487,11.681511302791128,0,959,WALKING,938,28
13,59.50542185681775,10.759476034508724,59.703726808364,10.849430694828959,0,908,WALKING,882,23
14,60.055558174010585,11.231738001189957,60.06835204185228,11.15302767340975,0,843,WALKING,815,5
15,60.37540487005293,11.377914324210337,60.38180180397378,11.445380319450512,0,1068,WALKING,1050,4
16,59.95960416519788,10.826942029748901,59.85725322246433,10.928141022609164,0,1029,WALKING,1007,13
17,60.157909116744136,11.15302767340975,60.074748975773126,11.15302767340975,0,839,WALKING,817,10
18,60.26026005947769,11.175516338489809,60.27945086124023,11.175516338489809,0,836,WALKING,818,3
19,59.658948270918074,10.883163692449047,59.62056666739299,10.939385355149193,0,1044,WALKING,1023,6
20,60.22827538987345,11.141783340869722,60.100336711456514,11.040584348009459,0,402,WALKING,399,16
