id,pickup_latitude,pickup_longitude,dropoff_latitude,dropoff_longitude,request_type,request_time,mobility_type,call_time,direct_drive_time
1,60.33702326652785,11.16427200594978,60.26026005947769,11.501601982150659,0,1092,WALKING,1085,21
2,60.61209142512427,11.231738001189957,60.074748975773126,11.00685135038937,0,522,WALKING,495,62
3,59.53740652642198,10.624544044028374,59.658948270918074,10.781964699588784,0,984,WALKING,966,17
4,59.94681029735619,10.883163692449047,59.95960416519788,10.995607017849341,0,955,WALKING,946,7
5,59.870047090306024,10.995607017849341,59.87644402422687,10.883163692449047,0,893,WALKING,882,7
6,59.703726808364,10.916896690069136,59.825268552860095,10.635788376568403,0,820,WALKING,803,21
7,60.074748975773126,11.400402989290395,59.91482562775195,11.389158656750366,0,1016,WALKING,1013,18
8,60.15151218282329,11.18676067102984,59.76769614757247,10.86067502736899,0,1125,WALKING,1118,47
9,60.08114590969397,11.175516338489809,59.780490015414166,11.445380319450512,0,1186,WALKING,1182,37
10,60.14511524890244,11.782710295651393,60.138718314981595,11.65902263771107,0,1100,WALKING,1091,7
11,60.08754284361482,11.209249336109897,60.10673364537736,11.321692661510191,0,1058,WALKING,1040,7
12,59.56299426210537,10.703254371808578,59.73571147796824,10.759476034508724,0,858,WALKING,846,20
13,59.86365015638518,11.108050343249634,59.953207231277034,11.130539008329691,0,882,WALKING,872,11
14,60.00438270264381,11.254226666270014,60.04276430616889,11.287959663890103,0,940,WALKING,928,5
15,60.21548152203176,11.15302767340975,60.25386312555684,11.231738001189957,0,868,WALKING,852,7
16,59.62056666739299,10.714498704348607,60.1259244471399,11.198005003569868,0,557,WALKING,534,63
17,60.04916124008974,11.085561678169574,60.50334354846987,11.220493668649926,0,805,WALKING,799,52
18,59.77409308149332,10.939385355149193,59.953207231277034,11.063073013089516,0,900,WALKING,872,22
19,59.492627988976054,10.714498704348607,59.908428693831105,10.961874020229253,0,990,WALKING,962,49
20,60.39459567181547,10.826942029748901,60.40099260573632,10.939385355149193,0,1012,WALKING,987,7
