id,pickup_latitude,pickup_longitude,dropoff_latitude,dropoff_longitude,request_type,request_time,mobility_type,call_time,direct_drive_time
1,60.31783246476531,11.445380319450512,60.31783246476531,11.276715331350074,0,938,WALKING,912,10
2,59.87644402422687,10.635788376568403,59.98519190088127,10.65827704164846,0,896,WALKING,884,13
3,59.99798576872296,12.108795939312243,60.0299704383272,12.221239264712535,0,920,WALKING,903,8
4,60.39459567181547,10.871919359909018,60.45856501102394,10.995607017849341,0,877,WALKING,868,10
5,59.594978931709605,10.905652357529107,59.90203175991026,11.141783340869722,0,897,WALKING,868,37
6,59.658948270918074,10.523345051168109,59.742108411889085,10.883163692449047,0,995,WALKING,992,23
7,59.991588834802116,11.389158656750366,60.010779636564656,11.051828680549487,0,885,WALKING,855,19
8,59.7165206762057,10.725743036888638,59.972398033039575,11.344181326590249,0,888,WALKING,864,45
9,60.20908458811091,11.355425659130278,60.17070298458583,11.175516338489809,0,430,WALKING,425,11
10,60.31783246476531,10.748231701968695,60.02357350440635,10.973118352769282,0,1030,WALKING,1025,36
11,59.742108411889085,11.029340015469428,59.722917610126544,11.141783340869722,0,900,WALKING,882,7
12,60.27305392731938,11.085561678169574,59.7165206762057,11.389158656750366,0,973,WALKING,949,65
13,59.69093294052231,11.018095682929399,59.64615440307638,11.456624651990541,0,863,WALKING,848,26
14,60.09393977753567,11.33293699405022,60.119527513219055,11.344181326590249,0,982,WALKING,963,3
15,59.927619495593646,10.433390390847874,59.953207231277034,10.410901725767816,0,818,WALKING,805,4
16,59.95960416519788,11.074317345629545,59.63336053523469,10.635788376568403,0,878,WALKING,865,44
17,59.95960416519788,10.309702732907553,59.927619495593646,10.579566713868257,0,934,WALKING,916,16
18,59.88284095814772,11.692755635331158,59.85085628854348,11.456624651990541,0,955,WALKING,941,14
19,60.14511524890244,11.411647321830426,60.183496852427524,11.287959663890103,0,1036,WALKING,1023,9
20,60.40099260573632,10.995607017849341,60.17070298458583,10.973118352769282,0,938,WALKING,912,26
