id,pickup_latitude,pickup_longitude,dropoff_latitude,dropoff_longitude,request_type,request_time,mobility_type,call_time,direct_drive_time
1,60.06195510793143,11.198005003569868,60.21548152203176,11.198005003569868,0,1212,WALKING,1210,18
2,59.71012374228485,11.366669991670308,59.81887161893925,11.051828680549487,0,1066,WALKING,1046,22
3,60.09393977753567,11.175516338489809,59.55659732818452,10.883163692449047,0,586,WALKING,561,62
4,60.413786473578014,10.714498704348607,60.2346723237943,10.939385355149193,0,987,WALKING,983,24
5,59.97879496696042,10.51210071862808,59.98519190088127,10.973118352769282,0,974,WALKING,966,26
6,59.63975746915553,10.849430694828959,59.63975746915553,11.366669991670308,0,958,WALKING,928,30
7,59.9212225616728,10.939385355149193,59.83166548678094,10.928141022609164,0,892,WALKING,875,10
8,60.0299704383272,10.478367721007992,59.96600109911873,10.35468006306767,0,863,WALKING,854,10
9,59.56299426210537,10.961874020229253,59.73571147796824,10.568322381328226,0,1146,WALKING,1134,30
10,60.04276430616889,11.254226666270014,59.953207231277034,11.321692661510191,0,1243,WALKING,1239,11
11,60.22827538987345,11.524090647230718,59.88284095814772,11.265470998810043,0,880,WALKING,850,42
12,59.9212225616728,11.321692661510191,59.79328388325586,11.501601982150659,0,1104,WALKING,1103,18
13,59.94041336343534,10.53458938370814,59.91482562775195,10.230992405127347,0,1065,WALKING,1048,18
14,59.91482562775195,11.625289640090982,59.953207231277034,11.018095682929399,0,1012,WALKING,991,35
15,59.7165206762057,11.49035764961063,59.972398033039575,11.254226666270014,0,859,WALKING,829,32
16,59.79968081717671,11.220493668649926,59.806077751097554,11.254226666270014,0,1063,WALKING,1052,3
17,59.81887161893925,11.276715331350074,59.83806242070179,11.15302767340975,0,990,WALKING,975,8
18,60.31783246476531,11.49035764961063,60.16430605066498,11.737732965491276,0,800,WALKING,770,22
19,59.90203175991026,10.65827704164846,60.49054968062818,10.973118352769282,0,1204,WALKING,1180,68
20,59.889237892068564,11.085561678169574,60.074748975773126,11.299203996430132,0,948,WALKING,936,24
