id,pickup_latitude,pickup_longitude,dropoff_latitude,dropoff_longitude,request_type,request_time,mobility_type,call_time,direct_drive_time
1,59.7165206762057,11.355425659130278,59.658948270918074,11.344181326590249,0,662,WALKING,633,7
2,59.65255133699723,10.53458938370814,59.62056666739299,10.500856386088051,0,805,WALKING,794,5
3,59.88284095814772,10.928141022609164,59.94681029735619,10.736987369428666,0,971,WALKING,948,13
4,59.95960416519788,11.18676067102984,59.927619495593646,11.119294675789662,0,1054,WALKING,1037,6
5,60.036367372248044,10.916896690069136,60.06835204185228,11.220493668649926,0,757,WALKING,754,18
6,60.388198737894626,11.265470998810043,60.413786473578014,11.299203996430132,0,1100,WALKING,1085,4
7,59.85085628854348,11.141783340869722,60.138718314981595,11.18676067102984,0,903,WALKING,885,33
8,60.04916124008974,10.804453364668841,60.00438270264381,10.275969735287465,0,930,WALKING,924,30
9,59.972398033039575,10.961874020229253,60.24746619163599,11.018095682929399,0,884,WALKING,857,31
10,59.889237892068564,10.590811046408286,59.96600109911873,10.489612053548022,0,407,WALKING,381,11
11,60.42018340749886,11.119294675789662,60.388198737894626,11.33293699405022,0,602,WALKING,601,13
12,59.98519190088127,10.871919359909018,60.0299704383272,10.500856386088051,0,749,WALKING,724,22
13,59.62056666739299,10.590811046408286,59.7165206762057,10.467123388467963,0,807,WALKING,805,13
14,59.95960416519788,10.973118352769282,59.93401642951449,11.029340015469428,0,1129,WALKING,1101,5
15,60.32422939868616,11.040584348009459,60.40738953965717,11.366669991670308,0,1045,WALKING,1037,21
16,59.780490015414166,10.590811046408286,60.14511524890244,10.98436268530931,0,1230,WALKING,1222,47
17,59.98519190088127,10.916896690069136,60.48415274670733,11.591556642470893,0,456,WALKING,440,67
18,60.055558174010585,10.883163692449047,59.95960416519788,11.119294675789662,0,1002,WALKING,997,17
19,60.413786473578014,11.198005003569868,60.516137416311565,11.276715331350074,0,954,WALKING,929,13
20,59.678139072680615,10.602055378948315,59.68453600660146,10.545833716248168,0,913,WALKING,891,4
