id,pickup_latitude,pickup_longitude,dropoff_latitude,dropoff_longitude,request_type,request_time,mobility_type,call_time,direct_drive_time
1,60.29864166300277,11.377914324210337,59.78688694933501,11.018095682929399,0,855,WALKING,851,61
2,59.68453600660146,10.804453364668841,59.73571147796824,10.871919359909018,0,863,WALKING,851,7
3,59.806077751097554,10.793209032128813,59.66534520483892,10.53458938370814,0,945,WALKING,920,22
4,60.1259244471399,11.344181326590249,59.889237892068564,11.31044832897016,0,387,WALKING,382,27
5,60.14511524890244,11.445380319450512,59.991588834802116,11.614045307550953,0,925,WALKING,905,20
6,60.1259244471399,11.063073013089516,59.614169733472146,10.545833716248168,0,1036,WALKING,1026,64
7,59.94041336343534,10.973118352769282,59.83166548678094,10.905652357529107,0,1065,WALKING,1062,13
8,59.96600109911873,11.16427200594978,59.97879496696042,11.265470998810043,0,944,WALKING,919,6
9,59.889237892068564,10.489612053548022,59.908428693831105,10.444634723387905,0,1213,WALKING,1184,4
10,60.119527513219055,11.49035764961063,59.67174213875977,10.793209032128813,0,825,WALKING,816,64
11,59.95960416519788,10.939385355149193,60.04276430616889,11.018095682929399,0,1075,WALKING,1045,11
12,59.761299213651625,11.029340015469428,60.27945086124023,11.198005003569868,0,836,WALKING,820,59
13,60.15151218282329,11.692755635331158,60.24746619163599,11.18676067102984,0,1004,WALKING,983,30
14,59.722917610126544,10.98436268530931,59.9212225616728,10.871919359909018,0,931,WALKING,916,23
15,59.95960416519788,11.98510828137192,60.29864166300277,11.389158656750366,0,808,WALKING,789,51
16,60.08754284361482,11.31044832897016,60.04276430616889,11.422891654370455,0,871,WALKING,844,8
17,60.44577114318225,11.242982333729985,60.3434202004487,11.209249336109897,0,986,WALKING,965,12
18,59.78688694933501,11.366669991670308,59.8124746850184,11.389158656750366,0,826,WALKING,799,4
19,59.98519190088127,11.467868984530572,60.138718314981595,10.928141022609164,0,908,WALKING,878,35
20,59.953207231277034,11.344181326590249,60.42658034141971,11.299203996430132,0,1096,WALKING,1079,53
