id,pickup_latitude,pickup_longitude,dropoff_latitude,dropoff_longitude,request_type,request_time,mobility_type,call_time,direct_drive_time
1,60.16430605066498,11.209249336109897,60.010779636564656,10.725743036888638,0,919,WALKING,908,32
2,59.63975746915553,10.815697697208872,59.94041336343534,11.15302767340975,0,1094,WALKING,1091,39
3,59.658948270918074,10.826942029748901,59.550200394263676,10.613299711488343,0,1173,WALKING,1153,18
4,60.10673364537736,11.130539008329691,60.13232138106075,11.141783340869722,0,900,WALKING,892,3
5,59.71012374228485,10.804453364668841,59.9212225616728,11.16427200594978,0,989,WALKING,982,31
6,60.0171765704855,11.175516338489809,59.96600109911873,11.16427200594978,0,994,WALKING,976,6
7,60.27305392731938,11.040584348009459,60.305038596923616,11.074317345629545,0,1267,WALKING,1262,5
8,59.658948270918074,10.568322381328226,59.62696360131384,10.53458938370814,0,883,WALKING,871,5
9,60.388198737894626,11.198005003569868,60.4393742092614,11.276715331350074,0,908,WALKING,887,8
10,60.14511524890244,11.029340015469428,60.06195510793143,11.130539008329691,0,1214,WALKING,1193,11
11,60.010779636564656,10.433390390847874,59.96600109911873,10.781964699588784,0,906,WALKING,896,21
12,60.08754284361482,11.029340015469428,60.38180180397378,11.175516338489809,0,943,WALKING,942,34
13,60.35621406829039,11.16427200594978,60.119527513219055,10.849430694828959,0,892,WALKING,877,32
14,59.85085628854348,11.557823644850806,59.7165206762057,11.546579312310776,0,818,WALKING,807,15
15,59.79968081717671,11.074317345629545,59.74850534580993,11.029340015469428,0,1041,WALKING,1038,7
16,60.21548152203176,10.973118352769282,60.221878455952606,11.096806010709605,0,1076,WALKING,1071,7
17,59.94681029735619,10.66952137418849,59.96600109911873,10.613299711488343,0,1089,WALKING,1075,4
18,59.87644402422687,11.726488632951245,60.04916124008974,11.681511302791128,0,934,WALKING,931,20
19,60.15151218282329,11.4791133170706,60.1259244471399,11.422891654370455,0,797,WALKING,768,5
20,59.96600109911873,10.590811046408286,60.0171765704855,10.455879055927934,0,880,WALKING,863,10
