id,pickup_latitude,pickup_longitude,dropoff_latitude,dropoff_longitude,request_type,request_time,mobility_type,call_time,direct_drive_time
1,59.90203175991026,10.444634723387905,59.94041336343534,10.53458938370814,0,960,WALKING,946,0
2,59.972398033039575,11.467868984530572,60.04276430616889,11.209249336109897,0,938,WALKING,932,0
3,59.703726808364,11.198005003569868,59.7165206762057,11.141783340869722,0,579,WALKING,567,0
4,59.91482562775195,10.894408024989076,59.89563482598941,10.995607017849341,0,776,WALKING,768,0
5,59.35829237663827,10.770720367048755,59.3902770462425,10.759476034508724,0,972,WALKING,961,0
6,60.2346723237943,11.063073013089516,60.036367372248044,10.916896690069136,0,953,WALKING,940,0
7,59.927619495593646,10.590811046408286,59.9212225616728,10.635788376568403,0,769,WALKING,763,0
8,59.97879496696042,11.063073013089516,60.2346723237943,11.15302767340975,0,987,WALKING,974,0
9,59.54380346034283,10.68076570672852,59.62696360131384,10.523345051168109,0,1294,WALKING,1284,0
10,59.76769614757247,11.130539008329691,60.17070298458583,11.130539008329691,0,566,WALKING,560,0
11,59.64615440307638,11.198005003569868,59.60137586563045,11.198005003569868,0,795,WALKING,785,0
12,60.50334354846987,11.119294675789662,60.40099260573632,11.198005003569868,0,626,WALKING,615,0
13,59.93401642951449,11.130539008329691,60.26026005947769,10.939385355149193,0,716,WALKING,705,0
14,59.66534520483892,10.65827704164846,59.94041336343534,11.198005003569868,0,566,WALKING,559,0
15,59.89563482598941,11.018095682929399,59.96600109911873,10.961874020229253,0,989,WALKING,975,0
16,60.10673364537736,11.108050343249634,60.04276430616889,10.98436268530931,0,499,WALKING,487,0
17,59.678139072680615,10.545833716248168,59.83806242070179,10.635788376568403,0,865,WALKING,859,0
18,59.62696360131384,11.467868984530572,59.72931454404739,11.321692661510191,0,900,WALKING,885,0
19,59.76769614757247,10.736987369428666,59.96600109911873,10.961874020229253,0,884,WALKING,869,0
20,60.08754284361482,11.389158656750366,59.81887161893925,11.535334979770747,0,873,WALKING,866,0
