id,pickup_latitude,pickup_longitude,dropoff_latitude,dropoff_longitude,request_type,request_time,mobility_type,call_time,direct_drive_time
1,60.10673364537736,11.063073013089516,59.825268552860095,11.96261961629186,0,744,WALKING,721,60
2,59.467040253292666,10.68076570672852,59.51821572465944,10.759476034508724,0,965,WALKING,940,8
3,59.43505558368843,10.602055378948315,59.953207231277034,10.995607017849341,0,891,WALKING,871,62
4,60.349817134369545,11.265470998810043,60.27945086124023,11.108050343249634,0,1028,WALKING,1027,12
5,59.83166548678094,10.725743036888638,59.89563482598941,10.770720367048755,0,1104,WALKING,1082,8
6,59.908428693831105,11.051828680549487,59.594978931709605,11.445380319450512,0,598,WALKING,591,42
7,59.91482562775195,10.433390390847874,59.9212225616728,10.388413060687757,0,915,WALKING,914,3
8,59.98519190088127,11.254226666270014,60.010779636564656,11.198005003569868,0,587,WALKING,585,5
9,60.06835204185228,11.209249336109897,60.42018340749886,10.871919359909018,0,1055,WALKING,1053,44
10,60.39459567181547,11.051828680549487,60.074748975773126,11.467868984530572,0,851,WALKING,844,43
11,60.11313057929821,10.849430694828959,60.074748975773126,10.916896690069136,0,917,WALKING,900,6
12,59.927619495593646,11.141783340869722,59.889237892068564,11.209249336109897,0,817,WALKING,807,6
13,59.742108411889085,11.108050343249634,59.722917610126544,11.063073013089516,0,515,WALKING,487,4
14,59.780490015414166,11.400402989290395,59.806077751097554,11.366669991670308,0,941,WALKING,930,4
15,59.953207231277034,11.883909288511656,59.95960416519788,11.861420623431597,0,856,WALKING,848,2
16,60.52253435023241,11.16427200594978,60.42658034141971,11.231738001189957,0,900,WALKING,871,12
17,59.77409308149332,11.051828680549487,60.37540487005293,11.276715331350074,0,875,WALKING,864,69
18,59.99798576872296,11.198005003569868,59.99798576872296,11.040584348009459,0,1276,WALKING,1250,9
19,59.89563482598941,11.029340015469428,59.94041336343534,11.018095682929399,0,1024,WALKING,1008,6
20,60.349817134369545,11.130539008329691,59.93401642951449,10.950629687689224,0,1060,WALKING,1034,48
