id,pickup_latitude,pickup_longitude,dropoff_latitude,dropoff_longitude,request_type,request_time,mobility_type,call_time,direct_drive_time
1,60.285847795161075,11.15302767340975,60.202687654190065,10.928141022609164,0,938,WALKING,921,16
2,59.88284095814772,10.399657393227788,59.89563482598941,10.377168728147728,0,930,WALKING,905,2
3,59.844459354622636,10.725743036888638,59.87644402422687,10.523345051168109,0,915,WALKING,893,12
4,60.119527513219055,10.579566713868257,60.04276430616889,10.916896690069136,0,893,WALKING,866,21
5,60.37540487005293,11.00685135038937,59.79328388325586,11.16427200594978,0,1133,WALKING,1121,66
6,60.119527513219055,10.950629687689224,60.17070298458583,11.040584348009459,0,827,WALKING,798,8
7,59.94041336343534,11.546579312310776,59.95960416519788,11.377914324210337,0,941,WALKING,935,10
8,60.06195510793143,11.231738001189957,60.06195510793143,11.051828680549487,0,900,WALKING,883,10
9,59.86365015638518,11.602800975010924,59.87644402422687,11.715244300411216,0,807,WALKING,792,7
10,59.85085628854348,11.074317345629545,59.742108411889085,10.939385355149193,0,1016,WALKING,1008,15
11,60.16430605066498,11.141783340869722,60.0171765704855,10.928141022609164,0,1088,WALKING,1064,21
12,59.8124746850184,11.254226666270014,59.93401642951449,10.770720367048755,0,987,WALKING,986,31
13,59.78688694933501,10.545833716248168,59.68453600660146,10.613299711488343,0,1043,WALKING,1021,12
14,60.33702326652785,10.939385355149193,60.36261100221124,11.15302767340975,0,965,WALKING,937,13
15,60.21548152203176,10.894408024989076,59.79328388325586,11.18676067102984,0,532,WALKING,502,50
16,59.742108411889085,11.287959663890103,59.97879496696042,11.33293699405022,0,965,WALKING,951,27
17,59.79968081717671,11.344181326590249,59.77409308149332,11.31044832897016,0,795,WALKING,784,4
18,60.157909116744136,11.366669991670308,60.08754284361482,11.242982333729985,0,931,WALKING,914,11
19,60.50334354846987,11.175516338489809,60.42018340749886,11.074317345629545,0,856,WALKING,854,11
20,59.91482562775195,11.242982333729985,59.742108411889085,11.085561678169574,0,997,WALKING,985,22
