id,pickup_latitude,pickup_longitude,dropoff_latitude,dropoff_longitude,request_type,request_time,mobility_type,call_time,direct_drive_time
1,60.266656993398534,10.916896690069136,60.20908458811091,11.018095682929399,0,962,WALKING,954,9
2,60.04916124008974,10.973118352769282,60.40099260573632,11.198005003569868,0,969,WALKING,967,42
3,59.761299213651625,10.86067502736899,59.742108411889085,10.714498704348607,0,1060,WALKING,1057,9
4,59.79328388325586,10.804453364668841,59.99798576872296,11.119294675789662,0,873,WALKING,845,29
5,59.62696360131384,10.83818636228893,59.79968081717671,11.231738001189957,0,952,WALKING,922,30
6,60.35621406829039,11.231738001189957,60.32422939868616,11.096806010709605,0,1110,WALKING,1080,9
7,60.08114590969397,11.040584348009459,59.99798576872296,11.040584348009459,0,917,WALKING,897,10
8,60.0171765704855,11.411647321830426,60.45856501102394,11.141783340869722,0,1212,WALKING,1186,52
9,59.77409308149332,10.65827704164846,59.58858199778876,10.624544044028374,0,1132,WALKING,1109,21
10,59.927619495593646,11.085561678169574,59.953207231277034,11.108050343249634,0,562,WALKING,558,4
11,60.183496852427524,11.321692661510191,60.17709991850668,11.242982333729985,0,1169,WALKING,1168,5
12,59.72931454404739,11.524090647230718,60.138718314981595,11.614045307550953,0,851,WALKING,837,46
13,59.703726808364,11.580312309930864,59.8124746850184,11.15302767340975,0,844,WALKING,842,27
14,59.94681029735619,11.063073013089516,60.10673364537736,11.63653397263101,0,967,WALKING,950,37
15,59.550200394263676,10.590811046408286,59.594978931709605,10.568322381328226,0,517,WALKING,499,6
16,60.477755812786484,11.389158656750366,60.183496852427524,11.299203996430132,0,886,WALKING,875,34
17,59.531009592501135,11.029340015469428,59.58218506386791,10.950629687689224,0,972,WALKING,954,8
18,59.742108411889085,11.703999967871187,59.94681029735619,11.569067977390835,0,935,WALKING,930,24
19,59.806077751097554,11.15302767340975,59.88284095814772,11.265470998810043,0,1370,WALKING,1367,11
20,59.66534520483892,10.68076570672852,59.6077727995513,10.647032709108432,0,470,WALKING,440,7
