id,pickup_latitude,pickup_longitude,dropoff_latitude,dropoff_longitude,request_type,request_time,mobility_type,call_time,direct_drive_time
1,60.08114590969397,11.501601982150659,60.04276430616889,11.524090647230718,0,1009,WALKING,1005,5
2,59.94041336343534,10.748231701968695,59.927619495593646,10.635788376568403,0,917,WALKING,910,7
3,59.94681029735619,11.254226666270014,60.35621406829039,11.456624651990541,0,988,WALKING,978,47
4,59.806077751097554,11.31044832897016,59.870047090306024,11.366669991670308,0,836,WALKING,814,8
5,59.94041336343534,11.580312309930864,59.9212225616728,11.389158656750366,0,959,WALKING,952,11
6,59.678139072680615,10.714498704348607,59.78688694933501,10.647032709108432,0,473,WALKING,466,13
7,60.08754284361482,10.98436268530931,60.08754284361482,11.040584348009459,0,1102,WALKING,1090,4
8,60.06195510793143,11.580312309930864,60.0299704383272,11.254226666270014,0,973,WALKING,971,19
9,60.27305392731938,10.894408024989076,60.06195510793143,11.16427200594978,0,794,WALKING,773,28
10,60.3434202004487,11.692755635331158,60.388198737894626,11.647778305171041,0,973,WALKING,953,6
11,60.06835204185228,11.63653397263101,60.31783246476531,11.377914324210337,0,969,WALKING,951,32
12,59.908428693831105,11.850176290891568,60.00438270264381,11.175516338489809,0,551,WALKING,525,40
13,59.85725322246433,11.209249336109897,60.31783246476531,11.16427200594978,0,1120,WALKING,1100,52
14,59.54380346034283,10.916896690069136,59.780490015414166,10.759476034508724,0,959,WALKING,941,28
15,59.63336053523469,10.736987369428666,60.08754284361482,10.905652357529107,0,406,WALKING,393,52
16,59.69093294052231,10.613299711488343,59.83166548678094,10.478367721007992,0,855,WALKING,834,18
17,59.58858199778876,10.714498704348607,59.62696360131384,10.613299711488343,0,975,WALKING,973,8
18,59.889237892068564,10.388413060687757,60.100336711456514,11.15302767340975,0,582,WALKING,565,49
19,60.44577114318225,11.15302767340975,60.00438270264381,11.063073013089516,0,936,WALKING,918,50
20,59.95960416519788,11.793954628191422,59.85085628854348,11.906397953591714,0,1107,WALKING,1106,14
