id,pickup_latitude,pickup_longitude,dropoff_latitude,dropoff_longitude,request_type,request_time,mobility_type,call_time,direct_drive_time
1,59.58218506386791,10.849430694828959,59.550200394263676,10.916896690069136,0,1314,WALKING,1285,6
2,60.20908458811091,11.265470998810043,60.27305392731938,10.961874020229253,0,1053,WALKING,1052,19
3,59.58858199778876,10.68076570672852,59.550200394263676,10.928141022609164,0,893,WALKING,868,15
4,60.036367372248044,11.33293699405022,60.00438270264381,11.141783340869722,0,899,WALKING,870,12
5,60.010779636564656,11.276715331350074,60.00438270264381,11.33293699405022,0,850,WALKING,839,4
6,60.036367372248044,11.15302767340975,60.22827538987345,11.276715331350074,0,1298,WALKING,1294,23
7,60.202687654190065,11.389158656750366,60.27305392731938,11.535334979770747,0,639,WALKING,620,12
8,59.86365015638518,10.647032709108432,59.95960416519788,10.871919359909018,0,963,WALKING,957,17
9,59.953207231277034,10.973118352769282,59.72931454404739,10.635788376568403,0,900,WALKING,877,32
10,59.83166548678094,11.557823644850806,60.19629072026922,11.65902263771107,0,1079,WALKING,1057,41
11,59.48623105505521,10.928141022609164,59.97879496696042,10.68076570672852,0,815,WALKING,811,57
12,60.27945086124023,11.254226666270014,60.266656993398534,11.31044832897016,0,883,WALKING,877,4
13,60.0171765704855,10.950629687689224,60.00438270264381,11.175516338489809,0,941,WALKING,932,13
14,59.678139072680615,10.500856386088051,59.76769614757247,10.613299711488343,0,902,WALKING,876,12
15,60.24746619163599,11.242982333729985,60.202687654190065,11.085561678169574,0,935,WALKING,927,11
16,59.531009592501135,10.748231701968695,59.52461265858029,10.590811046408286,0,944,WALKING,940,9
17,60.330626332607004,11.108050343249634,60.25386312555684,10.86067502736899,0,409,WALKING,387,17
18,60.04916124008974,11.074317345629545,59.99798576872296,10.995607017849341,0,867,WALKING,843,8
19,59.806077751097554,11.276715331350074,60.29864166300277,10.995607017849341,0,929,WALKING,913,57
20,60.413786473578014,10.950629687689224,60.432977275340555,11.051828680549487,0,628,WALKING,608,6
