id,pickup_latitude,pickup_longitude,dropoff_latitude,dropoff_longitude,request_type,request_time,mobility_type,call_time,direct_drive_time
1,59.972398033039575,11.535334979770747,60.04916124008974,11.029340015469428,0,1039,WALKING,1035,30
2,59.7165206762057,11.029340015469428,59.594978931709605,10.950629687689224,0,1200,WALKING,1183,15
3,60.516137416311565,11.085561678169574,60.54172515199495,10.916896690069136,0,831,WALKING,808,10
4,59.76769614757247,11.119294675789662,59.806077751097554,11.096806010709605,0,926,WALKING,900,5
5,60.50334354846987,11.445380319450512,59.94041336343534,11.4791133170706,0,907,WALKING,891,63
6,59.972398033039575,10.647032709108432,59.74850534580993,10.635788376568403,0,874,WALKING,854,25
7,60.330626332607004,11.096806010709605,60.305038596923616,11.231738001189957,0,1026,WALKING,996,8
8,59.86365015638518,12.176261934552418,59.870047090306024,12.097551606772212,0,914,WALKING,893,5
9,59.697329874443156,11.051828680549487,59.703726808364,10.905652357529107,0,852,WALKING,840,9
10,59.91482562775195,10.602055378948315,59.72931454404739,11.569067977390835,0,413,WALKING,409,58
11,60.06195510793143,10.894408024989076,60.00438270264381,10.995607017849341,0,949,WALKING,928,9
12,60.04916124008974,11.254226666270014,59.953207231277034,11.265470998810043,0,1176,WALKING,1175,11
13,59.7165206762057,11.096806010709605,59.8124746850184,10.905652357529107,0,1053,WALKING,1024,16
14,60.10673364537736,10.995607017849341,59.83166548678094,11.670266970251099,0,1096,WALKING,1080,49
15,59.86365015638518,11.029340015469428,59.97879496696042,11.33293699405022,0,853,WALKING,823,22
16,60.1259244471399,11.321692661510191,60.100336711456514,11.299203996430132,0,979,WALKING,972,4
17,59.94041336343534,11.18676067102984,59.94681029735619,10.65827704164846,0,1016,WALKING,996,30
18,59.90203175991026,11.535334979770747,59.79968081717671,11.580312309930864,0,937,WALKING,912,12
19,59.69093294052231,11.344181326590249,59.73571147796824,11.557823644850806,0,1008,WALKING,990,13
20,60.074748975773126,11.220493668649926,60.4393742092614,10.961874020229253,0,1069,WALKING,1039,43
