id,pickup_latitude,pickup_longitude,dropoff_latitude,dropoff_longitude,request_type,request_time,mobility_type,call_time,direct_drive_time
1,59.77409308149332,11.445380319450512,59.99798576872296,11.242982333729985,0,966,WALKING,946,28
2,60.0299704383272,11.51284631469069,59.991588834802116,11.524090647230718,0,1073,WALKING,1052,5
3,59.72931454404739,11.445380319450512,59.71012374228485,11.4791133170706,0,420,WALKING,398,3
4,59.972398033039575,11.355425659130278,59.94041336343534,10.973118352769282,0,1040,WALKING,1015,22
5,60.477755812786484,11.524090647230718,60.36261100221124,11.31044832897016,0,906,WALKING,903,18
6,59.52461265858029,10.624544044028374,59.658948270918074,10.455879055927934,0,949,WALKING,941,18
7,59.83166548678094,11.411647321830426,59.86365015638518,11.524090647230718,0,543,WALKING,516,8
8,59.7165206762057,10.590811046408286,59.91482562775195,10.961874020229253,0,388,WALKING,384,31
9,59.83806242070179,11.018095682929399,59.87644402422687,10.995607017849341,0,943,WALKING,938,5
10,60.036367372248044,10.647032709108432,59.94681029735619,10.692010039268549,0,1007,WALKING,984,11
11,60.31143553084446,11.18676067102984,60.40738953965717,11.130539008329691,0,1046,WALKING,1031,12
12,59.742108411889085,11.299203996430132,59.742108411889085,11.49035764961063,0,800,WALKING,779,11
13,59.658948270918074,10.624544044028374,59.722917610126544,10.500856386088051,0,997,WALKING,990,10
14,60.08114590969397,10.939385355149193,59.86365015638518,11.18676067102984,0,939,WALKING,926,28
15,59.991588834802116,11.209249336109897,60.02357350440635,11.242982333729985,0,1057,WALKING,1034,5
16,60.0299704383272,10.759476034508724,59.95960416519788,10.815697697208872,0,997,WALKING,991,9
17,60.02357350440635,11.051828680549487,59.99798576872296,10.950629687689224,0,962,WALKING,953,7
18,60.26026005947769,11.31044832897016,60.26026005947769,11.344181326590249,0,578,WALKING,562,2
19,59.844459354622636,10.939385355149193,59.9212225616728,10.905652357529107,0,604,WALKING,576,9
20,60.04276430616889,11.265470998810043,60.15151218282329,11.018095682929399,0,1005,WALKING,979,19
