id,pickup_latitude,pickup_longitude,dropoff_latitude,dropoff_longitude,request_type,request_time,mobility_type,call_time,direct_drive_time
1,60.14511524890244,11.389158656750366,60.0299704383272,11.16427200594978,0,786,WALKING,758,0
2,60.1259244471399,11.31044832897016,60.24106925771515,10.98436268530931,0,739,WALKING,719,0
3,59.403070914084196,10.388413060687757,59.428658649767584,10.478367721007992,0,477,WALKING,456,0
4,60.02357350440635,11.51284631469069,60.13232138106075,11.141783340869722,0,921,WALKING,894,0
5,59.98519190088127,11.321692661510191,60.0299704383272,11.265470998810043,0,582,WALKING,558,0
6,60.19629072026922,12.176261934552418,60.16430605066498,11.838931958351539,0,925,WALKING,904,0
7,60.17070298458583,11.535334979770747,59.93401642951449,10.714498704348607,0,1076,WALKING,1046,0
8,60.157909116744136,11.467868984530572,60.202687654190065,11.434135986910483,0,946,WALKING,920,0
9,59.703726808364,10.98436268530931,59.75490227973078,11.00685135038937,0,447,WALKING,419,0
10,59.62696360131384,11.029340015469428,59.68453600660146,10.781964699588784,0,851,WALKING,823,0
11,59.85725322246433,10.545833716248168,59.64615440307638,10.602055378948315,0,1022,WALKING,993,0
12,59.87644402422687,11.883909288511656,59.83806242070179,11.299203996430132,0,994,WALKING,977,0
13,60.0299704383272,10.781964699588784,60.40099260573632,10.894408024989076,0,1038,WALKING,1016,0
14,60.036367372248044,10.647032709108432,60.06835204185228,10.68076570672852,0,926,WALKING,910,0
15,59.7165206762057,10.68076570672852,59.703726808364,10.83818636228893,0,720,WALKING,692,0
16,60.29864166300277,10.973118352769282,60.26026005947769,11.040584348009459,0,480,WALKING,464,0
17,60.42018340749886,11.220493668649926,60.4393742092614,10.793209032128813,0,474,WALKING,456,0
18,60.10673364537736,10.995607017849341,60.10673364537736,11.456624651990541,0,955,WALKING,932,0
19,59.447849451530125,10.849430694828959,59.51821572465944,10.725743036888638,0,641,WALKING,620,0
20,60.3434202004487,11.524090647230718,60.31143553084446,11.535334979770747,0,901,WALKING,882,0
