id,pickup_latitude,pickup_longitude,dropoff_latitude,dropoff_longitude,request_type,request_time,mobility_type,call_time,direct_drive_time
1,60.14511524890244,11.175516338489809,60.055558174010585,11.029340015469428,0,857,WALKING,831,13
2,60.119527513219055,11.130539008329691,59.95960416519788,11.15302767340975,0,894,WALKING,881,18
3,59.742108411889085,11.501601982150659,59.86365015638518,11.456624651990541,0,812,WALKING,798,14
4,60.183496852427524,11.085561678169574,60.11313057929821,10.770720367048755,0,1058,WALKING,1044,20
5,60.432977275340555,11.321692661510191,60.452168077103096,11.242982333729985,0,1075,WALKING,1062,5
6,60.100336711456514,10.916896690069136,59.96600109911873,11.434135986910483,0,1242,WALKING,1227,33
7,60.285847795161075,10.961874020229253,60.24106925771515,11.130539008329691,0,830,WALKING,819,11
8,60.48415274670733,11.16427200594978,60.18989378634837,11.085561678169574,0,1067,WALKING,1052,34
9,60.45856501102394,11.355425659130278,60.432977275340555,11.265470998810043,0,1012,WALKING,986,6
10,60.31143553084446,11.18676067102984,60.266656993398534,11.287959663890103,0,956,WALKING,948,8
11,59.467040253292666,10.736987369428666,59.345498508796574,10.815697697208872,0,893,WALKING,864,15
12,59.889237892068564,11.366669991670308,60.055558174010585,11.254226666270014,0,552,WALKING,538,20
13,60.35621406829039,11.085561678169574,60.55451901983665,10.894408024989076,0,976,WALKING,968,25
14,59.63975746915553,10.83818636228893,59.68453600660146,10.83818636228893,0,902,WALKING,881,5
15,59.9212225616728,11.119294675789662,60.44577114318225,10.961874020229253,0,835,WALKING,814,59
16,59.79968081717671,11.299203996430132,59.806077751097554,11.198005003569868,0,771,WALKING,753,6
17,59.89563482598941,10.500856386088051,60.010779636564656,11.198005003569868,0,1077,WALKING,1070,41
18,60.31783246476531,11.546579312310776,60.33702326652785,11.546579312310776,0,736,WALKING,733,3
19,59.614169733472146,10.815697697208872,59.780490015414166,10.613299711488343,0,905,WALKING,876,22
20,60.09393977753567,11.018095682929399,60.036367372248044,11.074317345629545,0,992,WALKING,985,8
