id,pickup_latitude,pickup_longitude,dropoff_latitude,dropoff_longitude,request_type,request_time,mobility_type,call_time,direct_drive_time
1,60.63767916080766,11.040584348009459,60.61848835904512,10.939385355149193,0,1009,WALKING,984,6
2,59.53740652642198,10.883163692449047,59.51821572465944,10.939385355149193,0,774,WALKING,749,4
3,59.83806242070179,11.276715331350074,60.25386312555684,11.591556642470893,0,889,WALKING,885,50
4,59.55659732818452,10.849430694828959,59.780490015414166,10.826942029748901,0,1047,WALKING,1039,25
5,59.69093294052231,10.86067502736899,59.64615440307638,11.524090647230718,0,880,WALKING,873,38
6,59.95960416519788,11.4791133170706,60.305038596923616,11.231738001189957,0,885,WALKING,872,41
7,60.25386312555684,11.242982333729985,60.388198737894626,11.445380319450512,0,962,WALKING,945,19
8,60.2346723237943,11.198005003569868,60.24106925771515,11.242982333729985,0,924,WALKING,903,3
9,59.953207231277034,11.31044832897016,60.055558174010585,11.299203996430132,0,1041,WALKING,1020,12
10,59.678139072680615,10.759476034508724,59.65255133699723,10.770720367048755,0,904,WALKING,888,3
11,59.870047090306024,10.422146058307845,59.78688694933501,10.545833716248168,0,484,WALKING,480,12
12,60.06195510793143,10.961874020229253,59.68453600660146,11.377914324210337,0,1089,WALKING,1059,48
13,59.889237892068564,11.411647321830426,59.870047090306024,11.31044832897016,0,1379,WALKING,1366,7
14,59.69093294052231,11.198005003569868,59.71012374228485,11.265470998810043,0,887,WALKING,858,5
15,59.703726808364,10.950629687689224,59.71012374228485,10.692010039268549,0,900,WALKING,878,15
16,59.870047090306024,10.590811046408286,59.83166548678094,10.725743036888638,0,1059,WALKING,1052,9
17,60.369007936132085,11.344181326590249,60.413786473578014,11.108050343249634,0,1017,WALKING,1011,14
18,60.010779636564656,11.422891654370455,60.40099260573632,10.781964699588784,0,1036,WALKING,1009,57
19,59.742108411889085,11.434135986910483,59.870047090306024,11.389158656750366,0,947,WALKING,929,15
20,60.38180180397378,11.16427200594978,60.055558174010585,12.086307274232183,0,990,WALKING,975,63
