id,pickup_latitude,pickup_longitude,dropoff_latitude,dropoff_longitude,request_type,request_time,mobility_type,call_time,direct_drive_time
1,59.55659732818452,10.703254371808578,59.67174213875977,11.33293699405022,0,1009,WALKING,990,38
2,60.13232138106075,11.18676067102984,59.73571147796824,10.815697697208872,0,1020,WALKING,1015,49
3,60.119527513219055,11.220493668649926,60.02357350440635,10.793209032128813,0,913,WALKING,904,26
4,60.100336711456514,11.018095682929399,60.11313057929821,10.916896690069136,0,1203,WALKING,1182,6
5,59.79968081717671,10.961874020229253,59.761299213651625,10.883163692449047,0,1000,WALKING,987,7
6,60.15151218282329,11.119294675789662,60.18989378634837,11.074317345629545,0,987,WALKING,978,5
7,59.56299426210537,11.265470998810043,59.53740652642198,11.422891654370455,0,846,WALKING,844,10
8,59.94681029735619,10.928141022609164,59.96600109911873,10.961874020229253,0,1098,WALKING,1080,3
9,60.010779636564656,10.298458400367522,60.06835204185228,11.4791133170706,0,1132,WALKING,1126,66
10,60.432977275340555,11.063073013089516,60.39459567181547,11.00685135038937,0,670,WALKING,644,6
11,59.991588834802116,10.894408024989076,59.94041336343534,10.883163692449047,0,942,WALKING,913,6
12,59.81887161893925,10.478367721007992,59.63336053523469,10.826942029748901,0,1059,WALKING,1042,29
13,59.71012374228485,10.781964699588784,59.62696360131384,10.624544044028374,0,897,WALKING,879,13
14,60.09393977753567,11.018095682929399,60.06195510793143,10.624544044028374,0,586,WALKING,580,23
15,59.62056666739299,10.759476034508724,59.6077727995513,10.703254371808578,0,1033,WALKING,1019,4
16,60.24746619163599,11.18676067102984,60.330626332607004,11.33293699405022,0,1140,WALKING,1131,13
17,60.0171765704855,11.040584348009459,59.806077751097554,10.489612053548022,0,920,WALKING,891,39
18,59.614169733472146,10.579566713868257,59.83166548678094,11.018095682929399,0,478,WALKING,457,35
19,60.10673364537736,11.276715331350074,60.50974048239072,11.108050343249634,0,986,WALKING,981,46
20,60.42018340749886,11.366669991670308,60.388198737894626,11.242982333729985,0,1119,WALKING,1094,8
