id,pickup_latitude,pickup_longitude,dropoff_latitude,dropoff_longitude,request_type,request_time,mobility_type,call_time,direct_drive_time
1,59.83806242070179,10.961874020229253,59.889237892068564,10.939385355149193,0,947,WALKING,918,6
2,60.02357350440635,11.51284631469069,59.87644402422687,11.085561678169574,0,974,WALKING,949,29
3,59.60137586563045,10.53458938370814,59.58858199778876,10.557078048788197,0,826,WALKING,797,2
4,59.8124746850184,11.580312309930864,59.889237892068564,11.321692661510191,0,1102,WALKING,1080,17
5,60.08754284361482,11.625289640090982,60.18989378634837,11.580312309930864,0,711,WALKING,703,12
6,59.8124746850184,10.995607017849341,59.972398033039575,10.961874020229253,0,475,WALKING,458,18
7,59.85085628854348,10.377168728147728,59.85085628854348,10.467123388467963,0,929,WALKING,900,6
8,59.88284095814772,10.98436268530931,60.055558174010585,11.15302767340975,0,922,WALKING,907,22
9,60.50334354846987,10.961874020229253,60.36261100221124,10.98436268530931,0,1034,WALKING,1012,16
10,60.477755812786484,11.366669991670308,60.4393742092614,11.299203996430132,0,889,WALKING,875,6
11,59.972398033039575,10.973118352769282,60.00438270264381,11.00685135038937,0,994,WALKING,965,5
12,60.0299704383272,10.950629687689224,59.88284095814772,10.871919359909018,0,998,WALKING,991,17
13,60.13232138106075,11.33293699405022,59.63975746915553,10.568322381328226,0,943,WALKING,932,70
14,59.90203175991026,10.320947065447582,59.7165206762057,10.3659243956077,0,475,WALKING,460,21
15,60.119527513219055,11.355425659130278,60.221878455952606,11.49035764961063,0,906,WALKING,879,14
16,60.19629072026922,11.400402989290395,60.17070298458583,11.265470998810043,0,941,WALKING,928,8
17,59.550200394263676,10.692010039268549,59.76769614757247,10.894408024989076,0,1033,WALKING,1012,27
18,60.08754284361482,11.681511302791128,59.98519190088127,11.602800975010924,0,1104,WALKING,1092,13
19,60.04276430616889,10.905652357529107,59.73571147796824,11.535334979770747,0,956,WALKING,929,49
20,59.71012374228485,10.703254371808578,60.08754284361482,11.231738001189957,0,1035,WALKING,1010,52
