id,pickup_latitude,pickup_longitude,dropoff_latitude,dropoff_longitude,request_type,request_time,mobility_type,call_time,direct_drive_time
1,60.21548152203176,11.422891654370455,60.183496852427524,11.501601982150659,0,924,WALKING,902,6
2,59.56299426210537,10.86067502736899,59.56939119602622,10.53458938370814,0,1058,WALKING,1057,19
3,60.1259244471399,10.916896690069136,60.100336711456514,10.995607017849341,0,1008,WALKING,994,6
4,60.25386312555684,11.254226666270014,60.074748975773126,11.175516338489809,0,961,WALKING,949,21
5,59.60137586563045,10.66952137418849,59.697329874443156,10.703254371808578,0,1081,WALKING,1062,11
6,60.48415274670733,11.074317345629545,60.44577114318225,11.029340015469428,0,1025,WALKING,1016,5
7,60.1259244471399,11.108050343249634,60.074748975773126,11.569067977390835,0,969,WALKING,968,27
8,59.88284095814772,10.34343573052764,59.79968081717671,10.557078048788197,0,1014,WALKING,987,16
9,60.04916124008974,11.040584348009459,60.06195510793143,11.299203996430132,0,942,WALKING,926,15
10,60.13232138106075,11.524090647230718,60.010779636564656,11.647778305171041,0,870,WALKING,864,16
11,59.6077727995513,10.489612053548022,59.63975746915553,10.68076570672852,0,781,WALKING,769,12
12,59.47983412113436,10.579566713868257,59.94041336343534,10.602055378948315,0,1027,WALKING,997,52
13,60.16430605066498,11.31044832897016,60.13232138106075,10.33219139798761,0,1240,WALKING,1238,55
14,60.24746619163599,11.411647321830426,59.73571147796824,10.961874020229253,0,861,WALKING,842,63
15,60.369007936132085,10.883163692449047,60.40099260573632,11.00685135038937,0,943,WALKING,914,8
16,60.11313057929821,11.321692661510191,60.074748975773126,11.198005003569868,0,1043,WALKING,1019,9
17,59.53740652642198,10.377168728147728,59.56299426210537,10.399657393227788,0,973,WALKING,954,4
18,60.074748975773126,11.445380319450512,59.6077727995513,10.736987369428666,0,1145,WALKING,1128,66
19,60.08754284361482,10.781964699588784,60.119527513219055,10.815697697208872,0,1095,WALKING,1088,5
20,59.78688694933501,11.040584348009459,59.7165206762057,11.220493668649926,0,1004,WALKING,974,13
