id,pickup_latitude,pickup_longitude,dropoff_latitude,dropoff_longitude,request_type,request_time,mobility_type,call_time,direct_drive_time
1,60.31783246476531,11.501601982150659,60.16430605066498,11.434135986910483,0,618,WALKING,599,0
2,59.703726808364,10.770720367048755,60.0171765704855,11.51284631469069,0,576,WALKING,549,0
3,59.78688694933501,11.051828680549487,59.87644402422687,11.063073013089516,0,1029,WALKING,999,0
4,60.36261100221124,11.063073013089516,59.98519190088127,10.647032709108432,0,621,WALKING,605,0
5,59.67174213875977,10.523345051168109,59.697329874443156,10.579566713868257,0,617,WALKING,599,0
6,59.85725322246433,10.467123388467963,59.870047090306024,11.400402989290395,0,842,WALKING,824,0
7,60.04276430616889,11.355425659130278,60.138718314981595,11.119294675789662,0,689,WALKING,661,0
8,60.48415274670733,11.130539008329691,60.183496852427524,11.018095682929399,0,391,WALKING,371,0
9,59.74850534580993,10.826942029748901,59.722917610126544,10.793209032128813,0,418,WALKING,394,0
10,60.0299704383272,10.883163692449047,60.42018340749886,10.961874020229253,0,855,WALKING,828,0
11,59.89563482598941,12.412392917893033,59.927619495593646,12.108795939312243,0,661,WALKING,636,0
12,59.76769614757247,10.871919359909018,59.74850534580993,10.770720367048755,0,1186,WALKING,1162,0
13,60.02357350440635,11.00685135038937,59.81887161893925,11.242982333729985,0,457,WALKING,431,0
14,60.18989378634837,11.231738001189957,60.22827538987345,11.085561678169574,0,929,WALKING,901,0
15,60.15151218282329,11.130539008329691,60.15151218282329,11.074317345629545,0,1078,WALKING,1061,0
16,59.96600109911873,11.524090647230718,59.697329874443156,10.736987369428666,0,929,WALKING,905,0
17,59.85085628854348,11.198005003569868,60.330626332607004,11.265470998810043,0,809,WALKING,789,0
18,60.00438270264381,11.49035764961063,59.73571147796824,10.455879055927934,0,808,WALKING,784,0
19,59.94041336343534,11.198005003569868,60.06195510793143,11.242982333729985,0,1042,WALKING,1014,0
20,59.94041336343534,10.692010039268549,60.036367372248044,11.141783340869722,0,850,WALKING,824,0
