id,pickup_latitude,pickup_longitude,dropoff_latitude,dropoff_longitude,request_type,request_time,mobility_type,call_time,direct_drive_time
1,59.64615440307638,10.568322381328226,59.60137586563045,10.973118352769282,0,964,WALKING,944,0
2,60.221878455952606,11.366669991670308,60.27945086124023,11.209249336109897,0,1063,WALKING,1036,0
3,59.658948270918074,10.770720367048755,59.55659732818452,10.635788376568403,0,1177,WALKING,1160,0
4,60.3434202004487,11.175516338489809,60.388198737894626,10.871919359909018,0,893,WALKING,865,0
5,59.62696360131384,10.826942029748901,59.972398033039575,11.355425659130278,0,544,WALKING,524,0
6,60.0171765704855,10.467123388467963,59.870047090306024,10.433390390847874,0,824,WALKING,803,0
7,60.08114590969397,11.33293699405022,60.00438270264381,11.389158656750366,0,559,WALKING,536,0
8,59.96600109911873,11.00685135038937,59.991588834802116,10.950629687689224,0,408,WALKING,379,0
9,59.575788129947064,10.714498704348607,59.81887161893925,11.434135986910483,0,901,WALKING,875,0
10,59.75490227973078,11.209249336109897,59.79328388325586,11.220493668649926,0,907,WALKING,888,0
11,59.81887161893925,11.276715331350074,59.7165206762057,11.321692661510191,0,997,WALKING,971,0
12,60.3434202004487,10.939385355149193,60.35621406829039,11.085561678169574,0,886,WALKING,870,0
13,60.19629072026922,11.063073013089516,60.24746619163599,11.198005003569868,0,895,WALKING,877,0
14,60.183496852427524,10.995607017849341,60.13232138106075,11.108050343249634,0,978,WALKING,952,0
15,60.2346723237943,11.220493668649926,60.20908458811091,11.287959663890103,0,973,WALKING,954,0
16,60.09393977753567,11.141783340869722,59.77409308149332,10.635788376568403,0,992,WALKING,966,0
17,59.63975746915553,10.568322381328226,59.91482562775195,10.781964699588784,0,417,WALKING,390,0
18,60.349817134369545,11.344181326590249,60.40099260573632,11.321692661510191,0,818,WALKING,802,0
19,59.71012374228485,10.590811046408286,59.806077751097554,10.973118352769282,0,1014,WALKING,998,0
20,59.78688694933501,10.804453364668841,59.953207231277034,11.411647321830426,0,956,WALKING,937,0
