id,pickup_latitude,pickup_longitude,dropoff_latitude,dropoff_longitude,request_type,request_time,mobility_type,call_time,direct_drive_time
1,60.26026005947769,11.557823644850806,59.88284095814772,10.579566713868257,0,1202,WALKING,1177,69
2,59.991588834802116,11.355425659130278,59.98519190088127,11.456624651990541,0,962,WALKING,942,6
3,59.991588834802116,11.16427200594978,59.95960416519788,10.871919359909018,0,856,WALKING,847,17
4,59.86365015638518,10.377168728147728,59.83166548678094,10.242236737667376,0,1135,WALKING,1130,9
5,59.8124746850184,10.545833716248168,60.19629072026922,11.175516338489809,0,1120,WALKING,1111,56
6,60.010779636564656,11.085561678169574,60.074748975773126,11.209249336109897,0,876,WALKING,869,10
7,60.010779636564656,10.467123388467963,59.991588834802116,11.074317345629545,0,862,WALKING,855,34
8,59.83806242070179,11.040584348009459,59.94041336343534,11.18676067102984,0,1036,WALKING,1019,15
9,60.50334354846987,11.355425659130278,60.46496194494479,11.355425659130278,0,891,WALKING,880,5
10,59.75490227973078,10.995607017849341,59.806077751097554,11.242982333729985,0,703,WALKING,678,15
11,59.742108411889085,11.018095682929399,59.697329874443156,11.198005003569868,0,828,WALKING,816,12
12,60.08754284361482,10.703254371808578,60.18989378634837,10.759476034508724,0,1370,WALKING,1364,12
13,60.42658034141971,10.905652357529107,60.36261100221124,10.815697697208872,0,1017,WALKING,1015,9
14,60.08754284361482,11.445380319450512,60.17070298458583,11.00685135038937,0,890,WALKING,884,26
15,59.825268552860095,11.074317345629545,60.06195510793143,11.209249336109897,0,839,WALKING,819,28
16,59.83806242070179,11.051828680549487,60.100336711456514,11.040584348009459,0,941,WALKING,933,30
17,59.97879496696042,11.051828680549487,59.972398033039575,10.98436268530931,0,940,WALKING,939,4
18,59.83806242070179,11.220493668649926,59.83166548678094,11.411647321830426,0,893,WALKING,875,11
19,59.94681029735619,11.130539008329691,60.100336711456514,10.894408024989076,0,415,WALKING,393,22
20,60.24746619163599,11.670266970251099,60.27945086124023,11.715244300411216,0,944,WALKING,924,5
