id,pickup_latitude,pickup_longitude,dropoff_latitude,dropoff_longitude,request_type,request_time,mobility_type,call_time,direct_drive_time
1,60.349817134369545,11.074317345629545,59.91482562775195,11.524090647230718,0,924,WALKING,914,55
2,60.04276430616889,11.175516338489809,60.560915953757494,11.085561678169574,0,707,WALKING,682,58
3,60.413786473578014,10.995607017849341,60.57370982159919,10.781964699588784,0,986,WALKING,968,22
4,60.388198737894626,10.950629687689224,60.3434202004487,10.883163692449047,0,879,WALKING,855,7
5,60.09393977753567,11.254226666270014,60.09393977753567,11.15302767340975,0,580,WALKING,558,6
6,60.04916124008974,10.478367721007992,59.953207231277034,10.557078048788197,0,894,WALKING,875,12
7,60.14511524890244,11.4791133170706,60.010779636564656,11.456624651990541,0,1061,WALKING,1049,15
8,59.53740652642198,10.34343573052764,59.991588834802116,10.242236737667376,0,1013,WALKING,988,51
9,59.42226171584674,10.613299711488343,59.79328388325586,10.725743036888638,0,894,WALKING,884,42
10,60.00438270264381,11.175516338489809,59.85085628854348,11.771465963111362,0,971,WALKING,950,38
11,59.81887161893925,10.455879055927934,59.85085628854348,10.467123388467963,0,1124,WALKING,1121,4
12,59.97879496696042,11.850176290891568,59.98519190088127,11.681511302791128,0,921,WALKING,897,10
13,59.88284095814772,11.198005003569868,59.908428693831105,11.287959663890103,0,898,WALKING,884,6
14,60.369007936132085,11.287959663890103,60.50334354846987,11.018095682929399,0,974,WALKING,961,22
15,60.330626332607004,11.108050343249634,60.388198737894626,11.085561678169574,0,1005,WALKING,981,7
16,59.9212225616728,11.209249336109897,60.036367372248044,12.356171255192887,0,742,WALKING,718,66
17,60.40738953965717,11.546579312310776,60.11313057929821,10.894408024989076,0,1001,WALKING,973,49
18,60.02357350440635,11.299203996430132,60.3434202004487,11.096806010709605,0,413,WALKING,408,38
19,60.19629072026922,11.175516338489809,60.183496852427524,11.344181326590249,0,870,WALKING,841,10
20,59.88284095814772,10.995607017849341,59.991588834802116,11.130539008329691,0,1049,WALKING,1041,15
