id,pickup_latitude,pickup_longitude,dropoff_latitude,dropoff_longitude,request_type,request_time,mobility_type,call_time,direct_drive_time
1,60.39459567181547,11.16427200594978,60.00438270264381,11.16427200594978,0,477,WALKING,447,0
2,59.35829237663827,10.894408024989076,59.37108624447996,10.826942029748901,0,582,WALKING,558,0
3,59.825268552860095,11.434135986910483,59.83806242070179,11.569067977390835,0,489,WALKING,471,0
4,59.8124746850184,11.231738001189957,59.73571147796824,11.220493668649926,0,1093,WALKING,1074,0
5,60.06195510793143,11.051828680549487,60.0171765704855,11.085561678169574,0,825,WALKING,801,0
6,60.330626332607004,11.175516338489809,60.06195510793143,11.141783340869722,0,1143,WALKING,1115,0
7,59.83166548678094,11.400402989290395,59.83166548678094,11.4791133170706,0,1077,WALKING,1049,0
8,59.678139072680615,10.557078048788197,59.74850534580993,10.736987369428666,0,733,WALKING,712,0
9,59.51821572465944,10.624544044028374,59.62696360131384,10.65827704164846,0,876,WALKING,851,0
10,60.010779636564656,11.018095682929399,59.95960416519788,11.18676067102984,0,1010,WALKING,985,0
11,59.98519190088127,12.277460927412681,60.183496852427524,11.726488632951245,0,1114,WALKING,1084,0
12,60.04276430616889,11.15302767340975,59.99798576872296,10.973118352769282,0,782,WALKING,754,0
13,59.550200394263676,10.703254371808578,59.88284095814772,10.759476034508724,0,747,WALKING,730,0
14,59.85085628854348,11.242982333729985,59.99798576872296,10.500856386088051,0,519,WALKING,498,0
15,60.15151218282329,11.220493668649926,60.119527513219055,11.119294675789662,0,394,WALKING,376,0
16,60.35621406829039,11.254226666270014,60.38180180397378,11.49035764961063,0,865,WALKING,844,0
17,60.0299704383272,11.18676067102984,60.138718314981595,11.198005003569868,0,466,WALKING,450,0
18,59.62696360131384,10.602055378948315,59.79328388325586,11.33293699405022,0,1043,WALKING,1018,0
19,60.17070298458583,11.096806010709605,60.055558174010585,11.108050343249634,0,940,WALKING,920,0
20,59.87644402422687,10.692010039268549,59.844459354622636,10.781964699588784,0,1146,WALKING,1125,0
