id,pickup_latitude,pickup_longitude,dropoff_latitude,dropoff_longitude,request_type,request_time,mobility_type,call_time,direct_drive_time
1,60.388198737894626,11.00685135038937,60.45856501102394,11.591556642470893,0,546,WALKING,530,0
2,59.678139072680615,10.736987369428666,59.63975746915553,10.703254371808578,0,1124,WALKING,1108,0
3,60.4393742092614,10.939385355149193,60.37540487005293,11.00685135038937,0,1137,WALKING,1118,0
4,59.62056666739299,11.411647321830426,59.703726808364,11.220493668649926,0,919,WALKING,895,0
5,59.91482562775195,11.434135986910483,59.93401642951449,11.16427200594978,0,497,WALKING,478,0
6,60.432977275340555,10.973118352769282,59.953207231277034,11.040584348009459,0,796,WALKING,777,0
7,60.44577114318225,11.254226666270014,59.98519190088127,11.231738001189957,0,903,WALKING,885,0
8,59.927619495593646,11.65902263771107,59.722917610126544,11.51284631469069,0,1067,WALKING,1041,0
9,60.29864166300277,11.220493668649926,60.285847795161075,11.344181326590249,0,448,WALKING,428,0
10,60.50334354846987,11.063073013089516,60.39459567181547,11.546579312310776,0,797,WALKING,781,0
11,60.138718314981595,11.16427200594978,60.119527513219055,11.231738001189957,0,597,WALKING,568,0
12,59.53740652642198,10.590811046408286,59.63975746915553,10.759476034508724,0,1330,WALKING,1308,0
13,59.62696360131384,10.928141022609164,59.54380346034283,10.579566713868257,0,1150,WALKING,1122,0
14,60.42018340749886,11.355425659130278,60.388198737894626,11.434135986910483,0,445,WALKING,427,0
15,60.15151218282329,11.389158656750366,60.19629072026922,11.209249336109897,0,981,WALKING,962,0
16,59.56939119602622,10.894408024989076,59.55659732818452,11.535334979770747,0,839,WALKING,817,0
17,60.119527513219055,11.377914324210337,60.35621406829039,11.18676067102984,0,834,WALKING,814,0
18,60.08114590969397,11.524090647230718,59.88284095814772,11.377914324210337,0,968,WALKING,938,0
19,60.432977275340555,11.018095682929399,60.0299704383272,10.557078048788197,0,1219,WALKING,1202,0
20,59.58858199778876,10.815697697208872,59.550200394263676,10.804453364668841,0,1144,WALKING,1114,0
