id,pickup_latitude,pickup_longitude,dropoff_latitude,dropoff_longitude,request_type,request_time,mobility_type,call_time,direct_drive_time
1,59.96600109911873,10.388413060687757,59.94041336343534,10.455879055927934,0,941,WALKING,938,5
2,60.06195510793143,10.568322381328226,59.95960416519788,10.602055378948315,0,952,WALKING,943,12
3,59.53740652642198,11.018095682929399,59.94681029735619,11.220493668649926,0,986,WALKING,956,47
4,59.83806242070179,11.917642286131743,59.83806242070179,11.782710295651393,0,853,WALKING,842,8
5,60.55451901983665,10.894408024989076,60.37540487005293,11.16427200594978,0,899,WALKING,892,25
6,59.96600109911873,11.141783340869722,59.953207231277034,11.051828680549487,0,958,WALKING,947,6
7,59.658948270918074,10.3659243956077,59.64615440307638,10.478367721007992,0,1060,WALKING,1045,7
8,60.036367372248044,10.883163692449047,59.97879496696042,12.120040271852272,0,811,WALKING,783,70
9,60.08754284361482,10.98436268530931,60.0299704383272,10.905652357529107,0,533,WALKING,521,8
10,59.69093294052231,10.725743036888638,59.78688694933501,11.557823644850806,0,984,WALKING,966,48
11,60.49054968062818,10.973118352769282,60.40099260573632,11.108050343249634,0,1091,WALKING,1077,13
12,59.991588834802116,11.16427200594978,59.97879496696042,11.198005003569868,0,986,WALKING,971,3
13,59.79328388325586,10.86067502736899,59.806077751097554,11.040584348009459,0,1061,WALKING,1040,11
14,60.31143553084446,11.276715331350074,60.37540487005293,10.973118352769282,0,901,WALKING,888,19
15,59.93401642951449,11.175516338489809,59.85085628854348,10.523345051168109,0,1306,WALKING,1286,38
16,60.16430605066498,11.445380319450512,60.5481220859158,11.063073013089516,0,1022,WALKING,994,48
17,59.79968081717671,10.793209032128813,59.64615440307638,11.074317345629545,0,833,WALKING,830,24
18,59.94681029735619,11.063073013089516,60.06195510793143,10.455879055927934,0,907,WALKING,894,37
19,59.47983412113436,10.725743036888638,59.69093294052231,11.063073013089516,0,1221,WALKING,1191,31
20,60.18989378634837,11.119294675789662,59.79328388325586,11.411647321830426,0,918,WALKING,898,48
