id,pickup_latitude,pickup_longitude,dropoff_latitude,dropoff_longitude,request_type,request_time,mobility_type,call_time,direct_drive_time
1,60.17709991850668,11.085561678169574,60.46496194494479,11.265470998810043,0,881,WALKING,862,34
2,60.19629072026922,11.265470998810043,60.14511524890244,11.321692661510191,0,1117,WALKING,1094,7
3,59.761299213651625,10.83818636228893,59.697329874443156,10.950629687689224,0,809,WALKING,783,10
4,60.04916124008974,11.074317345629545,60.04276430616889,11.321692661510191,0,935,WALKING,921,14
5,60.4393742092614,11.029340015469428,60.285847795161075,11.389158656750366,0,933,WALKING,921,27
6,59.60137586563045,10.759476034508724,59.825268552860095,10.939385355149193,0,642,WALKING,619,27
7,59.87644402422687,11.063073013089516,59.88284095814772,11.254226666270014,0,853,WALKING,845,11
8,59.73571147796824,11.242982333729985,59.76769614757247,11.15302767340975,0,881,WALKING,851,7
9,60.0171765704855,10.781964699588784,60.02357350440635,10.826942029748901,0,972,WALKING,966,3
10,59.98519190088127,11.445380319450512,60.04276430616889,11.411647321830426,0,1003,WALKING,1000,7
11,59.96600109911873,11.445380319450512,60.14511524890244,10.86067502736899,0,811,WALKING,795,39
12,60.06195510793143,11.108050343249634,59.678139072680615,10.86067502736899,0,1074,WALKING,1068,45
13,59.73571147796824,11.445380319450512,59.780490015414166,11.321692661510191,0,890,WALKING,878,9
14,60.27945086124023,11.16427200594978,60.221878455952606,11.040584348009459,0,610,WALKING,592,10
15,59.658948270918074,11.276715331350074,59.761299213651625,11.344181326590249,0,777,WALKING,765,12
16,59.76769614757247,10.736987369428666,59.66534520483892,10.961874020229253,0,894,WALKING,879,17
17,60.20908458811091,11.175516338489809,60.61848835904512,11.096806010709605,0,879,WALKING,864,46
18,60.49054968062818,11.074317345629545,60.17709991850668,11.051828680549487,0,934,WALKING,929,35
19,60.138718314981595,11.119294675789662,60.00438270264381,10.98436268530931,0,842,WALKING,816,17
20,60.516137416311565,11.16427200594978,60.47135887886564,11.198005003569868,0,1019,WALKING,1015,6
