id,pickup_latitude,pickup_longitude,dropoff_latitude,dropoff_longitude,request_type,request_time,mobility_type,call_time,direct_drive_time
1,60.055558174010585,10.973118352769282,59.89563482598941,11.018095682929399,0,888,WALKING,873,18
2,60.26026005947769,11.377914324210337,59.98519190088127,11.063073013089516,0,503,WALKING,490,36
3,60.036367372248044,11.287959663890103,60.00438270264381,11.231738001189957,0,1075,WALKING,1071,5
4,59.98519190088127,10.275969735287465,59.95960416519788,10.399657393227788,0,1038,WALKING,1008,8
5,59.991588834802116,11.040584348009459,60.38180180397378,11.074317345629545,0,792,WALKING,777,44
6,59.68453600660146,11.422891654370455,59.678139072680615,11.299203996430132,0,1082,WALKING,1073,7
7,59.88284095814772,11.18676067102984,60.02357350440635,10.939385355149193,0,450,WALKING,422,21
8,60.40738953965717,11.00685135038937,60.432977275340555,11.074317345629545,0,993,WALKING,965,5
9,60.0171765704855,11.434135986910483,59.97879496696042,11.411647321830426,0,1030,WALKING,1004,5
10,59.63975746915553,10.410901725767816,59.55659732818452,10.53458938370814,0,865,WALKING,854,12
11,60.5481220859158,11.085561678169574,60.25386312555684,11.557823644850806,0,970,WALKING,949,42
12,59.95960416519788,11.276715331350074,59.9212225616728,11.299203996430132,0,804,WALKING,789,5
13,60.25386312555684,11.254226666270014,60.25386312555684,11.422891654370455,0,679,WALKING,650,10
14,60.3434202004487,10.995607017849341,60.349817134369545,11.085561678169574,0,990,WALKING,979,5
15,59.69093294052231,11.108050343249634,59.8124746850184,11.400402989290395,0,816,WALKING,796,22
16,59.72931454404739,11.31044832897016,59.83806242070179,11.18676067102984,0,1009,WALKING,1001,14
17,59.89563482598941,11.130539008329691,59.83806242070179,11.31044832897016,0,993,WALKING,984,12
18,59.908428693831105,10.624544044028374,59.77409308149332,10.602055378948315,0,1262,WALKING,1235,15
19,60.036367372248044,11.344181326590249,60.183496852427524,11.175516338489809,0,994,WALKING,975,19
20,59.95960416519788,10.905652357529107,59.889237892068564,10.635788376568403,0,1090,WALKING,1072,17
