id,pickup_latitude,pickup_longitude,dropoff_latitude,dropoff_longitude,request_type,request_time,mobility_type,call_time,direct_drive_time
1,59.825268552860095,10.871919359909018,60.31783246476531,11.108050343249634,0,868,WALKING,867,57
2,59.96600109911873,11.445380319450512,59.761299213651625,11.400402989290395,0,997,WALKING,980,23
3,60.35621406829039,11.265470998810043,60.32422939868616,11.254226666270014,0,569,WALKING,568,4
4,60.04276430616889,11.040584348009459,60.157909116744136,11.085561678169574,0,889,WALKING,886,14
5,60.183496852427524,11.220493668649926,59.85725322246433,10.86067502736899,0,886,WALKING,870,42
6,59.991588834802116,11.18676067102984,59.927619495593646,11.321692661510191,0,1116,WALKING,1096,11
7,60.18989378634837,11.467868984530572,60.44577114318225,10.826942029748901,0,869,WALKING,848,46
8,60.08114590969397,11.591556642470893,60.08754284361482,11.209249336109897,0,939,WALKING,927,22
9,60.14511524890244,11.15302767340975,60.40099260573632,10.995607017849341,0,886,WALKING,861,30
10,60.29224472908192,11.00685135038937,60.31143553084446,11.18676067102984,0,939,WALKING,914,11
11,60.27945086124023,10.98436268530931,60.036367372248044,10.86067502736899,0,902,WALKING,882,28
12,59.69093294052231,10.826942029748901,60.22827538987345,10.98436268530931,0,801,WALKING,799,61
13,60.560915953757494,10.826942029748901,60.496946614549024,10.781964699588784,0,1086,WALKING,1067,8
14,59.47983412113436,10.714498704348607,59.71012374228485,10.736987369428666,0,1300,WALKING,1277,26
15,60.24106925771515,11.15302767340975,60.266656993398534,11.040584348009459,0,1049,WALKING,1041,7
16,59.575788129947064,10.590811046408286,60.04276430616889,10.995607017849341,0,945,WALKING,940,57
17,60.0171765704855,11.130539008329691,59.9212225616728,11.051828680549487,0,916,WALKING,890,12
18,59.8124746850184,10.489612053548022,59.85085628854348,10.467123388467963,0,940,WALKING,914,5
19,59.594978931709605,10.939385355149193,59.96600109911873,11.276715331350074,0,1017,WALKING,996,46
20,59.63975746915553,10.624544044028374,59.844459354622636,11.377914324210337,0,815,WALKING,786,48
