id,pickup_latitude,pickup_longitude,dropoff_latitude,dropoff_longitude,request_type,request_time,mobility_type,call_time,direct_drive_time
1,59.62056666739299,10.905652357529107,59.678139072680615,10.995607017849341,0,1026,WALKING,998,0
2,60.19629072026922,11.265470998810043,60.202687654190065,11.31044832897016,0,1234,WALKING,1206,0
3,59.91482562775195,11.108050343249634,59.68453600660146,10.826942029748901,0,1153,WALKING,1134,0
4,60.26026005947769,11.198005003569868,59.806077751097554,10.871919359909018,0,392,WALKING,374,0
5,60.18989378634837,11.400402989290395,59.93401642951449,10.961874020229253,0,593,WALKING,563,0
6,59.87644402422687,11.198005003569868,59.83166548678094,11.231738001189957,0,1005,WALKING,984,0
7,59.678139072680615,10.478367721007992,59.76769614757247,10.83818636228893,0,586,WALKING,560,0
8,60.08114590969397,11.096806010709605,59.98519190088127,11.524090647230718,0,1214,WALKING,1186,0
9,59.78688694933501,10.489612053548022,59.658948270918074,11.377914324210337,0,483,WALKING,455,0
10,60.02357350440635,11.951375283751831,59.65255133699723,11.051828680549487,0,932,WALKING,907,0
11,59.53740652642198,10.83818636228893,59.53740652642198,10.635788376568403,0,1098,WALKING,1077,0
12,59.94681029735619,10.83818636228893,59.93401642951449,10.871919359909018,0,782,WALKING,757,0
13,59.90203175991026,10.467123388467963,59.953207231277034,10.287214067827493,0,471,WALKING,448,0
14,59.97879496696042,10.928141022609164,59.90203175991026,10.826942029748901,0,1191,WALKING,1168,0
15,59.870047090306024,11.524090647230718,59.94681029735619,11.366669991670308,0,1076,WALKING,1048,0
16,59.492627988976054,10.781964699588784,59.550200394263676,10.793209032128813,0,978,WALKING,954,0
17,59.658948270918074,11.670266970251099,59.68453600660146,11.65902263771107,0,732,WALKING,704,0
18,60.496946614549024,10.793209032128813,60.5481220859158,11.085561678169574,0,978,WALKING,954,0
19,59.742108411889085,11.422891654370455,59.71012374228485,11.591556642470893,0,805,WALKING,780,0
20,60.40099260573632,11.018095682929399,60.369007936132085,11.209249336109897,0,571,WALKING,541,0
