id,pickup_latitude,pickup_longitude,dropoff_latitude,dropoff_longitude,request_type,request_time,mobility_type,call_time,direct_drive_time
1,60.388198737894626,11.366669991670308,60.330626332607004,11.366669991670308,0,1096,WALKING,1074,7
2,60.432977275340555,10.961874020229253,60.16430605066498,11.130539008329691,0,954,WALKING,938,32
3,60.04916124008974,11.782710295651393,60.0299704383272,11.883909288511656,0,402,WALKING,373,7
4,60.1259244471399,11.085561678169574,60.04276430616889,10.602055378948315,0,1051,WALKING,1045,29
5,59.96600109911873,11.344181326590249,60.00438270264381,11.344181326590249,0,940,WALKING,937,5
6,60.15151218282329,11.434135986910483,60.1259244471399,11.434135986910483,0,878,WALKING,874,3
7,59.575788129947064,10.793209032128813,59.85725322246433,10.759476034508724,0,913,WALKING,888,32
8,59.69093294052231,11.085561678169574,59.83806242070179,11.4791133170706,0,907,WALKING,898,28
9,59.94681029735619,10.53458938370814,60.16430605066498,10.736987369428666,0,1134,WALKING,1124,27
10,59.87644402422687,11.861420623431597,59.844459354622636,11.782710295651393,0,861,WALKING,849,6
11,60.036367372248044,10.973118352769282,59.97879496696042,10.894408024989076,0,1012,WALKING,1002,8
12,59.66534520483892,10.66952137418849,60.0299704383272,10.579566713868257,0,1162,WALKING,1140,41
13,60.38180180397378,11.085561678169574,60.25386312555684,11.051828680549487,0,1071,WALKING,1052,15
14,59.9212225616728,11.141783340869722,59.93401642951449,11.18676067102984,0,849,WALKING,835,3
15,60.349817134369545,10.98436268530931,60.17070298458583,10.287214067827493,0,939,WALKING,914,44
16,59.870047090306024,11.265470998810043,59.575788129947064,10.826942029748901,0,1106,WALKING,1093,41
17,60.036367372248044,11.018095682929399,60.0299704383272,10.961874020229253,0,515,WALKING,508,4
18,59.722917610126544,11.355425659130278,60.06195510793143,11.557823644850806,0,925,WALKING,907,40
19,59.98519190088127,10.849430694828959,59.98519190088127,10.905652357529107,0,915,WALKING,890,4
20,59.94041336343534,11.074317345629545,59.88284095814772,11.063073013089516,0,1093,WALKING,1066,7
