id,pickup_latitude,pickup_longitude,dropoff_latitude,dropoff_longitude,request_type,request_time,mobility_type,call_time,direct_drive_time
1,59.93401642951449,10.613299711488343,59.870047090306024,10.545833716248168,0,987,WALKING,964,0
2,60.0299704383272,11.198005003569868,60.00438270264381,11.063073013089516,0,1020,WALKING,996,0
3,59.87644402422687,10.635788376568403,59.79328388325586,10.83818636228893,0,853,WALKING,831,0
4,59.806077751097554,10.98436268530931,59.99798576872296,11.242982333729985,0,1042,WALKING,1019,0
5,60.221878455952606,11.220493668649926,59.825268552860095,11.344181326590249,0,495,WALKING,476,0
6,59.90203175991026,10.692010039268549,59.86365015638518,10.635788376568403,0,819,WALKING,801,0
7,59.63975746915553,11.445380319450512,59.761299213651625,10.86067502736899,0,1174,WALKING,1157,0
8,59.76769614757247,10.849430694828959,59.511818790738594,10.65827704164846,0,1107,WALKING,1084,0
9,59.56299426210537,10.647032709108432,59.60137586563045,10.635788376568403,0,441,WALKING,422,0
10,59.97879496696042,11.276715331350074,60.06835204185228,11.321692661510191,0,910,WALKING,883,0
11,60.0299704383272,10.399657393227788,59.51821572465944,10.320947065447582,0,590,WALKING,574,0
12,60.09393977753567,11.344181326590249,60.02357350440635,11.040584348009459,0,778,WALKING,753,0
13,59.83166548678094,11.175516338489809,59.9212225616728,10.781964699588784,0,773,WALKING,748,0
14,59.806077751097554,10.635788376568403,59.78688694933501,10.624544044028374,0,488,WALKING,462,0
15,59.95960416519788,11.198005003569868,59.85085628854348,11.040584348009459,0,852,WALKING,834,0
16,59.85085628854348,10.815697697208872,60.010779636564656,10.18601507496723,0,809,WALKING,782,0
17,59.62056666739299,11.130539008329691,59.780490015414166,11.377914324210337,0,868,WALKING,851,0
18,60.08754284361482,11.31044832897016,60.1259244471399,11.434135986910483,0,1030,WALKING,1011,0
19,59.95960416519788,11.411647321830426,60.388198737894626,11.040584348009459,0,940,WALKING,918,0
20,59.94041336343534,10.871919359909018,59.77409308149332,10.66952137418849,0,1309,WALKING,1279,0
