id,pickup_latitude,pickup_longitude,dropoff_latitude,dropoff_longitude,request_type,request_time,mobility_type,call_time,direct_drive_time
1,59.98519190088127,11.366669991670308,60.010779636564656,11.49035764961063,0,810,WALKING,789,8
2,60.1259244471399,10.759476034508724,60.31783246476531,10.770720367048755,0,770,WALKING,755,22
3,59.972398033039575,10.523345051168109,59.908428693831105,10.703254371808578,0,837,WALKING,834,13
4,60.036367372248044,10.961874020229253,59.99798576872296,10.883163692449047,0,877,WALKING,858,7
5,60.31143553084446,11.040584348009459,60.330626332607004,11.018095682929399,0,926,WALKING,901,3
6,60.02357350440635,11.074317345629545,59.95960416519788,11.029340015469428,0,1065,WALKING,1056,8
7,59.90203175991026,11.344181326590249,60.202687654190065,11.355425659130278,0,926,WALKING,903,34
8,59.991588834802116,10.815697697208872,60.31143553084446,11.018095682929399,0,927,WALKING,909,38
9,60.46496194494479,11.00685135038937,60.4393742092614,10.939385355149193,0,937,WALKING,929,5
10,59.95960416519788,10.849430694828959,59.94681029735619,10.871919359909018,0,942,WALKING,926,2
11,59.8124746850184,11.760221630571333,59.703726808364,10.849430694828959,0,711,WALKING,691,53
12,60.138718314981595,11.085561678169574,60.08754284361482,11.456624651990541,0,597,WALKING,589,22
13,60.369007936132085,11.220493668649926,60.36261100221124,11.15302767340975,0,454,WALKING,449,4
14,59.88284095814772,11.231738001189957,60.496946614549024,11.231738001189957,0,1155,WALKING,1145,69
15,60.08114590969397,10.748231701968695,60.036367372248044,10.703254371808578,0,981,WALKING,964,6
16,60.349817134369545,11.00685135038937,60.26026005947769,11.096806010709605,0,866,WALKING,842,12
17,60.2346723237943,11.063073013089516,60.10673364537736,11.647778305171041,0,896,WALKING,877,36
18,60.22827538987345,11.254226666270014,60.305038596923616,11.254226666270014,0,1068,WALKING,1063,9
19,60.16430605066498,11.220493668649926,60.21548152203176,11.220493668649926,0,1093,WALKING,1072,6
20,60.3434202004487,11.231738001189957,60.38180180397378,11.276715331350074,0,1137,WALKING,1129,5
