id,pickup_latitude,pickup_longitude,dropoff_latitude,dropoff_longitude,request_type,request_time,mobility_type,call_time,direct_drive_time
1,59.62056666739299,10.602055378948315,59.594978931709605,10.83818636228893,0,878,WALKING,867,0
2,59.94041336343534,10.770720367048755,59.94041336343534,10.590811046408286,0,507,WALKING,497,0
3,59.95960416519788,10.433390390847874,59.94681029735619,10.388413060687757,0,537,WALKING,529,0
4,60.02357350440635,11.220493668649926,59.91482562775195,11.198005003569868,0,1203,WALKING,1194,0
5,59.7165206762057,10.703254371808578,59.594978931709605,10.781964699588784,0,795,WALKING,785,0
6,59.90203175991026,11.231738001189957,59.678139072680615,10.916896690069136,0,406,WALKING,393,0
7,60.25386312555684,11.198005003569868,60.221878455952606,11.15302767340975,0,848,WALKING,835,0
8,60.477755812786484,10.973118352769282,60.00438270264381,11.119294675789662,0,759,WALKING,749,0
9,59.96600109911873,10.939385355149193,60.08114590969397,11.029340015469428,0,1000,WALKING,990,0
10,60.138718314981595,10.916896690069136,59.95960416519788,11.029340015469428,0,1226,WALKING,1212,0
11,60.0299704383272,11.00685135038937,60.00438270264381,11.00685135038937,0,949,WALKING,934,0
12,59.722917610126544,10.579566713868257,59.383880112321656,10.815697697208872,0,1041,WALKING,1027,0
13,59.96600109911873,11.917642286131743,59.927619495593646,11.96261961629186,0,659,WALKING,651,0
14,59.614169733472146,11.287959663890103,59.703726808364,11.411647321830426,0,1093,WALKING,1081,0
15,59.7165206762057,10.86067502736899,59.703726808364,10.781964699588784,0,649,WALKING,639,0
16,60.06835204185228,10.770720367048755,60.055558174010585,10.98436268530931,0,848,WALKING,839,0
17,59.89563482598941,11.703999967871187,59.9212225616728,11.557823644850806,0,397,WALKING,387,0
18,59.8124746850184,11.040584348009459,60.036367372248044,11.299203996430132,0,1025,WALKING,1011,0
19,59.64615440307638,11.018095682929399,59.73571147796824,10.781964699588784,0,766,WALKING,751,0
20,59.35829237663827,10.826942029748901,59.447849451530125,10.714498704348607,0,918,WALKING,904,0
