id,pickup_latitude,pickup_longitude,dropoff_latitude,dropoff_longitude,request_type,request_time,mobility_type,call_time,direct_drive_time
1,60.305038596923616,11.130539008329691,60.35621406829039,11.198005003569868,0,1068,WALKING,1067,7
2,59.889237892068564,10.410901725767816,59.95960416519788,10.422146058307845,0,957,WALKING,936,8
3,59.594978931709605,10.65827704164846,59.63336053523469,10.703254371808578,0,949,WALKING,939,5
4,60.0299704383272,12.322438257572799,59.81887161893925,11.299203996430132,0,957,WALKING,954,62
5,59.972398033039575,10.894408024989076,60.0299704383272,10.871919359909018,0,925,WALKING,910,7
6,60.13232138106075,11.16427200594978,59.87644402422687,10.647032709108432,0,807,WALKING,783,41
7,60.10673364537736,11.074317345629545,60.04916124008974,11.400402989290395,0,442,WALKING,429,20
8,59.98519190088127,11.074317345629545,59.79968081717671,11.580312309930864,0,1171,WALKING,1170,35
9,60.25386312555684,11.276715331350074,60.119527513219055,10.995607017849341,0,851,WALKING,825,22
10,59.86365015638518,11.063073013089516,59.953207231277034,11.029340015469428,0,936,WALKING,935,11
11,59.52461265858029,10.624544044028374,59.550200394263676,10.65827704164846,0,963,WALKING,954,4
12,59.96600109911873,11.074317345629545,59.953207231277034,11.377914324210337,0,844,WALKING,824,17
13,59.63336053523469,11.018095682929399,59.76769614757247,11.198005003569868,0,931,WALKING,927,19
14,59.927619495593646,11.344181326590249,60.14511524890244,11.501601982150659,0,1142,WALKING,1117,26
15,60.42658034141971,10.736987369428666,60.49054968062818,10.961874020229253,0,953,WALKING,930,15
16,59.575788129947064,10.590811046408286,59.844459354622636,10.83818636228893,0,1097,WALKING,1078,33
17,60.44577114318225,10.883163692449047,60.17709991850668,11.535334979770747,0,943,WALKING,937,47
18,59.972398033039575,11.220493668649926,60.285847795161075,11.501601982150659,0,854,WALKING,828,39
19,60.50334354846987,11.198005003569868,60.48415274670733,11.355425659130278,0,1128,WALKING,1121,9
20,59.62056666739299,11.467868984530572,59.65255133699723,11.51284631469069,0,814,WALKING,802,5
