id,pickup_latitude,pickup_longitude,dropoff_latitude,dropoff_longitude,request_type,request_time,mobility_type,call_time,direct_drive_time
1,59.68453600660146,10.826942029748901,59.83166548678094,11.265470998810043,0,1074,WALKING,1072,30
2,60.27305392731938,11.18676067102984,60.31143553084446,11.198005003569868,0,620,WALKING,616,5
3,60.0299704383272,10.849430694828959,60.00438270264381,10.793209032128813,0,1014,WALKING,1013,5
4,60.42018340749886,11.16427200594978,60.44577114318225,11.209249336109897,0,913,WALKING,903,4
5,60.074748975773126,11.209249336109897,60.18989378634837,11.366669991670308,0,749,WALKING,726,16
6,59.9212225616728,11.389158656750366,59.908428693831105,11.276715331350074,0,909,WALKING,895,7
7,59.66534520483892,10.770720367048755,59.991588834802116,10.714498704348607,0,560,WALKING,558,37
8,60.0171765704855,11.276715331350074,59.86365015638518,11.299203996430132,0,882,WALKING,868,18
9,59.68453600660146,10.961874020229253,59.62696360131384,10.950629687689224,0,945,WALKING,930,7
10,60.21548152203176,11.209249336109897,60.055558174010585,10.815697697208872,0,928,WALKING,901,29
11,59.72931454404739,10.714498704348607,59.697329874443156,10.68076570672852,0,890,WALKING,886,5
12,59.77409308149332,11.108050343249634,59.83806242070179,10.748231701968695,0,912,WALKING,884,22
13,60.17709991850668,11.119294675789662,60.06835204185228,11.15302767340975,0,827,WALKING,823,13
14,59.94041336343534,11.647778305171041,59.91482562775195,11.80519896073145,0,877,WALKING,870,10
15,59.908428693831105,10.928141022609164,59.94681029735619,10.905652357529107,0,851,WALKING,824,5
16,60.24746619163599,11.198005003569868,59.825268552860095,10.849430694828959,0,1029,WALKING,1016,51
17,60.580106755520035,10.98436268530931,60.47135887886564,10.826942029748901,0,917,WALKING,912,15
18,59.658948270918074,10.871919359909018,59.58858199778876,11.029340015469428,0,913,WALKING,902,12
19,60.39459567181547,11.119294675789662,60.31143553084446,11.175516338489809,0,1020,WALKING,992,10
20,59.76769614757247,10.748231701968695,59.89563482598941,10.804453364668841,0,1044,WALKING,1025,15
