id,pickup_latitude,pickup_longitude,dropoff_latitude,dropoff_longitude,request_type,request_time,mobility_type,call_time,direct_drive_time
1,60.16430605066498,11.546579312310776,60.08754284361482,11.242982333729985,0,835,WALKING,818,0
2,59.76769614757247,10.826942029748901,59.78688694933501,10.748231701968695,0,1188,WALKING,1158,0
3,59.90203175991026,11.16427200594978,59.75490227973078,11.276715331350074,0,1136,WALKING,1112,0
4,60.42018340749886,11.231738001189957,60.39459567181547,11.18676067102984,0,700,WALKING,679,0
5,59.68453600660146,10.804453364668841,59.55659732818452,10.86067502736899,0,377,WALKING,360,0
6,60.036367372248044,11.096806010709605,60.02357350440635,10.939385355149193,0,1077,WALKING,1059,0
7,59.761299213651625,10.66952137418849,59.806077751097554,10.98436268530931,0,814,WALKING,790,0
8,60.13232138106075,11.141783340869722,60.369007936132085,11.299203996430132,0,419,WALKING,401,0
9,59.575788129947064,10.68076570672852,59.86365015638518,11.242982333729985,0,511,WALKING,492,0
10,59.780490015414166,10.624544044028374,59.87644402422687,11.400402989290395,0,1026,WALKING,1002,0
11,60.055558174010585,10.793209032128813,59.972398033039575,10.871919359909018,0,1321,WALKING,1292,0
12,60.13232138106075,11.141783340869722,59.91482562775195,11.51284631469069,0,857,WALKING,838,0
13,60.04276430616889,10.422146058307845,59.98519190088127,10.65827704164846,0,1046,WALKING,1028,0
14,59.62056666739299,10.51210071862808,59.72931454404739,10.894408024989076,0,948,WALKING,929,0
15,60.036367372248044,11.748977298031305,60.06195510793143,11.546579312310776,0,554,WALKING,528,0
16,59.72931454404739,11.49035764961063,60.10673364537736,11.4791133170706,0,659,WALKING,632,0
17,59.594978931709605,11.051828680549487,59.63336053523469,10.995607017849341,0,499,WALKING,478,0
18,60.06195510793143,10.973118352769282,59.6077727995513,10.602055378948315,0,1106,WALKING,1085,0
19,59.83166548678094,10.53458938370814,59.85085628854348,10.590811046408286,0,939,WALKING,909,0
20,60.22827538987345,11.209249336109897,60.20908458811091,11.16427200594978,0,1137,WALKING,1114,0
