id,pickup_latitude,pickup_longitude,dropoff_latitude,dropoff_longitude,request_type,request_time,mobility_type,call_time,direct_drive_time
1,60.119527513219055,11.063073013089516,60.04276430616889,11.254226666270014,0,1122,WALKING,1103,14
2,60.452168077103096,11.287959663890103,60.32422939868616,11.400402989290395,0,917,WALKING,903,16
3,59.68453600660146,11.119294675789662,59.658948270918074,11.085561678169574,0,948,WALKING,924,4
4,59.7165206762057,10.590811046408286,59.72931454404739,10.736987369428666,0,916,WALKING,895,9
5,60.08114590969397,11.029340015469428,60.06195510793143,11.040584348009459,0,881,WALKING,871,3
6,60.0171765704855,10.309702732907553,59.89563482598941,10.613299711488343,0,767,WALKING,741,22
7,60.33702326652785,11.434135986910483,60.31143553084446,11.389158656750366,0,1175,WALKING,1155,4
8,59.703726808364,10.905652357529107,59.56939119602622,10.961874020229253,0,1066,WALKING,1063,16
9,60.11313057929821,11.614045307550953,60.202687654190065,11.366669991670308,0,856,WALKING,829,17
10,59.780490015414166,10.65827704164846,59.68453600660146,10.736987369428666,0,1065,WALKING,1054,12
11,60.20908458811091,10.995607017849341,60.22827538987345,11.063073013089516,0,903,WALKING,879,5
12,60.42658034141971,11.119294675789662,59.98519190088127,10.83818636228893,0,995,WALKING,978,52
13,59.85085628854348,10.320947065447582,59.972398033039575,10.264725402747436,0,1018,WALKING,1017,14
14,59.85725322246433,11.321692661510191,60.04916124008974,11.16427200594978,0,1037,WALKING,1035,24
15,60.17709991850668,11.096806010709605,60.138718314981595,11.119294675789662,0,751,WALKING,721,5
16,59.844459354622636,11.18676067102984,59.825268552860095,11.141783340869722,0,868,WALKING,848,4
17,60.06835204185228,10.950629687689224,59.953207231277034,10.545833716248168,0,802,WALKING,792,26
18,60.0299704383272,11.917642286131743,59.98519190088127,11.917642286131743,0,509,WALKING,488,5
19,60.0299704383272,11.096806010709605,59.9212225616728,10.950629687689224,0,1089,WALKING,1071,15
20,59.72931454404739,11.422891654370455,59.9212225616728,11.355425659130278,0,1071,WALKING,1056,22
