id,pickup_latitude,pickup_longitude,dropoff_latitude,dropoff_longitude,request_type,request_time,mobility_type,call_time,direct_drive_time
1,60.26026005947769,11.242982333729985,60.25386312555684,11.108050343249634,0,1017,WALKING,992,8
2,60.19629072026922,11.130539008329691,59.722917610126544,10.98436268530931,0,980,WALKING,976,54
3,59.844459354622636,10.748231701968695,59.97879496696042,10.590811046408286,0,1173,WALKING,1146,18
4,59.71012374228485,10.613299711488343,59.53740652642198,11.074317345629545,0,956,WALKING,947,33
5,59.71012374228485,10.422146058307845,59.68453600660146,10.433390390847874,0,1334,WALKING,1315,3
6,59.550200394263676,10.635788376568403,59.60137586563045,10.590811046408286,0,932,WALKING,930,7
7,60.00438270264381,11.276715331350074,60.15151218282329,10.973118352769282,0,922,WALKING,919,24
8,60.09393977753567,10.287214067827493,60.010779636564656,10.489612053548022,0,817,WALKING,811,15
9,60.305038596923616,11.085561678169574,60.285847795161075,11.130539008329691,0,1019,WALKING,1010,4
10,60.0171765704855,11.456624651990541,59.96600109911873,11.276715331350074,0,1015,WALKING,988,12
11,59.88284095814772,11.040584348009459,60.10673364537736,12.120040271852272,0,996,WALKING,986,65
12,59.972398033039575,10.557078048788197,59.86365015638518,10.53458938370814,0,785,WALKING,783,13
13,59.56939119602622,11.33293699405022,59.62056666739299,11.276715331350074,0,958,WALKING,945,7
14,59.75490227973078,10.849430694828959,59.678139072680615,10.894408024989076,0,1043,WALKING,1018,9
15,59.889237892068564,11.49035764961063,59.889237892068564,10.53458938370814,0,948,WALKING,939,54
16,60.24746619163599,11.33293699405022,60.29224472908192,11.321692661510191,0,501,WALKING,473,6
17,59.42226171584674,10.916896690069136,59.46064331937182,10.961874020229253,0,1073,WALKING,1057,5
18,60.33702326652785,10.894408024989076,59.88284095814772,10.33219139798761,0,929,WALKING,921,60
19,60.26026005947769,11.220493668649926,60.14511524890244,11.276715331350074,0,1301,WALKING,1295,14
20,59.63975746915553,10.444634723387905,59.614169733472146,10.579566713868257,0,906,WALKING,890,9
