id,pickup_latitude,pickup_longitude,dropoff_latitude,dropoff_longitude,request_type,request_time,mobility_type,call_time,direct_drive_time
1,60.1259244471399,11.108050343249634,59.97879496696042,11.355425659130278,0,906,WALKING,887,0
2,60.16430605066498,11.737732965491276,60.119527513219055,11.647778305171041,0,820,WALKING,793,0
3,59.91482562775195,11.321692661510191,59.71012374228485,10.871919359909018,0,597,WALKING,568,0
4,60.55451901983665,11.265470998810043,60.18989378634837,10.995607017849341,0,475,WALKING,451,0
5,59.65255133699723,10.98436268530931,59.60137586563045,10.894408024989076,0,924,WALKING,908,0
6,60.119527513219055,11.141783340869722,60.055558174010585,12.209994932172506,0,865,WALKING,842,0
7,60.04276430616889,11.366669991670308,60.02357350440635,10.68076570672852,0,1233,WALKING,1212,0
8,59.58858199778876,10.973118352769282,59.991588834802116,11.198005003569868,0,816,WALKING,797,0
9,59.6077727995513,11.130539008329691,59.7165206762057,10.804453364668841,0,1043,WALKING,1019,0
10,59.73571147796824,11.00685135038937,59.870047090306024,10.692010039268549,0,990,WALKING,963,0
11,59.91482562775195,10.230992405127347,60.369007936132085,11.085561678169574,0,745,WALKING,719,0
12,59.95960416519788,11.366669991670308,60.221878455952606,11.63653397263101,0,469,WALKING,450,0
13,59.9212225616728,10.489612053548022,59.64615440307638,10.804453364668841,0,454,WALKING,430,0
14,60.3434202004487,11.265470998810043,60.349817134369545,11.175516338489809,0,1149,WALKING,1122,0
15,59.78688694933501,10.635788376568403,59.79968081717671,10.478367721007992,0,512,WALKING,483,0
16,60.285847795161075,11.231738001189957,60.29864166300277,11.15302767340975,0,871,WALKING,845,0
17,59.76769614757247,11.681511302791128,59.722917610126544,11.703999967871187,0,1280,WALKING,1253,0
18,60.138718314981595,11.422891654370455,60.100336711456514,11.31044832897016,0,973,WALKING,954,0
19,59.94041336343534,11.33293699405022,59.89563482598941,11.31044832897016,0,562,WALKING,538,0
20,60.37540487005293,10.905652357529107,60.29224472908192,10.916896690069136,0,650,WALKING,623,0
