id,pickup_latitude,pickup_longitude,dropoff_latitude,dropoff_longitude,request_type,request_time,mobility_type,call_time,direct_drive_time
1,60.349817134369545,11.524090647230718,60.38180180397378,11.400402989290395,0,603,WALKING,588,0
2,59.908428693831105,10.478367721007992,59.85725322246433,10.455879055927934,0,1149,WALKING,1141,0
3,59.94041336343534,11.175516338489809,59.85085628854348,10.613299711488343,0,884,WALKING,875,0
4,60.119527513219055,11.344181326590249,59.95960416519788,10.51210071862808,0,1289,WALKING,1278,0
5,60.010779636564656,11.33293699405022,59.81887161893925,11.287959663890103,0,685,WALKING,674,0
6,59.972398033039575,12.097551606772212,60.036367372248044,12.322438257572799,0,458,WALKING,452,0
7,60.477755812786484,10.905652357529107,60.1259244471399,11.175516338489809,0,1337,WALKING,1324,0
8,60.52253435023241,11.175516338489809,60.432977275340555,10.961874020229253,0,960,WALKING,947,0
9,60.02357350440635,11.175516338489809,59.96600109911873,11.18676067102984,0,953,WALKING,942,0
10,59.806077751097554,10.815697697208872,59.85725322246433,11.355425659130278,0,664,WALKING,657,0
11,59.65255133699723,10.602055378948315,59.67174213875977,10.66952137418849,0,912,WALKING,902,0
12,60.100336711456514,11.108050343249634,59.63336053523469,10.467123388467963,0,1191,WALKING,1180,0
13,59.93401642951449,11.33293699405022,59.94041336343534,11.299203996430132,0,373,WALKING,360,0
14,59.88284095814772,11.242982333729985,59.85085628854348,11.535334979770747,0,1136,WALKING,1123,0
15,60.100336711456514,11.119294675789662,59.9212225616728,11.018095682929399,0,987,WALKING,981,0
16,60.29864166300277,10.905652357529107,60.04916124008974,10.770720367048755,0,541,WALKING,530,0
17,60.452168077103096,11.074317345629545,60.14511524890244,11.108050343249634,0,1065,WALKING,1053,0
18,60.055558174010585,11.119294675789662,59.91482562775195,11.546579312310776,0,887,WALKING,875,0
19,59.69093294052231,10.647032709108432,59.697329874443156,11.074317345629545,0,429,WALKING,420,0
20,60.349817134369545,11.085561678169574,60.26026005947769,11.175516338489809,0,745,WALKING,738,0
