id,pickup_latitude,pickup_longitude,dropoff_latitude,dropoff_longitude,request_type,request_time,mobility_type,call_time,direct_drive_time
1,59.97879496696042,10.815697697208872,60.06195510793143,11.344181326590249,0,958,WALKING,935,0
2,60.00438270264381,11.65902263771107,60.00438270264381,10.815697697208872,0,999,WALKING,981,0
3,60.369007936132085,11.029340015469428,60.4393742092614,11.377914324210337,0,934,WALKING,917,0
4,60.00438270264381,11.209249336109897,59.761299213651625,11.231738001189957,0,722,WALKING,699,0
5,59.62696360131384,10.714498704348607,60.036367372248044,11.580312309930864,0,992,WALKING,969,0
6,60.24746619163599,11.647778305171041,60.1259244471399,11.557823644850806,0,1035,WALKING,1018,0
7,59.870047090306024,10.568322381328226,60.00438270264381,10.65827704164846,0,710,WALKING,688,0
8,59.99798576872296,11.018095682929399,60.02357350440635,11.00685135038937,0,446,WALKING,421,0
9,59.85085628854348,10.916896690069136,59.63975746915553,10.826942029748901,0,1019,WALKING,997,0
10,60.27305392731938,11.321692661510191,60.29864166300277,11.198005003569868,0,1087,WALKING,1061,0
11,59.67174213875977,11.029340015469428,59.95960416519788,11.130539008329691,0,499,WALKING,478,0
12,60.22827538987345,11.389158656750366,60.27945086124023,11.366669991670308,0,1083,WALKING,1063,0
13,59.83166548678094,10.725743036888638,60.32422939868616,11.063073013089516,0,794,WALKING,768,0
14,59.991588834802116,11.242982333729985,60.074748975773126,10.489612053548022,0,1030,WALKING,1012,0
15,59.889237892068564,11.51284631469069,59.94681029735619,11.355425659130278,0,998,WALKING,973,0
16,59.7165206762057,10.647032709108432,59.66534520483892,10.613299711488343,0,808,WALKING,785,0
17,60.52253435023241,11.119294675789662,59.9212225616728,10.804453364668841,0,778,WALKING,748,0
18,60.2346723237943,10.928141022609164,60.22827538987345,11.085561678169574,0,605,WALKING,585,0
19,60.21548152203176,10.950629687689224,60.18989378634837,11.063073013089516,0,611,WALKING,593,0
20,59.81887161893925,10.939385355149193,59.94681029735619,11.434135986910483,0,1083,WALKING,1056,0
