id,pickup_latitude,pickup_longitude,dropoff_latitude,dropoff_longitude,request_type,request_time,mobility_type,call_time,direct_drive_time
1,59.614169733472146,10.86067502736899,60.02357350440635,11.422891654370455,0,1272,WALKING,1245,0
2,59.89563482598941,10.275969735287465,59.88284095814772,10.478367721007992,0,937,WALKING,909,0
3,60.50974048239072,11.209249336109897,60.38180180397378,11.085561678169574,0,418,WALKING,400,0
4,59.44145251760928,10.692010039268549,59.45424638545097,10.647032709108432,0,1086,WALKING,1069,0
5,59.56299426210537,10.781964699588784,59.594978931709605,10.725743036888638,0,482,WALKING,457,0
6,60.138718314981595,11.377914324210337,60.26026005947769,11.467868984530572,0,1104,WALKING,1088,0
7,60.39459567181547,11.670266970251099,60.183496852427524,11.501601982150659,0,458,WALKING,434,0
8,60.16430605066498,11.51284631469069,60.08754284361482,11.344181326590249,0,764,WALKING,742,0
9,59.99798576872296,10.849430694828959,59.93401642951449,10.703254371808578,0,793,WALKING,773,0
10,59.68453600660146,10.68076570672852,59.91482562775195,11.051828680549487,0,922,WALKING,898,0
11,59.953207231277034,11.209249336109897,59.93401642951449,11.220493668649926,0,830,WALKING,806,0
12,59.697329874443156,11.703999967871187,59.83806242070179,11.602800975010924,0,471,WALKING,450,0
13,60.0299704383272,11.220493668649926,59.88284095814772,10.53458938370814,0,999,WALKING,979,0
14,60.04276430616889,11.220493668649926,60.00438270264381,11.231738001189957,0,1282,WALKING,1262,0
15,60.183496852427524,11.175516338489809,60.50974048239072,11.434135986910483,0,958,WALKING,931,0
16,59.972398033039575,10.98436268530931,60.08114590969397,11.029340015469428,0,881,WALKING,854,0
17,60.06195510793143,10.253481070207405,60.036367372248044,10.377168728147728,0,511,WALKING,488,0
18,59.68453600660146,11.355425659130278,59.78688694933501,11.389158656750366,0,949,WALKING,927,0
19,59.972398033039575,11.265470998810043,59.97879496696042,10.377168728147728,0,700,WALKING,675,0
20,59.88284095814772,10.51210071862808,59.85085628854348,10.489612053548022,0,473,WALKING,445,0
