id,pickup_latitude,pickup_longitude,dropoff_latitude,dropoff_longitude,request_type,request_time,mobility_type,call_time,direct_drive_time
1,59.678139072680615,10.590811046408286,59.62696360131384,10.590811046408286,0,873,WALKING,868,6
2,59.87644402422687,10.602055378948315,59.678139072680615,10.635788376568403,0,685,WALKING,663,23
3,59.56299426210537,10.647032709108432,59.614169733472146,10.557078048788197,0,963,WALKING,940,8
4,60.3434202004487,11.040584348009459,59.844459354622636,10.961874020229253,0,850,WALKING,835,56
5,60.432977275340555,10.748231701968695,60.266656993398534,11.198005003569868,0,948,WALKING,931,31
6,60.3434202004487,10.973118352769282,60.40099260573632,10.995607017849341,0,915,WALKING,912,7
7,60.477755812786484,10.939385355149193,60.413786473578014,10.973118352769282,0,1103,WALKING,1075,8
8,60.06195510793143,11.15302767340975,60.074748975773126,11.18676067102984,0,1272,WALKING,1243,3
9,60.2346723237943,11.00685135038937,60.432977275340555,11.074317345629545,0,1094,WALKING,1078,23
10,59.86365015638518,10.399657393227788,59.83806242070179,10.65827704164846,0,861,WALKING,854,15
11,59.98519190088127,10.433390390847874,59.95960416519788,10.51210071862808,0,1094,WALKING,1087,6
12,60.56731288767834,10.871919359909018,60.42018340749886,10.826942029748901,0,957,WALKING,944,17
13,59.75490227973078,11.692755635331158,59.844459354622636,11.445380319450512,0,497,WALKING,471,18
14,60.074748975773126,11.00685135038937,60.24746619163599,11.535334979770747,0,871,WALKING,842,35
15,60.46496194494479,10.83818636228893,60.477755812786484,10.804453364668841,0,1370,WALKING,1360,3
16,59.531009592501135,10.568322381328226,59.78688694933501,10.500856386088051,0,798,WALKING,775,29
17,59.991588834802116,10.287214067827493,59.550200394263676,10.590811046408286,0,954,WALKING,943,52
18,60.413786473578014,11.411647321830426,59.972398033039575,11.467868984530572,0,1170,WALKING,1167,50
19,59.64615440307638,10.826942029748901,59.73571147796824,10.815697697208872,0,936,WALKING,908,10
20,60.42658034141971,11.051828680549487,60.39459567181547,11.198005003569868,0,1001,WALKING,999,9
