id,pickup_latitude,pickup_longitude,dropoff_latitude,dropoff_longitude,request_type,request_time,mobility_type,call_time,direct_drive_time
1,60.0171765704855,11.524090647230718,59.927619495593646,11.389158656750366,0,567,WALKING,543,13
2,60.09393977753567,11.18676067102984,59.889237892068564,11.591556642470893,0,965,WALKING,952,33
3,60.0171765704855,11.16427200594978,59.81887161893925,10.478367721007992,0,986,WALKING,972,45
4,59.85725322246433,10.35468006306767,59.99798576872296,10.467123388467963,0,852,WALKING,828,17
5,59.53740652642198,10.759476034508724,59.678139072680615,11.096806010709605,0,1035,WALKING,1030,25
6,59.89563482598941,11.411647321830426,59.90203175991026,11.198005003569868,0,714,WALKING,705,12
7,60.40099260573632,10.916896690069136,59.972398033039575,10.83818636228893,0,494,WALKING,473,48
8,59.96600109911873,11.895153621051685,59.953207231277034,11.872664955971626,0,820,WALKING,804,2
9,59.99798576872296,11.051828680549487,59.83166548678094,10.826942029748901,0,870,WALKING,864,23
10,59.908428693831105,10.500856386088051,59.81887161893925,10.849430694828959,0,1374,WALKING,1365,22
11,59.722917610126544,11.467868984530572,59.908428693831105,11.422891654370455,0,1166,WALKING,1159,21
12,60.39459567181547,11.242982333729985,59.991588834802116,11.108050343249634,0,943,WALKING,927,46
13,59.93401642951449,10.939385355149193,59.908428693831105,11.051828680549487,0,596,WALKING,587,7
14,59.742108411889085,10.928141022609164,59.722917610126544,11.591556642470893,0,839,WALKING,809,38
15,60.305038596923616,11.130539008329691,60.138718314981595,11.198005003569868,0,830,WALKING,813,19
16,59.96600109911873,11.119294675789662,60.10673364537736,11.287959663890103,0,862,WALKING,860,19
17,60.61848835904512,11.029340015469428,60.54172515199495,10.995607017849341,0,500,WALKING,484,9
18,59.91482562775195,11.287959663890103,60.17709991850668,11.51284631469069,0,865,WALKING,846,32
19,60.26026005947769,11.242982333729985,60.29864166300277,11.141783340869722,0,924,WALKING,902,8
20,60.036367372248044,10.950629687689224,60.08754284361482,11.085561678169574,0,914,WALKING,901,10
