id,pickup_latitude,pickup_longitude,dropoff_latitude,dropoff_longitude,request_type,request_time,mobility_type,call_time,direct_drive_time
1,60.17070298458583,11.355425659130278,60.15151218282329,11.029340015469428,0,1357,WALKING,1328,19
2,59.94041336343534,11.15302767340975,59.86365015638518,11.029340015469428,0,877,WALKING,858,11
3,60.33702326652785,11.096806010709605,60.40738953965717,11.175516338489809,0,1036,WALKING,1015,9
4,60.330626332607004,11.18676067102984,60.388198737894626,11.602800975010924,0,987,WALKING,963,24
5,59.9212225616728,11.276715331350074,59.95960416519788,10.849430694828959,0,461,WALKING,458,25
6,60.1259244471399,11.141783340869722,60.100336711456514,11.242982333729985,0,1275,WALKING,1248,7
7,60.074748975773126,10.86067502736899,59.870047090306024,11.546579312310776,0,939,WALKING,917,45
8,59.678139072680615,10.624544044028374,59.6077727995513,10.83818636228893,0,974,WALKING,973,15
9,59.95960416519788,10.489612053548022,60.0171765704855,10.500856386088051,0,1102,WALKING,1082,7
10,60.27945086124023,10.894408024989076,60.2346723237943,11.029340015469428,0,848,WALKING,837,9
11,59.722917610126544,10.748231701968695,60.138718314981595,11.00685135038937,0,837,WALKING,829,49
12,59.83806242070179,10.579566713868257,59.91482562775195,10.51210071862808,0,1051,WALKING,1033,10
13,59.742108411889085,11.287959663890103,59.75490227973078,11.265470998810043,0,1342,WALKING,1317,2
14,59.95960416519788,11.209249336109897,59.98519190088127,11.130539008329691,0,899,WALKING,874,6
15,59.62056666739299,10.804453364668841,60.183496852427524,11.051828680549487,0,986,WALKING,970,65
16,59.64615440307638,11.670266970251099,59.73571147796824,11.692755635331158,0,1192,WALKING,1162,11
17,60.138718314981595,10.961874020229253,60.08114590969397,10.894408024989076,0,889,WALKING,861,8
18,59.697329874443156,10.826942029748901,59.703726808364,11.209249336109897,0,1036,WALKING,1008,22
19,60.369007936132085,11.15302767340975,60.42658034141971,11.108050343249634,0,916,WALKING,893,7
20,59.56939119602622,10.793209032128813,60.00438270264381,11.141783340869722,0,1002,WALKING,977,53
