id,pickup_latitude,pickup_longitude,dropoff_latitude,dropoff_longitude,request_type,request_time,mobility_type,call_time,direct_drive_time
1,59.531009592501135,10.478367721007992,59.79328388325586,10.826942029748901,0,1052,WALKING,1040,36
2,59.94681029735619,11.15302767340975,60.15151218282329,10.770720367048755,0,1077,WALKING,1052,32
3,60.16430605066498,11.108050343249634,60.08114590969397,11.051828680549487,0,862,WALKING,861,10
4,59.83806242070179,10.995607017849341,59.86365015638518,11.141783340869722,0,1017,WALKING,991,9
5,59.908428693831105,11.063073013089516,59.90203175991026,11.242982333729985,0,1009,WALKING,981,11
6,59.99798576872296,10.624544044028374,59.908428693831105,11.130539008329691,0,1086,WALKING,1082,30
7,60.330626332607004,10.905652357529107,60.432977275340555,10.905652357529107,0,1049,WALKING,1027,12
8,59.94041336343534,10.871919359909018,60.26026005947769,11.051828680549487,0,1054,WALKING,1042,37
9,59.37748317840081,10.489612053548022,59.48623105505521,10.804453364668841,0,930,WALKING,927,22
10,59.74850534580993,11.029340015469428,59.68453600660146,11.456624651990541,0,798,WALKING,789,25
11,60.010779636564656,10.793209032128813,59.91482562775195,11.063073013089516,0,1338,WALKING,1333,19
12,59.94681029735619,11.524090647230718,59.9212225616728,11.467868984530572,0,556,WALKING,552,5
13,59.99798576872296,10.455879055927934,59.94681029735619,10.568322381328226,0,815,WALKING,793,9
14,60.074748975773126,11.220493668649926,59.87644402422687,11.434135986910483,0,944,WALKING,936,26
15,59.47343718721351,11.366669991670308,59.58858199778876,11.411647321830426,0,858,WALKING,854,14
16,59.99798576872296,11.096806010709605,60.10673364537736,11.737732965491276,0,937,WALKING,912,38
17,59.72931454404739,10.748231701968695,59.7165206762057,11.063073013089516,0,944,WALKING,936,18
18,60.010779636564656,10.736987369428666,59.63975746915553,10.647032709108432,0,768,WALKING,740,42
19,59.77409308149332,11.175516338489809,59.74850534580993,11.18676067102984,0,1016,WALKING,1012,3
20,60.04276430616889,10.849430694828959,60.02357350440635,10.973118352769282,0,980,WALKING,971,8
