id,pickup_latitude,pickup_longitude,dropoff_latitude,dropoff_longitude,request_type,request_time,mobility_type,call_time,direct_drive_time
1,59.83806242070179,10.961874020229253,59.85085628854348,10.86067502736899,0,867,WALKING,837,6
2,60.221878455952606,11.65902263771107,59.9212225616728,10.613299711488343,0,921,WALKING,894,67
3,59.94681029735619,10.545833716248168,60.06195510793143,10.770720367048755,0,914,WALKING,887,18
4,60.06835204185228,11.175516338489809,59.62056666739299,11.546579312310776,0,815,WALKING,786,54
5,59.94041336343534,11.063073013089516,60.496946614549024,10.98436268530931,0,879,WALKING,849,63
6,59.93401642951449,11.535334979770747,59.927619495593646,11.141783340869722,0,1296,WALKING,1277,22
7,60.496946614549024,11.287959663890103,60.388198737894626,10.973118352769282,0,1055,WALKING,1044,22
8,60.036367372248044,11.130539008329691,60.183496852427524,11.501601982150659,0,903,WALKING,889,27
9,60.09393977753567,11.344181326590249,60.46496194494479,10.916896690069136,0,810,WALKING,807,48
10,59.96600109911873,11.130539008329691,59.953207231277034,11.198005003569868,0,979,WALKING,951,5
11,59.72931454404739,10.950629687689224,59.76769614757247,11.15302767340975,0,971,WALKING,964,13
12,60.0299704383272,10.961874020229253,60.04276430616889,11.16427200594978,0,988,WALKING,959,12
13,59.678139072680615,10.826942029748901,59.806077751097554,11.591556642470893,0,954,WALKING,939,46
14,59.62696360131384,11.748977298031305,59.63975746915553,11.681511302791128,0,912,WALKING,904,5
15,60.08114590969397,11.085561678169574,60.0171765704855,11.051828680549487,0,977,WALKING,950,8
16,59.81887161893925,11.614045307550953,59.73571147796824,11.287959663890103,0,868,WALKING,867,21
17,59.9212225616728,11.287959663890103,60.06835204185228,11.748977298031305,0,893,WALKING,884,31
18,59.953207231277034,11.287959663890103,60.06195510793143,10.894408024989076,0,1315,WALKING,1307,25
19,59.52461265858029,10.86067502736899,59.319910773113186,10.703254371808578,0,1026,WALKING,1020,25
20,59.56939119602622,10.804453364668841,59.6077727995513,10.83818636228893,0,950,WALKING,943,5
