id,pickup_latitude,pickup_longitude,dropoff_latitude,dropoff_longitude,request_type,request_time,mobility_type,call_time,direct_drive_time
1,60.202687654190065,11.355425659130278,59.98519190088127,10.568322381328226,0,956,WALKING,954,50
2,59.96600109911873,10.98436268530931,60.11313057929821,10.83818636228893,0,1017,WALKING,1004,19
3,60.285847795161075,11.15302767340975,60.13232138106075,11.15302767340975,0,1084,WALKING,1072,18
4,59.89563482598941,10.973118352769282,59.91482562775195,11.085561678169574,0,912,WALKING,889,7
5,60.369007936132085,11.18676067102984,60.388198737894626,11.108050343249634,0,947,WALKING,938,5
6,59.62056666739299,10.467123388467963,59.87644402422687,10.264725402747436,0,797,WALKING,771,31
7,59.58858199778876,10.66952137418849,59.7165206762057,10.928141022609164,0,998,WALKING,985,21
8,60.349817134369545,11.355425659130278,60.37540487005293,11.198005003569868,0,1049,WALKING,1019,10
9,59.79968081717671,11.040584348009459,59.83166548678094,11.040584348009459,0,1077,WALKING,1053,4
10,60.02357350440635,11.242982333729985,59.594978931709605,10.939385355149193,0,961,WALKING,959,51
11,60.20908458811091,11.299203996430132,60.22827538987345,11.299203996430132,0,888,WALKING,861,3
12,59.94681029735619,11.16427200594978,59.97879496696042,10.950629687689224,0,1342,WALKING,1320,13
13,59.6077727995513,11.220493668649926,59.678139072680615,10.781964699588784,0,1148,WALKING,1139,26
14,60.157909116744136,11.377914324210337,59.64615440307638,10.894408024989076,0,993,WALKING,975,63
15,59.9212225616728,11.411647321830426,60.31783246476531,11.119294675789662,0,706,WALKING,695,47
16,60.42018340749886,11.15302767340975,59.991588834802116,10.905652357529107,0,1321,WALKING,1302,50
17,60.61848835904512,11.422891654370455,60.644076094728504,10.883163692449047,0,1359,WALKING,1354,30
18,59.87644402422687,10.916896690069136,59.83806242070179,11.051828680549487,0,1002,WALKING,985,9
19,60.32422939868616,11.051828680549487,60.42018340749886,11.220493668649926,0,987,WALKING,966,15
20,59.87644402422687,10.568322381328226,60.100336711456514,11.242982333729985,0,909,WALKING,886,46
