id,pickup_latitude,pickup_longitude,dropoff_latitude,dropoff_longitude,request_type,request_time,mobility_type,call_time,direct_drive_time
1,59.63336053523469,10.65827704164846,59.575788129947064,10.65827704164846,0,907,WALKING,892,7
2,59.52461265858029,10.83818636228893,59.6077727995513,11.220493668649926,0,454,WALKING,431,24
3,59.91482562775195,10.635788376568403,59.908428693831105,10.703254371808578,0,964,WALKING,951,4
4,60.29864166300277,11.703999967871187,60.24106925771515,11.400402989290395,0,518,WALKING,493,18
5,59.991588834802116,11.108050343249634,59.63336053523469,10.422146058307845,0,938,WALKING,930,56
6,59.73571147796824,11.4791133170706,59.66534520483892,11.501601982150659,0,586,WALKING,578,8
7,59.67174213875977,10.725743036888638,59.658948270918074,10.647032709108432,0,950,WALKING,949,5
8,59.85725322246433,11.141783340869722,59.511818790738594,10.602055378948315,0,812,WALKING,801,49
9,59.95960416519788,11.209249336109897,59.94041336343534,11.175516338489809,0,969,WALKING,964,3
10,60.33702326652785,11.321692661510191,60.26026005947769,11.051828680549487,0,1029,WALKING,1024,18
11,60.48415274670733,11.299203996430132,60.452168077103096,11.287959663890103,0,965,WALKING,944,4
12,59.58858199778876,10.602055378948315,59.86365015638518,11.029340015469428,0,1155,WALKING,1126,39
13,59.991588834802116,10.995607017849341,59.89563482598941,11.377914324210337,0,951,WALKING,921,24
14,60.52253435023241,10.916896690069136,60.39459567181547,11.130539008329691,0,1099,WALKING,1085,19
15,59.52461265858029,10.770720367048755,59.81887161893925,11.198005003569868,0,1018,WALKING,996,41
16,59.927619495593646,10.34343573052764,60.06835204185228,10.422146058307845,0,938,WALKING,916,17
17,59.658948270918074,11.524090647230718,59.806077751097554,11.31044832897016,0,991,WALKING,983,21
18,59.58218506386791,11.085561678169574,59.60137586563045,10.98436268530931,0,913,WALKING,886,7
19,60.36261100221124,11.321692661510191,60.413786473578014,11.175516338489809,0,379,WALKING,369,10
20,60.388198737894626,11.175516338489809,60.15151218282329,10.961874020229253,0,1020,WALKING,1008,29
