id,pickup_latitude,pickup_longitude,dropoff_latitude,dropoff_longitude,request_type,request_time,mobility_type,call_time,direct_drive_time
1,60.24106925771515,11.4791133170706,60.24746619163599,11.355425659130278,0,979,WALKING,973,7
2,59.927619495593646,12.041329944072066,59.90203175991026,12.007596946451978,0,980,WALKING,950,4
3,60.36261100221124,11.276715331350074,60.0299704383272,10.961874020229253,0,1120,WALKING,1114,41
4,59.91482562775195,10.647032709108432,59.88284095814772,10.703254371808578,0,802,WALKING,792,5
5,59.74850534580993,11.130539008329691,59.63336053523469,10.489612053548022,0,832,WALKING,823,39
6,59.678139072680615,10.871919359909018,59.94681029735619,11.557823644850806,0,938,WALKING,933,49
7,59.94681029735619,11.108050343249634,59.99798576872296,11.130539008329691,0,952,WALKING,948,6
8,60.50974048239072,11.108050343249634,60.52893128415326,11.074317345629545,0,999,WALKING,985,3
9,60.06195510793143,11.018095682929399,60.04276430616889,11.242982333729985,0,379,WALKING,371,13
10,60.10673364537736,10.98436268530931,59.62056666739299,10.928141022609164,0,999,WALKING,992,55
11,60.16430605066498,10.714498704348607,59.83166548678094,11.175516338489809,0,799,WALKING,769,46
12,60.21548152203176,11.130539008329691,60.21548152203176,11.209249336109897,0,923,WALKING,909,5
13,59.85085628854348,11.18676067102984,59.93401642951449,11.085561678169574,0,945,WALKING,923,11
14,60.305038596923616,11.299203996430132,60.18989378634837,11.051828680549487,0,1056,WALKING,1040,19
15,59.99798576872296,11.018095682929399,59.953207231277034,10.815697697208872,0,872,WALKING,842,13
16,59.63975746915553,10.86067502736899,59.95960416519788,10.804453364668841,0,559,WALKING,540,36
17,59.94041336343534,12.198750599632477,60.15151218282329,11.883909288511656,0,913,WALKING,895,30
18,60.349817134369545,11.130539008329691,60.27305392731938,11.175516338489809,0,968,WALKING,956,9
19,60.26026005947769,10.894408024989076,60.31143553084446,11.085561678169574,0,400,WALKING,372,12
20,59.72931454404739,11.321692661510191,60.305038596923616,11.130539008329691,0,746,WALKING,738,65
