id,pickup_latitude,pickup_longitude,dropoff_latitude,dropoff_longitude,request_type,request_time,mobility_type,call_time,direct_drive_time
1,59.73571147796824,11.063073013089516,59.78688694933501,11.018095682929399,0,887,WALKING,873,7
2,59.87644402422687,10.489612053548022,60.06835204185228,10.939385355149193,0,844,WALKING,814,33
3,59.93401642951449,11.119294675789662,59.889237892068564,11.00685135038937,0,894,WALKING,871,9
4,59.972398033039575,10.894408024989076,59.991588834802116,10.995607017849341,0,1033,WALKING,1023,7
5,60.31783246476531,11.16427200594978,60.0171765704855,11.074317345629545,0,383,WALKING,364,34
6,59.85725322246433,10.905652357529107,59.889237892068564,11.198005003569868,0,1041,WALKING,1032,17
7,60.44577114318225,11.209249336109897,60.40738953965717,11.096806010709605,0,946,WALKING,934,8
8,59.844459354622636,10.939385355149193,59.88284095814772,10.883163692449047,0,1364,WALKING,1338,6
9,59.98519190088127,11.18676067102984,59.50542185681775,10.83818636228893,0,1065,WALKING,1051,57
10,59.927619495593646,10.523345051168109,59.89563482598941,10.613299711488343,0,871,WALKING,866,7
11,59.9212225616728,11.018095682929399,59.972398033039575,11.074317345629545,0,1323,WALKING,1308,7
12,59.76769614757247,10.950629687689224,59.63336053523469,10.759476034508724,0,1029,WALKING,1024,19
13,60.35621406829039,11.085561678169574,60.29864166300277,11.130539008329691,0,1016,WALKING,996,7
14,59.742108411889085,10.98436268530931,60.157909116744136,11.242982333729985,0,586,WALKING,571,49
15,59.40946784800504,10.939385355149193,59.52461265858029,10.826942029748901,0,942,WALKING,931,15
16,60.18989378634837,11.501601982150659,60.16430605066498,11.535334979770747,0,958,WALKING,943,4
17,60.432977275340555,10.928141022609164,60.4393742092614,10.770720367048755,0,1006,WALKING,989,9
18,59.614169733472146,10.545833716248168,59.75490227973078,10.647032709108432,0,1024,WALKING,1008,17
19,59.85725322246433,11.242982333729985,59.79328388325586,11.209249336109897,0,1184,WALKING,1157,8
20,59.531009592501135,10.905652357529107,59.68453600660146,10.894408024989076,0,916,WALKING,889,18
