id,pickup_latitude,pickup_longitude,dropoff_latitude,dropoff_longitude,request_type,request_time,mobility_type,call_time,direct_drive_time
1,59.492627988976054,10.736987369428666,59.58218506386791,10.703254371808578,0,952,WALKING,937,11
2,59.780490015414166,10.759476034508724,59.73571147796824,10.568322381328226,0,854,WALKING,847,12
3,60.036367372248044,11.254226666270014,59.99798576872296,11.029340015469428,0,1055,WALKING,1050,14
4,59.88284095814772,11.355425659130278,59.90203175991026,11.467868984530572,0,1081,WALKING,1064,7
5,59.55659732818452,10.66952137418849,59.51821572465944,10.65827704164846,0,755,WALKING,726,5
6,59.991588834802116,11.344181326590249,59.87644402422687,11.175516338489809,0,1067,WALKING,1043,16
7,59.703726808364,10.736987369428666,59.85085628854348,10.939385355149193,0,451,WALKING,422,20
8,60.119527513219055,11.198005003569868,60.0171765704855,10.894408024989076,0,979,WALKING,965,21
9,60.010779636564656,12.007596946451978,59.83806242070179,11.501601982150659,0,1209,WALKING,1186,35
10,60.06195510793143,11.096806010709605,60.010779636564656,11.33293699405022,0,974,WALKING,961,15
11,60.02357350440635,10.613299711488343,60.5481220859158,11.254226666270014,0,965,WALKING,946,69
12,59.98519190088127,10.905652357529107,60.09393977753567,11.321692661510191,0,1003,WALKING,989,27
13,60.413786473578014,11.141783340869722,60.44577114318225,11.16427200594978,0,413,WALKING,412,4
14,60.27945086124023,11.141783340869722,60.44577114318225,11.063073013089516,0,731,WALKING,717,19
15,59.927619495593646,11.299203996430132,59.55659732818452,10.523345051168109,0,931,WALKING,914,60
16,59.63975746915553,10.815697697208872,59.658948270918074,10.98436268530931,0,856,WALKING,827,10
17,60.16430605066498,11.040584348009459,60.20908458811091,11.31044832897016,0,1104,WALKING,1095,16
18,59.73571147796824,11.029340015469428,59.825268552860095,10.905652357529107,0,939,WALKING,910,13
19,59.96600109911873,11.51284631469069,59.98519190088127,11.231738001189957,0,844,WALKING,826,16
20,60.14511524890244,11.614045307550953,60.1259244471399,11.670266970251099,0,1020,WALKING,1004,4
