id,pickup_latitude,pickup_longitude,dropoff_latitude,dropoff_longitude,request_type,request_time,mobility_type,call_time,direct_drive_time
1,59.99798576872296,11.535334979770747,59.89563482598941,11.400402989290395,0,940,WALKING,930,14
2,60.04916124008974,10.489612053548022,60.074748975773126,10.545833716248168,0,964,WALKING,954,5
3,60.138718314981595,11.51284631469069,60.119527513219055,11.591556642470893,0,1000,WALKING,987,5
4,59.63336053523469,10.849430694828959,59.658948270918074,10.894408024989076,0,1041,WALKING,1012,4
5,60.04916124008974,11.141783340869722,59.86365015638518,10.377168728147728,0,1017,WALKING,997,48
6,59.575788129947064,10.770720367048755,59.67174213875977,10.66952137418849,0,549,WALKING,536,13
7,59.64615440307638,10.545833716248168,59.75490227973078,10.83818636228893,0,1009,WALKING,1006,21
8,60.330626332607004,11.175516338489809,60.452168077103096,11.063073013089516,0,1325,WALKING,1318,15
9,59.889237892068564,11.040584348009459,59.870047090306024,11.040584348009459,0,1013,WALKING,991,3
10,60.04276430616889,11.355425659130278,59.81887161893925,10.275969735287465,0,972,WALKING,958,66
11,60.11313057929821,10.377168728147728,59.98519190088127,10.433390390847874,0,1245,WALKING,1242,15
12,59.85085628854348,11.108050343249634,59.83166548678094,11.198005003569868,0,952,WALKING,923,6
13,60.349817134369545,11.366669991670308,60.33702326652785,11.254226666270014,0,942,WALKING,922,7
14,59.531009592501135,10.871919359909018,59.58858199778876,10.770720367048755,0,1086,WALKING,1076,9
15,59.46064331937182,10.377168728147728,59.47983412113436,10.467123388467963,0,747,WALKING,731,6
16,60.09393977753567,12.063818609152126,60.02357350440635,12.007596946451978,0,1008,WALKING,978,9
17,60.02357350440635,11.265470998810043,60.18989378634837,11.31044832897016,0,918,WALKING,888,19
18,60.04916124008974,10.53458938370814,60.00438270264381,11.670266970251099,0,931,WALKING,919,64
19,60.157909116744136,10.950629687689224,60.13232138106075,11.141783340869722,0,953,WALKING,947,11
20,60.388198737894626,11.040584348009459,60.40099260573632,11.108050343249634,0,891,WALKING,879,4
