id,pickup_latitude,pickup_longitude,dropoff_latitude,dropoff_longitude,request_type,request_time,mobility_type,call_time,direct_drive_time
1,60.477755812786484,11.231738001189957,60.35621406829039,11.085561678169574,0,1037,WALKING,1023,0
2,60.432977275340555,11.15302767340975,60.44577114318225,11.242982333729985,0,1025,WALKING,1019,0
3,59.95960416519788,11.119294675789662,60.08114590969397,11.108050343249634,0,377,WALKING,368,0
4,59.85085628854348,10.489612053548022,59.825268552860095,10.568322381328226,0,1252,WALKING,1244,0
5,59.870047090306024,11.15302767340975,60.06195510793143,11.299203996430132,0,657,WALKING,648,0
6,60.27945086124023,11.400402989290395,60.24106925771515,11.366669991670308,0,492,WALKING,486,0
7,59.97879496696042,11.344181326590249,60.09393977753567,11.231738001189957,0,1038,WALKING,1025,0
8,59.69093294052231,11.040584348009459,59.722917610126544,11.00685135038937,0,574,WALKING,559,0
9,60.31143553084446,11.029340015469428,59.953207231277034,11.557823644850806,0,661,WALKING,649,0
10,59.97879496696042,11.16427200594978,59.99798576872296,11.074317345629545,0,1073,WALKING,1060,0
11,59.72931454404739,10.995607017849341,59.75490227973078,10.950629687689224,0,598,WALKING,584,0
12,60.4393742092614,11.434135986910483,60.3434202004487,11.422891654370455,0,456,WALKING,450,0
13,59.85085628854348,10.3659243956077,59.88284095814772,10.444634723387905,0,987,WALKING,973,0
14,59.79328388325586,11.220493668649926,59.83806242070179,11.299203996430132,0,559,WALKING,552,0
15,59.825268552860095,10.815697697208872,59.65255133699723,10.714498704348607,0,1326,WALKING,1312,0
16,59.492627988976054,11.557823644850806,59.511818790738594,11.591556642470893,0,1127,WALKING,1121,0
17,60.08754284361482,11.501601982150659,60.1259244471399,11.389158656750366,0,1184,WALKING,1176,0
18,60.06195510793143,11.467868984530572,60.036367372248044,11.377914324210337,0,586,WALKING,572,0
19,59.703726808364,10.995607017849341,60.138718314981595,11.15302767340975,0,1371,WALKING,1359,0
20,59.48623105505521,10.68076570672852,59.550200394263676,10.748231701968695,0,987,WALKING,975,0
