id,pickup_latitude,pickup_longitude,dropoff_latitude,dropoff_longitude,request_type,request_time,mobility_type,call_time,direct_drive_time
1,59.75490227973078,10.793209032128813,59.99798576872296,11.80519896073145,0,1109,WALKING,1090,63
2,59.79328388325586,11.051828680549487,59.7165206762057,11.220493668649926,0,956,WALKING,952,13
3,60.10673364537736,11.231738001189957,60.26026005947769,11.535334979770747,0,909,WALKING,904,24
4,59.991588834802116,11.524090647230718,60.24746619163599,11.591556642470893,0,861,WALKING,845,29
5,60.56731288767834,11.018095682929399,60.266656993398534,11.141783340869722,0,896,WALKING,872,35
6,59.722917610126544,10.557078048788197,59.806077751097554,10.68076570672852,0,826,WALKING,800,12
7,60.4393742092614,11.220493668649926,60.17070298458583,11.16427200594978,0,836,WALKING,821,31
8,59.9212225616728,10.624544044028374,59.95960416519788,10.219748072587318,0,519,WALKING,508,23
9,59.889237892068564,11.029340015469428,60.4393742092614,11.265470998810043,0,1099,WALKING,1085,63
10,60.08754284361482,11.400402989290395,60.074748975773126,11.557823644850806,0,969,WALKING,941,9
11,60.202687654190065,11.31044832897016,59.85085628854348,10.568322381328226,0,942,WALKING,939,57
12,59.575788129947064,10.86067502736899,59.85725322246433,10.916896690069136,0,764,WALKING,740,32
13,60.33702326652785,11.400402989290395,60.40099260573632,11.366669991670308,0,802,WALKING,775,8
14,59.69093294052231,11.15302767340975,59.6077727995513,10.815697697208872,0,1054,WALKING,1027,22
15,59.94681029735619,10.781964699588784,59.55659732818452,10.883163692449047,0,689,WALKING,674,44
16,59.77409308149332,11.49035764961063,59.75490227973078,11.344181326590249,0,864,WALKING,839,9
17,59.99798576872296,10.939385355149193,59.48623105505521,10.725743036888638,0,1008,WALKING,984,59
18,60.0299704383272,11.65902263771107,60.08754284361482,11.703999967871187,0,936,WALKING,917,7
19,60.22827538987345,11.130539008329691,59.71012374228485,10.714498704348607,0,1124,WALKING,1095,63
20,59.95960416519788,11.209249336109897,60.0299704383272,10.939385355149193,0,1008,WALKING,1003,17
