id,pickup_latitude,pickup_longitude,dropoff_latitude,dropoff_longitude,request_type,request_time,mobility_type,call_time,direct_drive_time
1,60.477755812786484,11.063073013089516,60.20908458811091,11.15302767340975,0,933,WALKING,915,31
2,59.594978931709605,10.804453364668841,59.74850534580993,11.00685135038937,0,957,WALKING,945,21
3,59.64615440307638,10.66952137418849,59.65255133699723,10.590811046408286,0,1112,WALKING,1092,5
4,60.08114590969397,11.31044832897016,59.88284095814772,11.377914324210337,0,1009,WALKING,984,23
5,59.8124746850184,10.748231701968695,59.81887161893925,10.916896690069136,0,383,WALKING,382,10
6,59.83806242070179,11.276715331350074,59.825268552860095,11.400402989290395,0,907,WALKING,882,8
7,59.9212225616728,11.591556642470893,60.349817134369545,11.063073013089516,0,855,WALKING,832,56
8,60.5481220859158,11.198005003569868,60.45856501102394,11.33293699405022,0,839,WALKING,826,13
9,59.77409308149332,11.501601982150659,60.19629072026922,11.175516338489809,0,884,WALKING,873,51
10,60.36261100221124,10.939385355149193,60.305038596923616,10.905652357529107,0,1027,WALKING,1009,7
11,59.927619495593646,11.119294675789662,59.95960416519788,11.15302767340975,0,932,WALKING,927,5
12,60.0299704383272,10.635788376568403,60.08114590969397,11.265470998810043,0,1038,WALKING,1015,36
13,59.74850534580993,11.321692661510191,59.780490015414166,11.31044832897016,0,948,WALKING,920,4
14,60.0299704383272,11.231738001189957,59.761299213651625,10.647032709108432,0,1036,WALKING,1024,45
15,59.953207231277034,10.894408024989076,60.0171765704855,10.883163692449047,0,1017,WALKING,1014,8
16,59.79328388325586,10.692010039268549,59.85725322246433,10.467123388467963,0,1019,WALKING,998,15
17,59.972398033039575,11.321692661510191,59.658948270918074,10.736987369428666,0,595,WALKING,566,48
18,60.06195510793143,11.4791133170706,60.02357350440635,11.400402989290395,0,907,WALKING,899,7
19,59.780490015414166,11.355425659130278,59.77409308149332,11.276715331350074,0,817,WALKING,803,5
20,59.79968081717671,11.119294675789662,60.31143553084446,11.265470998810043,0,836,WALKING,822,58
