id,pickup_latitude,pickup_longitude,dropoff_latitude,dropoff_longitude,request_type,request_time,mobility_type,call_time,direct_drive_time
1,59.722917610126544,10.883163692449047,59.85085628854348,11.029340015469428,0,507,WALKING,478,0
2,59.742108411889085,10.635788376568403,59.97879496696042,10.444634723387905,0,592,WALKING,568,0
3,60.08114590969397,11.591556642470893,60.0299704383272,11.557823644850806,0,1288,WALKING,1271,0
4,60.27945086124023,11.389158656750366,60.3434202004487,11.254226666270014,0,1071,WALKING,1044,0
5,59.90203175991026,10.736987369428666,59.96600109911873,10.714498704348607,0,1127,WALKING,1111,0
6,59.88284095814772,10.928141022609164,59.94041336343534,10.961874020229253,0,758,WALKING,734,0
7,59.97879496696042,10.579566713868257,60.074748975773126,10.98436268530931,0,1035,WALKING,1016,0
8,60.157909116744136,11.299203996430132,60.11313057929821,11.18676067102984,0,606,WALKING,584,0
9,60.00438270264381,11.085561678169574,60.074748975773126,11.400402989290395,0,491,WALKING,475,0
10,60.19629072026922,11.130539008329691,60.21548152203176,11.175516338489809,0,381,WALKING,365,0
11,59.953207231277034,11.231738001189957,59.8124746850184,11.254226666270014,0,428,WALKING,409,0
12,59.927619495593646,11.096806010709605,60.50334354846987,11.366669991670308,0,617,WALKING,593,0
13,60.04276430616889,11.00685135038937,59.927619495593646,11.377914324210337,0,864,WALKING,840,0
14,59.6077727995513,10.647032709108432,59.93401642951449,10.275969735287465,0,549,WALKING,519,0
15,59.99798576872296,11.119294675789662,59.97879496696042,11.198005003569868,0,762,WALKING,740,0
16,60.036367372248044,11.063073013089516,60.010779636564656,11.220493668649926,0,402,WALKING,378,0
17,59.58218506386791,11.096806010709605,60.06195510793143,11.389158656750366,0,464,WALKING,445,0
18,60.17070298458583,11.321692661510191,60.27945086124023,11.366669991670308,0,997,WALKING,974,0
19,59.52461265858029,10.602055378948315,59.63336053523469,10.557078048788197,0,646,WALKING,616,0
20,59.889237892068564,10.590811046408286,59.90203175991026,10.770720367048755,0,400,WALKING,375,0
