id,pickup_latitude,pickup_longitude,dropoff_latitude,dropoff_longitude,request_type,request_time,mobility_type,call_time,direct_drive_time
1,60.02357350440635,11.209249336109897,59.51821572465944,10.736987369428666,0,528,WALKING,508,0
2,59.79968081717671,11.00685135038937,59.79968081717671,10.950629687689224,0,859,WALKING,833,0
3,59.870047090306024,11.51284631469069,59.86365015638518,11.31044832897016,0,777,WALKING,760,0
4,60.08114590969397,10.961874020229253,60.1259244471399,11.18676067102984,0,688,WALKING,660,0
5,59.825268552860095,10.905652357529107,59.51821572465944,10.916896690069136,0,1116,WALKING,1093,0
6,59.97879496696042,11.726488632951245,60.11313057929821,11.31044832897016,0,869,WALKING,850,0
7,59.50542185681775,10.613299711488343,59.575788129947064,10.83818636228893,0,990,WALKING,961,0
8,59.90203175991026,10.950629687689224,59.87644402422687,11.130539008329691,0,453,WALKING,426,0
9,60.305038596923616,11.366669991670308,60.266656993398534,11.400402989290395,0,919,WALKING,899,0
10,60.0299704383272,11.287959663890103,59.98519190088127,11.254226666270014,0,446,WALKING,425,0
11,59.64615440307638,11.456624651990541,59.63336053523469,11.51284631469069,0,1095,WALKING,1065,0
12,59.73571147796824,11.018095682929399,60.1259244471399,11.018095682929399,0,1078,WALKING,1050,0
13,59.56939119602622,10.66952137418849,59.87644402422687,10.961874020229253,0,1026,WALKING,1001,0
14,60.100336711456514,11.00685135038937,60.16430605066498,10.950629687689224,0,790,WALKING,771,0
15,59.9212225616728,11.085561678169574,60.0171765704855,11.15302767340975,0,642,WALKING,620,0
16,59.76769614757247,10.748231701968695,59.91482562775195,11.422891654370455,0,995,WALKING,972,0
17,59.94681029735619,10.871919359909018,59.89563482598941,10.748231701968695,0,410,WALKING,394,0
18,59.99798576872296,11.265470998810043,60.055558174010585,11.411647321830426,0,582,WALKING,557,0
19,60.330626332607004,11.265470998810043,60.32422939868616,11.209249336109897,0,446,WALKING,422,0
20,59.63336053523469,10.635788376568403,59.697329874443156,10.759476034508724,0,1139,WALKING,1120,0
