id,pickup_latitude,pickup_longitude,dropoff_latitude,dropoff_longitude,request_type,request_time,mobility_type,call_time,direct_drive_time
1,60.2346723237943,11.411647321830426,60.27945086124023,11.220493668649926,0,756,WALKING,746,12
2,59.87644402422687,10.770720367048755,59.99798576872296,11.085561678169574,0,483,WALKING,467,23
3,59.927619495593646,10.68076570672852,59.908428693831105,10.714498704348607,0,970,WALKING,940,3
4,59.761299213651625,11.254226666270014,59.697329874443156,11.546579312310776,0,935,WALKING,932,18
5,59.953207231277034,11.209249336109897,59.96600109911873,11.445380319450512,0,986,WALKING,960,14
6,60.285847795161075,11.535334979770747,60.37540487005293,11.557823644850806,0,1240,WALKING,1225,11
7,59.87644402422687,10.725743036888638,60.19629072026922,11.467868984530572,0,1106,WALKING,1100,55
8,60.45856501102394,11.108050343249634,60.21548152203176,11.16427200594978,0,1098,WALKING,1084,28
9,59.95960416519788,11.389158656750366,59.98519190088127,11.400402989290395,0,1009,WALKING,992,3
10,59.65255133699723,10.770720367048755,59.86365015638518,10.309702732907553,0,960,WALKING,942,35
11,59.703726808364,11.400402989290395,59.742108411889085,11.344181326590249,0,1109,WALKING,1098,6
12,59.94041336343534,10.916896690069136,59.927619495593646,10.961874020229253,0,985,WALKING,976,3
13,60.13232138106075,11.119294675789662,60.04276430616889,10.916896690069136,0,467,WALKING,452,16
14,59.953207231277034,11.355425659130278,59.991588834802116,11.231738001189957,0,800,WALKING,786,9
15,60.0299704383272,10.624544044028374,60.010779636564656,11.18676067102984,0,824,WALKING,812,32
16,60.055558174010585,10.242236737667376,59.972398033039575,10.51210071862808,0,1024,WALKING,1020,18
17,60.0171765704855,11.130539008329691,60.074748975773126,11.141783340869722,0,993,WALKING,975,7
18,60.010779636564656,10.34343573052764,59.94681029735619,10.33219139798761,0,890,WALKING,884,8
19,59.908428693831105,11.141783340869722,59.93401642951449,11.15302767340975,0,1085,WALKING,1067,3
20,59.761299213651625,10.871919359909018,59.6077727995513,10.692010039268549,0,937,WALKING,917,20
