{"nTaxi":0,"TotalCost":217.6315789473647,"TotalDistance":1416.7931277597022,"TotalIdleTime":0,"Scenario":{"name":"Generated_Data_20_3"},"TotalRideTime":1518}