{"slackAfterALNS":0,"nInitialNotServicedExpectedRequests":[7,7,5,5,9,7,5,8,8,1],"averageObj":[2668.0111739019685,2859.424747903585,2672.7534320386894,2864.910257754126,2474.51953266423,2589.2480500179627,2475.137528952375,2450.592150997186,2573.4759575654093,2742.4348609905874],"slackBeforeALNS":0,"nInitialNotServicedFixedRequests":[0,0,0,0,0,0,0,0,0,0],"averageNotServicedExpectedRequests":[17.9,19.9,17.6,20.3,15.7,16.8,15.8,15.4,16.9,18.5],"runId":["Run 1","Run 2","Run 3","Run 4","Run 5","Run 6","Run 7","Run 8","Run 9","Run 10"]}