{"slackAfterALNS":0,"nInitialNotServicedExpectedRequests":[7,3,3,7,4,1,3,6,4,7],"averageObj":[2436.8004915586016,2456.8341820001906,2379.9316569237208,2655.2280389658654,2521.013345018838,2366.8995984678054,2390.292986786187,2319.174219186086,2511.295994693045,2465.666340350357],"slackBeforeALNS":0,"nInitialNotServicedFixedRequests":[0,0,0,0,0,0,0,0,0,0],"averageNotServicedExpectedRequests":[15.5,15.5,14.6,17.9,16.2,14.6,14.8,13.9,16.1,15.8],"runId":["Run 1","Run 2","Run 3","Run 4","Run 5","Run 6","Run 7","Run 8","Run 9","Run 10"]}