{"slackAfterALNS":0,"nInitialNotServicedExpectedRequests":[10,7,8,10,6,5,6,9,12,4],"averageObj":[2702.480695030895,2712.436553662032,2582.304602010477,2641.64397464613,2755.890607968165,2490.8681934727847,2516.7907623834344,2543.315467704086,2667.700614786455,2780.5864265399878],"slackBeforeALNS":0,"nInitialNotServicedFixedRequests":[0,0,0,0,0,0,0,0,0,0],"averageNotServicedExpectedRequests":[18.3,18.3,16.8,17.6,19.0,15.9,16.0,16.3,17.9,19.3],"runId":["Run 1","Run 2","Run 3","Run 4","Run 5","Run 6","Run 7","Run 8","Run 9","Run 10"]}