id,start_of_availability,end_of_availability,maximum_ride_time,capacity_walking,depot_latitude,depot_longitude
1,600,960,950,4,59.660000000000004,11.525
2,600,960,950,4,60.14,11.275
3,1080,1440,1422,4,59.980000000000004,11.025
4,840,1200,1186,4,59.660000000000004,11.275
5,840,1200,1186,4,59.980000000000004,12.025
6,840,1200,1186,4,59.980000000000004,10.275
7,360,720,714,4,59.980000000000004,11.275
8,360,720,714,4,59.980000000000004,10.275
