{"slackAfterALNS":0,"nInitialNotServicedExpectedRequests":[1,3,4,4,3],"averageObj":[5530.548375659454,5626.148511576437,5523.974562643417,5679.662191019015,5710.617993704166],"slackBeforeALNS":0,"nInitialNotServicedFixedRequests":[0,0,0,0,0],"averageNotServicedExpectedRequests":[5.0,6.0,4.0,6.0,7.0],"ALNSIterations":[923,920,862,844,904],"runId":["Run 1","Run 2","Run 3","Run 4","Run 5"]}