{"slackAfterALNS":0,"nInitialNotServicedExpectedRequests":[0,0,1,0,1],"averageObj":[5033.328925176233,5136.455558638551,5312.420781429669,5309.589651797895,5189.265737156602],"slackBeforeALNS":0,"nInitialNotServicedFixedRequests":[0,0,0,0,0],"averageNotServicedExpectedRequests":[0.0,1.0,3.0,3.0,2.0],"ALNSIterations":[923,898,697,879,505],"runId":["Run 1","Run 2","Run 3","Run 4","Run 5"]}