{"slackAfterALNS":0,"nInitialNotServicedExpectedRequests":[7,9,8,8,10],"averageObj":[6073.902645453788,5909.1382636478,5745.4903430252625,5896.869157047212,6241.310790104857],"slackBeforeALNS":0,"nInitialNotServicedFixedRequests":[0,0,0,0,0],"averageNotServicedExpectedRequests":[11.0,9.0,7.0,9.0,13.0],"ALNSIterations":[1007,568,790,967,984],"runId":["Run 1","Run 2","Run 3","Run 4","Run 5"]}