{"slackAfterALNS":0,"nInitialNotServicedExpectedRequests":[3,2,4,1,1],"averageObj":[5721.424157221097,5723.9928473300615,5668.169461216288,5640.20039038597,5793.539946903193],"slackBeforeALNS":0,"nInitialNotServicedFixedRequests":[0,0,0,0,0],"averageNotServicedExpectedRequests":[7.0,7.0,6.0,6.0,8.0],"ALNSIterations":[966,933,981,966,946],"runId":["Run 1","Run 2","Run 3","Run 4","Run 5"]}