{"slackAfterALNS":0,"nInitialNotServicedExpectedRequests":[0,0,0,0,0],"averageObj":[5086.407215584515,5629.247575520954,5472.2811905445005,5560.701617215099,5204.698576410549],"slackBeforeALNS":0,"nInitialNotServicedFixedRequests":[0,0,0,0,0],"averageNotServicedExpectedRequests":[0.0,6.0,4.0,5.0,2.0],"ALNSIterations":[888,540,919,895,900],"runId":["Run 1","Run 2","Run 3","Run 4","Run 5"]}