{"slackAfterALNS":0,"nInitialNotServicedExpectedRequests":[4,2,3,4,3],"averageObj":[6348.699831165331,5407.5802222915545,5849.3137600562795,5680.646015891328,5587.474357995328],"slackBeforeALNS":0,"nInitialNotServicedFixedRequests":[0,0,0,0,0],"averageNotServicedExpectedRequests":[14.0,4.0,9.0,7.0,6.0],"ALNSIterations":[899,903,933,931,545],"runId":["Run 1","Run 2","Run 3","Run 4","Run 5"]}