{"slackAfterALNS":0,"nInitialNotServicedExpectedRequests":[1,0,1,1,0],"averageObj":[5239.783203082844,5420.258744129759,5233.920189326252,5428.300789802727,5390.576640733037],"slackBeforeALNS":0,"nInitialNotServicedFixedRequests":[0,0,0,0,0],"averageNotServicedExpectedRequests":[2.0,4.0,2.0,4.0,3.0],"ALNSIterations":[626,956,586,943,928],"runId":["Run 1","Run 2","Run 3","Run 4","Run 5"]}