{"slackAfterALNS":0,"nInitialNotServicedExpectedRequests":[2,5,4,0,3],"averageObj":[4881.608445984597,4600.748721342662,8763.516790857624,5207.57261315413,4157.517728554057],"slackBeforeALNS":0,"nInitialNotServicedFixedRequests":[0,0,2,0,0],"averageNotServicedExpectedRequests":[17.0,14.0,16.0,21.0,9.0],"ALNSIterations":[4360,3285,3639,4230,3157],"runId":["Run 1","Run 2","Run 3","Run 4","Run 5"]}