{"slackAfterALNS":0,"nInitialNotServicedExpectedRequests":[3,3,2,2,2],"averageObj":[486.0296846011132,470.0,484.4387755102042,396.0296846011132,484.4387755102042],"slackBeforeALNS":0,"nInitialNotServicedFixedRequests":[0,0,0,0,0],"averageNotServicedExpectedRequests":[3.0,3.0,3.0,2.0,3.0],"ALNSIterations":[25749,24850,41301,42914,33310],"runId":["Run 1","Run 2","Run 3","Run 4","Run 5"]}