{"slackAfterALNS":0,"nInitialNotServicedExpectedRequests":[1,1,1,1,1],"averageObj":[6373.682170542635,6373.682170542635,6373.682170542635,6373.682170542635,6373.682170542635],"slackBeforeALNS":0,"nInitialNotServicedFixedRequests":[3,3,3,3,3],"averageNotServicedExpectedRequests":[2.0,2.0,2.0,2.0,2.0],"ALNSIterations":[49124,51785,50628,51174,50837],"runId":["Run 1","Run 2","Run 3","Run 4","Run 5"]}