{"slackAfterALNS":0,"nInitialNotServicedExpectedRequests":[16,14,17,16,13],"averageObj":[2668.5962566844914,2606.391988943139,2458.7121212121215,4251.954146876143,2376.0491136297596],"slackBeforeALNS":0,"nInitialNotServicedFixedRequests":[0,0,0,1,0],"averageNotServicedExpectedRequests":[18.0,17.0,16.0,13.0,15.0],"ALNSIterations":[1863,2400,2390,2376,2381],"runId":["Run 1","Run 2","Run 3","Run 4","Run 5"]}