{"slackAfterALNS":0,"nInitialNotServicedExpectedRequests":[17,14,20,11,16],"averageObj":[2900.1215442577486,2671.3270207152596,4979.041787828391,2753.902345830855,2533.8091738010767],"slackBeforeALNS":0,"nInitialNotServicedFixedRequests":[0,0,1,0,0],"averageNotServicedExpectedRequests":[20.0,17.0,21.0,17.0,16.0],"ALNSIterations":[1551,1361,1577,2303,1806],"runId":["Run 1","Run 2","Run 3","Run 4","Run 5"]}