{"slackAfterALNS":0,"nInitialNotServicedExpectedRequests":[14,14,13,12,15],"averageObj":[2497.5556503575945,2404.1214098858627,2685.549301056141,2495.1887159048592,2588.0163186144314],"slackBeforeALNS":0,"nInitialNotServicedFixedRequests":[0,0,0,0,0],"averageNotServicedExpectedRequests":[16.0,15.0,18.0,16.0,17.0],"ALNSIterations":[1993,2316,2279,2309,2109],"runId":["Run 1","Run 2","Run 3","Run 4","Run 5"]}