{"slackAfterALNS":0,"nInitialNotServicedExpectedRequests":[12,14,13,12,13],"averageObj":[2471.121998544749,2747.5024539246833,2506.542106981586,2503.957071207308,2538.453944197795],"slackBeforeALNS":0,"nInitialNotServicedFixedRequests":[0,0,0,0,0],"averageNotServicedExpectedRequests":[16.0,18.0,16.0,16.0,16.0],"ALNSIterations":[2545,1426,2414,2211,2236],"runId":["Run 1","Run 2","Run 3","Run 4","Run 5"]}