{"slackAfterALNS":0,"nInitialNotServicedExpectedRequests":[17,15,20,20,15],"averageObj":[2761.7764196587736,4552.060615471485,3004.420951825167,2731.5823410713674,2781.199369660549],"slackBeforeALNS":0,"nInitialNotServicedFixedRequests":[0,1,0,0,0],"averageNotServicedExpectedRequests":[19.0,16.0,21.0,18.0,19.0],"ALNSIterations":[1179,2044,1317,1474,1901],"runId":["Run 1","Run 2","Run 3","Run 4","Run 5"]}