{"slackAfterALNS":0,"nInitialNotServicedExpectedRequests":[15,17,14,14,13],"averageObj":[2482.8429635451066,3027.812314336676,4626.891011769154,4789.081313689886,2639.1226120059955],"slackBeforeALNS":0,"nInitialNotServicedFixedRequests":[0,0,1,1,0],"averageNotServicedExpectedRequests":[15.0,20.0,16.0,18.0,16.0],"ALNSIterations":[2455,2531,2519,1935,1940],"runId":["Run 1","Run 2","Run 3","Run 4","Run 5"]}