{"slackAfterALNS":0,"nInitialNotServicedExpectedRequests":[13,11,10,9,11],"averageObj":[2742.9848250317073,2483.2008816655043,2602.9686725323268,2174.167726258952,2467.857596663525],"slackBeforeALNS":0,"nInitialNotServicedFixedRequests":[0,0,0,0,0],"averageNotServicedExpectedRequests":[19.0,16.0,17.0,12.0,16.0],"ALNSIterations":[1516,2608,1883,2431,1840],"runId":["Run 1","Run 2","Run 3","Run 4","Run 5"]}