{"slackAfterALNS":0,"nInitialNotServicedExpectedRequests":[18,17,18,16,17],"averageObj":[2945.4666444666436,2685.8137105940664,2771.5957589777686,2754.4631063182414,2576.1835485873116],"slackBeforeALNS":0,"nInitialNotServicedFixedRequests":[0,0,0,0,0],"averageNotServicedExpectedRequests":[21.0,18.0,19.0,18.0,17.0],"ALNSIterations":[2404,2070,2464,2299,2336],"runId":["Run 1","Run 2","Run 3","Run 4","Run 5"]}