{"slackAfterALNS":0,"nInitialNotServicedExpectedRequests":[11,13,9,14,11],"averageObj":[2539.4288971658893,2739.5616765167715,2542.0727903729744,2595.436951067019,2257.882897998217],"slackBeforeALNS":0,"nInitialNotServicedFixedRequests":[0,0,0,0,0],"averageNotServicedExpectedRequests":[16.0,18.0,16.0,17.0,13.0],"ALNSIterations":[2205,2123,2023,1534,1518],"runId":["Run 1","Run 2","Run 3","Run 4","Run 5"]}