{"slackAfterALNS":0,"nInitialNotServicedExpectedRequests":[11,14,14,12,13],"averageObj":[2170.040867934647,2487.268949242138,2404.9253726659167,2264.7483060440386,2490.8505815770627],"slackBeforeALNS":0,"nInitialNotServicedFixedRequests":[0,0,0,0,0],"averageNotServicedExpectedRequests":[12.0,15.0,15.0,13.0,16.0],"ALNSIterations":[2153,1547,1420,1806,2443],"runId":["Run 1","Run 2","Run 3","Run 4","Run 5"]}