{"slackAfterALNS":0,"nInitialNotServicedExpectedRequests":[12,20,46,17,14],"averageObj":[25244.507816577796,19876.046509670214,26971.75059695972,16142.212220838908,18408.47576776132],"slackBeforeALNS":0,"nInitialNotServicedFixedRequests":[10,7,10,5,7],"averageNotServicedExpectedRequests":[22.0,28.0,37.0,31.0,12.0],"ALNSIterations":[129,291,281,296,297],"runId":["Run 1","Run 2","Run 3","Run 4","Run 5"]}