{"slackAfterALNS":0,"nInitialNotServicedExpectedRequests":[7,4,9,10,10],"averageObj":[13190.04519325279,23148.509269119495,25040.17126046149,23046.9174284289,10678.610371575183],"slackBeforeALNS":0,"nInitialNotServicedFixedRequests":[4,9,10,9,3],"averageNotServicedExpectedRequests":[19.0,20.0,18.0,18.0,14.0],"ALNSIterations":[265,142,286,274,145],"runId":["Run 1","Run 2","Run 3","Run 4","Run 5"]}