{"slackAfterALNS":0,"nInitialNotServicedExpectedRequests":[28,8,6,10,10],"averageObj":[14154.271906768732,10218.201646733829,16828.050887005276,8925.755575791442,16493.057625714777],"slackBeforeALNS":0,"nInitialNotServicedFixedRequests":[4,3,6,2,6],"averageNotServicedExpectedRequests":[28.0,10.0,16.0,17.0,12.0],"ALNSIterations":[155,188,157,164,157],"runId":["Run 1","Run 2","Run 3","Run 4","Run 5"]}