{"slackAfterALNS":0,"nInitialNotServicedExpectedRequests":[39,13,10,14,12],"averageObj":[17515.975499202763,17458.809131735525,19484.447478727026,19379.417421830032,13559.648512985874],"slackBeforeALNS":0,"nInitialNotServicedFixedRequests":[5,6,7,7,4],"averageNotServicedExpectedRequests":[41.0,22.0,23.0,21.0,22.0],"ALNSIterations":[126,258,263,126,151],"runId":["Run 1","Run 2","Run 3","Run 4","Run 5"]}