{"slackAfterALNS":0,"nInitialNotServicedExpectedRequests":[8,10,15,13,8],"averageObj":[26595.60732526445,20757.210147377347,24760.892033401655,12473.770151513789,22570.976563116834],"slackBeforeALNS":0,"nInitialNotServicedFixedRequests":[11,8,10,4,9],"averageNotServicedExpectedRequests":[16.0,17.0,15.0,12.0,14.0],"ALNSIterations":[270,272,146,244,283],"runId":["Run 1","Run 2","Run 3","Run 4","Run 5"]}