{"slackAfterALNS":0,"nInitialNotServicedExpectedRequests":[16,8,15,15,18],"averageObj":[20749.801332541334,17060.836850521555,18845.332371137025,21141.461200894002,19746.189650969045],"slackBeforeALNS":0,"nInitialNotServicedFixedRequests":[8,6,7,8,7],"averageNotServicedExpectedRequests":[17.0,20.0,18.0,21.0,29.0],"ALNSIterations":[284,269,294,152,280],"runId":["Run 1","Run 2","Run 3","Run 4","Run 5"]}