{"slackAfterALNS":0,"nInitialNotServicedExpectedRequests":[11,12,15,15,21],"averageObj":[12696.160094516676,13413.316463096267,20985.350177441145,13187.126356318626,17830.565870776332],"slackBeforeALNS":0,"nInitialNotServicedFixedRequests":[4,4,8,4,6],"averageNotServicedExpectedRequests":[15.0,23.0,18.0,20.0,27.0],"ALNSIterations":[250,252,130,247,131],"runId":["Run 1","Run 2","Run 3","Run 4","Run 5"]}