{"slackAfterALNS":0,"nInitialNotServicedExpectedRequests":[5,10,10,9,13],"averageObj":[8859.974605127358,12797.762647299956,11023.729615251972,13689.214915012632,11364.797036778737],"slackBeforeALNS":0,"nInitialNotServicedFixedRequests":[2,4,3,4,3],"averageNotServicedExpectedRequests":[18.0,17.0,20.0,28.0,23.0],"ALNSIterations":[252,260,276,137,254],"runId":["Run 1","Run 2","Run 3","Run 4","Run 5"]}