{"slackAfterALNS":0,"nInitialNotServicedExpectedRequests":[18,15,18,15,13],"averageObj":[15046.78863588683,15458.946953987286,17814.09251030793,15232.64335159029,13353.33007740616],"slackBeforeALNS":0,"nInitialNotServicedFixedRequests":[5,5,6,5,4],"averageNotServicedExpectedRequests":[19.0,24.0,27.0,22.0,23.0],"ALNSIterations":[158,163,162,288,292],"runId":["Run 1","Run 2","Run 3","Run 4","Run 5"]}