{"slackAfterALNS":0,"nInitialNotServicedExpectedRequests":[12,8,5,14,4],"averageObj":[15230.903956602637,22880.503301580025,16658.037232740782,16738.012262313132,16815.878255182008],"slackBeforeALNS":0,"nInitialNotServicedFixedRequests":[5,9,6,6,6],"averageNotServicedExpectedRequests":[19.0,16.0,15.0,14.0,16.0],"ALNSIterations":[253,134,259,257,256],"runId":["Run 1","Run 2","Run 3","Run 4","Run 5"]}