{"slackAfterALNS":0,"nInitialNotServicedExpectedRequests":[10,4,5,3,5],"averageObj":[4026.2834482727144,3863.9171622347103,6016.240567115327,3564.5050087377413,7514.668803237917],"slackBeforeALNS":0,"nInitialNotServicedFixedRequests":[1,1,2,1,3],"averageNotServicedExpectedRequests":[11.0,9.0,11.0,5.0,5.0],"ALNSIterations":[20709,20068,20172,20411,20656],"runId":["Run 1","Run 2","Run 3","Run 4","Run 5"]}