{"slackAfterALNS":0,"nInitialNotServicedExpectedRequests":[1,1,1,1,1],"averageObj":[380.0,290.0,484.06765327695564,484.06765327695564,386.9767441860466],"slackBeforeALNS":0,"nInitialNotServicedFixedRequests":[0,0,0,0,0],"averageNotServicedExpectedRequests":[2.0,1.0,3.0,3.0,2.0],"ALNSIterations":[32715,29791,36935,37197,33540],"runId":["Run 1","Run 2","Run 3","Run 4","Run 5"]}