{"slackAfterALNS":0,"nInitialNotServicedExpectedRequests":[4,9,4,2,6],"averageObj":[8089.3866179398465,7024.645798571148,6872.92859552062,4507.493259654889,6711.956409073076],"slackBeforeALNS":0,"nInitialNotServicedFixedRequests":[2,1,1,0,1],"averageNotServicedExpectedRequests":[10.0,18.0,16.0,12.0,14.0],"ALNSIterations":[4375,4492,5138,4587,4175],"runId":["Run 1","Run 2","Run 3","Run 4","Run 5"]}