{"slackAfterALNS":0,"nInitialNotServicedExpectedRequests":[5,7,7,11,4],"averageObj":[5169.79892969197,4639.762809352041,4757.1870459974325,4784.7756297058195,4168.46789237553],"slackBeforeALNS":0,"nInitialNotServicedFixedRequests":[0,0,0,0,0],"averageNotServicedExpectedRequests":[19.0,13.0,15.0,15.0,8.0],"ALNSIterations":[4623,4199,4488,4410,4342],"runId":["Run 1","Run 2","Run 3","Run 4","Run 5"]}