{"slackAfterALNS":0,"nInitialNotServicedExpectedRequests":[9,10,8,7,7],"averageObj":[6522.989020562244,5244.42791670494,4937.6135243216495,7156.16878526726,6979.946304067977],"slackBeforeALNS":0,"nInitialNotServicedFixedRequests":[1,0,0,1,1],"averageNotServicedExpectedRequests":[14.0,21.0,18.0,20.0,19.0],"ALNSIterations":[4840,4763,5115,4108,5360],"runId":["Run 1","Run 2","Run 3","Run 4","Run 5"]}