{"slackAfterALNS":0,"nInitialNotServicedExpectedRequests":[17,12,8,13,5],"averageObj":[11477.759054298383,7612.007367635089,7405.399874773053,5057.088176079227,8416.99009479934],"slackBeforeALNS":0,"nInitialNotServicedFixedRequests":[3,1,1,0,2],"averageNotServicedExpectedRequests":[24.0,24.0,22.0,19.0,12.0],"ALNSIterations":[4257,4739,4074,4253,4658],"runId":["Run 1","Run 2","Run 3","Run 4","Run 5"]}