{"slackAfterALNS":0,"nInitialNotServicedExpectedRequests":[7,5,9,7,3],"averageObj":[10236.139360914105,5416.762537598618,5939.6689184737825,9524.808992693492,7719.824475773965],"slackBeforeALNS":0,"nInitialNotServicedFixedRequests":[2,0,0,2,1],"averageNotServicedExpectedRequests":[30.0,21.0,29.0,22.0,25.0],"ALNSIterations":[4483,4574,3023,4385,4363],"runId":["Run 1","Run 2","Run 3","Run 4","Run 5"]}