{"slackAfterALNS":0,"nInitialNotServicedExpectedRequests":[7,8,7,4,7],"averageObj":[4890.384002106128,7299.333776274056,4954.628461431174,4871.729137615259,7102.232199937351],"slackBeforeALNS":0,"nInitialNotServicedFixedRequests":[0,1,0,0,1],"averageNotServicedExpectedRequests":[16.0,22.0,17.0,16.0,18.0],"ALNSIterations":[4200,4411,4040,4866,4137],"runId":["Run 1","Run 2","Run 3","Run 4","Run 5"]}