{"slackAfterALNS":0,"nInitialNotServicedExpectedRequests":[6,8,13,6,5],"averageObj":[7167.517455807187,4723.99043930068,6739.547478547363,4419.630865923776,6998.564348798374],"slackBeforeALNS":0,"nInitialNotServicedFixedRequests":[1,0,1,0,1],"averageNotServicedExpectedRequests":[20.0,15.0,16.0,12.0,19.0],"ALNSIterations":[5387,3790,4363,4727,4766],"runId":["Run 1","Run 2","Run 3","Run 4","Run 5"]}