{"slackAfterALNS":0,"nInitialNotServicedExpectedRequests":[47,57,45,55,52,46,65,59,57,61],"averageObj":[18291.527412648684,24821.464593420173,23717.61732980127,27194.591054396074,22858.679452269425,19139.348359330805,23639.320143786696,15744.921875524718,23057.77971493574,23266.214368062054],"slackBeforeALNS":0,"nInitialNotServicedFixedRequests":[4,7,6,8,6,4,6,2,6,6],"averageNotServicedExpectedRequests":[54.2,59.1,69.9,62.9,59.2,61.9,68.4,68.1,62.5,64.2],"runId":["Run 1","Run 2","Run 3","Run 4","Run 5","Run 6","Run 7","Run 8","Run 9","Run 10"]}