{"slackAfterALNS":0,"nInitialNotServicedExpectedRequests":[58,58,52,35,51,45,56,56,63,56],"averageObj":[11623.225060576216,11166.452010246307,13241.006518184633,10224.604528288934,11473.14691148044,11054.982235350577,12202.887776434616,11371.524356072092,11981.078730989806,13291.988196903621],"slackBeforeALNS":0,"nInitialNotServicedFixedRequests":[0,0,1,0,0,0,1,0,0,1],"averageNotServicedExpectedRequests":[68.8,63.0,63.2,53.1,66.1,61.0,52.4,65.0,72.4,64.7],"runId":["Run 1","Run 2","Run 3","Run 4","Run 5","Run 6","Run 7","Run 8","Run 9","Run 10"]}