{"slackAfterALNS":0,"nInitialNotServicedExpectedRequests":[52,67,50,68,52,64,55,58,39,65],"averageObj":[10130.867895870995,11537.398087400525,11337.986009211894,11334.731399214637,10907.971338463472,12975.4708160933,11186.034486838616,11670.890392595742,10407.01571121794,11572.347195736938],"slackBeforeALNS":0,"nInitialNotServicedFixedRequests":[0,0,0,0,0,1,0,0,0,0],"averageNotServicedExpectedRequests":[51.0,68.4,64.8,64.9,59.8,61.9,63.4,69.4,54.9,68.0],"runId":["Run 1","Run 2","Run 3","Run 4","Run 5","Run 6","Run 7","Run 8","Run 9","Run 10"]}