{"slackAfterALNS":0,"nInitialNotServicedExpectedRequests":[50,68,70,49,63,58,57,71,49,49],"averageObj":[13097.240637315384,13367.714718323099,13011.711585727424,15102.53416987507,15532.977301373938,13154.943059332907,16917.35182598003,15941.428987685003,12472.474466337177,12826.215886361682],"slackBeforeALNS":0,"nInitialNotServicedFixedRequests":[1,1,1,2,2,1,3,2,1,1],"averageNotServicedExpectedRequests":[61.6,65.5,61.1,61.8,67.6,62.5,59.8,71.5,55.5,59.5],"runId":["Run 1","Run 2","Run 3","Run 4","Run 5","Run 6","Run 7","Run 8","Run 9","Run 10"]}