{"slackAfterALNS":0,"nInitialNotServicedExpectedRequests":[50,50,54,64,53,72,55,44,47,57],"averageObj":[20685.937454844654,18581.762677797775,19258.495329044497,15791.540897394396,20983.802981287557,17369.06310752294,14247.945876259826,13051.269126366857,15042.514165581077,11920.942287840158],"slackBeforeALNS":0,"nInitialNotServicedFixedRequests":[5,4,4,2,5,3,1,1,2,0],"averageNotServicedExpectedRequests":[57.9,55.6,64.7,69.6,61.6,66.0,74.8,60.7,62.1,70.7],"runId":["Run 1","Run 2","Run 3","Run 4","Run 5","Run 6","Run 7","Run 8","Run 9","Run 10"]}