{"slackAfterALNS":0,"nInitialNotServicedExpectedRequests":[65,58,53,47,74,51,49,57,56,54],"averageObj":[14957.809477200508,11696.502043039567,10311.948924891421,12744.871133686624,14890.68850773147,12830.999346212138,14625.62690090456,12584.361218246166,11218.934128010282,11039.322039579258],"slackBeforeALNS":0,"nInitialNotServicedFixedRequests":[2,0,0,1,2,1,2,1,0,0],"averageNotServicedExpectedRequests":[61.1,68.6,53.1,58.9,59.8,59.8,57.7,56.3,64.2,61.9],"runId":["Run 1","Run 2","Run 3","Run 4","Run 5","Run 6","Run 7","Run 8","Run 9","Run 10"]}