{"slackAfterALNS":0,"nInitialNotServicedExpectedRequests":[48,51,51,63,43,59,49,46,55,68],"averageObj":[20689.667444598635,20895.01316916969,20672.79923439457,21158.174128185397,24651.71813530677,16798.411738328192,21215.310296039854,18668.834902478877,27386.12806683021,17937.578606961473],"slackBeforeALNS":0,"nInitialNotServicedFixedRequests":[5,5,5,5,7,3,5,4,8,3],"averageNotServicedExpectedRequests":[57.2,60.6,57.5,63.3,56.9,59.4,63.1,57.6,66.7,71.3],"runId":["Run 1","Run 2","Run 3","Run 4","Run 5","Run 6","Run 7","Run 8","Run 9","Run 10"]}