{"slackAfterALNS":0,"nInitialNotServicedExpectedRequests":[71,56,66,74,54,54,59,67,56,60],"averageObj":[16151.867230393796,13011.07727834108,17032.81528089366,17455.99681482867,15397.71121599989,15297.780165936929,14207.555939881862,15786.071879842662,14526.404298787438,13044.729480711378],"slackBeforeALNS":0,"nInitialNotServicedFixedRequests":[2,1,3,3,2,2,1,2,2,1],"averageNotServicedExpectedRequests":[74.5,62.2,62.4,67.1,65.7,64.5,75.8,71.2,55.7,61.9],"runId":["Run 1","Run 2","Run 3","Run 4","Run 5","Run 6","Run 7","Run 8","Run 9","Run 10"]}