{"slackAfterALNS":0,"nInitialNotServicedExpectedRequests":[49,59,62,59,67,82,78,53,74,57],"averageObj":[20673.552567336315,21346.023039112588,16047.739012112297,21801.424202124497,19021.906282767137,20172.850434638298,16097.447301172277,22924.68800570386,25453.88299628292,15127.322748965238],"slackBeforeALNS":0,"nInitialNotServicedFixedRequests":[5,5,2,5,4,4,2,6,7,2],"averageNotServicedExpectedRequests":[56.5,65.1,73.6,70.0,61.1,75.3,73.3,60.0,67.2,62.3],"runId":["Run 1","Run 2","Run 3","Run 4","Run 5","Run 6","Run 7","Run 8","Run 9","Run 10"]}