{"slackAfterALNS":0,"nInitialNotServicedExpectedRequests":[68,71,66,68,78,67,51,72,54,71],"averageObj":[13700.633782341834,11861.280676873754,15984.400121061239,13380.95150033304,11528.260099062298,14026.910414275402,12877.721337253091,13949.24083702032,13643.924774078981,14400.473157773386],"slackBeforeALNS":0,"nInitialNotServicedFixedRequests":[1,0,2,1,0,1,1,1,1,1],"averageNotServicedExpectedRequests":[69.4,70.7,72.5,65.3,67.5,73.3,59.7,73.2,67.2,77.3],"runId":["Run 1","Run 2","Run 3","Run 4","Run 5","Run 6","Run 7","Run 8","Run 9","Run 10"]}