{"slackAfterALNS":0,"nInitialNotServicedExpectedRequests":[9,15,14,10,6],"averageObj":[5699.289053040155,5592.375481500357,5502.932795338814,5582.3240752048105,5696.460306005322],"slackBeforeALNS":0,"nInitialNotServicedFixedRequests":[0,0,0,0,0],"averageNotServicedExpectedRequests":[26.0,25.7,24.8,25.0,26.2],"ALNSIterations":[5097,5352,5138,5311,5107],"runId":["Run 1","Run 2","Run 3","Run 4","Run 5"]}