{"slackAfterALNS":0,"nInitialNotServicedExpectedRequests":[22,26,21,19,23],"averageObj":[6115.085937023408,6057.839066230243,6259.729514638297,6053.73458312742,6270.132849068855],"slackBeforeALNS":0,"nInitialNotServicedFixedRequests":[0,0,0,0,0],"averageNotServicedExpectedRequests":[31.9,30.5,33.2,31.3,33.0],"ALNSIterations":[2791,2799,2805,2974,3137],"runId":["Run 1","Run 2","Run 3","Run 4","Run 5"]}