{"slackAfterALNS":0,"nInitialNotServicedExpectedRequests":[11,14,22,13,14],"averageObj":[5954.581963234066,5670.279228706396,6155.397179024112,5928.21504617085,6317.721413643805],"slackBeforeALNS":0,"nInitialNotServicedFixedRequests":[0,0,0,0,0],"averageNotServicedExpectedRequests":[29.9,26.0,30.1,28.1,32.1],"ALNSIterations":[6424,6111,5986,6204,6218],"runId":["Run 1","Run 2","Run 3","Run 4","Run 5"]}