{"slackAfterALNS":0,"nInitialNotServicedExpectedRequests":[11,10,9,16,21],"averageObj":[5624.187882072362,5546.165189245918,5302.6130484537125,5313.414628738257,5879.6362911510605],"slackBeforeALNS":0,"nInitialNotServicedFixedRequests":[0,0,0,0,0],"averageNotServicedExpectedRequests":[25.8,24.2,22.3,22.2,28.5],"ALNSIterations":[5863,6067,5769,5415,5845],"runId":["Run 1","Run 2","Run 3","Run 4","Run 5"]}