{"slackAfterALNS":0,"nInitialNotServicedExpectedRequests":[7,5,9,9,7],"averageObj":[3962.631489267508,7815.15497311573,4256.304042668809,4132.298473877831,4120.73886546393],"slackBeforeALNS":0,"nInitialNotServicedFixedRequests":[1,3,1,1,1],"averageNotServicedExpectedRequests":[10.0,8.0,13.0,12.0,12.0],"ALNSIterations":[17116,17087,17720,17611,17944],"runId":["Run 1","Run 2","Run 3","Run 4","Run 5"]}