{"slackAfterALNS":0,"nInitialNotServicedExpectedRequests":[12,14,11,12,12],"averageObj":[2478.9610578959177,4490.266526554617,4526.966106245038,2483.775569246726,2320.204571950008],"slackBeforeALNS":0,"nInitialNotServicedFixedRequests":[0,1,1,0,0],"averageNotServicedExpectedRequests":[15.0,16.0,16.0,15.0,14.0],"ALNSIterations":[19247,21029,20438,19093,20341],"runId":["Run 1","Run 2","Run 3","Run 4","Run 5"]}