{"slackAfterALNS":0,"nInitialNotServicedExpectedRequests":[10,11,9,7,8],"averageObj":[4590.822899807964,2519.1262174967605,2329.946714106743,4594.337832513404,4276.542208567611],"slackBeforeALNS":0,"nInitialNotServicedFixedRequests":[1,0,0,1,1],"averageNotServicedExpectedRequests":[16.0,15.0,13.0,16.0,12.0],"ALNSIterations":[19950,20129,20401,20325,19839],"runId":["Run 1","Run 2","Run 3","Run 4","Run 5"]}