{"slackAfterALNS":0,"nInitialNotServicedExpectedRequests":[6,4,7,6,9],"averageObj":[9209.113077890184,10960.691971939821,11063.288526024073,14973.423824614689,19016.23390736278],"slackBeforeALNS":0,"nInitialNotServicedFixedRequests":[2,3,3,5,7],"averageNotServicedExpectedRequests":[19.7,18.4,19.8,18.8,19.0],"ALNSIterations":[1460,1414,1398,1704,1288],"runId":["Run 1","Run 2","Run 3","Run 4","Run 5"]}