{"slackAfterALNS":0,"nInitialNotServicedExpectedRequests":[5,7,11,8,1],"averageObj":[5630.364628278256,5981.6348754079745,5651.840422067644,9697.177071830312,5915.54004746936],"slackBeforeALNS":0,"nInitialNotServicedFixedRequests":[0,0,0,2,0],"averageNotServicedExpectedRequests":[23.5,27.6,23.6,25.4,28.3],"ALNSIterations":[3289,5465,5139,5323,5096],"runId":["Run 1","Run 2","Run 3","Run 4","Run 5"]}