{"slackAfterALNS":0,"nInitialNotServicedExpectedRequests":[5,12,12,5,6],"averageObj":[13193.042398186406,11755.975832719652,13558.01773317393,5723.469465595323,7317.82779295253],"slackBeforeALNS":0,"nInitialNotServicedFixedRequests":[4,3,4,0,1],"averageNotServicedExpectedRequests":[19.3,25.6,24.1,24.4,20.7],"ALNSIterations":[4351,2983,2228,4153,3885],"runId":["Run 1","Run 2","Run 3","Run 4","Run 5"]}