{"slackAfterALNS":0,"nInitialNotServicedExpectedRequests":[5,3,3,8,10],"averageObj":[7627.574449453032,9543.60124200465,9488.184065395082,7502.7335380634395,11389.253556674856],"slackBeforeALNS":0,"nInitialNotServicedFixedRequests":[1,2,2,1,3],"averageNotServicedExpectedRequests":[26.0,24.2,24.2,23.7,23.9],"ALNSIterations":[2039,2040,2046,1563,1587],"runId":["Run 1","Run 2","Run 3","Run 4","Run 5"]}