{"slackAfterALNS":0,"nInitialNotServicedExpectedRequests":[9,6,3,8,3],"averageObj":[22448.84724545496,11903.7951758642,16292.59981824315,15858.841149932861,13096.787476878746],"slackBeforeALNS":0,"nInitialNotServicedFixedRequests":[7,2,4,4,3],"averageNotServicedExpectedRequests":[34.0,26.0,30.0,24.0,19.0],"ALNSIterations":[571,678,676,717,451],"runId":["Run 1","Run 2","Run 3","Run 4","Run 5"]}