{"slackAfterALNS":0,"nInitialNotServicedExpectedRequests":[82,55,80,78,86,81,69,89,88,67],"averageObj":[11514.809029664502,11442.425047132007,11551.742665584095,11380.65129569844,12211.019086874117,13807.856674070743,11961.43741115955,12451.200912992346,12118.991899307677,12897.998653200115],"slackBeforeALNS":0,"nInitialNotServicedFixedRequests":[0,0,0,0,0,1,0,0,0,1],"averageNotServicedExpectedRequests":[82.8,82.1,84.1,80.1,90.8,86.1,88.1,94.4,89.5,75.9],"runId":["Run 1","Run 2","Run 3","Run 4","Run 5","Run 6","Run 7","Run 8","Run 9","Run 10"]}