{"slackAfterALNS":0,"nInitialNotServicedExpectedRequests":[82,77,75,70,71,88,74,82,81,81],"averageObj":[11890.91111037234,12579.752504481203,12259.197648705845,11510.33753635071,12607.708345027871,12632.42428949205,12130.02421053595,12679.291811915731,12180.837758437776,12945.889661763918],"slackBeforeALNS":0,"nInitialNotServicedFixedRequests":[0,0,0,0,0,0,0,0,0,0],"averageNotServicedExpectedRequests":[88.3,96.6,92.6,83.9,96.9,96.7,91.7,97.6,92.4,100.4],"runId":["Run 1","Run 2","Run 3","Run 4","Run 5","Run 6","Run 7","Run 8","Run 9","Run 10"]}