{"slackAfterALNS":0,"nInitialNotServicedExpectedRequests":[77,65,64,73,68,64,70,61,71,58],"averageObj":[12042.217455569233,11588.076849932746,11480.244219902848,12050.355604792954,11471.495656201525,11640.852169096117,11611.831244600116,11400.510112919097,11482.776089440957,13341.356062831324],"slackBeforeALNS":0,"nInitialNotServicedFixedRequests":[0,0,0,0,0,0,0,0,0,1],"averageNotServicedExpectedRequests":[89.8,85.4,83.9,91.2,84.4,85.5,84.8,83.1,83.2,82.7],"runId":["Run 1","Run 2","Run 3","Run 4","Run 5","Run 6","Run 7","Run 8","Run 9","Run 10"]}