{"slackAfterALNS":0,"nInitialNotServicedExpectedRequests":[68,74,72,90,81,71,71,70,75,80],"averageObj":[14106.416983774834,14352.062601776362,12766.128003597583,12833.178608499791,12248.366046008316,13874.518336274388,12031.131087622958,13573.560715296582,15930.2735358704,14522.522711100635],"slackBeforeALNS":0,"nInitialNotServicedFixedRequests":[1,1,0,0,0,1,0,1,2,1],"averageNotServicedExpectedRequests":[89.4,92.6,97.2,98.3,91.4,86.4,89.9,83.7,87.5,95.6],"runId":["Run 1","Run 2","Run 3","Run 4","Run 5","Run 6","Run 7","Run 8","Run 9","Run 10"]}