{"slackAfterALNS":0,"nInitialNotServicedExpectedRequests":[87,65,70,80,63,77,74,78,72,77],"averageObj":[12015.491903810464,12094.049979255013,11880.683538256208,12670.502166108361,12001.995452105208,11742.73860079818,12024.539888546256,12061.542832672405,11879.565706972055,11949.202235320665],"slackBeforeALNS":0,"nInitialNotServicedFixedRequests":[0,0,0,0,0,0,0,0,0,0],"averageNotServicedExpectedRequests":[89.5,90.7,88.1,97.0,88.8,86.2,89.6,90.5,88.2,88.4],"runId":["Run 1","Run 2","Run 3","Run 4","Run 5","Run 6","Run 7","Run 8","Run 9","Run 10"]}