{"slackAfterALNS":0,"nInitialNotServicedExpectedRequests":[70,66,73,66,77,70,73,61,67,71],"averageObj":[13583.685254313405,13133.376744493338,13725.606107737705,13852.135265266392,13884.00629714582,13967.079749391673,13781.528962336877,13144.184169016025,13909.14540841186,13383.533616301846],"slackBeforeALNS":0,"nInitialNotServicedFixedRequests":[1,1,1,1,1,1,1,1,1,1],"averageNotServicedExpectedRequests":[85.1,79.9,86.6,88.6,88.2,89.8,86.5,79.9,89.6,82.9],"runId":["Run 1","Run 2","Run 3","Run 4","Run 5","Run 6","Run 7","Run 8","Run 9","Run 10"]}