{"slackAfterALNS":0,"nInitialNotServicedExpectedRequests":[68,72,66,68,70,70,67,65,68,59],"averageObj":[11312.234210918587,11227.428595755944,11788.273340799222,11584.637518090723,12180.864947697984,11838.85712997961,11813.59898812554,11349.950951694613,11612.776419426842,10811.297841118803],"slackBeforeALNS":0,"nInitialNotServicedFixedRequests":[0,0,0,0,0,0,0,0,0,0],"averageNotServicedExpectedRequests":[82.1,81.4,87.1,85.1,92.4,88.1,87.9,82.0,85.3,76.2],"runId":["Run 1","Run 2","Run 3","Run 4","Run 5","Run 6","Run 7","Run 8","Run 9","Run 10"]}