{"slackAfterALNS":0,"nInitialNotServicedExpectedRequests":[82,74,70,79,68,79,74,64,70,74],"averageObj":[12045.706130298968,12152.61906955892,11837.06836771371,12703.216279333617,13876.863425489588,11640.21256165121,12003.910605152854,11821.024024747736,14207.767934576355,11564.110834013138],"slackBeforeALNS":0,"nInitialNotServicedFixedRequests":[0,0,0,0,1,0,0,0,1,0],"averageNotServicedExpectedRequests":[90.5,90.9,87.5,98.0,88.0,85.6,90.1,87.5,91.9,84.8],"runId":["Run 1","Run 2","Run 3","Run 4","Run 5","Run 6","Run 7","Run 8","Run 9","Run 10"]}