{"slackAfterALNS":0,"nInitialNotServicedExpectedRequests":[64,65,73,71,67,62,55,74,67,66],"averageObj":[11095.06943549447,11653.22235149067,11746.544616402502,11700.357227794986,11547.16933162256,11343.029066781051,11478.900491392247,11385.221827120238,10489.759161667453,11527.434309070704],"slackBeforeALNS":0,"nInitialNotServicedFixedRequests":[0,0,0,0,0,0,0,0,0,0],"averageNotServicedExpectedRequests":[79.0,86.0,86.7,86.6,84.5,81.7,83.9,82.5,71.5,84.4],"runId":["Run 1","Run 2","Run 3","Run 4","Run 5","Run 6","Run 7","Run 8","Run 9","Run 10"]}