{"slackAfterALNS":0,"nInitialNotServicedExpectedRequests":[85,68,70,66,82,57,63,71,76,81],"averageObj":[14324.741411261144,11625.712160407364,11924.626410339733,13670.94948577408,14008.931548420403,11119.608248677378,13446.713439108978,14215.215432496383,11956.67016049568,11884.709043215575],"slackBeforeALNS":0,"nInitialNotServicedFixedRequests":[1,0,0,1,1,0,1,1,0,0],"averageNotServicedExpectedRequests":[93.8,85.5,87.7,85.9,89.8,79.3,83.1,92.6,89.5,88.3],"runId":["Run 1","Run 2","Run 3","Run 4","Run 5","Run 6","Run 7","Run 8","Run 9","Run 10"]}