{"slackAfterALNS":0,"nInitialNotServicedExpectedRequests":[6,6,10,5,2],"averageObj":[5331.62044794535,7608.827590570274,11545.501061081044,5544.298203217088,7835.4773595034085],"slackBeforeALNS":0,"nInitialNotServicedFixedRequests":[0,1,3,0,1],"averageNotServicedExpectedRequests":[20.9,23.9,24.1,23.1,26.3],"ALNSIterations":[2049,1792,1652,1841,1962],"runId":["Run 1","Run 2","Run 3","Run 4","Run 5"]}