{"slackAfterALNS":0,"nInitialNotServicedExpectedRequests":[4,3,4,3,4],"averageObj":[3791.0659353755354,3623.124176780889,3779.2741404383096,3556.6402391874863,4271.105951698256],"slackBeforeALNS":0,"nInitialNotServicedFixedRequests":[0,0,0,0,0],"averageNotServicedExpectedRequests":[8.0,6.0,7.0,5.0,13.0],"ALNSIterations":[2312,2552,2489,2592,2618],"runId":["Run 1","Run 2","Run 3","Run 4","Run 5"]}