{"slackAfterALNS":0,"nInitialNotServicedExpectedRequests":[0,0,0,0,0],"averageObj":[4019.1278119837507,3381.3717655973605,3968.7066621657314,3608.1591830885673,3715.0122915979327],"slackBeforeALNS":0,"nInitialNotServicedFixedRequests":[0,0,0,0,0],"averageNotServicedExpectedRequests":[9.0,3.0,9.0,5.0,6.0],"ALNSIterations":[1862,1974,2251,1980,2040],"runId":["Run 1","Run 2","Run 3","Run 4","Run 5"]}