{"slackAfterALNS":0,"nInitialNotServicedExpectedRequests":[0,0,1,1,1],"averageObj":[3494.079896711476,3383.178543033194,3305.250350140056,3286.6498834498825,3456.313283555618],"slackBeforeALNS":0,"nInitialNotServicedFixedRequests":[0,0,0,0,0],"averageNotServicedExpectedRequests":[5.0,4.0,3.0,3.0,4.0],"ALNSIterations":[2159,2664,2281,2741,2398],"runId":["Run 1","Run 2","Run 3","Run 4","Run 5"]}