{"slackAfterALNS":0,"nInitialNotServicedExpectedRequests":[2,2,2,3,3],"averageObj":[3126.6159980252282,3211.550444658182,3525.301466518388,3223.8515863631073,3460.733482642776],"slackBeforeALNS":0,"nInitialNotServicedFixedRequests":[0,0,0,0,0],"averageNotServicedExpectedRequests":[1.0,2.0,5.0,2.0,5.0],"ALNSIterations":[3009,2166,2332,2337,2543],"runId":["Run 1","Run 2","Run 3","Run 4","Run 5"]}