{"slackAfterALNS":0,"nInitialNotServicedExpectedRequests":[2,4,1,1,2,3,1,2,5,1],"averageObj":[566.6413341701043,661.4420095104775,611.7150435833362,559.9511326369629,618.065442824049,580.909555538466,622.3499036536261,528.5685046358843,557.4857072934849,659.5664680330615],"slackBeforeALNS":0,"nInitialNotServicedFixedRequests":[0,0,0,0,0,0,0,0,0,0],"averageNotServicedExpectedRequests":[4.0,5.0,4.5,3.9,4.6,4.0,4.6,3.5,3.9,4.8],"runId":["Run 1","Run 2","Run 3","Run 4","Run 5","Run 6","Run 7","Run 8","Run 9","Run 10"]}