{"slackAfterALNS":0,"nInitialNotServicedExpectedRequests":[3,3,2,1,3,3,2,2,4,2],"averageObj":[2517.5030303030303,2544.9155864998365,2660.762554112554,2529.8935352232174,2493.020416520417,2513.1426338486954,2550.456915025071,2488.0789825254537,2591.148088377261,2573.5082507253383],"slackBeforeALNS":0,"nInitialNotServicedFixedRequests":[1,1,1,1,1,1,1,1,1,1],"averageNotServicedExpectedRequests":[3.6,3.9,5.2,3.7,3.3,3.5,3.9,3.2,4.4,4.2],"runId":["Run 1","Run 2","Run 3","Run 4","Run 5","Run 6","Run 7","Run 8","Run 9","Run 10"]}