{"slackAfterALNS":0,"nInitialNotServicedExpectedRequests":[2,1,1,5,0,1,1,3,0,3],"averageObj":[2532.90278029027,2545.6464343263733,2508.5109649122796,2517.693444720736,2574.081234505959,2575.420362423962,2520.8344787070628,2559.210329816776,2571.8850686498854,2482.8157776516755],"slackBeforeALNS":0,"nInitialNotServicedFixedRequests":[1,1,1,1,1,1,1,1,1,1],"averageNotServicedExpectedRequests":[3.7,3.9,3.5,3.5,4.2,4.2,3.6,4.0,4.2,3.2],"runId":["Run 1","Run 2","Run 3","Run 4","Run 5","Run 6","Run 7","Run 8","Run 9","Run 10"]}