{"slackAfterALNS":0,"nInitialNotServicedExpectedRequests":[1,3,3,2,3,1,2,4,2,3],"averageObj":[2612.0791159482824,2662.6110116892823,2593.362540689022,2602.2763572713475,2548.424328628632,2490.2614289628095,2509.876685981805,2649.129190420974,2624.2058821090454,2669.6110956710704],"slackBeforeALNS":0,"nInitialNotServicedFixedRequests":[1,1,1,1,1,1,1,1,1,1],"averageNotServicedExpectedRequests":[4.5,5.0,4.2,4.4,3.8,3.2,3.4,5.0,4.7,5.1],"runId":["Run 1","Run 2","Run 3","Run 4","Run 5","Run 6","Run 7","Run 8","Run 9","Run 10"]}