{"slackAfterALNS":0,"nInitialNotServicedExpectedRequests":[2,2,4,2,3,6,3,1,6,6],"averageObj":[4540.20897836488,4584.63391525732,4556.003533756475,4600.242336812571,4619.719384789036,4595.103986812326,4565.890918817035,4614.402344912887,4578.8222624336895,4572.528148423168],"slackBeforeALNS":0,"nInitialNotServicedFixedRequests":[2,2,2,2,2,2,2,2,2,2],"averageNotServicedExpectedRequests":[3.7,4.3,4.0,4.5,4.7,4.4,4.0,4.7,4.3,4.2],"runId":["Run 1","Run 2","Run 3","Run 4","Run 5","Run 6","Run 7","Run 8","Run 9","Run 10"]}