{"slackAfterALNS":0,"nInitialNotServicedExpectedRequests":[3,1,2,3,1,1,3,2,3,3],"averageObj":[595.3577843502687,576.111208150936,635.929686979687,489.1683943046431,595.6917057248922,573.021178865012,637.4353461647513,582.5580473450647,600.6152054842055,589.8975023099858],"slackBeforeALNS":0,"nInitialNotServicedFixedRequests":[0,0,0,0,0,0,0,0,0,0],"averageNotServicedExpectedRequests":[4.2,4.1,4.8,3.1,4.3,4.0,4.7,4.1,4.3,4.2],"runId":["Run 1","Run 2","Run 3","Run 4","Run 5","Run 6","Run 7","Run 8","Run 9","Run 10"]}