{"slackAfterALNS":0,"nInitialNotServicedExpectedRequests":[8,5,7,7,11,7,6,9,6,5],"averageObj":[2580.895449631588,2447.5812316962088,2547.4555289283335,2469.847473821818,2721.646467578851,2569.867646041041,2505.990218738384,2488.9384483369763,2736.1639417160786,2804.206100378156],"slackBeforeALNS":0,"nInitialNotServicedFixedRequests":[0,0,0,0,0,0,0,0,0,0],"averageNotServicedExpectedRequests":[16.6,15.3,16.2,15.4,18.1,16.3,15.6,15.7,18.2,19.3],"runId":["Run 1","Run 2","Run 3","Run 4","Run 5","Run 6","Run 7","Run 8","Run 9","Run 10"]}