{"slackAfterALNS":0,"nInitialNotServicedExpectedRequests":[10,2,2,10,8,7,6,6,2,4],"averageObj":[2807.912927494156,2772.560334873675,2664.669213251963,2826.7988001981244,2929.68680252369,2784.276566463403,2674.944795730046,2558.3373083401143,2534.505718715876,2698.9963126111297],"slackBeforeALNS":0,"nInitialNotServicedFixedRequests":[0,0,0,0,0,0,0,0,0,0],"averageNotServicedExpectedRequests":[19.3,18.9,17.8,19.2,20.8,18.9,17.4,16.5,16.1,18.0],"runId":["Run 1","Run 2","Run 3","Run 4","Run 5","Run 6","Run 7","Run 8","Run 9","Run 10"]}