{"slackAfterALNS":0,"nInitialNotServicedExpectedRequests":[4,6,6,6,7,8,4,4,4,8],"averageObj":[2233.887080319599,2631.355122530853,2299.117132242172,2453.9108485811585,2349.6177337321124,2510.919081746895,2500.5493232241906,2232.173097933472,2388.817599615823,2548.1229970600098],"slackBeforeALNS":0,"nInitialNotServicedFixedRequests":[0,0,0,0,0,0,0,0,0,0],"averageNotServicedExpectedRequests":[13.1,17.6,13.9,15.7,14.2,16.2,16.1,13.2,14.8,16.6],"runId":["Run 1","Run 2","Run 3","Run 4","Run 5","Run 6","Run 7","Run 8","Run 9","Run 10"]}