{"slackAfterALNS":0,"nInitialNotServicedExpectedRequests":[9,2,7,6,4,6,5,1,8,1],"averageObj":[2522.1749459333178,2421.7255667313757,2594.9059312447034,2204.8418255102524,2648.2212124790985,2540.2337818308374,2534.815558030025,2593.2100508519898,2597.770710776921,2343.72690819878],"slackBeforeALNS":0,"nInitialNotServicedFixedRequests":[0,0,0,0,0,0,0,0,0,0],"averageNotServicedExpectedRequests":[16.3,15.1,17.0,12.8,17.7,16.6,16.5,17.1,17.2,14.5],"runId":["Run 1","Run 2","Run 3","Run 4","Run 5","Run 6","Run 7","Run 8","Run 9","Run 10"]}