{"slackAfterALNS":0,"nInitialNotServicedExpectedRequests":[8,6,15,4,7,7,8,8,10,9],"averageObj":[4323.722153568344,4139.259567758463,4083.7157969618374,3968.874395200744,4352.1393117434045,4286.719076716867,3701.789063106774,3683.6360479199648,4259.662624873026,3842.6170467514867],"slackBeforeALNS":0,"nInitialNotServicedFixedRequests":[0,0,0,0,0,0,0,0,0,0],"averageNotServicedExpectedRequests":[19.6,17.4,17.4,15.5,20.1,19.2,12.6,12.4,19.0,14.6],"runId":["Run 1","Run 2","Run 3","Run 4","Run 5","Run 6","Run 7","Run 8","Run 9","Run 10"]}