{"slackAfterALNS":0,"nInitialNotServicedExpectedRequests":[8,5,2,4,5,3,5,3,7,3],"averageObj":[3634.699120479051,3365.6425046747718,3854.731049609846,3744.2277319051004,3908.005593697585,3874.431490871307,3356.3209194597002,3775.387095267037,3311.952557720574,3292.91257552439],"slackBeforeALNS":0,"nInitialNotServicedFixedRequests":[0,0,0,0,0,0,0,0,0,0],"averageNotServicedExpectedRequests":[12.8,9.6,14.7,14.0,15.7,15.3,9.6,14.3,9.1,8.6],"runId":["Run 1","Run 2","Run 3","Run 4","Run 5","Run 6","Run 7","Run 8","Run 9","Run 10"]}