{"slackAfterALNS":0,"nInitialNotServicedExpectedRequests":[12,6,6,9,13,9,7,8,7,9],"averageObj":[5970.683426700094,6245.677423376237,5584.663376514372,5787.649531015813,5850.333853000762,5960.874826927866,6405.376059578315,5753.036597829333,5500.532813956369,5615.691490330902],"slackBeforeALNS":0,"nInitialNotServicedFixedRequests":[1,1,1,1,1,1,1,1,1,1],"averageNotServicedExpectedRequests":[15.8,19.4,12.1,14.0,14.7,16.4,21.2,13.9,11.0,12.3],"runId":["Run 1","Run 2","Run 3","Run 4","Run 5","Run 6","Run 7","Run 8","Run 9","Run 10"]}