{"slackAfterALNS":0,"nInitialNotServicedExpectedRequests":[7,4,4,6,3,4,7,4,3,0],"averageObj":[3869.162861803622,3817.555583606971,3609.9794723337714,3913.3028010323883,3637.576388170842,3485.7973667188185,3771.230284961252,3377.5976038236404,3757.9126379014974,3710.197393257843],"slackBeforeALNS":0,"nInitialNotServicedFixedRequests":[0,0,0,0,0,0,0,0,0,0],"averageNotServicedExpectedRequests":[15.0,14.4,12.1,15.4,12.3,10.8,14.1,9.8,14.0,13.4],"runId":["Run 1","Run 2","Run 3","Run 4","Run 5","Run 6","Run 7","Run 8","Run 9","Run 10"]}