{"slackAfterALNS":0,"nInitialNotServicedExpectedRequests":[7,3,10,5,7,7,3,4,2,4],"averageObj":[3532.627373379136,3873.356659358268,3607.888727774013,3657.922135712712,3568.0227354816734,3746.9227747900877,3714.8480967894056,3695.983432711689,3655.9587674065842,3748.859721548523],"slackBeforeALNS":0,"nInitialNotServicedFixedRequests":[0,0,0,0,0,0,0,0,0,0],"averageNotServicedExpectedRequests":[11.2,15.4,12.6,13.2,11.7,14.1,13.2,13.4,13.0,14.2],"runId":["Run 1","Run 2","Run 3","Run 4","Run 5","Run 6","Run 7","Run 8","Run 9","Run 10"]}