{"slackAfterALNS":0,"nInitialNotServicedExpectedRequests":[9,5,7,9,6],"averageObj":[9285.018434916636,5891.83569690172,9204.644659057232,9689.82138954842,5558.705105762514],"slackBeforeALNS":0,"nInitialNotServicedFixedRequests":[2,0,2,2,0],"averageNotServicedExpectedRequests":[20.0,26.0,20.0,24.0,23.0],"ALNSIterations":[4110,3824,3926,4158,4108],"runId":["Run 1","Run 2","Run 3","Run 4","Run 5"]}