{"slackAfterALNS":0,"nInitialNotServicedExpectedRequests":[5,4,3,4,6],"averageObj":[4724.355501014333,7006.396133867662,4750.9395376622915,5349.707245566511,4878.75405214361],"slackBeforeALNS":0,"nInitialNotServicedFixedRequests":[0,1,0,0,0],"averageNotServicedExpectedRequests":[14.0,19.0,15.0,22.0,16.0],"ALNSIterations":[4365,4461,4488,4541,4698],"runId":["Run 1","Run 2","Run 3","Run 4","Run 5"]}