{"slackAfterALNS":0,"nInitialNotServicedExpectedRequests":[7,8,6,7,6],"averageObj":[4682.712944824023,6566.934854336485,8315.087661240497,4943.105345457583,6848.170689300243],"slackBeforeALNS":0,"nInitialNotServicedFixedRequests":[0,1,2,0,1],"averageNotServicedExpectedRequests":[16.0,14.0,11.0,19.0,17.0],"ALNSIterations":[4765,4874,4620,4716,4678],"runId":["Run 1","Run 2","Run 3","Run 4","Run 5"]}