{"slackAfterALNS":0,"nInitialNotServicedExpectedRequests":[1,2,2,5,2],"averageObj":[4184.248370309186,4838.76565585947,5776.884867910049,5063.878108901178,7320.203755722265],"slackBeforeALNS":0,"nInitialNotServicedFixedRequests":[0,0,0,0,1],"averageNotServicedExpectedRequests":[9.0,16.0,27.0,19.0,20.0],"ALNSIterations":[4519,4330,4485,4185,4460],"runId":["Run 1","Run 2","Run 3","Run 4","Run 5"]}