{"slackAfterALNS":0,"nInitialNotServicedExpectedRequests":[7,3,8,9,3],"averageObj":[4877.76876455416,4604.130671380154,4986.1256338703215,5449.907347147373,4566.700695474465],"slackBeforeALNS":0,"nInitialNotServicedFixedRequests":[0,0,0,0,0],"averageNotServicedExpectedRequests":[17.0,14.0,19.0,22.0,13.0],"ALNSIterations":[4711,4798,4563,4694,4715],"runId":["Run 1","Run 2","Run 3","Run 4","Run 5"]}