{"slackAfterALNS":0,"nInitialNotServicedExpectedRequests":[3,3,3,7,5],"averageObj":[4427.2370886668,6279.402262910277,3977.086573784357,8807.367054013737,6278.521497447866],"slackBeforeALNS":0,"nInitialNotServicedFixedRequests":[0,1,0,2,1],"averageNotServicedExpectedRequests":[11.0,10.0,7.0,16.0,10.0],"ALNSIterations":[4436,4402,4331,4381,4421],"runId":["Run 1","Run 2","Run 3","Run 4","Run 5"]}