{"slackAfterALNS":0,"nInitialNotServicedExpectedRequests":[6,7,6,16,6],"averageObj":[7347.019662479312,9267.50576681884,7469.597951890404,9040.086894495429,6621.765389711507],"slackBeforeALNS":0,"nInitialNotServicedFixedRequests":[1,2,1,2,1],"averageNotServicedExpectedRequests":[23.0,22.0,24.0,19.0,15.0],"ALNSIterations":[4502,4726,4614,4645,4541],"runId":["Run 1","Run 2","Run 3","Run 4","Run 5"]}