{"slackAfterALNS":0,"nInitialNotServicedExpectedRequests":[5,6,10,6,11],"averageObj":[5196.301820949054,4845.821464426445,5156.4198889101535,5292.572241375361,4783.879041067207],"slackBeforeALNS":0,"nInitialNotServicedFixedRequests":[0,0,0,0,0],"averageNotServicedExpectedRequests":[20.0,17.0,20.0,20.0,16.0],"ALNSIterations":[4297,4264,4311,4336,4406],"runId":["Run 1","Run 2","Run 3","Run 4","Run 5"]}