{"slackAfterALNS":0,"nInitialNotServicedExpectedRequests":[0,0,1,0,0],"averageObj":[1493.4000112987126,1180.44413897867,1478.3707845730585,1535.0990370234779,1058.3366125856285],"slackBeforeALNS":0,"nInitialNotServicedFixedRequests":[0,0,0,0,0],"averageNotServicedExpectedRequests":[5.0,1.0,5.0,5.0,0.0],"ALNSIterations":[17712,18443,18059,18202,20341],"runId":["Run 1","Run 2","Run 3","Run 4","Run 5"]}