{"slackAfterALNS":0,"nInitialNotServicedExpectedRequests":[3,3,1,3,3],"averageObj":[1748.5432067007237,1694.648386392289,1471.617624834613,1332.500138630796,1383.4324627286803],"slackBeforeALNS":0,"nInitialNotServicedFixedRequests":[0,0,0,0,0],"averageNotServicedExpectedRequests":[7.0,7.0,4.0,3.0,3.0],"ALNSIterations":[20799,20567,21382,20675,25344],"runId":["Run 1","Run 2","Run 3","Run 4","Run 5"]}