{"slackAfterALNS":0,"nInitialNotServicedExpectedRequests":[1,2,2,2,2],"averageObj":[1670.77969132317,1760.4050931749862,1685.5093819224244,1296.672079416212,1287.4649791007469],"slackBeforeALNS":0,"nInitialNotServicedFixedRequests":[0,0,0,0,0],"averageNotServicedExpectedRequests":[7.0,8.0,7.0,3.0,3.0],"ALNSIterations":[22064,22691,21422,22347,26875],"runId":["Run 1","Run 2","Run 3","Run 4","Run 5"]}