{"runId":["Run 1","Run 2","Run 3","Run 4","Run 5"],"averageObj":[11244.198790122387,11403.413853484508,11412.851721489837,6935.446588666996,8972.55974275626],"averageNotServicedExpectedRequests":[22.1,24.0,24.2,18.3,18.6],"nInitialNotServicedFixedRequests":[3,3,3,1,2],"nInitialNotServicedExpectedRequests":[11,14,4,4,7],"ALNSIterations":[274,290,289,269,303]}