{"slackAfterALNS":0,"nInitialNotServicedExpectedRequests":[1,1,2,1,1],"averageObj":[393.558616572652,418.2233107182824,462.04789765572195,436.4117647058823,471.1460030165912],"slackBeforeALNS":0,"nInitialNotServicedFixedRequests":[0,0,0,0,0],"averageNotServicedExpectedRequests":[2.1,2.3,2.8,2.6,3.0],"ALNSIterations":[381810,421431,473976,332208,340413],"runId":["Run 1","Run 2","Run 3","Run 4","Run 5"]}