{"slackAfterALNS":0,"nInitialNotServicedExpectedRequests":[1,1,2,1,1],"averageObj":[405.89782909137625,445.7337847003208,373.4661866279556,458.8283754179638,430.51503077733395],"slackBeforeALNS":0,"nInitialNotServicedFixedRequests":[0,0,0,0,0],"averageNotServicedExpectedRequests":[2.2,2.7,1.8,2.6,2.5],"ALNSIterations":[228829,273730,203096,349059,240093],"runId":["Run 1","Run 2","Run 3","Run 4","Run 5"]}