{"slackAfterALNS":0,"nInitialNotServicedExpectedRequests":[1,1,1,1,1,1,1,1,1,1],"averageObj":[2336.5203831078716,2336.5203831078716,2336.5203831078716,2336.5203831078716,2336.5203831078716,2336.025027070719,2336.025027070719,2336.5203831078716,2336.5203831078716,2336.5203831078716],"slackBeforeALNS":0,"nInitialNotServicedFixedRequests":[1,1,1,1,1,1,1,1,1,1],"averageNotServicedExpectedRequests":[1.0,1.0,1.0,1.0,1.0,1.0,1.0,1.0,1.0,1.0],"ALNSIterations":[5005,5543,5010,5506,6055,5052,5114,5272,5293,5067],"runId":["Run 1","Run 2","Run 3","Run 4","Run 5","Run 6","Run 7","Run 8","Run 9","Run 10"]}