{"slackAfterALNS":0,"nInitialNotServicedExpectedRequests":[8,4,7,2,3],"averageObj":[4520.403490748169,7117.862005471297,5004.258251399326,4493.220101641767,5047.163739702213],"slackBeforeALNS":0,"nInitialNotServicedFixedRequests":[0,1,0,0,0],"averageNotServicedExpectedRequests":[12.0,19.0,18.0,11.0,19.0],"ALNSIterations":[4430,3651,4298,3981,4294],"runId":["Run 1","Run 2","Run 3","Run 4","Run 5"]}