{"slackAfterALNS":0,"nInitialNotServicedExpectedRequests":[19,13,24,12,17],"averageObj":[6015.1093950398645,6270.766233807748,6095.76438130803,6101.7435477942,5969.5799100657605],"slackBeforeALNS":0,"nInitialNotServicedFixedRequests":[0,0,0,0,0],"averageNotServicedExpectedRequests":[29.4,32.7,30.9,30.8,28.6],"ALNSIterations":[5614,5622,5900,5550,5631],"runId":["Run 1","Run 2","Run 3","Run 4","Run 5"]}