{"slackAfterALNS":0,"nInitialNotServicedExpectedRequests":[22,21,22,18,19],"averageObj":[6128.755606467868,5967.5842656407685,6022.994166340469,5662.16392596593,5697.840766709609],"slackBeforeALNS":0,"nInitialNotServicedFixedRequests":[0,0,0,0,0],"averageNotServicedExpectedRequests":[30.4,29.6,30.2,25.6,26.2],"ALNSIterations":[2751,2658,2706,2907,3172],"runId":["Run 1","Run 2","Run 3","Run 4","Run 5"]}