{"slackAfterALNS":0,"nInitialNotServicedExpectedRequests":[13,22,14,20,16],"averageObj":[6385.027645938316,5774.6657571503965,5964.50642251513,6069.235929392416,6254.050650881019],"slackBeforeALNS":0,"nInitialNotServicedFixedRequests":[0,0,0,0,0],"averageNotServicedExpectedRequests":[34.1,27.0,29.2,29.5,32.0],"ALNSIterations":[5439,5760,5365,5291,3632],"runId":["Run 1","Run 2","Run 3","Run 4","Run 5"]}