{"slackAfterALNS":0,"nInitialNotServicedExpectedRequests":[17,17,5,22,19],"averageObj":[5286.409743173528,5851.608211474363,5169.477657159027,5646.8141228224185,6284.064757492114],"slackBeforeALNS":0,"nInitialNotServicedFixedRequests":[0,0,0,0,0],"averageNotServicedExpectedRequests":[23.0,29.1,21.8,26.9,34.0],"ALNSIterations":[2720,2842,2757,2886,3737],"runId":["Run 1","Run 2","Run 3","Run 4","Run 5"]}