{"slackAfterALNS":0,"nInitialNotServicedExpectedRequests":[21,25,23,20,25],"averageObj":[6214.852249974456,6205.479811880187,6304.745930843539,6208.336586161983,6771.088642368831],"slackBeforeALNS":0,"nInitialNotServicedFixedRequests":[0,0,0,0,0],"averageNotServicedExpectedRequests":[32.8,32.2,33.6,32.0,38.1],"ALNSIterations":[2612,2614,2539,3132,4963],"runId":["Run 1","Run 2","Run 3","Run 4","Run 5"]}