{"slackAfterALNS":0,"nInitialNotServicedExpectedRequests":[19,18,21,17,13],"averageObj":[5830.00568537387,5906.701553486697,5614.206132147819,5895.403214543343,6474.043226070192],"slackBeforeALNS":0,"nInitialNotServicedFixedRequests":[0,0,0,0,0],"averageNotServicedExpectedRequests":[28.1,28.7,25.3,28.9,34.8],"ALNSIterations":[5640,5940,5641,5676,5671],"runId":["Run 1","Run 2","Run 3","Run 4","Run 5"]}