{"slackAfterALNS":0,"nInitialNotServicedExpectedRequests":[19,18,16,18,18],"averageObj":[5738.174769748262,6179.693802034251,5589.100202090865,6444.224040654661,6258.417268071236],"slackBeforeALNS":0,"nInitialNotServicedFixedRequests":[0,0,0,0,0],"averageNotServicedExpectedRequests":[26.6,32.4,25.4,35.0,32.8],"ALNSIterations":[5223,5358,5065,5508,3969],"runId":["Run 1","Run 2","Run 3","Run 4","Run 5"]}