{"slackAfterALNS":0,"nInitialNotServicedExpectedRequests":[20,29,29,18,21],"averageObj":[5920.87617681868,6094.860363695529,6391.881623901242,6230.350289282755,6197.127896324306],"slackBeforeALNS":0,"nInitialNotServicedFixedRequests":[0,0,0,0,0],"averageNotServicedExpectedRequests":[29.7,32.0,34.8,33.9,33.1],"ALNSIterations":[5848,5998,6131,5817,5694],"runId":["Run 1","Run 2","Run 3","Run 4","Run 5"]}