{"slackAfterALNS":0,"nInitialNotServicedExpectedRequests":[5,6,5,5,7],"averageObj":[7119.318754082271,8539.894733782465,10480.93623576882,8901.46108019083,8869.794522243972],"slackBeforeALNS":0,"nInitialNotServicedFixedRequests":[1,2,3,2,2],"averageNotServicedExpectedRequests":[19.0,13.0,13.0,17.0,16.0],"ALNSIterations":[2131,2153,2435,2402,2383],"runId":["Run 1","Run 2","Run 3","Run 4","Run 5"]}