{"slackAfterALNS":0,"nInitialNotServicedExpectedRequests":[3,2,3,6,4],"averageObj":[4864.580283222619,10922.636692878064,7278.374658776504,6207.840396600207,7218.468881787807],"slackBeforeALNS":0,"nInitialNotServicedFixedRequests":[0,3,1,1,1],"averageNotServicedExpectedRequests":[16.0,17.0,21.0,10.0,21.0],"ALNSIterations":[2200,2170,2192,2139,2142],"runId":["Run 1","Run 2","Run 3","Run 4","Run 5"]}