{"slackAfterALNS":0,"nInitialNotServicedExpectedRequests":[7,3,6,9,4],"averageObj":[14515.079396978555,9510.607370320362,17672.376727817435,7751.294361750484,7507.266432689095],"slackBeforeALNS":0,"nInitialNotServicedFixedRequests":[4,2,6,1,1],"averageNotServicedExpectedRequests":[34.0,24.0,24.0,25.0,23.0],"ALNSIterations":[1998,1953,1918,2000,1925],"runId":["Run 1","Run 2","Run 3","Run 4","Run 5"]}