{"slackAfterALNS":0,"nInitialNotServicedExpectedRequests":[8,5,10,11,8],"averageObj":[6979.386842312437,6677.570358565406,7348.272978045735,9484.843541448457,5342.650223525612],"slackBeforeALNS":0,"nInitialNotServicedFixedRequests":[1,1,1,2,0],"averageNotServicedExpectedRequests":[18.0,14.0,21.0,24.0,22.0],"ALNSIterations":[2053,2029,2035,1990,2013],"runId":["Run 1","Run 2","Run 3","Run 4","Run 5"]}