{"slackAfterALNS":0,"nInitialNotServicedExpectedRequests":[12,11,7,6,8],"averageObj":[10240.272367687085,8642.483332148113,7122.762005773693,9004.848416068098,9186.198850594388],"slackBeforeALNS":0,"nInitialNotServicedFixedRequests":[2,2,1,2,2],"averageNotServicedExpectedRequests":[32.0,14.0,20.0,19.0,21.0],"ALNSIterations":[2499,2469,2093,2044,2035],"runId":["Run 1","Run 2","Run 3","Run 4","Run 5"]}