{"slackAfterALNS":0,"nInitialNotServicedExpectedRequests":[10,6,7,4,8],"averageObj":[9449.070888160728,4783.131964724295,8672.926428099972,8646.293095723175,6699.367534293795],"slackBeforeALNS":0,"nInitialNotServicedFixedRequests":[2,0,2,2,1],"averageNotServicedExpectedRequests":[22.0,16.0,15.0,15.0,15.0],"ALNSIterations":[2346,2216,2252,2235,2246],"runId":["Run 1","Run 2","Run 3","Run 4","Run 5"]}