{"slackAfterALNS":0,"nInitialNotServicedExpectedRequests":[9,9,8,11,10],"averageObj":[4378.517929099143,2038.2010846764538,2083.968770476764,2146.895295156345,2500.887778283021],"slackBeforeALNS":0,"nInitialNotServicedFixedRequests":[1,0,0,0,0],"averageNotServicedExpectedRequests":[14.0,11.0,11.0,12.0,16.0],"ALNSIterations":[19372,17107,19063,18832,17758],"runId":["Run 1","Run 2","Run 3","Run 4","Run 5"]}