{"slackAfterALNS":0,"nInitialNotServicedExpectedRequests":[9,9,8,6,5],"averageObj":[2343.017061881676,4474.615795696918,2208.596505430211,2281.294204843775,2301.07389182354],"slackBeforeALNS":0,"nInitialNotServicedFixedRequests":[0,1,0,0,0],"averageNotServicedExpectedRequests":[13.0,15.0,12.0,13.0,13.0],"ALNSIterations":[16076,17258,15847,16065,16038],"runId":["Run 1","Run 2","Run 3","Run 4","Run 5"]}