{"slackAfterALNS":0,"nInitialNotServicedExpectedRequests":[6,7,7,5,6],"averageObj":[2074.2716125548473,2021.0012104589982,2569.9792235270934,2204.086176385849,2007.423633178903],"slackBeforeALNS":0,"nInitialNotServicedFixedRequests":[0,0,0,0,0],"averageNotServicedExpectedRequests":[11.0,10.0,17.0,13.0,10.0],"ALNSIterations":[19392,19168,18964,20659,20741],"runId":["Run 1","Run 2","Run 3","Run 4","Run 5"]}