{"slackAfterALNS":0,"nInitialNotServicedExpectedRequests":[2,4,7,5,2],"averageObj":[4646.434653388044,5173.135113724207,5213.4753641852285,4902.841295438352,4689.846387674118],"slackBeforeALNS":0,"nInitialNotServicedFixedRequests":[0,0,0,0,0],"averageNotServicedExpectedRequests":[16.0,20.0,22.0,19.0,16.0],"ALNSIterations":[4793,4736,4586,4775,4770],"runId":["Run 1","Run 2","Run 3","Run 4","Run 5"]}