{"slackAfterALNS":0,"nInitialNotServicedExpectedRequests":[14,9,9,6,9],"averageObj":[8039.911812164826,8250.947691803854,11404.90852295671,10376.282766200788,7951.181019391604],"slackBeforeALNS":0,"nInitialNotServicedFixedRequests":[1,1,3,2,1],"averageNotServicedExpectedRequests":[27.0,31.0,22.0,32.0,27.0],"ALNSIterations":[4104,4091,3937,4096,4072],"runId":["Run 1","Run 2","Run 3","Run 4","Run 5"]}