{"slackAfterALNS":0,"nInitialNotServicedExpectedRequests":[7,7,6,5,10],"averageObj":[5129.793858741877,9050.712044872513,4698.334579487199,5057.54011565695,9306.809400780885],"slackBeforeALNS":0,"nInitialNotServicedFixedRequests":[0,2,0,0,2],"averageNotServicedExpectedRequests":[20.0,18.0,15.0,18.0,21.0],"ALNSIterations":[3426,3639,3807,3907,3770],"runId":["Run 1","Run 2","Run 3","Run 4","Run 5"]}