{"slackAfterALNS":0,"nInitialNotServicedExpectedRequests":[0,1,3,1,1],"averageObj":[6323.0282319379385,6348.620158568272,6355.2089635854345,6341.003074210754,6355.932697368788],"slackBeforeALNS":0,"nInitialNotServicedFixedRequests":[3,3,3,3,3],"averageNotServicedExpectedRequests":[1.6,1.9,2.0,1.7,2.0],"ALNSIterations":[336414,364255,411047,261390,309996],"runId":["Run 1","Run 2","Run 3","Run 4","Run 5"]}