{"slackAfterALNS":0,"nInitialNotServicedExpectedRequests":[56,51,62,58,51,51,56,65,58,49],"averageObj":[13270.52948742163,12996.281571996022,13290.904864317981,12383.184657089516,12367.9054531114,12876.4237035408,12843.668085635134,13734.798257622922,15642.314141050516,12466.59109951924],"slackBeforeALNS":0,"nInitialNotServicedFixedRequests":[1,1,1,1,1,1,1,1,2,1],"averageNotServicedExpectedRequests":[65.0,62.0,66.0,55.0,55.0,61.0,60.0,71.0,70.0,56.0],"ALNSIterations":[970,939,945,939,937,855,932,608,538,907],"runId":["Run 1","Run 2","Run 3","Run 4","Run 5","Run 6","Run 7","Run 8","Run 9","Run 10"]}