{"slackAfterALNS":0,"nInitialNotServicedExpectedRequests":[58,69,66,68,53,74,55,63,76,60],"averageObj":[11920.665404195197,12374.186360583146,12232.09389218359,14511.313645485785,11773.469164922222,12175.29497208603,12402.524876612892,12043.83310171748,13105.35639745372,12740.220423656492],"slackBeforeALNS":0,"nInitialNotServicedFixedRequests":[0,0,0,1,0,0,1,0,0,0],"averageNotServicedExpectedRequests":[70.0,77.0,73.0,78.0,70.0,75.0,54.0,74.0,85.0,81.0],"ALNSIterations":[933,553,520,520,785,875,893,895,858,911],"runId":["Run 1","Run 2","Run 3","Run 4","Run 5","Run 6","Run 7","Run 8","Run 9","Run 10"]}