{"slackAfterALNS":0,"nInitialNotServicedExpectedRequests":[60,64,58,76,50,61,65,62,55,74],"averageObj":[13724.540458646017,11666.312848306696,11164.366470475881,12318.029223031004,11014.278427735248,13956.001108602577,11543.43605534693,13288.993294968448,11875.513841309554,11982.254727581048],"slackBeforeALNS":0,"nInitialNotServicedFixedRequests":[1,0,0,0,0,1,0,1,0,0],"averageNotServicedExpectedRequests":[71.0,68.0,63.0,76.0,61.0,73.0,68.0,65.0,71.0,71.0],"ALNSIterations":[697,552,524,823,831,642,907,882,902,895],"runId":["Run 1","Run 2","Run 3","Run 4","Run 5","Run 6","Run 7","Run 8","Run 9","Run 10"]}