{"slackAfterALNS":0,"nInitialNotServicedExpectedRequests":[71,71,49,66,69,62,63,56,56,62],"averageObj":[12361.185683124566,11988.562288260626,11303.507197358487,12075.71439240328,11169.993755982943,11585.102556560812,12728.039573031914,11824.717220492636,11165.796188869343,11089.385539948647],"slackBeforeALNS":0,"nInitialNotServicedFixedRequests":[0,0,0,0,0,0,0,0,0,0],"averageNotServicedExpectedRequests":[77.0,72.0,64.0,74.0,64.0,69.0,81.0,72.0,63.0,63.0],"ALNSIterations":[796,911,922,651,919,836,922,904,902,925],"runId":["Run 1","Run 2","Run 3","Run 4","Run 5","Run 6","Run 7","Run 8","Run 9","Run 10"]}