{"slackAfterALNS":0,"nInitialNotServicedExpectedRequests":[66,72,70,68,70,67,64,65,72,63],"averageObj":[14550.430225395776,12111.162761200525,11933.997684735019,14228.351751407314,12271.148870278324,12175.570322553567,11728.407317572879,11865.411710179953,14475.02442667873,12273.429385590189],"slackBeforeALNS":0,"nInitialNotServicedFixedRequests":[1,0,0,1,0,0,0,0,1,0],"averageNotServicedExpectedRequests":[79.0,73.0,71.0,76.0,77.0,74.0,68.0,71.0,78.0,75.0],"ALNSIterations":[924,908,907,911,838,915,549,900,903,641],"runId":["Run 1","Run 2","Run 3","Run 4","Run 5","Run 6","Run 7","Run 8","Run 9","Run 10"]}