{"slackAfterALNS":0,"nInitialNotServicedExpectedRequests":[69,56,54,58,69,61,58,58,52,55],"averageObj":[13229.033352196715,13544.292320630091,13458.520162847552,12889.570979051414,12970.86607308296,13548.937531160864,13130.441015926099,16122.708674640377,13505.50479852891,13258.728148744409],"slackBeforeALNS":0,"nInitialNotServicedFixedRequests":[1,1,1,1,1,1,1,2,1,1],"averageNotServicedExpectedRequests":[63.0,65.0,65.0,58.0,59.0,65.0,62.0,73.0,66.0,63.0],"ALNSIterations":[700,889,900,908,816,914,923,871,920,895],"runId":["Run 1","Run 2","Run 3","Run 4","Run 5","Run 6","Run 7","Run 8","Run 9","Run 10"]}