{"slackAfterALNS":0,"nInitialNotServicedExpectedRequests":[62,61,54,56,38,56,51,49,56,58],"averageObj":[13492.496499728888,12962.334474334215,13132.974498812862,13302.663270201043,11697.70190083356,12990.688430357215,12829.494433865417,14640.758332262525,13310.957897822125,12390.470068190187],"slackBeforeALNS":0,"nInitialNotServicedFixedRequests":[1,1,1,1,1,1,1,2,1,1],"averageNotServicedExpectedRequests":[68.0,60.0,64.0,65.0,47.0,62.0,61.0,57.0,64.0,55.0],"ALNSIterations":[757,911,888,877,882,742,870,882,896,895],"runId":["Run 1","Run 2","Run 3","Run 4","Run 5","Run 6","Run 7","Run 8","Run 9","Run 10"]}