{"slackAfterALNS":0,"nInitialNotServicedExpectedRequests":[69,67,73,60,71,77,62,73,76,69],"averageObj":[14558.979742819738,14299.425684121514,15257.7880909247,17214.90142249366,14185.022517214758,14574.111937338594,13748.879615213784,14780.061893991518,14303.165625437123,13809.951088424135],"slackBeforeALNS":0,"nInitialNotServicedFixedRequests":[1,1,1,2,1,1,1,1,1,1],"averageNotServicedExpectedRequests":[80.0,76.0,87.0,87.0,77.0,80.0,69.0,81.0,76.0,70.0],"ALNSIterations":[941,910,928,925,692,766,917,636,560,815],"runId":["Run 1","Run 2","Run 3","Run 4","Run 5","Run 6","Run 7","Run 8","Run 9","Run 10"]}