{"slackAfterALNS":0,"nInitialNotServicedExpectedRequests":[66,66,72,59,60,65,72,61,64,50],"averageObj":[14086.26887498959,14086.547704729233,13551.341789262482,12864.049308744476,14716.710901403616,16716.59176623122,14482.011739781927,13379.918005996402,14178.60019676181,13254.02369322968],"slackBeforeALNS":0,"nInitialNotServicedFixedRequests":[1,1,1,1,1,2,1,1,1,1],"averageNotServicedExpectedRequests":[73.0,72.0,66.0,59.0,79.0,80.0,76.0,64.0,74.0,63.0],"ALNSIterations":[881,878,872,862,873,865,503,850,868,880],"runId":["Run 1","Run 2","Run 3","Run 4","Run 5","Run 6","Run 7","Run 8","Run 9","Run 10"]}