{"slackAfterALNS":0,"nInitialNotServicedExpectedRequests":[69,68,71,51,64,72,52,65,58,67],"averageObj":[11606.915221186484,11767.181834855382,12536.270802444806,13257.902812264165,11684.082210429833,11806.277680491683,12936.075675892196,11105.163365454995,11113.582341828174,11669.798498725562],"slackBeforeALNS":0,"nInitialNotServicedFixedRequests":[0,0,0,1,0,0,1,0,0,0],"averageNotServicedExpectedRequests":[70.0,71.0,80.0,66.0,70.0,71.0,61.0,62.0,63.0,70.0],"ALNSIterations":[977,963,950,966,790,958,967,925,971,599],"runId":["Run 1","Run 2","Run 3","Run 4","Run 5","Run 6","Run 7","Run 8","Run 9","Run 10"]}