{"slackAfterALNS":0,"nInitialNotServicedExpectedRequests":[4,7,6,6,8],"averageObj":[2429.249391124462,2524.380213959119,2699.0594626425877,2321.8420941212294,2593.6974644531583],"slackBeforeALNS":0,"nInitialNotServicedFixedRequests":[0,0,0,0,0],"averageNotServicedExpectedRequests":[14.6,15.9,17.7,14.0,17.0],"ALNSIterations":[39332,41139,41871,39066,39449],"runId":["Run 1","Run 2","Run 3","Run 4","Run 5"]}