{"slackAfterALNS":0,"nInitialNotServicedExpectedRequests":[8,3,6,7,9],"averageObj":[2639.564205596249,2663.0971630192244,2726.8784484565294,2500.755054372904,2553.312967086425],"slackBeforeALNS":0,"nInitialNotServicedFixedRequests":[0,0,0,0,0],"averageNotServicedExpectedRequests":[17.6,17.0,18.1,15.4,16.2],"ALNSIterations":[33490,27026,31612,35077,32693],"runId":["Run 1","Run 2","Run 3","Run 4","Run 5"]}