{"slackAfterALNS":0,"nInitialNotServicedExpectedRequests":[9,11,14,11,8],"averageObj":[2729.2279380978075,2763.666627789121,2715.5578017439425,2604.070483912748,4581.973907674476],"slackBeforeALNS":0,"nInitialNotServicedFixedRequests":[0,0,0,0,1],"averageNotServicedExpectedRequests":[17.7,18.2,18.0,16.8,16.8],"ALNSIterations":[35585,40263,40614,38605,27511],"runId":["Run 1","Run 2","Run 3","Run 4","Run 5"]}