{"slackAfterALNS":0,"nInitialNotServicedExpectedRequests":[5,5,5,6,6],"averageObj":[2532.1756349111483,2670.7468670775042,2471.0595060612177,2505.3989222410937,2581.8422134389903],"slackBeforeALNS":0,"nInitialNotServicedFixedRequests":[0,0,0,0,0],"averageNotServicedExpectedRequests":[16.1,17.6,15.3,15.9,16.8],"ALNSIterations":[33841,36622,29754,32027,36263],"runId":["Run 1","Run 2","Run 3","Run 4","Run 5"]}