{"slackAfterALNS":0,"nInitialNotServicedExpectedRequests":[4,7,10,4,6],"averageObj":[2428.2947373565935,2594.9936593248362,4474.558527108403,2412.4578868674457,2572.5144403548334],"slackBeforeALNS":0,"nInitialNotServicedFixedRequests":[0,0,1,0,0],"averageNotServicedExpectedRequests":[14.3,16.1,14.5,14.1,16.2],"ALNSIterations":[34247,37188,33268,35118,38847],"runId":["Run 1","Run 2","Run 3","Run 4","Run 5"]}