{"slackAfterALNS":0,"nInitialNotServicedExpectedRequests":[7,4,7,6,7],"averageObj":[4618.379273685073,2448.4634695435993,4424.097431325761,4632.524181821134,4486.908890842849],"slackBeforeALNS":0,"nInitialNotServicedFixedRequests":[1,0,1,1,1],"averageNotServicedExpectedRequests":[16.5,14.5,14.1,16.7,15.2],"ALNSIterations":[35126,35719,38177,22712,39880],"runId":["Run 1","Run 2","Run 3","Run 4","Run 5"]}