{"slackAfterALNS":0,"nInitialNotServicedExpectedRequests":[10,12,10,15,11],"averageObj":[4756.794852943627,6546.16275445411,4589.613673028788,4826.627203272289,4564.30815361168],"slackBeforeALNS":0,"nInitialNotServicedFixedRequests":[1,2,1,1,1],"averageNotServicedExpectedRequests":[18.1,16.3,16.5,19.6,16.6],"ALNSIterations":[34735,37657,41399,41614,31871],"runId":["Run 1","Run 2","Run 3","Run 4","Run 5"]}