{"slackAfterALNS":0,"nInitialNotServicedExpectedRequests":[28,21,20,21,31,28,28,22,29,17],"averageObj":[7262.054231877284,7638.706987213118,7446.39405538004,7402.134600369526,7473.450444588682,7674.681503241067,7641.532287175351,7859.462445976588,7767.239814826753,7315.097776522834],"slackBeforeALNS":0,"nInitialNotServicedFixedRequests":[0,0,0,0,0,0,0,0,0,0],"averageNotServicedExpectedRequests":[44.1,48.3,46.2,46.0,46.3,48.6,48.9,50.3,49.8,44.4],"runId":["Run 1","Run 2","Run 3","Run 4","Run 5","Run 6","Run 7","Run 8","Run 9","Run 10"]}