{"slackAfterALNS":0,"nInitialNotServicedExpectedRequests":[28,27,28,19,28,23,22,23,25,25],"averageObj":[9191.587901469813,9048.256275304962,9003.0991658108,9437.629681882796,9478.014709942798,9546.38675459501,9361.924269162515,9461.100610263637,9337.620077944031,9454.713004220186],"slackBeforeALNS":0,"nInitialNotServicedFixedRequests":[1,1,1,1,1,1,1,1,1,1],"averageNotServicedExpectedRequests":[43.6,41.9,41.8,46.5,46.8,48.0,45.5,47.0,45.4,47.1],"runId":["Run 1","Run 2","Run 3","Run 4","Run 5","Run 6","Run 7","Run 8","Run 9","Run 10"]}