{"slackAfterALNS":0,"nInitialNotServicedExpectedRequests":[26,21,27,21,27,23,26,28,18,30],"averageObj":[7735.461834993929,7276.519012331897,7230.744691453472,7821.792019115086,7237.66140878584,7426.6755297482205,7217.330676417672,7467.88479982066,7230.004525144647,7936.554948483843],"slackBeforeALNS":0,"nInitialNotServicedFixedRequests":[0,0,0,0,0,0,0,0,0,0],"averageNotServicedExpectedRequests":[49.3,44.4,44.1,49.9,43.8,46.1,43.5,46.4,43.6,52.2],"runId":["Run 1","Run 2","Run 3","Run 4","Run 5","Run 6","Run 7","Run 8","Run 9","Run 10"]}