{"slackAfterALNS":0,"nInitialNotServicedExpectedRequests":[27,31,31,32,25,29,19,24,24,26],"averageObj":[7844.287226360258,8094.040176392287,7895.205887248395,7667.286283829379,7810.9247663990145,8201.737394454009,7385.60529481605,7435.747685469335,7606.340383597038,8202.088357189143],"slackBeforeALNS":0,"nInitialNotServicedFixedRequests":[0,0,0,0,0,0,0,0,0,0],"averageNotServicedExpectedRequests":[50.8,53.6,50.7,48.8,50.2,54.1,45.9,45.4,48.0,54.5],"runId":["Run 1","Run 2","Run 3","Run 4","Run 5","Run 6","Run 7","Run 8","Run 9","Run 10"]}