{"slackAfterALNS":0,"nInitialNotServicedExpectedRequests":[24,21,31,25,30,18,22,33,33,30],"averageObj":[7638.887380669529,7792.721593375946,8222.15174110427,7721.536529250576,7944.721569965701,7189.919268243082,7073.76147913047,7417.154864805547,7138.240576580172,7740.741858789084],"slackBeforeALNS":0,"nInitialNotServicedFixedRequests":[0,0,0,0,0,0,0,0,0,0],"averageNotServicedExpectedRequests":[48.4,50.1,55.4,48.7,51.6,43.3,41.9,45.8,42.9,49.4],"runId":["Run 1","Run 2","Run 3","Run 4","Run 5","Run 6","Run 7","Run 8","Run 9","Run 10"]}