{"slackAfterALNS":0,"nInitialNotServicedExpectedRequests":[32,27,26,31,29,22,34,23,26,33],"averageObj":[7860.935315931429,7817.0418946744,7885.0021709097755,8312.251704837667,7602.711744874723,7624.456153786778,7565.538693320658,7583.992146912572,7069.250256499008,7752.3153478878885],"slackBeforeALNS":0,"nInitialNotServicedFixedRequests":[0,0,0,0,0,0,0,0,0,0],"averageNotServicedExpectedRequests":[50.3,50.3,51.1,55.7,48.4,48.0,47.2,47.6,42.1,49.5],"runId":["Run 1","Run 2","Run 3","Run 4","Run 5","Run 6","Run 7","Run 8","Run 9","Run 10"]}