{"slackAfterALNS":0,"nInitialNotServicedExpectedRequests":[28,24,22,26,26,21,23,25,24,26],"averageObj":[7575.936022183343,7567.67644456516,7915.0755154956405,7232.488367506146,7964.61361366703,8057.00195934792,7717.402171337011,7628.94450057842,7453.623109608835,7250.44116476093],"slackBeforeALNS":0,"nInitialNotServicedFixedRequests":[0,0,0,0,0,0,0,0,0,0],"averageNotServicedExpectedRequests":[47.5,47.1,51.1,44.3,52.3,52.8,49.9,48.1,46.2,44.3],"runId":["Run 1","Run 2","Run 3","Run 4","Run 5","Run 6","Run 7","Run 8","Run 9","Run 10"]}