{"slackAfterALNS":0,"nInitialNotServicedExpectedRequests":[30,24,22,23,18,13,29,31,27,23],"averageObj":[7464.829641039096,7537.427420422275,7851.874045534694,7926.716059984846,7619.848087115841,7806.221777510761,7484.259560887903,7538.413857689981,8050.9008851868475,7629.284350806008],"slackBeforeALNS":0,"nInitialNotServicedFixedRequests":[0,0,0,0,0,0,0,0,0,0],"averageNotServicedExpectedRequests":[46.1,46.4,50.4,51.2,47.7,49.3,46.4,46.8,52.8,48.3],"runId":["Run 1","Run 2","Run 3","Run 4","Run 5","Run 6","Run 7","Run 8","Run 9","Run 10"]}