{"slackAfterALNS":0,"nInitialNotServicedExpectedRequests":[28,27,22,27,19,26,25,23,16,26],"averageObj":[9257.15931889654,9548.587947869915,9710.846942666276,9455.279920473888,9419.095402348048,9616.693665052038,9792.031534469315,9206.732502098359,9742.516628294432,9242.544060817909],"slackBeforeALNS":0,"nInitialNotServicedFixedRequests":[1,1,1,1,1,1,1,1,1,1],"averageNotServicedExpectedRequests":[45.0,47.3,49.6,47.2,46.4,48.7,51.3,44.4,50.5,44.1],"runId":["Run 1","Run 2","Run 3","Run 4","Run 5","Run 6","Run 7","Run 8","Run 9","Run 10"]}