{"slackAfterALNS":0,"nInitialNotServicedExpectedRequests":[24,25,21,22,20,21,14,18,31,20],"averageObj":[7279.195743156107,6993.113445402679,7657.827894990165,6860.875692328211,7733.348163387624,7344.878181037531,7068.948706819882,7729.386660851678,7513.706126862085,7389.361687454065],"slackBeforeALNS":0,"nInitialNotServicedFixedRequests":[0,0,0,0,0,0,0,0,0,0],"averageNotServicedExpectedRequests":[44.8,42.0,49.3,40.8,50.4,46.0,42.2,50.4,48.0,46.3],"runId":["Run 1","Run 2","Run 3","Run 4","Run 5","Run 6","Run 7","Run 8","Run 9","Run 10"]}