{"slackAfterALNS":0,"nInitialNotServicedExpectedRequests":[31,30,20,25,28,21,33,22,20,28],"averageObj":[8310.410277274106,7823.018506217612,7752.318723026826,7320.445819543745,8504.56315176515,7575.302419311236,7695.097095632658,7914.264881463789,7890.996045516901,7297.544456388018],"slackBeforeALNS":0,"nInitialNotServicedFixedRequests":[0,0,0,0,0,0,0,0,0,0],"averageNotServicedExpectedRequests":[55.5,50.5,48.9,44.7,58.0,47.1,48.1,51.0,50.5,44.5],"runId":["Run 1","Run 2","Run 3","Run 4","Run 5","Run 6","Run 7","Run 8","Run 9","Run 10"]}