{"slackAfterALNS":0,"nInitialNotServicedExpectedRequests":[28,27,17,26,25,28,34,31,29,29],"averageObj":[7126.281507630872,7062.171351998174,7665.5640135868525,7197.281491562149,7687.2642691670335,7899.191568162956,7390.911428999765,7666.695580572729,7253.855418138186,7626.407385374629],"slackBeforeALNS":0,"nInitialNotServicedFixedRequests":[0,0,0,0,0,0,0,0,0,0],"averageNotServicedExpectedRequests":[42.8,42.1,48.5,43.4,49.4,51.0,46.1,48.6,44.0,48.8],"runId":["Run 1","Run 2","Run 3","Run 4","Run 5","Run 6","Run 7","Run 8","Run 9","Run 10"]}