{"slackAfterALNS":0,"nInitialNotServicedExpectedRequests":[32,25,30,22,24,25,26,26,28,33],"averageObj":[7171.083244498691,7602.19437171034,7312.1859781486955,7727.762574568985,7275.046305387533,7320.850972057073,7421.559857835734,7765.325387707727,7469.344625731156,7825.688896729853],"slackBeforeALNS":0,"nInitialNotServicedFixedRequests":[0,0,0,0,0,0,0,0,0,0],"averageNotServicedExpectedRequests":[43.5,48.5,44.9,49.2,44.3,45.0,46.3,49.8,46.9,50.9],"runId":["Run 1","Run 2","Run 3","Run 4","Run 5","Run 6","Run 7","Run 8","Run 9","Run 10"]}