{"slackAfterALNS":0,"nInitialNotServicedExpectedRequests":[39,25,27,41,23,24,25,19,25,28],"averageObj":[8144.264819529999,7942.995486085767,7606.673148849883,7619.542596924162,7829.676499667645,7382.474313255827,7671.009291147786,8113.52408516251,7784.080168251961,7462.178587042795],"slackBeforeALNS":0,"nInitialNotServicedFixedRequests":[0,0,0,0,0,0,0,0,0,0],"averageNotServicedExpectedRequests":[53.9,52.0,47.5,48.2,50.9,45.3,49.3,53.4,50.6,46.1],"runId":["Run 1","Run 2","Run 3","Run 4","Run 5","Run 6","Run 7","Run 8","Run 9","Run 10"]}