{"slackAfterALNS":0,"nInitialNotServicedExpectedRequests":[27,21,20,21,23,28,21,23,25,26],"averageObj":[7428.137333574161,7237.111464535173,7427.5009052652995,7441.503946846577,7753.481337416859,7460.356279481372,7486.42736139239,7734.754582037238,7806.834476493912,7203.574697933822],"slackBeforeALNS":0,"nInitialNotServicedFixedRequests":[0,0,0,0,0,0,0,0,0,0],"averageNotServicedExpectedRequests":[46.6,44.5,46.7,46.3,49.6,46.6,47.3,49.8,51.1,43.8],"runId":["Run 1","Run 2","Run 3","Run 4","Run 5","Run 6","Run 7","Run 8","Run 9","Run 10"]}