{"slackAfterALNS":0,"nInitialNotServicedExpectedRequests":[21,22,26,20,26,24,23,20,16,26],"averageObj":[7495.510121157915,7130.318977979832,7458.6167322663805,7266.92499133043,7126.438283496199,7448.1933746089535,7223.95126368823,7257.230498406032,7550.148198931949,7507.661627942653],"slackBeforeALNS":0,"nInitialNotServicedFixedRequests":[0,0,0,0,0,0,0,0,0,0],"averageNotServicedExpectedRequests":[47.5,43.1,46.6,44.5,43.1,46.8,44.3,44.7,47.9,47.0],"runId":["Run 1","Run 2","Run 3","Run 4","Run 5","Run 6","Run 7","Run 8","Run 9","Run 10"]}