{"slackAfterALNS":0,"nInitialNotServicedExpectedRequests":[27,25,28,24,30,26,16,28,29,23],"averageObj":[7836.611718030084,7462.14184273843,8044.573208819423,7962.955821136902,7392.4951387802885,7621.19203855805,7743.88755650368,7267.874105342884,7442.623130072032,7793.62700236081],"slackBeforeALNS":0,"nInitialNotServicedFixedRequests":[0,0,0,0,0,0,0,0,0,0],"averageNotServicedExpectedRequests":[50.3,46.2,53.2,52.2,45.6,48.2,49.8,44.5,46.0,50.1],"runId":["Run 1","Run 2","Run 3","Run 4","Run 5","Run 6","Run 7","Run 8","Run 9","Run 10"]}