{"slackAfterALNS":0,"nInitialNotServicedExpectedRequests":[23,23,18,33,28,26,25,26,17,28],"averageObj":[7418.661476359093,7280.360434994362,7447.564281032195,7499.061495124739,7858.466453889257,7206.737448897837,6956.995572153372,7426.530719052648,6924.265869655316,7405.871822329131],"slackBeforeALNS":0,"nInitialNotServicedFixedRequests":[0,0,0,0,0,0,0,0,0,0],"averageNotServicedExpectedRequests":[47.0,45.4,46.5,47.7,51.8,44.2,41.5,46.9,41.4,46.5],"runId":["Run 1","Run 2","Run 3","Run 4","Run 5","Run 6","Run 7","Run 8","Run 9","Run 10"]}