{"slackAfterALNS":0,"nInitialNotServicedExpectedRequests":[32,24,35,31,29,20,25,36,28,30],"averageObj":[7666.810643453915,7139.878859594277,7510.580535562764,7501.843889646519,7278.770717580845,7250.42137834216,7429.891573193172,7619.285917635582,7481.427827833248,7767.734657634153],"slackBeforeALNS":0,"nInitialNotServicedFixedRequests":[0,0,0,0,0,0,0,0,0,0],"averageNotServicedExpectedRequests":[48.3,42.7,47.2,47.0,44.5,43.9,46.2,48.2,46.3,50.0],"runId":["Run 1","Run 2","Run 3","Run 4","Run 5","Run 6","Run 7","Run 8","Run 9","Run 10"]}