{"slackAfterALNS":0,"nInitialNotServicedExpectedRequests":[29,33,30,30,22,29,34,27,33,22],"averageObj":[7964.111531804754,7753.4433964372365,7821.669168209383,7730.436076073331,7574.349891071208,7920.426958279531,7652.731532593755,7550.269130519574,8326.931295138707,7878.707032469503],"slackBeforeALNS":0,"nInitialNotServicedFixedRequests":[0,0,0,0,0,0,0,0,0,0],"averageNotServicedExpectedRequests":[52.0,49.7,50.4,48.2,47.7,50.8,48.2,47.2,55.1,51.0],"runId":["Run 1","Run 2","Run 3","Run 4","Run 5","Run 6","Run 7","Run 8","Run 9","Run 10"]}