{"slackAfterALNS":0,"nInitialNotServicedExpectedRequests":[3,2,1,3,3],"averageObj":[1840.8484096959342,1542.2597005341415,1627.327336806731,1776.865918398929,1328.4870521799974],"slackBeforeALNS":0,"nInitialNotServicedFixedRequests":[0,0,0,0,0],"averageNotServicedExpectedRequests":[8.0,5.0,6.0,8.0,3.0],"ALNSIterations":[30831,31659,32349,30832,31706],"runId":["Run 1","Run 2","Run 3","Run 4","Run 5"]}