{"slackAfterALNS":0,"nInitialNotServicedExpectedRequests":[1,1,2,2,1],"averageObj":[1387.0293033636442,1374.4152387828399,1506.4329004569192,1302.9465362917963,1585.020143634043],"slackBeforeALNS":0,"nInitialNotServicedFixedRequests":[0,0,0,0,0],"averageNotServicedExpectedRequests":[4.0,3.0,5.0,3.0,6.0],"ALNSIterations":[30964,30612,30533,30423,30180],"runId":["Run 1","Run 2","Run 3","Run 4","Run 5"]}