{"slackAfterALNS":0,"nInitialNotServicedExpectedRequests":[0,0,0,0,1],"averageObj":[1388.2501857102245,1251.5735632080962,1232.7983593874433,1321.3985649590065,1232.7762263739112],"slackBeforeALNS":0,"nInitialNotServicedFixedRequests":[0,0,0,0,0],"averageNotServicedExpectedRequests":[4.0,2.0,2.0,3.0,2.0],"ALNSIterations":[29594,29781,29425,29741,29393],"runId":["Run 1","Run 2","Run 3","Run 4","Run 5"]}