{"slackAfterALNS":0,"nInitialNotServicedExpectedRequests":[2,1,2,2,2],"averageObj":[1474.5008759356585,1345.7095070183661,1581.6378170943392,1661.7931918890995,1386.9118680062077],"slackBeforeALNS":0,"nInitialNotServicedFixedRequests":[0,0,0,0,0],"averageNotServicedExpectedRequests":[5.0,3.0,6.0,7.0,4.0],"ALNSIterations":[33985,34029,34257,32663,33873],"runId":["Run 1","Run 2","Run 3","Run 4","Run 5"]}