{"slackAfterALNS":0,"nInitialNotServicedExpectedRequests":[4,6,3,5,3],"averageObj":[3691.3726146923955,3837.0235385958013,3598.7099771733047,3787.6101027601617,3595.3854735642317],"slackBeforeALNS":0,"nInitialNotServicedFixedRequests":[0,0,0,0,0],"averageNotServicedExpectedRequests":[7.0,9.0,6.0,8.0,6.0],"ALNSIterations":[2263,2211,2990,2849,2701],"runId":["Run 1","Run 2","Run 3","Run 4","Run 5"]}