{"slackAfterALNS":0,"nInitialNotServicedExpectedRequests":[0,0,0,0,0],"averageObj":[3171.9016851831434,3131.377599550868,3332.8001730867027,3242.1193706411827,3412.1739191899587],"slackBeforeALNS":0,"nInitialNotServicedFixedRequests":[0,0,0,0,0],"averageNotServicedExpectedRequests":[1.0,1.0,3.0,2.0,4.0],"ALNSIterations":[2308,2611,1842,2579,2270],"runId":["Run 1","Run 2","Run 3","Run 4","Run 5"]}