{"slackAfterALNS":0,"nInitialNotServicedExpectedRequests":[0,0,0,0,1],"averageObj":[3082.125524645386,3242.4651214828205,3464.5862050779615,3436.2730035603536,3312.823987761133],"slackBeforeALNS":0,"nInitialNotServicedFixedRequests":[0,0,0,0,0],"averageNotServicedExpectedRequests":[0.0,2.0,4.0,4.0,3.0],"ALNSIterations":[2870,2508,2172,2790,2425],"runId":["Run 1","Run 2","Run 3","Run 4","Run 5"]}