{"slackAfterALNS":0,"nInitialNotServicedExpectedRequests":[0,0,0,0,0],"averageObj":[3457.595684922141,3660.9902451948683,3587.478608414006,3600.8287664359777,3567.460085586965],"slackBeforeALNS":0,"nInitialNotServicedFixedRequests":[0,0,0,0,0],"averageNotServicedExpectedRequests":[4.0,5.0,5.0,4.0,4.0],"ALNSIterations":[2668,2331,2227,1603,2695],"runId":["Run 1","Run 2","Run 3","Run 4","Run 5"]}