{"slackAfterALNS":0,"nInitialNotServicedExpectedRequests":[4,2,3,2,1],"averageObj":[6455.069398180186,6511.28762122698,6419.593138043214,6491.295557734917,6438.375028227185],"slackBeforeALNS":0,"nInitialNotServicedFixedRequests":[3,3,3,3,3],"averageNotServicedExpectedRequests":[2.8,3.4,2.4,3.2,2.6],"ALNSIterations":[363402,413548,383924,343360,421731],"runId":["Run 1","Run 2","Run 3","Run 4","Run 5"]}