{"slackAfterALNS":0,"nInitialNotServicedExpectedRequests":[5,3,2,1,1],"averageObj":[5946.982189338405,4500.111760195343,4649.457999390929,6668.193026481842,4776.519413064955],"slackBeforeALNS":0,"nInitialNotServicedFixedRequests":[0,0,0,1,0],"averageNotServicedExpectedRequests":[28.0,12.0,14.0,14.0,14.0],"ALNSIterations":[4370,3948,4111,4214,3678],"runId":["Run 1","Run 2","Run 3","Run 4","Run 5"]}