{"slackAfterALNS":0,"nInitialNotServicedExpectedRequests":[3,5,10,3,5],"averageObj":[5075.7212561900005,4488.11828532286,5472.156768408002,5705.413305848422,4580.505899556933],"slackBeforeALNS":0,"nInitialNotServicedFixedRequests":[0,0,0,0,0],"averageNotServicedExpectedRequests":[21.0,14.0,24.0,27.0,15.0],"ALNSIterations":[4507,4764,3946,4335,4319],"runId":["Run 1","Run 2","Run 3","Run 4","Run 5"]}