{"slackAfterALNS":0,"nInitialNotServicedExpectedRequests":[9,10,7,5,8,7,8,4,11,6],"averageObj":[6318.092628001024,6150.923672043107,6587.4709461251205,6497.897204552766,6332.950824330115,6508.018811821681,6343.804554340852,6389.709431355335,6374.985080104521,6589.29680121756],"slackBeforeALNS":0,"nInitialNotServicedFixedRequests":[2,2,2,2,2,2,2,2,2,2],"averageNotServicedExpectedRequests":[14.0,12.4,17.2,16.4,14.3,16.3,14.4,14.9,14.7,17.3],"runId":["Run 1","Run 2","Run 3","Run 4","Run 5","Run 6","Run 7","Run 8","Run 9","Run 10"]}