{"slackAfterALNS":0,"nInitialNotServicedExpectedRequests":[5,3,9,10,11,11,5,3,10,8],"averageObj":[4775.481261607307,4550.895804807861,4616.18233643917,4593.698936200948,4657.791414134726,4615.459713340989,4511.12745665261,4605.519167655001,4532.087644845248,4461.111475527025],"slackBeforeALNS":0,"nInitialNotServicedFixedRequests":[1,1,1,1,1,1,1,1,1,1],"averageNotServicedExpectedRequests":[19.1,16.7,17.4,16.8,17.8,17.0,15.9,17.3,16.3,15.7],"runId":["Run 1","Run 2","Run 3","Run 4","Run 5","Run 6","Run 7","Run 8","Run 9","Run 10"]}