{"slackAfterALNS":0,"nInitialNotServicedExpectedRequests":[13,13,13,8,16,10,9,14,8,13],"averageObj":[3050.7088733910523,3086.078209544632,2928.013022132167,3015.867377368201,3121.1437608987644,2964.269309371165,3109.1717964610125,2954.1660707859114,2835.4566227790738,3251.186233991165],"slackBeforeALNS":0,"nInitialNotServicedFixedRequests":[0,0,0,0,0,0,0,0,0,0],"averageNotServicedExpectedRequests":[21.5,21.8,20.3,21.5,22.4,20.8,22.6,20.7,19.3,23.8],"runId":["Run 1","Run 2","Run 3","Run 4","Run 5","Run 6","Run 7","Run 8","Run 9","Run 10"]}