{"slackAfterALNS":0,"nInitialNotServicedExpectedRequests":[10,7,12,9,8,10,8,12,9,10],"averageObj":[4394.821813830123,4436.865136075386,4618.521897106237,4610.429703657972,4366.473630435659,4470.502765423311,4546.54658236314,4751.2935633708385,4423.115713534767,4707.653613803571],"slackBeforeALNS":0,"nInitialNotServicedFixedRequests":[1,1,1,1,1,1,1,1,1,1],"averageNotServicedExpectedRequests":[14.9,15.5,17.2,17.5,14.5,15.9,16.7,18.7,15.3,18.2],"runId":["Run 1","Run 2","Run 3","Run 4","Run 5","Run 6","Run 7","Run 8","Run 9","Run 10"]}