{"slackAfterALNS":0,"nInitialNotServicedExpectedRequests":[8,4,6,15,10,3,12,8,5,7],"averageObj":[4748.487871092825,4561.71982468634,4544.3975195274015,4687.721946141255,4512.056370029204,4362.007224046334,4443.410556031717,4547.402399096105,4299.320583028175,4315.3316962989],"slackBeforeALNS":0,"nInitialNotServicedFixedRequests":[1,1,1,1,1,1,1,1,1,1],"averageNotServicedExpectedRequests":[18.8,16.7,16.8,18.2,16.3,14.7,15.3,16.7,13.8,14.2],"runId":["Run 1","Run 2","Run 3","Run 4","Run 5","Run 6","Run 7","Run 8","Run 9","Run 10"]}