{"slackAfterALNS":0,"nInitialNotServicedExpectedRequests":[15,13,7,16,14,18,15,17,10,14],"averageObj":[3060.9885056079174,2986.478727592682,3061.2664941358425,3217.75018179671,3207.0272247809016,3342.3990498189464,2956.90081099719,2988.4474863222417,3105.9685032241737,2896.3678844757424],"slackBeforeALNS":0,"nInitialNotServicedFixedRequests":[0,0,0,0,0,0,0,0,0,0],"averageNotServicedExpectedRequests":[21.9,21.0,21.9,23.4,23.3,24.6,21.0,20.8,22.2,19.9],"runId":["Run 1","Run 2","Run 3","Run 4","Run 5","Run 6","Run 7","Run 8","Run 9","Run 10"]}