{"slackAfterALNS":0,"nInitialNotServicedExpectedRequests":[11,9,10,14,6,10,14,8,9,15],"averageObj":[2979.374693693333,2869.59138053114,2858.7699193662947,3132.4829740316154,2999.7649481901126,3124.4180528413726,3064.85827191725,3007.0195997652404,3015.5857538673417,3127.558210287888],"slackBeforeALNS":0,"nInitialNotServicedFixedRequests":[0,0,0,0,0,0,0,0,0,0],"averageNotServicedExpectedRequests":[21.3,19.9,20.0,23.1,21.5,23.1,22.3,21.5,21.8,22.9],"runId":["Run 1","Run 2","Run 3","Run 4","Run 5","Run 6","Run 7","Run 8","Run 9","Run 10"]}