{"slackAfterALNS":0,"nInitialNotServicedExpectedRequests":[12,19,7,12,14,13,14,9,15,15],"averageObj":[3115.492476521775,2907.8911903512508,2716.4984542575066,2970.451258042059,2988.6228830267023,3189.594904839281,3126.1174751611316,2758.614894513198,2828.9472214653315,3085.8150070513084],"slackBeforeALNS":0,"nInitialNotServicedFixedRequests":[0,0,0,0,0,0,0,0,0,0],"averageNotServicedExpectedRequests":[22.4,20.1,17.9,21.0,21.1,23.7,22.8,18.6,19.3,22.5],"runId":["Run 1","Run 2","Run 3","Run 4","Run 5","Run 6","Run 7","Run 8","Run 9","Run 10"]}