{"slackAfterALNS":0,"nInitialNotServicedExpectedRequests":[9,7,6,14,11,11,14,11,9,6],"averageObj":[2806.3528656388676,3049.0203611513143,2821.8994410627565,2917.3503577417373,2808.49252253888,3005.9763708262185,3109.2078000497227,2857.946171733791,2749.2062494386464,3064.91859390999],"slackBeforeALNS":0,"nInitialNotServicedFixedRequests":[0,0,0,0,0,0,0,0,0,0],"averageNotServicedExpectedRequests":[19.1,22.2,19.5,20.5,19.3,21.6,22.5,19.8,18.7,22.4],"runId":["Run 1","Run 2","Run 3","Run 4","Run 5","Run 6","Run 7","Run 8","Run 9","Run 10"]}