{"slackAfterALNS":0,"nInitialNotServicedExpectedRequests":[9,10,6,6,13,6,8,14,6,4],"averageObj":[4438.224375544169,4858.4412556714515,4809.61553339393,4674.356052605264,4621.563913951084,4558.819132283757,4734.037268992625,4987.583411416184,4771.693616082803,4775.427188500492],"slackBeforeALNS":0,"nInitialNotServicedFixedRequests":[1,1,1,1,1,1,1,1,1,1],"averageNotServicedExpectedRequests":[15.1,19.8,19.3,17.9,17.3,16.7,18.3,21.1,18.9,19.0],"runId":["Run 1","Run 2","Run 3","Run 4","Run 5","Run 6","Run 7","Run 8","Run 9","Run 10"]}