{"slackAfterALNS":0,"nInitialNotServicedExpectedRequests":[64,74,64,53,63,69,63,46,52,60],"averageObj":[20056.586237167074,15219.412461483615,21784.404869905407,26939.526093253422,17295.49713572574,13954.98069605511,23289.94629983158,21347.589022135195,21103.36557618078,25394.468530282807],"slackBeforeALNS":0,"nInitialNotServicedFixedRequests":[4,2,5,8,3,1,6,5,5,7],"averageNotServicedExpectedRequests":[73.0,62.4,69.4,60.8,64.1,72.7,64.3,64.8,61.7,65.2],"runId":["Run 1","Run 2","Run 3","Run 4","Run 5","Run 6","Run 7","Run 8","Run 9","Run 10"]}