{"slackAfterALNS":0,"nInitialNotServicedExpectedRequests":[60,64,41,64,56,54,53,42,57,50],"averageObj":[11498.983786810742,10924.300927587574,12984.69654678148,11708.074445751266,11867.80177286754,11182.761388813768,11339.237938725058,10685.674596687462,10912.421901635573,12765.980969486718],"slackBeforeALNS":0,"nInitialNotServicedFixedRequests":[0,0,1,0,0,0,0,0,0,1],"averageNotServicedExpectedRequests":[66.3,60.5,61.7,69.9,71.1,63.6,65.4,58.1,61.0,58.0],"runId":["Run 1","Run 2","Run 3","Run 4","Run 5","Run 6","Run 7","Run 8","Run 9","Run 10"]}