{"slackAfterALNS":0,"nInitialNotServicedExpectedRequests":[66,64,61,46,58,60,57,59,55,76],"averageObj":[14787.947019838824,17451.74956637634,21601.4654317265,20266.450435631552,21476.757994941312,21693.79299043583,19802.14836736952,18664.09684543691,20897.02489156332,21560.379056833543],"slackBeforeALNS":0,"nInitialNotServicedFixedRequests":[2,3,5,5,5,5,4,4,5,5],"averageNotServicedExpectedRequests":[58.4,66.5,67.0,52.7,66.6,68.7,69.4,55.8,59.5,67.0],"runId":["Run 1","Run 2","Run 3","Run 4","Run 5","Run 6","Run 7","Run 8","Run 9","Run 10"]}