{"slackAfterALNS":0,"nInitialNotServicedExpectedRequests":[55,59,63,48,78,55,42,48,48,44],"averageObj":[14905.157194852927,14149.424848497587,14269.493013801326,13004.538597217681,15370.776730338179,17420.723150251935,12901.814418862461,16987.934094332817,15161.882093576805,11615.546780433597],"slackBeforeALNS":0,"nInitialNotServicedFixedRequests":[2,1,1,1,2,3,1,3,2,0],"averageNotServicedExpectedRequests":[59.4,73.4,75.8,60.4,65.4,65.4,60.3,60.7,62.8,67.1],"runId":["Run 1","Run 2","Run 3","Run 4","Run 5","Run 6","Run 7","Run 8","Run 9","Run 10"]}