{"slackAfterALNS":0,"nInitialNotServicedExpectedRequests":[66,51,48,54,51,50,57,54,49,47],"averageObj":[11373.069186244107,14780.658520726322,12931.255654497567,10752.032535696422,13133.66076669594,10736.40052559616,10693.579811349358,10864.21333151248,13278.69612419741,12895.450352967451],"slackBeforeALNS":0,"nInitialNotServicedFixedRequests":[0,2,1,0,1,0,0,0,1,1],"averageNotServicedExpectedRequests":[65.9,58.7,61.0,57.7,63.3,57.3,57.3,59.2,65.1,60.5],"runId":["Run 1","Run 2","Run 3","Run 4","Run 5","Run 6","Run 7","Run 8","Run 9","Run 10"]}