{"slackAfterALNS":0,"nInitialNotServicedExpectedRequests":[57,85,59,54,62,55,64,59,57,53],"averageObj":[17544.004982663,18571.635229400526,21489.37129284042,17342.52932938663,15397.971563746594,10867.405269140576,16019.048223654852,17855.32810496983,15443.464139142845,15491.936682542297],"slackBeforeALNS":0,"nInitialNotServicedFixedRequests":[3,3,5,3,2,0,2,3,2,2],"averageNotServicedExpectedRequests":[67.4,79.5,67.0,65.4,65.1,59.1,72.9,69.9,66.0,67.4],"runId":["Run 1","Run 2","Run 3","Run 4","Run 5","Run 6","Run 7","Run 8","Run 9","Run 10"]}