{"slackAfterALNS":0,"nInitialNotServicedExpectedRequests":[67,52,60,60,67,61,54,63,64,73],"averageObj":[12141.158611555531,16638.401394607834,11629.243385875361,11088.172383152521,13692.617774075614,15886.53185490873,13704.614139044372,15948.889045031852,15494.055046474332,14304.948252882465],"slackBeforeALNS":0,"nInitialNotServicedFixedRequests":[0,3,0,0,1,2,1,2,2,1],"averageNotServicedExpectedRequests":[74.0,58.2,68.2,62.2,69.4,71.1,69.2,72.3,66.0,75.9],"runId":["Run 1","Run 2","Run 3","Run 4","Run 5","Run 6","Run 7","Run 8","Run 9","Run 10"]}