{"slackAfterALNS":0,"nInitialNotServicedExpectedRequests":[59,62,47,52,67,52,58,54,69,74],"averageObj":[19308.80162308875,17709.30940003958,21401.05527135381,17105.106445257632,17630.24617465347,20891.113599497243,13524.327948580652,15399.80512745633,15093.164472232365,17603.546767495816],"slackBeforeALNS":0,"nInitialNotServicedFixedRequests":[4,3,5,3,3,5,1,2,2,3],"averageNotServicedExpectedRequests":[65.1,69.4,66.2,63.5,68.7,60.2,68.2,66.2,62.6,68.3],"runId":["Run 1","Run 2","Run 3","Run 4","Run 5","Run 6","Run 7","Run 8","Run 9","Run 10"]}