{"slackAfterALNS":0,"nInitialNotServicedExpectedRequests":[55,65,62,48,44,46,66,54,53,55],"averageObj":[11882.620794924795,11549.284323954804,13412.129370106402,11020.79229659216,10500.958550084373,11153.801172978716,12074.562420952729,11496.869583109827,12083.138799183553,11699.737492586351],"slackBeforeALNS":0,"nInitialNotServicedFixedRequests":[0,0,1,0,0,0,0,0,0,0],"averageNotServicedExpectedRequests":[70.8,68.4,66.2,61.7,54.3,63.3,73.9,66.8,74.5,69.4],"runId":["Run 1","Run 2","Run 3","Run 4","Run 5","Run 6","Run 7","Run 8","Run 9","Run 10"]}