{"slackAfterALNS":0,"nInitialNotServicedExpectedRequests":[53,46,54,54,52,52,40,51,53,35],"averageObj":[20624.555686031643,24580.63532587722,19331.315669649248,15363.754471718683,18725.442522040103,19025.319948263983,22577.786249588353,21243.396582873276,22571.264491132242,23649.85510998016],"slackBeforeALNS":0,"nInitialNotServicedFixedRequests":[5,7,4,2,4,4,6,5,6,7],"averageNotServicedExpectedRequests":[56.9,57.0,65.5,65.4,57.5,62.2,56.1,64.1,56.5,46.4],"runId":["Run 1","Run 2","Run 3","Run 4","Run 5","Run 6","Run 7","Run 8","Run 9","Run 10"]}