{"slackAfterALNS":0,"nInitialNotServicedExpectedRequests":[19,15,15,19,14],"averageObj":[5555.502513879276,4908.512133202626,5251.491916163939,5747.392986529566,6069.957189923721],"slackBeforeALNS":0,"nInitialNotServicedFixedRequests":[0,0,0,0,0],"averageNotServicedExpectedRequests":[24.0,18.0,21.0,27.0,30.0],"ALNSIterations":[4838,5146,4939,5839,4685],"runId":["Run 1","Run 2","Run 3","Run 4","Run 5"]}