{"slackAfterALNS":0,"nInitialNotServicedExpectedRequests":[17,23,16,22,20],"averageObj":[5257.5815469324525,5678.146231804477,5431.854961022834,6037.915145004982,5671.401388114393],"slackBeforeALNS":0,"nInitialNotServicedFixedRequests":[0,0,0,0,0],"averageNotServicedExpectedRequests":[21.0,26.0,24.0,30.0,26.0],"ALNSIterations":[4903,4540,5217,5443,4824],"runId":["Run 1","Run 2","Run 3","Run 4","Run 5"]}