{"slackAfterALNS":0,"nInitialNotServicedExpectedRequests":[22,21,24,21,21],"averageObj":[5974.906879826142,6765.025589601139,6997.340593183288,6265.570587287882,6119.272187397633],"slackBeforeALNS":0,"nInitialNotServicedFixedRequests":[0,0,0,0,0],"averageNotServicedExpectedRequests":[28.0,38.0,40.0,32.0,30.0],"ALNSIterations":[4757,4275,5038,3843,4379],"runId":["Run 1","Run 2","Run 3","Run 4","Run 5"]}