{"slackAfterALNS":0,"nInitialNotServicedExpectedRequests":[12,18,18,15,17],"averageObj":[5535.084828916593,5190.190548761625,5966.746380755102,5944.057608554432,5435.883521065071],"slackBeforeALNS":0,"nInitialNotServicedFixedRequests":[0,0,0,0,0],"averageNotServicedExpectedRequests":[26.0,23.0,31.0,30.0,25.0],"ALNSIterations":[5203,5228,4247,3998,5216],"runId":["Run 1","Run 2","Run 3","Run 4","Run 5"]}