{"slackAfterALNS":0,"nInitialNotServicedExpectedRequests":[10,10,8,6,8],"averageObj":[7238.11969418331,6772.101559264456,4644.44879182241,5136.581178999156,11095.371162904643],"slackBeforeALNS":0,"nInitialNotServicedFixedRequests":[1,1,0,0,3],"averageNotServicedExpectedRequests":[21.0,16.0,15.0,20.0,21.0],"ALNSIterations":[4081,4868,3923,4523,3723],"runId":["Run 1","Run 2","Run 3","Run 4","Run 5"]}