{"slackAfterALNS":0,"nInitialNotServicedExpectedRequests":[1,1,1,3,1],"averageObj":[422.7035565741447,334.91563461414205,465.59691119691126,532.5739213564214,420.59686411149823],"slackBeforeALNS":0,"nInitialNotServicedFixedRequests":[0,0,0,0,0],"averageNotServicedExpectedRequests":[2.3,1.4,2.9,3.6,2.4],"ALNSIterations":[354195,395968,346646,417177,354741],"runId":["Run 1","Run 2","Run 3","Run 4","Run 5"]}