{"slackAfterALNS":0,"nInitialNotServicedExpectedRequests":[2,2,2,2,2],"averageObj":[480.8823529411766,489.4387755102042,470.0,396.0296846011132,470.0],"slackBeforeALNS":0,"nInitialNotServicedFixedRequests":[0,0,0,0,0],"averageNotServicedExpectedRequests":[3.0,3.0,3.0,2.0,3.0],"ALNSIterations":[34459,36531,34913,33801,36006],"runId":["Run 1","Run 2","Run 3","Run 4","Run 5"]}