{"slackAfterALNS":0,"nInitialNotServicedExpectedRequests":[0,0,0,0,0],"averageObj":[6368.843137254902,6368.843137254902,6368.843137254902,6368.843137254902,6368.843137254902],"slackBeforeALNS":0,"nInitialNotServicedFixedRequests":[3,3,3,3,3],"averageNotServicedExpectedRequests":[2.0,2.0,2.0,2.0,2.0],"ALNSIterations":[37845,41764,38910,38026,32862],"runId":["Run 1","Run 2","Run 3","Run 4","Run 5"]}