{"slackAfterALNS":0,"nInitialNotServicedExpectedRequests":[0,1,1,1,1,0,0,0,2,1],"averageObj":[1462.1643752671357,1422.0025672401055,1504.1582587769196,1449.7118080961613,1431.3284143952872,1529.6553753893784,1465.4861512635027,1368.5151429092016,1514.984945689057,1450.8277896613442],"slackBeforeALNS":0,"nInitialNotServicedFixedRequests":[0,0,0,0,0,0,0,0,0,0],"averageNotServicedExpectedRequests":[4.8,4.1,5.3,4.5,4.6,5.5,4.7,3.9,5.4,4.6],"runId":["Run 1","Run 2","Run 3","Run 4","Run 5","Run 6","Run 7","Run 8","Run 9","Run 10"]}