{"slackAfterALNS":0,"nInitialNotServicedExpectedRequests":[0,1,3,1,2,3,0,2,0,0],"averageObj":[1461.5742274083852,1349.591981170412,1295.2709821529274,1537.0460896144182,1427.8142215134778,1498.8029426698208,1419.0553301965788,1486.096344138395,1621.8593868249943,1613.255009406571],"slackBeforeALNS":0,"nInitialNotServicedFixedRequests":[0,0,0,0,0,0,0,0,0,0],"averageNotServicedExpectedRequests":[4.9,3.7,3.1,5.7,4.4,5.3,4.3,5.2,6.6,6.5],"runId":["Run 1","Run 2","Run 3","Run 4","Run 5","Run 6","Run 7","Run 8","Run 9","Run 10"]}