{"slackAfterALNS":0,"nInitialNotServicedExpectedRequests":[0,0,0,0,0,0,0,0,0,0],"averageObj":[1500.6535565747881,1372.9183265782515,1416.1001860317074,1403.1064206042468,1440.3762419421141,1401.089533160538,1376.7892611799984,1309.1491115243953,1381.8754074871965,1535.522399024047],"slackBeforeALNS":0,"nInitialNotServicedFixedRequests":[0,0,0,0,0,0,0,0,0,0],"averageNotServicedExpectedRequests":[5.3,4.0,4.4,4.2,4.6,4.2,4.0,3.2,3.9,5.6],"runId":["Run 1","Run 2","Run 3","Run 4","Run 5","Run 6","Run 7","Run 8","Run 9","Run 10"]}