{"slackAfterALNS":0,"nInitialNotServicedExpectedRequests":[0,0,1,0,0,0,0,0,0,1],"averageObj":[1318.2620269031695,1472.1694817342384,1506.161570893931,1445.1556706336305,1489.0952490950986,1271.7964666884925,1454.6186483662802,1526.8391205396824,1442.070121808262,1418.7454716126776],"slackBeforeALNS":0,"nInitialNotServicedFixedRequests":[0,0,0,0,0,0,0,0,0,0],"averageNotServicedExpectedRequests":[3.3,5.0,5.3,4.7,5.2,2.8,4.8,5.6,4.6,4.5],"runId":["Run 1","Run 2","Run 3","Run 4","Run 5","Run 6","Run 7","Run 8","Run 9","Run 10"]}