{"slackAfterALNS":0,"nInitialNotServicedExpectedRequests":[0,0,2,1,0,0,0,0,0,0],"averageObj":[1364.1148211408133,1391.0789148680278,1366.159495403514,1329.0167161934864,1511.885845491762,1485.3934170852892,1488.05245955849,1555.866745590995,1352.2506075833458,1601.6786796119964],"slackBeforeALNS":0,"nInitialNotServicedFixedRequests":[0,0,0,0,0,0,0,0,0,0],"averageNotServicedExpectedRequests":[3.8,4.2,3.8,3.3,5.4,5.1,5.2,5.9,3.6,6.4],"runId":["Run 1","Run 2","Run 3","Run 4","Run 5","Run 6","Run 7","Run 8","Run 9","Run 10"]}