{"slackAfterALNS":0,"nInitialNotServicedExpectedRequests":[0,2,0,0,2,0,0,1,0,1],"averageObj":[1273.8147585379158,1345.0439963485455,1360.268626216313,1474.9239864529093,1431.791356811681,1381.054097627179,1438.921026183607,1518.4963760055505,1192.8265075216166,1483.4395201241673],"slackBeforeALNS":0,"nInitialNotServicedFixedRequests":[0,0,0,0,0,0,0,0,0,0],"averageNotServicedExpectedRequests":[2.9,3.6,3.7,4.9,4.6,4.0,4.6,5.7,1.9,5.2],"runId":["Run 1","Run 2","Run 3","Run 4","Run 5","Run 6","Run 7","Run 8","Run 9","Run 10"]}