{"slackAfterALNS":0,"nInitialNotServicedExpectedRequests":[47,41,29,37,37,49,47,34,33,48],"averageObj":[12316.894411359153,12079.691871449137,11999.596814844132,11834.623635135855,12709.958951398368,12509.288833703959,11791.387406007536,12804.580359506395,12482.690579672075,11822.468444249283],"slackBeforeALNS":0,"nInitialNotServicedFixedRequests":[0,0,0,0,0,0,0,0,0,0],"averageNotServicedExpectedRequests":[75.6,73.2,71.8,70.0,79.2,77.7,70.0,81.8,77.5,69.7],"runId":["Run 1","Run 2","Run 3","Run 4","Run 5","Run 6","Run 7","Run 8","Run 9","Run 10"]}