{"slackAfterALNS":0,"nInitialNotServicedExpectedRequests":[46,56,63,39,64,66,46,54,36,50],"averageObj":[12323.117479753515,15229.771185589078,13062.582026847398,14693.192715814632,15091.633110919754,12537.622773281311,12283.252348817781,12502.245612425872,14552.734369231539,13380.233247082977],"slackBeforeALNS":0,"nInitialNotServicedFixedRequests":[0,1,0,1,1,0,0,0,1,0],"averageNotServicedExpectedRequests":[77.0,87.5,85.4,80.9,85.1,79.2,76.7,79.0,79.4,88.6],"runId":["Run 1","Run 2","Run 3","Run 4","Run 5","Run 6","Run 7","Run 8","Run 9","Run 10"]}