{"slackAfterALNS":0,"nInitialNotServicedExpectedRequests":[54,46,43,49,47,52,41,48,47,39],"averageObj":[12302.28355707302,12306.049595924622,12691.581241690856,12651.570739108713,12788.641394638518,12774.35133488581,12901.85725620909,13418.184817777927,12355.742191934802,13420.835372647378],"slackBeforeALNS":0,"nInitialNotServicedFixedRequests":[0,0,0,0,0,0,0,0,0,0],"averageNotServicedExpectedRequests":[75.2,75.0,79.1,78.3,80.6,80.8,82.7,88.2,76.2,88.3],"runId":["Run 1","Run 2","Run 3","Run 4","Run 5","Run 6","Run 7","Run 8","Run 9","Run 10"]}