{"slackAfterALNS":0,"nInitialNotServicedExpectedRequests":[41,34,46,42,45,44,34,36,51,40],"averageObj":[12601.436485189975,12166.520474634768,12082.070388189251,12574.792915362315,11971.60370906325,12473.478684524915,11998.38552803403,11929.695176157113,12716.916631464597,12037.772859951494],"slackBeforeALNS":0,"nInitialNotServicedFixedRequests":[0,0,0,0,0,0,0,0,0,0],"averageNotServicedExpectedRequests":[79.9,74.9,74.3,79.5,73.3,78.7,72.7,72.5,82.3,74.2],"runId":["Run 1","Run 2","Run 3","Run 4","Run 5","Run 6","Run 7","Run 8","Run 9","Run 10"]}