{"slackAfterALNS":0,"nInitialNotServicedExpectedRequests":[42,42,43,49,44,45,49,41,46,38],"averageObj":[12127.765598449409,12125.937454946356,12555.824978843277,12633.095446736388,12114.122133202958,12389.551095346258,11903.775784126308,12645.478195460611,13084.089695648367,12152.271414381647],"slackBeforeALNS":0,"nInitialNotServicedFixedRequests":[0,0,0,0,0,0,0,0,0,0],"averageNotServicedExpectedRequests":[73.1,73.1,78.7,79.6,74.2,77.0,71.6,79.8,85.0,73.8],"runId":["Run 1","Run 2","Run 3","Run 4","Run 5","Run 6","Run 7","Run 8","Run 9","Run 10"]}