{"slackAfterALNS":0,"nInitialNotServicedExpectedRequests":[52,52,45,47,41,44,44,41,40,54],"averageObj":[12294.734296219842,12643.182568699644,13062.190920995392,13286.257188132344,12572.571576640988,12243.518880909553,12987.810609755628,13159.293883755046,12778.289624484141,12297.17073922533],"slackBeforeALNS":0,"nInitialNotServicedFixedRequests":[0,0,0,0,0,0,0,0,0,0],"averageNotServicedExpectedRequests":[75.5,80.3,85.2,87.5,79.7,75.8,84.3,86.3,81.4,77.1],"runId":["Run 1","Run 2","Run 3","Run 4","Run 5","Run 6","Run 7","Run 8","Run 9","Run 10"]}