{"slackAfterALNS":0,"nInitialNotServicedExpectedRequests":[41,59,56,43,38,47,52,49,48,42],"averageObj":[12346.440457605506,12411.744592622326,12686.513306936702,12978.139151642223,12473.09012206231,12309.660360076,12940.813160741594,11972.640886526915,12132.889719426186,12471.766969009424],"slackBeforeALNS":0,"nInitialNotServicedFixedRequests":[0,0,0,0,0,0,0,0,0,0],"averageNotServicedExpectedRequests":[76.1,77.8,80.2,83.6,77.4,75.8,82.9,72.1,74.0,78.1],"runId":["Run 1","Run 2","Run 3","Run 4","Run 5","Run 6","Run 7","Run 8","Run 9","Run 10"]}