{"slackAfterALNS":0,"nInitialNotServicedExpectedRequests":[51,59,38,57,36,35,43,46,46,44],"averageObj":[14371.015665729492,14591.919817399845,14430.350729878945,15479.446246282096,14813.025143358085,13919.196879035653,14909.553943566116,14185.864479533546,15067.474093084174,14456.895952118171],"slackBeforeALNS":0,"nInitialNotServicedFixedRequests":[1,1,1,1,1,1,1,1,1,1],"averageNotServicedExpectedRequests":[76.4,78.6,75.9,88.9,81.2,71.2,81.0,73.4,83.3,76.7],"runId":["Run 1","Run 2","Run 3","Run 4","Run 5","Run 6","Run 7","Run 8","Run 9","Run 10"]}