{"slackAfterALNS":0,"nInitialNotServicedExpectedRequests":[50,50,45,50,48,49,44,41,42,32],"averageObj":[14941.094860170706,14415.276502014365,14043.251053710099,14380.520068424983,14245.838533291226,14227.37753826369,14485.470238814325,14769.657790391448,14759.069926096894,14665.697060906463],"slackBeforeALNS":0,"nInitialNotServicedFixedRequests":[1,1,1,1,1,1,1,1,1,1],"averageNotServicedExpectedRequests":[83.4,77.1,73.3,77.3,76.3,75.8,77.9,81.2,80.8,80.4],"runId":["Run 1","Run 2","Run 3","Run 4","Run 5","Run 6","Run 7","Run 8","Run 9","Run 10"]}