{"slackAfterALNS":0,"nInitialNotServicedExpectedRequests":[53,42,46,42,41,61,43,47,46,43],"averageObj":[14597.539987098779,14870.427386482168,14172.005939775447,14056.635336403338,14273.630433598018,14730.243240055433,14398.63722401184,14910.823503774605,15355.666492016437,14190.2933157394],"slackBeforeALNS":0,"nInitialNotServicedFixedRequests":[1,1,1,1,1,1,1,1,1,1],"averageNotServicedExpectedRequests":[79.4,82.3,74.8,72.2,73.8,79.5,76.4,81.1,88.2,73.5],"runId":["Run 1","Run 2","Run 3","Run 4","Run 5","Run 6","Run 7","Run 8","Run 9","Run 10"]}