{"slackAfterALNS":0,"nInitialNotServicedExpectedRequests":[4,1,5,2,3],"averageObj":[6499.427574769373,6458.558309442069,6502.1247282920285,6489.549525988885,6449.335607736595],"slackBeforeALNS":0,"nInitialNotServicedFixedRequests":[3,3,3,3,3],"averageNotServicedExpectedRequests":[3.3,2.8,3.3,3.2,2.7],"ALNSIterations":[350658,395821,329301,370330,386157],"runId":["Run 1","Run 2","Run 3","Run 4","Run 5"]}