{"slackAfterALNS":0,"nInitialNotServicedExpectedRequests":[1,0,1,1,0],"averageObj":[2463.281226432881,2385.1060059422753,2493.647529195861,2464.0251027306467,2374.900743259509],"slackBeforeALNS":0,"nInitialNotServicedFixedRequests":[1,1,1,1,1],"averageNotServicedExpectedRequests":[3.0,2.1,3.3,2.8,2.0],"ALNSIterations":[279178,332065,396546,347636,337797],"runId":["Run 1","Run 2","Run 3","Run 4","Run 5"]}