{"slackAfterALNS":0,"nInitialNotServicedExpectedRequests":[0,0,2,2,2],"averageObj":[6332.255282411474,6390.175205566098,6465.274509803922,6376.545175403496,6307.561107208441],"slackBeforeALNS":0,"nInitialNotServicedFixedRequests":[3,3,3,3,3],"averageNotServicedExpectedRequests":[1.7,2.4,3.2,2.2,1.4],"ALNSIterations":[337463,376751,378238,429427,343291],"runId":["Run 1","Run 2","Run 3","Run 4","Run 5"]}