{"slackAfterALNS":0,"nInitialNotServicedExpectedRequests":[1,0,0,1,3],"averageObj":[429.8367322599881,429.33481974710793,467.63519417573445,378.7527069259062,437.26070249363227],"slackBeforeALNS":0,"nInitialNotServicedFixedRequests":[0,0,0,0,0],"averageNotServicedExpectedRequests":[2.5,2.4,2.9,1.8,2.6],"ALNSIterations":[265083,250046,293877,291363,345501],"runId":["Run 1","Run 2","Run 3","Run 4","Run 5"]}