{"slackAfterALNS":0,"nInitialNotServicedExpectedRequests":[1,2,0,2,0],"averageObj":[365.89663120567377,455.401031313917,371.8285714285714,445.6976932353056,444.88888888888886],"slackBeforeALNS":0,"nInitialNotServicedFixedRequests":[0,0,0,0,0],"averageNotServicedExpectedRequests":[1.8,2.8,1.9,2.7,2.7],"ALNSIterations":[310267,350126,348610,429178,301594],"runId":["Run 1","Run 2","Run 3","Run 4","Run 5"]}