{"slackAfterALNS":0,"nInitialNotServicedExpectedRequests":[19,16,17,13,18],"averageObj":[5470.040092894868,5722.302019154777,5063.558200347447,5507.084389277989,5391.060526631799],"slackBeforeALNS":0,"nInitialNotServicedFixedRequests":[0,0,0,0,0],"averageNotServicedExpectedRequests":[25.0,26.0,19.0,24.0,23.0],"ALNSIterations":[2063,2106,2073,2116,2067],"runId":["Run 1","Run 2","Run 3","Run 4","Run 5"]}