{"slackAfterALNS":0,"nInitialNotServicedExpectedRequests":[5,10,7,2,15],"averageObj":[5651.405089168994,11298.594702895092,7591.580555873175,5757.891069588617,5603.301630872302],"slackBeforeALNS":0,"nInitialNotServicedFixedRequests":[0,3,1,0,0],"averageNotServicedExpectedRequests":[25.3,21.4,24.7,27.1,24.9],"ALNSIterations":[5220,5130,4854,4487,5303],"runId":["Run 1","Run 2","Run 3","Run 4","Run 5"]}