{"slackAfterALNS":0,"nInitialNotServicedExpectedRequests":[4,6,36,10,7],"averageObj":[11328.803125491457,12692.484861243793,10166.7192273995,10327.526465393685,14883.584209982026],"slackBeforeALNS":0,"nInitialNotServicedFixedRequests":[3,4,2,3,5],"averageNotServicedExpectedRequests":[23.0,16.0,29.0,12.0,19.0],"ALNSIterations":[198,222,219,209,171],"runId":["Run 1","Run 2","Run 3","Run 4","Run 5"]}