{"slackAfterALNS":0,"nInitialNotServicedExpectedRequests":[32,9,8,6,32],"averageObj":[23281.572068561978,26472.87363268715,24342.718538777728,22954.655719632054,23281.572068561978],"slackBeforeALNS":0,"nInitialNotServicedFixedRequests":[9,11,10,9,9],"averageNotServicedExpectedRequests":[18.0,14.0,12.0,18.0,18.0],"ALNSIterations":[139,128,127,179,200],"runId":["Run 1","Run 2","Run 3","Run 4","Run 5"]}