{"slackAfterALNS":0,"nInitialNotServicedExpectedRequests":[16,12,15,6,7],"averageObj":[15218.249652608505,23169.916880506178,21311.631160055113,13274.145146144994,12585.236952239991],"slackBeforeALNS":0,"nInitialNotServicedFixedRequests":[5,9,8,4,4],"averageNotServicedExpectedRequests":[21.0,20.0,22.0,21.0,13.0],"ALNSIterations":[182,206,225,219,194],"runId":["Run 1","Run 2","Run 3","Run 4","Run 5"]}