{"slackAfterALNS":0,"nInitialNotServicedExpectedRequests":[28,8,9,8,7],"averageObj":[14154.271906768732,12558.342035522075,7251.192670858376,6904.490544900213,14286.27340713287],"slackBeforeALNS":0,"nInitialNotServicedFixedRequests":[4,4,1,1,5],"averageNotServicedExpectedRequests":[28.0,14.0,20.0,17.0,11.0],"ALNSIterations":[207,242,218,224,242],"runId":["Run 1","Run 2","Run 3","Run 4","Run 5"]}