{"slackAfterALNS":0,"nInitialNotServicedExpectedRequests":[14,9,14,21,15],"averageObj":[25183.88132561382,22986.235672019768,26897.2503723232,23813.372082845188,29022.228725028508],"slackBeforeALNS":0,"nInitialNotServicedFixedRequests":[10,9,11,9,12],"averageNotServicedExpectedRequests":[21.0,20.0,18.0,29.0,20.0],"ALNSIterations":[201,233,217,218,196],"runId":["Run 1","Run 2","Run 3","Run 4","Run 5"]}