{"slackAfterALNS":0,"nInitialNotServicedExpectedRequests":[6,7,6,6,7],"averageObj":[12476.886668037334,18752.309312408728,24776.41228925015,19168.78420870771,16813.837038689297],"slackBeforeALNS":0,"nInitialNotServicedFixedRequests":[4,7,10,7,6],"averageNotServicedExpectedRequests":[11.0,15.0,16.0,21.0,16.0],"ALNSIterations":[140,131,136,163,143],"runId":["Run 1","Run 2","Run 3","Run 4","Run 5"]}