{"slackAfterALNS":0,"nInitialNotServicedExpectedRequests":[9,39,39,39,39],"averageObj":[17715.015978162297,17515.975499202763,17515.975499202763,17515.975499202763,17515.975499202763],"slackBeforeALNS":0,"nInitialNotServicedFixedRequests":[6,5,5,5,5],"averageNotServicedExpectedRequests":[25.0,41.0,41.0,41.0,41.0],"ALNSIterations":[184,206,201,193,179],"runId":["Run 1","Run 2","Run 3","Run 4","Run 5"]}