{"slackAfterALNS":0,"nInitialNotServicedExpectedRequests":[14,10,12,12,10],"averageObj":[11920.262812816103,16601.25970530231,16892.291203846074,17289.043160585632,14955.689748619621],"slackBeforeALNS":0,"nInitialNotServicedFixedRequests":[3,6,6,6,5],"averageNotServicedExpectedRequests":[30.0,15.0,19.0,22.0,19.0],"ALNSIterations":[138,142,142,161,151],"runId":["Run 1","Run 2","Run 3","Run 4","Run 5"]}