{"slackAfterALNS":0,"nInitialNotServicedExpectedRequests":[33,9,33,3,8],"averageObj":[22269.180033867488,22850.239667220096,22269.180033867488,23575.34873237417,19018.570104271872],"slackBeforeALNS":0,"nInitialNotServicedFixedRequests":[8,9,8,9,7],"averageNotServicedExpectedRequests":[30.0,17.0,30.0,25.0,19.0],"ALNSIterations":[131,142,140,134,159],"runId":["Run 1","Run 2","Run 3","Run 4","Run 5"]}