{"slackAfterALNS":0,"nInitialNotServicedExpectedRequests":[11,17,10,6,42],"averageObj":[23061.252983841117,21329.9984662614,15355.425748111451,16941.81849017785,18175.275492956924],"slackBeforeALNS":0,"nInitialNotServicedFixedRequests":[9,8,5,6,6],"averageNotServicedExpectedRequests":[21.0,23.0,23.0,20.0,29.0],"ALNSIterations":[192,253,237,153,229],"runId":["Run 1","Run 2","Run 3","Run 4","Run 5"]}