{"slackAfterALNS":0,"nInitialNotServicedExpectedRequests":[1,0,1,1,0,2,4,0,0,2],"averageObj":[6385.949213247767,6574.493837839812,6773.047268388567,7135.582777792921,6951.8770992991585,6713.153392024539,6751.479619400047,6912.510621489567,6889.521171537708,7066.976208697577],"slackBeforeALNS":0,"nInitialNotServicedFixedRequests":[0,0,0,0,0,0,0,0,0,0],"averageNotServicedExpectedRequests":[14.0,15.9,18.0,21.6,20.0,17.5,18.4,19.8,19.5,20.9],"runId":["Run 1","Run 2","Run 3","Run 4","Run 5","Run 6","Run 7","Run 8","Run 9","Run 10"]}