{"slackAfterALNS":0,"nInitialNotServicedExpectedRequests":[0,0,1,3,5,1,0,0,0,0],"averageObj":[6458.569433435501,6931.514007722527,6546.4207362444695,6327.838641994213,6438.0947550451,6357.509349001931,6466.216686851044,5980.780552361755,6300.988713342549,6435.496633109849],"slackBeforeALNS":0,"nInitialNotServicedFixedRequests":[0,0,0,0,0,0,0,0,0,0],"averageNotServicedExpectedRequests":[14.9,19.8,15.7,13.6,14.9,13.8,14.9,9.8,13.1,14.5],"runId":["Run 1","Run 2","Run 3","Run 4","Run 5","Run 6","Run 7","Run 8","Run 9","Run 10"]}