{"slackAfterALNS":0,"nInitialNotServicedExpectedRequests":[5,7,5,7,8,2,8,4,2,1],"averageObj":[7198.414147717095,6862.793121743901,7144.3013760409785,7276.490656432319,6877.161164231943,6879.00060684432,7209.744677162693,6796.638380038693,6942.738247716353,6732.39134703617],"slackBeforeALNS":0,"nInitialNotServicedFixedRequests":[0,0,0,0,0,0,0,0,0,0],"averageNotServicedExpectedRequests":[22.5,18.9,22.0,23.5,19.2,19.2,22.6,18.2,20.0,17.7],"runId":["Run 1","Run 2","Run 3","Run 4","Run 5","Run 6","Run 7","Run 8","Run 9","Run 10"]}