{"slackAfterALNS":0,"nInitialNotServicedExpectedRequests":[0,2,4,1,1,2,2,2,2,1],"averageObj":[6483.41198740179,6856.65626584859,6805.538822454053,6653.2761443954105,6552.906708084627,6707.677178175925,6931.322536503854,6473.673041621204,6602.444610205171,6433.879899992688],"slackBeforeALNS":0,"nInitialNotServicedFixedRequests":[0,0,0,0,0,0,0,0,0,0],"averageNotServicedExpectedRequests":[15.3,19.2,18.4,17.1,15.6,17.7,19.9,14.9,16.3,14.9],"runId":["Run 1","Run 2","Run 3","Run 4","Run 5","Run 6","Run 7","Run 8","Run 9","Run 10"]}