{"slackAfterALNS":0,"nInitialNotServicedExpectedRequests":[2,2,4,1,2,3,2,1,2,0],"averageObj":[6148.056256242208,6087.168996497445,6062.740204704469,6042.028140326745,6285.860744578531,6416.738944511334,6520.31638773457,6413.071878169739,6493.54497007476,6348.206449419573],"slackBeforeALNS":0,"nInitialNotServicedFixedRequests":[0,0,0,0,0,0,0,0,0,0],"averageNotServicedExpectedRequests":[11.5,11.0,10.7,10.5,13.1,14.5,15.2,14.6,15.1,13.6],"runId":["Run 1","Run 2","Run 3","Run 4","Run 5","Run 6","Run 7","Run 8","Run 9","Run 10"]}