{"slackAfterALNS":0,"nInitialNotServicedExpectedRequests":[0,1,1,2,0,3,2,4,1,1],"averageObj":[2410.730638728567,2516.43940674068,2409.9501747590443,2473.1783136670865,2403.2205722051176,2492.4448267239227,2419.0165806460095,2399.9522605535335,2482.293700731003,2347.2896009646147],"slackBeforeALNS":0,"nInitialNotServicedFixedRequests":[1,1,1,1,1,1,1,1,1,1],"averageNotServicedExpectedRequests":[2.2,3.4,2.2,2.9,2.1,3.1,2.3,2.1,3.0,1.5],"runId":["Run 1","Run 2","Run 3","Run 4","Run 5","Run 6","Run 7","Run 8","Run 9","Run 10"]}