{"slackAfterALNS":0,"nInitialNotServicedExpectedRequests":[0,0,0,0,1,0,0,0,0,1],"averageObj":[282.80579109795764,332.5567203976828,432.8414938816135,398.7444309936685,342.4688042734364,440.016746121257,331.01686032434867,402.5801792909323,386.66595757232983,401.03141797335365],"slackBeforeALNS":0,"nInitialNotServicedFixedRequests":[0,0,0,0,0,0,0,0,0,0],"averageNotServicedExpectedRequests":[0.8,1.3,2.5,2.1,1.4,2.5,1.4,2.1,2.0,2.1],"runId":["Run 1","Run 2","Run 3","Run 4","Run 5","Run 6","Run 7","Run 8","Run 9","Run 10"]}