{"slackAfterALNS":0,"nInitialNotServicedExpectedRequests":[1,2,1,2,0,1,0,0,1,1],"averageObj":[345.28571428571433,428.40282049047835,359.3561914629413,386.6887991446815,372.9850927311956,403.65117668689095,313.25331716137737,345.8173716993389,309.9915380786461,335.89473684210526],"slackBeforeALNS":0,"nInitialNotServicedFixedRequests":[0,0,0,0,0,0,0,0,0,0],"averageNotServicedExpectedRequests":[1.6,2.5,1.7,2.0,1.9,2.2,1.2,1.6,1.2,1.5],"runId":["Run 1","Run 2","Run 3","Run 4","Run 5","Run 6","Run 7","Run 8","Run 9","Run 10"]}