{"slackAfterALNS":0,"nInitialNotServicedExpectedRequests":[0,0,0,0,0],"averageObj":[6293.0739064856725,6188.843137254902,6188.843137254902,6288.145462836298,6278.843137254902],"slackBeforeALNS":0,"nInitialNotServicedFixedRequests":[3,3,3,3,3],"averageNotServicedExpectedRequests":[1.0,0.0,0.0,1.0,1.0],"ALNSIterations":[15435,19127,22002,21113,31144],"runId":["Run 1","Run 2","Run 3","Run 4","Run 5"]}