{"slackAfterALNS":0,"nInitialNotServicedExpectedRequests":[1,1,1,1,1],"averageObj":[567.0909090909091,470.0,386.9767441860466,380.0,470.0],"slackBeforeALNS":0,"nInitialNotServicedFixedRequests":[0,0,0,0,0],"averageNotServicedExpectedRequests":[4.0,3.0,2.0,2.0,3.0],"ALNSIterations":[39280,40646,39700,33640,33375],"runId":["Run 1","Run 2","Run 3","Run 4","Run 5"]}