{"slackAfterALNS":0,"nInitialNotServicedExpectedRequests":[83,61,54,67,57,75,68,63,71,73],"averageObj":[14193.617199930173,13311.053439357172,13225.024285284857,13423.218335832786,12967.137481782493,13704.22606215089,14212.125343275498,13606.75940492356,13684.81719112646,13511.561222393171],"slackBeforeALNS":0,"nInitialNotServicedFixedRequests":[1,1,1,1,1,1,1,1,1,1],"averageNotServicedExpectedRequests":[92.2,81.8,81.2,82.2,77.6,86.4,91.9,85.3,85.8,84.7],"runId":["Run 1","Run 2","Run 3","Run 4","Run 5","Run 6","Run 7","Run 8","Run 9","Run 10"]}