{"slackAfterALNS":0,"nInitialNotServicedExpectedRequests":[89,61,84,70,79,79,89,74,77,74],"averageObj":[12573.4198260035,13970.895121102716,12466.205320733585,11734.351459309586,12461.8139193093,11983.399814548226,12150.36458562809,12280.932470449137,12407.427548268197,11934.397190199732],"slackBeforeALNS":0,"nInitialNotServicedFixedRequests":[0,1,0,0,0,0,0,0,0,0],"averageNotServicedExpectedRequests":[96.1,88.5,95.4,86.8,94.7,89.1,91.6,92.9,94.6,88.5],"runId":["Run 1","Run 2","Run 3","Run 4","Run 5","Run 6","Run 7","Run 8","Run 9","Run 10"]}