{"slackAfterALNS":0,"nInitialNotServicedExpectedRequests":[67,75,68,77,61,74,70,73,73,68],"averageObj":[13489.128073415666,11869.341100072856,11230.31224754833,11697.704701979375,11747.15004389369,11428.13351085663,12248.4520418145,11545.541595004748,11377.560636286184,11630.162699217593],"slackBeforeALNS":0,"nInitialNotServicedFixedRequests":[1,0,0,0,0,0,0,0,0,0],"averageNotServicedExpectedRequests":[84.1,87.9,80.7,86.3,86.8,84.0,92.5,84.5,82.4,85.3],"runId":["Run 1","Run 2","Run 3","Run 4","Run 5","Run 6","Run 7","Run 8","Run 9","Run 10"]}