{"slackAfterALNS":0,"nInitialNotServicedExpectedRequests":[78,71,77,80,82,70,83,91,79,69],"averageObj":[12072.431333293123,11656.909948689945,12277.059246317405,12100.20808012331,12316.197068895486,11795.823688397897,12395.042680091534,12361.330149656753,12119.433339055493,11448.503286922016],"slackBeforeALNS":0,"nInitialNotServicedFixedRequests":[0,0,0,0,0,0,0,0,0,0],"averageNotServicedExpectedRequests":[90.2,85.4,92.6,91.0,93.4,87.1,93.7,94.3,90.8,82.8],"runId":["Run 1","Run 2","Run 3","Run 4","Run 5","Run 6","Run 7","Run 8","Run 9","Run 10"]}