{"slackAfterALNS":0,"nInitialNotServicedExpectedRequests":[72,69,57,77,74,55,77,79,71,72],"averageObj":[11453.521439203718,12002.265897413903,11233.955966675083,12133.043151199297,11472.084601262603,11413.384267991529,11760.789486511469,11063.972071911592,11457.971720741753,11638.795914026938],"slackBeforeALNS":0,"nInitialNotServicedFixedRequests":[0,0,0,0,0,0,0,0,0,0],"averageNotServicedExpectedRequests":[83.9,90.6,81.4,91.6,84.4,83.4,87.5,79.2,83.8,85.8],"runId":["Run 1","Run 2","Run 3","Run 4","Run 5","Run 6","Run 7","Run 8","Run 9","Run 10"]}