{"slackAfterALNS":0,"nInitialNotServicedExpectedRequests":[82,71,80,75,69,74,76,75,66,72],"averageObj":[11923.58277503841,13326.859364059346,12210.49027820177,12341.762057019925,11870.318127847066,11493.49636822927,13728.685629547812,12020.922850288956,13335.599809558897,15521.756010551388],"slackBeforeALNS":0,"nInitialNotServicedFixedRequests":[0,1,0,0,0,0,1,0,1,2],"averageNotServicedExpectedRequests":[88.4,80.9,90.4,92.7,86.9,83.0,85.2,88.9,80.6,83.0],"runId":["Run 1","Run 2","Run 3","Run 4","Run 5","Run 6","Run 7","Run 8","Run 9","Run 10"]}