{"slackAfterALNS":0,"nInitialNotServicedExpectedRequests":[67,77,86,78,76,73,75,67,76,77],"averageObj":[14152.297412298572,14489.734640281846,14570.949320209726,14581.146745438757,14047.099219447517,14028.304015643022,12656.013719752058,13530.857486407502,14307.679749927236,14341.698190879015],"slackBeforeALNS":0,"nInitialNotServicedFixedRequests":[1,1,1,1,1,1,0,1,1,1],"averageNotServicedExpectedRequests":[90.9,94.6,95.3,95.4,88.8,89.7,96.8,83.7,92.7,93.2],"runId":["Run 1","Run 2","Run 3","Run 4","Run 5","Run 6","Run 7","Run 8","Run 9","Run 10"]}