{"slackAfterALNS":0,"nInitialNotServicedExpectedRequests":[65,62,63,55,58,66,60,62,68,66],"averageObj":[10990.278995769182,11078.415348307552,11439.795592935381,11581.578090306075,11065.059077592185,11271.284939576488,11640.881403028017,11300.820369730498,11345.00497373764,10870.285332164716],"slackBeforeALNS":0,"nInitialNotServicedFixedRequests":[0,0,0,0,0,0,0,0,0,0],"averageNotServicedExpectedRequests":[77.9,78.3,83.3,84.9,79.4,81.2,84.9,81.1,81.4,77.0],"runId":["Run 1","Run 2","Run 3","Run 4","Run 5","Run 6","Run 7","Run 8","Run 9","Run 10"]}