{"slackAfterALNS":0,"nInitialNotServicedExpectedRequests":[83,76,71,81,78,73,87,76,73,73],"averageObj":[12036.543934706187,11732.343284661001,11560.029800070166,12264.863900282613,12043.536077913024,11819.334875237242,12424.238991579112,11878.218675215532,11898.981449945213,12070.674905959628],"slackBeforeALNS":0,"nInitialNotServicedFixedRequests":[0,0,0,0,0,0,0,0,0,0],"averageNotServicedExpectedRequests":[89.7,86.0,84.4,93.4,90.5,87.6,94.5,88.5,88.3,90.4],"runId":["Run 1","Run 2","Run 3","Run 4","Run 5","Run 6","Run 7","Run 8","Run 9","Run 10"]}