{"slackAfterALNS":0,"nInitialNotServicedExpectedRequests":[71,65,57,64,59,75,82,68,74,79],"averageObj":[11309.17060883751,10671.8614134732,11420.460861357187,13088.629516352186,11843.895196628346,11569.42621316114,12066.328757999609,11612.94586816199,13677.195142804421,11797.928298568286],"slackBeforeALNS":0,"nInitialNotServicedFixedRequests":[0,0,0,1,0,0,0,0,1,0],"averageNotServicedExpectedRequests":[82.1,74.5,82.8,79.0,87.0,84.1,89.8,84.7,85.6,87.4],"runId":["Run 1","Run 2","Run 3","Run 4","Run 5","Run 6","Run 7","Run 8","Run 9","Run 10"]}