{"slackAfterALNS":0,"nInitialNotServicedExpectedRequests":[0,1,1,2,0,0,2,0,2,0],"averageObj":[2410.730638728567,2516.43940674068,2409.9501747590443,2473.1783136670865,2386.44366054718,2461.930242618126,2519.9191900220762,2368.0522304076962,2438.841776760303,2390.6578311757744],"slackBeforeALNS":0,"nInitialNotServicedFixedRequests":[1,1,1,1,1,1,1,1,1,1],"averageNotServicedExpectedRequests":[2.2,3.4,2.2,2.9,1.9,2.8,3.4,1.7,2.5,2.0],"runId":["Run 1","Run 2","Run 3","Run 4","Run 5","Run 6","Run 7","Run 8","Run 9","Run 10"]}