{"slackAfterALNS":0,"nInitialNotServicedExpectedRequests":[2,1,0,1,1,1,0,1,2,0],"averageObj":[458.2498980501747,405.1088008057551,424.1280376076819,416.0,479.2421297624743,357.51150169727276,366.941919844861,501.33363679176,466.1838300823955,435.1994744769436],"slackBeforeALNS":0,"nInitialNotServicedFixedRequests":[0,0,0,0,0,0,0,0,0,0],"averageNotServicedExpectedRequests":[2.8,2.2,2.4,2.4,3.0,1.7,1.7,3.3,2.9,2.5],"runId":["Run 1","Run 2","Run 3","Run 4","Run 5","Run 6","Run 7","Run 8","Run 9","Run 10"]}