{"slackAfterALNS":0,"nInitialNotServicedExpectedRequests":[2,2,3,0,1,2,2,2,3,0],"averageObj":[405.2497090869924,448.4491278020588,454.64010025062663,390.3817836613309,375.2199767904509,353.0,419.6524161388694,483.89994252873566,495.3317109970968,381.5121951219512],"slackBeforeALNS":0,"nInitialNotServicedFixedRequests":[0,0,0,0,0,0,0,0,0,0],"averageNotServicedExpectedRequests":[2.2,2.7,2.8,2.1,1.9,1.7,2.4,3.1,3.2,2.0],"runId":["Run 1","Run 2","Run 3","Run 4","Run 5","Run 6","Run 7","Run 8","Run 9","Run 10"]}