{"slackAfterALNS":0,"nInitialNotServicedExpectedRequests":[21,17,15,18,22],"averageObj":[5873.570737178505,6145.6374915380475,6143.29287542559,6334.979342740434,6118.107201981467],"slackBeforeALNS":0,"nInitialNotServicedFixedRequests":[0,0,0,0,0],"averageNotServicedExpectedRequests":[29.8,31.6,32.1,34.3,31.6],"ALNSIterations":[4502,4397,4415,4422,4303],"runId":["Run 1","Run 2","Run 3","Run 4","Run 5"]}