{"slackAfterALNS":0,"nInitialNotServicedExpectedRequests":[20,16,16,15,18],"averageObj":[6182.696052520649,5947.180445064115,6355.479413179856,5876.407960454873,6244.781731571758],"slackBeforeALNS":0,"nInitialNotServicedFixedRequests":[0,0,0,0,0],"averageNotServicedExpectedRequests":[31.4,29.2,33.1,27.9,32.3],"ALNSIterations":[4305,4368,3187,3875,4084],"runId":["Run 1","Run 2","Run 3","Run 4","Run 5"]}