{"slackAfterALNS":0,"nInitialNotServicedExpectedRequests":[20,23,22,18,14],"averageObj":[6435.895008979891,5736.406467935304,5991.960742184297,5950.929803340323,6098.32900227517],"slackBeforeALNS":0,"nInitialNotServicedFixedRequests":[0,0,0,0,0],"averageNotServicedExpectedRequests":[33.3,25.7,29.5,28.6,30.7],"ALNSIterations":[2617,3894,4716,3870,4369],"runId":["Run 1","Run 2","Run 3","Run 4","Run 5"]}