{"slackAfterALNS":0,"nInitialNotServicedExpectedRequests":[2,3,4,7,7],"averageObj":[4934.328307169759,7482.874266249752,5382.427907324426,5197.295898500111,7366.627772762894],"slackBeforeALNS":0,"nInitialNotServicedFixedRequests":[0,1,0,0,1],"averageNotServicedExpectedRequests":[17.2,23.8,22.2,20.3,21.4],"ALNSIterations":[4251,4444,4520,4374,4376],"runId":["Run 1","Run 2","Run 3","Run 4","Run 5"]}