{"slackAfterALNS":0,"nInitialNotServicedExpectedRequests":[6,11,9,11,8],"averageObj":[5541.633127643369,9520.113334048277,7357.83458847093,5733.3378322295885,9545.144958804016],"slackBeforeALNS":0,"nInitialNotServicedFixedRequests":[0,2,1,0,2],"averageNotServicedExpectedRequests":[24.2,24.6,23.0,27.2,24.8],"ALNSIterations":[4840,4899,4794,4609,4651],"runId":["Run 1","Run 2","Run 3","Run 4","Run 5"]}