{"slackAfterALNS":0,"nInitialNotServicedExpectedRequests":[11,6,2,5,4],"averageObj":[7439.337215061071,7328.217252317298,5359.233278928572,5437.7254091118275,5459.248380959294],"slackBeforeALNS":0,"nInitialNotServicedFixedRequests":[1,1,0,0,0],"averageNotServicedExpectedRequests":[21.7,20.6,21.6,21.6,22.9],"ALNSIterations":[4219,4415,4469,4771,4672],"runId":["Run 1","Run 2","Run 3","Run 4","Run 5"]}