{"slackAfterALNS":0,"nInitialNotServicedExpectedRequests":[4,1,3,3,8],"averageObj":[5356.831191182066,4907.361152080995,5193.918785113438,4973.569848668931,7179.207032200631],"slackBeforeALNS":0,"nInitialNotServicedFixedRequests":[0,0,0,0,1],"averageNotServicedExpectedRequests":[22.6,17.5,21.4,19.2,20.9],"ALNSIterations":[4515,4599,4593,4722,4614],"runId":["Run 1","Run 2","Run 3","Run 4","Run 5"]}