{"slackAfterALNS":0,"nInitialNotServicedExpectedRequests":[4,2,1,4,9],"averageObj":[5448.603269327536,5678.937311874526,6144.289939628745,5598.462206060818,5736.925090907896],"slackBeforeALNS":0,"nInitialNotServicedFixedRequests":[0,0,0,0,0],"averageNotServicedExpectedRequests":[23.1,25.4,30.3,23.4,25.7],"ALNSIterations":[4340,4580,4458,4304,4464],"runId":["Run 1","Run 2","Run 3","Run 4","Run 5"]}