id,start_of_availability,end_of_availability,maximum_ride_time,capacity_walking,depot_latitude,depot_longitude
1,600,960,950,4,60.64319999999999,10.826500000000001
2,600,960,950,4,60.020799999999994,12.0815
3,1080,1440,1422,4,60.4876,11.0775
4,840,1200,1186,4,60.1764,11.8305
5,840,1200,1186,4,59.8652,11.3285
6,840,1200,1186,4,59.554,10.826500000000001
7,360,720,714,4,60.331999999999994,11.0775
8,360,720,714,4,59.709599999999995,10.5755
9,360,720,714,4,60.331999999999994,11.0775
