{"slackAfterALNS":0,"nInitialNotServicedExpectedRequests":[10,5,5,9,7],"averageObj":[10040.493532647934,11965.488317500054,10970.090165066807,10424.696076765673,12379.374801201324],"slackBeforeALNS":0,"nInitialNotServicedFixedRequests":[1,2,2,1,2],"averageNotServicedExpectedRequests":[28.0,29.0,17.0,31.0,33.0],"ALNSIterations":[684,661,677,709,704],"runId":["Run 1","Run 2","Run 3","Run 4","Run 5"]}