{"slackAfterALNS":0,"nInitialNotServicedExpectedRequests":[10,2,5,11,12],"averageObj":[14417.819662672173,14209.271684289186,9753.30756118963,11408.289338484568,11838.199210823454],"slackBeforeALNS":0,"nInitialNotServicedFixedRequests":[3,3,1,2,2],"averageNotServicedExpectedRequests":[32.0,30.0,24.0,20.0,24.0],"ALNSIterations":[663,668,661,657,686],"runId":["Run 1","Run 2","Run 3","Run 4","Run 5"]}