{"slackAfterALNS":0,"nInitialNotServicedExpectedRequests":[12,5,5,8,3],"averageObj":[10207.122981238876,9131.468811075478,9768.474245997666,10495.089705130318,9937.893808380464],"slackBeforeALNS":0,"nInitialNotServicedFixedRequests":[1,1,1,1,1],"averageNotServicedExpectedRequests":[30.0,18.0,26.0,34.0,27.0],"ALNSIterations":[683,673,689,659,649],"runId":["Run 1","Run 2","Run 3","Run 4","Run 5"]}