{"slackAfterALNS":0,"nInitialNotServicedExpectedRequests":[24,18,22,17,15],"averageObj":[6136.260081231562,5789.201812101788,5788.953813657136,5698.08061834421,5991.3444727287815],"slackBeforeALNS":0,"nInitialNotServicedFixedRequests":[0,0,0,0,0],"averageNotServicedExpectedRequests":[31.4,27.6,28.2,27.2,30.0],"ALNSIterations":[3113,4083,4965,4713,4323],"runId":["Run 1","Run 2","Run 3","Run 4","Run 5"]}