{"slackAfterALNS":0,"nInitialNotServicedExpectedRequests":[15,10,21,13,14],"averageObj":[5514.822160870128,5399.137321114917,6173.516427796745,5657.261149417647,5988.321806123913],"slackBeforeALNS":0,"nInitialNotServicedFixedRequests":[0,0,0,0,0],"averageNotServicedExpectedRequests":[25.1,24.1,31.7,26.6,30.5],"ALNSIterations":[4097,4538,4449,3412,4408],"runId":["Run 1","Run 2","Run 3","Run 4","Run 5"]}