{"slackAfterALNS":0,"nInitialNotServicedExpectedRequests":[21,21,23,19,25],"averageObj":[6600.149274116071,6455.150860612061,6244.096099397813,6434.125162221171,6610.271658360306],"slackBeforeALNS":0,"nInitialNotServicedFixedRequests":[0,0,0,0,0],"averageNotServicedExpectedRequests":[36.0,34.7,32.9,34.7,36.7],"ALNSIterations":[4238,3566,4262,4132,3515],"runId":["Run 1","Run 2","Run 3","Run 4","Run 5"]}