{"slackAfterALNS":0,"nInitialNotServicedExpectedRequests":[16,13,13,13,15],"averageObj":[5859.901614694546,5344.229815871248,5167.932720390664,5201.444628001553,5767.853726915065],"slackBeforeALNS":0,"nInitialNotServicedFixedRequests":[0,0,0,0,0],"averageNotServicedExpectedRequests":[27.6,22.6,20.5,19.7,26.8],"ALNSIterations":[4118,3375,2805,2993,3517],"runId":["Run 1","Run 2","Run 3","Run 4","Run 5"]}