{"slackAfterALNS":0,"nInitialNotServicedExpectedRequests":[11,16,15,24,23],"averageObj":[5703.207863793186,5931.00723883719,5875.914759757886,6060.357472041962,6415.083171784105],"slackBeforeALNS":0,"nInitialNotServicedFixedRequests":[0,0,0,0,0],"averageNotServicedExpectedRequests":[26.8,29.1,27.9,30.1,34.2],"ALNSIterations":[4596,4633,4418,4702,4436],"runId":["Run 1","Run 2","Run 3","Run 4","Run 5"]}