{"slackAfterALNS":0,"nInitialNotServicedExpectedRequests":[4,4,5,13,6,11,10,7,7,9],"averageObj":[2765.4956324619943,2653.763751785359,2672.6118376232957,2872.613489962355,2617.9203048162153,2620.821530236273,2772.2829150598886,2503.026891138867,2524.9412947428455,2713.867044369956],"slackBeforeALNS":0,"nInitialNotServicedFixedRequests":[0,0,0,0,0,0,0,0,0,0],"averageNotServicedExpectedRequests":[19.1,17.9,17.9,20.4,17.5,17.5,19.2,16.0,16.3,18.3],"runId":["Run 1","Run 2","Run 3","Run 4","Run 5","Run 6","Run 7","Run 8","Run 9","Run 10"]}