{"slackAfterALNS":0,"nInitialNotServicedExpectedRequests":[8,2,12,8,5,8,7,11,4,5],"averageObj":[2661.133460461959,2391.1864142655686,2568.344001120598,2633.752448145351,2654.6755997560754,2624.2019750373606,2673.2089703290612,2612.5050458840024,2529.9203689874003,2598.7867840415056],"slackBeforeALNS":0,"nInitialNotServicedFixedRequests":[0,0,0,0,0,0,0,0,0,0],"averageNotServicedExpectedRequests":[17.9,14.8,16.7,17.6,17.7,17.4,17.9,17.2,16.1,16.7],"runId":["Run 1","Run 2","Run 3","Run 4","Run 5","Run 6","Run 7","Run 8","Run 9","Run 10"]}