{"slackAfterALNS":0,"nInitialNotServicedExpectedRequests":[8,7,7,6,8,11,6,12,7,8],"averageObj":[2537.475809128251,2574.892050292845,2799.367290385318,2853.532176780047,2759.331427627071,2777.4955716188297,2686.5174829420844,2511.0547348959567,2596.150698026535,2534.853513540077],"slackBeforeALNS":0,"nInitialNotServicedFixedRequests":[0,0,0,0,0,0,0,0,0,0],"averageNotServicedExpectedRequests":[16.4,16.8,19.4,20.1,19.0,19.2,18.1,16.2,17.1,16.6],"runId":["Run 1","Run 2","Run 3","Run 4","Run 5","Run 6","Run 7","Run 8","Run 9","Run 10"]}