{"slackAfterALNS":0,"nInitialNotServicedExpectedRequests":[10,8,7,11,9,8,11,9,7,6],"averageObj":[2639.8761544210756,2623.0459646282293,2944.079310029724,2665.446139441588,2811.4960689350123,2621.519589873498,2578.340306046688,2679.1828993973572,2782.088983112967,2744.6828451211495],"slackBeforeALNS":0,"nInitialNotServicedFixedRequests":[0,0,0,0,0,0,0,0,0,0],"averageNotServicedExpectedRequests":[17.5,17.3,21.0,18.0,19.4,17.3,16.9,17.9,19.3,18.8],"runId":["Run 1","Run 2","Run 3","Run 4","Run 5","Run 6","Run 7","Run 8","Run 9","Run 10"]}