{"slackAfterALNS":0,"nInitialNotServicedExpectedRequests":[9,9,6,11,5,5,7,6,9,6],"averageObj":[2591.097146498559,2590.7126109065093,2589.78543321065,2396.406998418306,2424.9000726512936,2523.4105491689647,2500.802052563512,2546.795297387574,2492.8996141578764,2563.2033487472568],"slackBeforeALNS":0,"nInitialNotServicedFixedRequests":[0,0,0,0,0,0,0,0,0,0],"averageNotServicedExpectedRequests":[16.9,16.9,17.0,14.8,15.2,16.2,15.8,16.2,15.6,16.5],"runId":["Run 1","Run 2","Run 3","Run 4","Run 5","Run 6","Run 7","Run 8","Run 9","Run 10"]}