{"slackAfterALNS":0,"nInitialNotServicedExpectedRequests":[11,10,7,10,10,7,11,13,11,13],"averageObj":[4929.478476832222,4831.212648098854,4787.130075185724,4904.054057769603,4610.078726286764,4630.959440553922,4690.54909239185,4827.753078175913,4954.689825972577,4768.266865156913],"slackBeforeALNS":0,"nInitialNotServicedFixedRequests":[1,1,1,1,1,1,1,1,1,1],"averageNotServicedExpectedRequests":[20.8,19.7,19.4,20.7,17.2,17.4,17.7,19.6,20.9,19.2],"runId":["Run 1","Run 2","Run 3","Run 4","Run 5","Run 6","Run 7","Run 8","Run 9","Run 10"]}