{"slackAfterALNS":0,"nInitialNotServicedExpectedRequests":[16,18,18,23,20,15,17,17,15,20],"averageObj":[30856.434964803782,30646.303158873983,30526.422952457004,28820.17102103203,30598.413728748717,30602.52052808074,30214.007767196723,30495.570158282197,30629.72943034642,30762.548298129685],"slackBeforeALNS":0,"nInitialNotServicedFixedRequests":[14,14,14,13,14,14,14,14,14,14],"averageNotServicedExpectedRequests":[21.9,19.0,18.1,21.0,19.1,18.7,14.7,17.6,19.3,20.8],"runId":["Run 1","Run 2","Run 3","Run 4","Run 5","Run 6","Run 7","Run 8","Run 9","Run 10"]}