{"slackAfterALNS":0,"nInitialNotServicedExpectedRequests":[15,13,15,21,15,22,20,16,19,14],"averageObj":[24621.412125849693,22709.991637944222,24523.90772938405,22717.58962354513,24548.146194870933,22641.78260427035,22902.735502019797,24599.900934687645,22861.717285363186,24465.612714024966],"slackBeforeALNS":0,"nInitialNotServicedFixedRequests":[11,10,11,10,11,10,10,11,10,11],"averageNotServicedExpectedRequests":[18.7,19.5,17.5,19.2,17.8,18.6,21.5,18.4,21.3,16.6],"runId":["Run 1","Run 2","Run 3","Run 4","Run 5","Run 6","Run 7","Run 8","Run 9","Run 10"]}