{"slackAfterALNS":0,"nInitialNotServicedExpectedRequests":[19,17,21,16,15,13,11,11,16,17],"averageObj":[40522.793563120606,42349.34500043758,40560.59757386351,42449.50616567468,42508.327683823954,42399.4317212373,40381.874579444644,42377.42376478642,42564.436466160136,42716.37619841851],"slackBeforeALNS":0,"nInitialNotServicedFixedRequests":[19,20,19,20,20,20,19,20,20,20],"averageNotServicedExpectedRequests":[18.8,16.9,19.3,18.0,18.6,17.6,16.9,17.2,19.0,21.1],"runId":["Run 1","Run 2","Run 3","Run 4","Run 5","Run 6","Run 7","Run 8","Run 9","Run 10"]}