{"slackAfterALNS":0,"nInitialNotServicedExpectedRequests":[1,1,1,1,1],"averageObj":[567.0909090909091,296.9767441860466,386.9767441860466,380.0,477.0909090909091],"slackBeforeALNS":0,"nInitialNotServicedFixedRequests":[0,0,0,0,0],"averageNotServicedExpectedRequests":[4.0,1.0,2.0,2.0,3.0],"ALNSIterations":[284021,287742,345514,297582,296425],"runId":["Run 1","Run 2","Run 3","Run 4","Run 5"]}