{"slackAfterALNS":0,"nInitialNotServicedExpectedRequests":[57,39,51,34,52,52,50,40,56,54],"averageObj":[12841.90450439321,15019.200944697915,14932.868517538649,14134.496383470925,12331.138584153481,12759.883571466715,14772.816440738181,11945.246268103674,12869.397846007898,13241.292391274485],"slackBeforeALNS":0,"nInitialNotServicedFixedRequests":[0,1,1,1,0,0,1,0,0,0],"averageNotServicedExpectedRequests":[82.7,85.3,83.4,73.8,77.4,81.8,82.2,72.1,82.4,86.3],"runId":["Run 1","Run 2","Run 3","Run 4","Run 5","Run 6","Run 7","Run 8","Run 9","Run 10"]}