{"slackAfterALNS":0,"nInitialNotServicedExpectedRequests":[49,34,30,34,23,36,37,47,41,39],"averageObj":[11448.29975295941,11808.507066780325,12733.020737169589,11630.426634824104,11672.504095312057,12069.692567844839,12204.07380513277,12377.663304246122,12458.457398836548,11755.946941588038],"slackBeforeALNS":0,"nInitialNotServicedFixedRequests":[0,0,0,0,0,0,0,0,0,0],"averageNotServicedExpectedRequests":[64.8,70.4,80.6,68.2,68.0,73.1,74.0,76.9,77.4,68.6],"runId":["Run 1","Run 2","Run 3","Run 4","Run 5","Run 6","Run 7","Run 8","Run 9","Run 10"]}