{"slackAfterALNS":0,"nInitialNotServicedExpectedRequests":[46,47,40,41,49,56,42,55,42,50],"averageObj":[12544.905618025132,12814.315998796246,13113.476889732741,13161.051238735756,13320.84792105907,13701.894772974792,12743.425006474605,12746.013993505698,13068.113134560008,12842.990092214923],"slackBeforeALNS":0,"nInitialNotServicedFixedRequests":[0,0,0,0,0,0,0,0,0,0],"averageNotServicedExpectedRequests":[78.5,82.3,83.9,85.3,86.6,92.2,81.3,81.3,84.1,82.4],"runId":["Run 1","Run 2","Run 3","Run 4","Run 5","Run 6","Run 7","Run 8","Run 9","Run 10"]}