{"slackAfterALNS":0,"nInitialNotServicedExpectedRequests":[45,31,41,41,48,35,40,48,33,35],"averageObj":[12495.478560699648,12523.486811487255,12706.799357980712,12554.807454200312,12375.925224253504,12301.458670881439,12334.077677519574,12216.583434867389,11955.613397029952,12757.616514426281],"slackBeforeALNS":0,"nInitialNotServicedFixedRequests":[0,0,0,0,0,0,0,0,0,0],"averageNotServicedExpectedRequests":[79.0,79.0,82.0,79.1,77.6,76.7,77.8,75.8,72.9,81.9],"runId":["Run 1","Run 2","Run 3","Run 4","Run 5","Run 6","Run 7","Run 8","Run 9","Run 10"]}