{"slackAfterALNS":0,"nInitialNotServicedExpectedRequests":[57,53,43,47,44,48,49,52,52,53],"averageObj":[14430.814575285558,14057.712542358891,14632.166349496367,13755.224733792867,14722.207061427325,14027.729687831967,14928.872743462973,14729.491051494377,14674.257663649489,14940.16750558964],"slackBeforeALNS":0,"nInitialNotServicedFixedRequests":[1,1,1,1,1,1,1,1,1,1],"averageNotServicedExpectedRequests":[76.4,72.2,80.0,69.4,80.7,72.0,83.1,78.7,79.7,82.2],"runId":["Run 1","Run 2","Run 3","Run 4","Run 5","Run 6","Run 7","Run 8","Run 9","Run 10"]}