{"slackAfterALNS":0,"nInitialNotServicedExpectedRequests":[50,55,51,42,45,47,45,49,47,56],"averageObj":[12644.71982914537,12751.06048625716,12706.295982792439,12606.539598128555,13072.944071233384,12502.152830019208,12550.339011424081,13373.909059645874,13093.508284158574,12894.415562769673],"slackBeforeALNS":0,"nInitialNotServicedFixedRequests":[0,0,0,0,0,0,0,0,0,0],"averageNotServicedExpectedRequests":[79.0,81.2,81.0,78.8,85.0,78.4,78.4,88.2,84.2,82.2],"runId":["Run 1","Run 2","Run 3","Run 4","Run 5","Run 6","Run 7","Run 8","Run 9","Run 10"]}