{"slackAfterALNS":0,"nInitialNotServicedExpectedRequests":[41,38,47,34,39,40,50,56,57,36],"averageObj":[12139.447263712378,12776.210583649363,13347.732949672756,11924.74127524899,12815.023172159814,13036.991282602181,12798.599468326089,12706.607725430784,12416.973091238458,11808.87813720693],"slackBeforeALNS":0,"nInitialNotServicedFixedRequests":[0,0,0,0,0,0,0,0,0,0],"averageNotServicedExpectedRequests":[74.0,81.8,87.8,70.9,82.1,84.1,80.8,80.2,77.4,70.4],"runId":["Run 1","Run 2","Run 3","Run 4","Run 5","Run 6","Run 7","Run 8","Run 9","Run 10"]}