{"slackAfterALNS":0,"nInitialNotServicedExpectedRequests":[44,33,44,46,44,38,40,40,40,49],"averageObj":[15041.1834220827,14206.421087703371,14251.137208941695,14426.301261659339,13872.0059027176,14669.886821261121,14486.289223082562,14436.373500764097,14674.050959745064,15717.531454887716],"slackBeforeALNS":0,"nInitialNotServicedFixedRequests":[1,1,1,1,1,1,1,1,1,1],"averageNotServicedExpectedRequests":[82.6,73.9,73.7,76.4,69.5,79.4,76.4,76.3,78.5,91.2],"runId":["Run 1","Run 2","Run 3","Run 4","Run 5","Run 6","Run 7","Run 8","Run 9","Run 10"]}