{"slackAfterALNS":0,"nInitialNotServicedExpectedRequests":[56,54,37,53,53,46,48,46,44,56],"averageObj":[12735.519161193826,12593.723873336086,12017.58385635369,12326.709295952784,12562.256903468387,12469.73636725076,12683.090641272245,12343.002957596165,12401.002982282862,12933.707317224846],"slackBeforeALNS":0,"nInitialNotServicedFixedRequests":[0,0,0,0,0,0,0,0,0,0],"averageNotServicedExpectedRequests":[81.8,80.3,74.0,76.6,79.6,78.9,80.9,76.4,76.7,82.8],"runId":["Run 1","Run 2","Run 3","Run 4","Run 5","Run 6","Run 7","Run 8","Run 9","Run 10"]}