{"slackAfterALNS":0,"nInitialNotServicedExpectedRequests":[46,57,48,43,53,48,46,36,36,47],"averageObj":[14030.561378204506,14708.573817527282,14607.687463629238,13970.753035485972,14378.162002429028,14527.974052071042,14369.738281069996,14157.281035293121,13889.838485582713,13923.274210463545],"slackBeforeALNS":0,"nInitialNotServicedFixedRequests":[1,1,1,1,1,1,1,1,1,1],"averageNotServicedExpectedRequests":[72.2,80.6,79.5,72.2,77.2,79.1,75.9,75.0,71.0,72.3],"runId":["Run 1","Run 2","Run 3","Run 4","Run 5","Run 6","Run 7","Run 8","Run 9","Run 10"]}