{"slackAfterALNS":0,"nInitialNotServicedExpectedRequests":[3,3,4,3,3,3,6,4,5,2],"averageObj":[2625.172425906976,2679.5068061322695,2716.7509397968374,2683.230043050601,2625.885769577686,2792.8638539898134,2767.552250038262,2681.594974820544,2595.595833192696,2754.016663708962],"slackBeforeALNS":0,"nInitialNotServicedFixedRequests":[1,1,1,1,1,1,1,1,1,1],"averageNotServicedExpectedRequests":[4.3,4.9,5.2,5.0,4.3,6.2,5.9,4.8,4.0,5.8],"runId":["Run 1","Run 2","Run 3","Run 4","Run 5","Run 6","Run 7","Run 8","Run 9","Run 10"]}