{"slackAfterALNS":0,"nInitialNotServicedExpectedRequests":[7,3,5,1,4,7,8,7,5,4],"averageObj":[827.6478835978836,837.3009096358852,760.1595287077872,858.5941759310426,837.6616234076779,866.6839043367081,912.8291293205481,801.4710830233219,748.4059161214656,828.9985754985755],"slackBeforeALNS":0,"nInitialNotServicedFixedRequests":[0,0,0,0,0,0,0,0,0,0],"averageNotServicedExpectedRequests":[6.4,6.5,5.5,6.6,6.3,6.7,7.2,6.1,5.5,6.4],"runId":["Run 1","Run 2","Run 3","Run 4","Run 5","Run 6","Run 7","Run 8","Run 9","Run 10"]}