{"slackAfterALNS":0,"nInitialNotServicedExpectedRequests":[3,5,2,3,5,4,5,3,5,3],"averageObj":[2679.167241554742,2709.077227838741,2809.1012700534757,2769.8912130052104,2786.082239365157,2821.842837577116,2717.075171968554,2750.668354010012,2722.3055116311757,2773.0583964646466],"slackBeforeALNS":0,"nInitialNotServicedFixedRequests":[1,1,1,1,1,1,1,1,1,1],"averageNotServicedExpectedRequests":[4.7,5.2,6.1,5.7,6.1,6.4,5.3,5.7,5.2,5.9],"runId":["Run 1","Run 2","Run 3","Run 4","Run 5","Run 6","Run 7","Run 8","Run 9","Run 10"]}