{"slackAfterALNS":0,"nInitialNotServicedExpectedRequests":[3,4,4,2,4,5,3,1,4,4],"averageObj":[2697.2997529223535,2677.81410685617,2679.8048007642474,2647.224556827941,2650.9546855327494,2640.4670349829125,2740.6975810368494,2764.462980090736,2701.0688482706496,2638.7257670679587],"slackBeforeALNS":0,"nInitialNotServicedFixedRequests":[1,1,1,1,1,1,1,1,1,1],"averageNotServicedExpectedRequests":[5.1,4.8,4.9,4.5,4.6,4.4,5.5,5.8,5.1,4.4],"runId":["Run 1","Run 2","Run 3","Run 4","Run 5","Run 6","Run 7","Run 8","Run 9","Run 10"]}