{"slackAfterALNS":0,"nInitialNotServicedExpectedRequests":[3,1,3,4,3,3,3,5,2,7],"averageObj":[2743.7337240159222,2754.0299273311016,2781.4827731092437,2796.4706277393097,2685.9939937187,2771.3248076631944,2639.2473227752635,2691.3173967182524,2757.3139206680457,2778.29034423929],"slackBeforeALNS":0,"nInitialNotServicedFixedRequests":[1,1,1,1,1,1,1,1,1,1],"averageNotServicedExpectedRequests":[5.5,5.6,6.0,6.1,5.0,5.8,4.3,5.0,5.7,6.0],"runId":["Run 1","Run 2","Run 3","Run 4","Run 5","Run 6","Run 7","Run 8","Run 9","Run 10"]}