{"slackAfterALNS":0,"nInitialNotServicedExpectedRequests":[4,4,3,3,4,1,4,2,5,4],"averageObj":[756.373561492935,609.952053518725,802.9908562899298,704.5712142079502,759.256166449646,749.7728419379363,737.8844101391271,700.3192110861731,764.2438761999338,766.1824033011159],"slackBeforeALNS":0,"nInitialNotServicedFixedRequests":[0,0,0,0,0,0,0,0,0,0],"averageNotServicedExpectedRequests":[5.4,4.0,6.2,5.0,5.5,5.6,5.5,4.9,5.8,5.8],"runId":["Run 1","Run 2","Run 3","Run 4","Run 5","Run 6","Run 7","Run 8","Run 9","Run 10"]}