{"slackAfterALNS":0,"nInitialNotServicedExpectedRequests":[21,16,20,21,21],"averageObj":[6105.186280697633,5669.946544605603,6485.663859742945,6030.785320787949,6177.259776148528],"slackBeforeALNS":0,"nInitialNotServicedFixedRequests":[0,0,0,0,0],"averageNotServicedExpectedRequests":[30.2,25.9,34.9,29.2,32.0],"ALNSIterations":[4298,4178,3946,4305,3916],"runId":["Run 1","Run 2","Run 3","Run 4","Run 5"]}