{"slackAfterALNS":0,"nInitialNotServicedExpectedRequests":[24,21,23,24,21],"averageObj":[6758.245852109903,6285.620514198012,6067.76257824242,6314.789637086883,6590.397580721348],"slackBeforeALNS":0,"nInitialNotServicedFixedRequests":[0,0,0,0,0],"averageNotServicedExpectedRequests":[38.9,33.5,31.4,33.3,37.0],"ALNSIterations":[3619,3350,4319,4033,3973],"runId":["Run 1","Run 2","Run 3","Run 4","Run 5"]}