{"slackAfterALNS":0,"nInitialNotServicedExpectedRequests":[7,2,4,7,4],"averageObj":[5253.5880842186925,5268.460158016747,5217.576851407592,5312.661212350982,5283.702531793305],"slackBeforeALNS":0,"nInitialNotServicedFixedRequests":[0,0,0,0,0],"averageNotServicedExpectedRequests":[21.5,22.0,21.9,22.6,22.1],"ALNSIterations":[2249,2107,2107,2425,2187],"runId":["Run 1","Run 2","Run 3","Run 4","Run 5"]}