{"slackAfterALNS":0,"nInitialNotServicedExpectedRequests":[6,9,11,12,13],"averageObj":[12957.740252761489,11142.497515206702,12295.2636161796,9688.128227523559,7250.472945687305],"slackBeforeALNS":0,"nInitialNotServicedFixedRequests":[4,3,4,2,1],"averageNotServicedExpectedRequests":[18.0,20.0,11.0,26.0,20.0],"ALNSIterations":[2273,2212,2190,2231,2191],"runId":["Run 1","Run 2","Run 3","Run 4","Run 5"]}