{"slackAfterALNS":0,"nInitialNotServicedExpectedRequests":[9,8,10,14,7],"averageObj":[7717.983554196364,7516.819297889058,9747.411287664361,11302.819450917294,7428.451393260225],"slackBeforeALNS":0,"nInitialNotServicedFixedRequests":[1,1,2,3,1],"averageNotServicedExpectedRequests":[24.9,22.6,26.5,21.7,22.1],"ALNSIterations":[1834,2396,2134,1921,2394],"runId":["Run 1","Run 2","Run 3","Run 4","Run 5"]}