{"slackAfterALNS":0,"nInitialNotServicedExpectedRequests":[7,8,3,16,5],"averageObj":[9159.311933981948,15344.367014116704,9224.668558308582,15520.471544432065,7474.877427882666],"slackBeforeALNS":0,"nInitialNotServicedFixedRequests":[2,5,2,5,1],"averageNotServicedExpectedRequests":[19.5,21.1,19.8,22.6,23.3],"ALNSIterations":[1704,1847,2204,1931,1606],"runId":["Run 1","Run 2","Run 3","Run 4","Run 5"]}