{"slackAfterALNS":0,"nInitialNotServicedExpectedRequests":[1,1,1,1,1],"averageObj":[380.0,386.9767441860466,476.97674418604663,484.06765327695564,470.0],"slackBeforeALNS":0,"nInitialNotServicedFixedRequests":[0,0,0,0,0],"averageNotServicedExpectedRequests":[2.0,2.0,3.0,3.0,3.0],"ALNSIterations":[316909,325545,325475,326752,320285],"runId":["Run 1","Run 2","Run 3","Run 4","Run 5"]}