{"slackAfterALNS":0,"nInitialNotServicedExpectedRequests":[1,1,1,1,1],"averageObj":[6373.682170542635,6373.682170542635,6373.682170542635,6273.488372093023,6373.682170542635],"slackBeforeALNS":0,"nInitialNotServicedFixedRequests":[3,3,3,3,3],"averageNotServicedExpectedRequests":[2.0,2.0,2.0,1.0,2.0],"ALNSIterations":[381973,386966,386202,374784,363097],"runId":["Run 1","Run 2","Run 3","Run 4","Run 5"]}