{"slackAfterALNS":0,"nInitialNotServicedExpectedRequests":[3,7,4,10,3],"averageObj":[7403.748168858598,9456.381917574927,9666.861356246915,7072.614554160062,5347.373020248289],"slackBeforeALNS":0,"nInitialNotServicedFixedRequests":[1,2,2,1,0],"averageNotServicedExpectedRequests":[21.9,23.2,25.4,19.0,21.6],"ALNSIterations":[1873,1875,2083,2027,1958],"runId":["Run 1","Run 2","Run 3","Run 4","Run 5"]}