{"slackAfterALNS":0,"nInitialNotServicedExpectedRequests":[3,3,2,1,4,0,3,3,4,3],"averageObj":[2517.5030303030303,2544.9155864998365,2660.762554112554,2510.5543317793317,2486.4686559521165,2519.0851212006382,2650.1328997583796,2506.5345876800793,2549.7466970454634,2525.14847976837],"slackBeforeALNS":0,"nInitialNotServicedFixedRequests":[1,1,1,1,1,1,1,1,1,1],"averageNotServicedExpectedRequests":[3.6,3.9,5.2,3.5,3.2,3.6,5.0,3.5,3.9,3.6],"runId":["Run 1","Run 2","Run 3","Run 4","Run 5","Run 6","Run 7","Run 8","Run 9","Run 10"]}