{"slackAfterALNS":0,"nInitialNotServicedExpectedRequests":[2,1,1,1,3,5,2,5,4,2],"averageObj":[2532.90278029027,2545.6464343263733,2480.0478292832977,2547.6610109023236,2636.3003731103504,2476.6042097998616,2528.21869781862,2525.0100574712637,2564.477023736204,2526.0095238095237],"slackBeforeALNS":0,"nInitialNotServicedFixedRequests":[1,1,1,1,1,1,1,1,1,1],"averageNotServicedExpectedRequests":[3.7,3.9,3.1,3.9,4.9,3.1,3.6,3.7,4.1,3.7],"runId":["Run 1","Run 2","Run 3","Run 4","Run 5","Run 6","Run 7","Run 8","Run 9","Run 10"]}