{"slackAfterALNS":0,"nInitialNotServicedExpectedRequests":[6,1,5,3,8],"averageObj":[8165.776248765289,8627.781335935611,10164.954304700223,10398.782011750745,8802.371704534324],"slackBeforeALNS":0,"nInitialNotServicedFixedRequests":[0,0,1,1,0],"averageNotServicedExpectedRequests":[29.6,35.3,29.5,33.2,36.4],"ALNSIterations":[1797,1832,1810,1720,1821],"runId":["Run 1","Run 2","Run 3","Run 4","Run 5"]}