{"slackAfterALNS":0,"nInitialNotServicedExpectedRequests":[19,26,10,12,5],"averageObj":[22762.992539647206,26813.504064888624,20609.97564275655,24549.751872573775,17092.36311657789],"slackBeforeALNS":0,"nInitialNotServicedFixedRequests":[7,9,6,8,4],"averageNotServicedExpectedRequests":[36.5,37.3,34.7,34.1,40.3],"ALNSIterations":[1864,1762,1835,1821,1792],"runId":["Run 1","Run 2","Run 3","Run 4","Run 5"]}