{"slackAfterALNS":0,"nInitialNotServicedExpectedRequests":[9,7,7,12,9],"averageObj":[14642.790943738659,16812.824991871672,16812.634809042953,15049.37579462066,16493.59463369642],"slackBeforeALNS":0,"nInitialNotServicedFixedRequests":[3,4,4,3,4],"averageNotServicedExpectedRequests":[33.0,35.7,35.9,37.1,33.3],"ALNSIterations":[662,665,703,680,741],"runId":["Run 1","Run 2","Run 3","Run 4","Run 5"]}