{"slackAfterALNS":0,"nInitialNotServicedExpectedRequests":[7,17,10,7,17],"averageObj":[16858.30749223486,15399.007974565868,20720.171265460514,18621.52893383384,20607.23406250326],"slackBeforeALNS":0,"nInitialNotServicedFixedRequests":[4,3,6,5,6],"averageNotServicedExpectedRequests":[35.0,40.7,33.3,34.2,33.9],"ALNSIterations":[690,685,689,723,828],"runId":["Run 1","Run 2","Run 3","Run 4","Run 5"]}