{"slackAfterALNS":0,"nInitialNotServicedExpectedRequests":[13,16,5,10,8],"averageObj":[14511.631758899466,13106.953349408055,14542.280559935589,14768.282906926946,16416.517533900937],"slackBeforeALNS":0,"nInitialNotServicedFixedRequests":[3,2,3,3,4],"averageNotServicedExpectedRequests":[34.8,39.5,34.6,37.1,33.0],"ALNSIterations":[653,721,694,665,521],"runId":["Run 1","Run 2","Run 3","Run 4","Run 5"]}