{"slackAfterALNS":0,"nInitialNotServicedExpectedRequests":[17,9,11,8,9],"averageObj":[12936.1934768709,16866.378134558865,13132.549359486624,12790.802663582594,10175.212670427993],"slackBeforeALNS":0,"nInitialNotServicedFixedRequests":[2,4,2,2,1],"averageNotServicedExpectedRequests":[37.2,35.8,38.8,34.3,27.4],"ALNSIterations":[1880,1791,1760,1877,1752],"runId":["Run 1","Run 2","Run 3","Run 4","Run 5"]}