{"slackAfterALNS":0,"nInitialNotServicedExpectedRequests":[7,9,7,6,8],"averageObj":[12618.959740187625,11763.776176253077,12076.023092788688,10552.442783939867,10428.332608499917],"slackBeforeALNS":0,"nInitialNotServicedFixedRequests":[2,2,2,1,1],"averageNotServicedExpectedRequests":[35.2,26.1,29.0,34.1,32.3],"ALNSIterations":[693,689,707,682,634],"runId":["Run 1","Run 2","Run 3","Run 4","Run 5"]}