{"slackAfterALNS":0,"nInitialNotServicedExpectedRequests":[12,11,11,5,7],"averageObj":[22646.823649664817,21045.949459244803,17082.851684993086,12427.817113586123,16286.027632484107],"slackBeforeALNS":0,"nInitialNotServicedFixedRequests":[7,6,4,2,4],"averageNotServicedExpectedRequests":[34.1,38.9,39.4,32.2,29.4],"ALNSIterations":[669,604,657,668,727],"runId":["Run 1","Run 2","Run 3","Run 4","Run 5"]}