{"slackAfterALNS":0,"nInitialNotServicedExpectedRequests":[25,26,22,26,25],"averageObj":[5916.948503912535,5673.006922257351,5676.82582926334,5726.274756830008,6200.476557137632],"slackBeforeALNS":0,"nInitialNotServicedFixedRequests":[0,0,0,0,0],"averageNotServicedExpectedRequests":[29.0,27.0,27.0,27.0,33.0],"ALNSIterations":[2053,1873,2102,2021,1467],"runId":["Run 1","Run 2","Run 3","Run 4","Run 5"]}