{"slackAfterALNS":0,"nInitialNotServicedExpectedRequests":[25,23,22,23,20],"averageObj":[6518.55490380239,6964.565590888613,6763.627412798656,6975.25711234713,6151.438989491936],"slackBeforeALNS":0,"nInitialNotServicedFixedRequests":[0,0,0,0,0],"averageNotServicedExpectedRequests":[34.0,41.0,37.0,40.0,31.0],"ALNSIterations":[1709,1856,1706,1871,1786],"runId":["Run 1","Run 2","Run 3","Run 4","Run 5"]}