{"slackAfterALNS":0,"nInitialNotServicedExpectedRequests":[18,22,19,23,16],"averageObj":[5363.732247577172,5612.942336449792,5667.436959689087,6035.625054283576,6033.242458653084],"slackBeforeALNS":0,"nInitialNotServicedFixedRequests":[0,0,0,0,0],"averageNotServicedExpectedRequests":[25.0,27.0,27.0,32.0,32.0],"ALNSIterations":[1960,1986,2035,1700,1801],"runId":["Run 1","Run 2","Run 3","Run 4","Run 5"]}