{"slackAfterALNS":0,"nInitialNotServicedExpectedRequests":[18,21,18,16,16],"averageObj":[5427.899534282356,5600.823275667311,5472.187553476425,6022.653653432083,5226.482029687185],"slackBeforeALNS":0,"nInitialNotServicedFixedRequests":[0,0,0,0,0],"averageNotServicedExpectedRequests":[22.0,24.0,24.0,30.0,21.0],"ALNSIterations":[2058,1873,2098,2204,1385],"runId":["Run 1","Run 2","Run 3","Run 4","Run 5"]}