{"slackAfterALNS":0,"nInitialNotServicedExpectedRequests":[29,27,28,30,27],"averageObj":[6071.537689955802,6608.371006878237,6043.813076419,6299.6883874050745,6879.7459802622125],"slackBeforeALNS":0,"nInitialNotServicedFixedRequests":[0,0,0,0,0],"averageNotServicedExpectedRequests":[32.0,37.0,31.0,35.0,41.0],"ALNSIterations":[2077,2203,1869,2127,2547],"runId":["Run 1","Run 2","Run 3","Run 4","Run 5"]}