{"slackAfterALNS":0,"nInitialNotServicedExpectedRequests":[21,19,22,22,16],"averageObj":[5568.603675320263,5398.949917140405,5492.925766628743,5885.416392709899,5715.828998839491],"slackBeforeALNS":0,"nInitialNotServicedFixedRequests":[0,0,0,0,0],"averageNotServicedExpectedRequests":[26.0,23.0,25.0,29.0,27.0],"ALNSIterations":[1900,1865,1866,1993,2567],"runId":["Run 1","Run 2","Run 3","Run 4","Run 5"]}