{"slackAfterALNS":0,"nInitialNotServicedExpectedRequests":[24,25,26,23,24],"averageObj":[5898.372489234194,6223.451791264355,6249.291519475685,5703.982400645983,5901.793226552792],"slackBeforeALNS":0,"nInitialNotServicedFixedRequests":[0,0,0,0,0],"averageNotServicedExpectedRequests":[29.0,32.0,32.0,27.0,28.0],"ALNSIterations":[1855,1756,1754,1950,2333],"runId":["Run 1","Run 2","Run 3","Run 4","Run 5"]}