{"slackAfterALNS":0,"nInitialNotServicedExpectedRequests":[35,40,32,46,45,35,33,41,41,32],"averageObj":[15003.75411662897,19584.5943477318,15242.883369109346,19456.7062561737,11751.869882532581,15161.312034229424,19398.726804242437,19292.613125085707,13755.18279574058,15380.394362192],"slackBeforeALNS":0,"nInitialNotServicedFixedRequests":[4,6,4,6,2,4,6,6,3,4],"averageNotServicedExpectedRequests":[41.4,48.0,44.2,46.4,49.4,42.9,45.5,45.1,49.7,45.7],"runId":["Run 1","Run 2","Run 3","Run 4","Run 5","Run 6","Run 7","Run 8","Run 9","Run 10"]}