{"slackAfterALNS":0,"nInitialNotServicedExpectedRequests":[31,25,30,27,32,28,36,32,23,27],"averageObj":[6752.244113444746,6207.317264342674,6707.2660254590955,6487.011183159528,7143.07099723838,6792.962870091906,6771.067274495615,6845.100612364689,6614.033287783524,6951.271370885772],"slackBeforeALNS":0,"nInitialNotServicedFixedRequests":[0,0,0,0,0,0,0,0,0,0],"averageNotServicedExpectedRequests":[38.8,33.0,38.1,35.7,43.3,39.4,38.8,39.7,37.6,40.5],"runId":["Run 1","Run 2","Run 3","Run 4","Run 5","Run 6","Run 7","Run 8","Run 9","Run 10"]}