{"slackAfterALNS":0,"nInitialNotServicedExpectedRequests":[39,31,28,34,33,29,34,34,37,30],"averageObj":[9146.68191419862,17431.01313104616,10931.205544462093,9575.318709405508,10898.343890927077,12681.35058157397,10850.068892311587,8936.155138748101,11117.467914780329,10516.90806888231],"slackBeforeALNS":0,"nInitialNotServicedFixedRequests":[1,5,2,1,2,3,2,1,2,2],"averageNotServicedExpectedRequests":[43.2,45.8,40.7,47.7,39.5,37.1,39.1,40.8,42.8,35.5],"runId":["Run 1","Run 2","Run 3","Run 4","Run 5","Run 6","Run 7","Run 8","Run 9","Run 10"]}