{"slackAfterALNS":0,"nInitialNotServicedExpectedRequests":[45,38,34,44,32,30,34,35,38,31],"averageObj":[9640.021229234535,7463.724496098364,9423.73945678301,11452.443654593411,11188.678305887723,13220.156237032841,7373.716189487229,15040.30067574582,11165.696704526938,14865.616119625414],"slackBeforeALNS":0,"nInitialNotServicedFixedRequests":[1,0,1,2,2,3,0,4,2,4],"averageNotServicedExpectedRequests":[47.3,46.2,45.1,46.1,42.4,43.1,45.3,41.9,42.4,39.0],"runId":["Run 1","Run 2","Run 3","Run 4","Run 5","Run 6","Run 7","Run 8","Run 9","Run 10"]}