{"slackAfterALNS":0,"nInitialNotServicedExpectedRequests":[23,25,35,30,28,33,28,28,27,28],"averageObj":[6261.276752813908,6998.567977799823,6661.595601793907,8743.21954955283,6764.731439739992,8535.064109400053,8479.911432456076,8845.913281611085,10506.154090540278,6645.142531423015],"slackBeforeALNS":0,"nInitialNotServicedFixedRequests":[0,0,0,1,0,1,1,1,2,0],"averageNotServicedExpectedRequests":[33.2,41.1,38.2,38.7,39.1,36.4,35.6,39.6,35.6,37.2],"runId":["Run 1","Run 2","Run 3","Run 4","Run 5","Run 6","Run 7","Run 8","Run 9","Run 10"]}