{"slackAfterALNS":0,"nInitialNotServicedExpectedRequests":[36,33,34,44,29,27,35,35,29,37],"averageObj":[7073.253685772707,6844.546701135451,7191.252159143529,7720.553171751359,6389.055546889789,6793.131056822832,7353.0995060549785,9297.376372465975,6849.864854148126,7015.9848464703655],"slackBeforeALNS":0,"nInitialNotServicedFixedRequests":[0,0,0,0,0,0,0,1,0,0],"averageNotServicedExpectedRequests":[41.5,39.9,43.3,49.5,34.9,39.2,45.7,44.8,39.7,41.3],"runId":["Run 1","Run 2","Run 3","Run 4","Run 5","Run 6","Run 7","Run 8","Run 9","Run 10"]}