{"slackAfterALNS":0,"nInitialNotServicedExpectedRequests":[33,26,30,41,41,33,32,36,31,43],"averageObj":[9018.31925575017,8858.48315518606,8800.322077409235,9753.92812778753,7233.3900517317015,8769.70890021561,7236.900249130085,8636.908676238678,10584.847398801956,8849.35577932795],"slackBeforeALNS":0,"nInitialNotServicedFixedRequests":[1,1,1,1,0,1,0,1,2,1],"averageNotServicedExpectedRequests":[41.3,39.8,39.1,50.1,42.8,38.9,43.7,37.3,37.0,39.0],"runId":["Run 1","Run 2","Run 3","Run 4","Run 5","Run 6","Run 7","Run 8","Run 9","Run 10"]}