{"slackAfterALNS":0,"nInitialNotServicedExpectedRequests":[34,33,31,29,23,38,34,32,38,21],"averageObj":[6813.046493599211,6426.240336457492,6348.84717728777,6605.204848414642,6364.851648229017,6741.15729899865,6637.53130739857,8844.078069159044,6770.085655253681,8261.884619086135],"slackBeforeALNS":0,"nInitialNotServicedFixedRequests":[0,0,0,0,0,0,0,1,0,1],"averageNotServicedExpectedRequests":[39.1,34.8,33.9,36.7,33.7,38.4,36.7,39.3,39.0,32.5],"runId":["Run 1","Run 2","Run 3","Run 4","Run 5","Run 6","Run 7","Run 8","Run 9","Run 10"]}