{"slackAfterALNS":0,"nInitialNotServicedExpectedRequests":[39,36,43,32,46,33,37,31,36,37],"averageObj":[7398.115305949253,7073.653179110479,7946.690261887883,7112.376708401971,7625.39423631868,6731.962399446519,6736.176683045125,7475.446528528848,6945.809606862534,6703.929112449623],"slackBeforeALNS":0,"nInitialNotServicedFixedRequests":[0,0,0,0,0,0,0,0,0,0],"averageNotServicedExpectedRequests":[45.3,42.3,51.5,42.9,48.4,38.5,38.4,46.7,40.3,37.9],"runId":["Run 1","Run 2","Run 3","Run 4","Run 5","Run 6","Run 7","Run 8","Run 9","Run 10"]}