{"slackAfterALNS":0,"nInitialNotServicedExpectedRequests":[34,37,32,40,20,36,29,40,38,25],"averageObj":[6633.231339544208,10657.125849375414,8590.38087458799,10849.654581246876,8273.45322370468,10927.778314814579,12737.65057447377,9165.977159384824,7084.421403245824,10115.101726416175],"slackBeforeALNS":0,"nInitialNotServicedFixedRequests":[0,2,1,2,1,2,3,1,0,2],"averageNotServicedExpectedRequests":[38.2,38.1,37.3,40.7,33.9,41.1,39.5,44.3,42.8,31.6],"runId":["Run 1","Run 2","Run 3","Run 4","Run 5","Run 6","Run 7","Run 8","Run 9","Run 10"]}