{"slackAfterALNS":0,"nInitialNotServicedExpectedRequests":[3,3,6,7,1,2,3,2,7,5],"averageObj":[6803.1211643714105,6699.652188496058,6733.511360969103,6564.699071436024,7176.487492025677,6728.057488519271,6747.687362559363,6982.300811853861,6726.510057466798,7138.919309741703],"slackBeforeALNS":0,"nInitialNotServicedFixedRequests":[0,0,0,0,0,0,0,0,0,0],"averageNotServicedExpectedRequests":[18.1,17.0,17.4,15.9,22.2,17.9,17.7,20.2,17.7,21.5],"runId":["Run 1","Run 2","Run 3","Run 4","Run 5","Run 6","Run 7","Run 8","Run 9","Run 10"]}