{"slackAfterALNS":0,"nInitialNotServicedExpectedRequests":[3,0,6,0,2,1,3,3,0,1],"averageObj":[7093.53962716643,6965.593885544756,6464.492370506347,6725.7719985797685,6519.104081178969,6519.654009129914,6578.340419660008,6949.180386829261,7122.736028888726,6985.5942716477975],"slackBeforeALNS":0,"nInitialNotServicedFixedRequests":[0,0,0,0,0,0,0,0,0,0],"averageNotServicedExpectedRequests":[21.7,20.2,14.9,17.6,15.0,15.4,16.3,20.0,21.9,20.6],"runId":["Run 1","Run 2","Run 3","Run 4","Run 5","Run 6","Run 7","Run 8","Run 9","Run 10"]}