{"slackAfterALNS":0,"nInitialNotServicedExpectedRequests":[0,5,0,0,0,1,0,0,0,2],"averageObj":[6623.450050905221,6152.331514508232,6913.616394204129,6534.154558157201,6800.894523207542,6879.230677817948,6811.208343074171,6560.272036244345,6992.2923426612415,6598.03044344526],"slackBeforeALNS":0,"nInitialNotServicedFixedRequests":[0,0,0,0,0,0,0,0,0,0],"averageNotServicedExpectedRequests":[16.6,11.6,19.9,15.5,18.5,19.3,18.5,16.0,20.4,16.2],"runId":["Run 1","Run 2","Run 3","Run 4","Run 5","Run 6","Run 7","Run 8","Run 9","Run 10"]}