{"slackAfterALNS":0,"nInitialNotServicedExpectedRequests":[2,1,1,1,2,1,4,1,3,1],"averageObj":[6139.52027564908,6150.98678587912,6094.782627579825,6444.412005112612,6125.834899720174,6272.764082735905,6293.158524990533,6105.591576785942,6050.74815922414,6106.384279256509],"slackBeforeALNS":0,"nInitialNotServicedFixedRequests":[0,0,0,0,0,0,0,0,0,0],"averageNotServicedExpectedRequests":[11.1,11.7,11.0,14.9,11.4,12.7,13.2,11.0,10.7,11.1],"runId":["Run 1","Run 2","Run 3","Run 4","Run 5","Run 6","Run 7","Run 8","Run 9","Run 10"]}