{"slackAfterALNS":0,"nInitialNotServicedExpectedRequests":[1,2,4,2,0,2,1,2,1,2],"averageObj":[6438.267312937801,6399.447376120324,6491.823266787482,6044.40423884091,6200.390915884695,6145.3357155403155,6493.369226130076,6506.013839344457,6675.821500968091,5952.817707658094],"slackBeforeALNS":0,"nInitialNotServicedFixedRequests":[0,0,0,0,0,0,0,0,0,0],"averageNotServicedExpectedRequests":[15.1,14.7,15.5,10.8,12.3,11.7,15.4,15.5,17.0,9.3],"runId":["Run 1","Run 2","Run 3","Run 4","Run 5","Run 6","Run 7","Run 8","Run 9","Run 10"]}