{"slackAfterALNS":0,"nInitialNotServicedExpectedRequests":[2,0,5,1,4,8,1,3,2,2],"averageObj":[6511.392242593439,6613.707726739265,6662.091604826174,6661.1051041978235,7232.995905589599,6361.585624721026,6737.782167110856,6571.849757113826,6523.248324061894,6740.297669921341],"slackBeforeALNS":0,"nInitialNotServicedFixedRequests":[0,0,0,0,0,0,0,0,0,0],"averageNotServicedExpectedRequests":[15.3,16.6,17.0,17.1,23.1,13.6,17.9,16.2,15.5,17.1],"runId":["Run 1","Run 2","Run 3","Run 4","Run 5","Run 6","Run 7","Run 8","Run 9","Run 10"]}