{"slackAfterALNS":0,"nInitialNotServicedExpectedRequests":[2,1,2,4,5,2,0,0,11,1],"averageObj":[6223.512672712926,6660.375134775876,6877.922595562991,6021.591489729404,6407.872881618304,6604.564375262818,6553.059478436438,6249.39874741896,6637.14233170677,6554.541763299296],"slackBeforeALNS":0,"nInitialNotServicedFixedRequests":[0,0,0,0,0,0,0,0,0,0],"averageNotServicedExpectedRequests":[12.4,16.7,19.3,10.3,14.5,16.8,16.0,13.0,17.1,16.0],"runId":["Run 1","Run 2","Run 3","Run 4","Run 5","Run 6","Run 7","Run 8","Run 9","Run 10"]}