{"slackAfterALNS":0,"nInitialNotServicedExpectedRequests":[2,2,7,1,3,4,5,0,0,2],"averageObj":[6798.048059718919,6572.713370955424,6300.324346386133,6986.543153889547,7093.039020586873,6393.773134460962,6646.07318885095,6777.2584718968665,6662.720306249985,6619.240565302753],"slackBeforeALNS":0,"nInitialNotServicedFixedRequests":[0,0,0,0,0,0,0,0,0,0],"averageNotServicedExpectedRequests":[18.3,16.4,13.4,20.4,21.8,14.3,16.3,18.4,17.1,16.6],"runId":["Run 1","Run 2","Run 3","Run 4","Run 5","Run 6","Run 7","Run 8","Run 9","Run 10"]}