{"slackAfterALNS":0,"nInitialNotServicedExpectedRequests":[1,0,0,0,0,4,0,2,2,0],"averageObj":[6441.712377238201,6253.378837621879,6633.040492876807,6558.2033728243605,6410.785493216189,6325.995268187444,6189.175598740885,6763.542088129239,6462.094003987764,6724.6963925114715],"slackBeforeALNS":0,"nInitialNotServicedFixedRequests":[0,0,0,0,0,0,0,0,0,0],"averageNotServicedExpectedRequests":[14.8,12.8,16.5,15.5,14.2,13.2,12.1,18.1,14.6,17.7],"runId":["Run 1","Run 2","Run 3","Run 4","Run 5","Run 6","Run 7","Run 8","Run 9","Run 10"]}