{"slackAfterALNS":0,"nInitialNotServicedExpectedRequests":[7,9,6,10,7],"averageObj":[4499.1866223761535,2856.501348732233,2718.5572580969983,4579.392929051114,2621.418354735288],"slackBeforeALNS":0,"nInitialNotServicedFixedRequests":[1,0,0,1,0],"averageNotServicedExpectedRequests":[15.7,18.7,17.8,16.7,16.7],"ALNSIterations":[34587,36123,30892,38293,35121],"runId":["Run 1","Run 2","Run 3","Run 4","Run 5"]}