{"slackAfterALNS":0,"nInitialNotServicedExpectedRequests":[4,4,6,8,4],"averageObj":[2585.162673358287,4532.200038157398,2570.9538362752487,2539.158175644491,2334.8704495288416],"slackBeforeALNS":0,"nInitialNotServicedFixedRequests":[0,1,0,0,0],"averageNotServicedExpectedRequests":[16.3,15.6,15.7,16.3,13.8],"ALNSIterations":[28314,30775,30723,28732,31862],"runId":["Run 1","Run 2","Run 3","Run 4","Run 5"]}