{"slackAfterALNS":0,"nInitialNotServicedExpectedRequests":[4,3,4,5,5],"averageObj":[2532.0542317532772,2462.4000728053916,2540.227107794471,2472.085214391523,2450.892792383143],"slackBeforeALNS":0,"nInitialNotServicedFixedRequests":[0,0,0,0,0],"averageNotServicedExpectedRequests":[16.0,15.4,15.9,15.2,14.9],"ALNSIterations":[32288,29895,31379,35906,34268],"runId":["Run 1","Run 2","Run 3","Run 4","Run 5"]}