{"slackAfterALNS":0,"nInitialNotServicedExpectedRequests":[6,5,6,7,8],"averageObj":[4574.202781573622,4449.491825437848,4585.602108301769,4620.805668122619,2741.481607053665],"slackBeforeALNS":0,"nInitialNotServicedFixedRequests":[1,1,1,1,0],"averageNotServicedExpectedRequests":[15.9,14.8,16.3,16.8,17.5],"ALNSIterations":[33394,34622,37965,31212,28697],"runId":["Run 1","Run 2","Run 3","Run 4","Run 5"]}