{"slackAfterALNS":0,"nInitialNotServicedExpectedRequests":[24,26,17,20,24,23,23,16,22,10],"averageObj":[5842.342512165624,5812.789563644013,5827.513411248825,5741.382398739776,6240.377852305171,5810.945135970747,6110.438558828283,5932.625587636155,5817.079608930815,5660.963565632095],"slackBeforeALNS":0,"nInitialNotServicedFixedRequests":[1,1,1,1,1,1,1,1,1,1],"averageNotServicedExpectedRequests":[28.1,27.7,28.1,27.0,32.7,27.8,31.5,29.4,28.1,26.2],"runId":["Run 1","Run 2","Run 3","Run 4","Run 5","Run 6","Run 7","Run 8","Run 9","Run 10"]}