{"slackAfterALNS":0,"nInitialNotServicedExpectedRequests":[24,21,25,17,23,25,20,29,22,24],"averageObj":[3990.217473449633,4439.645558263403,4110.3764852007935,3799.117194623909,4304.952259110489,4118.129724259561,4263.898165384392,4337.386355140573,4062.8624674943894,3977.8370177847455],"slackBeforeALNS":0,"nInitialNotServicedFixedRequests":[0,0,0,0,0,0,0,0,0,0],"averageNotServicedExpectedRequests":[29.7,35.2,31.2,27.5,33.0,31.6,32.6,33.9,30.8,29.9],"runId":["Run 1","Run 2","Run 3","Run 4","Run 5","Run 6","Run 7","Run 8","Run 9","Run 10"]}