{"slackAfterALNS":0,"nInitialNotServicedExpectedRequests":[23,21,32,27,31,29,25,22,20,30],"averageObj":[8021.684198555538,8050.642819429922,8351.026298662113,8107.830032615459,8033.319974148905,8584.703649795441,8291.747020798157,8212.152500228769,8121.913524233016,8143.431392778613],"slackBeforeALNS":0,"nInitialNotServicedFixedRequests":[2,2,2,2,2,2,2,2,2,2],"averageNotServicedExpectedRequests":[30.7,31.0,34.5,31.4,30.8,36.9,33.4,32.3,31.4,32.1],"runId":["Run 1","Run 2","Run 3","Run 4","Run 5","Run 6","Run 7","Run 8","Run 9","Run 10"]}