{"slackAfterALNS":0,"nInitialNotServicedExpectedRequests":[25,24,25,24,26,25,22,26,26,21],"averageObj":[6343.197171240054,6346.964799614389,6052.680420340669,6338.227181330708,5915.048409479315,6236.521935567996,6088.061568156101,6333.197087482964,6315.676105116601,6137.081551116511],"slackBeforeALNS":0,"nInitialNotServicedFixedRequests":[1,1,1,1,1,1,1,1,1,1],"averageNotServicedExpectedRequests":[33.6,34.2,30.5,33.6,28.3,32.8,30.7,33.7,33.8,31.0],"runId":["Run 1","Run 2","Run 3","Run 4","Run 5","Run 6","Run 7","Run 8","Run 9","Run 10"]}