{"slackAfterALNS":0,"nInitialNotServicedExpectedRequests":[26,31,20,17,25,21,32,25,22,26],"averageObj":[4330.058881906892,4401.875101224707,3988.8987945685235,4345.511862332556,6105.9991894198865,4166.988662330291,6610.146177196866,4147.3209371508465,6168.485508932555,6216.80497716257],"slackBeforeALNS":0,"nInitialNotServicedFixedRequests":[0,0,0,0,1,0,1,0,1,1],"averageNotServicedExpectedRequests":[33.1,34.0,29.7,33.6,31.5,31.7,36.6,31.1,31.9,32.6],"runId":["Run 1","Run 2","Run 3","Run 4","Run 5","Run 6","Run 7","Run 8","Run 9","Run 10"]}