{"slackAfterALNS":0,"nInitialNotServicedExpectedRequests":[22,21,24,28,33,23,25,26,28,22],"averageObj":[9949.298184670182,10215.185091801133,10019.165783403856,10181.769956284243,10196.851099071368,10137.913694300169,10332.80790822113,10038.921612814993,10434.787769172834,10241.1839518286],"slackBeforeALNS":0,"nInitialNotServicedFixedRequests":[3,3,3,3,3,3,3,3,3,3],"averageNotServicedExpectedRequests":[29.4,32.4,29.9,32.4,31.9,31.7,33.7,30.4,34.6,33.1],"runId":["Run 1","Run 2","Run 3","Run 4","Run 5","Run 6","Run 7","Run 8","Run 9","Run 10"]}