{"slackAfterALNS":0,"nInitialNotServicedExpectedRequests":[27,30,29,19,20,21,28,23,23,24],"averageObj":[4339.331627742349,4291.076469657834,4072.592602904862,4070.3072534778926,4030.032938405391,4267.575701121781,4198.319654313852,4128.537470469138,4312.879923645052,3970.7645351702513],"slackBeforeALNS":0,"nInitialNotServicedFixedRequests":[0,0,0,0,0,0,0,0,0,0],"averageNotServicedExpectedRequests":[33.7,33.4,31.1,30.9,30.4,33.6,32.4,31.7,34.0,29.8],"runId":["Run 1","Run 2","Run 3","Run 4","Run 5","Run 6","Run 7","Run 8","Run 9","Run 10"]}