{"slackAfterALNS":0,"nInitialNotServicedExpectedRequests":[25,28,23,21,22,25,21,17,19,27],"averageObj":[4044.5149444324647,4229.800607759275,3902.862798343073,3949.520905943207,4049.339937239987,4114.314794019081,4090.2097381452127,3910.465576797013,3910.90982789782,4161.044320276693],"slackBeforeALNS":0,"nInitialNotServicedFixedRequests":[0,0,0,0,0,0,0,0,0,0],"averageNotServicedExpectedRequests":[30.7,32.5,28.9,29.7,30.7,31.4,31.1,29.2,29.4,32.3],"runId":["Run 1","Run 2","Run 3","Run 4","Run 5","Run 6","Run 7","Run 8","Run 9","Run 10"]}