{"slackAfterALNS":0,"nInitialNotServicedExpectedRequests":[28,31,22,31,25,15,16,23,23,33],"averageObj":[4181.457778482443,6392.414523722168,4152.879220813027,4505.373262691433,4256.282620104416,4194.163048765476,3989.092119101396,3976.998417871757,4347.043237770272,6598.576389690164],"slackBeforeALNS":0,"nInitialNotServicedFixedRequests":[0,1,0,0,0,0,0,0,0,1],"averageNotServicedExpectedRequests":[31.9,34.0,31.5,35.4,32.7,31.7,29.4,29.5,34.0,37.0],"runId":["Run 1","Run 2","Run 3","Run 4","Run 5","Run 6","Run 7","Run 8","Run 9","Run 10"]}