{"slackAfterALNS":0,"nInitialNotServicedExpectedRequests":[25,25,24,25,25,21,25,24,21,17],"averageObj":[8121.574067855314,8177.698416478364,7819.3290794590575,8178.48914113729,7927.363643944163,7931.46967220326,7967.9047544104205,8020.33226209469,8135.2219339163075,8075.427492970504],"slackBeforeALNS":0,"nInitialNotServicedFixedRequests":[2,2,2,2,2,2,2,2,2,2],"averageNotServicedExpectedRequests":[31.2,32.1,27.9,32.2,29.6,29.7,29.9,30.7,31.5,31.0],"runId":["Run 1","Run 2","Run 3","Run 4","Run 5","Run 6","Run 7","Run 8","Run 9","Run 10"]}