{"slackAfterALNS":0,"nInitialNotServicedExpectedRequests":[14,6,11,9,9],"averageObj":[12447.298468903891,10948.143923770633,14778.118576506185,14843.360732261708,15687.186845816022],"slackBeforeALNS":0,"nInitialNotServicedFixedRequests":[2,1,3,3,4],"averageNotServicedExpectedRequests":[31.7,37.3,35.5,35.3,24.9],"ALNSIterations":[1764,1739,1751,1748,1493],"runId":["Run 1","Run 2","Run 3","Run 4","Run 5"]}