{"slackAfterALNS":0,"nInitialNotServicedExpectedRequests":[13,10,9,8,7],"averageObj":[9944.719361998988,12383.44729498956,12458.523089228478,8772.147183461737,13198.077852161194],"slackBeforeALNS":0,"nInitialNotServicedFixedRequests":[1,2,2,0,2],"averageNotServicedExpectedRequests":[27.7,31.6,30.7,34.6,38.9],"ALNSIterations":[1843,1756,1764,1806,1640],"runId":["Run 1","Run 2","Run 3","Run 4","Run 5"]}