{"slackAfterALNS":0,"nInitialNotServicedExpectedRequests":[13,3,9,1,11],"averageObj":[16308.579604161749,13733.720038466894,10809.706028412567,10561.644614371355,12569.057123419941],"slackBeforeALNS":0,"nInitialNotServicedFixedRequests":[4,3,1,1,2],"averageNotServicedExpectedRequests":[29.9,24.1,35.2,32.1,32.3],"ALNSIterations":[1199,1108,1118,1097,1243],"runId":["Run 1","Run 2","Run 3","Run 4","Run 5"]}