{"slackAfterALNS":0,"nInitialNotServicedExpectedRequests":[16,18,13,11,16],"averageObj":[22792.418466941897,26324.259328882705,26701.874901543873,20470.180442077526,30144.14825565494],"slackBeforeALNS":0,"nInitialNotServicedFixedRequests":[7,9,9,6,11],"averageNotServicedExpectedRequests":[35.7,31.9,36.4,33.0,30.8],"ALNSIterations":[1215,1297,1281,1188,1471],"runId":["Run 1","Run 2","Run 3","Run 4","Run 5"]}