{"slackAfterALNS":0,"nInitialNotServicedExpectedRequests":[7,6,6,2,12],"averageObj":[4591.119834968435,4697.502629037456,4372.496864381733,4584.122467423998,2623.559232275524],"slackBeforeALNS":0,"nInitialNotServicedFixedRequests":[1,1,1,1,0],"averageNotServicedExpectedRequests":[16.5,17.4,14.1,16.3,17.2],"ALNSIterations":[26850,28764,37685,29576,39884],"runId":["Run 1","Run 2","Run 3","Run 4","Run 5"]}