{"slackAfterALNS":0,"nInitialNotServicedExpectedRequests":[5,9,5,6,10],"averageObj":[6486.538199661174,8470.248592717067,4496.195756559039,6404.3156662799365,2672.250143437728],"slackBeforeALNS":0,"nInitialNotServicedFixedRequests":[2,3,1,2,0],"averageNotServicedExpectedRequests":[15.9,15.9,15.9,14.8,17.6],"ALNSIterations":[34259,36369,37044,40110,34785],"runId":["Run 1","Run 2","Run 3","Run 4","Run 5"]}