{"slackAfterALNS":0,"nInitialNotServicedExpectedRequests":[6,9,11,8,9],"averageObj":[4348.069625636765,2440.888030151447,2934.6976739942634,2577.795792311392,2507.5668905740104],"slackBeforeALNS":0,"nInitialNotServicedFixedRequests":[1,0,0,0,0],"averageNotServicedExpectedRequests":[14.1,15.1,20.2,16.6,15.7],"ALNSIterations":[24707,35984,33715,36923,34472],"runId":["Run 1","Run 2","Run 3","Run 4","Run 5"]}