{"slackAfterALNS":0,"nInitialNotServicedExpectedRequests":[4,28,9,4,9],"averageObj":[10934.829562567578,14154.271906768732,15051.993826933616,14821.513665025492,10434.129099925742],"slackBeforeALNS":0,"nInitialNotServicedFixedRequests":[3,4,5,5,3],"averageNotServicedExpectedRequests":[17.0,28.0,20.0,17.0,12.0],"ALNSIterations":[279,209,265,273,271],"runId":["Run 1","Run 2","Run 3","Run 4","Run 5"]}