{"slackAfterALNS":0,"nInitialNotServicedExpectedRequests":[33,13,33,8,33],"averageObj":[22269.180033867488,25261.217059549403,22269.180033867488,22764.93950758287,22269.180033867488],"slackBeforeALNS":0,"nInitialNotServicedFixedRequests":[8,10,8,9,8],"averageNotServicedExpectedRequests":[30.0,22.0,30.0,16.0,30.0],"ALNSIterations":[143,152,161,144,138],"runId":["Run 1","Run 2","Run 3","Run 4","Run 5"]}