{"slackAfterALNS":0,"nInitialNotServicedExpectedRequests":[17,17,35,35,20],"averageObj":[21608.3612678498,27005.778298945494,16686.018022100565,20394.593866117408,22861.708264669705],"slackBeforeALNS":0,"nInitialNotServicedFixedRequests":[8,11,5,7,9],"averageNotServicedExpectedRequests":[26.0,20.0,35.0,33.0,18.0],"ALNSIterations":[261,274,250,259,256],"runId":["Run 1","Run 2","Run 3","Run 4","Run 5"]}