{"slackAfterALNS":0,"nInitialNotServicedExpectedRequests":[32,6,5,5,8],"averageObj":[23281.572068561978,28112.193898173922,20748.19022778754,20201.427737791335,24203.76965136351],"slackBeforeALNS":0,"nInitialNotServicedFixedRequests":[9,12,8,8,10],"averageNotServicedExpectedRequests":[18.0,10.0,16.0,10.0,11.0],"ALNSIterations":[134,282,231,270,268],"runId":["Run 1","Run 2","Run 3","Run 4","Run 5"]}