{"slackAfterALNS":0,"nInitialNotServicedExpectedRequests":[9,7,17,16,12],"averageObj":[17112.25318736018,16429.875422650886,12654.76830883982,23136.34461719881,11131.198286422727],"slackBeforeALNS":0,"nInitialNotServicedFixedRequests":[6,6,4,9,3],"averageNotServicedExpectedRequests":[19.0,12.0,15.0,22.0,20.0],"ALNSIterations":[244,138,251,236,255],"runId":["Run 1","Run 2","Run 3","Run 4","Run 5"]}