{"slackAfterALNS":0,"nInitialNotServicedExpectedRequests":[6,6,6,9,39],"averageObj":[14633.895056008183,10589.333778604585,18872.111354708144,14505.251852156198,22478.402019422647],"slackBeforeALNS":0,"nInitialNotServicedFixedRequests":[5,3,7,5,8],"averageNotServicedExpectedRequests":[14.0,12.0,17.0,12.0,32.0],"ALNSIterations":[135,246,177,217,148],"runId":["Run 1","Run 2","Run 3","Run 4","Run 5"]}