{"slackAfterALNS":0,"nInitialNotServicedExpectedRequests":[5,9,36,11,36],"averageObj":[8859.974605127358,8915.559976466702,10166.7192273995,11218.848627886979,10166.7192273995],"slackBeforeALNS":0,"nInitialNotServicedFixedRequests":[2,2,2,3,2],"averageNotServicedExpectedRequests":[18.0,19.0,29.0,22.0,29.0],"ALNSIterations":[257,299,201,150,292],"runId":["Run 1","Run 2","Run 3","Run 4","Run 5"]}