{"slackAfterALNS":0,"nInitialNotServicedExpectedRequests":[9,9,10,9,11],"averageObj":[18917.244034322273,14556.641919693648,20635.981711436674,12862.928185499622,18746.519684250296],"slackBeforeALNS":0,"nInitialNotServicedFixedRequests":[7,5,8,4,7],"averageNotServicedExpectedRequests":[19.0,14.0,15.0,18.0,17.0],"ALNSIterations":[269,208,188,301,304],"runId":["Run 1","Run 2","Run 3","Run 4","Run 5"]}