{"slackAfterALNS":0,"nInitialNotServicedExpectedRequests":[10,8,13,9,15],"averageObj":[8701.443187172565,13341.226599393918,15008.541169730892,19036.237879444783,18938.126016322694],"slackBeforeALNS":0,"nInitialNotServicedFixedRequests":[2,4,5,7,7],"averageNotServicedExpectedRequests":[16.0,22.0,19.0,20.0,17.0],"ALNSIterations":[269,272,223,170,147],"runId":["Run 1","Run 2","Run 3","Run 4","Run 5"]}