{"slackAfterALNS":0,"nInitialNotServicedExpectedRequests":[39,12,39,13,39],"averageObj":[17515.975499202763,17105.34944193216,17515.975499202763,15988.219512392356,17515.975499202763],"slackBeforeALNS":0,"nInitialNotServicedFixedRequests":[5,6,5,5,5],"averageNotServicedExpectedRequests":[41.0,18.0,41.0,28.0,41.0],"ALNSIterations":[113,231,251,196,139],"runId":["Run 1","Run 2","Run 3","Run 4","Run 5"]}