{"slackAfterALNS":0,"nInitialNotServicedExpectedRequests":[1,0,1,1,1,2,0,0,2,2],"averageObj":[7033.0322680960435,6662.458579223295,6659.7481022345255,6728.033306249645,6771.180886578366,6746.894894930905,6815.841962431057,7215.71038509107,7137.323057959371,6790.508761418069],"slackBeforeALNS":0,"nInitialNotServicedFixedRequests":[0,0,0,0,0,0,0,0,0,0],"averageNotServicedExpectedRequests":[20.8,16.9,16.8,18.0,17.7,17.8,18.8,23.0,22.1,18.2],"runId":["Run 1","Run 2","Run 3","Run 4","Run 5","Run 6","Run 7","Run 8","Run 9","Run 10"]}