{"slackAfterALNS":0,"nInitialNotServicedExpectedRequests":[2,4,0,3,3,1,3,0,2,3],"averageObj":[6699.3268203787975,6311.553098941559,6351.868536115189,6303.6936703946185,6419.865699646109,6563.31375472456,6631.397477919554,7320.4395796461995,6519.419193626507,7086.727055979207],"slackBeforeALNS":0,"nInitialNotServicedFixedRequests":[0,0,0,0,0,0,0,0,0,0],"averageNotServicedExpectedRequests":[17.6,13.2,14.0,13.2,14.6,16.4,17.1,24.5,15.5,21.3],"runId":["Run 1","Run 2","Run 3","Run 4","Run 5","Run 6","Run 7","Run 8","Run 9","Run 10"]}