{"slackAfterALNS":0,"nInitialNotServicedExpectedRequests":[2,3,3,6,1,0,1,3,0,4],"averageObj":[6262.216540930021,6207.132147884569,6269.628840968186,6068.688058269328,6374.3970943485365,6261.533792390115,6244.628473188584,6327.829633789299,5904.8437792463965,6409.1421519418445],"slackBeforeALNS":0,"nInitialNotServicedFixedRequests":[0,0,0,0,0,0,0,0,0,0],"averageNotServicedExpectedRequests":[12.8,12.3,13.3,10.3,14.0,12.4,12.3,12.9,9.0,14.4],"runId":["Run 1","Run 2","Run 3","Run 4","Run 5","Run 6","Run 7","Run 8","Run 9","Run 10"]}