{"slackAfterALNS":0,"nInitialNotServicedExpectedRequests":[1,6,6,5,6,0,4,1,2,0],"averageObj":[6286.7594477277025,6369.423870054314,6330.2366443806,6167.472640212912,6214.1042694178905,6447.4863921556,5935.484266480229,6179.219260239944,6061.687799716021,6066.514789768793],"slackBeforeALNS":0,"nInitialNotServicedFixedRequests":[0,0,0,0,0,0,0,0,0,0],"averageNotServicedExpectedRequests":[13.4,14.1,13.8,12.0,12.3,15.2,9.3,12.3,11.1,11.0],"runId":["Run 1","Run 2","Run 3","Run 4","Run 5","Run 6","Run 7","Run 8","Run 9","Run 10"]}