{"slackAfterALNS":0,"nInitialNotServicedExpectedRequests":[1,4,2,2,0,3,0,0,2,4],"averageObj":[6616.848534522431,6413.906944980774,6620.004327942482,6595.688969420257,6467.627718557974,6488.994433241423,6301.621529177506,6597.951206519002,6645.316258408185,6539.161620532691],"slackBeforeALNS":0,"nInitialNotServicedFixedRequests":[0,0,0,0,0,0,0,0,0,0],"averageNotServicedExpectedRequests":[16.2,14.4,16.5,16.3,15.0,15.0,13.2,16.1,16.9,15.4],"runId":["Run 1","Run 2","Run 3","Run 4","Run 5","Run 6","Run 7","Run 8","Run 9","Run 10"]}