{"slackAfterALNS":0,"nInitialNotServicedExpectedRequests":[2,2,2,1,1,1,0,0,3,2],"averageObj":[6634.207039884715,6560.103622400793,6177.276085689698,6433.138145342139,6616.149894459643,6656.752793673935,6294.922085226002,7100.243956044747,6816.621955573262,6742.049408245895],"slackBeforeALNS":0,"nInitialNotServicedFixedRequests":[0,0,0,0,0,0,0,0,0,0],"averageNotServicedExpectedRequests":[16.6,15.7,11.6,14.5,16.4,17.0,13.1,21.8,18.7,17.9],"runId":["Run 1","Run 2","Run 3","Run 4","Run 5","Run 6","Run 7","Run 8","Run 9","Run 10"]}