{"slackAfterALNS":0,"nInitialNotServicedExpectedRequests":[7,5,3,8,4],"averageObj":[4530.692989479942,2558.4707808440658,4444.50457545967,4638.639701581569,4670.531640208379],"slackBeforeALNS":0,"nInitialNotServicedFixedRequests":[1,0,1,1,1],"averageNotServicedExpectedRequests":[15.4,15.8,13.9,16.1,16.9],"ALNSIterations":[16543,18038,17360,16950,17594],"runId":["Run 1","Run 2","Run 3","Run 4","Run 5"]}