{"slackAfterALNS":0,"nInitialNotServicedExpectedRequests":[6,3,3,6,6,8,4,2,6,6],"averageObj":[3632.5235788626233,3604.3686448990047,3802.2587537123277,3429.3579120141703,3795.635467465089,4081.0002877836932,3686.3490429454514,3759.1064135430743,3770.171442476475,3545.1604123372745],"slackBeforeALNS":0,"nInitialNotServicedFixedRequests":[0,0,0,0,0,0,0,0,0,0],"averageNotServicedExpectedRequests":[12.7,12.2,14.6,10.5,14.3,17.4,13.1,13.9,13.6,11.3],"runId":["Run 1","Run 2","Run 3","Run 4","Run 5","Run 6","Run 7","Run 8","Run 9","Run 10"]}