{"slackAfterALNS":0,"nInitialNotServicedExpectedRequests":[6,3,10,11,7,6,7,9,4,1],"averageObj":[3707.837840346282,3837.3202345780046,3957.403795379195,3689.614102032288,3880.9652566084383,3857.9765567646914,3771.7108796028087,3826.0643760080848,3987.117580566406,4033.204990407169],"slackBeforeALNS":0,"nInitialNotServicedFixedRequests":[0,0,0,0,0,0,0,0,0,0],"averageNotServicedExpectedRequests":[12.7,14.4,15.9,13.2,15.1,14.5,13.8,14.8,16.2,16.6],"runId":["Run 1","Run 2","Run 3","Run 4","Run 5","Run 6","Run 7","Run 8","Run 9","Run 10"]}