{"slackAfterALNS":0,"nInitialNotServicedExpectedRequests":[8,13,10,7,9,6,5,6,9,9],"averageObj":[4141.417443250943,4062.0711425466893,4318.749652485289,4198.47093816515,4315.239418137906,3680.5482239895427,4240.605764026351,4084.10567120321,4195.340770584333,4125.9206625916495],"slackBeforeALNS":0,"nInitialNotServicedFixedRequests":[0,0,0,0,0,0,0,0,0,0],"averageNotServicedExpectedRequests":[17.4,16.7,19.6,18.0,20.0,12.4,18.6,17.3,18.6,17.7],"runId":["Run 1","Run 2","Run 3","Run 4","Run 5","Run 6","Run 7","Run 8","Run 9","Run 10"]}