{"slackAfterALNS":0,"nInitialNotServicedExpectedRequests":[8,5,10,4,7,10,9,8,6,7],"averageObj":[3990.5188566545708,3707.3373410343206,3883.2993629803714,3688.1802813171744,3800.5809388867115,4069.6887086104507,4034.2000195486225,3912.1388662569816,4111.683660984982,3714.1067331717218],"slackBeforeALNS":0,"nInitialNotServicedFixedRequests":[0,0,0,0,0,0,0,0,0,0],"averageNotServicedExpectedRequests":[16.5,13.3,15.4,12.9,14.6,17.4,16.9,15.5,17.9,13.4],"runId":["Run 1","Run 2","Run 3","Run 4","Run 5","Run 6","Run 7","Run 8","Run 9","Run 10"]}