{"slackAfterALNS":0,"nInitialNotServicedExpectedRequests":[8,12,6,4,5,10,4,11,10,8],"averageObj":[5718.7079800373795,5821.775293466415,6182.865792054812,5728.188363349693,5820.25510196234,5850.260178069082,5912.464344149627,5435.966972012157,5438.425183014693,5561.6981745010025],"slackBeforeALNS":0,"nInitialNotServicedFixedRequests":[1,1,1,1,1,1,1,1,1,1],"averageNotServicedExpectedRequests":[13.4,14.9,18.5,13.4,14.3,14.7,15.7,10.0,10.5,11.7],"runId":["Run 1","Run 2","Run 3","Run 4","Run 5","Run 6","Run 7","Run 8","Run 9","Run 10"]}