{"slackAfterALNS":0,"nInitialNotServicedExpectedRequests":[4,3,6,6,6,2,3,7,7,5],"averageObj":[3649.7452192152414,3921.440614372919,3767.170561304866,3777.572470453083,3764.985100064866,3969.466775507036,3987.8392769860866,3441.1741595020185,3555.7077408924306,3635.409614510457],"slackBeforeALNS":0,"nInitialNotServicedFixedRequests":[0,0,0,0,0,0,0,0,0,0],"averageNotServicedExpectedRequests":[13.0,15.5,14.3,13.9,14.3,16.2,16.4,10.8,12.0,12.6],"runId":["Run 1","Run 2","Run 3","Run 4","Run 5","Run 6","Run 7","Run 8","Run 9","Run 10"]}