{"slackAfterALNS":0,"nInitialNotServicedExpectedRequests":[16,9,17,11,13],"averageObj":[5577.860065233815,5479.169262596459,7743.880354832496,9300.927056201299,5906.989411677004],"slackBeforeALNS":0,"nInitialNotServicedFixedRequests":[0,0,1,2,0],"averageNotServicedExpectedRequests":[24.0,24.0,25.0,22.0,27.0],"ALNSIterations":[4988,4765,4165,4424,4872],"runId":["Run 1","Run 2","Run 3","Run 4","Run 5"]}