{"slackAfterALNS":0,"nInitialNotServicedExpectedRequests":[4,4,0,5,6],"averageObj":[6723.766625644776,4555.8844256386365,6664.861648737156,5105.020611059081,4332.714030227877],"slackBeforeALNS":0,"nInitialNotServicedFixedRequests":[1,0,1,0,0],"averageNotServicedExpectedRequests":[14.0,13.0,14.0,19.0,10.0],"ALNSIterations":[4830,3643,4446,4361,4276],"runId":["Run 1","Run 2","Run 3","Run 4","Run 5"]}