{"slackAfterALNS":0,"nInitialNotServicedExpectedRequests":[6,4,10,6,4],"averageObj":[4606.351776729591,6458.765719975651,5050.168946038823,5268.304444057556,4643.613578261],"slackBeforeALNS":0,"nInitialNotServicedFixedRequests":[0,1,0,0,0],"averageNotServicedExpectedRequests":[13.0,10.0,18.0,20.0,13.0],"ALNSIterations":[4378,4997,4506,4773,4210],"runId":["Run 1","Run 2","Run 3","Run 4","Run 5"]}