{"slackAfterALNS":0,"nInitialNotServicedExpectedRequests":[8,8,8,7,5],"averageObj":[7746.9197091965125,9748.682470533775,5471.342873911212,7348.377683826242,7686.3441188932175],"slackBeforeALNS":0,"nInitialNotServicedFixedRequests":[1,2,0,1,1],"averageNotServicedExpectedRequests":[26.0,26.0,22.0,20.0,24.0],"ALNSIterations":[4044,4001,4380,3953,3714],"runId":["Run 1","Run 2","Run 3","Run 4","Run 5"]}