{"slackAfterALNS":0,"nInitialNotServicedExpectedRequests":[16,12,12,15,14,15,16,10,15,12],"averageObj":[8578.7814998207,8666.483202509693,8443.532603205003,8432.125902435173,8347.611734554466,8667.50806767294,8539.828817432119,10485.006217522483,8613.882853335495,8704.789488042352],"slackBeforeALNS":0,"nInitialNotServicedFixedRequests":[3,3,3,3,3,3,3,4,3,3],"averageNotServicedExpectedRequests":[17.0,17.0,15.0,15.0,14.0,18.0,16.0,16.0,17.0,18.0],"ALNSIterations":[6433,20485,21360,12962,8851,10687,10561,5371,10529,20983],"runId":["Run 1","Run 2","Run 3","Run 4","Run 5","Run 6","Run 7","Run 8","Run 9","Run 10"]}