{"slackAfterALNS":0,"nInitialNotServicedExpectedRequests":[6,8,8,9,5,9,11,9,10,9],"averageObj":[2132.791894068876,1792.501759602405,2032.1526717944557,2150.138795284318,1797.1516997816439,2060.367489229561,2108.6293289003042,1981.1126118823554,2116.1346459689416,2109.698568844091],"slackBeforeALNS":0,"nInitialNotServicedFixedRequests":[0,0,0,0,0,0,0,0,0,0],"averageNotServicedExpectedRequests":[12.0,8.0,11.0,12.0,8.0,11.0,12.0,10.0,12.0,12.0],"ALNSIterations":[17460,5572,6874,12205,19614,7595,7046,11124,7557,13821],"runId":["Run 1","Run 2","Run 3","Run 4","Run 5","Run 6","Run 7","Run 8","Run 9","Run 10"]}