{"slackAfterALNS":0,"nInitialNotServicedExpectedRequests":[8,7,9,8,8,8,10,7,8,8],"averageObj":[4388.181570763997,4139.596401719587,4310.968080215251,4417.942458625744,4336.021015622793,4235.213998518608,4378.953000401992,4412.141147388255,4048.895865811218,4384.951149518777],"slackBeforeALNS":0,"nInitialNotServicedFixedRequests":[1,1,1,1,1,1,1,1,1,1],"averageNotServicedExpectedRequests":[15.0,11.0,14.0,15.0,14.0,13.0,15.0,15.0,11.0,15.0],"ALNSIterations":[10316,13715,7223,14441,9947,10848,9622,20520,5739,5143],"runId":["Run 1","Run 2","Run 3","Run 4","Run 5","Run 6","Run 7","Run 8","Run 9","Run 10"]}