{"slackAfterALNS":0,"nInitialNotServicedExpectedRequests":[10,10,11,13,12,11,7,11,10,13],"averageObj":[2157.412163997558,2284.9010206207236,2313.724058519008,2288.765721514636,2178.2127631181197,2142.178811551989,1975.8611937689561,2198.580784292454,1998.448723060565,2506.7573658465785],"slackBeforeALNS":0,"nInitialNotServicedFixedRequests":[0,0,0,0,0,0,0,0,0,0],"averageNotServicedExpectedRequests":[12.0,13.0,14.0,14.0,12.0,12.0,10.0,12.0,10.0,16.0],"ALNSIterations":[11591,7034,7810,6879,7411,9079,15677,12881,13667,8232],"runId":["Run 1","Run 2","Run 3","Run 4","Run 5","Run 6","Run 7","Run 8","Run 9","Run 10"]}