{"slackAfterALNS":0,"nInitialNotServicedExpectedRequests":[12,14,13,15,13,14,14,12,15,13],"averageObj":[6435.057800876638,6639.920115550767,6254.883442131732,6860.015506027652,6315.714855399791,6568.831266841387,6664.31884753721,6591.565884989788,6424.4591505883955,6662.981208908868],"slackBeforeALNS":0,"nInitialNotServicedFixedRequests":[2,2,2,2,2,2,2,2,2,2],"averageNotServicedExpectedRequests":[15.0,18.0,12.0,20.0,14.0,17.0,18.0,17.0,15.0,18.0],"ALNSIterations":[9320,6291,5992,7539,7878,7258,9014,21152,9401,15367],"runId":["Run 1","Run 2","Run 3","Run 4","Run 5","Run 6","Run 7","Run 8","Run 9","Run 10"]}