{"slackAfterALNS":0,"nInitialNotServicedExpectedRequests":[5,14,7,12,13,7,12,4,5,9],"averageObj":[1971.9331924550338,2529.5952143643,2241.467383707567,2248.421955634068,2601.1354750495343,2350.431820896331,2707.5945348121672,2012.4848398141735,1987.7246998662508,2180.5281040536065],"slackBeforeALNS":0,"nInitialNotServicedFixedRequests":[0,0,0,0,0,0,0,0,0,0],"averageNotServicedExpectedRequests":[9.0,16.0,13.0,13.0,16.0,14.0,18.0,10.0,10.0,12.0],"ALNSIterations":[19264,9150,14105,11987,12318,13211,11959,13959,16895,13669],"runId":["Run 1","Run 2","Run 3","Run 4","Run 5","Run 6","Run 7","Run 8","Run 9","Run 10"]}