{"slackAfterALNS":0,"nInitialNotServicedExpectedRequests":[15,12,15,15,12,14,13,13,15,13],"averageObj":[2703.252017012616,2574.736307155245,2530.9861289401974,2433.5001957447676,2319.4444590650123,2526.8083856719672,2614.248486132994,2523.8552199383003,2487.998789518772,2523.759776568385],"slackBeforeALNS":0,"nInitialNotServicedFixedRequests":[0,0,0,0,0,0,0,0,0,0],"averageNotServicedExpectedRequests":[18.0,17.0,16.0,15.0,14.0,16.0,17.0,16.0,16.0,16.0],"ALNSIterations":[5738,20222,6959,8603,20680,10331,13690,17401,7653,13886],"runId":["Run 1","Run 2","Run 3","Run 4","Run 5","Run 6","Run 7","Run 8","Run 9","Run 10"]}