{"slackAfterALNS":0,"nInitialNotServicedExpectedRequests":[10,8,11,13,12,10,12,11,12,8],"averageObj":[2137.7579919185087,2011.9310282475021,2342.149809264892,2569.237647848256,2213.107808481786,2238.6836493478127,2202.279671833748,2270.9107685620324,2350.3784448652946,2123.7036853404293],"slackBeforeALNS":0,"nInitialNotServicedFixedRequests":[0,0,0,0,0,0,0,0,0,0],"averageNotServicedExpectedRequests":[12.0,10.0,14.0,16.0,12.0,12.0,12.0,13.0,14.0,11.0],"ALNSIterations":[12432,20458,9111,6562,7652,12256,11692,15973,16683,15847],"runId":["Run 1","Run 2","Run 3","Run 4","Run 5","Run 6","Run 7","Run 8","Run 9","Run 10"]}