{"slackAfterALNS":0,"nInitialNotServicedExpectedRequests":[18,16,17,17,17,13,13,13,17,17],"averageObj":[5006.249298223981,4724.246294164774,4767.302093831465,4651.180911549352,4647.972025218317,4409.06272893773,4436.907100482481,4651.975074589602,4725.053605226634,4636.799209013536],"slackBeforeALNS":0,"nInitialNotServicedFixedRequests":[1,1,1,1,1,1,1,1,1,1],"averageNotServicedExpectedRequests":[21.0,18.0,19.0,17.0,17.0,15.0,14.0,17.0,18.0,17.0],"ALNSIterations":[5318,12701,9878,7869,7325,13824,13228,13703,8228,7347],"runId":["Run 1","Run 2","Run 3","Run 4","Run 5","Run 6","Run 7","Run 8","Run 9","Run 10"]}