{"slackAfterALNS":0,"nInitialNotServicedExpectedRequests":[12,14,10,10,10,12,9,14,12,13],"averageObj":[6349.0480149395,6480.925849322242,6362.2778350197705,6210.4237432529635,6134.337113930312,6395.655309605035,6194.182768804004,6494.508936538225,6308.327431472883,6190.257326757325],"slackBeforeALNS":0,"nInitialNotServicedFixedRequests":[2,2,2,2,2,2,2,2,2,2],"averageNotServicedExpectedRequests":[14.0,16.0,15.0,13.0,12.0,15.0,13.0,15.0,14.0,13.0],"ALNSIterations":[12227,6461,9868,14789,12418,15344,14589,6083,8691,11520],"runId":["Run 1","Run 2","Run 3","Run 4","Run 5","Run 6","Run 7","Run 8","Run 9","Run 10"]}