{"slackAfterALNS":0,"nInitialNotServicedExpectedRequests":[7,9,4,7,4],"averageObj":[7655.566689561461,9504.201098371004,7484.057536512504,5322.297681855119,4966.227117486245],"slackBeforeALNS":0,"nInitialNotServicedFixedRequests":[1,2,1,0,0],"averageNotServicedExpectedRequests":[24.3,23.4,23.7,21.7,17.5],"ALNSIterations":[4896,4475,4516,4373,4457],"runId":["Run 1","Run 2","Run 3","Run 4","Run 5"]}