{"slackAfterALNS":0,"nInitialNotServicedExpectedRequests":[2,6,9,9,3],"averageObj":[5671.07016707353,7721.136076160755,10047.745173344003,7677.108770999972,5430.780844793489],"slackBeforeALNS":0,"nInitialNotServicedFixedRequests":[0,1,2,1,0],"averageNotServicedExpectedRequests":[25.4,24.9,29.9,24.8,22.2],"ALNSIterations":[4391,4116,4030,4139,4087],"runId":["Run 1","Run 2","Run 3","Run 4","Run 5"]}