{"slackAfterALNS":0,"nInitialNotServicedExpectedRequests":[5,7,9,4,8],"averageObj":[5477.490778600552,5748.728258767698,5637.442089815889,5309.393933785861,5236.670427099392],"slackBeforeALNS":0,"nInitialNotServicedFixedRequests":[0,0,0,0,0],"averageNotServicedExpectedRequests":[23.0,27.0,25.5,22.2,20.5],"ALNSIterations":[5156,5519,3853,4109,4391],"runId":["Run 1","Run 2","Run 3","Run 4","Run 5"]}