{"slackAfterALNS":0,"nInitialNotServicedExpectedRequests":[3,3,2,8,6],"averageObj":[5017.121111341592,5062.93718726157,4888.96501512256,5090.13384958562,5444.302817521872],"slackBeforeALNS":0,"nInitialNotServicedFixedRequests":[0,0,0,0,0],"averageNotServicedExpectedRequests":[19.2,20.0,17.7,19.7,23.1],"ALNSIterations":[4755,4587,5088,4467,4095],"runId":["Run 1","Run 2","Run 3","Run 4","Run 5"]}