{"slackAfterALNS":0,"nInitialNotServicedExpectedRequests":[1,2,1,6,4,5,3,3,4,3],"averageObj":[524.8638752052545,472.8994623655914,477.31350677422745,525.6852474323063,646.8153372489579,575.2202477349323,582.2753657819278,484.27678223336113,544.2754385964912,588.2921568627451],"slackBeforeALNS":0,"nInitialNotServicedFixedRequests":[0,0,0,0,0,0,0,0,0,0],"averageNotServicedExpectedRequests":[3.6,3.0,2.9,3.6,4.9,4.1,4.2,3.0,3.8,4.3],"runId":["Run 1","Run 2","Run 3","Run 4","Run 5","Run 6","Run 7","Run 8","Run 9","Run 10"]}