{"slackAfterALNS":0,"nInitialNotServicedExpectedRequests":[0,0,1,1,0,0,1,3,2,1],"averageObj":[6371.581605409613,6355.953851111973,6363.457857103955,6330.2254166716675,6257.603322864919,6322.655099364642,6337.012814640506,6346.00385744023,6301.015022296544,6332.066620967297],"slackBeforeALNS":0,"nInitialNotServicedFixedRequests":[3,3,3,3,3,3,3,3,3,3],"averageNotServicedExpectedRequests":[2.2,1.9,2.1,1.7,0.9,1.6,1.7,1.9,1.4,1.7],"runId":["Run 1","Run 2","Run 3","Run 4","Run 5","Run 6","Run 7","Run 8","Run 9","Run 10"]}