{"slackAfterALNS":0,"nInitialNotServicedExpectedRequests":[2,1,2,0,1,3,3,3,2,2],"averageObj":[4431.504396423248,4537.183097795365,4523.956094709619,4429.788456713717,4456.4631334831665,4510.220882193669,4468.114101888889,4422.9884370870395,4444.885150730776,4368.961044874979],"slackBeforeALNS":0,"nInitialNotServicedFixedRequests":[2,2,2,2,2,2,2,2,2,2],"averageNotServicedExpectedRequests":[2.7,3.9,3.7,2.6,3.0,3.6,3.1,2.6,2.9,2.0],"runId":["Run 1","Run 2","Run 3","Run 4","Run 5","Run 6","Run 7","Run 8","Run 9","Run 10"]}