{"slackAfterALNS":0,"nInitialNotServicedExpectedRequests":[1,2,2,2,2,2,0,1,1,2],"averageObj":[2520.271929824561,2531.8458986368823,2481.303879015721,2538.2545326588343,2517.0592225756695,2481.3534343021956,2512.5167700535235,2478.9052935368723,2528.0472338633467,2473.526338834686],"slackBeforeALNS":0,"nInitialNotServicedFixedRequests":[1,1,1,1,1,1,1,1,1,1],"averageNotServicedExpectedRequests":[3.6,3.7,3.2,3.8,3.6,3.1,3.5,3.1,3.7,3.0],"runId":["Run 1","Run 2","Run 3","Run 4","Run 5","Run 6","Run 7","Run 8","Run 9","Run 10"]}