{"slackAfterALNS":0,"nInitialNotServicedExpectedRequests":[1,0,2,1,2,1,2,0,2,0],"averageObj":[4417.670944309927,4442.736868686869,4382.911538461538,4451.489981182643,4364.58692222699,4390.523862433862,4405.191666666667,4382.814070269829,4481.266981351982,4389.267892156863],"slackBeforeALNS":0,"nInitialNotServicedFixedRequests":[2,2,2,2,2,2,2,2,2,2],"averageNotServicedExpectedRequests":[2.6,2.9,2.2,3.0,2.0,2.3,2.5,2.2,3.3,2.3],"runId":["Run 1","Run 2","Run 3","Run 4","Run 5","Run 6","Run 7","Run 8","Run 9","Run 10"]}