{"slackAfterALNS":0,"nInitialNotServicedExpectedRequests":[9,10,8,18,12],"averageObj":[5311.052657864821,9486.822644932587,7308.192124778279,9584.987605056025,11502.486716444411],"slackBeforeALNS":0,"nInitialNotServicedFixedRequests":[0,2,1,2,3],"averageNotServicedExpectedRequests":[22.0,23.0,21.0,25.0,24.0],"ALNSIterations":[4570,4735,4469,4409,2959],"runId":["Run 1","Run 2","Run 3","Run 4","Run 5"]}