{"slackAfterALNS":0,"nInitialNotServicedExpectedRequests":[3,3,4,4,5],"averageObj":[6366.904955637079,8385.72552601719,8379.042704234413,4896.556460040563,6366.898732986322],"slackBeforeALNS":0,"nInitialNotServicedFixedRequests":[1,2,2,0,1],"averageNotServicedExpectedRequests":[11.0,12.0,12.0,17.0,11.0],"ALNSIterations":[4387,4516,4318,4450,2941],"runId":["Run 1","Run 2","Run 3","Run 4","Run 5"]}