{"slackAfterALNS":0,"nInitialNotServicedExpectedRequests":[5,5,4,7,2],"averageObj":[4518.115893378322,6345.927348063125,6860.154037810802,8980.297909124449,4934.00143602276],"slackBeforeALNS":0,"nInitialNotServicedFixedRequests":[0,1,1,2,0],"averageNotServicedExpectedRequests":[13.0,12.0,17.0,18.0,17.0],"ALNSIterations":[4400,3710,4499,4404,4957],"runId":["Run 1","Run 2","Run 3","Run 4","Run 5"]}