{"slackAfterALNS":0,"nInitialNotServicedExpectedRequests":[7,14,7,12,5],"averageObj":[6042.0931621309155,9952.964608228547,5788.013273945346,8123.06818551295,7820.017304488267],"slackBeforeALNS":0,"nInitialNotServicedFixedRequests":[0,2,0,1,1],"averageNotServicedExpectedRequests":[29.0,28.0,26.0,29.0,27.0],"ALNSIterations":[4143,3735,4432,3928,4281],"runId":["Run 1","Run 2","Run 3","Run 4","Run 5"]}