{"slackAfterALNS":0,"nInitialNotServicedExpectedRequests":[3,2,1,4,4],"averageObj":[4522.320624838141,4517.259724821698,4763.788971664456,6905.963868878307,5555.696601101227],"slackBeforeALNS":0,"nInitialNotServicedFixedRequests":[0,0,0,1,0],"averageNotServicedExpectedRequests":[12.0,12.0,15.0,17.0,24.0],"ALNSIterations":[4388,4461,4243,4277,4670],"runId":["Run 1","Run 2","Run 3","Run 4","Run 5"]}