{"slackAfterALNS":0,"nInitialNotServicedExpectedRequests":[2,4,3,3,3],"averageObj":[4827.154052180776,4563.352626436514,4672.1504567042775,5021.7106320813045,5166.806214088391],"slackBeforeALNS":0,"nInitialNotServicedFixedRequests":[0,0,0,0,0],"averageNotServicedExpectedRequests":[16.0,13.0,15.0,17.0,19.0],"ALNSIterations":[4444,4490,4028,4318,4776],"runId":["Run 1","Run 2","Run 3","Run 4","Run 5"]}