{"slackAfterALNS":0,"nInitialNotServicedExpectedRequests":[6,13,11,10,9],"averageObj":[5067.548098611558,9088.964726597796,5389.943388516543,7622.915731568859,7585.139874236311],"slackBeforeALNS":0,"nInitialNotServicedFixedRequests":[0,2,0,1,1],"averageNotServicedExpectedRequests":[20.0,19.0,22.0,25.0,25.0],"ALNSIterations":[4769,4719,4604,4637,4535],"runId":["Run 1","Run 2","Run 3","Run 4","Run 5"]}