{"slackAfterALNS":0,"nInitialNotServicedExpectedRequests":[15,9,6,13,5],"averageObj":[18548.8871891658,14749.94891066383,14552.425934017665,19089.928213361796,18818.527124576318],"slackBeforeALNS":0,"nInitialNotServicedFixedRequests":[5,3,3,5,5],"averageNotServicedExpectedRequests":[32.5,34.9,33.6,37.8,35.9],"ALNSIterations":[610,876,577,741,560],"runId":["Run 1","Run 2","Run 3","Run 4","Run 5"]}