{"slackAfterALNS":0,"nInitialNotServicedExpectedRequests":[1,2,1,0,2],"averageObj":[2442.917634728623,2538.120435060629,2432.7168043050833,2398.5676930966424,2512.131340481262],"slackBeforeALNS":0,"nInitialNotServicedFixedRequests":[1,1,1,1,1],"averageNotServicedExpectedRequests":[2.7,3.8,2.6,2.2,3.5],"ALNSIterations":[281161,312331,364043,336072,318003],"runId":["Run 1","Run 2","Run 3","Run 4","Run 5"]}