{"slackAfterALNS":0,"nInitialNotServicedExpectedRequests":[1,1,0,1,1],"averageObj":[383.08947567503134,357.7595238095238,401.503347427766,447.006015037594,375.8824626456852],"slackBeforeALNS":0,"nInitialNotServicedFixedRequests":[0,0,0,0,0],"averageNotServicedExpectedRequests":[2.0,1.7,2.2,2.7,1.9],"ALNSIterations":[672866,634566,963999,779246,698326],"runId":["Run 1","Run 2","Run 3","Run 4","Run 5"]}