{"slackAfterALNS":0,"nInitialNotServicedExpectedRequests":[1,4,2,1,0],"averageObj":[2463.256015544962,2418.164320651263,2410.7074229691884,2394.4987676799797,2396.3598388947657],"slackBeforeALNS":0,"nInitialNotServicedFixedRequests":[1,1,1,1,1],"averageNotServicedExpectedRequests":[3.0,2.5,2.3,2.2,2.2],"ALNSIterations":[320951,321269,369843,365051,378227],"runId":["Run 1","Run 2","Run 3","Run 4","Run 5"]}