{"slackAfterALNS":0,"nInitialNotServicedExpectedRequests":[56,68,61,65,67,68,61,69,71,63],"averageObj":[11559.441707916581,14503.257625205322,11871.64216692815,14483.475359049171,12731.786040741981,12393.09787287183,11582.947715762479,12649.13373123852,12672.227522790168,11766.279880614802],"slackBeforeALNS":0,"nInitialNotServicedFixedRequests":[0,1,0,1,0,0,0,0,0,0],"averageNotServicedExpectedRequests":[67.0,79.0,71.0,78.0,80.0,77.0,68.0,80.0,80.0,68.0],"ALNSIterations":[648,549,791,892,899,899,896,707,900,813],"runId":["Run 1","Run 2","Run 3","Run 4","Run 5","Run 6","Run 7","Run 8","Run 9","Run 10"]}