{"slackAfterALNS":0,"nInitialNotServicedExpectedRequests":[67,73,67,70,73,54,70,71,64,70],"averageObj":[14110.57880878053,14039.707875416221,16505.374190311733,14030.773475612328,14104.826880628589,13502.815948553518,14470.916530252234,13919.426314321536,13596.870363583064,14018.186081120886],"slackBeforeALNS":0,"nInitialNotServicedFixedRequests":[1,1,2,1,1,1,1,1,1,1],"averageNotServicedExpectedRequests":[73.0,70.0,77.0,70.0,71.0,65.0,77.0,70.0,66.0,71.0],"ALNSIterations":[812,855,584,835,655,845,846,789,740,845],"runId":["Run 1","Run 2","Run 3","Run 4","Run 5","Run 6","Run 7","Run 8","Run 9","Run 10"]}