{"slackAfterALNS":0,"nInitialNotServicedExpectedRequests":[52,59,48,66,65,54,66,51,57,58],"averageObj":[12629.787822055603,13046.992899119965,14309.477294918845,14172.28878999272,13515.399826998964,13192.827615287064,13859.260771835554,12313.597634847507,12912.768876197417,12901.608127622922],"slackBeforeALNS":0,"nInitialNotServicedFixedRequests":[1,1,2,1,1,1,1,1,1,1],"averageNotServicedExpectedRequests":[57.0,62.0,55.0,74.0,69.0,65.0,72.0,54.0,63.0,60.0],"ALNSIterations":[900,859,883,848,865,869,593,804,802,827],"runId":["Run 1","Run 2","Run 3","Run 4","Run 5","Run 6","Run 7","Run 8","Run 9","Run 10"]}