{"slackAfterALNS":0,"nInitialNotServicedExpectedRequests":[50,57,57,74,53,64,66,58,56,64],"averageObj":[12834.42742881672,14235.506653739609,10757.987479592395,12303.201648001193,12584.577729942936,13754.829841031951,11874.272271472651,13052.989243200147,11205.89320595795,14053.864034127673],"slackBeforeALNS":0,"nInitialNotServicedFixedRequests":[1,1,0,0,1,1,0,1,0,1],"averageNotServicedExpectedRequests":[57.0,73.0,58.0,76.0,54.0,66.0,70.0,59.0,62.0,72.0],"ALNSIterations":[916,907,894,900,712,889,893,846,781,762],"runId":["Run 1","Run 2","Run 3","Run 4","Run 5","Run 6","Run 7","Run 8","Run 9","Run 10"]}