{"slackAfterALNS":0,"nInitialNotServicedExpectedRequests":[53,62,65,60,66,67,63,69,64,66],"averageObj":[10808.255026644736,11613.660410832792,11316.107840374116,10983.228431554653,12275.050089681983,11398.084043058434,11272.923856440433,12252.78362927151,11920.94852035455,12267.912113629569],"slackBeforeALNS":0,"nInitialNotServicedFixedRequests":[0,0,0,0,0,0,0,0,0,0],"averageNotServicedExpectedRequests":[60.0,69.0,65.0,62.0,77.0,66.0,66.0,76.0,73.0,76.0],"ALNSIterations":[987,930,936,940,951,928,936,931,952,824],"runId":["Run 1","Run 2","Run 3","Run 4","Run 5","Run 6","Run 7","Run 8","Run 9","Run 10"]}