{"slackAfterALNS":0,"nInitialNotServicedExpectedRequests":[67,57,66,58,66,68,69,73,66,72],"averageObj":[12554.711641490621,12987.524029012406,11701.908838365169,13803.577005947769,12575.2747980384,12158.920518906602,11507.68056146616,12518.001850798331,12258.317252484876,13270.230389206434],"slackBeforeALNS":0,"nInitialNotServicedFixedRequests":[0,1,0,1,0,0,0,0,0,0],"averageNotServicedExpectedRequests":[79.0,60.0,70.0,70.0,79.0,75.0,67.0,79.0,75.0,86.0],"ALNSIterations":[887,654,822,898,787,877,904,890,798,771],"runId":["Run 1","Run 2","Run 3","Run 4","Run 5","Run 6","Run 7","Run 8","Run 9","Run 10"]}