{"slackAfterALNS":0,"nInitialNotServicedExpectedRequests":[69,66,48,74,75,60,70,73,63,70],"averageObj":[12235.217167346917,11695.685269618525,10841.891655414149,13640.611444074835,13014.386087124085,13731.578541307896,11511.624958783255,12351.302241965232,11396.424364078726,14524.051513604874],"slackBeforeALNS":0,"nInitialNotServicedFixedRequests":[0,0,0,1,0,1,0,0,0,1],"averageNotServicedExpectedRequests":[75.0,70.0,60.0,69.0,84.0,68.0,68.0,76.0,65.0,78.0],"ALNSIterations":[861,853,902,915,884,889,890,877,707,814],"runId":["Run 1","Run 2","Run 3","Run 4","Run 5","Run 6","Run 7","Run 8","Run 9","Run 10"]}