{"slackAfterALNS":0,"nInitialNotServicedExpectedRequests":[65,63,55,53,56,66,48,60,55,54],"averageObj":[12894.390767656989,13264.766861169828,12909.796320023099,12496.699125902986,12993.09611038759,13069.724112366703,12222.781890756833,12956.848231729718,12191.079762783565,14344.695590299994],"slackBeforeALNS":0,"nInitialNotServicedFixedRequests":[1,1,1,1,1,1,1,1,1,2],"averageNotServicedExpectedRequests":[61.0,66.0,61.0,56.0,63.0,63.0,54.0,61.0,53.0,55.0],"ALNSIterations":[849,883,895,530,808,540,809,658,725,864],"runId":["Run 1","Run 2","Run 3","Run 4","Run 5","Run 6","Run 7","Run 8","Run 9","Run 10"]}