{"slackAfterALNS":0,"nInitialNotServicedExpectedRequests":[74,61,60,67,71,72,57,61,71,63],"averageObj":[13852.745878849866,13512.336933526527,15619.152067063658,14293.451645876874,14568.723830160077,15328.993742194925,13478.82346710993,13885.538662427647,14343.486804214208,13058.973979093846],"slackBeforeALNS":0,"nInitialNotServicedFixedRequests":[1,1,2,1,1,1,1,1,1,1],"averageNotServicedExpectedRequests":[70.0,67.0,68.0,77.0,79.0,87.0,66.0,72.0,78.0,63.0],"ALNSIterations":[880,897,606,550,785,841,841,810,896,895],"runId":["Run 1","Run 2","Run 3","Run 4","Run 5","Run 6","Run 7","Run 8","Run 9","Run 10"]}