{"slackAfterALNS":0,"nInitialNotServicedExpectedRequests":[70,54,54,65,61,73,65,72,65,65],"averageObj":[12907.707098704592,11505.776340743776,12195.466145006281,11784.527670694692,13579.454967904869,12630.46627748027,12441.652988776203,11911.310906914321,11229.734104577865,11247.916636619233],"slackBeforeALNS":0,"nInitialNotServicedFixedRequests":[0,0,0,0,1,0,0,0,0,0],"averageNotServicedExpectedRequests":[84.0,67.0,76.0,70.0,67.0,81.0,78.0,73.0,64.0,64.0],"ALNSIterations":[652,855,915,911,841,590,611,859,909,829],"runId":["Run 1","Run 2","Run 3","Run 4","Run 5","Run 6","Run 7","Run 8","Run 9","Run 10"]}