{"slackAfterALNS":0,"nInitialNotServicedExpectedRequests":[0,0,0,1,0,0,1,1,0,1],"averageObj":[1508.6245557602153,1317.3403387374615,1473.6073999266796,1579.9493545486994,1496.360498076943,1476.972760710019,1497.9527755688946,1471.9203452917232,1452.6727501478895,1587.4966378842923],"slackBeforeALNS":0,"nInitialNotServicedFixedRequests":[0,0,0,0,0,0,0,0,0,0],"averageNotServicedExpectedRequests":[5.4,3.2,4.8,6.2,5.1,5.0,5.1,5.0,4.8,6.2],"runId":["Run 1","Run 2","Run 3","Run 4","Run 5","Run 6","Run 7","Run 8","Run 9","Run 10"]}