{"slackAfterALNS":0,"nInitialNotServicedExpectedRequests":[0,1,1,0,1,1,0,4,2,0],"averageObj":[1519.5213683567695,1460.5219038623059,1543.245974467931,1494.5131844314571,1495.3158099804252,1450.3406221961127,1601.394762848548,1453.0616943173525,1435.159366027463,1428.3074089127492],"slackBeforeALNS":0,"nInitialNotServicedFixedRequests":[0,0,0,0,0,0,0,0,0,0],"averageNotServicedExpectedRequests":[5.2,4.7,5.6,5.0,4.9,4.6,6.4,4.6,4.4,4.5],"runId":["Run 1","Run 2","Run 3","Run 4","Run 5","Run 6","Run 7","Run 8","Run 9","Run 10"]}