{"slackAfterALNS":0,"nInitialNotServicedExpectedRequests":[0,1,1,0,0,0,0,0,0,1],"averageObj":[1525.6590838468212,1435.244118735885,1396.7435027352155,1332.8664800209663,1446.5132157438843,1378.4871035913138,1427.3002764957594,1469.5286161303034,1312.9445574741137,1604.8814719979684],"slackBeforeALNS":0,"nInitialNotServicedFixedRequests":[0,0,0,0,0,0,0,0,0,0],"averageNotServicedExpectedRequests":[5.6,4.6,4.1,3.5,4.8,4.0,4.4,4.8,3.3,6.5],"runId":["Run 1","Run 2","Run 3","Run 4","Run 5","Run 6","Run 7","Run 8","Run 9","Run 10"]}