{"slackAfterALNS":0,"nInitialNotServicedExpectedRequests":[0,1,1,4,2,0,0,2,0,0],"averageObj":[1482.4620625149732,1443.6088935552236,1394.5921176716195,1554.872489514832,1440.9484644381369,1339.218589022514,1416.1250686486878,1410.0461892610942,1440.793479885587,1643.0030830628232],"slackBeforeALNS":0,"nInitialNotServicedFixedRequests":[0,0,0,0,0,0,0,0,0,0],"averageNotServicedExpectedRequests":[5.1,4.6,4.1,5.9,4.6,3.5,4.4,4.3,4.6,6.8],"runId":["Run 1","Run 2","Run 3","Run 4","Run 5","Run 6","Run 7","Run 8","Run 9","Run 10"]}