{"slackAfterALNS":0,"nInitialNotServicedExpectedRequests":[0,0,1,0,2,0,1,0,0,1],"averageObj":[1380.827150738533,1469.0955832524166,1357.5796955766698,1480.3960888426225,1484.0663826239575,1294.8815345898727,1645.1849186415143,1362.1005596726432,1394.231615140318,1394.1462348998052],"slackBeforeALNS":0,"nInitialNotServicedFixedRequests":[0,0,0,0,0,0,0,0,0,0],"averageNotServicedExpectedRequests":[3.9,5.0,3.7,5.0,5.0,3.1,6.9,3.8,4.1,4.1],"runId":["Run 1","Run 2","Run 3","Run 4","Run 5","Run 6","Run 7","Run 8","Run 9","Run 10"]}