{"slackAfterALNS":0,"nInitialNotServicedExpectedRequests":[0,2,0,2,1,0,1,0,1,2],"averageObj":[1644.4193203148484,1560.8102749135082,1465.6431292057982,1557.4660832855122,1387.2322758849793,1387.4003913012016,1395.57967143622,1547.978435271131,1462.4483145982879,1491.1720977412324],"slackBeforeALNS":0,"nInitialNotServicedFixedRequests":[0,0,0,0,0,0,0,0,0,0],"averageNotServicedExpectedRequests":[6.8,5.9,5.0,5.9,4.0,4.0,4.1,5.9,4.9,5.1],"runId":["Run 1","Run 2","Run 3","Run 4","Run 5","Run 6","Run 7","Run 8","Run 9","Run 10"]}