{"slackAfterALNS":0,"nInitialNotServicedExpectedRequests":[0,0,0,1,0,0,0,1,0,0],"averageObj":[1382.1363891449157,1642.6316402685443,1567.6079829341725,1579.2311991348442,1453.234644335785,1724.128957348024,1343.7990109420884,1384.188936343066,1550.744908942422,1525.4025842934527],"slackBeforeALNS":0,"nInitialNotServicedFixedRequests":[0,0,0,0,0,0,0,0,0,0],"averageNotServicedExpectedRequests":[3.7,6.7,5.9,5.8,4.6,7.6,3.4,3.9,5.7,5.4],"runId":["Run 1","Run 2","Run 3","Run 4","Run 5","Run 6","Run 7","Run 8","Run 9","Run 10"]}