{"slackAfterALNS":0,"nInitialNotServicedExpectedRequests":[0,1,0,0,0,0,1,1,0,0],"averageObj":[1416.7016593805672,1464.4267101965766,1303.0901710595228,1458.9995170607713,1492.754321524158,1451.739511682052,1408.4569981252394,1383.2715166424573,1467.0918828887268,1358.779445149971],"slackBeforeALNS":0,"nInitialNotServicedFixedRequests":[0,0,0,0,0,0,0,0,0,0],"averageNotServicedExpectedRequests":[4.4,4.9,3.1,4.9,5.1,4.8,4.3,4.0,5.0,3.7],"runId":["Run 1","Run 2","Run 3","Run 4","Run 5","Run 6","Run 7","Run 8","Run 9","Run 10"]}