{"slackAfterALNS":0,"nInitialNotServicedExpectedRequests":[7,3,9,10,6],"averageObj":[4660.990570438879,4516.168414238827,4574.251462764605,4624.8238333255385,4419.720915191285],"slackBeforeALNS":0,"nInitialNotServicedFixedRequests":[1,1,1,1,1],"averageNotServicedExpectedRequests":[16.3,15.8,16.6,17.3,14.8],"ALNSIterations":[36169,30613,32365,41735,33045],"runId":["Run 1","Run 2","Run 3","Run 4","Run 5"]}