{"slackAfterALNS":0,"nInitialNotServicedExpectedRequests":[5,8,10,10,3],"averageObj":[2400.5093311718247,2382.648819935267,4454.101458421944,4588.0379344660005,2629.086455944699],"slackBeforeALNS":0,"nInitialNotServicedFixedRequests":[0,0,1,1,0],"averageNotServicedExpectedRequests":[14.6,14.4,14.9,17.0,17.3],"ALNSIterations":[21025,30213,23142,30278,31529],"runId":["Run 1","Run 2","Run 3","Run 4","Run 5"]}