{"slackAfterALNS":0,"nInitialNotServicedExpectedRequests":[4,2,7,1,14],"averageObj":[15411.701298319056,7049.39309324638,10688.267317726133,5335.456555310416,21222.657524077113],"slackBeforeALNS":0,"nInitialNotServicedFixedRequests":[5,1,3,0,8],"averageNotServicedExpectedRequests":[22.5,18.8,14.8,21.4,22.2],"ALNSIterations":[1812,1958,1958,2049,1892],"runId":["Run 1","Run 2","Run 3","Run 4","Run 5"]}