{"slackAfterALNS":0,"nInitialNotServicedExpectedRequests":[9,3,8,10,4],"averageObj":[15792.368811058399,11826.381491227348,9662.158691407825,7964.38547276405,5559.115071766877],"slackBeforeALNS":0,"nInitialNotServicedFixedRequests":[5,3,2,1,0],"averageNotServicedExpectedRequests":[26.0,26.3,24.1,27.1,23.5],"ALNSIterations":[1879,1853,2024,2044,2078],"runId":["Run 1","Run 2","Run 3","Run 4","Run 5"]}