{"slackAfterALNS":0,"nInitialNotServicedExpectedRequests":[1,1,1,1,0],"averageObj":[3360.799633848189,3313.0127855322944,3267.859618630587,3329.7752117167875,3426.125588511316],"slackBeforeALNS":0,"nInitialNotServicedFixedRequests":[0,0,0,0,0],"averageNotServicedExpectedRequests":[3.0,3.0,2.0,3.0,4.0],"ALNSIterations":[2252,2251,2252,2122,2279],"runId":["Run 1","Run 2","Run 3","Run 4","Run 5"]}