{"slackAfterALNS":0,"nInitialNotServicedExpectedRequests":[2,1,2,2,2],"averageObj":[3509.2485301661227,3270.979715247196,3626.200573607849,3484.0969559260375,3287.483979580754],"slackBeforeALNS":0,"nInitialNotServicedFixedRequests":[0,0,0,0,0],"averageNotServicedExpectedRequests":[5.0,2.0,6.0,5.0,3.0],"ALNSIterations":[1342,2312,1449,1958,2436],"runId":["Run 1","Run 2","Run 3","Run 4","Run 5"]}