{"slackAfterALNS":0,"nInitialNotServicedExpectedRequests":[0,0,0,0,0],"averageObj":[3212.8709971661297,3303.109774627642,3038.4629984190287,3160.8884904624174,3167.7892110730145],"slackBeforeALNS":0,"nInitialNotServicedFixedRequests":[0,0,0,0,0],"averageNotServicedExpectedRequests":[2.0,2.0,0.0,1.0,1.0],"ALNSIterations":[2284,1796,2247,2125,2326],"runId":["Run 1","Run 2","Run 3","Run 4","Run 5"]}