{"slackAfterALNS":0,"nInitialNotServicedExpectedRequests":[0,1,0,0,0],"averageObj":[3695.143409297415,3673.4024397932853,3523.391913515422,3658.5818694363415,3631.729961057433],"slackBeforeALNS":0,"nInitialNotServicedFixedRequests":[0,0,0,0,0],"averageNotServicedExpectedRequests":[5.0,6.0,4.0,6.0,5.0],"ALNSIterations":[2079,2057,1299,1962,2120],"runId":["Run 1","Run 2","Run 3","Run 4","Run 5"]}