{"slackAfterALNS":0,"nInitialNotServicedExpectedRequests":[1,1,1,1,0],"averageObj":[3322.5556092037377,3727.4766582522343,3418.5745920644704,3123.8742997198874,3308.863779909432],"slackBeforeALNS":0,"nInitialNotServicedFixedRequests":[0,0,0,0,0],"averageNotServicedExpectedRequests":[3.0,7.0,4.0,1.0,3.0],"ALNSIterations":[2341,2337,2319,2243,2398],"runId":["Run 1","Run 2","Run 3","Run 4","Run 5"]}