{"slackAfterALNS":0,"nInitialNotServicedExpectedRequests":[1,2,3,1,2],"averageObj":[3352.7864061517066,3571.404124854279,3293.436715438099,3332.6418127269217,3382.988648090817],"slackBeforeALNS":0,"nInitialNotServicedFixedRequests":[0,0,0,0,0],"averageNotServicedExpectedRequests":[3.0,5.0,3.0,3.0,4.0],"ALNSIterations":[2456,1989,2450,2233,2435],"runId":["Run 1","Run 2","Run 3","Run 4","Run 5"]}