{"slackAfterALNS":0,"nInitialNotServicedExpectedRequests":[56,57,61,66,53,62,50,62,50,59],"averageObj":[12950.296152854395,12017.177817155347,13428.011591901693,13813.125559074102,14909.65704480997,12688.004456240507,14894.141892659183,14417.589876192473,14405.102186079235,13271.395172310975],"slackBeforeALNS":0,"nInitialNotServicedFixedRequests":[1,1,1,1,2,1,2,1,2,1],"averageNotServicedExpectedRequests":[61.0,50.0,66.0,70.0,61.0,59.0,61.0,79.0,54.0,64.0],"ALNSIterations":[928,904,492,490,497,493,498,494,496,517],"runId":["Run 1","Run 2","Run 3","Run 4","Run 5","Run 6","Run 7","Run 8","Run 9","Run 10"]}