{"slackAfterALNS":0,"nInitialNotServicedExpectedRequests":[64,53,63,52,62,72,64,61,53,67],"averageObj":[11582.254682587109,12694.246693267805,12964.823582718107,13640.84731699478,12325.560938331373,11698.208579194454,11054.47547689057,13350.839832097274,13205.003074854681,11893.319469251916],"slackBeforeALNS":0,"nInitialNotServicedFixedRequests":[0,1,0,1,0,0,0,1,1,0],"averageNotServicedExpectedRequests":[69.0,58.0,83.0,69.0,77.0,70.0,62.0,66.0,63.0,72.0],"ALNSIterations":[516,934,940,928,945,505,498,782,942,933],"runId":["Run 1","Run 2","Run 3","Run 4","Run 5","Run 6","Run 7","Run 8","Run 9","Run 10"]}