{"slackAfterALNS":0,"nInitialNotServicedExpectedRequests":[63,72,57,56,63,82,70,54,55,54],"averageObj":[12613.761353348604,12445.833766460559,12912.745835705467,12432.873612934332,11952.656358538867,12756.723855941105,12398.65193421241,11571.507500650156,11848.430240524554,12651.190969245032],"slackBeforeALNS":0,"nInitialNotServicedFixedRequests":[0,0,0,0,0,0,0,0,0,1],"averageNotServicedExpectedRequests":[79.0,77.0,82.0,78.0,71.0,82.0,77.0,68.0,70.0,58.0],"ALNSIterations":[922,894,917,890,886,904,886,892,904,906],"runId":["Run 1","Run 2","Run 3","Run 4","Run 5","Run 6","Run 7","Run 8","Run 9","Run 10"]}