{"slackAfterALNS":0,"nInitialNotServicedExpectedRequests":[60,65,67,64,70,49,75,80,62,63],"averageObj":[15363.681723641124,14063.036155402431,13754.705133344862,13738.95900452961,13232.769608628882,13349.639818491672,14938.161991641517,14875.101655095295,16057.324327415616,15154.302747922422],"slackBeforeALNS":0,"nInitialNotServicedFixedRequests":[2,1,1,1,1,1,1,1,2,2],"averageNotServicedExpectedRequests":[64.0,70.0,69.0,67.0,61.0,63.0,83.0,80.0,70.0,61.0],"ALNSIterations":[500,478,904,909,898,887,871,637,471,476],"runId":["Run 1","Run 2","Run 3","Run 4","Run 5","Run 6","Run 7","Run 8","Run 9","Run 10"]}