{"slackAfterALNS":0,"nInitialNotServicedExpectedRequests":[65,67,61,67,61,56,59,44,50,58],"averageObj":[12010.718425109162,13911.382916492552,13758.340894316989,16352.870267817281,11674.179812969584,12622.259807025142,14105.509936098591,12453.891624113383,12917.504969365722,10720.22667120374],"slackBeforeALNS":0,"nInitialNotServicedFixedRequests":[0,1,1,2,0,1,1,1,1,0],"averageNotServicedExpectedRequests":[70.0,70.0,68.0,77.0,69.0,56.0,72.0,54.0,60.0,57.0],"ALNSIterations":[516,504,501,507,584,943,920,933,940,927],"runId":["Run 1","Run 2","Run 3","Run 4","Run 5","Run 6","Run 7","Run 8","Run 9","Run 10"]}