{"slackAfterALNS":0,"nInitialNotServicedExpectedRequests":[68,68,69,71,77,65,70,64,70,70],"averageObj":[11756.318287624601,14364.05410864505,11922.698756982654,12682.453488755611,12069.505394079884,14566.457352783767,13013.552437203947,12294.132024117282,11722.55818549344,11451.839777741685],"slackBeforeALNS":0,"nInitialNotServicedFixedRequests":[0,1,0,0,0,1,0,0,0,0],"averageNotServicedExpectedRequests":[70.0,77.0,70.0,80.0,74.0,79.0,85.0,75.0,68.0,66.0],"ALNSIterations":[967,504,942,939,932,507,501,812,945,941],"runId":["Run 1","Run 2","Run 3","Run 4","Run 5","Run 6","Run 7","Run 8","Run 9","Run 10"]}