{"slackAfterALNS":0,"nInitialNotServicedExpectedRequests":[56,52,59,46,62,57,57,67,48,52],"averageObj":[12708.898949414415,11550.503898604338,12620.323619525228,12150.679474231949,12636.078268477442,13633.463825156734,12939.449503675713,12901.1845697488,12132.775201699511,12626.309482276922],"slackBeforeALNS":0,"nInitialNotServicedFixedRequests":[1,1,1,1,1,1,1,1,1,1],"averageNotServicedExpectedRequests":[59.0,46.0,58.0,52.0,58.0,69.0,61.0,61.0,53.0,58.0],"ALNSIterations":[978,978,972,954,974,954,957,951,950,971],"runId":["Run 1","Run 2","Run 3","Run 4","Run 5","Run 6","Run 7","Run 8","Run 9","Run 10"]}