{"slackAfterALNS":0,"nInitialNotServicedExpectedRequests":[69,62,71,78,68,62,51,72,74,67],"averageObj":[11758.424504218146,11801.254818853691,11681.653685352063,12446.638417317676,11376.336891598037,11933.098673883807,12845.999365111336,12541.158925049105,11356.715420626062,11914.443292510672],"slackBeforeALNS":0,"nInitialNotServicedFixedRequests":[0,0,0,0,0,0,1,0,0,0],"averageNotServicedExpectedRequests":[71.0,70.0,70.0,80.0,66.0,71.0,59.0,78.0,66.0,74.0],"ALNSIterations":[544,536,541,550,602,978,993,620,527,536],"runId":["Run 1","Run 2","Run 3","Run 4","Run 5","Run 6","Run 7","Run 8","Run 9","Run 10"]}