{"slackAfterALNS":0,"nInitialNotServicedExpectedRequests":[66,68,55,62,59,55,70,65,70,58],"averageObj":[11838.728333478572,12323.72587150286,11842.285126468456,11655.621532083545,12044.925899572398,11009.424418416627,11921.963910817274,11186.848401577447,11289.150413235431,11385.60038741586],"slackBeforeALNS":0,"nInitialNotServicedFixedRequests":[0,0,0,0,0,0,0,0,0,0],"averageNotServicedExpectedRequests":[71.0,77.0,72.0,69.0,73.0,62.0,73.0,63.0,65.0,67.0],"ALNSIterations":[972,958,949,948,966,937,938,957,958,950],"runId":["Run 1","Run 2","Run 3","Run 4","Run 5","Run 6","Run 7","Run 8","Run 9","Run 10"]}