{"slackAfterALNS":0,"nInitialNotServicedExpectedRequests":[70,56,79,67,70,72,58,74,50,63],"averageObj":[14544.147503332617,14090.677339015787,14574.173236712082,15585.007253412818,14261.335877633424,13697.744170662208,13324.134502041183,14489.790290985253,14928.963184407816,16550.48861789316],"slackBeforeALNS":0,"nInitialNotServicedFixedRequests":[1,1,1,2,1,1,1,1,2,2],"averageNotServicedExpectedRequests":[79.0,73.0,80.0,69.0,76.0,69.0,64.0,79.0,60.0,80.0],"ALNSIterations":[988,970,526,530,529,526,529,515,525,546],"runId":["Run 1","Run 2","Run 3","Run 4","Run 5","Run 6","Run 7","Run 8","Run 9","Run 10"]}