{"slackAfterALNS":0,"nInitialNotServicedExpectedRequests":[38,35,41,41,32],"averageObj":[9081.381664839759,9629.455082147077,9562.925937393707,9267.247958470774,9537.890925736836],"slackBeforeALNS":0,"nInitialNotServicedFixedRequests":[0,0,0,0,0],"averageNotServicedExpectedRequests":[42.0,47.0,47.0,44.0,46.0],"ALNSIterations":[657,640,543,494,782],"runId":["Run 1","Run 2","Run 3","Run 4","Run 5"]}