{"slackAfterALNS":0,"nInitialNotServicedExpectedRequests":[45,45,49,52,40],"averageObj":[10269.061476008445,9345.455819271168,9680.596493748339,9904.72481446469,9928.763322065251],"slackBeforeALNS":0,"nInitialNotServicedFixedRequests":[0,0,0,0,0],"averageNotServicedExpectedRequests":[54.0,43.0,46.0,48.0,50.0],"ALNSIterations":[772,900,520,817,773],"runId":["Run 1","Run 2","Run 3","Run 4","Run 5"]}