{"slackAfterALNS":0,"nInitialNotServicedExpectedRequests":[16,17,14,18,18],"averageObj":[5758.772788473355,5537.123959903657,5317.178456404248,5745.168941520361,5715.932799436456],"slackBeforeALNS":0,"nInitialNotServicedFixedRequests":[0,0,0,0,0],"averageNotServicedExpectedRequests":[25.0,25.0,22.0,27.0,26.0],"ALNSIterations":[4040,4201,4301,4216,4144],"runId":["Run 1","Run 2","Run 3","Run 4","Run 5"]}