{"slackAfterALNS":0,"nInitialNotServicedExpectedRequests":[8,5,7,5,7],"averageObj":[9465.702056303408,13561.109488083359,9318.992129285567,7527.248273739606,5758.848214519898],"slackBeforeALNS":0,"nInitialNotServicedFixedRequests":[2,4,2,1,0],"averageNotServicedExpectedRequests":[22.2,23.5,20.6,23.2,25.3],"ALNSIterations":[2115,1929,2273,2061,1771],"runId":["Run 1","Run 2","Run 3","Run 4","Run 5"]}