{"slackAfterALNS":0,"nInitialNotServicedExpectedRequests":[5,6,7,10,6],"averageObj":[7194.187265163152,5183.632175130887,7383.843894851016,5178.200305454844,7284.873195475411],"slackBeforeALNS":0,"nInitialNotServicedFixedRequests":[1,0,1,0,1],"averageNotServicedExpectedRequests":[20.7,21.3,23.4,21.6,23.2],"ALNSIterations":[1905,2268,1640,2221,2513],"runId":["Run 1","Run 2","Run 3","Run 4","Run 5"]}