{"slackAfterALNS":0,"nInitialNotServicedExpectedRequests":[6,6,8,7,5],"averageObj":[9407.138266112714,5832.526989940148,7250.83055888339,7466.495662938573,7131.941762348368],"slackBeforeALNS":0,"nInitialNotServicedFixedRequests":[2,0,1,1,1],"averageNotServicedExpectedRequests":[23.4,27.3,21.1,24.4,20.1],"ALNSIterations":[2209,2479,2314,2015,2093],"runId":["Run 1","Run 2","Run 3","Run 4","Run 5"]}