{"slackAfterALNS":0,"nInitialNotServicedExpectedRequests":[6,11,6,9,6],"averageObj":[9262.840205522083,11411.754828041365,7592.92026177932,9703.218507534988,7526.325647862514],"slackBeforeALNS":0,"nInitialNotServicedFixedRequests":[2,3,1,2,1],"averageNotServicedExpectedRequests":[20.5,22.8,23.1,25.6,23.7],"ALNSIterations":[1305,1206,1827,1900,1812],"runId":["Run 1","Run 2","Run 3","Run 4","Run 5"]}