{"slackAfterALNS":0,"nInitialNotServicedExpectedRequests":[17,22,21,30,18],"averageObj":[6207.165086210383,5815.512644110547,6422.422653397541,6086.905651599113,6173.855961896537],"slackBeforeALNS":0,"nInitialNotServicedFixedRequests":[0,0,0,0,0],"averageNotServicedExpectedRequests":[32.0,27.6,34.3,31.2,32.1],"ALNSIterations":[5758,5741,5651,5825,5882],"runId":["Run 1","Run 2","Run 3","Run 4","Run 5"]}