{"slackAfterALNS":0,"nInitialNotServicedExpectedRequests":[15,25,22,23,23],"averageObj":[6320.5261401676335,6317.957231508468,6235.6278072128425,6060.8280915238365,5941.757445307111],"slackBeforeALNS":0,"nInitialNotServicedFixedRequests":[0,0,0,0,0],"averageNotServicedExpectedRequests":[34.6,34.2,33.6,31.1,30.3],"ALNSIterations":[6284,6189,6645,6518,6343],"runId":["Run 1","Run 2","Run 3","Run 4","Run 5"]}