{"slackAfterALNS":0,"nInitialNotServicedExpectedRequests":[13,25,16,17,19],"averageObj":[6000.008080246893,5894.955747303046,5766.812503590996,5905.71762461174,5875.959999674166],"slackBeforeALNS":0,"nInitialNotServicedFixedRequests":[0,0,0,0,0],"averageNotServicedExpectedRequests":[30.3,28.7,27.5,29.1,29.4],"ALNSIterations":[4639,4808,4323,5850,5601],"runId":["Run 1","Run 2","Run 3","Run 4","Run 5"]}