{"slackAfterALNS":0,"nInitialNotServicedExpectedRequests":[0,6,0,2,0,0,1,2,4,4],"averageObj":[3982.266010693719,3833.5471671775667,3706.2385673329723,4001.8434532762417,4061.976001394374,4075.192383962899,3937.5022470988033,3784.8259387288913,4059.377014384052,3779.5079827587006],"slackBeforeALNS":0,"nInitialNotServicedFixedRequests":[0,0,0,0,0,0,0,0,0,0],"averageNotServicedExpectedRequests":[10.0,8.7,7.1,10.1,10.7,11.0,9.5,7.9,10.9,7.9],"runId":["Run 1","Run 2","Run 3","Run 4","Run 5","Run 6","Run 7","Run 8","Run 9","Run 10"]}