{"slackAfterALNS":0,"nInitialNotServicedExpectedRequests":[0,0,0,0,0,0,0,0,0,0],"averageObj":[3870.4062288509203,3943.7666727363785,3752.8982258187098,3901.8134878262526,4164.983513099459,3821.0128636186223,3892.026755176713,3686.233573839853,3753.5670219679255,4030.0069411955656],"slackBeforeALNS":0,"nInitialNotServicedFixedRequests":[0,0,0,0,0,0,0,0,0,0],"averageNotServicedExpectedRequests":[9.1,9.6,7.6,9.3,12.1,8.3,9.0,6.9,7.6,10.5],"runId":["Run 1","Run 2","Run 3","Run 4","Run 5","Run 6","Run 7","Run 8","Run 9","Run 10"]}