{"slackAfterALNS":0,"nInitialNotServicedExpectedRequests":[0,0,2,0,0,0,0,1,0,0],"averageObj":[4128.5857764102675,3880.8262228423323,3952.4324210407694,3843.289500825313,4010.25085990327,3980.3815688406185,4112.956922936874,4218.682029760761,4095.8977789528667,3902.791489446868],"slackBeforeALNS":0,"nInitialNotServicedFixedRequests":[0,0,0,0,0,0,0,0,0,0],"averageNotServicedExpectedRequests":[11.6,9.0,9.6,8.5,10.2,9.8,11.4,12.6,11.0,9.3],"runId":["Run 1","Run 2","Run 3","Run 4","Run 5","Run 6","Run 7","Run 8","Run 9","Run 10"]}