{"slackAfterALNS":0,"nInitialNotServicedExpectedRequests":[0,2,0,0,0,0,0,2,0,3],"averageObj":[3771.88168873696,3750.3081409915562,3944.6035412642705,3928.0066785595773,3671.402577231077,3707.5217002705563,3820.2399935985386,3585.9592498694356,3727.5307932926253,3844.575570517318],"slackBeforeALNS":0,"nInitialNotServicedFixedRequests":[0,0,0,0,0,0,0,0,0,0],"averageNotServicedExpectedRequests":[8.0,7.4,9.9,9.6,6.7,6.9,8.3,6.0,7.2,8.6],"runId":["Run 1","Run 2","Run 3","Run 4","Run 5","Run 6","Run 7","Run 8","Run 9","Run 10"]}