{"slackAfterALNS":0,"nInitialNotServicedExpectedRequests":[0,0,0,0,0,0,0,0,0,0],"averageObj":[3432.478714548649,4001.287060912521,3635.157660143198,3432.026625904617,3595.5394483554046,3710.6823780403383,3755.8990089849385,3635.2149689934677,3704.9585397886162,3720.9660741315192],"slackBeforeALNS":0,"nInitialNotServicedFixedRequests":[0,0,0,0,0,0,0,0,0,0],"averageNotServicedExpectedRequests":[4.3,10.4,6.6,4.3,6.0,7.2,7.6,6.6,7.3,7.6],"runId":["Run 1","Run 2","Run 3","Run 4","Run 5","Run 6","Run 7","Run 8","Run 9","Run 10"]}