{"slackAfterALNS":0,"nInitialNotServicedExpectedRequests":[0,0,0,0,0,0,0,0,0,0],"averageObj":[3562.872533781302,3733.377985503486,3690.5554399087896,3669.3170238026228,3591.5503032773777,3712.153074070251,3957.943158306366,3921.9153487732356,3614.872471614166,3982.106349420605],"slackBeforeALNS":0,"nInitialNotServicedFixedRequests":[0,0,0,0,0,0,0,0,0,0],"averageNotServicedExpectedRequests":[5.7,7.4,6.8,6.5,5.9,7.4,9.6,9.2,6.1,9.9],"runId":["Run 1","Run 2","Run 3","Run 4","Run 5","Run 6","Run 7","Run 8","Run 9","Run 10"]}