{"slackAfterALNS":0,"nInitialNotServicedExpectedRequests":[0,0,0,1,0,0,0,0,0,0],"averageObj":[3868.005581675654,4003.287197407434,3700.7793208579365,3920.844952690664,3699.0870967169735,3919.714526503119,3876.6026518313943,3922.14346821616,3948.9356510428674,4044.6739000638895],"slackBeforeALNS":0,"nInitialNotServicedFixedRequests":[0,0,0,0,0,0,0,0,0,0],"averageNotServicedExpectedRequests":[8.8,10.1,7.0,9.4,7.0,9.3,8.9,9.4,9.6,10.4],"runId":["Run 1","Run 2","Run 3","Run 4","Run 5","Run 6","Run 7","Run 8","Run 9","Run 10"]}