{"slackAfterALNS":0,"nInitialNotServicedExpectedRequests":[0,1,0,0,1,1,1,0,0,0],"averageObj":[3923.8525743812024,3721.95402502862,3748.9018976926936,3777.63764287247,3758.514671467933,3718.2822329734636,3801.485183353664,3778.3159843201056,3887.2930378224,3996.624624393681],"slackBeforeALNS":0,"nInitialNotServicedFixedRequests":[0,0,0,0,0,0,0,0,0,0],"averageNotServicedExpectedRequests":[9.4,7.3,7.3,7.7,7.6,7.0,8.1,7.7,8.8,10.1],"runId":["Run 1","Run 2","Run 3","Run 4","Run 5","Run 6","Run 7","Run 8","Run 9","Run 10"]}