{"slackAfterALNS":0,"nInitialNotServicedExpectedRequests":[4,9,10,10,5],"averageObj":[7527.308239542332,5417.300481391629,9448.117552846054,9704.779110086401,7807.898931402005],"slackBeforeALNS":0,"nInitialNotServicedFixedRequests":[1,0,2,2,1],"averageNotServicedExpectedRequests":[24.5,23.7,23.6,26.5,27.4],"ALNSIterations":[3652,5179,3954,4485,4744],"runId":["Run 1","Run 2","Run 3","Run 4","Run 5"]}