{"slackAfterALNS":0,"nInitialNotServicedExpectedRequests":[19,16,17,13,11],"averageObj":[6278.084707566371,5489.163062958394,5811.916467600771,5998.038257242988,5739.202822274382],"slackBeforeALNS":0,"nInitialNotServicedFixedRequests":[0,0,0,0,0],"averageNotServicedExpectedRequests":[32.9,24.4,27.8,28.6,27.2],"ALNSIterations":[5162,4503,3954,5411,5372],"runId":["Run 1","Run 2","Run 3","Run 4","Run 5"]}