{"slackAfterALNS":0,"nInitialNotServicedExpectedRequests":[18,16,20,13,24],"averageObj":[6135.223930810401,6073.809293965761,6499.88695223189,5596.693611407265,5997.720137564906],"slackBeforeALNS":0,"nInitialNotServicedFixedRequests":[0,0,0,0,0],"averageNotServicedExpectedRequests":[31.3,29.8,35.4,25.0,28.6],"ALNSIterations":[5656,5476,4383,6009,2894],"runId":["Run 1","Run 2","Run 3","Run 4","Run 5"]}