{"slackAfterALNS":0,"nInitialNotServicedExpectedRequests":[20,17,21,18,20],"averageObj":[6292.287970937542,6008.7728566382175,5731.4489929209085,6192.7938781091325,5920.213476563611],"slackBeforeALNS":0,"nInitialNotServicedFixedRequests":[0,0,0,0,0],"averageNotServicedExpectedRequests":[33.2,30.5,27.3,32.7,29.5],"ALNSIterations":[3949,6226,4781,6122,6303],"runId":["Run 1","Run 2","Run 3","Run 4","Run 5"]}