{"slackAfterALNS":0,"nInitialNotServicedExpectedRequests":[17,27,15,9,16],"averageObj":[5761.134476065606,5774.452787884537,5501.832656680306,5340.1714933632165,6047.746350066935],"slackBeforeALNS":0,"nInitialNotServicedFixedRequests":[0,0,0,0,0],"averageNotServicedExpectedRequests":[28.3,28.8,24.9,23.2,31.4],"ALNSIterations":[3595,5100,5053,5057,3535],"runId":["Run 1","Run 2","Run 3","Run 4","Run 5"]}