{"slackAfterALNS":0,"nInitialNotServicedExpectedRequests":[19,16,16,29,21],"averageObj":[6285.552901347057,5351.47910842625,5937.750155800372,6234.145190141991,5890.086668797396],"slackBeforeALNS":0,"nInitialNotServicedFixedRequests":[0,0,0,0,0],"averageNotServicedExpectedRequests":[32.8,22.3,29.0,31.3,28.4],"ALNSIterations":[4959,5162,5838,3682,5094],"runId":["Run 1","Run 2","Run 3","Run 4","Run 5"]}