{"slackAfterALNS":0,"nInitialNotServicedExpectedRequests":[16,17,17,19,14],"averageObj":[4993.492551939903,5441.947425393525,5156.23521323009,5483.007799807899,5142.580530870627],"slackBeforeALNS":0,"nInitialNotServicedFixedRequests":[0,0,0,0,0],"averageNotServicedExpectedRequests":[20.0,25.0,22.0,26.0,20.0],"ALNSIterations":[4575,4750,4889,4648,5140],"runId":["Run 1","Run 2","Run 3","Run 4","Run 5"]}