{"slackAfterALNS":0,"nInitialNotServicedExpectedRequests":[1,3,3,2,2],"averageObj":[2487.452565522333,2395.5002610863908,2493.3353450929926,2381.034684873949,2507.7393958441316],"slackBeforeALNS":0,"nInitialNotServicedFixedRequests":[1,1,1,1,1],"averageNotServicedExpectedRequests":[3.3,2.1,3.2,2.0,3.4],"ALNSIterations":[616528,744751,820182,829416,673709],"runId":["Run 1","Run 2","Run 3","Run 4","Run 5"]}