{"slackAfterALNS":0,"nInitialNotServicedExpectedRequests":[0,1,0,3,0],"averageObj":[6345.753177066343,6394.018516657061,6364.078796736087,6358.714179818269,6364.74505084085],"slackBeforeALNS":0,"nInitialNotServicedFixedRequests":[3,3,3,3,3],"averageNotServicedExpectedRequests":[1.8,2.4,2.1,2.0,2.1],"ALNSIterations":[705996,740832,844266,761408,580813],"runId":["Run 1","Run 2","Run 3","Run 4","Run 5"]}