{"slackAfterALNS":0,"nInitialNotServicedExpectedRequests":[1,1,4,2,1],"averageObj":[2453.7500836725962,2485.9995618747735,2545.2325622635562,2436.8935041407867,2498.689516129032],"slackBeforeALNS":0,"nInitialNotServicedFixedRequests":[1,1,1,1,1],"averageNotServicedExpectedRequests":[2.8,3.2,3.9,2.7,3.4],"ALNSIterations":[552918,655924,818562,653147,890875],"runId":["Run 1","Run 2","Run 3","Run 4","Run 5"]}