{"slackAfterALNS":0,"nInitialNotServicedExpectedRequests":[4,2,2,2,5],"averageObj":[6475.728043792403,6484.550070766585,6366.422911001804,6472.122885062245,6483.153422092781],"slackBeforeALNS":0,"nInitialNotServicedFixedRequests":[3,3,3,3,3],"averageNotServicedExpectedRequests":[3.0,3.1,1.8,3.0,3.1],"ALNSIterations":[700673,801493,760633,725288,579800],"runId":["Run 1","Run 2","Run 3","Run 4","Run 5"]}