{"slackAfterALNS":0,"nInitialNotServicedExpectedRequests":[1,1,3,0,4],"averageObj":[375.5561267849777,439.72675464688507,399.8635469474958,357.8354889825834,434.4415134622735],"slackBeforeALNS":0,"nInitialNotServicedFixedRequests":[0,0,0,0,0],"averageNotServicedExpectedRequests":[1.9,2.6,2.1,1.7,2.5],"ALNSIterations":[573346,689164,715001,541336,731633],"runId":["Run 1","Run 2","Run 3","Run 4","Run 5"]}