{"slackAfterALNS":0,"nInitialNotServicedExpectedRequests":[2,1,0,0,1],"averageObj":[4442.314797534787,4406.043167567208,4505.148619347406,4484.739986493001,4403.861874223548],"slackBeforeALNS":0,"nInitialNotServicedFixedRequests":[2,2,2,2,2],"averageNotServicedExpectedRequests":[2.8,2.3,3.5,3.3,2.4],"ALNSIterations":[547246,560165,555607,518394,638496],"runId":["Run 1","Run 2","Run 3","Run 4","Run 5"]}