{"slackAfterALNS":0,"nInitialNotServicedExpectedRequests":[1,0,1,0,1],"averageObj":[443.0,421.53480402655816,409.1230303030303,420.4597257759773,393.3322642886942],"slackBeforeALNS":0,"nInitialNotServicedFixedRequests":[0,0,0,0,0],"averageNotServicedExpectedRequests":[2.7,2.4,2.3,2.4,2.1],"ALNSIterations":[715140,591960,821600,733228,755215],"runId":["Run 1","Run 2","Run 3","Run 4","Run 5"]}