{"slackAfterALNS":0,"nInitialNotServicedExpectedRequests":[1,2,2,2,1],"averageObj":[441.291763857979,576.1452254641911,394.6020670622599,461.25490196078425,362.8652999299551],"slackBeforeALNS":0,"nInitialNotServicedFixedRequests":[0,0,0,0,0],"averageNotServicedExpectedRequests":[2.6,4.1,2.1,2.9,1.7],"ALNSIterations":[836752,650210,867396,822613,796158],"runId":["Run 1","Run 2","Run 3","Run 4","Run 5"]}