{"slackAfterALNS":0,"nInitialNotServicedExpectedRequests":[22,16,21,25,13],"averageObj":[6090.459753664407,5692.930702794621,5911.766455140796,5794.990227862999,5655.147700763517],"slackBeforeALNS":0,"nInitialNotServicedFixedRequests":[0,0,0,0,0],"averageNotServicedExpectedRequests":[31.5,27.6,29.3,28.1,26.2],"ALNSIterations":[4531,4319,3783,3671,4310],"runId":["Run 1","Run 2","Run 3","Run 4","Run 5"]}