{"slackAfterALNS":0,"nInitialNotServicedExpectedRequests":[24,24,22,25,13],"averageObj":[6378.637942967105,6081.422898029785,6063.124822794835,6249.639682805777,5884.980646323593],"slackBeforeALNS":0,"nInitialNotServicedFixedRequests":[0,0,0,0,0],"averageNotServicedExpectedRequests":[34.2,31.4,31.0,33.4,28.8],"ALNSIterations":[3969,4143,3710,3807,4072],"runId":["Run 1","Run 2","Run 3","Run 4","Run 5"]}