{"slackAfterALNS":0,"nInitialNotServicedExpectedRequests":[22,16,20,13,22],"averageObj":[6238.871770826193,6352.72996946264,5931.987626307077,5823.906923155829,5833.493050805761],"slackBeforeALNS":0,"nInitialNotServicedFixedRequests":[0,0,0,0,0],"averageNotServicedExpectedRequests":[32.6,33.1,29.3,27.7,28.2],"ALNSIterations":[4260,4000,4145,4201,3627],"runId":["Run 1","Run 2","Run 3","Run 4","Run 5"]}