{"slackAfterALNS":0,"nInitialNotServicedExpectedRequests":[13,18,23,15,10],"averageObj":[5506.934861365113,5691.7746551814225,5596.18248491346,5696.521585901211,5400.4982815452795],"slackBeforeALNS":0,"nInitialNotServicedFixedRequests":[0,0,0,0,0],"averageNotServicedExpectedRequests":[23.9,26.3,24.6,27.0,22.6],"ALNSIterations":[3790,3348,3544,3731,3656],"runId":["Run 1","Run 2","Run 3","Run 4","Run 5"]}