{"slackAfterALNS":0,"nInitialNotServicedExpectedRequests":[24,27,24,25,25],"averageObj":[5673.50107742371,6225.57500392718,6214.408341294088,6353.608795422229,6222.324295587714],"slackBeforeALNS":0,"nInitialNotServicedFixedRequests":[0,0,0,0,0],"averageNotServicedExpectedRequests":[27.0,33.0,34.0,35.0,33.0],"ALNSIterations":[4600,4594,4537,4743,4686],"runId":["Run 1","Run 2","Run 3","Run 4","Run 5"]}