{"slackAfterALNS":0,"nInitialNotServicedExpectedRequests":[8,5,15,9,7],"averageObj":[7426.511775596633,11702.956737166613,7726.604500413116,17712.027588391786,11567.526122418249],"slackBeforeALNS":0,"nInitialNotServicedFixedRequests":[1,3,1,6,3],"averageNotServicedExpectedRequests":[21.8,26.0,24.9,26.2,24.0],"ALNSIterations":[2345,2292,2218,2356,2411],"runId":["Run 1","Run 2","Run 3","Run 4","Run 5"]}