{"slackAfterALNS":0,"nInitialNotServicedExpectedRequests":[16,13,13,17,19],"averageObj":[5225.156386179764,5043.196847480199,5266.681953566405,5463.741708343535,6108.272463451233],"slackBeforeALNS":0,"nInitialNotServicedFixedRequests":[0,0,0,0,0],"averageNotServicedExpectedRequests":[22.0,20.0,22.0,24.0,32.0],"ALNSIterations":[4818,4873,4828,5023,4689],"runId":["Run 1","Run 2","Run 3","Run 4","Run 5"]}