{"slackAfterALNS":0,"nInitialNotServicedExpectedRequests":[27,22,25,21,21],"averageObj":[6588.372690708207,6515.748050798685,6773.7443979061845,6260.672461429816,6786.433204076306],"slackBeforeALNS":0,"nInitialNotServicedFixedRequests":[0,0,0,0,0],"averageNotServicedExpectedRequests":[36.0,35.0,36.0,32.0,38.0],"ALNSIterations":[4220,4281,4026,4241,4258],"runId":["Run 1","Run 2","Run 3","Run 4","Run 5"]}