{"slackAfterALNS":0,"nInitialNotServicedExpectedRequests":[20,15,15,10,18],"averageObj":[5233.947726711397,5167.032345769097,4841.056907551211,4553.682099295075,5268.081980135111],"slackBeforeALNS":0,"nInitialNotServicedFixedRequests":[0,0,0,0,0],"averageNotServicedExpectedRequests":[22.0,21.0,17.0,14.0,22.0],"ALNSIterations":[4536,4495,4744,4324,4644],"runId":["Run 1","Run 2","Run 3","Run 4","Run 5"]}