{"slackAfterALNS":0,"nInitialNotServicedExpectedRequests":[11,12,14,10,14],"averageObj":[5297.392628148954,5233.007951915875,5617.636599208082,5188.903807872144,5166.863703165675],"slackBeforeALNS":0,"nInitialNotServicedFixedRequests":[0,0,0,0,0],"averageNotServicedExpectedRequests":[20.0,20.0,25.0,21.0,21.0],"ALNSIterations":[4645,4731,4624,4748,4725],"runId":["Run 1","Run 2","Run 3","Run 4","Run 5"]}