{"slackAfterALNS":0,"nInitialNotServicedExpectedRequests":[0,0,0,0,0],"averageObj":[1280.9268697404289,1101.1606632361347,1019.2795450941951,1380.945595285218,1221.0335575565225],"slackBeforeALNS":0,"nInitialNotServicedFixedRequests":[0,0,0,0,0],"averageNotServicedExpectedRequests":[3.0,1.0,0.0,4.0,2.0],"ALNSIterations":[20195,21349,21916,26040,25954],"runId":["Run 1","Run 2","Run 3","Run 4","Run 5"]}