{"slackAfterALNS":0,"nInitialNotServicedExpectedRequests":[2,1,1,1,1],"averageObj":[1256.8026371979074,1677.8636020815425,1692.9746018274432,1316.265304533535,1436.5601594495022],"slackBeforeALNS":0,"nInitialNotServicedFixedRequests":[0,0,0,0,0],"averageNotServicedExpectedRequests":[2.0,7.0,7.0,3.0,4.0],"ALNSIterations":[20248,18632,18165,17774,24396],"runId":["Run 1","Run 2","Run 3","Run 4","Run 5"]}