{"slackAfterALNS":0,"nInitialNotServicedExpectedRequests":[3,3,3,2,3],"averageObj":[1861.7731376752931,1777.0206396147046,1519.918948481892,1609.0474633668653,1616.051722232805],"slackBeforeALNS":0,"nInitialNotServicedFixedRequests":[0,0,0,0,0],"averageNotServicedExpectedRequests":[9.0,8.0,5.0,6.0,6.0],"ALNSIterations":[22513,19852,23309,21126,13390],"runId":["Run 1","Run 2","Run 3","Run 4","Run 5"]}