{"slackAfterALNS":0,"nInitialNotServicedExpectedRequests":[2,1,2,1,2],"averageObj":[1641.1428571428573,1374.1863354037268,1418.3274789197674,1361.2032221636598,1486.6450236938344],"slackBeforeALNS":0,"nInitialNotServicedFixedRequests":[0,0,0,0,0],"averageNotServicedExpectedRequests":[7.0,4.0,4.0,3.0,5.0],"ALNSIterations":[20236,19517,18762,19817,17184],"runId":["Run 1","Run 2","Run 3","Run 4","Run 5"]}