{"slackAfterALNS":0,"nInitialNotServicedExpectedRequests":[0,0,0,0,1],"averageObj":[1498.7383957798356,1471.5555555555554,1381.9991055456173,1397.3862355809622,1360.0],"slackBeforeALNS":0,"nInitialNotServicedFixedRequests":[0,0,0,0,0],"averageNotServicedExpectedRequests":[5.0,5.0,4.0,4.0,4.0],"ALNSIterations":[18128,21684,19033,16263,19895],"runId":["Run 1","Run 2","Run 3","Run 4","Run 5"]}