{"slackAfterALNS":0,"nInitialNotServicedExpectedRequests":[0,0,0,0,0],"averageObj":[1317.429478250703,1292.3765088680886,1236.6874925448194,1317.1330264157675,1212.0390027242772],"slackBeforeALNS":0,"nInitialNotServicedFixedRequests":[0,0,0,0,0],"averageNotServicedExpectedRequests":[3.0,2.0,2.0,3.0,2.0],"ALNSIterations":[16643,18311,18981,16563,17468],"runId":["Run 1","Run 2","Run 3","Run 4","Run 5"]}