{"slackAfterALNS":0,"nInitialNotServicedExpectedRequests":[3,2,3,3,2],"averageObj":[1528.490600697806,1720.1488454080863,1718.3626022900712,1854.4907439647682,1356.9162606425327],"slackBeforeALNS":0,"nInitialNotServicedFixedRequests":[0,0,0,0,0],"averageNotServicedExpectedRequests":[5.0,7.0,7.0,8.0,3.0],"ALNSIterations":[21531,20204,20800,20944,22347],"runId":["Run 1","Run 2","Run 3","Run 4","Run 5"]}