{"slackAfterALNS":0,"nInitialNotServicedExpectedRequests":[8,12,12,11,9],"averageObj":[4443.856601446889,2680.1199671281756,2440.7973093191367,4576.638366277685,2486.0160971550426],"slackBeforeALNS":0,"nInitialNotServicedFixedRequests":[1,0,0,1,0],"averageNotServicedExpectedRequests":[15.0,18.0,15.0,17.0,16.0],"ALNSIterations":[23264,20188,13675,17458,19269],"runId":["Run 1","Run 2","Run 3","Run 4","Run 5"]}