{"slackAfterALNS":0,"nInitialNotServicedExpectedRequests":[10,14,10,14,15],"averageObj":[2367.261578661891,2576.998556998555,2348.6433247515342,2421.9728030367555,2655.028780842735],"slackBeforeALNS":0,"nInitialNotServicedFixedRequests":[0,0,0,0,0],"averageNotServicedExpectedRequests":[14.0,17.0,14.0,15.0,18.0],"ALNSIterations":[24467,22189,15712,22581,22513],"runId":["Run 1","Run 2","Run 3","Run 4","Run 5"]}