{"slackAfterALNS":0,"nInitialNotServicedExpectedRequests":[13,11,12,15,14],"averageObj":[8245.720892123734,4710.793427419462,6438.794943720278,6604.463549327762,6863.109171672213],"slackBeforeALNS":0,"nInitialNotServicedFixedRequests":[3,1,2,2,2],"averageNotServicedExpectedRequests":[12.0,18.0,15.0,17.0,19.0],"ALNSIterations":[18531,17585,18341,20585,15433],"runId":["Run 1","Run 2","Run 3","Run 4","Run 5"]}