{"slackAfterALNS":0,"nInitialNotServicedExpectedRequests":[21,14,25,18,17],"averageObj":[6205.343205268654,6011.4034944402265,6248.929838038497,6141.168714815272,6045.9080932802635],"slackBeforeALNS":0,"nInitialNotServicedFixedRequests":[0,0,0,0,0],"averageNotServicedExpectedRequests":[32.8,30.3,33.5,32.2,31.4],"ALNSIterations":[4520,4837,5614,4876,3612],"runId":["Run 1","Run 2","Run 3","Run 4","Run 5"]}