{"slackAfterALNS":0,"nInitialNotServicedExpectedRequests":[3,9,2,3,5],"averageObj":[4401.315234775882,5031.687090855588,5087.686728500298,4618.657456814952,4746.231773180682],"slackBeforeALNS":0,"nInitialNotServicedFixedRequests":[0,0,0,0,0],"averageNotServicedExpectedRequests":[12.0,19.0,21.0,15.0,16.0],"ALNSIterations":[4510,4773,4881,4804,4583],"runId":["Run 1","Run 2","Run 3","Run 4","Run 5"]}