ScenarioName,TotalElapsedTime,AverageResponseTime,EventsInsertedByALNS,nTaxi,TotalCost,TotalDistance,TotalIdleTime,TotalIdleTimeWithCustomer,TotalRideTime,TotalDirectRideTime,TotalActualRideTime,nOfflineRequests,UnservicedOfflineRequest,nOnlineRequests,UnservicedOnlineRequests,AveragePercentRideSharing
Gen_Data_300_0.7_1,2764.59,9.28,18,57,59490.860149073385,15832.53909559345,1959,0,19078,5020,5313,2,2,298,55,3.392
Gen_Data_300_0.7_21,2253.62,7.56,23,69,71433.64918010315,15912.781958370453,1920,0,19061,5077,5521,2,0,298,69,5.773
Gen_Data_300_0.7_41,2383.81,7.97,17,54,56545.85746994463,15669.28269076339,2106,0,19080,5466,5774,1,1,299,53,3.931
Gen_Data_300_0.7_61,1888.03,6.38,12,56,58506.50210331176,15220.756817775986,2554,0,19078,5101,5308,4,3,296,53,3.448
Gen_Data_300_0.7_81,3575.67,11.96,17,59,61454.92675174716,15269.092679500069,2495,0,19055,5112,5322,1,0,299,59,3.362
