{"slackAfterALNS":0,"nInitialNotServicedExpectedRequests":[39,44,35,38,45],"averageObj":[8193.795428232563,9302.177817772474,9172.339414710004,9008.965617220514,9528.624994305368],"slackBeforeALNS":0,"nInitialNotServicedFixedRequests":[0,0,0,0,0],"averageNotServicedExpectedRequests":[31.0,44.0,43.0,40.0,45.0],"ALNSIterations":[917,887,894,677,769],"runId":["Run 1","Run 2","Run 3","Run 4","Run 5"]}