{"slackAfterALNS":0,"nInitialNotServicedExpectedRequests":[43,35,43,42,37],"averageObj":[9964.640063007106,9368.41940468689,10328.950971441564,9093.529280823977,10447.833657286494],"slackBeforeALNS":0,"nInitialNotServicedFixedRequests":[0,0,0,0,0],"averageNotServicedExpectedRequests":[51.0,44.0,54.0,42.0,55.0],"ALNSIterations":[495,866,555,840,659],"runId":["Run 1","Run 2","Run 3","Run 4","Run 5"]}