{"slackAfterALNS":0,"nInitialNotServicedExpectedRequests":[19,16,15,17,27],"averageObj":[5873.3530635942825,5711.547489927408,6083.6904298269055,6086.758627933783,6234.6339000515645],"slackBeforeALNS":0,"nInitialNotServicedFixedRequests":[0,0,0,0,0],"averageNotServicedExpectedRequests":[29.0,27.5,32.2,30.6,33.3],"ALNSIterations":[6458,6212,5932,6797,6554],"runId":["Run 1","Run 2","Run 3","Run 4","Run 5"]}