{"slackAfterALNS":0,"nInitialNotServicedExpectedRequests":[4,1,3,5,2],"averageObj":[7252.065674874846,11242.84037956029,11397.639444923248,9444.733955938005,10269.744651993697],"slackBeforeALNS":0,"nInitialNotServicedFixedRequests":[0,2,2,1,1],"averageNotServicedExpectedRequests":[19.0,21.0,22.0,22.0,31.0],"ALNSIterations":[845,750,748,740,828],"runId":["Run 1","Run 2","Run 3","Run 4","Run 5"]}