{"slackAfterALNS":0,"nInitialNotServicedExpectedRequests":[4,12,6,7,6],"averageObj":[7319.151025700687,10796.125440589532,10129.865625737291,9373.432279998116,14120.910986711413],"slackBeforeALNS":0,"nInitialNotServicedFixedRequests":[0,1,1,1,3],"averageNotServicedExpectedRequests":[20.0,37.0,31.0,22.0,29.0],"ALNSIterations":[854,768,735,762,845],"runId":["Run 1","Run 2","Run 3","Run 4","Run 5"]}