{"slackAfterALNS":0,"nInitialNotServicedExpectedRequests":[83,78,78,74,70,82,79,78,67,78],"averageObj":[12248.509097430484,11950.836738770227,12306.022798388232,11881.331814116396,11423.133767490668,12297.692286410744,11902.7012007259,12312.001244342528,12083.393848797703,11980.461469530026],"slackBeforeALNS":0,"nInitialNotServicedFixedRequests":[0,0,0,0,0,0,0,0,0,0],"averageNotServicedExpectedRequests":[92.6,89.0,93.4,88.1,83.2,92.9,88.8,93.4,90.5,89.3],"runId":["Run 1","Run 2","Run 3","Run 4","Run 5","Run 6","Run 7","Run 8","Run 9","Run 10"]}