{"slackAfterALNS":0,"nInitialNotServicedExpectedRequests":[74,77,86,82,68,78,76,63,89,85],"averageObj":[14195.625294614361,16111.059594729644,14887.194612045912,14804.882639368623,16015.307845982621,14293.705650213093,14572.816440530272,13839.958366342025,12784.635548500317,12406.589379297868],"slackBeforeALNS":0,"nInitialNotServicedFixedRequests":[1,2,1,1,2,1,1,1,0,0],"averageNotServicedExpectedRequests":[91.2,90.4,98.7,98.5,89.9,91.9,95.2,87.3,97.6,93.3],"runId":["Run 1","Run 2","Run 3","Run 4","Run 5","Run 6","Run 7","Run 8","Run 9","Run 10"]}