{"slackAfterALNS":0,"nInitialNotServicedExpectedRequests":[60,66,66,67,63,72,70,65,79,73],"averageObj":[10834.66765337609,11293.94074507053,11304.753679069672,12018.460102356827,11221.218520694805,12184.337934349915,11566.165192908433,11627.535462172,11559.23880476714,12129.452361600408],"slackBeforeALNS":0,"nInitialNotServicedFixedRequests":[0,0,0,0,0,0,0,0,0,0],"averageNotServicedExpectedRequests":[76.1,82.0,82.4,89.6,80.5,92.0,85.4,85.3,84.9,91.5],"runId":["Run 1","Run 2","Run 3","Run 4","Run 5","Run 6","Run 7","Run 8","Run 9","Run 10"]}