{"slackAfterALNS":0,"nInitialNotServicedExpectedRequests":[73,72,64,65,67,65,77,69,72,74],"averageObj":[11835.32358846873,12212.35454049288,11625.927382845703,12130.44878022476,11581.238540403823,11020.397311116909,11773.763717707407,11550.717508547195,12041.926978432855,11695.178029505512],"slackBeforeALNS":0,"nInitialNotServicedFixedRequests":[0,0,0,0,0,0,0,0,0,0],"averageNotServicedExpectedRequests":[87.5,91.6,85.0,90.6,84.9,77.3,87.2,84.1,90.3,86.2],"runId":["Run 1","Run 2","Run 3","Run 4","Run 5","Run 6","Run 7","Run 8","Run 9","Run 10"]}