{"slackAfterALNS":0,"nInitialNotServicedExpectedRequests":[67,61,52,60,59,53,63,65,63,57],"averageObj":[10750.942957746893,11130.412316930931,10761.872908468064,11606.790626375961,11295.413885297217,11364.65966879755,10477.211664668965,11275.277121825777,11438.18057840475,11073.034384873901],"slackBeforeALNS":0,"nInitialNotServicedFixedRequests":[0,0,0,0,0,0,0,0,0,0],"averageNotServicedExpectedRequests":[75.5,80.0,75.4,86.0,81.8,82.2,72.3,82.2,83.5,79.3],"runId":["Run 1","Run 2","Run 3","Run 4","Run 5","Run 6","Run 7","Run 8","Run 9","Run 10"]}