{"slackAfterALNS":0,"nInitialNotServicedExpectedRequests":[81,80,64,71,79,59,74,80,69,79],"averageObj":[12559.849121043704,12580.411963955912,11595.756305197512,11591.377059396691,11928.132222395476,13507.853150399265,11828.819093023933,12192.155798211172,11541.154450622442,12175.040513173371],"slackBeforeALNS":0,"nInitialNotServicedFixedRequests":[0,0,0,0,0,1,0,0,0,0],"averageNotServicedExpectedRequests":[96.1,96.4,84.8,84.7,88.4,84.0,87.0,91.1,83.5,91.7],"runId":["Run 1","Run 2","Run 3","Run 4","Run 5","Run 6","Run 7","Run 8","Run 9","Run 10"]}