{"slackAfterALNS":0,"nInitialNotServicedExpectedRequests":[88,84,83,74,81,79,80,83,81,77],"averageObj":[12809.673185411619,12672.071925779834,12518.056980292731,12162.737341631975,12181.998406562432,12262.80562074432,12267.298644702718,12214.288954518799,12537.779419406546,12138.607176198644],"slackBeforeALNS":0,"nInitialNotServicedFixedRequests":[0,0,0,0,0,0,0,0,0,0],"averageNotServicedExpectedRequests":[99.0,97.2,96.0,91.7,91.8,92.1,92.9,92.0,95.3,91.6],"runId":["Run 1","Run 2","Run 3","Run 4","Run 5","Run 6","Run 7","Run 8","Run 9","Run 10"]}