{"slackAfterALNS":0,"nInitialNotServicedExpectedRequests":[78,67,68,81,56,68,72,72,71,71],"averageObj":[11583.272739437429,10841.871264320598,11660.87763176317,11984.19657912113,10989.808786334666,11126.562354838794,11840.951946898522,11641.596691315544,11191.379904002742,11833.24389673537],"slackBeforeALNS":0,"nInitialNotServicedFixedRequests":[0,0,0,0,0,0,0,0,0,0],"averageNotServicedExpectedRequests":[84.7,77.1,86.1,90.3,78.9,80.0,88.3,85.8,80.4,87.6],"runId":["Run 1","Run 2","Run 3","Run 4","Run 5","Run 6","Run 7","Run 8","Run 9","Run 10"]}