{"slackAfterALNS":0,"nInitialNotServicedExpectedRequests":[64,74,89,86,73,84,69,59,82,78],"averageObj":[13206.52704566703,13625.240001026963,12261.384622403257,13045.16639125471,11662.054813475695,11705.507164610051,13803.428528155064,13327.0462393439,12679.361004463179,11610.864074334926],"slackBeforeALNS":0,"nInitialNotServicedFixedRequests":[1,1,0,0,0,0,1,1,0,0],"averageNotServicedExpectedRequests":[78.6,84.4,90.8,100.9,85.5,85.6,86.7,79.8,95.8,83.6],"runId":["Run 1","Run 2","Run 3","Run 4","Run 5","Run 6","Run 7","Run 8","Run 9","Run 10"]}