{"slackAfterALNS":0,"nInitialNotServicedExpectedRequests":[59,79,75,69,71,66,61,75,66,61],"averageObj":[12690.820067196135,13868.957720749106,13668.497616760807,13512.489932658009,13441.601244544698,13312.567850322768,13750.734736127943,14156.053237358186,13629.896998513748,13923.240968799615],"slackBeforeALNS":0,"nInitialNotServicedFixedRequests":[1,1,1,1,1,1,1,1,1,1],"averageNotServicedExpectedRequests":[74.6,88.5,85.7,84.4,83.4,82.2,86.8,91.9,85.9,89.1],"runId":["Run 1","Run 2","Run 3","Run 4","Run 5","Run 6","Run 7","Run 8","Run 9","Run 10"]}