{"slackAfterALNS":0,"nInitialNotServicedExpectedRequests":[23,20,19,21,13],"averageObj":[5952.697471967907,5843.256121940437,5750.211001568599,5724.726572627449,5078.532088046887],"slackBeforeALNS":0,"nInitialNotServicedFixedRequests":[0,0,0,0,0],"averageNotServicedExpectedRequests":[30.0,28.0,26.0,26.0,19.0],"ALNSIterations":[4087,4145,4117,4109,4762],"runId":["Run 1","Run 2","Run 3","Run 4","Run 5"]}