{"slackAfterALNS":0,"nInitialNotServicedExpectedRequests":[21,20,19,18,18],"averageObj":[5296.846297970899,5748.427557009415,5489.427932422556,5716.774557917402,6375.827138530746],"slackBeforeALNS":0,"nInitialNotServicedFixedRequests":[0,0,0,0,0],"averageNotServicedExpectedRequests":[21.0,28.0,24.0,27.0,34.0],"ALNSIterations":[4541,4617,4531,4510,4442],"runId":["Run 1","Run 2","Run 3","Run 4","Run 5"]}