{"slackAfterALNS":0,"nInitialNotServicedExpectedRequests":[27,30,29,31,24],"averageObj":[6311.402226732017,6223.258181090198,6430.592873161442,6412.581849880852,5633.10070860931],"slackBeforeALNS":0,"nInitialNotServicedFixedRequests":[0,0,0,0,0],"averageNotServicedExpectedRequests":[34.0,33.0,35.0,35.0,27.0],"ALNSIterations":[4627,4521,4165,4484,5127],"runId":["Run 1","Run 2","Run 3","Run 4","Run 5"]}