{"slackAfterALNS":0,"nInitialNotServicedExpectedRequests":[19,17,18,12,11],"averageObj":[5359.252329410659,4854.76891211961,5798.969685396697,5080.845794915106,5416.399271622793],"slackBeforeALNS":0,"nInitialNotServicedFixedRequests":[0,0,0,0,0],"averageNotServicedExpectedRequests":[23.0,18.0,26.0,19.0,24.0],"ALNSIterations":[4327,4520,4196,4392,5026],"runId":["Run 1","Run 2","Run 3","Run 4","Run 5"]}