{"slackAfterALNS":0,"nInitialNotServicedExpectedRequests":[14,11,3,13,8],"averageObj":[10191.972445952615,8458.95156991199,9000.732510735132,13096.872560120704,8327.458630419726],"slackBeforeALNS":0,"nInitialNotServicedFixedRequests":[1,0,0,2,0],"averageNotServicedExpectedRequests":[27.8,30.2,37.0,38.8,30.2],"ALNSIterations":[1389,1364,1449,1392,1431],"runId":["Run 1","Run 2","Run 3","Run 4","Run 5"]}