{"slackAfterALNS":0,"nInitialNotServicedExpectedRequests":[14,11,13,15,8],"averageObj":[14880.694801693851,16484.277822534146,17156.272376299014,12436.322778320517,12297.279646721165],"slackBeforeALNS":0,"nInitialNotServicedFixedRequests":[3,4,4,2,2],"averageNotServicedExpectedRequests":[36.1,31.1,39.6,31.2,29.5],"ALNSIterations":[1503,1492,1444,1517,1515],"runId":["Run 1","Run 2","Run 3","Run 4","Run 5"]}