{"slackAfterALNS":0,"nInitialNotServicedExpectedRequests":[12,15,17,13,10],"averageObj":[18577.376664619147,16769.48391183232,20313.998217094126,17171.64363906298,20692.84344859083],"slackBeforeALNS":0,"nInitialNotServicedFixedRequests":[5,4,6,4,6],"averageNotServicedExpectedRequests":[33.5,35.3,31.4,38.9,33.9],"ALNSIterations":[1508,1458,1410,1378,1379],"runId":["Run 1","Run 2","Run 3","Run 4","Run 5"]}