{"slackAfterALNS":0,"nInitialNotServicedExpectedRequests":[18,27,24,20,26],"averageObj":[6016.678547445503,6725.949067654726,6049.983396281582,6031.866977768754,5953.914649951081],"slackBeforeALNS":0,"nInitialNotServicedFixedRequests":[0,0,0,0,0],"averageNotServicedExpectedRequests":[31.1,39.2,31.3,31.2,30.1],"ALNSIterations":[4330,4283,4173,4287,4301],"runId":["Run 1","Run 2","Run 3","Run 4","Run 5"]}