{"slackAfterALNS":0,"nInitialNotServicedExpectedRequests":[0,0,0,0,0,0,0,0,0,0],"averageObj":[5600.31284398753,5869.401929902388,6126.072278455398,5739.3431202826105,5822.297995037575,5723.670193715341,6006.470782556675,6113.27510271258,5936.73776438719,6033.18036398756],"slackBeforeALNS":0,"nInitialNotServicedFixedRequests":[1,1,1,1,1,1,1,1,1,1],"averageNotServicedExpectedRequests":[6.0,8.6,11.7,7.5,8.5,7.5,10.1,11.4,9.5,10.6],"runId":["Run 1","Run 2","Run 3","Run 4","Run 5","Run 6","Run 7","Run 8","Run 9","Run 10"]}