{"slackAfterALNS":0,"nInitialNotServicedExpectedRequests":[0,0,0,0,0,0,0,0,0,0],"averageObj":[6023.033205638591,5674.544118872706,5876.559176667302,5737.191541312868,5797.296750461481,5722.326264204605,5857.568545490877,5810.474806824599,5658.144916508956,5621.761476514557],"slackBeforeALNS":0,"nInitialNotServicedFixedRequests":[1,1,1,1,1,1,1,1,1,1],"averageNotServicedExpectedRequests":[10.8,6.8,8.9,7.6,8.3,7.6,8.8,8.3,6.7,6.4],"runId":["Run 1","Run 2","Run 3","Run 4","Run 5","Run 6","Run 7","Run 8","Run 9","Run 10"]}