{"slackAfterALNS":0,"nInitialNotServicedExpectedRequests":[4,7,12,5,2],"averageObj":[5647.118510395062,5282.765452748237,5938.006518177774,5706.716338356799,5482.796047010777],"slackBeforeALNS":0,"nInitialNotServicedFixedRequests":[0,0,0,0,0],"averageNotServicedExpectedRequests":[26.6,21.9,29.3,26.7,24.4],"ALNSIterations":[4029,5332,4901,4382,5004],"runId":["Run 1","Run 2","Run 3","Run 4","Run 5"]}