{"slackAfterALNS":0,"nInitialNotServicedExpectedRequests":[7,3,10,11,8],"averageObj":[7160.1237688850215,5254.248425184204,7603.056497092574,7690.856129105608,7988.2292107169515],"slackBeforeALNS":0,"nInitialNotServicedFixedRequests":[1,0,1,1,1],"averageNotServicedExpectedRequests":[19.3,20.3,24.7,25.8,29.3],"ALNSIterations":[3413,3921,3623,3690,4350],"runId":["Run 1","Run 2","Run 3","Run 4","Run 5"]}