{"slackAfterALNS":0,"nInitialNotServicedExpectedRequests":[2,2,2,6,2],"averageObj":[5688.063762229749,5002.63722163677,5367.064983582503,4982.639970145881,5189.775968712897],"slackBeforeALNS":0,"nInitialNotServicedFixedRequests":[0,0,0,0,0],"averageNotServicedExpectedRequests":[26.5,19.6,23.5,18.1,21.5],"ALNSIterations":[4483,4922,4104,4817,3937],"runId":["Run 1","Run 2","Run 3","Run 4","Run 5"]}