{"slackAfterALNS":0,"nInitialNotServicedExpectedRequests":[3,2,2,6,4],"averageObj":[5340.431954237594,5556.387018847866,5325.295824883264,7662.621356358868,7569.751427487106],"slackBeforeALNS":0,"nInitialNotServicedFixedRequests":[0,0,0,1,1],"averageNotServicedExpectedRequests":[20.9,23.1,20.3,24.9,23.4],"ALNSIterations":[4336,3855,4467,4136,4667],"runId":["Run 1","Run 2","Run 3","Run 4","Run 5"]}