{"slackAfterALNS":0,"nInitialNotServicedExpectedRequests":[3,9,4,12,2],"averageObj":[5429.405914548104,7572.8223575212905,6168.432015391831,11697.33126691254,5374.864158718316],"slackBeforeALNS":0,"nInitialNotServicedFixedRequests":[0,1,0,3,0],"averageNotServicedExpectedRequests":[23.3,24.8,31.3,25.3,21.6],"ALNSIterations":[5007,5076,5473,3937,5318],"runId":["Run 1","Run 2","Run 3","Run 4","Run 5"]}