{"slackAfterALNS":0,"nInitialNotServicedExpectedRequests":[8,8,7,7,7],"averageObj":[11443.515310879287,13596.323282752133,17502.664007318584,7886.522440710125,9509.918644725562],"slackBeforeALNS":0,"nInitialNotServicedFixedRequests":[3,4,6,1,2],"averageNotServicedExpectedRequests":[22.2,24.9,24.1,27.7,23.3],"ALNSIterations":[4078,3976,4420,4724,4071],"runId":["Run 1","Run 2","Run 3","Run 4","Run 5"]}