{"slackAfterALNS":0,"nInitialNotServicedExpectedRequests":[2,5,3,8,9],"averageObj":[7177.19512216214,7220.060290709955,7473.411976816316,5470.717569308423,9721.836733298729],"slackBeforeALNS":0,"nInitialNotServicedFixedRequests":[1,1,1,0,2],"averageNotServicedExpectedRequests":[19.9,20.2,23.1,23.6,25.7],"ALNSIterations":[5114,4333,4418,4434,4156],"runId":["Run 1","Run 2","Run 3","Run 4","Run 5"]}