{"slackAfterALNS":0,"nInitialNotServicedExpectedRequests":[8,11,10,9,11],"averageObj":[4385.631639495149,2735.9389824575646,4554.455852479754,2771.0400640190123,6385.72186864236],"slackBeforeALNS":0,"nInitialNotServicedFixedRequests":[1,0,1,0,2],"averageNotServicedExpectedRequests":[14.1,17.6,16.2,18.8,14.2],"ALNSIterations":[19150,21482,19776,20491,18835],"runId":["Run 1","Run 2","Run 3","Run 4","Run 5"]}