{"slackAfterALNS":0,"nInitialNotServicedExpectedRequests":[3,8,9,11,6],"averageObj":[4439.81969397787,4454.17670540956,6421.479756529123,4700.870442166387,4630.296532131579],"slackBeforeALNS":0,"nInitialNotServicedFixedRequests":[1,1,2,1,1],"averageNotServicedExpectedRequests":[14.1,14.9,14.7,17.7,16.3],"ALNSIterations":[18556,18648,20163,19279,19356],"runId":["Run 1","Run 2","Run 3","Run 4","Run 5"]}