{"slackAfterALNS":0,"nInitialNotServicedExpectedRequests":[9,10,14,10,10],"averageObj":[6637.077468108019,8653.627457771783,4826.980175690007,8514.342500671599,4640.505594102716],"slackBeforeALNS":0,"nInitialNotServicedFixedRequests":[2,3,1,3,1],"averageNotServicedExpectedRequests":[17.6,17.6,18.9,15.7,17.2],"ALNSIterations":[17681,19757,20140,18068,17541],"runId":["Run 1","Run 2","Run 3","Run 4","Run 5"]}