{"slackAfterALNS":0,"nInitialNotServicedExpectedRequests":[4,9,9,6,7],"averageObj":[4507.1014554315025,2751.0978075538787,4389.288318804308,2673.565327109598,2534.5325186455493],"slackBeforeALNS":0,"nInitialNotServicedFixedRequests":[1,0,1,0,0],"averageNotServicedExpectedRequests":[15.4,18.4,14.2,17.6,15.9],"ALNSIterations":[17191,16524,18152,19440,18082],"runId":["Run 1","Run 2","Run 3","Run 4","Run 5"]}