{"slackAfterALNS":0,"nInitialNotServicedExpectedRequests":[17,19,19,15,23],"averageObj":[5984.032315671775,6067.915523029513,5888.292166092232,5761.452021770621,5630.148397768005],"slackBeforeALNS":0,"nInitialNotServicedFixedRequests":[0,0,0,0,0],"averageNotServicedExpectedRequests":[30.0,30.6,28.9,26.6,25.2],"ALNSIterations":[4579,4432,4057,4470,4613],"runId":["Run 1","Run 2","Run 3","Run 4","Run 5"]}