{"slackAfterALNS":0,"nInitialNotServicedExpectedRequests":[18,10,13,14,16],"averageObj":[5870.388440296042,5914.270723628235,5448.600349177397,6002.808755174892,6082.400246173448],"slackBeforeALNS":0,"nInitialNotServicedFixedRequests":[0,0,0,0,0],"averageNotServicedExpectedRequests":[28.6,28.4,23.2,29.0,30.4],"ALNSIterations":[4505,4416,4508,4902,4561],"runId":["Run 1","Run 2","Run 3","Run 4","Run 5"]}