{"slackAfterALNS":0,"nInitialNotServicedExpectedRequests":[2,2,2,2,2,1,0,1,2,5],"averageObj":[4527.692709825985,4518.509000817017,4460.205138994244,4502.679325325763,4481.365520133836,4560.351875769242,4470.298827259411,4466.365997208967,4521.317488067489,4456.948756348322],"slackBeforeALNS":0,"nInitialNotServicedFixedRequests":[2,2,2,2,2,2,2,2,2,2],"averageNotServicedExpectedRequests":[3.8,3.7,3.0,3.4,3.3,4.1,3.1,3.1,3.7,3.0],"runId":["Run 1","Run 2","Run 3","Run 4","Run 5","Run 6","Run 7","Run 8","Run 9","Run 10"]}