{"slackAfterALNS":0,"nInitialNotServicedExpectedRequests":[3,2,2,2,4,2,0,3,1,2],"averageObj":[2448.7783354783355,2563.1191029755687,2579.8279220779223,2476.1357347337116,2424.1568108024403,2541.9597880700503,2494.199986810609,2598.796724137931,2480.6875403264758,2456.8351010132437],"slackBeforeALNS":0,"nInitialNotServicedFixedRequests":[1,1,1,1,1,1,1,1,1,1],"averageNotServicedExpectedRequests":[2.8,4.1,4.3,3.1,2.5,3.8,3.3,4.5,3.2,2.9],"runId":["Run 1","Run 2","Run 3","Run 4","Run 5","Run 6","Run 7","Run 8","Run 9","Run 10"]}