{"slackAfterALNS":0,"nInitialNotServicedExpectedRequests":[2,2,5,2,4,2,1,3,4,2],"averageObj":[4540.20897836488,4575.734258723734,4580.5287911277355,4633.123603815539,4601.514154146507,4574.2142516892645,4538.387452783254,4625.500798283376,4618.71114390631,4536.966145587519],"slackBeforeALNS":0,"nInitialNotServicedFixedRequests":[2,2,2,2,2,2,2,2,2,2],"averageNotServicedExpectedRequests":[3.7,4.2,4.3,4.9,4.5,4.2,3.8,4.7,4.7,3.8],"runId":["Run 1","Run 2","Run 3","Run 4","Run 5","Run 6","Run 7","Run 8","Run 9","Run 10"]}