{"slackAfterALNS":0,"nInitialNotServicedExpectedRequests":[3,2,0,1,1,4,0,0,2,2],"averageObj":[586.9451967316412,630.010432195477,593.738888888889,541.2659161003302,546.9345355287315,603.9950447186131,561.8565201465201,538.8455754771544,568.5621548250165,630.5028442520421],"slackBeforeALNS":0,"nInitialNotServicedFixedRequests":[0,0,0,0,0,0,0,0,0,0],"averageNotServicedExpectedRequests":[4.1,4.6,4.2,3.7,3.8,4.3,3.9,3.7,3.9,4.6],"runId":["Run 1","Run 2","Run 3","Run 4","Run 5","Run 6","Run 7","Run 8","Run 9","Run 10"]}