{"slackAfterALNS":0,"nInitialNotServicedExpectedRequests":[2,1,4,0,1,1,1,3,3,4],"averageObj":[2532.90278029027,2587.8013890871034,2521.1943288713455,2570.9598841380002,2580.7847222222226,2511.7553663713547,2548.4512704320214,2529.8354974966437,2492.6248318123326,2566.1787806710836],"slackBeforeALNS":0,"nInitialNotServicedFixedRequests":[1,1,1,1,1,1,1,1,1,1],"averageNotServicedExpectedRequests":[3.7,4.4,3.5,4.2,4.3,3.5,3.9,3.6,3.3,4.1],"runId":["Run 1","Run 2","Run 3","Run 4","Run 5","Run 6","Run 7","Run 8","Run 9","Run 10"]}