{"slackAfterALNS":0,"nInitialNotServicedExpectedRequests":[2,4,1,1,2,3,1,2,3,2],"averageObj":[566.6413341701043,661.4420095104775,611.7150435833362,559.9511326369629,618.065442824049,580.909555538466,590.476421109231,587.2675212747059,628.5654810321691,597.9767579995746],"slackBeforeALNS":0,"nInitialNotServicedFixedRequests":[0,0,0,0,0,0,0,0,0,0],"averageNotServicedExpectedRequests":[4.0,5.0,4.5,3.9,4.6,4.0,4.2,4.2,4.6,4.3],"runId":["Run 1","Run 2","Run 3","Run 4","Run 5","Run 6","Run 7","Run 8","Run 9","Run 10"]}