{"slackAfterALNS":0,"nInitialNotServicedExpectedRequests":[10,10,8,11,11],"averageObj":[11060.350432139341,11648.515977610909,11296.678761945572,11250.528515729573,7361.83867163502],"slackBeforeALNS":0,"nInitialNotServicedFixedRequests":[3,3,3,3,1],"averageNotServicedExpectedRequests":[19.0,25.0,22.0,22.0,22.0],"ALNSIterations":[2130,2201,2342,2442,2309],"runId":["Run 1","Run 2","Run 3","Run 4","Run 5"]}