{"slackAfterALNS":0,"nInitialNotServicedExpectedRequests":[8,4,2,10,13],"averageObj":[9929.973547705029,13813.810444123057,9434.519575457774,8909.92583346453,7052.58254111757],"slackBeforeALNS":0,"nInitialNotServicedFixedRequests":[2,4,2,2,1],"averageNotServicedExpectedRequests":[26.0,26.0,22.0,16.0,17.0],"ALNSIterations":[1920,1914,2059,2097,2065],"runId":["Run 1","Run 2","Run 3","Run 4","Run 5"]}