{"slackAfterALNS":0,"nInitialNotServicedExpectedRequests":[5,8,7,1,4],"averageObj":[5615.948887780044,4825.06367231397,5134.232088272234,4879.041168090595,5098.812422002761],"slackBeforeALNS":0,"nInitialNotServicedFixedRequests":[0,0,0,0,0],"averageNotServicedExpectedRequests":[26.0,18.0,21.0,18.0,21.0],"ALNSIterations":[2142,2217,2381,2323,2363],"runId":["Run 1","Run 2","Run 3","Run 4","Run 5"]}