{"nTaxi":1,"TotalCost":6109.3974042828195,"TotalDistance":24847.4163501428,"TotalIdleTime":171,"Scenario":{"name":"Generated_Data_500_3"},"TotalRideTime":27543}