{"nTaxi":1,"TotalCost":6087.305890885073,"TotalDistance":25643.337074830102,"TotalIdleTime":627,"Scenario":{"name":"Generated_Data_500_3"},"TotalRideTime":28827}