{"slackAfterALNS":0,"nInitialNotServicedExpectedRequests":[2,1,0,1,1,1,0,0,0,0],"averageObj":[458.2498980501747,405.1088008057551,459.2503553061001,423.93685412273334,409.3392610973256,403.6220742602736,427.51672284426303,445.17610498874336,443.9941997915515,382.30897839931424],"slackBeforeALNS":0,"nInitialNotServicedFixedRequests":[0,0,0,0,0,0,0,0,0,0],"averageNotServicedExpectedRequests":[2.8,2.2,2.8,2.4,2.3,2.2,2.4,2.7,2.6,1.9],"runId":["Run 1","Run 2","Run 3","Run 4","Run 5","Run 6","Run 7","Run 8","Run 9","Run 10"]}