{"slackAfterALNS":0,"nInitialNotServicedExpectedRequests":[10,11,10,10,9],"averageObj":[2064.534998961755,2212.7625691762073,2402.800966651721,2384.397734554537,2253.9284544975753],"slackBeforeALNS":0,"nInitialNotServicedFixedRequests":[0,0,0,0,0],"averageNotServicedExpectedRequests":[11.0,13.0,15.0,15.0,13.0],"ALNSIterations":[19793,20169,19354,18324,18807],"runId":["Run 1","Run 2","Run 3","Run 4","Run 5"]}