{"slackAfterALNS":0,"nInitialNotServicedExpectedRequests":[8,11,11,8,8],"averageObj":[2435.7405649567836,2256.5430485939,2519.0960665304633,2273.5227119539886,2406.005141673905],"slackBeforeALNS":0,"nInitialNotServicedFixedRequests":[0,0,0,0,0],"averageNotServicedExpectedRequests":[15.0,13.0,16.0,13.0,15.0],"ALNSIterations":[17305,17248,19071,19373,17904],"runId":["Run 1","Run 2","Run 3","Run 4","Run 5"]}