{"slackAfterALNS":0,"nInitialNotServicedExpectedRequests":[13,14,9,12,12],"averageObj":[2570.6987844422097,2470.744466312804,2369.173074564359,2453.26706935393,2696.4173265531426],"slackBeforeALNS":0,"nInitialNotServicedFixedRequests":[0,0,0,0,0],"averageNotServicedExpectedRequests":[16.0,15.0,14.0,14.0,17.0],"ALNSIterations":[18655,15951,18758,18073,16856],"runId":["Run 1","Run 2","Run 3","Run 4","Run 5"]}