{"slackAfterALNS":0,"nInitialNotServicedExpectedRequests":[13,11,12,12,9],"averageObj":[2831.1747825039124,2655.995299382915,2631.6354086313404,3092.8777008908064,2732.611143978835],"slackBeforeALNS":0,"nInitialNotServicedFixedRequests":[0,0,0,0,0],"averageNotServicedExpectedRequests":[19.0,16.0,17.0,22.0,17.0],"ALNSIterations":[16970,20352,18412,19044,17831],"runId":["Run 1","Run 2","Run 3","Run 4","Run 5"]}