{"slackAfterALNS":0,"nInitialNotServicedExpectedRequests":[15,14,13,17,15],"averageObj":[2821.558839627804,2572.197319856358,2405.1042141122666,2671.6045435915375,2926.0155467538575],"slackBeforeALNS":0,"nInitialNotServicedFixedRequests":[0,0,0,0,0],"averageNotServicedExpectedRequests":[20.0,17.0,15.0,18.0,21.0],"ALNSIterations":[18664,19999,17132,17982,18007],"runId":["Run 1","Run 2","Run 3","Run 4","Run 5"]}