{"slackAfterALNS":0,"nInitialNotServicedExpectedRequests":[9,8,11,8,12],"averageObj":[2394.1019181077318,2588.8210287538614,2593.3260213653043,2333.1276763579003,2735.9638009049777],"slackBeforeALNS":0,"nInitialNotServicedFixedRequests":[0,0,0,0,0],"averageNotServicedExpectedRequests":[15.0,17.0,17.0,14.0,19.0],"ALNSIterations":[15965,17494,16021,15871,17110],"runId":["Run 1","Run 2","Run 3","Run 4","Run 5"]}