{"slackAfterALNS":0,"nInitialNotServicedExpectedRequests":[13,12,10,7,11],"averageObj":[2495.9045885088703,2426.1008671223176,2234.4197225417847,2036.7872457895132,2196.3388628178545],"slackBeforeALNS":0,"nInitialNotServicedFixedRequests":[0,0,0,0,0],"averageNotServicedExpectedRequests":[16.0,15.0,13.0,11.0,13.0],"ALNSIterations":[18798,19314,16911,19099,19307],"runId":["Run 1","Run 2","Run 3","Run 4","Run 5"]}