{"slackAfterALNS":0,"nInitialNotServicedExpectedRequests":[17,16,17,19,14],"averageObj":[5600.041255211126,5933.244148790798,5468.876239018537,5119.582232206179,5434.538107314455],"slackBeforeALNS":0,"nInitialNotServicedFixedRequests":[0,0,0,0,0],"averageNotServicedExpectedRequests":[25.0,29.0,23.0,19.0,24.0],"ALNSIterations":[1984,2393,2408,2072,2381],"runId":["Run 1","Run 2","Run 3","Run 4","Run 5"]}