{"slackAfterALNS":0,"nInitialNotServicedExpectedRequests":[20,26,22,24,26],"averageObj":[5395.470136101269,6080.061501663965,6003.164572861634,5686.711351098625,6053.667646211595],"slackBeforeALNS":0,"nInitialNotServicedFixedRequests":[0,0,0,0,0],"averageNotServicedExpectedRequests":[22.0,31.0,29.0,26.0,30.0],"ALNSIterations":[2278,2077,1728,2230,2145],"runId":["Run 1","Run 2","Run 3","Run 4","Run 5"]}