{"slackAfterALNS":0,"nInitialNotServicedExpectedRequests":[12,16,19,18,19],"averageObj":[5199.292518332234,5058.621058081245,5710.499031246589,6040.677805205632,6243.5375939463465],"slackBeforeALNS":0,"nInitialNotServicedFixedRequests":[0,0,0,0,0],"averageNotServicedExpectedRequests":[21.0,19.0,26.0,29.0,33.0],"ALNSIterations":[2499,2102,2643,2075,2275],"runId":["Run 1","Run 2","Run 3","Run 4","Run 5"]}