{"slackAfterALNS":0,"nInitialNotServicedExpectedRequests":[19,25,20,20,19],"averageObj":[5474.083978388064,5726.777329480355,5156.7386857106385,6484.773553713305,5945.617059366242],"slackBeforeALNS":0,"nInitialNotServicedFixedRequests":[0,0,0,0,0],"averageNotServicedExpectedRequests":[25.0,29.0,22.0,37.0,30.0],"ALNSIterations":[2594,2415,2194,2296,2415],"runId":["Run 1","Run 2","Run 3","Run 4","Run 5"]}