{"slackAfterALNS":0,"nInitialNotServicedExpectedRequests":[25,15,18,19,20],"averageObj":[5422.896465361975,5017.177530855187,5262.678109287794,5428.173162006759,5407.246799533443],"slackBeforeALNS":0,"nInitialNotServicedFixedRequests":[0,0,0,0,0],"averageNotServicedExpectedRequests":[24.0,21.0,22.0,24.0,24.0],"ALNSIterations":[2286,2645,2733,2406,2425],"runId":["Run 1","Run 2","Run 3","Run 4","Run 5"]}