{"slackAfterALNS":0,"nInitialNotServicedExpectedRequests":[25,24,21,23,23],"averageObj":[6251.702685341529,5497.66172382373,5154.709338879882,5797.532792562401,5986.119919390121],"slackBeforeALNS":0,"nInitialNotServicedFixedRequests":[0,0,0,0,0],"averageNotServicedExpectedRequests":[35.0,25.0,21.0,29.0,31.0],"ALNSIterations":[2570,2633,2692,2415,2831],"runId":["Run 1","Run 2","Run 3","Run 4","Run 5"]}