{"slackAfterALNS":0,"nInitialNotServicedExpectedRequests":[18,16,23,15,13],"averageObj":[4976.91043275019,4963.076008199291,5197.3727271597245,5086.8768074907,5292.11343924993],"slackBeforeALNS":0,"nInitialNotServicedFixedRequests":[0,0,0,0,0],"averageNotServicedExpectedRequests":[19.0,18.0,21.0,20.0,22.0],"ALNSIterations":[2110,2231,2369,2525,2346],"runId":["Run 1","Run 2","Run 3","Run 4","Run 5"]}