{"slackAfterALNS":0,"nInitialNotServicedExpectedRequests":[23,23,24,21,31],"averageObj":[6219.059486512868,6264.771716756049,7001.283651689389,6637.349717827448,7049.779570854864],"slackBeforeALNS":0,"nInitialNotServicedFixedRequests":[0,0,0,0,0],"averageNotServicedExpectedRequests":[30.0,32.0,41.0,37.0,40.0],"ALNSIterations":[2126,2216,2208,2320,1628],"runId":["Run 1","Run 2","Run 3","Run 4","Run 5"]}