{"slackAfterALNS":0,"nInitialNotServicedExpectedRequests":[26,25,27,17,25],"averageObj":[6630.135587920158,6138.61232004962,6125.991804216695,5554.689618196592,5744.752326634555],"slackBeforeALNS":0,"nInitialNotServicedFixedRequests":[0,0,0,0,0],"averageNotServicedExpectedRequests":[38.0,33.0,32.0,24.0,27.0],"ALNSIterations":[2491,2645,1826,2773,2408],"runId":["Run 1","Run 2","Run 3","Run 4","Run 5"]}