{"slackAfterALNS":0,"nInitialNotServicedExpectedRequests":[25,25,34,26,24],"averageObj":[6065.909359327501,6008.604483028828,6197.357280256815,6143.249017129739,6155.006712720832],"slackBeforeALNS":0,"nInitialNotServicedFixedRequests":[0,0,0,0,0],"averageNotServicedExpectedRequests":[31.0,31.0,33.0,33.0,32.0],"ALNSIterations":[2459,2079,2591,2359,2580],"runId":["Run 1","Run 2","Run 3","Run 4","Run 5"]}