{"slackAfterALNS":0,"nInitialNotServicedExpectedRequests":[61,54,56,33,59,54,53,64,57,52],"averageObj":[13575.521293977805,14518.713589907138,13957.696864582369,13672.650469240054,13053.5275352713,14514.221411834282,14876.825886857949,14425.995921767137,14366.1725404152,13787.355182335848],"slackBeforeALNS":0,"nInitialNotServicedFixedRequests":[0,0,0,0,0,0,0,0,0,0],"averageNotServicedExpectedRequests":[91.4,102.3,96.4,93.0,85.5,102.3,106.6,101.4,100.7,94.1],"runId":["Run 1","Run 2","Run 3","Run 4","Run 5","Run 6","Run 7","Run 8","Run 9","Run 10"]}