{"slackAfterALNS":0,"nInitialNotServicedExpectedRequests":[47,53,52,59,49,57,39,68,56,54],"averageObj":[13830.20317586828,14402.521012246183,13433.368914354975,13608.504106342798,14831.778584992138,13746.825788291893,14021.362383024654,14200.872978131432,14157.628853608465,13756.880538137417],"slackBeforeALNS":0,"nInitialNotServicedFixedRequests":[0,0,0,0,0,0,0,0,0,0],"averageNotServicedExpectedRequests":[94.0,100.1,88.6,90.8,104.4,91.9,94.4,97.6,96.7,92.4],"runId":["Run 1","Run 2","Run 3","Run 4","Run 5","Run 6","Run 7","Run 8","Run 9","Run 10"]}