{"slackAfterALNS":0,"nInitialNotServicedExpectedRequests":[61,64,53,56,58,49,63,59,57,62],"averageObj":[14134.216942974259,14515.948723077494,13945.899112943682,14446.497766992858,14285.222327646456,14304.577551681057,14612.853342777647,14569.967777044814,15021.891077149903,14715.772125368225],"slackBeforeALNS":0,"nInitialNotServicedFixedRequests":[0,0,0,0,0,0,0,0,0,0],"averageNotServicedExpectedRequests":[98.1,102.1,96.4,101.4,99.9,99.7,103.1,102.8,108.3,104.0],"runId":["Run 1","Run 2","Run 3","Run 4","Run 5","Run 6","Run 7","Run 8","Run 9","Run 10"]}