{"slackAfterALNS":0,"nInitialNotServicedExpectedRequests":[48,54,47,50,52,44,38,44,39,38],"averageObj":[12503.261455638456,15248.5151061674,12697.689004702948,12803.56829770681,15055.925975059805,12713.783851522528,15234.47790500231,12678.78336070599,12881.254727194264,12455.303571629947],"slackBeforeALNS":0,"nInitialNotServicedFixedRequests":[0,1,0,0,1,0,1,0,0,0],"averageNotServicedExpectedRequests":[78.2,87.7,81.8,82.3,85.7,81.0,88.0,80.9,83.7,79.1],"runId":["Run 1","Run 2","Run 3","Run 4","Run 5","Run 6","Run 7","Run 8","Run 9","Run 10"]}