{"slackAfterALNS":0,"nInitialNotServicedExpectedRequests":[50,51,37,43,58,47,59,43,45,45],"averageObj":[14041.573003893103,13739.094028898244,13100.09621337425,12992.965599356825,13253.100148795147,14077.985715732293,13636.099042572456,13772.06335391076,13326.545800780974,13706.734331799587],"slackBeforeALNS":0,"nInitialNotServicedFixedRequests":[0,0,0,0,0,0,0,0,0,0],"averageNotServicedExpectedRequests":[96.6,93.6,85.5,85.0,87.3,96.3,92.3,93.4,88.4,92.3],"runId":["Run 1","Run 2","Run 3","Run 4","Run 5","Run 6","Run 7","Run 8","Run 9","Run 10"]}