{"slackAfterALNS":0,"nInitialNotServicedExpectedRequests":[59,58,57,54,60,52,48,71,52,48],"averageObj":[13987.120085217219,14395.435170281644,14562.971848697029,14804.631576145799,15038.01065446596,14350.478872809112,14617.210170554335,14737.368260611765,14420.13935442462,14150.440447675885],"slackBeforeALNS":0,"nInitialNotServicedFixedRequests":[0,0,0,0,0,0,0,0,0,0],"averageNotServicedExpectedRequests":[95.7,100.5,102.9,105.3,106.9,100.3,103.0,104.0,101.1,98.1],"runId":["Run 1","Run 2","Run 3","Run 4","Run 5","Run 6","Run 7","Run 8","Run 9","Run 10"]}