{"slackAfterALNS":0,"nInitialNotServicedExpectedRequests":[60,68,49,71,61,55,65,50,47,49],"averageObj":[13690.765258525611,14616.809047579958,13843.623729882605,13653.243251892145,13538.919960927558,14102.699542142469,14189.722417477085,13904.329242776028,13525.49031233869,14103.78505605139],"slackBeforeALNS":0,"nInitialNotServicedFixedRequests":[0,0,0,0,0,0,0,0,0,0],"averageNotServicedExpectedRequests":[92.0,103.2,94.6,92.3,90.7,98.2,98.1,95.2,91.3,97.0],"runId":["Run 1","Run 2","Run 3","Run 4","Run 5","Run 6","Run 7","Run 8","Run 9","Run 10"]}