{"slackAfterALNS":0,"nInitialNotServicedExpectedRequests":[53,45,40,45,44,46,48,46,51,49],"averageObj":[13566.161307579916,12675.427573329769,12884.258926810244,13575.759407735386,12915.752642823192,13276.687692979147,12461.190814521813,13095.393719994685,13013.054421113213,13544.831437243076],"slackBeforeALNS":0,"nInitialNotServicedFixedRequests":[0,0,0,0,0,0,0,0,0,0],"averageNotServicedExpectedRequests":[90.4,80.9,81.9,90.7,82.6,86.8,78.1,85.5,84.0,90.1],"runId":["Run 1","Run 2","Run 3","Run 4","Run 5","Run 6","Run 7","Run 8","Run 9","Run 10"]}