{"slackAfterALNS":0,"nInitialNotServicedExpectedRequests":[6,5,7,3,12],"averageObj":[7470.577090907034,7349.439201396754,9734.17035816909,9295.58780074972,13738.906265972426],"slackBeforeALNS":0,"nInitialNotServicedFixedRequests":[1,1,2,2,4],"averageNotServicedExpectedRequests":[22.8,19.8,25.2,21.3,26.3],"ALNSIterations":[1773,1906,2024,2057,1967],"runId":["Run 1","Run 2","Run 3","Run 4","Run 5"]}