{"slackAfterALNS":0,"nInitialNotServicedExpectedRequests":[16,14,16,12,14],"averageObj":[2939.0745473990646,2485.0060397119228,2656.8365165908294,2418.339087395049,2684.5089669559716],"slackBeforeALNS":0,"nInitialNotServicedFixedRequests":[0,0,0,0,0],"averageNotServicedExpectedRequests":[21.0,16.0,18.0,15.0,18.0],"ALNSIterations":[17673,16198,20908,22655,17877],"runId":["Run 1","Run 2","Run 3","Run 4","Run 5"]}