{"slackAfterALNS":0,"nInitialNotServicedExpectedRequests":[10,10,8,10,12],"averageObj":[2389.4054596793985,2669.8148840823264,2699.1212257115117,2560.9258404993698,2757.3680475171573],"slackBeforeALNS":0,"nInitialNotServicedFixedRequests":[0,0,0,0,0],"averageNotServicedExpectedRequests":[15.0,18.0,18.0,16.0,19.0],"ALNSIterations":[13851,17916,22759,19007,21049],"runId":["Run 1","Run 2","Run 3","Run 4","Run 5"]}