{"slackAfterALNS":0,"nInitialNotServicedExpectedRequests":[8,10,10,7,9],"averageObj":[2116.791275580373,2292.6865615275387,2562.07408078794,2221.1144183230754,1952.2094912986286],"slackBeforeALNS":0,"nInitialNotServicedFixedRequests":[0,0,0,0,0],"averageNotServicedExpectedRequests":[12.0,14.0,17.0,13.0,10.0],"ALNSIterations":[19864,18889,17605,25972,25880],"runId":["Run 1","Run 2","Run 3","Run 4","Run 5"]}