{"slackAfterALNS":0,"nInitialNotServicedExpectedRequests":[11,13,6,6,9],"averageObj":[9549.106471662457,7183.651631352464,7017.425251609167,4087.9681637562344,8984.4263154669],"slackBeforeALNS":0,"nInitialNotServicedFixedRequests":[2,1,1,0,2],"averageNotServicedExpectedRequests":[25.0,21.0,19.0,8.0,19.0],"ALNSIterations":[2146,2235,2415,2437,2445],"runId":["Run 1","Run 2","Run 3","Run 4","Run 5"]}