{"slackAfterALNS":0,"nInitialNotServicedExpectedRequests":[8,6,4,6,6],"averageObj":[4319.761567852003,6764.029432679339,4497.52284346564,6258.379812732651,6868.973621759071],"slackBeforeALNS":0,"nInitialNotServicedFixedRequests":[0,1,0,1,1],"averageNotServicedExpectedRequests":[8.0,15.0,12.0,9.0,16.0],"ALNSIterations":[2080,2217,2285,2265,2331],"runId":["Run 1","Run 2","Run 3","Run 4","Run 5"]}