{"slackAfterALNS":0,"nInitialNotServicedExpectedRequests":[20,13,14,13,19],"averageObj":[28751.140478221445,19297.08431744467,26923.78514262379,21044.774536417277,19120.026660385825],"slackBeforeALNS":0,"nInitialNotServicedFixedRequests":[10,5,9,6,5],"averageNotServicedExpectedRequests":[35.3,41.9,37.8,38.8,40.2],"ALNSIterations":[685,576,687,695,740],"runId":["Run 1","Run 2","Run 3","Run 4","Run 5"]}