{"slackAfterALNS":0,"nInitialNotServicedExpectedRequests":[7,5,8,7,6],"averageObj":[4701.283891504687,6536.956539945227,4458.447705268803,4451.036966108659,4668.392379945324],"slackBeforeALNS":0,"nInitialNotServicedFixedRequests":[0,1,0,0,0],"averageNotServicedExpectedRequests":[15.0,12.0,13.0,12.0,14.0],"ALNSIterations":[4969,5641,5107,5191,3064],"runId":["Run 1","Run 2","Run 3","Run 4","Run 5"]}