{"slackAfterALNS":0,"nInitialNotServicedExpectedRequests":[9,10,10,8,9],"averageObj":[12009.426278498066,7368.263718071679,8106.702851000404,7740.480133855848,9468.782618924948],"slackBeforeALNS":0,"nInitialNotServicedFixedRequests":[3,1,1,1,2],"averageNotServicedExpectedRequests":[28.0,20.0,29.0,24.0,23.0],"ALNSIterations":[3322,3970,4866,4296,5170],"runId":["Run 1","Run 2","Run 3","Run 4","Run 5"]}