{"slackAfterALNS":0,"nInitialNotServicedExpectedRequests":[6,5,5,7,4],"averageObj":[4997.452417901331,4259.087101097472,6799.54344886366,6644.493015527418,8680.752034738976],"slackBeforeALNS":0,"nInitialNotServicedFixedRequests":[0,0,1,1,2],"averageNotServicedExpectedRequests":[18.0,10.0,17.0,14.0,14.0],"ALNSIterations":[5586,5613,5298,3606,4711],"runId":["Run 1","Run 2","Run 3","Run 4","Run 5"]}