{"slackAfterALNS":0,"nInitialNotServicedExpectedRequests":[8,7,15,9,12],"averageObj":[6941.161164282445,9535.55185608211,5637.431026670565,11007.079625145285,11322.518501445109],"slackBeforeALNS":0,"nInitialNotServicedFixedRequests":[1,2,0,3,3],"averageNotServicedExpectedRequests":[17.0,24.0,25.0,18.0,22.0],"ALNSIterations":[4799,4381,4989,5587,5175],"runId":["Run 1","Run 2","Run 3","Run 4","Run 5"]}