{"slackAfterALNS":0,"nInitialNotServicedExpectedRequests":[9,7,7,5,6],"averageObj":[5233.55512178231,4269.132171576727,5554.821138656088,7096.04243813806,5313.44716064148],"slackBeforeALNS":0,"nInitialNotServicedFixedRequests":[0,0,0,1,0],"averageNotServicedExpectedRequests":[21.0,10.0,24.0,19.0,21.0],"ALNSIterations":[5483,5346,3473,5355,4859],"runId":["Run 1","Run 2","Run 3","Run 4","Run 5"]}