{"slackAfterALNS":0,"nInitialNotServicedExpectedRequests":[10,4,15,4,13],"averageObj":[16169.347322200041,16462.57205558639,14865.610599387408,8386.36118978826,18578.69372194063],"slackBeforeALNS":0,"nInitialNotServicedFixedRequests":[4,4,3,0,5],"averageNotServicedExpectedRequests":[30.4,32.4,38.5,32.0,34.1],"ALNSIterations":[1015,1023,1002,1090,1019],"runId":["Run 1","Run 2","Run 3","Run 4","Run 5"]}