{"slackAfterALNS":0,"nInitialNotServicedExpectedRequests":[18,20,15,6,16],"averageObj":[24827.45051667241,34657.1856308582,30810.485100805614,19067.98344919041,14901.122426743043],"slackBeforeALNS":0,"nInitialNotServicedFixedRequests":[8,13,11,5,3],"averageNotServicedExpectedRequests":[36.7,36.4,38.1,40.7,38.1],"ALNSIterations":[1101,1027,1018,1042,1049],"runId":["Run 1","Run 2","Run 3","Run 4","Run 5"]}