{"slackAfterALNS":0,"nInitialNotServicedExpectedRequests":[19,8,14,16,14],"averageObj":[24432.244823477307,20883.412392064063,22869.248194394415,30566.79756631782,17134.964074210853],"slackBeforeALNS":0,"nInitialNotServicedFixedRequests":[8,6,7,11,4],"averageNotServicedExpectedRequests":[32.3,37.0,36.5,35.2,40.0],"ALNSIterations":[1518,1399,1412,1557,1470],"runId":["Run 1","Run 2","Run 3","Run 4","Run 5"]}