{"slackAfterALNS":0,"nInitialNotServicedExpectedRequests":[6,6,7,4,5],"averageObj":[14502.479458881038,12812.818016854524,16327.129709366092,12235.804513885007,16290.211925046557],"slackBeforeALNS":0,"nInitialNotServicedFixedRequests":[3,2,4,2,4],"averageNotServicedExpectedRequests":[32.6,36.1,30.8,29.7,29.5],"ALNSIterations":[1038,1036,1036,1007,980],"runId":["Run 1","Run 2","Run 3","Run 4","Run 5"]}