{"slackAfterALNS":0,"nInitialNotServicedExpectedRequests":[7,12,7,6,4],"averageObj":[10217.214337097987,18135.82689231341,16549.991507400864,12996.01079546598,8162.8521115204185],"slackBeforeALNS":0,"nInitialNotServicedFixedRequests":[1,5,4,2,0],"averageNotServicedExpectedRequests":[28.2,28.7,32.3,38.3,28.6],"ALNSIterations":[1515,1413,1335,1457,1380],"runId":["Run 1","Run 2","Run 3","Run 4","Run 5"]}