{"slackAfterALNS":0,"nInitialNotServicedExpectedRequests":[15,8,11,10,8],"averageObj":[14652.440999515962,14671.896736353865,16732.228169029404,14161.228709606232,18536.665722338243],"slackBeforeALNS":0,"nInitialNotServicedFixedRequests":[3,3,4,3,5],"averageNotServicedExpectedRequests":[33.2,34.5,34.2,29.1,32.7],"ALNSIterations":[1003,972,1028,998,1002],"runId":["Run 1","Run 2","Run 3","Run 4","Run 5"]}