{"slackAfterALNS":0,"nInitialNotServicedExpectedRequests":[11,2,13,13,10],"averageObj":[15164.77317484377,8933.003300344551,12651.104185569111,14780.94258624746,14626.358735485705],"slackBeforeALNS":0,"nInitialNotServicedFixedRequests":[3,0,2,3,3],"averageNotServicedExpectedRequests":[38.2,36.5,33.9,36.5,33.5],"ALNSIterations":[1016,995,1044,1043,1033],"runId":["Run 1","Run 2","Run 3","Run 4","Run 5"]}