{"slackAfterALNS":0,"nInitialNotServicedExpectedRequests":[3,1,4,5,4,3,2,3,7,4],"averageObj":[2743.7337240159222,2765.9246633414105,2761.573943424154,2688.13839736373,2787.4052295164247,2676.198855456161,2704.3949486989013,2731.4018633981796,2713.126679259759,2744.7417366946775],"slackBeforeALNS":0,"nInitialNotServicedFixedRequests":[1,1,1,1,1,1,1,1,1,1],"averageNotServicedExpectedRequests":[5.5,5.7,5.8,5.0,6.1,4.9,5.0,5.4,5.1,5.6],"runId":["Run 1","Run 2","Run 3","Run 4","Run 5","Run 6","Run 7","Run 8","Run 9","Run 10"]}