{"slackAfterALNS":0,"nInitialNotServicedExpectedRequests":[4,4,3,3,2,2,4,3,4,3],"averageObj":[756.373561492935,609.952053518725,802.9908562899298,716.6931350059946,729.0160593631691,713.1693414870609,675.120587075143,726.350266676719,758.8623232681592,713.6937626557404],"slackBeforeALNS":0,"nInitialNotServicedFixedRequests":[0,0,0,0,0,0,0,0,0,0],"averageNotServicedExpectedRequests":[5.4,4.0,6.2,5.2,5.3,5.2,4.6,5.3,5.5,5.2],"runId":["Run 1","Run 2","Run 3","Run 4","Run 5","Run 6","Run 7","Run 8","Run 9","Run 10"]}