{"slackAfterALNS":0,"nInitialNotServicedExpectedRequests":[7,3,5,1,4,7,7,6,3,6],"averageObj":[827.6478835978836,837.3009096358852,760.1595287077872,858.5941759310426,837.6616234076779,845.4961321093839,808.5468304843306,699.1609266009289,806.8971477584544,813.1866397026909],"slackBeforeALNS":0,"nInitialNotServicedFixedRequests":[0,0,0,0,0,0,0,0,0,0],"averageNotServicedExpectedRequests":[6.4,6.5,5.5,6.6,6.3,6.5,6.1,4.9,6.1,6.2],"runId":["Run 1","Run 2","Run 3","Run 4","Run 5","Run 6","Run 7","Run 8","Run 9","Run 10"]}