{"slackAfterALNS":0,"nInitialNotServicedExpectedRequests":[10,11,10,17,10],"averageObj":[10561.115622697847,11143.722518338247,15247.067393376212,18920.84168487043,14856.976439514672],"slackBeforeALNS":0,"nInitialNotServicedFixedRequests":[1,1,3,5,3],"averageNotServicedExpectedRequests":[32.4,40.0,41.0,37.6,36.8],"ALNSIterations":[1301,1566,1471,1226,1339],"runId":["Run 1","Run 2","Run 3","Run 4","Run 5"]}