{"slackAfterALNS":0,"nInitialNotServicedExpectedRequests":[7,3,3,5,6],"averageObj":[10215.827784373028,10216.223934902268,8065.3121850463285,12442.546120593175,10023.870985229689],"slackBeforeALNS":0,"nInitialNotServicedFixedRequests":[1,1,0,2,1],"averageNotServicedExpectedRequests":[30.2,30.6,29.1,32.6,29.1],"ALNSIterations":[1354,1780,1746,1142,1823],"runId":["Run 1","Run 2","Run 3","Run 4","Run 5"]}