{"slackAfterALNS":0,"nInitialNotServicedExpectedRequests":[10,10,7,6,14],"averageObj":[10706.524343140307,14511.960809465387,10238.478333658792,12434.748505103342,15068.34845082339],"slackBeforeALNS":0,"nInitialNotServicedFixedRequests":[1,3,1,2,3],"averageNotServicedExpectedRequests":[36.6,33.5,30.7,33.0,40.3],"ALNSIterations":[1694,1457,1352,1401,1888],"runId":["Run 1","Run 2","Run 3","Run 4","Run 5"]}