{"slackAfterALNS":362.0,"nInitialNotServicedExpectedRequests":[72,69,71,69,65,65,76,73,69,58],"averageObj":[5460.4902021293165,7456.469715486703,5395.8648816377845,7372.064991073896,7422.459619306101,7424.906370238963,5409.1558279553265,7350.087937850706,5397.075874919574,5544.272401878579],"slackBeforeALNS":4144.0,"nInitialNotServicedFixedRequests":[0,1,0,1,1,1,0,1,0,0],"averageNotServicedExpectedRequests":[76.9,68.8,68.0,71.0,74.6,64.1,70.0,79.1,75.2,59.4],"runId":["Run 1","Run 2","Run 3","Run 4","Run 5","Run 6","Run 7","Run 8","Run 9","Run 10"]}