{
    "slackAfterALNS": 122.0,
    "nInitialNotServicedExpectedRequests": [
        72,
        72,
        76,
        63,
        67,
        76,
        80,
        67,
        71,
        60
    ],
    "averageObj": [
        9464.362497521153,
        15529.416636263195,
        9607.716570540355,
        7483.068369801089,
        9451.430602665567,
        13526.932074030788,
        11441.432797810538,
        9472.87880852575,
        11564.74253124872,
        11526.616532046686
    ],
    "slackBeforeALNS": 4622.0,
    "nInitialNotServicedFixedRequests": [
        2,
        5,
        2,
        1,
        2,
        4,
        3,
        2,
        3,
        3
    ],
    "averageNotServicedExpectedRequests": [
        72.0,
        69.5,
        70.2,
        68.1,
        73.9,
        73.7,
        82.2,
        73.6,
        70.1,
        65.6
    ],
    "runId": [
        "Run 1",
        "Run 2",
        "Run 3",
        "Run 4",
        "Run 5",
        "Run 6",
        "Run 7",
        "Run 8",
        "Run 9",
        "Run 10"
    ]
}