{"slackAfterALNS":635.0,"nInitialNotServicedExpectedRequests":[64,68,65,70,58,64,56,60,61,69],"averageObj":[23510.185534367203,23414.209755363256,23433.430941400242,15386.304760162919,15557.11856439719,19505.80593410263,19493.08927548422,17426.124652316077,15539.78355522071,19465.922225965798],"slackBeforeALNS":4690.0,"nInitialNotServicedFixedRequests":[9,9,9,5,5,7,7,6,5,7],"averageNotServicedExpectedRequests":[63.0,67.3,70.5,75.3,58.1,62.8,59.2,56.5,62.4,70.0],"runId":["Run 1","Run 2","Run 3","Run 4","Run 5","Run 6","Run 7","Run 8","Run 9","Run 10"]}