{"slackAfterALNS":48.0,"nInitialNotServicedExpectedRequests":[79,68,65,81,74,81,56,66,74,60],"averageObj":[15525.255078346756,13471.528708988797,17458.968856717423,15418.168755821065,9538.909013326662,13414.16084097675,17501.778120578798,17443.723470844525,21409.141520693353,13436.988497658134],"slackBeforeALNS":4175.0,"nInitialNotServicedFixedRequests":[5,4,6,5,2,4,6,6,8,4],"averageNotServicedExpectedRequests":[81.0,70.0,69.9,80.6,72.1,78.0,61.3,69.1,77.6,63.3],"runId":["Run 1","Run 2","Run 3","Run 4","Run 5","Run 6","Run 7","Run 8","Run 9","Run 10"]}