{"slackAfterALNS":146.0,"nInitialNotServicedExpectedRequests":[66,72,73,92,80,80,75,62,75,69],"averageObj":[5466.648756496252,5427.518502229027,5348.980293997631,5419.300574799091,5430.069495955527,5415.430547161753,5411.174494416778,7439.457146185999,5460.792622415705,5475.993489851268],"slackBeforeALNS":4322.0,"nInitialNotServicedFixedRequests":[0,0,0,0,0,0,0,1,0,0],"averageNotServicedExpectedRequests":[77.3,70.6,87.9,78.9,71.0,72.7,78.7,61.6,72.6,79.0],"runId":["Run 1","Run 2","Run 3","Run 4","Run 5","Run 6","Run 7","Run 8","Run 9","Run 10"]}