{"slackAfterALNS":141.0,"nInitialNotServicedExpectedRequests":[78,79,79,63,76,76,80,70,75,84],"averageObj":[7378.601048907738,7406.187889779403,7459.063913337745,7487.807422693574,9435.64340009553,5412.139383655206,7375.759358682674,7446.011399437137,7405.708479971678,7427.45118896372],"slackBeforeALNS":3780.0,"nInitialNotServicedFixedRequests":[1,1,1,1,2,0,1,1,1,1],"averageNotServicedExpectedRequests":[72.8,78.9,76.5,61.3,79.9,75.6,80.8,71.1,74.3,80.5],"runId":["Run 1","Run 2","Run 3","Run 4","Run 5","Run 6","Run 7","Run 8","Run 9","Run 10"]}