{
    "slackAfterALNS": 256.0,
    "nInitialNotServicedExpectedRequests": [
        79,
        83,
        76,
        85,
        90,
        94,
        66,
        70,
        71,
        85
    ],
    "averageObj": [
        13471.620325742962,
        15421.314044806737,
        13400.218522703955,
        17401.454539759536,
        13505.958805549668,
        17412.551334801432,
        13437.485686230133,
        19423.54402773566,
        9510.591712319305,
        13419.721361456363
    ],
    "slackBeforeALNS": 4514.0,
    "nInitialNotServicedFixedRequests": [
        4,
        5,
        4,
        6,
        4,
        6,
        4,
        7,
        2,
        4
    ],
    "averageNotServicedExpectedRequests": [
        81.3,
        81.9,
        81.1,
        74.0,
        73.9,
        83.2,
        81.1,
        73.5,
        67.1,
        69.9
    ],
    "runId": [
        "Run 1",
        "Run 2",
        "Run 3",
        "Run 4",
        "Run 5",
        "Run 6",
        "Run 7",
        "Run 8",
        "Run 9",
        "Run 10"
    ]
}