{"slackAfterALNS":33.0,"nInitialNotServicedExpectedRequests":[69,86,82,68,79,67,79,75,69,73],"averageObj":[15474.626500453753,17315.691857539652,9324.38053954692,11460.650711172098,11417.189782823327,13353.235250254414,13369.765307092715,17306.715900116455,13341.869625357076,15415.499637741736],"slackBeforeALNS":3992.0,"nInitialNotServicedFixedRequests":[5,6,2,3,3,4,4,6,4,5],"averageNotServicedExpectedRequests":[66.7,76.0,74.0,64.5,70.3,72.6,67.7,82.4,67.1,67.7],"runId":["Run 1","Run 2","Run 3","Run 4","Run 5","Run 6","Run 7","Run 8","Run 9","Run 10"]}