{"slackAfterALNS":746.0,"nInitialNotServicedExpectedRequests":[65,52,71,78,67,68,61,71,57,81],"averageObj":[7379.154885228403,7496.549943528943,9365.863885831623,7474.209469960074,9430.255683543997,5555.556392824859,5399.482055876115,9405.684133219733,9489.891315694138,7455.429317921143],"slackBeforeALNS":5000.0,"nInitialNotServicedFixedRequests":[1,1,2,1,2,0,0,2,2,1],"averageNotServicedExpectedRequests":[69.3,64.8,72.0,73.5,61.2,60.5,66.8,68.7,62.6,73.5],"runId":["Run 1","Run 2","Run 3","Run 4","Run 5","Run 6","Run 7","Run 8","Run 9","Run 10"]}