{"slackAfterALNS":236.0,"nInitialNotServicedExpectedRequests":[68,82,84,63,60,58,71,70,67,67],"averageObj":[21374.820107389238,13516.724239547888,19446.68745679994,17430.957371045333,21478.237177156065,11473.724190099449,19498.11097300497,23436.042611819263,19451.001009481068,27428.065782295213],"slackBeforeALNS":5127.0,"nInitialNotServicedFixedRequests":[8,4,7,6,8,3,7,9,7,11],"averageNotServicedExpectedRequests":[79.5,66.8,84.9,75.5,62.8,72.4,72.2,72.0,73.6,69.6],"runId":["Run 1","Run 2","Run 3","Run 4","Run 5","Run 6","Run 7","Run 8","Run 9","Run 10"]}