{"slackAfterALNS":0,"nInitialNotServicedExpectedRequests":[13,11,12,14,11],"averageObj":[16442.685273273037,19898.025505047674,21339.000518736906,18265.816398364583,22222.786646805995],"slackBeforeALNS":0,"nInitialNotServicedFixedRequests":[4,6,7,5,7],"averageNotServicedExpectedRequests":[32.0,27.0,21.0,29.0,32.0],"ALNSIterations":[738,704,707,693,758],"runId":["Run 1","Run 2","Run 3","Run 4","Run 5"]}