{"slackAfterALNS":0,"nInitialNotServicedExpectedRequests":[7,5,5,10,6],"averageObj":[14216.744104355992,17531.478423885022,13434.795867704353,13102.34386554887,13114.003625008594],"slackBeforeALNS":0,"nInitialNotServicedFixedRequests":[3,5,3,3,3],"averageNotServicedExpectedRequests":[28.0,21.0,20.0,17.0,18.0],"ALNSIterations":[685,634,661,624,573],"runId":["Run 1","Run 2","Run 3","Run 4","Run 5"]}