{"slackAfterALNS":0,"nInitialNotServicedExpectedRequests":[10,9,8,11,7],"averageObj":[16906.16848550853,20951.48467671485,30210.5134459186,24193.990619648772,16585.406816200495],"slackBeforeALNS":0,"nInitialNotServicedFixedRequests":[4,6,11,8,4],"averageNotServicedExpectedRequests":[38.0,38.0,30.0,29.0,33.0],"ALNSIterations":[702,710,713,707,588],"runId":["Run 1","Run 2","Run 3","Run 4","Run 5"]}