{"slackAfterALNS":0,"nInitialNotServicedExpectedRequests":[14,14,20,18,7],"averageObj":[25347.52381594767,23434.779316905595,32957.179977656924,26002.05686305961,26920.047795337647],"slackBeforeALNS":0,"nInitialNotServicedFixedRequests":[9,8,12,9,10],"averageNotServicedExpectedRequests":[22.0,22.0,40.0,30.0,17.0],"ALNSIterations":[769,779,673,744,741],"runId":["Run 1","Run 2","Run 3","Run 4","Run 5"]}