{"slackAfterALNS":0,"nInitialNotServicedExpectedRequests":[36,33,38,38,37],"averageObj":[6652.258290255648,6526.206891287092,6381.715831525805,6201.416982937188,6157.444643279167],"slackBeforeALNS":0,"nInitialNotServicedFixedRequests":[0,0,0,0,0],"averageNotServicedExpectedRequests":[39.0,38.0,35.0,33.0,33.0],"ALNSIterations":[210,143,136,138,231],"runId":["Run 1","Run 2","Run 3","Run 4","Run 5"]}