{"slackAfterALNS":0,"nInitialNotServicedExpectedRequests":[38,33,37,32,36],"averageObj":[6726.7891302166845,6507.538864494479,6113.1221026646435,6450.349647620613,6908.248063190715],"slackBeforeALNS":0,"nInitialNotServicedFixedRequests":[0,0,0,0,0],"averageNotServicedExpectedRequests":[39.0,36.0,32.0,35.0,41.0],"ALNSIterations":[214,134,135,134,218],"runId":["Run 1","Run 2","Run 3","Run 4","Run 5"]}