{"slackAfterALNS":0,"nInitialNotServicedExpectedRequests":[32,22,29,27,26],"averageObj":[9556.244237135545,10019.799086185865,7599.9072885582045,8073.912281607178,7540.862927548864],"slackBeforeALNS":0,"nInitialNotServicedFixedRequests":[2,2,1,1,1],"averageNotServicedExpectedRequests":[24.0,30.0,26.0,30.0,25.0],"ALNSIterations":[198,215,215,207,216],"runId":["Run 1","Run 2","Run 3","Run 4","Run 5"]}