{"slackAfterALNS":0,"nInitialNotServicedExpectedRequests":[33,32,42,42,40],"averageObj":[9224.166163821254,7431.33444748735,7453.044315443663,6560.011356430034,7579.912940140597],"slackBeforeALNS":0,"nInitialNotServicedFixedRequests":[1,0,0,0,0],"averageNotServicedExpectedRequests":[43.0,46.0,46.0,35.0,47.0],"ALNSIterations":[192,206,198,196,202],"runId":["Run 1","Run 2","Run 3","Run 4","Run 5"]}