{"slackAfterALNS":0,"nInitialNotServicedExpectedRequests":[28,24,24,35,34],"averageObj":[5727.78561096712,5277.241608271564,5635.859526362782,5860.757540922225,6313.987979370401],"slackBeforeALNS":0,"nInitialNotServicedFixedRequests":[0,0,0,0,0],"averageNotServicedExpectedRequests":[26.0,22.0,27.0,28.0,34.0],"ALNSIterations":[222,232,234,215,134],"runId":["Run 1","Run 2","Run 3","Run 4","Run 5"]}