{"slackAfterALNS":0,"nInitialNotServicedExpectedRequests":[29,29,31,30,23],"averageObj":[6231.894367985171,6152.205229084892,6513.814155098473,5956.171987807827,7592.291719189523],"slackBeforeALNS":0,"nInitialNotServicedFixedRequests":[0,0,0,0,1],"averageNotServicedExpectedRequests":[32.0,31.0,34.0,28.0,24.0],"ALNSIterations":[121,218,218,221,224],"runId":["Run 1","Run 2","Run 3","Run 4","Run 5"]}