{"slackAfterALNS":0,"nInitialNotServicedExpectedRequests":[26,29,28,26,30],"averageObj":[5822.83906212777,5745.297440632499,5853.75981768447,6360.765322466025,5994.857283332728],"slackBeforeALNS":0,"nInitialNotServicedFixedRequests":[0,0,0,0,0],"averageNotServicedExpectedRequests":[29.0,28.0,28.0,35.0,31.0],"ALNSIterations":[209,238,228,227,227],"runId":["Run 1","Run 2","Run 3","Run 4","Run 5"]}