{"slackAfterALNS":0,"nInitialNotServicedExpectedRequests":[41,36,44,39,36],"averageObj":[6953.196315403367,6966.933199501524,7091.316530276576,7137.610063903558,6464.699835404289],"slackBeforeALNS":0,"nInitialNotServicedFixedRequests":[0,0,0,0,0],"averageNotServicedExpectedRequests":[41.0,42.0,43.0,43.0,35.0],"ALNSIterations":[213,221,221,223,218],"runId":["Run 1","Run 2","Run 3","Run 4","Run 5"]}