{"slackAfterALNS":0,"nInitialNotServicedExpectedRequests":[29,29,26,26,24],"averageObj":[6133.235839985037,6434.185209203593,6429.670838891755,5126.6484432801935,5503.207206674843],"slackBeforeALNS":0,"nInitialNotServicedFixedRequests":[0,0,0,0,0],"averageNotServicedExpectedRequests":[30.0,33.0,35.0,20.0,23.0],"ALNSIterations":[196,227,226,220,230],"runId":["Run 1","Run 2","Run 3","Run 4","Run 5"]}