{"slackAfterALNS":0,"nInitialNotServicedExpectedRequests":[41,32,33,34,37],"averageObj":[6689.334429513219,6190.245193497697,5779.052581378448,6318.059902891297,6189.917395745615],"slackBeforeALNS":0,"nInitialNotServicedFixedRequests":[0,0,0,0,0],"averageNotServicedExpectedRequests":[39.0,32.0,28.0,34.0,33.0],"ALNSIterations":[116,214,211,216,118],"runId":["Run 1","Run 2","Run 3","Run 4","Run 5"]}