ScenarioName,TotalElapsedTime,AverageResponseTime,EventsInsertedByALNS,nTaxi,TotalCost,TotalDistance,TotalIdleTime,TotalIdleTimeWithCustomer,TotalRideTime,TotalDirectRideTime,TotalActualRideTime,nOfflineRequests,UnservicedOfflineRequest,nOnlineRequests,UnservicedOnlineRequests,AveragePercentRideSharing,ExcessRideTimePrServicedRequest,TotalEmptyRelocationTime,TotalNumberOfRequestsOverlapIdleVehicle,TotalDriveTimeToNearestIdleVehicle
Gen_Data_500_0.7_1_Run4,4019.28,8.04,22,69,73650.7668923279,19321.382475483286,8944,77,30517,8924,9938,0,0,500,69,6.487,2.028,7373,465,10237
Gen_Data_500_0.7_3_Run4,4149.95,8.3,23,80,84480.57413777549,19015.449867440195,8214,83,29409,8786,9690,0,0,500,80,4.253,1.808,6683,451,10611
Gen_Data_500_0.7_4_Run4,4206.08,8.41,16,77,81371.96347710089,19378.122874212397,9644,16,31234,8721,9165,0,0,500,77,3.188,0.888,8252,472,9391
Gen_Data_500_0.7_5_Run4,4136.23,8.27,19,66,70478.441360198,19748.215547514297,9152,52,31156,8955,9399,0,0,500,66,3.649,0.888,8295,492,10236
Gen_Data_500_0.7_6_Run4,4093.73,8.19,23,69,73682.34486720074,19264.854210300302,8450,40,29935,8988,10027,0,0,500,69,7.974,2.078,7099,466,10462
Gen_Data_500_0.7_7_Run4,4279.2,8.56,19,82,86396.24860384187,19129.297081498953,8764,33,30068,8776,9418,0,0,500,82,4.125,1.284,7268,488,10795
Gen_Data_500_0.7_8_Run4,4210.32,8.42,16,85,89430.43153581828,19792.609198520127,8408,47,30345,9090,9903,0,0,500,85,5.16,1.626,8101,470,10298
Gen_Data_500_0.7_10_Run4,4222.45,8.44,27,67,71590.89164866641,20664.185291370235,8089,4,31005,9408,10009,0,0,500,67,5.21,1.202,8372,474,11002
