{"slackAfterALNS":0,"nInitialNotServicedExpectedRequests":[16,20,25,16,14],"averageObj":[5584.941616166523,5883.319741122154,5802.478891104882,6365.432774413575,6374.149805246404],"slackBeforeALNS":0,"nInitialNotServicedFixedRequests":[0,0,0,0,0],"averageNotServicedExpectedRequests":[25.5,29.7,28.3,34.0,34.1],"ALNSIterations":[6218,6705,6369,6486,6171],"runId":["Run 1","Run 2","Run 3","Run 4","Run 5"]}