{"slackAfterALNS":0,"nInitialNotServicedExpectedRequests":[14,21,19,13,17],"averageObj":[5507.512147673439,5693.261878423497,6074.107683007617,5464.446605033213,6035.329189231521],"slackBeforeALNS":0,"nInitialNotServicedFixedRequests":[0,0,0,0,0],"averageNotServicedExpectedRequests":[24.1,26.1,29.7,23.3,29.5],"ALNSIterations":[6315,6443,6375,6170,6034],"runId":["Run 1","Run 2","Run 3","Run 4","Run 5"]}