{"slackAfterALNS":0,"nInitialNotServicedExpectedRequests":[20,18,21,13,21],"averageObj":[6004.281722852129,6333.335959649866,6286.759067083349,6351.009142906757,5492.373641264408],"slackBeforeALNS":0,"nInitialNotServicedFixedRequests":[0,0,0,0,0],"averageNotServicedExpectedRequests":[30.2,33.9,34.1,34.2,25.0],"ALNSIterations":[6492,6272,6205,6279,6380],"runId":["Run 1","Run 2","Run 3","Run 4","Run 5"]}