{"slackAfterALNS":0,"nInitialNotServicedExpectedRequests":[17,14,20,10,14],"averageObj":[5598.014771193598,5789.028251369969,5719.435508033608,5272.269742677929,5618.684601215144],"slackBeforeALNS":0,"nInitialNotServicedFixedRequests":[0,0,0,0,0],"averageNotServicedExpectedRequests":[26.7,28.4,28.1,22.5,27.0],"ALNSIterations":[6464,6154,6460,6055,6652],"runId":["Run 1","Run 2","Run 3","Run 4","Run 5"]}