{"slackAfterALNS":0,"nInitialNotServicedExpectedRequests":[21,17,15,19,17],"averageObj":[5664.219857186817,6625.137476340242,6031.7955695282835,6130.819804528248,5985.366965856757],"slackBeforeALNS":0,"nInitialNotServicedFixedRequests":[0,0,0,0,0],"averageNotServicedExpectedRequests":[24.8,35.4,30.4,30.9,29.7],"ALNSIterations":[6127,6388,6022,6007,6271],"runId":["Run 1","Run 2","Run 3","Run 4","Run 5"]}