{"slackAfterALNS":0,"nInitialNotServicedExpectedRequests":[18,27,23,20,18],"averageObj":[6046.109320877469,6235.393356440577,6900.154976374322,6135.261004121228,6541.013014737689],"slackBeforeALNS":0,"nInitialNotServicedFixedRequests":[0,0,0,0,0],"averageNotServicedExpectedRequests":[29.9,32.7,40.2,30.9,36.5],"ALNSIterations":[5687,5860,5765,5910,5933],"runId":["Run 1","Run 2","Run 3","Run 4","Run 5"]}