{"slackAfterALNS":0,"nInitialNotServicedExpectedRequests":[31,28,26,20,30,35,30,29,21,21],"averageObj":[8006.846623423407,8272.144283055191,8150.748647640231,8387.980436700802,8114.964613569838,7670.277134183254,7828.153939802369,8030.988778727794,7765.257698321951,8134.793700081158],"slackBeforeALNS":0,"nInitialNotServicedFixedRequests":[0,0,0,0,0,0,0,0,0,0],"averageNotServicedExpectedRequests":[52.8,56.2,54.8,56.8,53.4,49.0,50.8,53.3,49.7,54.6],"runId":["Run 1","Run 2","Run 3","Run 4","Run 5","Run 6","Run 7","Run 8","Run 9","Run 10"]}