{"slackAfterALNS":0,"nInitialNotServicedExpectedRequests":[31,25,26,19,28,27,21,19,20,22],"averageObj":[7956.393241801983,8112.9086706852295,7994.9025361816475,7661.83360478851,8161.9851764535615,8432.336026601773,7562.655437213771,7476.260135154033,7992.4339051798,8070.230112717849],"slackBeforeALNS":0,"nInitialNotServicedFixedRequests":[0,0,0,0,0,0,0,0,0,0],"averageNotServicedExpectedRequests":[52.6,53.9,52.9,49.0,55.0,57.7,47.8,47.1,53.2,53.7],"runId":["Run 1","Run 2","Run 3","Run 4","Run 5","Run 6","Run 7","Run 8","Run 9","Run 10"]}