{"slackAfterALNS":0,"nInitialNotServicedExpectedRequests":[32,23,26,33,29,26,32,30,27,30],"averageObj":[8406.755966163011,8082.866049344734,8173.811309850009,8774.204229359593,8373.854775361153,8075.691205673465,8785.747468570657,8441.391439304603,8138.086916135825,8340.03737323529],"slackBeforeALNS":0,"nInitialNotServicedFixedRequests":[0,0,0,0,0,0,0,0,0,0],"averageNotServicedExpectedRequests":[57.8,53.5,54.9,61.6,57.9,54.1,62.0,58.4,54.9,56.7],"runId":["Run 1","Run 2","Run 3","Run 4","Run 5","Run 6","Run 7","Run 8","Run 9","Run 10"]}