{"slackAfterALNS":0,"nInitialNotServicedExpectedRequests":[4,7,1,11,3],"averageObj":[14679.753102772325,10658.828685786702,12528.870462738732,9255.22677081298,10886.094314969554],"slackBeforeALNS":0,"nInitialNotServicedFixedRequests":[5,3,4,2,3],"averageNotServicedExpectedRequests":[15.0,15.0,13.0,20.0,17.0],"ALNSIterations":[2307,1944,1593,2237,2065],"runId":["Run 1","Run 2","Run 3","Run 4","Run 5"]}