{"slackAfterALNS":0,"nInitialNotServicedExpectedRequests":[3,5,5,4,7],"averageObj":[8944.87174598596,6881.642587734035,11070.813944171314,7317.004579877639,9326.691242332075],"slackBeforeALNS":0,"nInitialNotServicedFixedRequests":[2,1,3,1,2],"averageNotServicedExpectedRequests":[18.0,16.0,19.0,22.0,22.0],"ALNSIterations":[1939,2208,1761,1962,1883],"runId":["Run 1","Run 2","Run 3","Run 4","Run 5"]}