{"slackAfterALNS":0,"nInitialNotServicedExpectedRequests":[3,3,4,5,4],"averageObj":[6316.880772052608,10868.736825941989,8710.938819461264,7031.537772666445,9308.28920705127],"slackBeforeALNS":0,"nInitialNotServicedFixedRequests":[1,3,2,1,2],"averageNotServicedExpectedRequests":[10.0,17.0,16.0,18.0,19.0],"ALNSIterations":[2144,2001,2238,1709,1983],"runId":["Run 1","Run 2","Run 3","Run 4","Run 5"]}