{"slackAfterALNS":0,"nInitialNotServicedExpectedRequests":[16,9,7,4,8],"averageObj":[8754.24034470361,6527.065177418001,4605.240113622968,6742.304119167791,9356.402531649583],"slackBeforeALNS":0,"nInitialNotServicedFixedRequests":[2,1,0,1,2],"averageNotServicedExpectedRequests":[15.0,13.0,13.0,15.0,21.0],"ALNSIterations":[2324,2303,1993,2119,2555],"runId":["Run 1","Run 2","Run 3","Run 4","Run 5"]}