{"slackAfterALNS":0,"nInitialNotServicedExpectedRequests":[0,1,2,1,0],"averageObj":[6372.902764291965,6369.206477732793,6458.732879662331,6378.5321821036105,6332.056175813044],"slackBeforeALNS":0,"nInitialNotServicedFixedRequests":[3,3,3,3,3],"averageNotServicedExpectedRequests":[2.2,2.2,3.2,2.3,1.7],"ALNSIterations":[709026,746766,664391,662172,834912],"runId":["Run 1","Run 2","Run 3","Run 4","Run 5"]}