{"slackAfterALNS":0,"nInitialNotServicedExpectedRequests":[0,2,0,1,2],"averageObj":[6398.580150241915,6327.7915766970455,6365.878060315035,6310.341382575758,6345.554302661835],"slackBeforeALNS":0,"nInitialNotServicedFixedRequests":[3,3,3,3,3],"averageNotServicedExpectedRequests":[2.4,1.6,2.1,1.5,1.8],"ALNSIterations":[661721,875045,705920,800619,727254],"runId":["Run 1","Run 2","Run 3","Run 4","Run 5"]}