{"slackAfterALNS":0,"nInitialNotServicedExpectedRequests":[4,3,4,5,4],"averageObj":[6421.3040214652365,6454.566327064154,6546.091110731455,6463.999525988885,6501.513414877774],"slackBeforeALNS":0,"nInitialNotServicedFixedRequests":[3,3,3,3,3],"averageNotServicedExpectedRequests":[2.4,2.8,3.8,2.9,3.3],"ALNSIterations":[673064,930058,840556,717602,677607],"runId":["Run 1","Run 2","Run 3","Run 4","Run 5"]}