{"slackAfterALNS":458.0,"nInitialNotServicedExpectedRequests":[52,30,40,53,48,42,54,45,47,43],"averageObj":[5243.721657879713,3301.076444033325,5340.52204742759,9224.729104596472,7288.6784703528365,7314.80809924429,7217.2143469079165,5349.758836005376,7270.2106929071815,5310.059352700069],"slackBeforeALNS":3372.0,"nInitialNotServicedFixedRequests":[1,0,1,3,2,2,2,1,2,1],"averageNotServicedExpectedRequests":[49.2,40.1,39.6,45.7,43.0,42.0,48.8,43.9,45.6,43.5],"runId":["Run 1","Run 2","Run 3","Run 4","Run 5","Run 6","Run 7","Run 8","Run 9","Run 10"]}