{"slackAfterALNS":0,"nInitialNotServicedExpectedRequests":[33,30,32,31,30],"averageObj":[5922.584630610612,6428.295056035436,6135.890089306014,5675.453976704684,6441.384157731261],"slackBeforeALNS":0,"nInitialNotServicedFixedRequests":[0,0,0,0,0],"averageNotServicedExpectedRequests":[30.0,36.0,32.0,27.0,36.0],"ALNSIterations":[293,307,160,223,302],"runId":["Run 1","Run 2","Run 3","Run 4","Run 5"]}