{"slackAfterALNS":0,"nInitialNotServicedExpectedRequests":[29,32,28,24,23],"averageObj":[7292.127868605244,9028.9250462804,11651.5776723605,7755.889885547718,5512.158154222293],"slackBeforeALNS":0,"nInitialNotServicedFixedRequests":[1,2,3,1,0],"averageNotServicedExpectedRequests":[22.0,19.0,26.0,28.0,24.0],"ALNSIterations":[277,284,284,258,275],"runId":["Run 1","Run 2","Run 3","Run 4","Run 5"]}