{"slackAfterALNS":0,"nInitialNotServicedExpectedRequests":[31,35,32,28,34],"averageObj":[6274.895487349085,6429.922489319547,5907.3532882357185,6177.011397595444,6093.71822109092],"slackBeforeALNS":0,"nInitialNotServicedFixedRequests":[0,0,0,0,0],"averageNotServicedExpectedRequests":[33.0,34.0,29.0,31.0,31.0],"ALNSIterations":[156,265,208,212,156],"runId":["Run 1","Run 2","Run 3","Run 4","Run 5"]}