{"slackAfterALNS":0,"nInitialNotServicedExpectedRequests":[39,36,28,27,37],"averageObj":[7313.407038567135,7563.378909260917,6782.502324757477,6880.449727459445,7285.98921027221],"slackBeforeALNS":0,"nInitialNotServicedFixedRequests":[0,0,0,0,0],"averageNotServicedExpectedRequests":[43.0,46.0,37.0,38.0,44.0],"ALNSIterations":[252,220,259,264,251],"runId":["Run 1","Run 2","Run 3","Run 4","Run 5"]}