{"slackAfterALNS":0,"nInitialNotServicedExpectedRequests":[30,24,29,29,27],"averageObj":[5662.1469270492325,5517.412787295784,5993.8336481542,6660.260967795644,6369.650538093082],"slackBeforeALNS":0,"nInitialNotServicedFixedRequests":[0,0,0,0,0],"averageNotServicedExpectedRequests":[27.0,24.0,30.0,38.0,34.0],"ALNSIterations":[160,260,302,284,263],"runId":["Run 1","Run 2","Run 3","Run 4","Run 5"]}