{"slackAfterALNS":0,"nInitialNotServicedExpectedRequests":[26,29,30,26,27],"averageObj":[5264.519502795366,6073.116204624329,6329.6579727484495,5994.833121986624,6180.54105481848],"slackBeforeALNS":0,"nInitialNotServicedFixedRequests":[0,0,0,0,0],"averageNotServicedExpectedRequests":[23.0,32.0,35.0,30.0,32.0],"ALNSIterations":[299,208,302,297,258],"runId":["Run 1","Run 2","Run 3","Run 4","Run 5"]}