{"slackAfterALNS":0,"nInitialNotServicedExpectedRequests":[27,25,29,38,25],"averageObj":[5803.5548646494,8245.829996460001,8856.046107343276,6608.90771251281,6202.339516164354],"slackBeforeALNS":0,"nInitialNotServicedFixedRequests":[0,1,1,0,0],"averageNotServicedExpectedRequests":[28.0,32.0,38.0,36.0,31.0],"ALNSIterations":[145,214,172,239,155],"runId":["Run 1","Run 2","Run 3","Run 4","Run 5"]}