{"slackAfterALNS":0,"nInitialNotServicedExpectedRequests":[32,34,30,33,31],"averageObj":[6499.694880737489,6542.403747691459,6298.90558289866,7011.875720552989,6747.152129033808],"slackBeforeALNS":0,"nInitialNotServicedFixedRequests":[0,0,0,0,0],"averageNotServicedExpectedRequests":[36.0,38.0,34.0,42.0,39.0],"ALNSIterations":[300,177,235,312,309],"runId":["Run 1","Run 2","Run 3","Run 4","Run 5"]}