{"slackAfterALNS":0,"nInitialNotServicedExpectedRequests":[26,31,32,32,28],"averageObj":[6216.194279327728,6458.5257642207725,6970.585579739576,6262.553736476717,5511.5161841520285],"slackBeforeALNS":0,"nInitialNotServicedFixedRequests":[0,0,0,0,0],"averageNotServicedExpectedRequests":[32.0,35.0,40.0,33.0,24.0],"ALNSIterations":[151,192,275,162,192],"runId":["Run 1","Run 2","Run 3","Run 4","Run 5"]}