{"slackAfterALNS":0,"nInitialNotServicedExpectedRequests":[31,33,42,41,35],"averageObj":[6118.750062596655,6763.929511426139,7008.702229563505,6631.362961565914,6426.027234813414],"slackBeforeALNS":0,"nInitialNotServicedFixedRequests":[0,0,0,0,0],"averageNotServicedExpectedRequests":[32.0,39.0,42.0,38.0,36.0],"ALNSIterations":[287,301,225,157,213],"runId":["Run 1","Run 2","Run 3","Run 4","Run 5"]}