{"slackAfterALNS":0,"nInitialNotServicedExpectedRequests":[14,14,17,18,12],"averageObj":[5157.133874882263,6255.9468336926375,6208.6946761282725,5051.362671864634,5338.143136351342],"slackBeforeALNS":0,"nInitialNotServicedFixedRequests":[0,0,0,0,0],"averageNotServicedExpectedRequests":[21.0,34.0,33.0,21.0,23.0],"ALNSIterations":[3037,3371,4834,5042,4895],"runId":["Run 1","Run 2","Run 3","Run 4","Run 5"]}