{"slackAfterALNS":0,"nInitialNotServicedExpectedRequests":[16,15,18,15,18],"averageObj":[5279.035467826332,4862.360758456099,5748.212345976965,5683.639488771396,5026.978199866956],"slackBeforeALNS":0,"nInitialNotServicedFixedRequests":[0,0,0,0,0],"averageNotServicedExpectedRequests":[22.0,17.0,26.0,26.0,18.0],"ALNSIterations":[3150,5558,4607,4677,4870],"runId":["Run 1","Run 2","Run 3","Run 4","Run 5"]}