{"slackAfterALNS":0,"nInitialNotServicedExpectedRequests":[17,15,7,14,18],"averageObj":[5004.552261688251,5266.317982244506,5107.361103639887,5675.931572401215,4764.5465374668875],"slackBeforeALNS":0,"nInitialNotServicedFixedRequests":[0,0,0,0,0],"averageNotServicedExpectedRequests":[19.0,22.0,21.0,26.0,16.0],"ALNSIterations":[5921,5412,5421,5380,5155],"runId":["Run 1","Run 2","Run 3","Run 4","Run 5"]}