{"slackAfterALNS":0,"nInitialNotServicedExpectedRequests":[15,11,15,17,13],"averageObj":[5003.204991530728,4890.439308108759,4767.396395291702,5196.834085301765,5016.664481995688],"slackBeforeALNS":0,"nInitialNotServicedFixedRequests":[0,0,0,0,0],"averageNotServicedExpectedRequests":[19.0,17.0,17.0,21.0,19.0],"ALNSIterations":[2859,5821,4768,4982,5069],"runId":["Run 1","Run 2","Run 3","Run 4","Run 5"]}