{"slackAfterALNS":0,"nInitialNotServicedExpectedRequests":[21,21,20,23,23],"averageObj":[5804.098060578122,5422.113528428567,5060.520546108361,6275.8234589068425,5794.896042799016],"slackBeforeALNS":0,"nInitialNotServicedFixedRequests":[0,0,0,0,0],"averageNotServicedExpectedRequests":[29.0,25.0,21.0,33.0,28.0],"ALNSIterations":[6324,6116,5053,5152,4747],"runId":["Run 1","Run 2","Run 3","Run 4","Run 5"]}