{"slackAfterALNS":0,"nInitialNotServicedExpectedRequests":[28,24,24,29,24],"averageObj":[5835.301394964978,5960.654540087824,5870.356348775291,6847.8599142593175,5731.443102848602],"slackBeforeALNS":0,"nInitialNotServicedFixedRequests":[0,0,0,0,0],"averageNotServicedExpectedRequests":[29.0,31.0,29.0,41.0,27.0],"ALNSIterations":[5870,3339,4795,4306,4768],"runId":["Run 1","Run 2","Run 3","Run 4","Run 5"]}