{"slackAfterALNS":0,"nInitialNotServicedExpectedRequests":[23,24,23,16,22],"averageObj":[6582.995898409079,6482.828175683848,6477.01225058476,6085.596726217585,6463.60624665272],"slackBeforeALNS":0,"nInitialNotServicedFixedRequests":[0,0,0,0,0],"averageNotServicedExpectedRequests":[35.0,34.0,34.0,29.0,34.0],"ALNSIterations":[2592,2903,4378,4113,3948],"runId":["Run 1","Run 2","Run 3","Run 4","Run 5"]}