{"slackAfterALNS":0,"nInitialNotServicedExpectedRequests":[24,24,27,20,23],"averageObj":[6221.640288329195,5283.20568464446,6051.015060813727,5945.045472292297,5714.466627046553],"slackBeforeALNS":0,"nInitialNotServicedFixedRequests":[0,0,0,0,0],"averageNotServicedExpectedRequests":[33.0,22.0,31.0,29.0,27.0],"ALNSIterations":[5592,4573,3991,3686,4648],"runId":["Run 1","Run 2","Run 3","Run 4","Run 5"]}