{"slackAfterALNS":0,"nInitialNotServicedExpectedRequests":[14,16,14,15,14],"averageObj":[5717.305782429711,5592.489300087131,5404.86990339442,5469.64865831865,5032.172810495829],"slackBeforeALNS":0,"nInitialNotServicedFixedRequests":[0,0,0,0,0],"averageNotServicedExpectedRequests":[26.0,26.0,23.0,24.0,19.0],"ALNSIterations":[5866,4528,4784,5107,4521],"runId":["Run 1","Run 2","Run 3","Run 4","Run 5"]}