{"slackAfterALNS":0,"nInitialNotServicedExpectedRequests":[15,22,18,22,25],"averageObj":[5697.393184637113,5864.1669189578315,6196.496786311117,5991.297638618448,5880.193968780652],"slackBeforeALNS":0,"nInitialNotServicedFixedRequests":[0,0,0,0,0],"averageNotServicedExpectedRequests":[27.0,29.0,32.0,31.0,30.0],"ALNSIterations":[6032,5824,4310,4601,4246],"runId":["Run 1","Run 2","Run 3","Run 4","Run 5"]}