{"slackAfterALNS":0,"nInitialNotServicedExpectedRequests":[22,19,21,18,23],"averageObj":[5777.804397547196,5372.783563688098,5113.271931398215,5457.244434438965,6069.833207724825],"slackBeforeALNS":0,"nInitialNotServicedFixedRequests":[0,0,0,0,0],"averageNotServicedExpectedRequests":[29.0,24.0,22.0,25.0,32.0],"ALNSIterations":[4845,4698,5076,4853,5142],"runId":["Run 1","Run 2","Run 3","Run 4","Run 5"]}