{"slackAfterALNS":0,"nInitialNotServicedExpectedRequests":[14,18,18,17,10],"averageObj":[4783.3235868393685,5396.222969342247,5417.111276047319,5303.145793261551,5329.886077387914],"slackBeforeALNS":0,"nInitialNotServicedFixedRequests":[0,0,0,0,0],"averageNotServicedExpectedRequests":[17.0,24.0,24.0,22.0,22.0],"ALNSIterations":[4847,4589,4790,4808,4825],"runId":["Run 1","Run 2","Run 3","Run 4","Run 5"]}