{"slackAfterALNS":0,"nInitialNotServicedExpectedRequests":[2,2,2,2,2],"averageObj":[1558.7335722819596,1452.2407407407409,1570.2962962962972,1656.2090594487704,1305.0914055204355],"slackBeforeALNS":0,"nInitialNotServicedFixedRequests":[0,0,0,0,0],"averageNotServicedExpectedRequests":[6.0,5.0,6.0,7.0,3.0],"ALNSIterations":[21382,24465,15686,21651,20294],"runId":["Run 1","Run 2","Run 3","Run 4","Run 5"]}