{"slackAfterALNS":0,"nInitialNotServicedExpectedRequests":[2,2,1,1,2],"averageObj":[1262.6869753820108,1454.5070921985823,1290.4035219018267,1215.0328145382575,1293.2458721133075],"slackBeforeALNS":0,"nInitialNotServicedFixedRequests":[0,0,0,0,0],"averageNotServicedExpectedRequests":[2.0,5.0,3.0,2.0,3.0],"ALNSIterations":[22022,21209,22668,19272,21661],"runId":["Run 1","Run 2","Run 3","Run 4","Run 5"]}