{"slackAfterALNS":0,"nInitialNotServicedExpectedRequests":[3,4,3,2,2],"averageObj":[1547.683531746032,1726.538002529836,1750.2881773399017,1578.1236076490313,1934.084938050455],"slackBeforeALNS":0,"nInitialNotServicedFixedRequests":[0,0,0,0,0],"averageNotServicedExpectedRequests":[6.0,8.0,8.0,6.0,10.0],"ALNSIterations":[18475,17419,24812,25275,19756],"runId":["Run 1","Run 2","Run 3","Run 4","Run 5"]}