{"slackAfterALNS":0,"nInitialNotServicedExpectedRequests":[0,0,0,0,0,0,0,0,0,0],"averageObj":[3858.1744558249497,3793.9085304404207,3781.7223173787884,3934.311223679284,3798.721424089911,4024.5204605027093,3847.3045215601524,3808.6545798226384,4144.14070431192,3872.998019706876],"slackBeforeALNS":0,"nInitialNotServicedFixedRequests":[0,0,0,0,0,0,0,0,0,0],"averageNotServicedExpectedRequests":[8.7,8.0,7.9,9.8,8.2,10.5,8.6,8.0,11.7,9.1],"runId":["Run 1","Run 2","Run 3","Run 4","Run 5","Run 6","Run 7","Run 8","Run 9","Run 10"]}