{"slackAfterALNS":0,"nInitialNotServicedExpectedRequests":[1,0,0,0,0,0,0,1,0,1],"averageObj":[5455.74432899888,5910.217820766843,5824.280071828987,5920.156971366879,5652.373244819892,5852.014025001814,5975.285541968371,5717.216290479553,5898.227199698075,5913.219830425915],"slackBeforeALNS":0,"nInitialNotServicedFixedRequests":[1,1,1,1,1,1,1,1,1,1],"averageNotServicedExpectedRequests":[4.7,9.4,8.4,9.6,6.6,8.7,10.2,7.2,9.3,9.6],"runId":["Run 1","Run 2","Run 3","Run 4","Run 5","Run 6","Run 7","Run 8","Run 9","Run 10"]}