{"slackAfterALNS":0,"nInitialNotServicedExpectedRequests":[1,1,0,0,6,0,1,4,1,1],"averageObj":[4083.73101390562,3933.9316576469064,3861.2785059890653,3765.4794128982458,3636.890808468235,3578.575585476044,3817.2966860320143,3834.4445415641335,4436.8524680412465,3841.622638736807],"slackBeforeALNS":0,"nInitialNotServicedFixedRequests":[0,0,0,0,0,0,0,0,0,0],"averageNotServicedExpectedRequests":[10.9,9.6,8.5,8.0,6.4,5.8,8.5,8.4,15.2,8.7],"runId":["Run 1","Run 2","Run 3","Run 4","Run 5","Run 6","Run 7","Run 8","Run 9","Run 10"]}