{"slackAfterALNS":0,"nInitialNotServicedExpectedRequests":[0,0,0,1,0,0,0,0,0,0],"averageObj":[3728.8081350876264,3638.3015756452382,3843.487208439492,3683.0861674823514,3742.6441892464545,3767.4021514477768,3458.1265002779933,3565.4944649453782,3855.7288740738963,3686.3005356477597],"slackBeforeALNS":0,"nInitialNotServicedFixedRequests":[0,0,0,0,0,0,0,0,0,0],"averageNotServicedExpectedRequests":[7.4,6.4,8.8,7.0,7.4,7.8,4.6,5.6,8.8,7.1],"runId":["Run 1","Run 2","Run 3","Run 4","Run 5","Run 6","Run 7","Run 8","Run 9","Run 10"]}