{"slackAfterALNS":0,"nInitialNotServicedExpectedRequests":[0,0,0,0,1,1,0,0,0,0],"averageObj":[3770.9965613633262,3844.4209931062987,3664.145218055973,3976.130695298822,3809.7652496769815,3655.440460306282,3703.6510406525185,3824.6799505727895,3780.656880811558,4265.004987884315],"slackBeforeALNS":0,"nInitialNotServicedFixedRequests":[0,0,0,0,0,0,0,0,0,0],"averageNotServicedExpectedRequests":[7.8,8.5,6.6,10.0,8.1,6.5,6.9,8.4,7.9,12.8],"runId":["Run 1","Run 2","Run 3","Run 4","Run 5","Run 6","Run 7","Run 8","Run 9","Run 10"]}