{"slackAfterALNS":0,"nInitialNotServicedExpectedRequests":[1,0,0,0,0,0,0,0,0,1],"averageObj":[3977.544319120511,3748.722333617129,4129.066085734829,3847.6682261201554,3790.227285732327,3595.531065738783,3822.7473415134104,3880.4292358778685,3743.628594659525,3762.9755299582384],"slackBeforeALNS":0,"nInitialNotServicedFixedRequests":[0,0,0,0,0,0,0,0,0,0],"averageNotServicedExpectedRequests":[9.9,7.5,11.5,8.6,8.1,5.9,8.4,8.9,7.4,7.7],"runId":["Run 1","Run 2","Run 3","Run 4","Run 5","Run 6","Run 7","Run 8","Run 9","Run 10"]}