{"slackAfterALNS":0,"nInitialNotServicedExpectedRequests":[0,0,0,0,0,0,0,1,0,0],"averageObj":[3927.333296714026,3889.029020803445,3782.0998209030977,3563.753344568515,3829.5819553141528,3764.9697975841254,4007.9387252213646,3666.5913946948667,3804.7050222310186,3903.692823619394],"slackBeforeALNS":0,"nInitialNotServicedFixedRequests":[0,0,0,0,0,0,0,0,0,0],"averageNotServicedExpectedRequests":[9.5,9.1,7.6,5.5,8.2,7.7,10.2,6.6,8.1,9.2],"runId":["Run 1","Run 2","Run 3","Run 4","Run 5","Run 6","Run 7","Run 8","Run 9","Run 10"]}