{"slackAfterALNS":0,"nInitialNotServicedExpectedRequests":[0,0,0,0,0,0,0,0,0,0],"averageObj":[3887.490101996642,3872.510984702538,3604.9457236981607,3830.051751429122,3639.8065253432737,3790.8044427126288,3773.696509004949,3561.4947257872723,4141.602634924273,3722.1701533830283],"slackBeforeALNS":0,"nInitialNotServicedFixedRequests":[0,0,0,0,0,0,0,0,0,0],"averageNotServicedExpectedRequests":[8.8,9.1,5.6,8.6,6.4,7.9,7.6,5.4,11.8,7.2],"runId":["Run 1","Run 2","Run 3","Run 4","Run 5","Run 6","Run 7","Run 8","Run 9","Run 10"]}