{"slackAfterALNS":0,"nInitialNotServicedExpectedRequests":[0,0,0,0,0,0,0,0,0,2],"averageObj":[5670.347051531809,5986.150650243582,5871.826186667859,5704.807865890667,6158.2882901968,5575.883326584757,5766.369190776758,5856.871765745638,5587.001272743635,5673.312727294046],"slackBeforeALNS":0,"nInitialNotServicedFixedRequests":[1,1,1,1,1,1,1,1,1,1],"averageNotServicedExpectedRequests":[6.7,10.5,9.0,7.3,12.1,5.9,7.9,8.8,5.9,7.1],"runId":["Run 1","Run 2","Run 3","Run 4","Run 5","Run 6","Run 7","Run 8","Run 9","Run 10"]}