{"slackAfterALNS":0,"nInitialNotServicedExpectedRequests":[1,0,0,0,0,0,0,0,1,0],"averageObj":[3742.250509852988,3902.983851837221,3787.6836609483967,3823.284684019659,3744.990039326904,3918.1837163621276,3769.9706286211904,3838.141634542563,3747.1203550842356,3763.963414001094],"slackBeforeALNS":0,"nInitialNotServicedFixedRequests":[0,0,0,0,0,0,0,0,0,0],"averageNotServicedExpectedRequests":[7.4,9.2,8.0,8.4,7.4,9.3,7.8,8.4,7.7,7.7],"runId":["Run 1","Run 2","Run 3","Run 4","Run 5","Run 6","Run 7","Run 8","Run 9","Run 10"]}