{"slackAfterALNS":0,"nInitialNotServicedExpectedRequests":[12,13,13,12,8],"averageObj":[6671.776007172366,6793.949885804647,4972.112635440566,4795.418342507817,4747.634163745327],"slackBeforeALNS":0,"nInitialNotServicedFixedRequests":[2,2,1,1,1],"averageNotServicedExpectedRequests":[17.8,18.9,21.0,18.9,18.4],"ALNSIterations":[31484,33111,35571,35723,27974],"runId":["Run 1","Run 2","Run 3","Run 4","Run 5"]}