{"slackAfterALNS":0,"nInitialNotServicedExpectedRequests":[8,8,12,14,5],"averageObj":[2664.0592249087713,4665.574244244077,2630.989880679518,4686.896952504646,4631.790252504361],"slackBeforeALNS":0,"nInitialNotServicedFixedRequests":[0,1,0,1,1],"averageNotServicedExpectedRequests":[16.6,17.2,16.5,17.3,16.2],"ALNSIterations":[34506,36819,37071,45004,35947],"runId":["Run 1","Run 2","Run 3","Run 4","Run 5"]}