{"slackAfterALNS":0,"nInitialNotServicedExpectedRequests":[8,7,5,1,10],"averageObj":[2543.5115419018907,2338.51652953509,2365.5986640447304,2625.104941454788,2568.7094426227313],"slackBeforeALNS":0,"nInitialNotServicedFixedRequests":[0,0,0,0,0],"averageNotServicedExpectedRequests":[16.0,14.0,14.2,17.5,16.5],"ALNSIterations":[35478,37116,35614,40870,48504],"runId":["Run 1","Run 2","Run 3","Run 4","Run 5"]}