{"slackAfterALNS":0,"nInitialNotServicedExpectedRequests":[7,8,12,7,4],"averageObj":[4722.4992925704955,4722.0477482579845,2530.3227366521733,4598.2652629878485,2670.4246045524137],"slackBeforeALNS":0,"nInitialNotServicedFixedRequests":[1,1,0,1,0],"averageNotServicedExpectedRequests":[17.8,17.9,16.1,16.3,17.5],"ALNSIterations":[33374,36674,35472,32832,36932],"runId":["Run 1","Run 2","Run 3","Run 4","Run 5"]}