{"slackAfterALNS":0,"nInitialNotServicedExpectedRequests":[3,10,9,10,1],"averageObj":[2384.3314394223507,4381.777089563216,4660.020347062576,8300.141824831424,2497.6114289648312],"slackBeforeALNS":0,"nInitialNotServicedFixedRequests":[0,1,1,3,0],"averageNotServicedExpectedRequests":[14.1,14.6,17.1,13.6,15.1],"ALNSIterations":[33525,37205,34146,32539,27419],"runId":["Run 1","Run 2","Run 3","Run 4","Run 5"]}