{"slackAfterALNS":0,"nInitialNotServicedExpectedRequests":[6,8,12,8,10],"averageObj":[2643.315232608111,2439.5164728252553,2851.9970169765706,2664.5599655298083,2798.234034117801],"slackBeforeALNS":0,"nInitialNotServicedFixedRequests":[0,0,0,0,0],"averageNotServicedExpectedRequests":[17.2,14.6,18.9,17.4,19.0],"ALNSIterations":[32913,35985,33536,29202,38098],"runId":["Run 1","Run 2","Run 3","Run 4","Run 5"]}