{"slackAfterALNS":0,"nInitialNotServicedExpectedRequests":[20,14,19,17,19],"averageObj":[2995.5844415614056,2410.942577597815,2738.723958216047,2857.412114019585,2991.5440533743827],"slackBeforeALNS":0,"nInitialNotServicedFixedRequests":[0,0,0,0,0],"averageNotServicedExpectedRequests":[21.0,15.0,18.0,20.0,21.0],"ALNSIterations":[1953,2417,1843,2614,1804],"runId":["Run 1","Run 2","Run 3","Run 4","Run 5"]}