{"slackAfterALNS":0,"nInitialNotServicedExpectedRequests":[13,13,13,14,14],"averageObj":[2742.114156932898,2318.2488002193895,2867.3517952635602,2512.775231380567,2472.3374573442984],"slackBeforeALNS":0,"nInitialNotServicedFixedRequests":[0,0,0,0,0],"averageNotServicedExpectedRequests":[19.0,14.0,20.0,16.0,16.0],"ALNSIterations":[2192,2290,2287,2134,1977],"runId":["Run 1","Run 2","Run 3","Run 4","Run 5"]}