{"slackAfterALNS":0,"nInitialNotServicedExpectedRequests":[15,19,16,13,15],"averageObj":[2823.1217918078873,2744.0245546173173,2929.329097911472,4856.878284833115,2782.560181239126],"slackBeforeALNS":0,"nInitialNotServicedFixedRequests":[0,0,0,1,0],"averageNotServicedExpectedRequests":[18.0,17.0,20.0,19.0,18.0],"ALNSIterations":[1308,2512,1534,1348,2389],"runId":["Run 1","Run 2","Run 3","Run 4","Run 5"]}