{"slackAfterALNS":0,"nInitialNotServicedExpectedRequests":[12,12,10,15,12],"averageObj":[2331.3144892405153,2552.225173482078,2150.8160252724265,2743.1922498839376,2213.541554548213],"slackBeforeALNS":0,"nInitialNotServicedFixedRequests":[0,0,0,0,0],"averageNotServicedExpectedRequests":[14.0,17.0,12.0,19.0,12.0],"ALNSIterations":[2370,2411,2075,1696,1825],"runId":["Run 1","Run 2","Run 3","Run 4","Run 5"]}