{"slackAfterALNS":0,"nInitialNotServicedExpectedRequests":[10,12,12,12,11],"averageObj":[2419.1011294147947,2334.69634910315,2598.071902089083,2420.276125382362,2355.2149488449872],"slackBeforeALNS":0,"nInitialNotServicedFixedRequests":[0,0,0,0,0],"averageNotServicedExpectedRequests":[14.0,14.0,17.0,15.0,14.0],"ALNSIterations":[2249,2290,2302,2318,2201],"runId":["Run 1","Run 2","Run 3","Run 4","Run 5"]}