{"slackAfterALNS":0,"nInitialNotServicedExpectedRequests":[10,12,12,12,13],"averageObj":[2295.625340925151,2558.2524798831437,2660.7618630392253,2326.7369884654513,2381.91991255033],"slackBeforeALNS":0,"nInitialNotServicedFixedRequests":[0,0,0,0,0],"averageNotServicedExpectedRequests":[13.0,16.0,17.0,14.0,15.0],"ALNSIterations":[1886,1529,1458,2706,2154],"runId":["Run 1","Run 2","Run 3","Run 4","Run 5"]}