{"slackAfterALNS":0,"nInitialNotServicedExpectedRequests":[11,14,12,14,16],"averageObj":[2425.1732784358855,2786.5774032120635,2456.7715806349925,2584.2011104069707,2431.4171831977887],"slackBeforeALNS":0,"nInitialNotServicedFixedRequests":[0,0,0,0,0],"averageNotServicedExpectedRequests":[15.0,19.0,15.0,17.0,15.0],"ALNSIterations":[1781,1567,2637,1337,1639],"runId":["Run 1","Run 2","Run 3","Run 4","Run 5"]}