{"slackAfterALNS":0,"nInitialNotServicedExpectedRequests":[17,16,17,11,14],"averageObj":[2715.3792510421745,2370.0490680335856,5044.160759921594,4838.222768256551,2604.2013296921828],"slackBeforeALNS":0,"nInitialNotServicedFixedRequests":[0,0,1,1,0],"averageNotServicedExpectedRequests":[17.0,14.0,21.0,19.0,16.0],"ALNSIterations":[2276,2246,2277,2416,2243],"runId":["Run 1","Run 2","Run 3","Run 4","Run 5"]}