{"slackAfterALNS":0,"nInitialNotServicedExpectedRequests":[17,18,17,18,17],"averageObj":[2580.2457781253443,2651.321062993735,2561.70206924016,3014.2634036413574,2870.762067762316],"slackBeforeALNS":0,"nInitialNotServicedFixedRequests":[0,0,0,0,0],"averageNotServicedExpectedRequests":[17.0,18.0,17.0,21.0,20.0],"ALNSIterations":[1176,1604,2109,1454,1752],"runId":["Run 1","Run 2","Run 3","Run 4","Run 5"]}