{"slackAfterALNS":0,"nInitialNotServicedExpectedRequests":[9,15,13,17,14],"averageObj":[2134.62043896579,2494.241842514988,2472.0752228163988,2500.006393861892,2332.6430272907132],"slackBeforeALNS":0,"nInitialNotServicedFixedRequests":[0,0,0,0,0],"averageNotServicedExpectedRequests":[12.0,16.0,16.0,16.0,14.0],"ALNSIterations":[2299,1525,2232,2646,2473],"runId":["Run 1","Run 2","Run 3","Run 4","Run 5"]}