{"slackAfterALNS":0,"nInitialNotServicedExpectedRequests":[2,1,0,2,1,0,1,1,0,2],"averageObj":[458.2498980501747,405.1088008057551,449.5786227786499,453.6814374638869,466.00176543813114,432.44545655717013,452.99473208361076,468.79286548167966,392.2763322263832,492.0461538461539],"slackBeforeALNS":0,"nInitialNotServicedFixedRequests":[0,0,0,0,0,0,0,0,0,0],"averageNotServicedExpectedRequests":[2.8,2.2,2.7,2.7,2.9,2.5,2.7,2.9,2.1,3.2],"runId":["Run 1","Run 2","Run 3","Run 4","Run 5","Run 6","Run 7","Run 8","Run 9","Run 10"]}