{"slackAfterALNS":0,"nInitialNotServicedExpectedRequests":[0,1,0,1,2,0,0,0,1,0],"averageObj":[374.4961084529506,472.9665209832697,400.0762520010767,384.95866803196566,352.2404003081721,394.0551787487087,342.0951164286225,358.4579687264519,410.9713555705301,322.34001638600785],"slackBeforeALNS":0,"nInitialNotServicedFixedRequests":[0,0,0,0,0,0,0,0,0,0],"averageNotServicedExpectedRequests":[1.9,3.0,2.2,2.0,1.6,2.1,1.5,1.7,2.3,1.3],"runId":["Run 1","Run 2","Run 3","Run 4","Run 5","Run 6","Run 7","Run 8","Run 9","Run 10"]}