{"slackAfterALNS":0,"nInitialNotServicedExpectedRequests":[0,1,1,0,0,0,0,1,0,0],"averageObj":[365.7388126920408,331.1365925509418,339.55198395855234,326.83343915343914,302.5301662869716,281.1421370967742,333.22027268967537,375.4944387263084,308.2,312.53802199407835],"slackBeforeALNS":0,"nInitialNotServicedFixedRequests":[0,0,0,0,0,0,0,0,0,0],"averageNotServicedExpectedRequests":[1.8,1.4,1.5,1.4,1.1,0.9,1.4,1.9,1.2,1.2],"runId":["Run 1","Run 2","Run 3","Run 4","Run 5","Run 6","Run 7","Run 8","Run 9","Run 10"]}