{"slackAfterALNS":0,"nInitialNotServicedExpectedRequests":[0,0,0,0,0,0,0,1,1,1],"averageObj":[359.18522861206094,309.7041353393677,330.1553148962895,363.48450526986284,363.3885637982195,423.3513799979488,416.72493204321745,394.4541970928634,328.9265658737707,338.8781369822137],"slackBeforeALNS":0,"nInitialNotServicedFixedRequests":[0,0,0,0,0,0,0,0,0,0],"averageNotServicedExpectedRequests":[1.6,1.1,1.3,1.7,1.7,2.3,2.3,2.0,1.3,1.4],"runId":["Run 1","Run 2","Run 3","Run 4","Run 5","Run 6","Run 7","Run 8","Run 9","Run 10"]}