{"slackAfterALNS":0,"nInitialNotServicedExpectedRequests":[40,44,44,49,50,44,49,46,35,49],"averageObj":[11899.63166279528,12797.227715183535,12512.296855590605,12479.356112785414,12054.867930874327,12460.605512008282,12112.677162186912,12439.485489326307,12637.855122592813,12072.096695547438],"slackBeforeALNS":0,"nInitialNotServicedFixedRequests":[0,0,0,0,0,0,0,0,0,0],"averageNotServicedExpectedRequests":[71.2,81.3,78.1,77.7,73.6,77.3,73.7,77.4,79.5,72.6],"runId":["Run 1","Run 2","Run 3","Run 4","Run 5","Run 6","Run 7","Run 8","Run 9","Run 10"]}