{"slackAfterALNS":0,"nInitialNotServicedExpectedRequests":[43,57,40,43,42,41,39,35,46,48],"averageObj":[14387.554614132318,14476.664575612984,13887.512765676258,14260.513433187825,14603.511141213521,14442.570211186143,13536.081113319353,14316.987918597977,14116.167333902424,14607.683693128976],"slackBeforeALNS":0,"nInitialNotServicedFixedRequests":[1,1,1,1,1,1,1,1,1,1],"averageNotServicedExpectedRequests":[76.1,77.4,71.5,73.7,79.5,76.9,65.9,75.9,73.1,79.5],"runId":["Run 1","Run 2","Run 3","Run 4","Run 5","Run 6","Run 7","Run 8","Run 9","Run 10"]}