{"slackAfterALNS":0,"nInitialNotServicedExpectedRequests":[41,40,40,42,55,42,34,40,36,37],"averageObj":[11991.152639111679,12269.059736022538,11617.138333339213,12822.456562978485,13026.864212003316,11950.113611052155,12464.613430040266,12462.47683398605,12432.121714895113,13824.871422124546],"slackBeforeALNS":0,"nInitialNotServicedFixedRequests":[0,0,0,0,0,0,0,0,0,1],"averageNotServicedExpectedRequests":[73.6,76.0,69.8,82.0,84.9,72.3,77.9,78.4,77.8,71.3],"runId":["Run 1","Run 2","Run 3","Run 4","Run 5","Run 6","Run 7","Run 8","Run 9","Run 10"]}