{"slackAfterALNS":0,"nInitialNotServicedExpectedRequests":[53,54,46,57,45,58,33,47,46,44],"averageObj":[13440.940994727087,12494.602712205628,12844.546169632431,12925.404424221675,12533.61830193122,12539.932889662245,12659.962190296526,12942.621199635503,12589.220395675584,12948.555162952596],"slackBeforeALNS":0,"nInitialNotServicedFixedRequests":[0,0,0,0,0,0,0,0,0,0],"averageNotServicedExpectedRequests":[89.7,78.5,81.6,83.6,79.3,78.8,80.1,83.4,79.4,83.8],"runId":["Run 1","Run 2","Run 3","Run 4","Run 5","Run 6","Run 7","Run 8","Run 9","Run 10"]}