{"slackAfterALNS":0,"nInitialNotServicedExpectedRequests":[52,48,40,40,62,56,43,46,61,36],"averageObj":[12603.788626175243,12218.702847184239,14487.730946087084,14518.546099209769,13214.373485450948,12973.274514728042,15015.179959011333,12975.090277971944,12656.191045821271,12541.338012698197],"slackBeforeALNS":0,"nInitialNotServicedFixedRequests":[0,0,1,1,0,0,1,0,0,0],"averageNotServicedExpectedRequests":[79.7,74.9,79.1,79.1,86.8,84.5,84.4,83.4,80.4,78.2],"runId":["Run 1","Run 2","Run 3","Run 4","Run 5","Run 6","Run 7","Run 8","Run 9","Run 10"]}