{"slackAfterALNS":0,"nInitialNotServicedExpectedRequests":[36,34,34,31,33,38,44,46,37,35],"averageObj":[11541.028125553907,12296.945467133075,11927.302962076586,12144.895608176515,12105.912288422205,11425.74869286821,12437.260033318826,12517.042652163442,12168.055933740015,12111.800526295057],"slackBeforeALNS":0,"nInitialNotServicedFixedRequests":[0,0,0,0,0,0,0,0,0,0],"averageNotServicedExpectedRequests":[67.4,76.1,70.4,73.5,74.0,65.4,76.4,77.3,74.5,72.9],"runId":["Run 1","Run 2","Run 3","Run 4","Run 5","Run 6","Run 7","Run 8","Run 9","Run 10"]}