{"slackAfterALNS":0,"nInitialNotServicedExpectedRequests":[48,51,42,43,50,48,55,34,50,51],"averageObj":[12190.387788996506,12399.566139985745,12100.360017042154,12526.361261187492,12949.233362551302,12922.583058277869,12400.267209051353,12561.089441814447,12411.549436683925,12636.878363048654],"slackBeforeALNS":0,"nInitialNotServicedFixedRequests":[0,0,0,0,0,0,0,0,0,0],"averageNotServicedExpectedRequests":[74.6,77.2,73.8,78.0,83.6,82.9,76.5,78.0,77.4,79.7],"runId":["Run 1","Run 2","Run 3","Run 4","Run 5","Run 6","Run 7","Run 8","Run 9","Run 10"]}