{"slackAfterALNS":0,"nInitialNotServicedExpectedRequests":[48,49,48,38,56,33,42,50,54,44],"averageObj":[14599.150848246489,15448.917350057589,15397.427653571222,14468.31246866245,14890.18341607337,13922.036706476278,14169.781807696232,14800.313106120122,14969.125962120943,13905.090135989614],"slackBeforeALNS":0,"nInitialNotServicedFixedRequests":[1,1,1,1,1,1,1,1,1,1],"averageNotServicedExpectedRequests":[78.6,88.4,87.5,76.8,82.2,70.2,73.6,81.7,82.0,70.0],"runId":["Run 1","Run 2","Run 3","Run 4","Run 5","Run 6","Run 7","Run 8","Run 9","Run 10"]}