{"slackAfterALNS":0,"nInitialNotServicedExpectedRequests":[50,58,37,44,41,38,55,39,44,36],"averageObj":[14365.584990219277,14177.567214988561,14272.458379350132,14461.535881038177,16680.214446956972,14076.028834965831,14938.837738591848,16303.905318038034,14561.883631197667,14528.694759271593],"slackBeforeALNS":0,"nInitialNotServicedFixedRequests":[1,1,1,1,2,1,1,2,1,1],"averageNotServicedExpectedRequests":[77.3,74.8,76.3,78.4,79.5,73.9,83.2,76.7,78.7,79.3],"runId":["Run 1","Run 2","Run 3","Run 4","Run 5","Run 6","Run 7","Run 8","Run 9","Run 10"]}