{"slackAfterALNS":0,"nInitialNotServicedExpectedRequests":[54,57,52,46,37,52,45,45,56,49],"averageObj":[12979.546455248426,13003.568845867325,13477.627653488636,12720.59129689019,12627.47029632997,12749.79304140092,13243.021937290798,13344.034612165691,13216.755067386208,12502.492222208104],"slackBeforeALNS":0,"nInitialNotServicedFixedRequests":[0,0,0,0,0,0,0,0,0,0],"averageNotServicedExpectedRequests":[83.6,83.5,89.1,80.3,78.9,79.8,86.3,86.7,85.9,78.0],"runId":["Run 1","Run 2","Run 3","Run 4","Run 5","Run 6","Run 7","Run 8","Run 9","Run 10"]}