{"slackAfterALNS":0,"nInitialNotServicedExpectedRequests":[1,1,1,1,1],"averageObj":[6291.549525988885,6381.549525988885,6291.549525988885,6291.549525988885,6291.549525988885],"slackBeforeALNS":0,"nInitialNotServicedFixedRequests":[3,3,3,3,3],"averageNotServicedExpectedRequests":[1.0,2.0,1.0,1.0,1.0],"ALNSIterations":[308784,309207,337006,382058,439861],"runId":["Run 1","Run 2","Run 3","Run 4","Run 5"]}