{"slackAfterALNS":0,"nInitialNotServicedExpectedRequests":[1,1,1,1,1],"averageObj":[380.0,484.06765327695564,380.0,484.06765327695564,386.9767441860466],"slackBeforeALNS":0,"nInitialNotServicedFixedRequests":[0,0,0,0,0],"averageNotServicedExpectedRequests":[2.0,3.0,2.0,3.0,2.0],"ALNSIterations":[320480,327775,293449,250717,198930],"runId":["Run 1","Run 2","Run 3","Run 4","Run 5"]}