{"slackAfterALNS":0,"nInitialNotServicedExpectedRequests":[58,48,46,61,41,59,47,59,53,50],"averageObj":[14038.017224156336,14164.492669190058,14106.295168706973,13925.124561315102,13712.297685399471,14341.950274899762,13725.357801228756,14143.632824213102,14036.025086653328,13791.640406288952],"slackBeforeALNS":0,"nInitialNotServicedFixedRequests":[0,0,0,0,0,0,0,0,0,0],"averageNotServicedExpectedRequests":[96.3,98.1,97.5,95.1,92.4,100.6,93.1,98.4,96.6,94.0],"runId":["Run 1","Run 2","Run 3","Run 4","Run 5","Run 6","Run 7","Run 8","Run 9","Run 10"]}