{"slackAfterALNS":0,"nInitialNotServicedExpectedRequests":[61,51,55,50,61,70,47,47,50,61],"averageObj":[13937.377028949408,13568.064630302604,13909.537706624542,13499.632280051126,14431.14168647867,14870.499538032727,13915.375477165479,14290.40248706278,13889.302439119352,14376.133438306559],"slackBeforeALNS":0,"nInitialNotServicedFixedRequests":[0,0,0,0,0,0,0,0,0,0],"averageNotServicedExpectedRequests":[95.8,89.9,93.9,89.3,99.6,105.1,93.5,98.8,94.3,98.9],"runId":["Run 1","Run 2","Run 3","Run 4","Run 5","Run 6","Run 7","Run 8","Run 9","Run 10"]}