{"slackAfterALNS":0,"nInitialNotServicedExpectedRequests":[63,45,48,48,58,61,48,51,58,67],"averageObj":[14280.349450955368,12971.118554914263,13963.124493394887,13606.713007533752,14010.839661278029,13304.315764734696,14045.17971976308,14091.251232378578,13661.779637738344,14126.68458262776],"slackBeforeALNS":0,"nInitialNotServicedFixedRequests":[0,0,0,0,0,0,0,0,0,0],"averageNotServicedExpectedRequests":[99.5,85.2,96.1,91.9,97.0,88.5,96.4,97.4,92.1,97.7],"runId":["Run 1","Run 2","Run 3","Run 4","Run 5","Run 6","Run 7","Run 8","Run 9","Run 10"]}