{"slackAfterALNS":0,"nInitialNotServicedExpectedRequests":[38,40,34,56,55,44,47,46,53,49],"averageObj":[13321.47173997849,14888.399846939774,14869.208586715915,12747.357446473196,12648.52173307617,13226.482631559647,13542.179432194986,13005.68902805393,13729.719340271156,12509.376707532676],"slackBeforeALNS":0,"nInitialNotServicedFixedRequests":[0,1,1,0,0,0,0,0,0,0],"averageNotServicedExpectedRequests":[87.1,83.6,83.9,81.8,80.2,86.8,91.1,84.9,92.5,79.0],"runId":["Run 1","Run 2","Run 3","Run 4","Run 5","Run 6","Run 7","Run 8","Run 9","Run 10"]}