{"slackAfterALNS":0,"nInitialNotServicedExpectedRequests":[51,39,43,43,42,43,48,50,43,49],"averageObj":[13747.507596110188,13284.906280135125,13417.989318027423,14004.77309001257,13340.980418671781,13715.591429193042,12873.348469835124,13568.142127831976,12802.09817481459,13643.589272707028],"slackBeforeALNS":0,"nInitialNotServicedFixedRequests":[0,0,0,0,0,0,0,0,0,0],"averageNotServicedExpectedRequests":[93.7,88.4,90.0,96.2,88.0,92.8,83.5,90.7,82.7,92.2],"runId":["Run 1","Run 2","Run 3","Run 4","Run 5","Run 6","Run 7","Run 8","Run 9","Run 10"]}