{"slackAfterALNS":0,"nInitialNotServicedExpectedRequests":[46,48,50,50,46,45,62,53,51,37],"averageObj":[13522.62755418747,12979.883516350324,13846.225133505224,13622.853335858192,13674.497408404513,12994.037077989515,13396.961112868486,13566.505419435809,14017.55308327607,13900.29527105852],"slackBeforeALNS":0,"nInitialNotServicedFixedRequests":[0,0,0,0,0,0,0,0,0,0],"averageNotServicedExpectedRequests":[90.8,84.4,94.1,91.6,92.6,83.4,88.8,90.6,96.3,94.6],"runId":["Run 1","Run 2","Run 3","Run 4","Run 5","Run 6","Run 7","Run 8","Run 9","Run 10"]}