{"slackAfterALNS":0,"nInitialNotServicedExpectedRequests":[60,55,68,56,64,60,54,62,65,38],"averageObj":[13883.145391552465,13826.594979113768,14151.628992465465,14181.688140051047,14285.848392199361,14528.163057335716,13744.619090604343,13999.19289448363,13631.20726644665,12693.989083756382],"slackBeforeALNS":0,"nInitialNotServicedFixedRequests":[0,0,0,0,0,0,0,0,0,0],"averageNotServicedExpectedRequests":[94.4,94.1,97.5,97.5,99.0,101.5,92.2,95.7,89.5,80.9],"runId":["Run 1","Run 2","Run 3","Run 4","Run 5","Run 6","Run 7","Run 8","Run 9","Run 10"]}