{
    "slackAfterALNS": 0,
    "nInitialNotServicedExpectedRequests": [
        14,
        13,
        16,
        17,
        11,
        14,
        19,
        15,
        14,
        17
    ],
    "averageObj": [
        38338.26198660952,
        40368.86710036356,
        38316.34940790123,
        38188.12254187294,
        38382.87515635615,
        38260.95068808353,
        38324.93259186286,
        38193.75069497258,
        40278.50111985598,
        38274.64651490972
    ],
    "slackBeforeALNS": 0,
    "nInitialNotServicedFixedRequests": [
        18,
        19,
        18,
        18,
        18,
        18,
        18,
        18,
        19,
        18
    ],
    "averageNotServicedExpectedRequests": [
        16.5,
        16.8,
        16.3,
        14.7,
        16.8,
        15.6,
        16.2,
        14.9,
        15.9,
        15.7
    ],
    "runId": [
        "Run 1",
        "Run 2",
        "Run 3",
        "Run 4",
        "Run 5",
        "Run 6",
        "Run 7",
        "Run 8",
        "Run 9",
        "Run 10"
    ]
}