{"slackAfterALNS":0,"nInitialNotServicedExpectedRequests":[19,13,20,18,16,14,17,17,18,15],"averageObj":[32450.444728558177,32482.325999063953,32452.2343279102,32362.46474131903,32269.180199386108,32618.12459494909,32225.891294713743,32267.505878139393,32332.978958337237,32578.86296560556],"slackBeforeALNS":0,"nInitialNotServicedFixedRequests":[15,15,15,15,15,15,15,15,15,15],"averageNotServicedExpectedRequests":[17.5,17.7,17.4,16.6,15.4,19.5,14.9,15.5,16.1,19.0],"runId":["Run 1","Run 2","Run 3","Run 4","Run 5","Run 6","Run 7","Run 8","Run 9","Run 10"]}