{"slackAfterALNS":0,"nInitialNotServicedExpectedRequests":[16,19,14,19,17,15,13,23,22,18],"averageObj":[30493.546232037865,30577.970895779454,30439.202861821374,30612.795070480293,30608.700213232125,30608.013070229652,30621.605013873508,30606.95030256426,30650.120351298065,28487.997573553155],"slackBeforeALNS":0,"nInitialNotServicedFixedRequests":[14,14,14,14,14,14,14,14,14,13],"averageNotServicedExpectedRequests":[17.9,18.8,17.2,18.9,19.1,19.1,19.1,18.9,19.6,17.4],"runId":["Run 1","Run 2","Run 3","Run 4","Run 5","Run 6","Run 7","Run 8","Run 9","Run 10"]}