{"slackAfterALNS":0,"nInitialNotServicedExpectedRequests":[16,17,18,18,19,20,22,16,21,16],"averageObj":[34331.93262214808,34428.729689597276,32748.330104085337,32583.014675360282,32652.822615499124,32484.966190685092,32669.534750015002,32609.843723362992,32568.16041925135,32505.449916751917],"slackBeforeALNS":0,"nInitialNotServicedFixedRequests":[16,16,15,15,15,15,15,15,15,15],"averageNotServicedExpectedRequests":[16.0,17.3,20.8,18.6,19.6,17.8,19.7,19.0,18.7,17.9],"runId":["Run 1","Run 2","Run 3","Run 4","Run 5","Run 6","Run 7","Run 8","Run 9","Run 10"]}