{"slackAfterALNS":0,"nInitialNotServicedExpectedRequests":[16,16,18,15,22,15,12,14,15,16],"averageObj":[32361.081660634594,32534.07509257171,30471.38337792647,32481.80656260316,30595.547993339016,30584.88162752908,32639.943557729355,32312.48240009221,32361.680899236562,32511.0085999649],"slackBeforeALNS":0,"nInitialNotServicedFixedRequests":[15,15,14,15,14,14,15,15,15,15],"averageNotServicedExpectedRequests":[16.3,18.3,17.4,17.5,18.8,18.5,19.6,15.9,16.3,18.0],"runId":["Run 1","Run 2","Run 3","Run 4","Run 5","Run 6","Run 7","Run 8","Run 9","Run 10"]}