{"slackAfterALNS":0,"nInitialNotServicedExpectedRequests":[24,12,20,15,17,19,17,17,15,11],"averageObj":[22875.44473468098,22651.042815744862,24469.479601338648,24420.514438377795,24406.889912266663,24643.06230221998,22549.460375629882,22800.341124332957,22697.978011305364,22699.27471905188],"slackBeforeALNS":0,"nInitialNotServicedFixedRequests":[10,10,11,11,11,11,10,10,10,10],"averageNotServicedExpectedRequests":[21.4,18.9,16.8,16.1,16.4,18.9,17.6,20.2,19.2,19.6],"runId":["Run 1","Run 2","Run 3","Run 4","Run 5","Run 6","Run 7","Run 8","Run 9","Run 10"]}