{"slackAfterALNS":0,"nInitialNotServicedExpectedRequests":[16,28,26,24,17],"averageObj":[6054.517658604621,6443.865233188793,6448.990369751619,6111.469052144133,6129.818314147442],"slackBeforeALNS":0,"nInitialNotServicedFixedRequests":[0,0,0,0,0],"averageNotServicedExpectedRequests":[30.9,35.4,35.5,31.3,31.3],"ALNSIterations":[5520,4835,5332,5928,5919],"runId":["Run 1","Run 2","Run 3","Run 4","Run 5"]}