{"slackAfterALNS":0,"nInitialNotServicedExpectedRequests":[14,18,17,23,26],"averageObj":[5596.3204860975875,6034.911511182984,5706.717162284096,6134.802221026273,6318.338986749886],"slackBeforeALNS":0,"nInitialNotServicedFixedRequests":[0,0,0,0,0],"averageNotServicedExpectedRequests":[25.5,30.5,27.1,32.2,34.3],"ALNSIterations":[6080,3656,4238,3523,3097],"runId":["Run 1","Run 2","Run 3","Run 4","Run 5"]}