{"slackAfterALNS":0,"nInitialNotServicedExpectedRequests":[20,14,23,21,13],"averageObj":[6076.281069038536,6325.143673657848,6465.283326417951,6392.02491213631,6207.404421995467],"slackBeforeALNS":0,"nInitialNotServicedFixedRequests":[0,0,0,0,0],"averageNotServicedExpectedRequests":[29.6,32.9,34.8,33.1,31.3],"ALNSIterations":[2659,5281,5135,4794,3596],"runId":["Run 1","Run 2","Run 3","Run 4","Run 5"]}