{"slackAfterALNS":0,"nInitialNotServicedExpectedRequests":[5,7,9,5,9],"averageObj":[5768.73176025321,7520.9062665239935,5815.490302382405,7175.364282786037,7730.787154714977],"slackBeforeALNS":0,"nInitialNotServicedFixedRequests":[0,1,0,1,1],"averageNotServicedExpectedRequests":[25.9,23.6,26.6,19.8,25.3],"ALNSIterations":[4271,4290,5413,5697,5798],"runId":["Run 1","Run 2","Run 3","Run 4","Run 5"]}