{"slackAfterALNS":0,"nInitialNotServicedExpectedRequests":[8,19,17,19,14],"averageObj":[5432.273155641456,5929.207221328494,5364.294134358677,6001.288237584432,5638.7634014731975],"slackBeforeALNS":0,"nInitialNotServicedFixedRequests":[0,0,0,0,0],"averageNotServicedExpectedRequests":[23.4,29.3,23.1,29.5,25.0],"ALNSIterations":[5584,5069,3932,2992,3170],"runId":["Run 1","Run 2","Run 3","Run 4","Run 5"]}