{"slackAfterALNS":0,"nInitialNotServicedExpectedRequests":[15,17,15,21,14],"averageObj":[5588.272744832604,6002.415490043966,5850.306365351452,5556.036903363015,5726.643247354535],"slackBeforeALNS":0,"nInitialNotServicedFixedRequests":[0,0,0,0,0],"averageNotServicedExpectedRequests":[26.5,30.7,28.9,25.1,27.8],"ALNSIterations":[4229,4832,4316,4378,5449],"runId":["Run 1","Run 2","Run 3","Run 4","Run 5"]}