{"slackAfterALNS":0,"nInitialNotServicedExpectedRequests":[21,20,25,20,21],"averageObj":[5870.514149940833,6262.525671059951,6315.147503900803,5982.050013726299,6038.542516681085],"slackBeforeALNS":0,"nInitialNotServicedFixedRequests":[0,0,0,0,0],"averageNotServicedExpectedRequests":[29.8,33.6,34.2,31.0,31.5],"ALNSIterations":[6204,5593,5340,5781,6481],"runId":["Run 1","Run 2","Run 3","Run 4","Run 5"]}