{"slackAfterALNS":0,"nInitialNotServicedExpectedRequests":[25,25,27,14,19],"averageObj":[6154.961189226829,6219.57118672621,6368.70784797825,5889.536494550475,6572.821403833301],"slackBeforeALNS":0,"nInitialNotServicedFixedRequests":[0,0,0,0,0],"averageNotServicedExpectedRequests":[32.1,32.7,33.4,28.2,36.6],"ALNSIterations":[4568,4549,4731,5025,5208],"runId":["Run 1","Run 2","Run 3","Run 4","Run 5"]}