{"slackAfterALNS":0,"nInitialNotServicedExpectedRequests":[4,10,7,8,8],"averageObj":[5574.064809265286,7139.420465889307,7529.740215237293,11765.567093539205,5639.233041161502],"slackBeforeALNS":0,"nInitialNotServicedFixedRequests":[0,1,1,3,0],"averageNotServicedExpectedRequests":[24.2,19.0,24.0,26.3,24.7],"ALNSIterations":[4748,4220,2996,6106,5345],"runId":["Run 1","Run 2","Run 3","Run 4","Run 5"]}