{"slackAfterALNS":0,"nInitialNotServicedExpectedRequests":[5,6,4,4,5],"averageObj":[7557.9234551206555,3846.5431591263123,3710.2115994468213,5544.894593608451,5805.404940616007],"slackBeforeALNS":0,"nInitialNotServicedFixedRequests":[3,1,1,2,2],"averageNotServicedExpectedRequests":[6.0,9.0,7.0,6.0,8.0],"ALNSIterations":[18096,20637,20886,22427,15625],"runId":["Run 1","Run 2","Run 3","Run 4","Run 5"]}