{"slackAfterALNS":0,"nInitialNotServicedExpectedRequests":[10,10,10,9,11],"averageObj":[4154.687712746063,2476.4660426727432,2320.5825009326445,4519.753517448029,4260.571673913241],"slackBeforeALNS":0,"nInitialNotServicedFixedRequests":[1,0,0,1,1],"averageNotServicedExpectedRequests":[11.0,15.0,13.0,15.0,12.0],"ALNSIterations":[14733,14858,21261,22955,20731],"runId":["Run 1","Run 2","Run 3","Run 4","Run 5"]}