{"slackAfterALNS":0,"nInitialNotServicedExpectedRequests":[0,0,0,0,0,0,1,1,2,0],"averageObj":[3624.8859779831896,3608.6731762624477,3622.887144842754,3476.0697814812474,3638.2376240196377,3733.9160244216887,3609.7114997915623,3921.6022870052243,3717.4363987299985,3506.1997429604053],"slackBeforeALNS":0,"nInitialNotServicedFixedRequests":[0,0,0,0,0,0,0,0,0,0],"averageNotServicedExpectedRequests":[6.3,6.1,6.2,4.7,6.6,7.6,6.1,9.5,7.1,5.2],"runId":["Run 1","Run 2","Run 3","Run 4","Run 5","Run 6","Run 7","Run 8","Run 9","Run 10"]}