{"slackAfterALNS":0,"nInitialNotServicedExpectedRequests":[0,0,0,0,0,0,0,0,2,0],"averageObj":[5908.8234326166785,5905.034463824644,6135.1585504546065,5724.910863899304,5675.425078334754,5969.501290956114,5728.003789251374,5739.215351320101,5878.9772567973305,5812.260834474949],"slackBeforeALNS":0,"nInitialNotServicedFixedRequests":[1,1,1,1,1,1,1,1,1,1],"averageNotServicedExpectedRequests":[9.4,9.1,11.3,7.4,6.8,10.2,7.6,7.2,8.9,8.5],"runId":["Run 1","Run 2","Run 3","Run 4","Run 5","Run 6","Run 7","Run 8","Run 9","Run 10"]}