{"slackAfterALNS":0,"nInitialNotServicedExpectedRequests":[0,0,0,0,0,0,0,0,0,0],"averageObj":[3606.7614069158108,3658.7832971264843,3644.5805062729423,3785.5544482354976,3859.7626600018325,3490.187144767592,3689.763255639922,3536.921258977265,3573.5480624433294,3514.7072131559844],"slackBeforeALNS":0,"nInitialNotServicedFixedRequests":[0,0,0,0,0,0,0,0,0,0],"averageNotServicedExpectedRequests":[5.7,6.5,6.3,7.8,8.7,4.8,6.8,5.1,5.7,4.9],"runId":["Run 1","Run 2","Run 3","Run 4","Run 5","Run 6","Run 7","Run 8","Run 9","Run 10"]}