{"slackAfterALNS":0,"nInitialNotServicedExpectedRequests":[1,1,0,2,0,3,0,0,3,0],"averageObj":[3763.0554135083635,4071.2386193480793,3727.10142115305,3797.499344730025,3783.3815341648587,3919.238790071943,3832.350778610754,3986.7803211058863,3791.7456888056417,3820.3884377851673],"slackBeforeALNS":0,"nInitialNotServicedFixedRequests":[0,0,0,0,0,0,0,0,0,0],"averageNotServicedExpectedRequests":[7.8,11.0,7.3,8.0,8.0,9.3,8.6,10.0,8.1,8.4],"runId":["Run 1","Run 2","Run 3","Run 4","Run 5","Run 6","Run 7","Run 8","Run 9","Run 10"]}