{"slackAfterALNS":0,"nInitialNotServicedExpectedRequests":[0,1,0,0,0,0,0,0,0,0],"averageObj":[3509.773307066202,4059.2848471606326,3938.893631164449,3816.5875935859053,3815.046979267755,3740.293227099365,3880.517819885799,3761.252698697853,4062.7078520567666,3701.6709053300533],"slackBeforeALNS":0,"nInitialNotServicedFixedRequests":[0,0,0,0,0,0,0,0,0,0],"averageNotServicedExpectedRequests":[5.1,10.8,9.6,8.3,7.9,7.5,9.0,7.4,10.7,6.9],"runId":["Run 1","Run 2","Run 3","Run 4","Run 5","Run 6","Run 7","Run 8","Run 9","Run 10"]}