{"slackAfterALNS":0,"nInitialNotServicedExpectedRequests":[18,9,9,8,10],"averageObj":[15065.017376984184,18263.994568635633,14144.417366739155,14935.703756758972,18902.458809405965],"slackBeforeALNS":0,"nInitialNotServicedFixedRequests":[3,5,3,3,5],"averageNotServicedExpectedRequests":[37.5,30.9,28.3,37.0,36.4],"ALNSIterations":[641,630,719,649,663],"runId":["Run 1","Run 2","Run 3","Run 4","Run 5"]}