{"slackAfterALNS":0,"nInitialNotServicedExpectedRequests":[11,5,10,10,14],"averageObj":[11582.992087366934,12275.4217829456,15706.497588822374,10223.689623304424,16133.917049424423],"slackBeforeALNS":0,"nInitialNotServicedFixedRequests":[2,2,4,1,4],"averageNotServicedExpectedRequests":[22.0,31.0,24.0,30.0,29.0],"ALNSIterations":[780,774,749,711,736],"runId":["Run 1","Run 2","Run 3","Run 4","Run 5"]}