{"slackAfterALNS":0,"nInitialNotServicedExpectedRequests":[11,17,16,10,12],"averageObj":[14735.145582367544,14638.39459033481,19371.69128627784,17031.117915186474,17613.120068734286],"slackBeforeALNS":0,"nInitialNotServicedFixedRequests":[3,3,5,4,4],"averageNotServicedExpectedRequests":[34.2,33.8,41.5,38.7,44.6],"ALNSIterations":[734,780,630,697,712],"runId":["Run 1","Run 2","Run 3","Run 4","Run 5"]}