{"slackAfterALNS":0,"nInitialNotServicedExpectedRequests":[5,2,3,0,6],"averageObj":[9580.209802684169,9501.50073485468,9219.097572351575,9696.234886550646,9451.432902177237],"slackBeforeALNS":0,"nInitialNotServicedFixedRequests":[1,1,1,1,1],"averageNotServicedExpectedRequests":[23.0,24.0,20.0,25.0,21.0],"ALNSIterations":[806,744,784,747,828],"runId":["Run 1","Run 2","Run 3","Run 4","Run 5"]}