{"slackAfterALNS":0,"nInitialNotServicedExpectedRequests":[5,8,12,4,5],"averageObj":[16387.41374952545,16669.543025615418,14513.480820042698,13970.855226844878,12366.526027871048],"slackBeforeALNS":0,"nInitialNotServicedFixedRequests":[4,4,3,3,2],"averageNotServicedExpectedRequests":[31.6,32.8,32.2,26.7,31.7],"ALNSIterations":[660,643,573,604,648],"runId":["Run 1","Run 2","Run 3","Run 4","Run 5"]}