{"slackAfterALNS":0,"nInitialNotServicedExpectedRequests":[13,16,14,13,12],"averageObj":[30101.524936749476,18940.515413890356,28921.498024146502,21804.203777825835,24625.041353922836],"slackBeforeALNS":0,"nInitialNotServicedFixedRequests":[11,5,10,7,8],"averageNotServicedExpectedRequests":[28.0,37.0,37.0,26.0,34.0],"ALNSIterations":[737,776,773,784,766],"runId":["Run 1","Run 2","Run 3","Run 4","Run 5"]}