{"slackAfterALNS":0,"nInitialNotServicedExpectedRequests":[7,9,19,6,13],"averageObj":[14623.292805311026,16599.411972073292,15976.687303665627,14778.910552535302,13967.727137783353],"slackBeforeALNS":0,"nInitialNotServicedFixedRequests":[3,4,3,3,3],"averageNotServicedExpectedRequests":[32.8,34.2,47.5,35.1,25.9],"ALNSIterations":[685,696,713,678,663],"runId":["Run 1","Run 2","Run 3","Run 4","Run 5"]}