{"slackAfterALNS":0,"nInitialNotServicedExpectedRequests":[13,7,5,2,12],"averageObj":[14522.402334799723,8536.098762283129,11209.63515038378,12857.594402318951,14785.697198991198],"slackBeforeALNS":0,"nInitialNotServicedFixedRequests":[3,0,1,2,3],"averageNotServicedExpectedRequests":[34.6,34.5,41.9,37.7,36.2],"ALNSIterations":[643,627,698,695,703],"runId":["Run 1","Run 2","Run 3","Run 4","Run 5"]}