{"slackAfterALNS":0,"nInitialNotServicedExpectedRequests":[10,4,8,9,6,10,7,5,6,8],"averageObj":[4490.411252541023,4659.8376925467655,4641.594936857742,4710.0425614888,4615.0784972577585,4814.734570849453,4449.862231784507,4691.386642243263,4531.755115454589,4742.319284717768],"slackBeforeALNS":0,"nInitialNotServicedFixedRequests":[1,1,1,1,1,1,1,1,1,1],"averageNotServicedExpectedRequests":[15.7,17.6,17.5,18.3,17.4,19.7,15.4,18.2,16.1,18.8],"runId":["Run 1","Run 2","Run 3","Run 4","Run 5","Run 6","Run 7","Run 8","Run 9","Run 10"]}