{"slackAfterALNS":0,"nInitialNotServicedExpectedRequests":[16,10,9,17,18,5,10,10,5,15],"averageObj":[3097.2247761149297,3008.436935491379,2803.5412886975123,3328.7568945676235,3014.83065245629,3101.1649656080735,2994.881175744469,3012.4742840454032,3281.552835922178,2904.9206819849287],"slackBeforeALNS":0,"nInitialNotServicedFixedRequests":[0,0,0,0,0,0,0,0,0,0],"averageNotServicedExpectedRequests":[22.1,21.0,18.7,24.5,21.2,22.1,20.9,21.0,24.1,19.7],"runId":["Run 1","Run 2","Run 3","Run 4","Run 5","Run 6","Run 7","Run 8","Run 9","Run 10"]}