{"slackAfterALNS":0,"nInitialNotServicedExpectedRequests":[10,17,13,7,13,16,11,14,10,13],"averageObj":[3163.337226160562,2869.709325619903,3015.963866689857,3225.39707436228,3087.998510814271,3047.615332861622,2886.6828794173775,3133.533870892885,3112.57345187252,3026.323136100585],"slackBeforeALNS":0,"nInitialNotServicedFixedRequests":[0,0,0,0,0,0,0,0,0,0],"averageNotServicedExpectedRequests":[22.6,19.5,21.3,23.8,22.1,21.5,19.7,22.5,22.2,21.3],"runId":["Run 1","Run 2","Run 3","Run 4","Run 5","Run 6","Run 7","Run 8","Run 9","Run 10"]}