{"slackAfterALNS":0,"nInitialNotServicedExpectedRequests":[12,6,10,6,5,8,10,4,6,9],"averageObj":[4761.918605413412,4648.632511464814,4702.913513443542,4747.9645371543975,4687.782468932068,4574.962552163426,4797.014761927707,4705.822788053356,4423.362110151417,4511.185935268685],"slackBeforeALNS":0,"nInitialNotServicedFixedRequests":[1,1,1,1,1,1,1,1,1,1],"averageNotServicedExpectedRequests":[18.7,17.7,18.3,18.8,18.0,16.6,19.3,18.2,14.9,16.1],"runId":["Run 1","Run 2","Run 3","Run 4","Run 5","Run 6","Run 7","Run 8","Run 9","Run 10"]}