{"slackAfterALNS":0,"nInitialNotServicedExpectedRequests":[9,6,9,15,10,16,11,8,5,12],"averageObj":[2591.032073276879,2957.926642775175,2806.9449841604196,2790.859734994626,3054.853407298634,3005.015557948411,2942.1381312360454,2838.554504438574,2897.7245161873643,2825.3282801943947],"slackBeforeALNS":0,"nInitialNotServicedFixedRequests":[0,0,0,0,0,0,0,0,0,0],"averageNotServicedExpectedRequests":[16.9,20.9,19.2,19.2,22.0,21.5,20.8,19.4,20.2,19.3],"runId":["Run 1","Run 2","Run 3","Run 4","Run 5","Run 6","Run 7","Run 8","Run 9","Run 10"]}