{"slackAfterALNS":0,"nInitialNotServicedExpectedRequests":[10,12,12,8,14,9,14,6,11,7],"averageObj":[2996.2684355206056,3183.4528631043327,3358.558753939903,3040.087110752676,3130.5328166256477,2792.9880623878053,3214.2063415227585,2823.721224553392,2908.509859692852,2948.887284351777],"slackBeforeALNS":0,"nInitialNotServicedFixedRequests":[0,0,0,0,0,0,0,0,0,0],"averageNotServicedExpectedRequests":[21.6,23.7,25.5,21.9,23.0,18.9,23.9,19.4,20.4,21.0],"runId":["Run 1","Run 2","Run 3","Run 4","Run 5","Run 6","Run 7","Run 8","Run 9","Run 10"]}