{"slackAfterALNS":0,"nInitialNotServicedExpectedRequests":[9,11,11,8,7,13,11,12,7,11],"averageObj":[3126.9410602649723,2891.39039616787,2970.818287202658,2952.824910343801,3062.5283518801994,2839.035858965427,3019.4747122355543,3093.8339058450592,2759.513772519205,2809.515302923711],"slackBeforeALNS":0,"nInitialNotServicedFixedRequests":[0,0,0,0,0,0,0,0,0,0],"averageNotServicedExpectedRequests":[22.8,20.0,20.8,20.8,22.0,19.2,21.8,22.2,18.6,19.1],"runId":["Run 1","Run 2","Run 3","Run 4","Run 5","Run 6","Run 7","Run 8","Run 9","Run 10"]}