{"slackAfterALNS":0,"nInitialNotServicedExpectedRequests":[8,7,7,10,8,10,6,10,9,7],"averageObj":[4635.31187202657,4694.0996485358,4459.025644374864,4672.324545708899,4420.606631200377,4534.45162268109,4516.341585416073,4486.916926652215,4629.743528871152,4714.886349310354],"slackBeforeALNS":0,"nInitialNotServicedFixedRequests":[1,1,1,1,1,1,1,1,1,1],"averageNotServicedExpectedRequests":[17.5,18.4,15.7,17.9,15.2,16.6,16.4,16.0,17.5,18.6],"runId":["Run 1","Run 2","Run 3","Run 4","Run 5","Run 6","Run 7","Run 8","Run 9","Run 10"]}