{"slackAfterALNS":0,"nInitialNotServicedExpectedRequests":[10,6,8,8,10,7,8,7,6,10],"averageObj":[6454.84426211239,6250.606090845804,6555.38577597869,6452.248832557659,6686.98968533733,6397.618843559103,6360.6916932599515,6491.816393117075,6509.562711191589,6395.618341163162],"slackBeforeALNS":0,"nInitialNotServicedFixedRequests":[2,2,2,2,2,2,2,2,2,2],"averageNotServicedExpectedRequests":[15.7,13.5,16.7,15.7,18.3,15.0,14.6,16.1,16.1,14.9],"runId":["Run 1","Run 2","Run 3","Run 4","Run 5","Run 6","Run 7","Run 8","Run 9","Run 10"]}