{"slackAfterALNS":0,"nInitialNotServicedExpectedRequests":[10,11,6,12,8,10,7,2,9,4],"averageObj":[4476.061045990629,4587.197779438028,4238.924764742945,4450.884120147131,4582.030099833748,4528.060382177431,4434.279212692743,4620.507666905448,4661.9502618429815,4547.994298548539],"slackBeforeALNS":0,"nInitialNotServicedFixedRequests":[1,1,1,1,1,1,1,1,1,1],"averageNotServicedExpectedRequests":[15.9,17.3,13.2,15.7,17.2,16.5,15.4,17.3,18.0,16.5],"runId":["Run 1","Run 2","Run 3","Run 4","Run 5","Run 6","Run 7","Run 8","Run 9","Run 10"]}