{"slackAfterALNS":0,"nInitialNotServicedExpectedRequests":[21,22,11,23,23],"averageObj":[6570.41385485364,6208.908180377852,6321.743530185976,6464.913852254161,6052.983680773294],"slackBeforeALNS":0,"nInitialNotServicedFixedRequests":[0,0,0,0,0],"averageNotServicedExpectedRequests":[36.3,32.1,32.9,35.2,30.2],"ALNSIterations":[3630,2599,2928,3856,4597],"runId":["Run 1","Run 2","Run 3","Run 4","Run 5"]}