{"slackAfterALNS":0,"nInitialNotServicedExpectedRequests":[22,25,18,24,23],"averageObj":[5688.047082445344,6062.974088026086,5180.614135856019,6069.468461707678,5517.391897492671],"slackBeforeALNS":0,"nInitialNotServicedFixedRequests":[0,0,0,0,0],"averageNotServicedExpectedRequests":[28.0,32.0,22.0,32.0,26.0],"ALNSIterations":[4722,4740,4612,4741,4996],"runId":["Run 1","Run 2","Run 3","Run 4","Run 5"]}