{"slackAfterALNS":0,"nInitialNotServicedExpectedRequests":[19,20,22,23,23],"averageObj":[6673.6859022313965,6136.135793809989,6613.504070741668,6387.428517128073,6715.339523357803],"slackBeforeALNS":0,"nInitialNotServicedFixedRequests":[0,0,0,0,0],"averageNotServicedExpectedRequests":[38.0,30.0,35.0,33.0,37.0],"ALNSIterations":[4261,3894,4113,3974,3289],"runId":["Run 1","Run 2","Run 3","Run 4","Run 5"]}