{"slackAfterALNS":0,"nInitialNotServicedExpectedRequests":[20,17,17,17,16],"averageObj":[5567.487697724667,5327.9808902454815,5936.479957966526,5113.624280657272,5386.583314935685],"slackBeforeALNS":0,"nInitialNotServicedFixedRequests":[0,0,0,0,0],"averageNotServicedExpectedRequests":[24.0,21.0,29.0,18.0,22.0],"ALNSIterations":[4461,4427,4575,4368,3751],"runId":["Run 1","Run 2","Run 3","Run 4","Run 5"]}