{"slackAfterALNS":0,"nInitialNotServicedExpectedRequests":[3,7,5,9,8],"averageObj":[2446.758952386696,2560.3580339690807,6402.958674581492,4635.998368532918,2534.49997759112],"slackBeforeALNS":0,"nInitialNotServicedFixedRequests":[0,0,2,1,0],"averageNotServicedExpectedRequests":[14.4,16.0,14.9,17.1,15.5],"ALNSIterations":[29763,28563,31090,32911,34207],"runId":["Run 1","Run 2","Run 3","Run 4","Run 5"]}