{"slackAfterALNS":0,"nInitialNotServicedExpectedRequests":[3,3,10,5,4],"averageObj":[5162.335831458154,5604.747499646024,5544.652389915882,7581.350525455402,11779.967242916475],"slackBeforeALNS":0,"nInitialNotServicedFixedRequests":[0,0,0,1,3],"averageNotServicedExpectedRequests":[21.0,25.2,25.3,25.5,28.2],"ALNSIterations":[4817,4779,6107,5871,4930],"runId":["Run 1","Run 2","Run 3","Run 4","Run 5"]}