{"slackAfterALNS":0,"nInitialNotServicedExpectedRequests":[4,2,6,9,2],"averageObj":[9322.754370883351,5125.391356690294,11535.249908785829,11588.332520756932,9320.26592080386],"slackBeforeALNS":0,"nInitialNotServicedFixedRequests":[2,0,3,3,2],"averageNotServicedExpectedRequests":[20.2,18.6,23.0,23.7,20.6],"ALNSIterations":[4345,4096,2851,2797,2722],"runId":["Run 1","Run 2","Run 3","Run 4","Run 5"]}