{"slackAfterALNS":0,"nInitialNotServicedExpectedRequests":[2,13,5,3,9],"averageObj":[5551.9735750327745,13649.00088461614,5633.384441297561,5405.497910552805,5410.27024773225],"slackBeforeALNS":0,"nInitialNotServicedFixedRequests":[0,4,0,0,0],"averageNotServicedExpectedRequests":[24.3,25.7,25.5,22.5,22.5],"ALNSIterations":[4379,4465,5594,5462,5702],"runId":["Run 1","Run 2","Run 3","Run 4","Run 5"]}