{"slackAfterALNS":0,"nInitialNotServicedExpectedRequests":[5,4,9,6,11],"averageObj":[5644.281651449035,7785.24221886287,5664.6182756128455,7499.203447097496,7471.644660493681],"slackBeforeALNS":0,"nInitialNotServicedFixedRequests":[0,1,0,1,1],"averageNotServicedExpectedRequests":[23.8,26.1,24.1,23.4,21.8],"ALNSIterations":[4504,4738,2936,2670,2816],"runId":["Run 1","Run 2","Run 3","Run 4","Run 5"]}