{"slackAfterALNS":0,"nInitialNotServicedExpectedRequests":[3,4,4,2,6],"averageObj":[5018.14645937902,5421.522445100267,5216.053174597387,5361.534749849632,5180.465128751386],"slackBeforeALNS":0,"nInitialNotServicedFixedRequests":[0,0,0,0,0],"averageNotServicedExpectedRequests":[19.3,23.5,21.2,23.9,21.4],"ALNSIterations":[4322,4726,5665,5280,3464],"runId":["Run 1","Run 2","Run 3","Run 4","Run 5"]}