{"slackAfterALNS":0,"nInitialNotServicedExpectedRequests":[8,4,7,4,7],"averageObj":[9627.198988248652,5902.68829831966,9110.705008552599,10049.679451488246,7405.11803797568],"slackBeforeALNS":0,"nInitialNotServicedFixedRequests":[2,0,2,2,1],"averageNotServicedExpectedRequests":[25.3,28.5,20.0,29.2,23.4],"ALNSIterations":[4559,4809,5679,2902,5911],"runId":["Run 1","Run 2","Run 3","Run 4","Run 5"]}