{"slackAfterALNS":0,"nInitialNotServicedExpectedRequests":[5,3,1,3,4],"averageObj":[7588.3582089549045,5410.5609937459685,5496.233200616274,5434.590373540913,7824.268554913031],"slackBeforeALNS":0,"nInitialNotServicedFixedRequests":[1,0,0,0,1],"averageNotServicedExpectedRequests":[24.1,22.0,22.7,22.4,26.6],"ALNSIterations":[4759,4594,5810,5684,5630],"runId":["Run 1","Run 2","Run 3","Run 4","Run 5"]}