{"slackAfterALNS":0,"nInitialNotServicedExpectedRequests":[6,6,4,5,3],"averageObj":[7093.006652820133,7110.981839457784,9536.973777174124,11255.922766880849,5082.934066602529],"slackBeforeALNS":0,"nInitialNotServicedFixedRequests":[1,1,2,3,0],"averageNotServicedExpectedRequests":[18.4,19.1,23.8,21.2,19.1],"ALNSIterations":[4237,3804,2645,2708,3932],"runId":["Run 1","Run 2","Run 3","Run 4","Run 5"]}