{"slackAfterALNS":0,"nInitialNotServicedExpectedRequests":[9,10,4,8,7],"averageObj":[12227.080886966873,9286.612710864152,8955.444610831155,6313.0492193836335,9833.838342814983],"slackBeforeALNS":0,"nInitialNotServicedFixedRequests":[3,2,2,0,2],"averageNotServicedExpectedRequests":[30.0,21.0,16.0,30.0,27.0],"ALNSIterations":[3318,3373,3589,3492,3761],"runId":["Run 1","Run 2","Run 3","Run 4","Run 5"]}