{"slackAfterALNS":0,"nInitialNotServicedExpectedRequests":[6,4,7,4,8],"averageObj":[4521.843200988181,4374.957056707846,4618.2109642876285,4257.244560307633,6986.778359790458],"slackBeforeALNS":0,"nInitialNotServicedFixedRequests":[0,0,0,0,1],"averageNotServicedExpectedRequests":[14.0,11.0,13.0,10.0,19.0],"ALNSIterations":[4066,4331,4008,4366,3578],"runId":["Run 1","Run 2","Run 3","Run 4","Run 5"]}