{"slackAfterALNS":0,"nInitialNotServicedExpectedRequests":[5,2,2,1,3],"averageObj":[8444.136347672349,8271.659963485898,8482.518391493695,8356.719240320019,4504.507959770141],"slackBeforeALNS":0,"nInitialNotServicedFixedRequests":[2,2,2,2,0],"averageNotServicedExpectedRequests":[12.0,11.0,12.0,10.0,12.0],"ALNSIterations":[3759,3766,4131,3679,3606],"runId":["Run 1","Run 2","Run 3","Run 4","Run 5"]}