{"slackAfterALNS":0,"nInitialNotServicedExpectedRequests":[6,7,8,5,8],"averageObj":[4541.799940241055,8672.172397338829,4794.770560022677,4914.538734503884,5400.168283126873],"slackBeforeALNS":0,"nInitialNotServicedFixedRequests":[0,2,0,0,0],"averageNotServicedExpectedRequests":[12.0,14.0,15.0,18.0,21.0],"ALNSIterations":[3997,3483,3819,3800,3966],"runId":["Run 1","Run 2","Run 3","Run 4","Run 5"]}