{"slackAfterALNS":0,"nInitialNotServicedExpectedRequests":[9,5,9,7,14],"averageObj":[6167.656084445093,6569.464799064555,4908.4279974406745,4796.164646130689,5473.8209053190085],"slackBeforeALNS":0,"nInitialNotServicedFixedRequests":[1,1,0,0,0],"averageNotServicedExpectedRequests":[10.0,13.0,18.0,17.0,24.0],"ALNSIterations":[4592,4195,4247,4197,4299],"runId":["Run 1","Run 2","Run 3","Run 4","Run 5"]}