{"slackAfterALNS":0,"nInitialNotServicedExpectedRequests":[2,6,2,10,7],"averageObj":[5283.5648345734,5624.641653998727,5659.953592352417,5226.733301079495,5237.097935312661],"slackBeforeALNS":0,"nInitialNotServicedFixedRequests":[0,0,0,0,0],"averageNotServicedExpectedRequests":[21.0,24.0,24.0,19.0,20.0],"ALNSIterations":[3878,4221,4115,4185,4247],"runId":["Run 1","Run 2","Run 3","Run 4","Run 5"]}