{"slackAfterALNS":0,"nInitialNotServicedExpectedRequests":[8,5,10,3,6,6,4,4,4,6],"averageObj":[3700.582497037996,3546.034744550041,3463.0881791520756,3495.3599715016308,4082.1125113193075,3988.324498367407,3619.177246975174,3576.35864978877,3239.638783879144,3703.880418883068],"slackBeforeALNS":0,"nInitialNotServicedFixedRequests":[0,0,0,0,0,0,0,0,0,0],"averageNotServicedExpectedRequests":[13.1,11.7,10.6,11.1,17.5,16.3,12.4,12.1,8.6,13.6],"runId":["Run 1","Run 2","Run 3","Run 4","Run 5","Run 6","Run 7","Run 8","Run 9","Run 10"]}