{"slackAfterALNS":0,"nInitialNotServicedExpectedRequests":[11,8,13,8,7,11,8,5,11,16],"averageObj":[4141.355810097273,3804.247755792699,4242.650182729811,3825.86223179932,3609.601132896758,3911.2078998696816,3942.802969945182,4169.833754442643,3967.7682252706873,3734.955471721552],"slackBeforeALNS":0,"nInitialNotServicedFixedRequests":[0,0,0,0,0,0,0,0,0,0],"averageNotServicedExpectedRequests":[17.9,13.6,18.9,13.9,11.9,15.4,15.4,17.9,15.6,13.5],"runId":["Run 1","Run 2","Run 3","Run 4","Run 5","Run 6","Run 7","Run 8","Run 9","Run 10"]}