{"slackAfterALNS":0,"nInitialNotServicedExpectedRequests":[2,8,5,5,4,4,2,4,6,5],"averageObj":[3699.1339768438147,4095.2457388554853,3925.5417595386607,3672.606771212035,3567.9360400009245,3817.403809075563,3698.350667876014,3729.6522337222486,3712.798293333183,3944.7689198927887],"slackBeforeALNS":0,"nInitialNotServicedFixedRequests":[0,0,0,0,0,0,0,0,0,0],"averageNotServicedExpectedRequests":[13.4,16.9,15.7,12.6,11.7,14.3,13.4,13.2,13.1,15.9],"runId":["Run 1","Run 2","Run 3","Run 4","Run 5","Run 6","Run 7","Run 8","Run 9","Run 10"]}