{"slackAfterALNS":0,"nInitialNotServicedExpectedRequests":[6,6,4,4,9,10,6,4,5,8],"averageObj":[3888.528940261578,3835.823466106319,4021.177288495248,3643.0420792212744,3885.6954224348506,4180.927469525161,3871.712836389339,3757.6716451125226,4090.48595244486,3521.666672081061],"slackBeforeALNS":0,"nInitialNotServicedFixedRequests":[0,0,0,0,0,0,0,0,0,0],"averageNotServicedExpectedRequests":[15.1,14.3,16.1,12.6,14.9,18.6,15.1,13.6,17.3,11.2],"runId":["Run 1","Run 2","Run 3","Run 4","Run 5","Run 6","Run 7","Run 8","Run 9","Run 10"]}