{"slackAfterALNS":0,"nInitialNotServicedExpectedRequests":[4,8,7,6,6,4,4,3,8,6],"averageObj":[3786.877731183936,3532.9375516314017,3660.822879813097,3691.967349190617,3807.0975842278467,3827.4306363174487,3811.6854927178547,3966.095193654458,4046.439492017729,3614.9795819627857],"slackBeforeALNS":0,"nInitialNotServicedFixedRequests":[0,0,0,0,0,0,0,0,0,0],"averageNotServicedExpectedRequests":[14.2,11.5,13.1,13.1,14.3,14.8,14.4,16.3,17.0,12.3],"runId":["Run 1","Run 2","Run 3","Run 4","Run 5","Run 6","Run 7","Run 8","Run 9","Run 10"]}