{"slackAfterALNS":0,"nInitialNotServicedExpectedRequests":[5,9,3,7,5,4,4,7,6,4],"averageObj":[4007.7249857525467,3865.8384765678843,3639.428782336553,4180.37751709781,3531.3230932781516,3556.4038062132336,3594.3103829717925,3697.87516515054,3573.4746028717736,4412.420387803346],"slackBeforeALNS":0,"nInitialNotServicedFixedRequests":[0,0,0,0,0,0,0,0,0,0],"averageNotServicedExpectedRequests":[16.3,15.2,12.7,18.3,11.2,11.6,12.2,13.1,11.7,21.1],"runId":["Run 1","Run 2","Run 3","Run 4","Run 5","Run 6","Run 7","Run 8","Run 9","Run 10"]}