{"slackAfterALNS":0,"nInitialNotServicedExpectedRequests":[8,8,5,14,4,6,6,4,7,7],"averageObj":[4180.27191888029,3962.290659577078,3531.0489338968146,3732.0958960112775,4129.2486643519305,4260.694573423252,3879.9957642364534,3939.7582193599033,4257.867056506539,4043.277893153333],"slackBeforeALNS":0,"nInitialNotServicedFixedRequests":[0,0,0,0,0,0,0,0,0,0],"averageNotServicedExpectedRequests":[18.5,16.0,11.2,13.2,18.0,18.9,15.3,15.8,18.8,17.4],"runId":["Run 1","Run 2","Run 3","Run 4","Run 5","Run 6","Run 7","Run 8","Run 9","Run 10"]}