{"slackAfterALNS":0,"nInitialNotServicedExpectedRequests":[0,7,5,8,10,4,6,10,3,6],"averageObj":[3254.946035437685,3491.6954815581776,3632.1952685744955,3443.5898425545697,3399.723687011539,4069.160836892627,3532.261601792604,3920.922050622158,3549.0889293725545,3732.5105189279143],"slackBeforeALNS":0,"nInitialNotServicedFixedRequests":[0,0,0,0,0,0,0,0,0,0],"averageNotServicedExpectedRequests":[8.7,11.3,12.8,10.6,10.4,17.5,11.7,16.1,11.9,14.1],"runId":["Run 1","Run 2","Run 3","Run 4","Run 5","Run 6","Run 7","Run 8","Run 9","Run 10"]}