{"slackAfterALNS":0,"nInitialNotServicedExpectedRequests":[11,3,15,7,6],"averageObj":[16838.241616442167,13050.894552490128,18662.221392876385,13042.7132349428,16117.17517543764],"slackBeforeALNS":0,"nInitialNotServicedFixedRequests":[4,2,5,2,4],"averageNotServicedExpectedRequests":[35.0,38.7,34.6,38.9,28.5],"ALNSIterations":[788,505,486,654,476],"runId":["Run 1","Run 2","Run 3","Run 4","Run 5"]}