{"slackAfterALNS":0,"nInitialNotServicedExpectedRequests":[14,12,7,8,15],"averageObj":[21509.089509607285,15177.75344280885,17654.80206595286,13254.89857304205,16407.118391674456],"slackBeforeALNS":0,"nInitialNotServicedFixedRequests":[6,3,4,2,4],"averageNotServicedExpectedRequests":[43.4,41.1,45.3,40.1,31.9],"ALNSIterations":[1210,1234,1165,1188,1639],"runId":["Run 1","Run 2","Run 3","Run 4","Run 5"]}