{"slackAfterALNS":0,"nInitialNotServicedExpectedRequests":[17,11,16,14,10],"averageObj":[29318.260992103653,15152.865083848441,19244.4354430275,28740.868318017456,19130.580679488427],"slackBeforeALNS":0,"nInitialNotServicedFixedRequests":[10,3,5,10,5],"averageNotServicedExpectedRequests":[41.9,39.7,39.7,36.2,38.7],"ALNSIterations":[690,807,798,672,814],"runId":["Run 1","Run 2","Run 3","Run 4","Run 5"]}