{"slackAfterALNS":0,"nInitialNotServicedExpectedRequests":[12,13,13,12,13],"averageObj":[13387.82494793757,22965.397333072433,14992.279627253578,14436.60070322759,16722.96794234655],"slackBeforeALNS":0,"nInitialNotServicedFixedRequests":[2,7,3,3,4],"averageNotServicedExpectedRequests":[41.0,35.9,37.7,31.3,34.5],"ALNSIterations":[1220,1208,1188,1194,1397],"runId":["Run 1","Run 2","Run 3","Run 4","Run 5"]}