{"slackAfterALNS":0,"nInitialNotServicedExpectedRequests":[12,19,13,16,7],"averageObj":[30218.926747809317,34510.06685253292,28755.61168107008,27188.92313556734,20568.3471905014],"slackBeforeALNS":0,"nInitialNotServicedFixedRequests":[11,13,10,9,6],"averageNotServicedExpectedRequests":[30.2,34.0,36.3,40.9,35.3],"ALNSIterations":[750,715,865,802,714],"runId":["Run 1","Run 2","Run 3","Run 4","Run 5"]}