{"slackAfterALNS":0,"nInitialNotServicedExpectedRequests":[12,10,15,11,9],"averageObj":[10794.879483637882,12803.958998329797,11170.840285921593,14632.805960859114,16756.831767881326],"slackBeforeALNS":0,"nInitialNotServicedFixedRequests":[1,2,1,3,4],"averageNotServicedExpectedRequests":[36.9,36.0,40.5,35.2,37.1],"ALNSIterations":[801,846,904,629,867],"runId":["Run 1","Run 2","Run 3","Run 4","Run 5"]}