{"slackAfterALNS":0,"nInitialNotServicedExpectedRequests":[9,13,12,7,14],"averageObj":[9640.02942459728,9854.451005177789,7021.304030787303,10802.788716836976,5743.853094200102],"slackBeforeALNS":0,"nInitialNotServicedFixedRequests":[2,2,1,3,0],"averageNotServicedExpectedRequests":[26.0,27.0,19.0,17.0,27.0],"ALNSIterations":[2124,2312,2355,2261,2280],"runId":["Run 1","Run 2","Run 3","Run 4","Run 5"]}