{"slackAfterALNS":0,"nInitialNotServicedExpectedRequests":[6,8,5,7,7],"averageObj":[8331.838533181113,6662.3369664748625,4691.898372623923,8770.090155277507,7007.205253042075],"slackBeforeALNS":0,"nInitialNotServicedFixedRequests":[2,1,0,2,1],"averageNotServicedExpectedRequests":[12.0,15.0,14.0,16.0,19.0],"ALNSIterations":[2165,1707,1192,1229,1210],"runId":["Run 1","Run 2","Run 3","Run 4","Run 5"]}