{"slackAfterALNS":0,"nInitialNotServicedExpectedRequests":[5,3,5,0,4],"averageObj":[6874.8112447831645,5021.181733520142,4810.951823847895,5364.315049547483,6662.278411059398],"slackBeforeALNS":0,"nInitialNotServicedFixedRequests":[1,0,0,0,1],"averageNotServicedExpectedRequests":[15.0,18.0,16.0,22.0,15.0],"ALNSIterations":[2022,2221,2192,2225,2307],"runId":["Run 1","Run 2","Run 3","Run 4","Run 5"]}