{"slackAfterALNS":0,"nInitialNotServicedExpectedRequests":[12,16,13,9,10],"averageObj":[20210.11673073028,16382.886384602254,14569.558957339916,26359.462668064138,25365.259125751214],"slackBeforeALNS":0,"nInitialNotServicedFixedRequests":[6,4,3,9,8],"averageNotServicedExpectedRequests":[29.0,32.0,34.0,32.0,43.0],"ALNSIterations":[691,677,694,668,650],"runId":["Run 1","Run 2","Run 3","Run 4","Run 5"]}