{"slackAfterALNS":0,"nInitialNotServicedExpectedRequests":[10,12,11,11,9],"averageObj":[18398.507637278886,16333.190822366789,10679.684144262328,14213.107277832716,13398.913064491126],"slackBeforeALNS":0,"nInitialNotServicedFixedRequests":[5,4,1,3,2],"averageNotServicedExpectedRequests":[32.4,30.2,33.7,28.4,41.3],"ALNSIterations":[1025,1051,987,1047,1016],"runId":["Run 1","Run 2","Run 3","Run 4","Run 5"]}