{"slackAfterALNS":0,"nInitialNotServicedExpectedRequests":[11,8,11,11,11],"averageObj":[12926.082840642586,18694.753655560955,17074.428400592424,13045.805174037978,16509.665098759426],"slackBeforeALNS":0,"nInitialNotServicedFixedRequests":[2,5,4,2,4],"averageNotServicedExpectedRequests":[36.3,33.8,37.9,37.6,32.7],"ALNSIterations":[1045,1058,1078,1057,1055],"runId":["Run 1","Run 2","Run 3","Run 4","Run 5"]}