{"slackAfterALNS":0,"nInitialNotServicedExpectedRequests":[15,19,16,17,16],"averageObj":[26405.247778195226,24278.418283891177,29764.903232614153,24042.322116016385,23985.490262330615],"slackBeforeALNS":0,"nInitialNotServicedFixedRequests":[9,8,11,8,8],"averageNotServicedExpectedRequests":[33.0,32.0,27.0,30.0,29.0],"ALNSIterations":[798,774,766,712,662],"runId":["Run 1","Run 2","Run 3","Run 4","Run 5"]}