{"slackAfterALNS":0,"nInitialNotServicedExpectedRequests":[11,8,9,5,7],"averageObj":[14386.548588394877,10178.921430566408,10410.05502321592,14148.989748546966,16809.045145208896],"slackBeforeALNS":0,"nInitialNotServicedFixedRequests":[3,1,1,3,4],"averageNotServicedExpectedRequests":[30.5,27.5,31.5,28.1,36.5],"ALNSIterations":[1049,917,1030,1009,1026],"runId":["Run 1","Run 2","Run 3","Run 4","Run 5"]}