{"slackAfterALNS":0,"nInitialNotServicedExpectedRequests":[11,11,25,14,11],"averageObj":[24331.74382329157,22595.411439748586,34374.90762161506,22343.994744010346,24851.950932855456],"slackBeforeALNS":0,"nInitialNotServicedFixedRequests":[8,7,13,7,8],"averageNotServicedExpectedRequests":[32.6,35.2,32.2,32.7,37.2],"ALNSIterations":[1028,1024,1013,1069,1085],"runId":["Run 1","Run 2","Run 3","Run 4","Run 5"]}