{"slackAfterALNS":0,"nInitialNotServicedExpectedRequests":[5,6,6,8,0],"averageObj":[13923.624076591246,12171.918957457092,10673.342028329282,14561.988371938685,8536.980243667736],"slackBeforeALNS":0,"nInitialNotServicedFixedRequests":[3,2,1,3,0],"averageNotServicedExpectedRequests":[27.7,30.9,34.9,34.9,33.9],"ALNSIterations":[1034,1047,1074,1011,956],"runId":["Run 1","Run 2","Run 3","Run 4","Run 5"]}