{"slackAfterALNS":0,"nInitialNotServicedExpectedRequests":[15,10,7,7,11],"averageObj":[24095.76936775829,18774.720508399943,17191.84513734097,16916.992116469206,18500.531833967565],"slackBeforeALNS":0,"nInitialNotServicedFixedRequests":[8,5,4,4,5],"averageNotServicedExpectedRequests":[27.9,36.4,41.2,36.6,32.8],"ALNSIterations":[987,1018,1007,973,962],"runId":["Run 1","Run 2","Run 3","Run 4","Run 5"]}