{"slackAfterALNS":0,"nInitialNotServicedExpectedRequests":[13,17,17,19,15],"averageObj":[6013.236976598999,5815.490535405448,6426.960174733533,5864.732950222626,5916.82094905124],"slackBeforeALNS":0,"nInitialNotServicedFixedRequests":[0,0,0,0,0],"averageNotServicedExpectedRequests":[29.2,27.1,34.0,28.0,28.0],"ALNSIterations":[4741,4851,4285,5035,4423],"runId":["Run 1","Run 2","Run 3","Run 4","Run 5"]}