{"slackAfterALNS":0,"nInitialNotServicedExpectedRequests":[19,29,20,22,21],"averageObj":[6332.151015390753,6228.747520020328,5799.081765141576,6393.537267462291,6556.474023073812],"slackBeforeALNS":0,"nInitialNotServicedFixedRequests":[0,0,0,0,0],"averageNotServicedExpectedRequests":[34.0,32.2,27.3,33.8,35.8],"ALNSIterations":[4616,4011,4396,4781,5578],"runId":["Run 1","Run 2","Run 3","Run 4","Run 5"]}