{"slackAfterALNS":0,"nInitialNotServicedExpectedRequests":[13,17,12,15,20],"averageObj":[5274.138447936613,5451.630531055873,5301.493420600234,5594.520327267043,5911.6397861977985],"slackBeforeALNS":0,"nInitialNotServicedFixedRequests":[0,0,0,0,0],"averageNotServicedExpectedRequests":[21.5,23.4,22.2,25.3,28.8],"ALNSIterations":[4545,4175,4559,4176,2647],"runId":["Run 1","Run 2","Run 3","Run 4","Run 5"]}