{"slackAfterALNS":0,"nInitialNotServicedExpectedRequests":[16,13,13,17,26],"averageObj":[5529.78006832817,5724.027355372182,6015.531833523618,5487.135376004611,5884.489169920189],"slackBeforeALNS":0,"nInitialNotServicedFixedRequests":[0,0,0,0,0],"averageNotServicedExpectedRequests":[25.2,27.4,31.2,24.7,29.7],"ALNSIterations":[4571,4287,4507,4824,5947],"runId":["Run 1","Run 2","Run 3","Run 4","Run 5"]}