{"slackAfterALNS":0,"nInitialNotServicedExpectedRequests":[21,20,26,23,25],"averageObj":[6404.539012273945,6022.589847780591,6245.396157301971,5752.9219263994655,6109.956710376724],"slackBeforeALNS":0,"nInitialNotServicedFixedRequests":[0,0,0,0,0],"averageNotServicedExpectedRequests":[35.2,30.9,34.1,27.1,31.6],"ALNSIterations":[4987,5371,4611,3781,4155],"runId":["Run 1","Run 2","Run 3","Run 4","Run 5"]}