{"slackAfterALNS":0,"nInitialNotServicedExpectedRequests":[20,13,16,21,16],"averageObj":[6306.1449167698975,6041.2771097721115,6026.636593632665,6323.426271699451,6034.0774364046065],"slackBeforeALNS":0,"nInitialNotServicedFixedRequests":[0,0,0,0,0],"averageNotServicedExpectedRequests":[32.9,29.8,29.5,33.0,29.5],"ALNSIterations":[4604,5152,3182,3824,5416],"runId":["Run 1","Run 2","Run 3","Run 4","Run 5"]}