{"slackAfterALNS":0,"nInitialNotServicedExpectedRequests":[19,34,30,30,20],"averageObj":[6365.563800343065,7082.739386670937,6590.017357407602,6725.515966097579,6396.702533589559],"slackBeforeALNS":0,"nInitialNotServicedFixedRequests":[0,0,0,0,0],"averageNotServicedExpectedRequests":[33.6,42.2,37.2,38.8,34.0],"ALNSIterations":[4482,4041,2896,4445,5640],"runId":["Run 1","Run 2","Run 3","Run 4","Run 5"]}