{"slackAfterALNS":0,"nInitialNotServicedExpectedRequests":[4,6,14,14,3],"averageObj":[5499.559388802338,7636.187741423499,9512.09284210696,5690.28084619441,5654.8467977955415],"slackBeforeALNS":0,"nInitialNotServicedFixedRequests":[0,1,2,0,0],"averageNotServicedExpectedRequests":[23.4,24.5,23.0,24.7,24.8],"ALNSIterations":[4216,4838,4606,4689,4597],"runId":["Run 1","Run 2","Run 3","Run 4","Run 5"]}