{"slackAfterALNS":0,"nInitialNotServicedExpectedRequests":[18,21,22,18,25],"averageObj":[5891.7018057514415,6416.532663666387,5802.131181254243,6459.396827656101,6071.655336355567],"slackBeforeALNS":0,"nInitialNotServicedFixedRequests":[0,0,0,0,0],"averageNotServicedExpectedRequests":[28.7,34.6,27.3,35.0,30.3],"ALNSIterations":[4422,4349,6023,6070,5406],"runId":["Run 1","Run 2","Run 3","Run 4","Run 5"]}