{"slackAfterALNS":0,"nInitialNotServicedExpectedRequests":[3,8,3,3,7],"averageObj":[5966.577088447113,7482.556636042966,5629.959684792277,7413.180228918779,7202.689176315519],"slackBeforeALNS":0,"nInitialNotServicedFixedRequests":[0,1,0,1,1],"averageNotServicedExpectedRequests":[28.8,23.6,25.3,22.7,20.9],"ALNSIterations":[4603,2727,2563,4019,4557],"runId":["Run 1","Run 2","Run 3","Run 4","Run 5"]}