{"slackAfterALNS":0,"nInitialNotServicedExpectedRequests":[20,24,15,15,18],"averageObj":[6007.577661958931,6201.9526211655575,6253.335032002646,5854.093993645139,6142.158775396467],"slackBeforeALNS":0,"nInitialNotServicedFixedRequests":[0,0,0,0,0],"averageNotServicedExpectedRequests":[29.0,31.4,31.8,27.7,31.1],"ALNSIterations":[4040,4411,5250,5414,5456],"runId":["Run 1","Run 2","Run 3","Run 4","Run 5"]}