{"slackAfterALNS":0,"nInitialNotServicedExpectedRequests":[16,19,23,23,18],"averageObj":[5427.546468692383,5999.116847421334,5919.274301467418,6057.06675446927,5839.992003302615],"slackBeforeALNS":0,"nInitialNotServicedFixedRequests":[0,0,0,0,0],"averageNotServicedExpectedRequests":[24.5,30.3,30.4,31.6,28.8],"ALNSIterations":[4747,4327,4921,3190,2830],"runId":["Run 1","Run 2","Run 3","Run 4","Run 5"]}