{"slackAfterALNS":0,"nInitialNotServicedExpectedRequests":[16,11,15,12,13],"averageObj":[5981.657910456204,6533.495748630639,6042.90304366499,5784.60547001114,5134.849081470689],"slackBeforeALNS":0,"nInitialNotServicedFixedRequests":[0,0,0,0,0],"averageNotServicedExpectedRequests":[28.8,35.5,29.1,26.9,20.1],"ALNSIterations":[4304,4808,5611,6458,5741],"runId":["Run 1","Run 2","Run 3","Run 4","Run 5"]}