{"slackAfterALNS":0,"nInitialNotServicedExpectedRequests":[19,24,19,15,20],"averageObj":[6168.273256781967,5946.557956726723,6474.314388454599,6088.843140555491,5984.591189990576],"slackBeforeALNS":0,"nInitialNotServicedFixedRequests":[0,0,0,0,0],"averageNotServicedExpectedRequests":[31.5,29.0,35.4,32.1,30.3],"ALNSIterations":[4632,4973,6406,6221,6348],"runId":["Run 1","Run 2","Run 3","Run 4","Run 5"]}