{"slackAfterALNS":0,"nInitialNotServicedExpectedRequests":[11,13,16,14,18],"averageObj":[6317.359731666783,5769.394860376176,5781.283845087221,5953.006612946425,5956.382593837376],"slackBeforeALNS":0,"nInitialNotServicedFixedRequests":[0,0,0,0,0],"averageNotServicedExpectedRequests":[33.2,27.1,26.6,29.3,29.4],"ALNSIterations":[4341,5069,3215,3702,3538],"runId":["Run 1","Run 2","Run 3","Run 4","Run 5"]}