{"slackAfterALNS":0,"nInitialNotServicedExpectedRequests":[6,5,4,2,0],"averageObj":[5627.912418990163,7074.977516570776,5489.582233380587,7710.00092315403,5247.915659850429],"slackBeforeALNS":0,"nInitialNotServicedFixedRequests":[0,1,0,1,0],"averageNotServicedExpectedRequests":[23.1,18.6,22.0,25.0,20.7],"ALNSIterations":[4849,4959,4986,4543,4682],"runId":["Run 1","Run 2","Run 3","Run 4","Run 5"]}