{"slackAfterALNS":0,"nInitialNotServicedExpectedRequests":[7,4,4,2,9],"averageObj":[5738.393764118797,7338.1966612135975,5856.628239911384,5496.350017789752,7451.489100207627],"slackBeforeALNS":0,"nInitialNotServicedFixedRequests":[0,1,0,0,1],"averageNotServicedExpectedRequests":[26.0,22.4,26.6,23.5,23.4],"ALNSIterations":[4690,4764,4845,4752,5129],"runId":["Run 1","Run 2","Run 3","Run 4","Run 5"]}