{"slackAfterALNS":0,"nInitialNotServicedExpectedRequests":[19,18,17,21,22],"averageObj":[6299.076892425488,6131.823980966609,5875.818885042241,6000.682095892409,5839.3400781103255],"slackBeforeALNS":0,"nInitialNotServicedFixedRequests":[0,0,0,0,0],"averageNotServicedExpectedRequests":[33.1,31.7,29.2,29.7,27.8],"ALNSIterations":[4099,5360,6766,5970,6624],"runId":["Run 1","Run 2","Run 3","Run 4","Run 5"]}