{"runId":["Run 1","Run 2","Run 3","Run 4","Run 5","Run 6","Run 7","Run 8","Run 9","Run 10"],"averageObj":[38722.75584004494,38716.27643942799,40706.31626756294,38753.79076500969,36741.191640703386,38724.10065352539,40712.332633581864,36768.01519007243,38747.529014766136,38737.338812597925],"averageNotServicedExpectedRequests":[11.4,10.2,10.7,9.7,9.9,10.6,11.1,10.6,10.8,13.0],"nInitialNotServicedFixedRequests":[19,19,20,19,18,19,20,18,19,19],"nInitialNotServicedExpectedRequests":[12,12,9,9,6,14,9,7,8,13]}