{"slackAfterALNS":0,"nInitialNotServicedExpectedRequests":[19,13,18,11,16,15,16,15,22,16],"averageObj":[36863.15298724735,36863.347550379345,38837.63164953541,38837.14745492617,38850.375204624936,36866.162677716595,38844.814033274735,36852.20735240452,38851.14051858784,38849.48483592559],"slackBeforeALNS":0,"nInitialNotServicedFixedRequests":[18,18,19,19,19,18,19,18,19,19],"averageNotServicedExpectedRequests":[17.5,15.7,14.6,16.0,16.8,16.5,14.2,16.5,16.8,17.5],"runId":["Run 1","Run 2","Run 3","Run 4","Run 5","Run 6","Run 7","Run 8","Run 9","Run 10"]}