{"slackAfterALNS":0,"nInitialNotServicedExpectedRequests":[1,0,1,0,1,0,0,0,1,1],"averageObj":[398.6944189906091,364.92378414073335,438.5706280193237,373.71718385523434,396.20633845279093,360.1955486291764,432.0849876371177,431.4728839496067,355.160302551283,500.85714285714283],"slackBeforeALNS":0,"nInitialNotServicedFixedRequests":[0,0,0,0,0,0,0,0,0,0],"averageNotServicedExpectedRequests":[2.1,1.8,2.6,1.9,2.1,1.7,2.5,2.5,1.7,3.3],"runId":["Run 1","Run 2","Run 3","Run 4","Run 5","Run 6","Run 7","Run 8","Run 9","Run 10"]}