{"slackAfterALNS":0,"nInitialNotServicedExpectedRequests":[0,0,0,0,0,1,0,1,0,0],"averageObj":[359.18522861206094,354.75564798015796,295.11120733903044,350.67548758819873,344.9213614072663,368.7691734495013,352.4650426986494,389.4462837881886,335.8500756341544,353.17161805877305],"slackBeforeALNS":0,"nInitialNotServicedFixedRequests":[0,0,0,0,0,0,0,0,0,0],"averageNotServicedExpectedRequests":[1.6,1.6,0.9,1.5,1.4,1.8,1.6,2.0,1.4,1.6],"runId":["Run 1","Run 2","Run 3","Run 4","Run 5","Run 6","Run 7","Run 8","Run 9","Run 10"]}