{"slackAfterALNS":0,"nInitialNotServicedExpectedRequests":[0,0,1,0,0,0,1,0,1,0],"averageObj":[331.1952380952381,398.09836065573774,458.30163279658325,319.3550724637681,411.30851911356604,446.84316773516946,399.1749437334885,344.04944203762255,408.12244897959187,492.37049575683113],"slackBeforeALNS":0,"nInitialNotServicedFixedRequests":[0,0,0,0,0,0,0,0,0,0],"averageNotServicedExpectedRequests":[1.4,2.2,2.8,1.3,2.3,2.7,2.1,1.5,2.3,3.2],"runId":["Run 1","Run 2","Run 3","Run 4","Run 5","Run 6","Run 7","Run 8","Run 9","Run 10"]}