{"slackAfterALNS":0,"nInitialNotServicedExpectedRequests":[4,4,5,5,5],"averageObj":[4344.175635187773,4735.353208967985,5410.749240928309,4920.764164350415,4874.254022421207],"slackBeforeALNS":0,"nInitialNotServicedFixedRequests":[0,0,0,0,0],"averageNotServicedExpectedRequests":[12.0,15.0,24.0,18.0,17.0],"ALNSIterations":[2253,2285,2256,2246,2319],"runId":["Run 1","Run 2","Run 3","Run 4","Run 5"]}