{"slackAfterALNS":0,"nInitialNotServicedExpectedRequests":[11,8,7,10,5],"averageObj":[9549.106471662457,10598.972867831966,6715.490872111068,8925.197199718821,6628.749401024108],"slackBeforeALNS":0,"nInitialNotServicedFixedRequests":[2,3,1,2,1],"averageNotServicedExpectedRequests":[25.0,15.0,15.0,18.0,14.0],"ALNSIterations":[2196,2323,2298,2230,2231],"runId":["Run 1","Run 2","Run 3","Run 4","Run 5"]}