{"slackAfterALNS":0,"nInitialNotServicedExpectedRequests":[18,26,25,17,17],"averageObj":[6168.680788059794,5872.830894199758,5995.941767739056,5892.874702672967,5906.1250324716975],"slackBeforeALNS":0,"nInitialNotServicedFixedRequests":[0,0,0,0,0],"averageNotServicedExpectedRequests":[31.9,28.5,30.1,28.4,28.9],"ALNSIterations":[3818,3973,4261,4675,4648],"runId":["Run 1","Run 2","Run 3","Run 4","Run 5"]}