{"slackAfterALNS":0,"nInitialNotServicedExpectedRequests":[18,20,16,13,18],"averageObj":[6169.167340690391,5674.066534848995,6350.162763444971,5549.79135679684,5998.957288194743],"slackBeforeALNS":0,"nInitialNotServicedFixedRequests":[0,0,0,0,0],"averageNotServicedExpectedRequests":[31.8,25.6,33.2,24.1,29.1],"ALNSIterations":[4134,4451,4313,4110,4567],"runId":["Run 1","Run 2","Run 3","Run 4","Run 5"]}