{"slackAfterALNS":0,"nInitialNotServicedExpectedRequests":[19,17,17,13,21],"averageObj":[5744.821401263656,6511.9743762013695,5861.208081654318,6253.982354827541,6416.006946477847],"slackBeforeALNS":0,"nInitialNotServicedFixedRequests":[0,0,0,0,0],"averageNotServicedExpectedRequests":[26.3,35.1,27.7,32.1,34.6],"ALNSIterations":[4082,4051,4052,3268,4467],"runId":["Run 1","Run 2","Run 3","Run 4","Run 5"]}