{"slackAfterALNS":0,"nInitialNotServicedExpectedRequests":[13,17,17,14,17],"averageObj":[5797.167370842248,6137.749965158338,5914.707057444041,5815.227351242798,6013.114910782171],"slackBeforeALNS":0,"nInitialNotServicedFixedRequests":[0,0,0,0,0],"averageNotServicedExpectedRequests":[27.2,31.6,28.2,27.5,29.6],"ALNSIterations":[4075,4173,4467,3775,3999],"runId":["Run 1","Run 2","Run 3","Run 4","Run 5"]}