{"slackAfterALNS":0,"nInitialNotServicedExpectedRequests":[6,20,12,14,21],"averageObj":[5549.3471294902065,5166.0602627653625,5327.376414822754,5609.235653367024,5697.716420990711],"slackBeforeALNS":0,"nInitialNotServicedFixedRequests":[0,0,0,0,0],"averageNotServicedExpectedRequests":[24.5,20.5,22.0,25.8,26.4],"ALNSIterations":[3921,3850,4225,4473,3247],"runId":["Run 1","Run 2","Run 3","Run 4","Run 5"]}