{"slackAfterALNS":0,"nInitialNotServicedExpectedRequests":[32,28,35,24,29,39,27,37,37,31],"averageObj":[8542.680390685377,8773.621770827556,7341.944786100549,8779.100601886745,10987.098307755348,10880.279970624844,6975.132294729796,9151.26269919286,7118.002439910435,6490.342620536549],"slackBeforeALNS":0,"nInitialNotServicedFixedRequests":[1,1,0,1,2,2,0,1,0,0],"averageNotServicedExpectedRequests":[35.8,38.8,44.5,37.5,41.7,39.5,40.9,42.7,42.3,35.1],"runId":["Run 1","Run 2","Run 3","Run 4","Run 5","Run 6","Run 7","Run 8","Run 9","Run 10"]}