{"slackAfterALNS":0,"nInitialNotServicedExpectedRequests":[49,29,36,30,47,41,33,40,42,37],"averageObj":[11481.866789449927,16768.601544919584,8652.309376404315,11018.029232690145,13277.880998331539,11058.003619909661,12955.34303818511,11477.1790137297,9553.650989468673,10832.011602119812],"slackBeforeALNS":0,"nInitialNotServicedFixedRequests":[2,5,1,2,3,2,3,2,1,2],"averageNotServicedExpectedRequests":[46.4,38.5,37.1,41.3,43.8,41.3,41.0,46.0,47.6,39.6],"runId":["Run 1","Run 2","Run 3","Run 4","Run 5","Run 6","Run 7","Run 8","Run 9","Run 10"]}