{"slackAfterALNS":0,"nInitialNotServicedExpectedRequests":[47,53,46,44,50,33,35,42,47,40],"averageObj":[19696.452138053683,15914.942175433029,15288.82541439302,17049.019904941542,17669.787408731863,21128.891905559933,18640.87873941161,15668.388967796453,19557.15566950701,19174.767117466487],"slackBeforeALNS":0,"nInitialNotServicedFixedRequests":[6,4,4,5,5,7,6,4,6,6],"averageNotServicedExpectedRequests":[48.8,52.1,43.8,41.3,49.4,42.9,36.8,48.1,48.0,44.0],"runId":["Run 1","Run 2","Run 3","Run 4","Run 5","Run 6","Run 7","Run 8","Run 9","Run 10"]}