{"slackAfterALNS":0,"nInitialNotServicedExpectedRequests":[33,28,37,35,30,33,35,34,42,41],"averageObj":[9078.98665543395,7376.664013490353,7307.013914963325,7055.303676145911,6901.1161296195405,7442.269528907101,7237.493250873586,6685.548085363393,7283.683844044886,7473.526182857344],"slackBeforeALNS":0,"nInitialNotServicedFixedRequests":[1,0,0,0,0,0,0,0,0,0],"averageNotServicedExpectedRequests":[42.5,45.4,45.0,42.7,39.8,46.2,44.6,38.2,45.6,46.3],"runId":["Run 1","Run 2","Run 3","Run 4","Run 5","Run 6","Run 7","Run 8","Run 9","Run 10"]}