{"slackAfterALNS":0,"nInitialNotServicedExpectedRequests":[25,31,26,27,26,34,30,37,34,28],"averageObj":[5977.910096707326,8258.08456954292,6439.480094488028,8296.787077169782,10254.21538258687,7202.955029886472,6593.728809259493,6504.189092397596,7286.170189674779,8628.02222367904],"slackBeforeALNS":0,"nInitialNotServicedFixedRequests":[0,1,0,1,2,0,0,0,0,1],"averageNotServicedExpectedRequests":[29.3,33.1,34.7,32.6,33.4,43.8,36.9,34.9,44.8,36.2],"runId":["Run 1","Run 2","Run 3","Run 4","Run 5","Run 6","Run 7","Run 8","Run 9","Run 10"]}