{"slackAfterALNS":0,"nInitialNotServicedExpectedRequests":[28,22,32,25,30,31,32,27,26,26],"averageObj":[5981.66293825812,6816.791072588545,6799.447306961076,6953.566892423003,6714.570025214138,6723.176175298894,6435.543954086532,6372.5287703134045,6489.13546703156,6503.774806377292],"slackBeforeALNS":0,"nInitialNotServicedFixedRequests":[0,0,0,0,0,0,0,0,0,0],"averageNotServicedExpectedRequests":[30.1,38.7,38.5,41.2,37.5,37.8,35.2,34.0,35.8,36.0],"runId":["Run 1","Run 2","Run 3","Run 4","Run 5","Run 6","Run 7","Run 8","Run 9","Run 10"]}