{"slackAfterALNS":0,"nInitialNotServicedExpectedRequests":[31,41,25,34,43,34,38,27,35,47],"averageObj":[7304.854424197981,9120.904881809702,6898.441570568715,9029.473959667535,7748.081238842645,6457.655989199307,7364.289233923197,7137.153282357031,6842.7483817943985,9378.25771708594],"slackBeforeALNS":0,"nInitialNotServicedFixedRequests":[0,1,0,1,0,0,0,0,0,1],"averageNotServicedExpectedRequests":[44.9,42.9,39.8,41.8,49.9,34.7,45.9,43.5,39.6,45.4],"runId":["Run 1","Run 2","Run 3","Run 4","Run 5","Run 6","Run 7","Run 8","Run 9","Run 10"]}