{"slackAfterALNS":0,"nInitialNotServicedExpectedRequests":[32,34,27,26,35,29,25,28,34,23],"averageObj":[8431.997900924081,8917.617082055745,8666.584311778062,8612.299553154391,7034.96920678968,10722.952827509076,10127.94559437704,8568.841166778899,10618.867551796595,10136.1150578504],"slackBeforeALNS":0,"nInitialNotServicedFixedRequests":[1,1,1,1,0,2,2,1,2,2],"averageNotServicedExpectedRequests":[34.8,40.8,37.8,36.9,41.5,38.8,31.7,37.2,37.2,31.1],"runId":["Run 1","Run 2","Run 3","Run 4","Run 5","Run 6","Run 7","Run 8","Run 9","Run 10"]}