{"slackAfterALNS":0,"nInitialNotServicedExpectedRequests":[47,39,37,28,33,40,39,39,36,31],"averageObj":[11639.071316034217,9326.089955742875,9436.857139002936,11425.913165635458,10891.400604076001,7070.623855716078,9387.35638556889,13177.275822153446,11246.41776168417,9318.919947536584],"slackBeforeALNS":0,"nInitialNotServicedFixedRequests":[2,1,1,2,2,0,1,3,2,1],"averageNotServicedExpectedRequests":[47.3,43.3,44.9,45.1,39.6,41.3,44.9,42.5,43.1,44.1],"runId":["Run 1","Run 2","Run 3","Run 4","Run 5","Run 6","Run 7","Run 8","Run 9","Run 10"]}