{"slackAfterALNS":0,"nInitialNotServicedExpectedRequests":[23,30,35,31,33,25,30,25,26,22],"averageObj":[10169.87477810626,14834.889422594197,10095.987817241488,6465.14217338112,10790.20126957809,10659.890192260156,10668.985245756046,6229.419010776775,9109.105023736325,8518.548212191323],"slackBeforeALNS":0,"nInitialNotServicedFixedRequests":[2,4,2,0,2,2,2,0,1,1],"averageNotServicedExpectedRequests":[31.9,40.0,31.5,35.2,39.1,37.4,37.6,32.5,42.4,36.2],"runId":["Run 1","Run 2","Run 3","Run 4","Run 5","Run 6","Run 7","Run 8","Run 9","Run 10"]}