{"slackAfterALNS":0,"nInitialNotServicedExpectedRequests":[10,8,5,5,6],"averageObj":[2774.1845729320235,2659.6196444715893,2539.8791643617938,2507.7680385029466,2668.528637175589],"slackBeforeALNS":0,"nInitialNotServicedFixedRequests":[0,0,0,0,0],"averageNotServicedExpectedRequests":[18.1,17.4,16.0,15.6,17.2],"ALNSIterations":[17421,19445,19541,18511,18333],"runId":["Run 1","Run 2","Run 3","Run 4","Run 5"]}