{"slackAfterALNS":0,"nInitialNotServicedExpectedRequests":[8,6,5,4,5],"averageObj":[4375.065735461898,4504.688826792329,4310.45529782149,4499.826883779298,2430.883132213315],"slackBeforeALNS":0,"nInitialNotServicedFixedRequests":[1,1,1,1,0],"averageNotServicedExpectedRequests":[14.1,16.0,13.2,16.0,15.2],"ALNSIterations":[19475,20588,19916,22977,20920],"runId":["Run 1","Run 2","Run 3","Run 4","Run 5"]}