{"slackAfterALNS":0,"nInitialNotServicedExpectedRequests":[12,12,8,8,10],"averageObj":[10465.593699984025,10289.013980371848,10039.606143975636,10380.753060963543,8238.768801127257],"slackBeforeALNS":0,"nInitialNotServicedFixedRequests":[4,4,4,4,3],"averageNotServicedExpectedRequests":[15.0,14.0,11.0,14.0,13.0],"ALNSIterations":[1600,1526,2102,1866,1643],"runId":["Run 1","Run 2","Run 3","Run 4","Run 5"]}