{"slackAfterALNS":0,"nInitialNotServicedExpectedRequests":[10,15,14,12,11],"averageObj":[8402.827625944294,6891.7608993889935,8564.791984527348,8876.148623827758,6654.787504772326],"slackBeforeALNS":0,"nInitialNotServicedFixedRequests":[3,2,3,3,2],"averageNotServicedExpectedRequests":[14.0,20.0,16.0,20.0,17.0],"ALNSIterations":[1869,2164,1853,1833,2125],"runId":["Run 1","Run 2","Run 3","Run 4","Run 5"]}