{"slackAfterALNS":0,"nInitialNotServicedExpectedRequests":[15,15,11,11,13],"averageObj":[4532.708863369893,2383.1307631391533,4121.617200089182,10479.10134214444,4620.314000259519],"slackBeforeALNS":0,"nInitialNotServicedFixedRequests":[1,0,1,4,1],"averageNotServicedExpectedRequests":[16.0,14.0,12.0,16.0,17.0],"ALNSIterations":[2039,2275,2268,1978,1743],"runId":["Run 1","Run 2","Run 3","Run 4","Run 5"]}