{"slackAfterALNS":0,"nInitialNotServicedExpectedRequests":[14,7,6,12,8],"averageObj":[2512.142968985913,7906.157024172533,8274.252259188303,4299.432060573475,6313.900354540977],"slackBeforeALNS":0,"nInitialNotServicedFixedRequests":[0,3,3,1,2],"averageNotServicedExpectedRequests":[16.0,9.0,13.0,13.0,13.0],"ALNSIterations":[1483,1899,1744,1842,1554],"runId":["Run 1","Run 2","Run 3","Run 4","Run 5"]}