{"slackAfterALNS":0,"nInitialNotServicedExpectedRequests":[9,12,9,12,12],"averageObj":[2264.7785843678575,2530.234665852684,1991.1596095415048,4130.013711354782,2104.7241339674947],"slackBeforeALNS":0,"nInitialNotServicedFixedRequests":[0,0,0,1,0],"averageNotServicedExpectedRequests":[13.0,16.0,10.0,12.0,11.0],"ALNSIterations":[2108,2116,1869,2206,2108],"runId":["Run 1","Run 2","Run 3","Run 4","Run 5"]}