{"slackAfterALNS":0,"nInitialNotServicedExpectedRequests":[12,9,10,10,9],"averageObj":[6322.845514925025,6378.935153647858,4582.201186645586,4346.836227435107,4177.69244199978],"slackBeforeALNS":0,"nInitialNotServicedFixedRequests":[2,2,1,1,1],"averageNotServicedExpectedRequests":[14.0,14.0,17.0,14.0,12.0],"ALNSIterations":[2060,1804,1914,2075,2038],"runId":["Run 1","Run 2","Run 3","Run 4","Run 5"]}