{"slackAfterALNS":0,"nInitialNotServicedExpectedRequests":[10,16,9,11,9],"averageObj":[10480.584210601606,14376.520046726422,8138.594285831778,14082.213086411994,12493.572713514272],"slackBeforeALNS":0,"nInitialNotServicedFixedRequests":[4,6,3,6,5],"averageNotServicedExpectedRequests":[15.0,15.0,11.0,11.0,16.0],"ALNSIterations":[1771,1774,1823,1834,1678],"runId":["Run 1","Run 2","Run 3","Run 4","Run 5"]}