{"slackAfterALNS":0,"nInitialNotServicedExpectedRequests":[9,6,5,7,7],"averageObj":[11834.229569617644,9625.869814338692,7951.307590935705,9954.314377972967,7822.6676542853],"slackBeforeALNS":0,"nInitialNotServicedFixedRequests":[5,4,3,4,3],"averageNotServicedExpectedRequests":[9.0,7.0,10.0,10.0,9.0],"ALNSIterations":[2135,1770,1896,1904,2164],"runId":["Run 1","Run 2","Run 3","Run 4","Run 5"]}