{"slackAfterALNS":0,"nInitialNotServicedExpectedRequests":[13,9,10,12,8],"averageObj":[4305.5044933874615,4210.025034070751,4330.04192320424,6220.711021297174,6342.610294503588],"slackBeforeALNS":0,"nInitialNotServicedFixedRequests":[1,1,1,2,2],"averageNotServicedExpectedRequests":[13.0,13.0,14.0,13.0,14.0],"ALNSIterations":[1930,2523,2208,1997,2387],"runId":["Run 1","Run 2","Run 3","Run 4","Run 5"]}