{"slackAfterALNS":0,"nInitialNotServicedExpectedRequests":[11,8,9,11,11],"averageObj":[6502.57157109287,6679.77332563757,8742.179171528975,6510.214374564725,6645.645861609846],"slackBeforeALNS":0,"nInitialNotServicedFixedRequests":[2,2,3,2,2],"averageNotServicedExpectedRequests":[16.0,18.0,19.0,16.0,17.0],"ALNSIterations":[1434,1626,1714,1808,1899],"runId":["Run 1","Run 2","Run 3","Run 4","Run 5"]}