{"slackAfterALNS":0,"nInitialNotServicedExpectedRequests":[14,15,7,15,11],"averageObj":[18634.958394757494,17408.582327293323,24393.764123612495,26820.231417815587,26293.017903785076],"slackBeforeALNS":0,"nInitialNotServicedFixedRequests":[5,4,8,9,9],"averageNotServicedExpectedRequests":[34.3,42.5,32.2,36.1,29.2],"ALNSIterations":[764,717,795,734,748],"runId":["Run 1","Run 2","Run 3","Run 4","Run 5"]}