{"slackAfterALNS":0,"nInitialNotServicedExpectedRequests":[3,5,4,7,5,3,4,4,6,4],"averageObj":[210.6322751322751,218.7440234644583,211.8845238095238,221.38520667711396,215.1277777777778,218.55891130398518,215.46043956043962,212.27089947089945,213.33520923520922,215.63673620763808],"slackBeforeALNS":0,"nInitialNotServicedFixedRequests":[0,0,0,0,0,0,0,0,0,0],"averageNotServicedExpectedRequests":[4.5,3.7,4.6,3.2,3.5,3.0,3.3,3.5,4.4,3.2],"runId":["Run 1","Run 2","Run 3","Run 4","Run 5","Run 6","Run 7","Run 8","Run 9","Run 10"]}