{"slackAfterALNS":0,"nInitialNotServicedExpectedRequests":[2,4,3,2,4,0,4,3,4,3],"averageObj":[4184.256876619208,4185.664693773969,4184.875241935484,4183.155241935484,4183.155241935484,4185.13698868336,4185.121940777183,4183.155241935484,4184.314042214489,4183.538575268818],"slackBeforeALNS":0,"nInitialNotServicedFixedRequests":[2,2,2,2,2,2,2,2,2,2],"averageNotServicedExpectedRequests":[2.7,2.4,3.8,3.4,2.3,3.1,2.9,3.2,2.1,2.8],"runId":["Run 1","Run 2","Run 3","Run 4","Run 5","Run 6","Run 7","Run 8","Run 9","Run 10"]}