{"slackAfterALNS":0,"nInitialNotServicedExpectedRequests":[0,1,1,2,0,4,4,2,2,1],"averageObj":[2410.730638728567,2516.43940674068,2409.9501747590443,2473.1783136670865,2429.7841911229643,2328.800337476611,2427.4566593156915,2391.099657204502,2455.9030615608244,2411.5019723111463],"slackBeforeALNS":0,"nInitialNotServicedFixedRequests":[1,1,1,1,1,1,1,1,1,1],"averageNotServicedExpectedRequests":[2.2,3.4,2.2,2.9,2.4,1.3,2.4,2.0,2.7,2.2],"runId":["Run 1","Run 2","Run 3","Run 4","Run 5","Run 6","Run 7","Run 8","Run 9","Run 10"]}