{"slackAfterALNS":0,"nInitialNotServicedExpectedRequests":[1,2,1,1,1,0,0,3,1,1],"averageObj":[403.37737576379726,418.9528215714241,457.2343655749543,472.51385065189413,451.5875179324842,430.8968253968254,419.3937969924811,368.0358449207166,397.39723173168505,383.18676997533623],"slackBeforeALNS":0,"nInitialNotServicedFixedRequests":[0,0,0,0,0,0,0,0,0,0],"averageNotServicedExpectedRequests":[2.2,2.4,2.8,3.0,2.7,2.5,2.4,1.8,2.0,2.0],"runId":["Run 1","Run 2","Run 3","Run 4","Run 5","Run 6","Run 7","Run 8","Run 9","Run 10"]}