{"slackAfterALNS":0,"nInitialNotServicedExpectedRequests":[20,20,22,25,19],"averageObj":[4776.264220458813,5541.796363956739,5481.826898324761,5624.675544212921,5835.686589485797],"slackBeforeALNS":0,"nInitialNotServicedFixedRequests":[0,0,0,0,0],"averageNotServicedExpectedRequests":[16.0,25.0,25.0,26.0,28.0],"ALNSIterations":[4403,4431,4419,4506,4398],"runId":["Run 1","Run 2","Run 3","Run 4","Run 5"]}