{"slackAfterALNS":0,"nInitialNotServicedExpectedRequests":[22,18,22,20,21],"averageObj":[6174.640499548855,6341.95220973294,5831.511149229984,5396.21479366828,5800.181280016687],"slackBeforeALNS":0,"nInitialNotServicedFixedRequests":[0,0,0,0,0],"averageNotServicedExpectedRequests":[33.0,35.0,29.0,24.0,27.0],"ALNSIterations":[4917,4850,4886,4857,4984],"runId":["Run 1","Run 2","Run 3","Run 4","Run 5"]}