{"slackAfterALNS":0,"nInitialNotServicedExpectedRequests":[16,14,20,15,17],"averageObj":[5474.306463478258,5600.092193775278,5716.235518598902,5530.982734379219,5440.713721303969],"slackBeforeALNS":0,"nInitialNotServicedFixedRequests":[0,0,0,0,0],"averageNotServicedExpectedRequests":[23.0,25.0,26.0,24.0,23.0],"ALNSIterations":[4413,4749,4542,4473,4321],"runId":["Run 1","Run 2","Run 3","Run 4","Run 5"]}