{"slackAfterALNS":0,"nInitialNotServicedExpectedRequests":[16,9,6,12,7,7,7,13,10,4],"averageObj":[3110.1434415857743,2907.26502473285,2997.1152303530685,3146.8345476034833,3040.5770648237335,3179.7620856043022,3019.6840386519634,2832.4885361352126,2962.8290391579494,2896.923490799284],"slackBeforeALNS":0,"nInitialNotServicedFixedRequests":[0,0,0,0,0,0,0,0,0,0],"averageNotServicedExpectedRequests":[22.6,19.9,21.1,22.8,21.6,23.2,20.9,19.0,20.7,20.0],"runId":["Run 1","Run 2","Run 3","Run 4","Run 5","Run 6","Run 7","Run 8","Run 9","Run 10"]}