{"slackAfterALNS":0,"nInitialNotServicedExpectedRequests":[10,10,8,8,8,12,5,5,4,10],"averageObj":[4359.594154919602,4618.4896952668705,4719.443770284333,4629.864288627562,4769.396785469466,4821.612290824063,4655.278489041513,4701.557778157699,4593.87265659953,4520.602090086542],"slackBeforeALNS":0,"nInitialNotServicedFixedRequests":[1,1,1,1,1,1,1,1,1,1],"averageNotServicedExpectedRequests":[14.4,17.3,18.3,17.4,18.9,19.8,17.8,18.4,17.0,16.0],"runId":["Run 1","Run 2","Run 3","Run 4","Run 5","Run 6","Run 7","Run 8","Run 9","Run 10"]}