{"slackAfterALNS":0,"nInitialNotServicedExpectedRequests":[13,12,17,9,13,13,8,6,13,14],"averageObj":[3056.153460661776,3147.1329915963747,2946.567519875132,2967.805164357648,2895.008932333637,3233.792908430587,2858.8335749907174,2945.717986409364,3212.7244185557306,2840.031514725454],"slackBeforeALNS":0,"nInitialNotServicedFixedRequests":[0,0,0,0,0,0,0,0,0,0],"averageNotServicedExpectedRequests":[21.4,23.2,20.7,20.8,19.8,23.8,19.3,20.5,23.7,19.4],"runId":["Run 1","Run 2","Run 3","Run 4","Run 5","Run 6","Run 7","Run 8","Run 9","Run 10"]}