{"slackAfterALNS":0,"nInitialNotServicedExpectedRequests":[11,10,10,9,8,5,9,9,4,6],"averageObj":[4634.967754035273,4428.102015003329,4456.3101410008185,4722.377423775778,4460.258916024091,4523.857319592813,4565.610476906346,4509.806156576638,4437.08839481768,4818.782002392946],"slackBeforeALNS":0,"nInitialNotServicedFixedRequests":[1,1,1,1,1,1,1,1,1,1],"averageNotServicedExpectedRequests":[17.6,15.4,15.5,18.5,15.5,16.4,17.1,16.0,15.4,19.6],"runId":["Run 1","Run 2","Run 3","Run 4","Run 5","Run 6","Run 7","Run 8","Run 9","Run 10"]}