{"slackAfterALNS":0,"nInitialNotServicedExpectedRequests":[13,14,12,7,13,10,15,9,14,6],"averageObj":[2833.4903281580496,3297.3451782264806,2898.592624716423,3171.78553606605,3056.547316426396,3134.135702419323,2991.7331461349977,3027.6208679016136,3167.8372506657593,2976.3662228544995],"slackBeforeALNS":0,"nInitialNotServicedFixedRequests":[0,0,0,0,0,0,0,0,0,0],"averageNotServicedExpectedRequests":[19.0,24.3,19.8,23.3,21.7,22.5,21.0,21.3,22.6,20.8],"runId":["Run 1","Run 2","Run 3","Run 4","Run 5","Run 6","Run 7","Run 8","Run 9","Run 10"]}