{"slackAfterALNS":0,"nInitialNotServicedExpectedRequests":[16,15,12,15,11,16,16,11,12,10],"averageObj":[2798.2715090392585,3000.386132355105,3101.730137541078,3107.526779444376,2952.7359779041753,2937.8912561554794,3087.552663676248,2958.406049499931,2972.800640050539,2872.3209440708565],"slackBeforeALNS":0,"nInitialNotServicedFixedRequests":[0,0,0,0,0,0,0,0,0,0],"averageNotServicedExpectedRequests":[19.3,21.5,22.7,22.7,21.0,20.9,22.6,21.1,21.2,20.1],"runId":["Run 1","Run 2","Run 3","Run 4","Run 5","Run 6","Run 7","Run 8","Run 9","Run 10"]}