{"slackAfterALNS":0,"nInitialNotServicedExpectedRequests":[10,9,12,8,6,9,5,5,9,4],"averageObj":[6414.316070243529,6341.0962769585985,6463.429751382681,6418.026087715553,6266.202301893484,6378.789556242422,6276.1336777332135,6578.608673120934,6476.338174593749,6618.8790405630625],"slackBeforeALNS":0,"nInitialNotServicedFixedRequests":[2,2,2,2,2,2,2,2,2,2],"averageNotServicedExpectedRequests":[15.4,14.4,15.7,15.2,13.6,14.8,13.8,17.2,15.9,17.7],"runId":["Run 1","Run 2","Run 3","Run 4","Run 5","Run 6","Run 7","Run 8","Run 9","Run 10"]}