{"slackAfterALNS":0,"nInitialNotServicedExpectedRequests":[8,4,3,10,8,9,12,11,10,9],"averageObj":[2847.9309296098054,2734.8047668236068,3050.85562540152,2879.3950630522627,3057.2563782684365,2835.1636580633253,2997.4297052005268,2964.1082679393094,2962.0456068793183,3123.629004578754],"slackBeforeALNS":0,"nInitialNotServicedFixedRequests":[0,0,0,0,0,0,0,0,0,0],"averageNotServicedExpectedRequests":[19.5,18.4,21.8,20.0,22.0,19.6,21.4,20.9,20.9,22.8],"runId":["Run 1","Run 2","Run 3","Run 4","Run 5","Run 6","Run 7","Run 8","Run 9","Run 10"]}