{"slackAfterALNS":0,"nInitialNotServicedExpectedRequests":[9,12,6,9,6,14,12,8,8,9],"averageObj":[4245.632661846943,4813.288697140453,4572.649084481399,4425.056504575632,4613.2689666838505,4396.6930413272075,4575.241748886364,4799.2840041201525,4538.83895200759,4328.7616874898185],"slackBeforeALNS":0,"nInitialNotServicedFixedRequests":[1,1,1,1,1,1,1,1,1,1],"averageNotServicedExpectedRequests":[13.4,19.6,17.1,15.4,17.4,14.9,17.0,19.6,16.6,14.2],"runId":["Run 1","Run 2","Run 3","Run 4","Run 5","Run 6","Run 7","Run 8","Run 9","Run 10"]}