{"slackAfterALNS":0,"nInitialNotServicedExpectedRequests":[11,4,2,9,7,10,7,4,7,13],"averageObj":[4773.550047065153,4630.855197471003,4539.784811715004,4740.431537145756,4661.565431253513,4535.297225186954,4659.61443519297,4485.531331420626,4680.143901208375,4704.687087418687],"slackBeforeALNS":0,"nInitialNotServicedFixedRequests":[1,1,1,1,1,1,1,1,1,1],"averageNotServicedExpectedRequests":[18.9,17.2,16.3,18.6,17.7,16.2,17.7,15.7,18.0,18.4],"runId":["Run 1","Run 2","Run 3","Run 4","Run 5","Run 6","Run 7","Run 8","Run 9","Run 10"]}