{"slackAfterALNS":0,"nInitialNotServicedExpectedRequests":[11,9,17,9,10],"averageObj":[21447.699931026695,18966.982978666438,15508.453381477157,14466.062728519206,18484.5578239017],"slackBeforeALNS":0,"nInitialNotServicedFixedRequests":[8,7,5,5,7],"averageNotServicedExpectedRequests":[24.0,19.0,23.0,11.0,11.0],"ALNSIterations":[223,225,209,198,210],"runId":["Run 1","Run 2","Run 3","Run 4","Run 5"]}