{"slackAfterALNS":0,"nInitialNotServicedExpectedRequests":[28,4,7,8,7],"averageObj":[14154.271906768732,16880.571532211754,16639.633494620128,15237.14519740221,17681.324830921127],"slackBeforeALNS":0,"nInitialNotServicedFixedRequests":[4,6,6,5,6],"averageNotServicedExpectedRequests":[28.0,18.0,16.0,21.0,26.0],"ALNSIterations":[208,251,212,235,223],"runId":["Run 1","Run 2","Run 3","Run 4","Run 5"]}