{"slackAfterALNS":0,"nInitialNotServicedExpectedRequests":[13,10,11,10,42],"averageObj":[22716.45158210673,11379.495496137473,17088.244445699856,16915.61232624776,18175.275492956924],"slackBeforeALNS":0,"nInitialNotServicedFixedRequests":[9,3,6,6,6],"averageNotServicedExpectedRequests":[16.0,23.0,20.0,18.0,29.0],"ALNSIterations":[241,248,236,234,230],"runId":["Run 1","Run 2","Run 3","Run 4","Run 5"]}