{"slackAfterALNS":0,"nInitialNotServicedExpectedRequests":[33,5,3,6,12],"averageObj":[22269.180033867488,21351.29314714536,16728.152357472685,17175.50085969813,18558.416259520152],"slackBeforeALNS":0,"nInitialNotServicedFixedRequests":[8,8,6,6,7],"averageNotServicedExpectedRequests":[30.0,23.0,16.0,21.0,13.0],"ALNSIterations":[213,234,223,196,212],"runId":["Run 1","Run 2","Run 3","Run 4","Run 5"]}