{"slackAfterALNS":0,"nInitialNotServicedExpectedRequests":[4,9,9,9,8],"averageObj":[14616.234005128226,9132.332162558216,14769.862545889631,15809.189433687254,10743.436973610664],"slackBeforeALNS":0,"nInitialNotServicedFixedRequests":[5,2,5,5,3],"averageNotServicedExpectedRequests":[16.0,20.0,18.0,29.0,17.0],"ALNSIterations":[192,208,237,209,236],"runId":["Run 1","Run 2","Run 3","Run 4","Run 5"]}