{"slackAfterALNS":0,"nInitialNotServicedExpectedRequests":[11,11,11,13,7],"averageObj":[13123.323244951938,14979.531196186257,18636.33943570443,14945.938984026336,10554.734241144773],"slackBeforeALNS":0,"nInitialNotServicedFixedRequests":[4,5,7,5,3],"averageNotServicedExpectedRequests":[21.0,19.0,15.0,18.0,14.0],"ALNSIterations":[163,194,245,267,252],"runId":["Run 1","Run 2","Run 3","Run 4","Run 5"]}