{"slackAfterALNS":0,"nInitialNotServicedExpectedRequests":[8,7,7,4,10],"averageObj":[20500.168771156405,24375.946580846787,26320.091164151156,22420.175266902716,23045.040423600618],"slackBeforeALNS":0,"nInitialNotServicedFixedRequests":[8,10,11,9,9],"averageNotServicedExpectedRequests":[14.0,12.0,11.0,12.0,20.0],"ALNSIterations":[216,234,217,187,180],"runId":["Run 1","Run 2","Run 3","Run 4","Run 5"]}