{"slackAfterALNS":0,"nInitialNotServicedExpectedRequests":[8,10,10,15,7],"averageObj":[24837.93149108812,18094.13509767684,16550.94815236772,21532.215021650863,20052.548391851422],"slackBeforeALNS":0,"nInitialNotServicedFixedRequests":[10,7,6,8,8],"averageNotServicedExpectedRequests":[18.0,7.0,13.0,24.0,9.0],"ALNSIterations":[222,231,217,221,215],"runId":["Run 1","Run 2","Run 3","Run 4","Run 5"]}