{"slackAfterALNS":0,"nInitialNotServicedExpectedRequests":[9,19,39,9,39],"averageObj":[17715.015978162297,17882.16101760077,17515.975499202763,19731.49287412793,17515.975499202763],"slackBeforeALNS":0,"nInitialNotServicedFixedRequests":[6,6,5,7,5],"averageNotServicedExpectedRequests":[25.0,27.0,41.0,27.0,41.0],"ALNSIterations":[171,191,157,192,174],"runId":["Run 1","Run 2","Run 3","Run 4","Run 5"]}