{"slackAfterALNS":0,"nInitialNotServicedExpectedRequests":[16,16,13,16,11],"averageObj":[19198.35184738142,25527.880974462572,21490.671278147373,23210.637206593,27002.52193306412],"slackBeforeALNS":0,"nInitialNotServicedFixedRequests":[7,10,8,9,11],"averageNotServicedExpectedRequests":[20.0,27.0,24.0,21.0,20.0],"ALNSIterations":[224,240,230,216,214],"runId":["Run 1","Run 2","Run 3","Run 4","Run 5"]}