{"runId":["Run 1","Run 2","Run 3","Run 4","Run 5"],"averageObj":[3148.723691666087,2844.875782749736,2860.3524247072482,2498.918195761037,2746.42583318917],"averageNotServicedExpectedRequests":[20.6,17.0,17.6,13.6,16.6],"nInitialNotServicedFixedRequests":[0,0,0,0,0],"nInitialNotServicedExpectedRequests":[10,7,8,11,14]}