{"slackAfterALNS":0,"nInitialNotServicedExpectedRequests":[9,7,7,7,9],"averageObj":[2439.8682844037685,2546.230011859417,2308.4559152828656,4304.2692455267015,2225.7033435518506],"slackBeforeALNS":0,"nInitialNotServicedFixedRequests":[0,0,0,1,0],"averageNotServicedExpectedRequests":[15.0,16.0,13.0,13.0,12.0],"ALNSIterations":[17444,17290,18724,17189,19230],"runId":["Run 1","Run 2","Run 3","Run 4","Run 5"]}