{"slackAfterALNS":0,"nInitialNotServicedExpectedRequests":[5,11,6,8,5],"averageObj":[2234.4087588816824,2268.825568822343,2342.030236773026,2353.5747157371743,1877.7235788661637],"slackBeforeALNS":0,"nInitialNotServicedFixedRequests":[0,0,0,0,0],"averageNotServicedExpectedRequests":[13.0,13.0,14.0,14.0,9.0],"ALNSIterations":[20499,21842,19925,20640,20747],"runId":["Run 1","Run 2","Run 3","Run 4","Run 5"]}