{"slackAfterALNS":0,"nInitialNotServicedExpectedRequests":[2,0,2,2,1],"averageObj":[5771.760107239599,5905.123606646358,5802.482112794744,5841.091748088859,5592.1467135215],"slackBeforeALNS":0,"nInitialNotServicedFixedRequests":[0,0,0,0,0],"averageNotServicedExpectedRequests":[7.0,9.0,7.0,8.0,5.0],"ALNSIterations":[954,921,948,933,936],"runId":["Run 1","Run 2","Run 3","Run 4","Run 5"]}