{"slackAfterALNS":0,"nInitialNotServicedExpectedRequests":[0,1,0,0,0],"averageObj":[5108.0328710837175,5281.12817544213,5121.686089606618,5206.461214954491,5258.099323788497],"slackBeforeALNS":0,"nInitialNotServicedFixedRequests":[0,0,0,0,0],"averageNotServicedExpectedRequests":[1.0,3.0,1.0,2.0,2.0],"ALNSIterations":[829,964,972,958,971],"runId":["Run 1","Run 2","Run 3","Run 4","Run 5"]}