{"slackAfterALNS":0,"nInitialNotServicedExpectedRequests":[4,4,3,3,4],"averageObj":[5599.397992423194,6070.213378569498,5866.123552242935,5420.927431047253,5720.338524082538],"slackBeforeALNS":0,"nInitialNotServicedFixedRequests":[0,0,0,0,0],"averageNotServicedExpectedRequests":[6.0,11.0,8.0,4.0,7.0],"ALNSIterations":[491,505,491,497,505],"runId":["Run 1","Run 2","Run 3","Run 4","Run 5"]}