{"slackAfterALNS":0,"nInitialNotServicedExpectedRequests":[10,10,10,9,11],"averageObj":[6357.647460600398,6237.699587515078,5879.666506924739,6046.696941420159,6260.508072126398],"slackBeforeALNS":0,"nInitialNotServicedFixedRequests":[0,0,0,0,0],"averageNotServicedExpectedRequests":[14.0,13.0,9.0,11.0,13.0],"ALNSIterations":[1031,558,558,546,538],"runId":["Run 1","Run 2","Run 3","Run 4","Run 5"]}