{"slackAfterALNS":0,"nInitialNotServicedExpectedRequests":[8,7,6,8,6],"averageObj":[8025.476893383608,8218.780503345752,7695.548139098304,8226.562107500335,7457.510484389562],"slackBeforeALNS":0,"nInitialNotServicedFixedRequests":[1,1,1,1,1],"averageNotServicedExpectedRequests":[11.0,12.0,7.0,13.0,4.0],"ALNSIterations":[550,1041,1043,1039,1016],"runId":["Run 1","Run 2","Run 3","Run 4","Run 5"]}