{"slackAfterALNS":0,"nInitialNotServicedExpectedRequests":[0,0,0,0,0],"averageObj":[5274.126732264368,5454.854254258683,5595.288921387204,5220.8601628766555,5234.489850191697],"slackBeforeALNS":0,"nInitialNotServicedFixedRequests":[0,0,0,0,0],"averageNotServicedExpectedRequests":[2.0,4.0,5.0,2.0,2.0],"ALNSIterations":[948,497,515,500,506],"runId":["Run 1","Run 2","Run 3","Run 4","Run 5"]}