{"slackAfterALNS":0,"nInitialNotServicedExpectedRequests":[2,5,5,5,4],"averageObj":[5492.392909935591,5381.592330585561,5733.078810035115,5638.983958063548,5471.027088502896],"slackBeforeALNS":0,"nInitialNotServicedFixedRequests":[0,0,0,0,0],"averageNotServicedExpectedRequests":[5.0,3.0,7.0,6.0,5.0],"ALNSIterations":[984,971,976,954,967],"runId":["Run 1","Run 2","Run 3","Run 4","Run 5"]}