{"slackAfterALNS":0,"nInitialNotServicedExpectedRequests":[57,40,60,45,74,53,55,66,57,60],"averageObj":[14177.148797421012,13862.587186406436,15406.306467495373,13574.031237827887,14232.035788865785,14584.225046132085,14173.93349639611,14135.55719925132,13402.346774662907,13688.053798881892],"slackBeforeALNS":0,"nInitialNotServicedFixedRequests":[0,0,0,0,0,0,0,0,0,0],"averageNotServicedExpectedRequests":[98.4,94.7,112.3,89.5,99.1,102.8,98.5,98.1,89.3,92.9],"runId":["Run 1","Run 2","Run 3","Run 4","Run 5","Run 6","Run 7","Run 8","Run 9","Run 10"]}