{"slackAfterALNS":0,"nInitialNotServicedExpectedRequests":[48,59,62,60,62,43,60,49,60,56],"averageObj":[13925.99746839218,14673.15481597595,14412.353635700589,14509.83959009946,14050.538508377203,13973.030420171373,13624.336967184572,13897.114632853883,14789.943925399328,14003.784937628667],"slackBeforeALNS":0,"nInitialNotServicedFixedRequests":[0,0,0,0,0,0,0,0,0,0],"averageNotServicedExpectedRequests":[94.8,103.9,101.2,102.1,97.0,95.9,91.6,95.2,104.6,96.0],"runId":["Run 1","Run 2","Run 3","Run 4","Run 5","Run 6","Run 7","Run 8","Run 9","Run 10"]}