{"slackAfterALNS":0,"nInitialNotServicedExpectedRequests":[53,33,38,47,57,44,50,44,48,49],"averageObj":[13064.434026043586,12719.249611776668,13423.659322776768,13446.005858661174,13233.471580029314,13067.122275042902,13309.30766797314,13497.442142924987,14043.982567952704,13280.554225865339],"slackBeforeALNS":0,"nInitialNotServicedFixedRequests":[0,0,0,0,0,0,0,0,0,0],"averageNotServicedExpectedRequests":[85.4,82.0,88.9,89.7,87.9,85.5,87.6,90.5,96.3,87.9],"runId":["Run 1","Run 2","Run 3","Run 4","Run 5","Run 6","Run 7","Run 8","Run 9","Run 10"]}