{"slackAfterALNS":0,"nInitialNotServicedExpectedRequests":[130,129,118,122,123,125,130,147,129,133],"averageObj":[22150.735890353582,20212.336518847467,22327.545768325286,18979.649363552297,21715.35835217678,21740.142675452513,20372.09993215859,20618.112620064752,21722.490436307467,21832.561729010726],"slackBeforeALNS":0,"nInitialNotServicedFixedRequests":[1,0,1,0,1,1,0,0,1,1],"averageNotServicedExpectedRequests":[150.1,152.1,153.2,137.5,145.7,146.5,152.7,157.4,146.2,147.0],"runId":["Run 1","Run 2","Run 3","Run 4","Run 5","Run 6","Run 7","Run 8","Run 9","Run 10"]}