{"slackAfterALNS":0,"nInitialNotServicedExpectedRequests":[140,145,123,155,144,132,139,124,142,130],"averageObj":[22188.134827338545,23069.34424397463,24245.910197049536,22799.001539856163,21906.785664699706,24006.11384589719,22703.42243760128,23999.722112697218,24917.928841347184,23446.38173681876],"slackBeforeALNS":0,"nInitialNotServicedFixedRequests":[1,1,2,1,1,2,1,2,2,2],"averageNotServicedExpectedRequests":[151.0,161.4,151.9,158.6,147.4,148.7,156.3,148.3,159.4,143.0],"runId":["Run 1","Run 2","Run 3","Run 4","Run 5","Run 6","Run 7","Run 8","Run 9","Run 10"]}