{"slackAfterALNS":0,"nInitialNotServicedExpectedRequests":[143,152,127,158,127,151,157,125,149,145],"averageObj":[21013.63178315396,21041.79250286574,21377.837753352895,21489.882555715296,22612.937189468408,21712.903527456492,21329.769021166943,22208.574150577297,20688.361598528987,21109.52124852859],"slackBeforeALNS":0,"nInitialNotServicedFixedRequests":[0,0,1,0,1,0,0,1,0,0],"averageNotServicedExpectedRequests":[161.3,161.5,142.6,167.7,155.7,169.1,164.7,150.7,157.5,162.8],"runId":["Run 1","Run 2","Run 3","Run 4","Run 5","Run 6","Run 7","Run 8","Run 9","Run 10"]}