{"slackAfterALNS":0,"nInitialNotServicedExpectedRequests":[138,143,141,139,156,145,135,143,128,125],"averageObj":[24911.438302958923,25090.239099679457,24987.73561528053,22534.449529572496,23222.177639253317,23250.67957618897,22778.82671844588,23123.060905387272,26530.698789906328,25884.631941603413],"slackBeforeALNS":0,"nInitialNotServicedFixedRequests":[2,2,2,1,1,1,1,1,3,3],"averageNotServicedExpectedRequests":[158.8,161.0,159.4,154.8,163.6,162.5,157.6,161.0,154.4,147.1],"runId":["Run 1","Run 2","Run 3","Run 4","Run 5","Run 6","Run 7","Run 8","Run 9","Run 10"]}