{"slackAfterALNS":0,"nInitialNotServicedExpectedRequests":[145,130,109,116,133,120,142,128,144,134],"averageObj":[22317.152468767363,24466.399822737127,21238.70760935835,20973.84497753757,24557.05438839618,25817.967906795275,21997.110429973945,23961.282292013457,24265.43229784168,24301.271649829367],"slackBeforeALNS":0,"nInitialNotServicedFixedRequests":[1,2,1,1,2,3,1,2,2,2],"averageNotServicedExpectedRequests":[153.0,155.3,140.4,137.2,155.1,147.9,149.9,149.1,153.5,152.5],"runId":["Run 1","Run 2","Run 3","Run 4","Run 5","Run 6","Run 7","Run 8","Run 9","Run 10"]}