{"slackAfterALNS":0,"nInitialNotServicedExpectedRequests":[128,121,130,109,136,130,125,126,134,119],"averageObj":[23505.155230809534,23706.749846569634,25315.328207816267,29211.591479606104,26232.409742077685,23351.01159136925,26012.00339226654,25704.79985833231,20668.52746812137,23955.843925098845],"slackBeforeALNS":0,"nInitialNotServicedFixedRequests":[2,2,3,5,3,2,3,3,0,2],"averageNotServicedExpectedRequests":[141.2,144.2,139.7,138.2,149.7,141.1,147.9,144.5,156.0,147.1],"runId":["Run 1","Run 2","Run 3","Run 4","Run 5","Run 6","Run 7","Run 8","Run 9","Run 10"]}