{"slackAfterALNS":0,"nInitialNotServicedExpectedRequests":[142,139,138,139,131,134,136,150,120,134],"averageObj":[22184.255992540046,22516.90160556844,23431.262440984352,24327.09444533811,22447.257042587884,22794.1719338114,21992.80110994429,23046.66197389348,20656.781602151732,23575.12893782574],"slackBeforeALNS":0,"nInitialNotServicedFixedRequests":[1,1,1,2,1,1,1,1,1,2],"averageNotServicedExpectedRequests":[150.4,154.6,165.5,152.5,154.1,156.5,148.7,161.1,132.2,143.9],"runId":["Run 1","Run 2","Run 3","Run 4","Run 5","Run 6","Run 7","Run 8","Run 9","Run 10"]}