{"slackAfterALNS":0,"nInitialNotServicedExpectedRequests":[144,157,158,139,125,155,144,142,157,157],"averageObj":[24692.54581405665,23634.144811810726,23141.286581973724,24994.082377819796,24312.00893199869,23726.69842309611,23282.29946855844,24932.463367809472,23448.63413119794,25539.34683195426],"slackBeforeALNS":0,"nInitialNotServicedFixedRequests":[2,1,1,2,2,1,1,2,1,2],"averageNotServicedExpectedRequests":[153.8,166.2,161.0,158.9,150.7,166.9,161.3,157.4,162.7,166.0],"runId":["Run 1","Run 2","Run 3","Run 4","Run 5","Run 6","Run 7","Run 8","Run 9","Run 10"]}