{"slackAfterALNS":0,"nInitialNotServicedExpectedRequests":[149,141,146,154,153,138,131,164,137,134],"averageObj":[20278.175985033206,22754.852333907034,22530.513557761395,21737.642649771966,22596.809046571496,22740.085975807062,24675.81968930347,23864.198523557116,24567.89007308667,24433.301820507644],"slackBeforeALNS":0,"nInitialNotServicedFixedRequests":[0,1,1,0,1,1,2,1,2,2],"averageNotServicedExpectedRequests":[151.8,158.0,155.3,168.3,156.1,157.5,156.6,171.8,156.0,153.1],"runId":["Run 1","Run 2","Run 3","Run 4","Run 5","Run 6","Run 7","Run 8","Run 9","Run 10"]}