{"slackAfterALNS":0,"nInitialNotServicedExpectedRequests":[136,147,128,141,120,129,145,126,140,114],"averageObj":[20282.30590860372,22410.56889880949,22009.887192184084,24820.547573900207,23694.597250597762,24117.66341239808,21196.15835163992,22429.975916373733,21873.08202698413,27275.38578407029],"slackBeforeALNS":0,"nInitialNotServicedFixedRequests":[0,1,1,2,2,2,0,1,1,4],"averageNotServicedExpectedRequests":[151.6,153.6,147.4,158.6,145.2,149.6,162.4,153.7,146.7,140.9],"runId":["Run 1","Run 2","Run 3","Run 4","Run 5","Run 6","Run 7","Run 8","Run 9","Run 10"]}