{"slackAfterALNS":0,"nInitialNotServicedExpectedRequests":[11,12,13,15,13],"averageObj":[15156.315644600003,13141.046255364043,7505.213469512208,6884.042649055073,9139.273110432032],"slackBeforeALNS":0,"nInitialNotServicedFixedRequests":[5,4,1,1,2],"averageNotServicedExpectedRequests":[20.0,20.0,23.0,16.0,20.0],"ALNSIterations":[2286,1754,2188,2252,2263],"runId":["Run 1","Run 2","Run 3","Run 4","Run 5"]}