{"slackAfterALNS":0,"nInitialNotServicedExpectedRequests":[8,7,7,6,3],"averageObj":[7035.934411727083,4784.651182282933,6461.199672863059,5298.820901156478,7161.4275694221815],"slackBeforeALNS":0,"nInitialNotServicedFixedRequests":[1,0,1,0,1],"averageNotServicedExpectedRequests":[20.0,17.0,14.0,24.0,22.0],"ALNSIterations":[1832,2225,2113,2055,2088],"runId":["Run 1","Run 2","Run 3","Run 4","Run 5"]}