{"runId":["Run 1","Run 2","Run 3","Run 4","Run 5","Run 6","Run 7","Run 8","Run 9","Run 10"],"averageObj":[180.3,181.5062015503876,185.3422140120416,186.70529891306452,181.86346765484694,182.6560606060606,181.3878968253968,182.52643678160922,180.0,183.15579793340987],"averageNotServicedExpectedRequests":[3.1,3.1,1.9,2.8,2.7,2.0,2.5,3.0,3.4,2.8],"nInitialNotServicedFixedRequests":[0,0,0,0,0,0,0,0,0,0],"nInitialNotServicedExpectedRequests":[3,2,4,4,2,2,2,3,0,3]}