{"slackAfterALNS":0,"nInitialNotServicedExpectedRequests":[18,18,15,17,20,20,13,17,21,22],"averageObj":[40812.7841144851,38819.79957202773,38835.96258640301,38837.24327474283,38853.24546133578,40819.79512086805,38864.71844085959,40818.68033072378,38848.886914325485,40808.87218668572],"slackBeforeALNS":0,"nInitialNotServicedFixedRequests":[20,19,19,19,19,20,19,20,19,20],"averageNotServicedExpectedRequests":[17.7,18.7,16.5,19.3,18.7,17.6,16.7,18.0,17.9,19.0],"runId":["Run 1","Run 2","Run 3","Run 4","Run 5","Run 6","Run 7","Run 8","Run 9","Run 10"]}