{"slackAfterALNS":0,"nInitialNotServicedExpectedRequests":[22,25,17,19,16,21,20,21,17,22],"averageObj":[26924.680027369788,26905.393424974296,28884.102757345594,26902.531639414257,28895.207016597928,28891.408972413006,28892.69060665763,28878.280644594604,28882.448104966315,28892.123648365658],"slackBeforeALNS":0,"nInitialNotServicedFixedRequests":[13,13,14,13,14,14,14,14,14,14],"averageNotServicedExpectedRequests":[21.7,18.7,18.1,17.7,19.4,20.1,19.2,19.8,19.3,19.4],"runId":["Run 1","Run 2","Run 3","Run 4","Run 5","Run 6","Run 7","Run 8","Run 9","Run 10"]}