{"slackAfterALNS":0,"nInitialNotServicedExpectedRequests":[19,21,24,19,18,18,20,23,18,16],"averageObj":[22934.40300050711,22919.347104598703,20958.051047774527,20944.363630865795,22929.580677104917,20938.88151507834,20949.189824418314,22942.096976693574,22921.993370912278,20965.635440295464],"slackBeforeALNS":0,"nInitialNotServicedFixedRequests":[11,11,10,10,11,10,10,11,11,10],"averageNotServicedExpectedRequests":[19.9,20.8,19.9,18.5,18.0,22.3,17.9,19.5,17.0,18.1],"runId":["Run 1","Run 2","Run 3","Run 4","Run 5","Run 6","Run 7","Run 8","Run 9","Run 10"]}