{"slackAfterALNS":0,"nInitialNotServicedExpectedRequests":[20,15,20,19,18,21,22,18,19,18],"averageObj":[34864.4653891927,32894.41732830739,32888.29655128871,32885.54562640753,34867.289372698644,32882.03779263494,32879.28520716959,34894.17817532861,32891.33230983021,32883.15944282617],"slackBeforeALNS":0,"nInitialNotServicedFixedRequests":[17,16,16,16,17,16,16,17,16,16],"averageNotServicedExpectedRequests":[18.1,19.0,17.5,17.3,19.7,18.4,18.3,17.0,19.6,20.6],"runId":["Run 1","Run 2","Run 3","Run 4","Run 5","Run 6","Run 7","Run 8","Run 9","Run 10"]}