{"slackAfterALNS":0,"nInitialNotServicedExpectedRequests":[19,15,25,17,19,19,20,19,20,22],"averageObj":[44795.54853499809,42834.1678250609,42825.999534420014,42846.64735325438,42832.050128899435,42827.74418953826,42831.441832213924,42840.19437143377,42835.509568628644,40832.54290496057],"slackBeforeALNS":0,"nInitialNotServicedFixedRequests":[22,21,21,21,21,21,21,21,21,20],"averageNotServicedExpectedRequests":[17.6,18.4,17.4,17.7,18.4,18.9,17.4,17.8,19.3,19.0],"runId":["Run 1","Run 2","Run 3","Run 4","Run 5","Run 6","Run 7","Run 8","Run 9","Run 10"]}