{"slackAfterALNS":0,"nInitialNotServicedExpectedRequests":[13,6,9,6,13],"averageObj":[12549.390170199245,8311.510206325183,12759.127790006323,10382.893189170882,18411.87933465444],"slackBeforeALNS":0,"nInitialNotServicedFixedRequests":[2,0,2,1,5],"averageNotServicedExpectedRequests":[32.8,31.0,36.5,31.7,33.5],"ALNSIterations":[1038,1014,1080,980,1019],"runId":["Run 1","Run 2","Run 3","Run 4","Run 5"]}