{"slackAfterALNS":0,"nInitialNotServicedExpectedRequests":[5,7,6,2,5,7,5,4,3,2],"averageObj":[3671.546164993558,3690.6791859857694,3665.110832216886,3797.4586631160773,3634.808414736096,3631.628053550556,3574.473976825745,3311.5110841590104,3779.0006638993145,3609.2800615006954],"slackBeforeALNS":0,"nInitialNotServicedFixedRequests":[0,0,0,0,0,0,0,0,0,0],"averageNotServicedExpectedRequests":[13.2,13.2,12.8,14.5,12.3,12.4,12.0,9.4,14.2,12.0],"runId":["Run 1","Run 2","Run 3","Run 4","Run 5","Run 6","Run 7","Run 8","Run 9","Run 10"]}