{"slackAfterALNS":0,"nInitialNotServicedExpectedRequests":[6,3,6,6,3,4,10,6,3,7],"averageObj":[3520.0848807613133,3387.1556617728565,3768.5440884764184,3460.6063110123787,3897.7390921915844,3465.59068657611,3452.413135950611,3481.7450536614315,3533.7418790437123,3574.167973098858],"slackBeforeALNS":0,"nInitialNotServicedFixedRequests":[0,0,0,0,0,0,0,0,0,0],"averageNotServicedExpectedRequests":[11.7,10.0,14.3,11.0,15.7,11.1,10.6,11.3,11.7,12.1],"runId":["Run 1","Run 2","Run 3","Run 4","Run 5","Run 6","Run 7","Run 8","Run 9","Run 10"]}