{"slackAfterALNS":0,"nInitialNotServicedExpectedRequests":[9,6,5,8,10,9,3,7,4,8],"averageObj":[3666.8678293979247,4349.530881395753,4059.845830570829,4202.055305419347,3924.96970988428,4548.947417648047,3783.5733374030474,4166.131022740353,3993.9849142814187,4072.9493066927835],"slackBeforeALNS":0,"nInitialNotServicedFixedRequests":[0,0,0,0,0,0,0,0,0,0],"averageNotServicedExpectedRequests":[12.3,19.3,16.9,18.1,15.0,22.1,13.5,17.8,16.0,17.2],"runId":["Run 1","Run 2","Run 3","Run 4","Run 5","Run 6","Run 7","Run 8","Run 9","Run 10"]}