{"slackAfterALNS":0,"nInitialNotServicedExpectedRequests":[6,0,3,7,9,2,2,6,5,5],"averageObj":[3933.6356638878738,3753.545325641366,3839.6653223819644,3316.8916800212246,3652.894967171309,3606.9702009155408,3603.237785625285,3589.8135429866225,3762.8774227579393,3724.6795182771834],"slackBeforeALNS":0,"nInitialNotServicedFixedRequests":[0,0,0,0,0,0,0,0,0,0],"averageNotServicedExpectedRequests":[15.7,13.7,14.7,9.0,12.7,11.8,12.1,11.6,14.0,13.7],"runId":["Run 1","Run 2","Run 3","Run 4","Run 5","Run 6","Run 7","Run 8","Run 9","Run 10"]}