{"slackAfterALNS":0,"nInitialNotServicedExpectedRequests":[21,16,20,14,28],"averageObj":[6065.034592000139,5434.245693571598,6206.84301413762,5707.183336247741,6194.411572564304],"slackBeforeALNS":0,"nInitialNotServicedFixedRequests":[0,0,0,0,0],"averageNotServicedExpectedRequests":[30.7,22.7,30.6,26.7,32.0],"ALNSIterations":[3761,4681,4699,4633,5121],"runId":["Run 1","Run 2","Run 3","Run 4","Run 5"]}