{"slackAfterALNS":0,"nInitialNotServicedExpectedRequests":[13,18,10,15,16],"averageObj":[5344.4220279253805,5562.190117075688,5557.268961686288,5570.043117092201,5517.896766895789],"slackBeforeALNS":0,"nInitialNotServicedFixedRequests":[0,0,0,0,0],"averageNotServicedExpectedRequests":[22.5,24.3,24.3,25.0,25.1],"ALNSIterations":[4456,4619,3873,4538,4183],"runId":["Run 1","Run 2","Run 3","Run 4","Run 5"]}