{"slackAfterALNS":0,"nInitialNotServicedExpectedRequests":[1,1,1,1,1],"averageObj":[2494.2272350416883,2446.5243347338937,2410.3424214483616,2436.237760236055,2421.3282344255535],"slackBeforeALNS":0,"nInitialNotServicedFixedRequests":[1,1,1,1,1],"averageNotServicedExpectedRequests":[3.3,2.8,2.3,2.6,2.5],"ALNSIterations":[280278,376267,382099,397479,401529],"runId":["Run 1","Run 2","Run 3","Run 4","Run 5"]}