{"slackAfterALNS":0,"nInitialNotServicedExpectedRequests":[1,0,3,1,3],"averageObj":[393.7637146656901,417.15485628782227,415.42175043811574,410.5315508021391,444.72142857142853],"slackBeforeALNS":0,"nInitialNotServicedFixedRequests":[0,0,0,0,0],"averageNotServicedExpectedRequests":[1.9,2.3,2.3,2.3,2.7],"ALNSIterations":[364495,316349,313100,380357,389792],"runId":["Run 1","Run 2","Run 3","Run 4","Run 5"]}