{"slackAfterALNS":0,"nInitialNotServicedExpectedRequests":[1,3,1,3,4],"averageObj":[466.77204502814254,428.15752580752576,445.5693960670842,404.6693803022374,395.40071967248434],"slackBeforeALNS":0,"nInitialNotServicedFixedRequests":[0,0,0,0,0],"averageNotServicedExpectedRequests":[2.9,2.5,2.7,2.2,2.1],"ALNSIterations":[332092,265297,316781,346527,300558],"runId":["Run 1","Run 2","Run 3","Run 4","Run 5"]}