{"slackAfterALNS":0,"nInitialNotServicedExpectedRequests":[1,1,1,2,1],"averageObj":[373.33718720304086,427.54760794760784,300.95982142857144,393.52917350848384,344.0],"slackBeforeALNS":0,"nInitialNotServicedFixedRequests":[0,0,0,0,0],"averageNotServicedExpectedRequests":[1.9,2.5,1.1,2.1,1.6],"ALNSIterations":[314319,339869,292732,281007,335203],"runId":["Run 1","Run 2","Run 3","Run 4","Run 5"]}