{"slackAfterALNS":0,"nInitialNotServicedExpectedRequests":[1,4,3,1,0],"averageObj":[2473.871807490045,2460.9689542483657,2422.851437908497,2498.3684913561383,2439.666946449555],"slackBeforeALNS":0,"nInitialNotServicedFixedRequests":[1,1,1,1,1],"averageNotServicedExpectedRequests":[3.1,3.0,2.4,3.2,2.7],"ALNSIterations":[649013,951769,645196,723126,819382],"runId":["Run 1","Run 2","Run 3","Run 4","Run 5"]}