{"slackAfterALNS":0,"nInitialNotServicedExpectedRequests":[0,0,0,0,1],"averageObj":[6318.357222222223,6338.21058593865,6404.5276653171395,6303.111271850412,6308.161538461538],"slackBeforeALNS":0,"nInitialNotServicedFixedRequests":[3,3,3,3,3],"averageNotServicedExpectedRequests":[1.6,1.7,2.6,1.4,1.5],"ALNSIterations":[340799,355159,346807,320614,331947],"runId":["Run 1","Run 2","Run 3","Run 4","Run 5"]}