{"slackAfterALNS":0,"nInitialNotServicedExpectedRequests":[1,1,0,0,1],"averageObj":[419.09289617486337,473.7927247589012,424.2307841500495,439.54553955092905,429.78489010989017],"slackBeforeALNS":0,"nInitialNotServicedFixedRequests":[0,0,0,0,0],"averageNotServicedExpectedRequests":[2.4,3.0,2.4,2.6,2.5],"ALNSIterations":[675801,807717,840093,864559,772118],"runId":["Run 1","Run 2","Run 3","Run 4","Run 5"]}