{"slackAfterALNS":0,"nInitialNotServicedExpectedRequests":[10,3,6,7,5],"averageObj":[12842.753628436722,11663.48035242921,17858.718078887498,11990.3178309465,9180.673121837573],"slackBeforeALNS":0,"nInitialNotServicedFixedRequests":[2,2,5,2,1],"averageNotServicedExpectedRequests":[37.0,24.0,27.0,28.0,19.0],"ALNSIterations":[673,806,805,804,814],"runId":["Run 1","Run 2","Run 3","Run 4","Run 5"]}