{"slackAfterALNS":0,"nInitialNotServicedExpectedRequests":[14,12,22,11,13],"averageObj":[26607.183235012046,23695.64842044745,30495.04884906837,21438.25901456834,20302.429280017557],"slackBeforeALNS":0,"nInitialNotServicedFixedRequests":[9,8,11,7,6],"averageNotServicedExpectedRequests":[35.0,23.0,33.0,22.0,31.0],"ALNSIterations":[670,519,551,517,538],"runId":["Run 1","Run 2","Run 3","Run 4","Run 5"]}