{"slackAfterALNS":0,"nInitialNotServicedExpectedRequests":[4,11,15,7,5],"averageObj":[9985.118422323605,7685.952092900012,11633.109544426612,13377.54116713096,13627.948497346428],"slackBeforeALNS":0,"nInitialNotServicedFixedRequests":[1,0,2,3,3],"averageNotServicedExpectedRequests":[26.0,25.0,26.0,20.0,24.0],"ALNSIterations":[638,764,761,773,775],"runId":["Run 1","Run 2","Run 3","Run 4","Run 5"]}