{"slackAfterALNS":0,"nInitialNotServicedExpectedRequests":[0,0,0,0,0],"averageObj":[223.01691729323306,223.01691729323306,223.01691729323306,223.01691729323306,223.01691729323306],"slackBeforeALNS":0,"nInitialNotServicedFixedRequests":[0,0,0,0,0],"averageNotServicedExpectedRequests":[0.0,0.0,0.0,0.0,0.0],"ALNSIterations":[298129,303279,280495,326836,343889],"runId":["Run 1","Run 2","Run 3","Run 4","Run 5"]}