{"slackAfterALNS":0,"nInitialNotServicedExpectedRequests":[0,0,0,0,0],"averageObj":[304.43877551020415,200.0,200.0,215.9183673469388,290.0],"slackBeforeALNS":0,"nInitialNotServicedFixedRequests":[0,0,0,0,0],"averageNotServicedExpectedRequests":[1.0,0.0,0.0,0.0,1.0],"ALNSIterations":[288066,276304,320320,352126,328603],"runId":["Run 1","Run 2","Run 3","Run 4","Run 5"]}