{"slackAfterALNS":0,"nInitialNotServicedExpectedRequests":[10,11,18,20,10],"averageObj":[14757.158443855256,18797.669674392422,19045.899350540385,12635.305388709021,15240.180251573483],"slackBeforeALNS":0,"nInitialNotServicedFixedRequests":[3,5,5,2,3],"averageNotServicedExpectedRequests":[34.5,36.0,37.4,34.2,39.1],"ALNSIterations":[1430,1283,1560,1425,1159],"runId":["Run 1","Run 2","Run 3","Run 4","Run 5"]}