{"slackAfterALNS":0,"nInitialNotServicedExpectedRequests":[7,6,10,3,9],"averageObj":[14012.76080347824,10190.101813438738,12603.139395592783,14110.969103079438,12402.122967874431],"slackBeforeALNS":0,"nInitialNotServicedFixedRequests":[3,1,2,3,2],"averageNotServicedExpectedRequests":[27.9,30.7,33.1,30.5,32.7],"ALNSIterations":[666,680,699,670,623],"runId":["Run 1","Run 2","Run 3","Run 4","Run 5"]}