{"slackAfterALNS":0,"nInitialNotServicedExpectedRequests":[2,1,3,2,2,3,3,0,0,1],"averageObj":[4417.272364036993,4494.038483532342,4464.128263673758,4478.25,4466.1663939806185,4526.390352998065,4450.909090909091,4445.230590062111,4419.86052631579,4535.966607565012],"slackBeforeALNS":0,"nInitialNotServicedFixedRequests":[2,2,2,2,2,2,2,2,2,2],"averageNotServicedExpectedRequests":[2.6,3.4,3.1,3.3,3.1,3.8,3.0,2.9,2.6,3.9],"runId":["Run 1","Run 2","Run 3","Run 4","Run 5","Run 6","Run 7","Run 8","Run 9","Run 10"]}