{"slackAfterALNS":0,"nInitialNotServicedExpectedRequests":[1,2,2,2,2,2,0,2,3,0],"averageObj":[2520.271929824561,2531.8458986368823,2481.303879015721,2538.2545326588343,2517.0592225756695,2481.3534343021956,2491.7882337760384,2492.2463416121886,2452.292118107659,2526.5882966348513],"slackBeforeALNS":0,"nInitialNotServicedFixedRequests":[1,1,1,1,1,1,1,1,1,1],"averageNotServicedExpectedRequests":[3.6,3.7,3.2,3.8,3.6,3.1,3.3,3.3,2.7,3.7],"runId":["Run 1","Run 2","Run 3","Run 4","Run 5","Run 6","Run 7","Run 8","Run 9","Run 10"]}