{"slackAfterALNS":0,"nInitialNotServicedExpectedRequests":[1,0,2,1,2,1,1,2,0,1],"averageObj":[4417.670944309927,4442.736868686869,4382.911538461538,4451.489981182643,4364.58692222699,4373.963734459301,4443.146005434783,4434.625490196078,4347.198050952788,4398.527450980393],"slackBeforeALNS":0,"nInitialNotServicedFixedRequests":[2,2,2,2,2,2,2,2,2,2],"averageNotServicedExpectedRequests":[2.6,2.9,2.2,3.0,2.0,2.1,2.9,2.8,1.8,2.4],"runId":["Run 1","Run 2","Run 3","Run 4","Run 5","Run 6","Run 7","Run 8","Run 9","Run 10"]}