{"slackAfterALNS":0,"nInitialNotServicedExpectedRequests":[9,7,8,11,14],"averageObj":[4898.315239292494,4630.296005930056,6802.63492083398,6929.552656055575,7808.690487842077],"slackBeforeALNS":0,"nInitialNotServicedFixedRequests":[0,0,1,1,1],"averageNotServicedExpectedRequests":[16.0,15.0,16.0,17.0,27.0],"ALNSIterations":[1660,2093,2075,1964,2101],"runId":["Run 1","Run 2","Run 3","Run 4","Run 5"]}