{"slackAfterALNS":0,"nInitialNotServicedExpectedRequests":[9,7,6,13,4],"averageObj":[13620.320521655794,7532.999627425151,12419.578586050991,15729.053869890802,10377.271062778715],"slackBeforeALNS":0,"nInitialNotServicedFixedRequests":[4,1,3,5,2],"averageNotServicedExpectedRequests":[24.0,23.0,32.0,26.0,33.0],"ALNSIterations":[1935,2090,2026,1883,1986],"runId":["Run 1","Run 2","Run 3","Run 4","Run 5"]}