{"slackAfterALNS":0,"nInitialNotServicedExpectedRequests":[7,9,4,6,4],"averageObj":[10169.793387565309,9089.480103072943,5239.814708847683,8650.871821109076,4952.222749193924],"slackBeforeALNS":0,"nInitialNotServicedFixedRequests":[3,2,0,2,0],"averageNotServicedExpectedRequests":[8.0,20.0,21.0,14.0,16.0],"ALNSIterations":[2354,2376,1888,2109,2060],"runId":["Run 1","Run 2","Run 3","Run 4","Run 5"]}