{"slackAfterALNS":0,"nInitialNotServicedExpectedRequests":[7,10,12,8,14],"averageObj":[9111.03542505673,11304.168453114782,5133.099453884313,8721.190980418072,7974.720109315813],"slackBeforeALNS":0,"nInitialNotServicedFixedRequests":[2,3,0,2,1],"averageNotServicedExpectedRequests":[20.0,22.0,21.0,16.0,30.0],"ALNSIterations":[2289,2239,2337,2173,2258],"runId":["Run 1","Run 2","Run 3","Run 4","Run 5"]}