{"slackAfterALNS":0,"nInitialNotServicedExpectedRequests":[34,34,30,33,30],"averageObj":[6685.260857934276,6795.796833715574,6584.307411386528,6364.999712488047,6271.069711933697],"slackBeforeALNS":0,"nInitialNotServicedFixedRequests":[0,0,0,0,0],"averageNotServicedExpectedRequests":[38.0,40.0,36.0,35.0,34.0],"ALNSIterations":[1655,2253,2167,2180,2201],"runId":["Run 1","Run 2","Run 3","Run 4","Run 5"]}