{"slackAfterALNS":0,"nInitialNotServicedExpectedRequests":[28,25,26,23,31],"averageObj":[6197.209348825615,5784.486842601275,6211.389280116824,5222.382549550223,6315.093207122875],"slackBeforeALNS":0,"nInitialNotServicedFixedRequests":[0,0,0,0,0],"averageNotServicedExpectedRequests":[33.0,28.0,32.0,21.0,33.0],"ALNSIterations":[1999,2039,1755,1967,1485],"runId":["Run 1","Run 2","Run 3","Run 4","Run 5"]}