{"slackAfterALNS":0,"nInitialNotServicedExpectedRequests":[24,31,24,17,21],"averageObj":[7652.877915560448,6973.268992536761,5870.491239427604,6500.842485960488,6249.410596619076],"slackBeforeALNS":0,"nInitialNotServicedFixedRequests":[0,0,0,0,0],"averageNotServicedExpectedRequests":[47.0,39.0,27.0,35.0,32.0],"ALNSIterations":[1768,1138,1880,1996,1980],"runId":["Run 1","Run 2","Run 3","Run 4","Run 5"]}