{"slackAfterALNS":0,"nInitialNotServicedExpectedRequests":[19,19,21,19,20],"averageObj":[5760.474225740662,5961.691067787787,5785.009093940388,6179.857191122451,5829.642306029461],"slackBeforeALNS":0,"nInitialNotServicedFixedRequests":[0,0,0,0,0],"averageNotServicedExpectedRequests":[27.0,29.0,27.0,32.0,28.0],"ALNSIterations":[2130,1244,1643,1399,2223],"runId":["Run 1","Run 2","Run 3","Run 4","Run 5"]}