{"slackAfterALNS":0,"nInitialNotServicedExpectedRequests":[19,15,19,22,21],"averageObj":[5232.150623986721,5080.700236246835,5696.7660985908415,6542.637591174055,5982.158889426886],"slackBeforeALNS":0,"nInitialNotServicedFixedRequests":[0,0,0,0,0],"averageNotServicedExpectedRequests":[21.0,20.0,26.0,35.0,28.0],"ALNSIterations":[2146,2200,2188,1426,1770],"runId":["Run 1","Run 2","Run 3","Run 4","Run 5"]}