{"slackAfterALNS":0,"nInitialNotServicedExpectedRequests":[19,20,22,18,22],"averageObj":[4916.017339007221,5480.859732593902,5436.4368467294635,5783.52775063705,5037.017903227728],"slackBeforeALNS":0,"nInitialNotServicedFixedRequests":[0,0,0,0,0],"averageNotServicedExpectedRequests":[19.0,24.0,24.0,28.0,20.0],"ALNSIterations":[2130,2249,1951,2179,1955],"runId":["Run 1","Run 2","Run 3","Run 4","Run 5"]}