{"slackAfterALNS":0,"nInitialNotServicedExpectedRequests":[19,15,21,19,20],"averageObj":[5799.802207431603,5688.890627693342,5767.245711064011,5861.960526009773,5461.743444388197],"slackBeforeALNS":0,"nInitialNotServicedFixedRequests":[0,0,0,0,0],"averageNotServicedExpectedRequests":[28.0,28.0,27.0,30.0,25.0],"ALNSIterations":[2242,2276,1851,2241,2246],"runId":["Run 1","Run 2","Run 3","Run 4","Run 5"]}