{"slackAfterALNS":0,"nInitialNotServicedExpectedRequests":[26,26,25,25,25],"averageObj":[6156.5744980766785,6206.887029433638,5765.024122178756,5682.449204904083,5918.524596008106],"slackBeforeALNS":0,"nInitialNotServicedFixedRequests":[0,0,0,0,0],"averageNotServicedExpectedRequests":[33.0,33.0,27.0,26.0,29.0],"ALNSIterations":[1739,2313,2270,2282,2173],"runId":["Run 1","Run 2","Run 3","Run 4","Run 5"]}