{"slackAfterALNS":0,"nInitialNotServicedExpectedRequests":[25,27,21,26,21],"averageObj":[6145.936644214625,7065.517887109994,5909.971829352595,5678.734432014295,5829.858664534549],"slackBeforeALNS":0,"nInitialNotServicedFixedRequests":[0,0,0,0,0],"averageNotServicedExpectedRequests":[34.0,43.0,29.0,27.0,29.0],"ALNSIterations":[1991,2304,2262,2215,1996],"runId":["Run 1","Run 2","Run 3","Run 4","Run 5"]}