{"slackAfterALNS":0,"nInitialNotServicedExpectedRequests":[1,1,1,1,1],"averageObj":[470.0,470.0,470.0,386.9767441860466,484.06765327695564],"slackBeforeALNS":0,"nInitialNotServicedFixedRequests":[0,0,0,0,0],"averageNotServicedExpectedRequests":[3.0,3.0,3.0,2.0,3.0],"ALNSIterations":[29253,33579,33050,36066,31925],"runId":["Run 1","Run 2","Run 3","Run 4","Run 5"]}