{"slackAfterALNS":0,"nInitialNotServicedExpectedRequests":[3,3,2,3,3],"averageObj":[486.0296846011132,486.0296846011132,471.5909090909091,470.0,486.0296846011132],"slackBeforeALNS":0,"nInitialNotServicedFixedRequests":[0,0,0,0,0],"averageNotServicedExpectedRequests":[3.0,3.0,3.0,3.0,3.0],"ALNSIterations":[30280,33241,32895,33224,34407],"runId":["Run 1","Run 2","Run 3","Run 4","Run 5"]}