{"slackAfterALNS":0,"nInitialNotServicedExpectedRequests":[8,11,6,11,12],"averageObj":[2118.5636618283684,2411.195655080214,1838.7684824314933,2409.120810150194,2333.93161003009],"slackBeforeALNS":0,"nInitialNotServicedFixedRequests":[0,0,0,0,0],"averageNotServicedExpectedRequests":[12.0,15.0,9.0,15.0,14.0],"ALNSIterations":[15059,14705,15871,12494,11173],"runId":["Run 1","Run 2","Run 3","Run 4","Run 5"]}