{"slackAfterALNS":0,"nInitialNotServicedExpectedRequests":[10,8,9,8,9],"averageObj":[2116.1039292669852,2385.7697286412395,2369.274842382609,2249.5618871550537,2700.914469104278],"slackBeforeALNS":0,"nInitialNotServicedFixedRequests":[0,0,0,0,0],"averageNotServicedExpectedRequests":[11.0,14.0,14.0,13.0,18.0],"ALNSIterations":[23431,23869,24091,23940,24094],"runId":["Run 1","Run 2","Run 3","Run 4","Run 5"]}