{"slackAfterALNS":0,"nInitialNotServicedExpectedRequests":[9,8,8,7,10],"averageObj":[2491.1550808401157,2475.5559350031913,2335.3188609228346,2407.816297855553,2429.76639425938],"slackBeforeALNS":0,"nInitialNotServicedFixedRequests":[0,0,0,0,0],"averageNotServicedExpectedRequests":[16.0,16.0,14.0,15.0,15.0],"ALNSIterations":[20126,13660,11473,14679,14466],"runId":["Run 1","Run 2","Run 3","Run 4","Run 5"]}