{"slackAfterALNS":0,"nInitialNotServicedExpectedRequests":[6,9,9,11,10],"averageObj":[2076.0512682938975,2634.3166024672505,3088.8063711381756,2525.867632560656,2524.3701682658534],"slackBeforeALNS":0,"nInitialNotServicedFixedRequests":[0,0,0,0,0],"averageNotServicedExpectedRequests":[10.0,17.0,22.0,16.0,16.0],"ALNSIterations":[13838,13984,9908,13070,10712],"runId":["Run 1","Run 2","Run 3","Run 4","Run 5"]}