{"slackAfterALNS":0,"nInitialNotServicedExpectedRequests":[9,9,10,10,10],"averageObj":[2481.6349018804763,2350.642030328804,2272.1543454269586,2175.496826299011,2259.0909273661064],"slackBeforeALNS":0,"nInitialNotServicedFixedRequests":[0,0,0,0,0],"averageNotServicedExpectedRequests":[16.0,14.0,13.0,12.0,13.0],"ALNSIterations":[15818,13453,10295,11718,14643],"runId":["Run 1","Run 2","Run 3","Run 4","Run 5"]}