{"slackAfterALNS":0,"nInitialNotServicedExpectedRequests":[12,14,11,14,12],"averageObj":[2524.63539553068,2670.7991692655487,2599.4549643141568,2788.9757591576185,2739.391363113916],"slackBeforeALNS":0,"nInitialNotServicedFixedRequests":[0,0,0,0,0],"averageNotServicedExpectedRequests":[15.0,17.0,16.0,18.0,18.0],"ALNSIterations":[11608,12577,14472,12819,11894],"runId":["Run 1","Run 2","Run 3","Run 4","Run 5"]}