{"slackAfterALNS":0,"nInitialNotServicedExpectedRequests":[1,1,1,1,1],"averageObj":[567.0909090909091,484.06765327695564,484.06765327695564,391.27695560253693,567.0909090909091],"slackBeforeALNS":0,"nInitialNotServicedFixedRequests":[0,0,0,0,0],"averageNotServicedExpectedRequests":[4.0,3.0,3.0,2.0,4.0],"ALNSIterations":[334967,369475,347701,270797,312316],"runId":["Run 1","Run 2","Run 3","Run 4","Run 5"]}