{"slackAfterALNS":0,"nInitialNotServicedExpectedRequests":[2,1,0,1,1],"averageObj":[4432.480002596689,4506.745694799659,4428.968111968759,4412.436906588721,4364.2176286741105],"slackBeforeALNS":0,"nInitialNotServicedFixedRequests":[2,2,2,2,2],"averageNotServicedExpectedRequests":[2.7,3.6,2.6,2.4,1.9],"ALNSIterations":[293281,398537,372721,336448,329049],"runId":["Run 1","Run 2","Run 3","Run 4","Run 5"]}