{"slackAfterALNS":0,"nInitialNotServicedExpectedRequests":[1,1,1,1,1],"averageObj":[2458.7686374113005,2495.4203065326965,2440.516362987503,2440.2577578671326,2536.4441457586618],"slackBeforeALNS":0,"nInitialNotServicedFixedRequests":[1,1,1,1,1],"averageNotServicedExpectedRequests":[2.9,3.2,2.6,2.7,3.8],"ALNSIterations":[286686,267433,359853,396652,379233],"runId":["Run 1","Run 2","Run 3","Run 4","Run 5"]}