{"slackAfterALNS":0,"nInitialNotServicedExpectedRequests":[0,5,1,0,2],"averageObj":[6304.725798711094,6361.745840248782,6408.940023467733,6372.528414755734,6418.203306836249],"slackBeforeALNS":0,"nInitialNotServicedFixedRequests":[3,3,3,3,3],"averageNotServicedExpectedRequests":[1.4,2.0,2.6,2.2,2.7],"ALNSIterations":[328240,251889,293356,243057,310627],"runId":["Run 1","Run 2","Run 3","Run 4","Run 5"]}