{"slackAfterALNS":0,"nInitialNotServicedExpectedRequests":[1,2,0,2,1],"averageObj":[2472.0781750888846,2433.1346153846157,2441.0429515992446,2456.869787023134,2451.1164285714285],"slackBeforeALNS":0,"nInitialNotServicedFixedRequests":[1,1,1,1,1],"averageNotServicedExpectedRequests":[3.1,2.7,2.7,2.8,2.8],"ALNSIterations":[245137,364508,367087,343208,326991],"runId":["Run 1","Run 2","Run 3","Run 4","Run 5"]}