{"slackAfterALNS":0,"nInitialNotServicedExpectedRequests":[10,7,8,11,5],"averageObj":[4735.3527057224655,4820.036871629114,2675.5779920098025,4617.730110334465,4474.240045370714],"slackBeforeALNS":0,"nInitialNotServicedFixedRequests":[1,1,0,1,1],"averageNotServicedExpectedRequests":[18.2,19.1,17.7,16.9,15.2],"ALNSIterations":[18767,20484,19660,20239,20144],"runId":["Run 1","Run 2","Run 3","Run 4","Run 5"]}