{"slackAfterALNS":0,"nInitialNotServicedExpectedRequests":[8,8,8,9,9],"averageObj":[2633.950962267062,2583.091550978891,2757.0225840299404,2704.6114691932353,2403.360819057338],"slackBeforeALNS":0,"nInitialNotServicedFixedRequests":[0,0,0,0,0],"averageNotServicedExpectedRequests":[16.7,16.6,18.7,18.0,14.6],"ALNSIterations":[37193,36916,38303,36999,37115],"runId":["Run 1","Run 2","Run 3","Run 4","Run 5"]}