{"slackAfterALNS":0,"nInitialNotServicedExpectedRequests":[8,15,8,9,6],"averageObj":[4729.708695368143,4648.7126011767305,2565.4170540202354,4567.887654973332,6347.381209434293],"slackBeforeALNS":0,"nInitialNotServicedFixedRequests":[1,1,0,1,2],"averageNotServicedExpectedRequests":[18.7,17.4,16.8,16.7,14.4],"ALNSIterations":[18047,19290,22125,19119,21019],"runId":["Run 1","Run 2","Run 3","Run 4","Run 5"]}