{"slackAfterALNS":0,"nInitialNotServicedExpectedRequests":[4,10,5,6,4],"averageObj":[2560.9637403537527,2652.768803878348,2520.034131104185,2502.6204230270846,2574.8742220855283],"slackBeforeALNS":0,"nInitialNotServicedFixedRequests":[0,0,0,0,0],"averageNotServicedExpectedRequests":[16.6,17.3,15.6,15.7,16.5],"ALNSIterations":[19068,22002,19182,21156,22036],"runId":["Run 1","Run 2","Run 3","Run 4","Run 5"]}