{"slackAfterALNS":0,"nInitialNotServicedExpectedRequests":[3,6,10,7,13],"averageObj":[4407.847412277859,2711.052653827971,2676.0751881860187,2849.0793572476414,2792.1969604343444],"slackBeforeALNS":0,"nInitialNotServicedFixedRequests":[1,0,0,0,0],"averageNotServicedExpectedRequests":[14.2,17.9,17.4,19.0,18.4],"ALNSIterations":[40385,39831,42005,39640,41490],"runId":["Run 1","Run 2","Run 3","Run 4","Run 5"]}