{"slackAfterALNS":0,"nInitialNotServicedExpectedRequests":[0,0,0,0,0],"averageObj":[304.43877551020415,200.0,200.0,200.0,214.4387755102041],"slackBeforeALNS":0,"nInitialNotServicedFixedRequests":[0,0,0,0,0],"averageNotServicedExpectedRequests":[1.0,0.0,0.0,0.0,0.0],"ALNSIterations":[366856,241673,323325,365662,354898],"runId":["Run 1","Run 2","Run 3","Run 4","Run 5"]}