{"slackAfterALNS":0,"nInitialNotServicedExpectedRequests":[3,2,3,2,4,1,3,5,3,3],"averageObj":[4189.509096459095,4183.333577533578,4200.015384615384,4186.793214675395,4196.366842905522,4184.120582120582,4180.943709004174,4187.535714285713,4197.909632735685,4195.0],"slackBeforeALNS":0,"nInitialNotServicedFixedRequests":[2,2,2,2,2,2,2,2,2,2],"averageNotServicedExpectedRequests":[2.8,2.8,2.2,2.2,2.4,2.7,2.2,2.4,2.6,2.7],"runId":["Run 1","Run 2","Run 3","Run 4","Run 5","Run 6","Run 7","Run 8","Run 9","Run 10"]}