{"slackAfterALNS":0,"nInitialNotServicedExpectedRequests":[3,2,4,4,2,3,1,4,3,2],"averageObj":[4189.930278508152,4186.657853949329,4185.588362448054,4186.821440912774,4182.577422577423,4185.307324606444,4185.913708746882,4193.356618625973,4186.880242708112,4185.176777965285],"slackBeforeALNS":0,"nInitialNotServicedFixedRequests":[2,2,2,2,2,2,2,2,2,2],"averageNotServicedExpectedRequests":[2.0,2.7,3.2,2.8,3.2,3.1,2.6,3.6,3.5,2.2],"runId":["Run 1","Run 2","Run 3","Run 4","Run 5","Run 6","Run 7","Run 8","Run 9","Run 10"]}