{"slackAfterALNS":0,"nInitialNotServicedExpectedRequests":[3,4,4,5,4,3,4,4,3,4],"averageObj":[2194.6516213351447,2198.209194737798,2195.3574874059423,2194.4818637569006,2193.2008813338784,2190.525468384075,2198.2448867188937,2196.2664832352684,2194.1763899124558,2196.5956209969363],"slackBeforeALNS":0,"nInitialNotServicedFixedRequests":[1,1,1,1,1,1,1,1,1,1],"averageNotServicedExpectedRequests":[3.5,3.0,3.7,3.2,4.0,3.9,3.2,3.8,4.3,3.4],"runId":["Run 1","Run 2","Run 3","Run 4","Run 5","Run 6","Run 7","Run 8","Run 9","Run 10"]}