{"slackAfterALNS":0,"nInitialNotServicedExpectedRequests":[1,2,2,2,2,0,1,1,3,1],"averageObj":[6171.465745607051,6170.0,6173.873246971991,6171.062801932368,6172.475598935226,6173.73611426152,6175.702898550725,6175.268566372033,6176.199375930596,6175.358234210441],"slackBeforeALNS":0,"nInitialNotServicedFixedRequests":[3,3,3,3,3,3,3,3,3,3],"averageNotServicedExpectedRequests":[2.5,1.5,1.5,1.3,1.7,1.6,1.4,1.3,1.4,1.6],"runId":["Run 1","Run 2","Run 3","Run 4","Run 5","Run 6","Run 7","Run 8","Run 9","Run 10"]}