{"slackAfterALNS":0,"nInitialNotServicedExpectedRequests":[4,2,2,2,2,1,3,2,3,3],"averageObj":[4184.933293810216,4185.475091200223,4183.167219305517,4185.326144694437,4188.181877844378,4183.405800763702,4185.581524926686,4182.277777777778,4186.1157345248475,4184.88546146766],"slackBeforeALNS":0,"nInitialNotServicedFixedRequests":[2,2,2,2,2,2,2,2,2,2],"averageNotServicedExpectedRequests":[3.2,2.9,2.3,2.4,3.2,2.2,2.4,2.6,2.6,3.4],"runId":["Run 1","Run 2","Run 3","Run 4","Run 5","Run 6","Run 7","Run 8","Run 9","Run 10"]}