{"slackAfterALNS":0,"nInitialNotServicedExpectedRequests":[5,7,8,8,13],"averageObj":[9506.136535326095,5321.200399049218,5688.111993294791,9674.665946122901,8248.008445810428],"slackBeforeALNS":0,"nInitialNotServicedFixedRequests":[2,0,0,2,1],"averageNotServicedExpectedRequests":[23.2,21.4,26.1,24.3,30.9],"ALNSIterations":[4335,4699,4795,3998,4971],"runId":["Run 1","Run 2","Run 3","Run 4","Run 5"]}