{"slackAfterALNS":0,"nInitialNotServicedExpectedRequests":[4,6,3,10,6],"averageObj":[5189.982091988784,7395.255445170088,7213.259030521501,7214.432052190428,5463.434363667552],"slackBeforeALNS":0,"nInitialNotServicedFixedRequests":[0,1,1,1,0],"averageNotServicedExpectedRequests":[20.6,22.7,20.1,20.3,23.8],"ALNSIterations":[4559,3894,4758,5302,4112],"runId":["Run 1","Run 2","Run 3","Run 4","Run 5"]}