{"slackAfterALNS":0,"nInitialNotServicedExpectedRequests":[6,6,4,4,5],"averageObj":[7316.339675857945,5742.660999027043,7729.7885235424565,7523.3943875576615,5616.1535974876915],"slackBeforeALNS":0,"nInitialNotServicedFixedRequests":[1,0,1,1,0],"averageNotServicedExpectedRequests":[20.4,25.0,25.1,23.8,24.3],"ALNSIterations":[4279,4780,4468,4796,4124],"runId":["Run 1","Run 2","Run 3","Run 4","Run 5"]}