{"slackAfterALNS":0,"nInitialNotServicedExpectedRequests":[18,19,13,14,18],"averageObj":[5552.56689562749,5534.808600620693,5443.685240249244,4755.57689922699,4942.8089893541055],"slackBeforeALNS":0,"nInitialNotServicedFixedRequests":[0,0,0,0,0],"averageNotServicedExpectedRequests":[25.0,25.0,24.0,16.0,18.0],"ALNSIterations":[4030,4063,4145,4046,3982],"runId":["Run 1","Run 2","Run 3","Run 4","Run 5"]}