{"slackAfterALNS":0,"nInitialNotServicedExpectedRequests":[17,18,16,14,15],"averageObj":[5704.126193145118,5788.384160727236,5466.239610895543,5521.238269687084,5134.265288717949],"slackBeforeALNS":0,"nInitialNotServicedFixedRequests":[0,0,0,0,0],"averageNotServicedExpectedRequests":[27.0,29.0,26.0,26.0,21.0],"ALNSIterations":[4994,4614,4591,4608,4772],"runId":["Run 1","Run 2","Run 3","Run 4","Run 5"]}