{"slackAfterALNS":0,"nInitialNotServicedExpectedRequests":[14,16,11,18,20],"averageObj":[5515.005403563197,4774.874743514714,4962.520745868434,5583.110919783117,5546.922877033913],"slackBeforeALNS":0,"nInitialNotServicedFixedRequests":[0,0,0,0,0],"averageNotServicedExpectedRequests":[25.0,17.0,17.0,24.0,25.0],"ALNSIterations":[4663,4404,4468,4397,4561],"runId":["Run 1","Run 2","Run 3","Run 4","Run 5"]}