{"slackAfterALNS":0,"nInitialNotServicedExpectedRequests":[21,20,20,24,20],"averageObj":[5655.7278629502425,5479.9731086897455,5796.9275793639035,5825.292830234329,5428.975894764423],"slackBeforeALNS":0,"nInitialNotServicedFixedRequests":[0,0,0,0,0],"averageNotServicedExpectedRequests":[26.0,24.0,28.0,29.0,24.0],"ALNSIterations":[4620,4309,4264,4272,3950],"runId":["Run 1","Run 2","Run 3","Run 4","Run 5"]}