{"slackAfterALNS":0,"nInitialNotServicedExpectedRequests":[35,31,35,33,39],"averageObj":[9016.725255933767,9130.665136191716,8876.671081416449,8262.866245649782,8341.880408159015],"slackBeforeALNS":0,"nInitialNotServicedFixedRequests":[0,0,0,0,0],"averageNotServicedExpectedRequests":[40.0,41.0,38.0,33.0,32.0],"ALNSIterations":[1101,1097,1120,1091,1141],"runId":["Run 1","Run 2","Run 3","Run 4","Run 5"]}