{"slackAfterALNS":0,"nInitialNotServicedExpectedRequests":[43,35,41,40,41],"averageObj":[9718.4907587114,9406.30731018714,9702.892867513712,8747.22432045486,9620.56788585859],"slackBeforeALNS":0,"nInitialNotServicedFixedRequests":[0,0,0,0,0],"averageNotServicedExpectedRequests":[47.0,43.0,48.0,37.0,47.0],"ALNSIterations":[1259,1190,1220,1201,1262],"runId":["Run 1","Run 2","Run 3","Run 4","Run 5"]}