{"slackAfterALNS":0,"nInitialNotServicedExpectedRequests":[7,14,11,4,10],"averageObj":[7526.496984786968,7884.919842226665,9551.859673536881,7351.026380151615,9486.31928874504],"slackBeforeALNS":0,"nInitialNotServicedFixedRequests":[1,1,2,1,2],"averageNotServicedExpectedRequests":[24.4,28.3,25.7,22.5,24.0],"ALNSIterations":[2039,2103,2039,2039,2135],"runId":["Run 1","Run 2","Run 3","Run 4","Run 5"]}