{"slackAfterALNS":0,"nInitialNotServicedExpectedRequests":[7,4,6,5,5],"averageObj":[5291.457803783772,7807.96909796351,7762.95865547446,9508.412978048096,9848.069359478435],"slackBeforeALNS":0,"nInitialNotServicedFixedRequests":[0,1,1,2,2],"averageNotServicedExpectedRequests":[20.7,27.1,26.1,24.8,27.5],"ALNSIterations":[2039,2076,1822,1961,2141],"runId":["Run 1","Run 2","Run 3","Run 4","Run 5"]}