{"slackAfterALNS":0,"nInitialNotServicedExpectedRequests":[12,2,2,8,3],"averageObj":[7710.681593281804,5726.602432782452,7212.104795651746,5738.609273104179,5623.183074919687],"slackBeforeALNS":0,"nInitialNotServicedFixedRequests":[1,0,1,0,0],"averageNotServicedExpectedRequests":[25.1,25.1,20.9,24.3,23.7],"ALNSIterations":[4386,4998,3359,5042,4450],"runId":["Run 1","Run 2","Run 3","Run 4","Run 5"]}