{"slackAfterALNS":0,"nInitialNotServicedExpectedRequests":[8,2,1,3,9],"averageObj":[7711.59785854021,5584.877896735563,5146.396741664297,7639.988080935982,5669.544654872072],"slackBeforeALNS":0,"nInitialNotServicedFixedRequests":[1,0,0,1,0],"averageNotServicedExpectedRequests":[25.1,23.3,19.4,25.0,25.1],"ALNSIterations":[5075,5068,4827,4602,4094],"runId":["Run 1","Run 2","Run 3","Run 4","Run 5"]}