{"slackAfterALNS":0,"nInitialNotServicedExpectedRequests":[9,7,11,11,8],"averageObj":[5633.823494767678,5347.544899755872,5932.7710690113,9954.766160458557,7209.1899232152155],"slackBeforeALNS":0,"nInitialNotServicedFixedRequests":[0,0,0,2,1],"averageNotServicedExpectedRequests":[24.8,21.6,27.4,28.4,20.5],"ALNSIterations":[4316,4729,4175,3449,4592],"runId":["Run 1","Run 2","Run 3","Run 4","Run 5"]}