{"slackAfterALNS":0,"nInitialNotServicedExpectedRequests":[8,3,4,4,3],"averageObj":[5398.118765942156,5164.78834400742,5210.83628396267,5346.065847358977,5211.71325845423],"slackBeforeALNS":0,"nInitialNotServicedFixedRequests":[0,0,0,0,0],"averageNotServicedExpectedRequests":[23.3,21.5,21.6,22.8,22.2],"ALNSIterations":[5787,3020,5813,5309,4479],"runId":["Run 1","Run 2","Run 3","Run 4","Run 5"]}