{"slackAfterALNS":0,"nInitialNotServicedExpectedRequests":[5,11,1,6,3],"averageObj":[7831.861742493199,7312.36941772518,7796.61900296848,5954.84181721687,5522.845158842595],"slackBeforeALNS":0,"nInitialNotServicedFixedRequests":[1,1,1,0,0],"averageNotServicedExpectedRequests":[27.1,21.4,26.7,28.0,23.5],"ALNSIterations":[3634,5343,3231,4298,4327],"runId":["Run 1","Run 2","Run 3","Run 4","Run 5"]}