{"slackAfterALNS":0,"nInitialNotServicedExpectedRequests":[2,1,4,2,2],"averageObj":[7044.045660701389,5385.431000668481,7319.750475341747,5001.257785140189,5291.796260873511],"slackBeforeALNS":0,"nInitialNotServicedFixedRequests":[1,0,1,0,0],"averageNotServicedExpectedRequests":[18.7,22.7,21.3,17.8,21.1],"ALNSIterations":[5317,3610,3845,4582,3816],"runId":["Run 1","Run 2","Run 3","Run 4","Run 5"]}