{"slackAfterALNS":0,"nInitialNotServicedExpectedRequests":[3,6,5,8,6],"averageObj":[5635.708429464341,5103.295846511259,5392.096116346113,5503.492076543816,5156.533984810477],"slackBeforeALNS":0,"nInitialNotServicedFixedRequests":[0,0,0,0,0],"averageNotServicedExpectedRequests":[24.8,19.6,22.6,24.4,20.3],"ALNSIterations":[5208,5927,5653,4405,5125],"runId":["Run 1","Run 2","Run 3","Run 4","Run 5"]}