{"slackAfterALNS":0,"nInitialNotServicedExpectedRequests":[5,8,8,3,11],"averageObj":[5247.565760740201,7181.324139640336,9507.388478759385,5290.215729768117,7322.973892412364],"slackBeforeALNS":0,"nInitialNotServicedFixedRequests":[0,1,2,0,1],"averageNotServicedExpectedRequests":[20.8,19.7,23.3,22.1,21.9],"ALNSIterations":[4171,5676,3063,4450,4730],"runId":["Run 1","Run 2","Run 3","Run 4","Run 5"]}