{"slackAfterALNS":0,"nInitialNotServicedExpectedRequests":[1,8,3,7,5],"averageObj":[7330.534677091857,9120.320632140169,5437.799025915325,7642.9979060010255,7778.233421776063],"slackBeforeALNS":0,"nInitialNotServicedFixedRequests":[1,2,0,1,1],"averageNotServicedExpectedRequests":[22.0,19.7,23.0,24.9,25.7],"ALNSIterations":[4369,3179,4568,4942,4533],"runId":["Run 1","Run 2","Run 3","Run 4","Run 5"]}