{"slackAfterALNS":0,"nInitialNotServicedExpectedRequests":[45,45,61,46,54,33,47,63,41,50],"averageObj":[5216.856693404595,5183.2482363533,7160.5114977980575,3218.1631705469817,5259.511053048662,3297.112362923014,5223.597495697699,3230.5264361890704,3223.7961838498786,5226.7215253441855],"slackBeforeALNS":0,"nInitialNotServicedFixedRequests":[1,1,2,0,1,0,1,0,0,1],"averageNotServicedExpectedRequests":[49.4,48.5,54.1,55.7,52.7,36.6,50.7,55.9,52.7,48.8],"runId":["Run 1","Run 2","Run 3","Run 4","Run 5","Run 6","Run 7","Run 8","Run 9","Run 10"]}