{"slackAfterALNS":0,"nInitialNotServicedExpectedRequests":[44,35,47,56,45,52,39,44,32,30],"averageObj":[9238.207425455554,7201.624402467074,7242.122405902152,9204.749080201957,9231.014163102707,5204.640892985683,7238.463909200902,11247.848612931084,5215.979434288611,11204.451885252161],"slackBeforeALNS":0,"nInitialNotServicedFixedRequests":[3,2,2,3,3,1,2,4,1,4],"averageNotServicedExpectedRequests":[47.2,36.3,43.1,46.2,35.2,47.4,39.7,40.1,36.7,39.9],"runId":["Run 1","Run 2","Run 3","Run 4","Run 5","Run 6","Run 7","Run 8","Run 9","Run 10"]}