{"slackAfterALNS":0,"nInitialNotServicedExpectedRequests":[44,37,42,46,41,36,34,41,38,26],"averageObj":[11251.782274765781,7337.809094163214,3240.906957129321,11240.040045684142,7263.087030365799,5267.265057803717,9286.179247472619,13177.096672302509,9253.141129668418,7316.159915647014],"slackBeforeALNS":0,"nInitialNotServicedFixedRequests":[4,2,0,4,2,1,3,5,3,2],"averageNotServicedExpectedRequests":[43.4,38.0,46.4,48.7,45.8,43.3,41.2,45.6,38.7,34.2],"runId":["Run 1","Run 2","Run 3","Run 4","Run 5","Run 6","Run 7","Run 8","Run 9","Run 10"]}