{"slackAfterALNS":0,"nInitialNotServicedExpectedRequests":[43,46,40,38,47,38,37,50,43,55],"averageObj":[5290.975530138888,7307.3901075166405,5262.294888988832,7206.869253579271,3339.2413417892503,7306.526241949298,7317.406528021602,7224.390618286068,9232.100741478274,7250.367626720088],"slackBeforeALNS":0,"nInitialNotServicedFixedRequests":[1,2,1,2,0,2,2,2,3,2],"averageNotServicedExpectedRequests":[38.9,43.0,43.3,37.9,45.8,39.6,41.9,53.1,45.7,44.8],"runId":["Run 1","Run 2","Run 3","Run 4","Run 5","Run 6","Run 7","Run 8","Run 9","Run 10"]}