{"slackAfterALNS":0,"nInitialNotServicedExpectedRequests":[38,49,48,44,38,52,48,30,43,45],"averageObj":[7399.965611661549,7277.698424265934,13301.173644448654,9286.606299884468,15286.317833149229,5288.958629827341,9295.110325805126,9365.89070648536,9298.453222850863,13316.738707993583],"slackBeforeALNS":0,"nInitialNotServicedFixedRequests":[2,2,5,3,6,1,3,3,3,5],"averageNotServicedExpectedRequests":[40.8,43.9,53.2,43.9,42.5,49.3,48.3,40.4,49.7,42.6],"runId":["Run 1","Run 2","Run 3","Run 4","Run 5","Run 6","Run 7","Run 8","Run 9","Run 10"]}