{"slackAfterALNS":0,"nInitialNotServicedExpectedRequests":[33,53,39,54,45,35,43,42,27,44],"averageObj":[5349.920541726839,7217.798838070432,5312.839955514441,7186.449970942844,5281.764334679518,3302.072912417624,11206.68017586091,5280.735579423713,7339.724595459935,7200.015165013337],"slackBeforeALNS":0,"nInitialNotServicedFixedRequests":[1,2,1,2,1,0,4,1,2,2],"averageNotServicedExpectedRequests":[36.6,38.6,42.4,48.3,45.4,39.4,42.7,37.0,41.0,43.8],"runId":["Run 1","Run 2","Run 3","Run 4","Run 5","Run 6","Run 7","Run 8","Run 9","Run 10"]}