{"slackAfterALNS":0,"nInitialNotServicedExpectedRequests":[48,44,53,42,38,56,43,43,46,40],"averageObj":[3262.067633589202,5247.777901693643,3237.0279211232614,3241.9071386441256,3229.497708834574,3173.327044697239,3226.097457728252,3241.521956577614,3240.419461681169,5258.655265769948],"slackBeforeALNS":0,"nInitialNotServicedFixedRequests":[0,1,0,0,0,0,0,0,0,1],"averageNotServicedExpectedRequests":[43.8,47.9,48.9,46.0,45.2,52.2,51.4,40.0,49.1,44.6],"runId":["Run 1","Run 2","Run 3","Run 4","Run 5","Run 6","Run 7","Run 8","Run 9","Run 10"]}