{"slackAfterALNS":0,"nInitialNotServicedExpectedRequests":[36,47,49,42,45,55,37,38,51,31],"averageObj":[3320.737103453983,9244.877845469007,9289.874061937222,13263.711626770228,11246.046238563595,9201.289837173212,15263.586053760742,13277.543184339233,11226.08227253679,7323.64166300325],"slackBeforeALNS":0,"nInitialNotServicedFixedRequests":[0,3,3,5,4,3,6,5,4,2],"averageNotServicedExpectedRequests":[40.9,45.2,47.6,46.2,43.0,51.0,40.4,39.5,46.2,39.5],"runId":["Run 1","Run 2","Run 3","Run 4","Run 5","Run 6","Run 7","Run 8","Run 9","Run 10"]}