{"slackAfterALNS":0,"nInitialNotServicedExpectedRequests":[44,40,32,44,44,47,51,45,33,42],"averageObj":[3179.065029769611,3279.9697707664063,3214.9641375738033,3237.7401069057214,3193.9419148650263,3248.259769503289,3227.9110845489854,3258.674454724838,3265.5371185719964,3225.410712772934],"slackBeforeALNS":0,"nInitialNotServicedFixedRequests":[0,0,0,0,0,0,0,0,0,0],"averageNotServicedExpectedRequests":[49.3,47.3,42.1,40.5,47.4,41.7,53.1,41.3,37.6,44.0],"runId":["Run 1","Run 2","Run 3","Run 4","Run 5","Run 6","Run 7","Run 8","Run 9","Run 10"]}