{"slackAfterALNS":0,"nInitialNotServicedExpectedRequests":[48,52,41,54,47,44,51,58,46,48],"averageObj":[19139.100508412048,13167.244940775625,19223.70575528617,13220.412532734234,19217.625940372334,13270.492217040694,15209.313607151616,19174.1915392213,19191.45348348644,15234.412217608498],"slackBeforeALNS":0,"nInitialNotServicedFixedRequests":[8,5,8,5,8,5,6,8,8,6],"averageNotServicedExpectedRequests":[44.8,51.4,56.2,49.9,44.6,52.7,46.6,53.3,48.5,51.9],"runId":["Run 1","Run 2","Run 3","Run 4","Run 5","Run 6","Run 7","Run 8","Run 9","Run 10"]}