{"slackAfterALNS":0,"nInitialNotServicedExpectedRequests":[9,15,14,12,14],"averageObj":[4395.900587611215,2954.356317770296,4599.570041310569,2717.545883410966,4632.958600210324],"slackBeforeALNS":0,"nInitialNotServicedFixedRequests":[1,0,1,0,1],"averageNotServicedExpectedRequests":[14.9,20.8,16.6,17.7,17.0],"ALNSIterations":[21607,25779,19390,18997,16369],"runId":["Run 1","Run 2","Run 3","Run 4","Run 5"]}