{"slackAfterALNS":0,"nInitialNotServicedExpectedRequests":[6,7,8,5,5],"averageObj":[2801.0696937832768,2618.3751956401597,2803.9197576527336,2722.7642838697693,4528.211701828333],"slackBeforeALNS":0,"nInitialNotServicedFixedRequests":[0,0,0,0,1],"averageNotServicedExpectedRequests":[18.8,16.7,18.9,18.0,15.7],"ALNSIterations":[14353,15201,19034,19690,17361],"runId":["Run 1","Run 2","Run 3","Run 4","Run 5"]}