{
    "slackAfterALNS": 133.0,
    "nInitialNotServicedExpectedRequests": [
        43,
        44,
        32,
        44,
        41,
        30,
        33,
        34,
        33,
        45
    ],
    "averageObj": [
        7254.795991203055,
        5342.710342839348,
        5229.126679058359,
        7289.697214093956,
        7240.891084674305,
        9249.91821924864,
        7321.451373312664,
        3341.9928763414005,
        7303.221751906698,
        5347.801672508829
    ],
    "slackBeforeALNS": 3449.0,
    "nInitialNotServicedFixedRequests": [
        2,
        1,
        1,
        2,
        2,
        3,
        2,
        0,
        2,
        1
    ],
    "averageNotServicedExpectedRequests": [
        40.7,
        41.7,
        40.1,
        48.1,
        42.9,
        42.2,
        38.7,
        43.3,
        36.9,
        42.2
    ],
    "runId": [
        "Run 1",
        "Run 2",
        "Run 3",
        "Run 4",
        "Run 5",
        "Run 6",
        "Run 7",
        "Run 8",
        "Run 9",
        "Run 10"
    ]
}