{"slackAfterALNS":11.0,"nInitialNotServicedExpectedRequests":[38,28,40,26,28,30,37,41,40,48],"averageObj":[9260.523540899694,7230.036646864477,9275.97718257625,7336.346333702879,9293.832934025708,7311.874709434072,7417.879776306554,7273.469035909812,11221.275688946725,7239.355926429589],"slackBeforeALNS":3810.0,"nInitialNotServicedFixedRequests":[3,2,3,2,3,2,2,2,4,2],"averageNotServicedExpectedRequests":[38.4,41.3,41.9,37.0,40.4,41.8,42.7,43.1,39.0,37.3],"runId":["Run 1","Run 2","Run 3","Run 4","Run 5","Run 6","Run 7","Run 8","Run 9","Run 10"]}