{
    "slackAfterALNS": 196.0,
    "nInitialNotServicedExpectedRequests": [
        42,
        56,
        54,
        52,
        34,
        38,
        46,
        33,
        41,
        36
    ],
    "averageObj": [
        11296.548847297036,
        11272.31603322555,
        11239.83438355742,
        13200.532881214476,
        9321.761378477453,
        9309.967850751163,
        15243.201058502058,
        13270.96915420752,
        11333.804793566505,
        15229.600913755847
    ],
    "slackBeforeALNS": 2800.0,
    "nInitialNotServicedFixedRequests": [
        4,
        4,
        4,
        5,
        3,
        3,
        6,
        5,
        4,
        6
    ],
    "averageNotServicedExpectedRequests": [
        42.2,
        42.0,
        52.2,
        50.8,
        44.5,
        41.9,
        48.9,
        37.6,
        43.4,
        43.3
    ],
    "runId": [
        "Run 1",
        "Run 2",
        "Run 3",
        "Run 4",
        "Run 5",
        "Run 6",
        "Run 7",
        "Run 8",
        "Run 9",
        "Run 10"
    ]
}