{"slackAfterALNS":66.0,"nInitialNotServicedExpectedRequests":[57,49,41,54,48,52,38,49,50,49],"averageObj":[3189.0164226448114,3256.0443109879543,3255.8847521923262,3238.6119818133193,5208.965057339111,5161.9915234833115,3275.8559938563294,5220.322890140581,3212.5827221446784,5188.808090869345],"slackBeforeALNS":2462.0,"nInitialNotServicedFixedRequests":[0,0,0,0,1,1,0,1,0,1],"averageNotServicedExpectedRequests":[55.5,53.9,44.6,51.2,45.5,57.5,44.3,50.1,48.6,51.0],"runId":["Run 1","Run 2","Run 3","Run 4","Run 5","Run 6","Run 7","Run 8","Run 9","Run 10"]}