{"slackAfterALNS":0.0,"nInitialNotServicedExpectedRequests":[41,50,49,39,45,48,39,49,30,45],"averageObj":[5291.667739328681,7360.813380973517,9224.258587999055,9327.40370323456,5299.439293267475,9288.3969583601,7314.655036848136,11257.38060154909,11288.037012274832,3306.576760847038],"slackBeforeALNS":2732.0,"nInitialNotServicedFixedRequests":[1,2,3,3,1,3,2,4,4,0],"averageNotServicedExpectedRequests":[46.1,42.8,44.7,47.0,44.1,45.9,45.5,52.9,45.3,43.7],"runId":["Run 1","Run 2","Run 3","Run 4","Run 5","Run 6","Run 7","Run 8","Run 9","Run 10"]}