{"slackAfterALNS":70.0,"nInitialNotServicedExpectedRequests":[45,54,51,51,52,47,38,60,35,41],"averageObj":[17225.47981720854,11221.79998210245,21186.29436852414,11266.279731170613,13272.920518469986,15339.968366370176,17234.779443027,17172.697102592214,17276.417532300322,13273.515882795196],"slackBeforeALNS":2340.0,"nInitialNotServicedFixedRequests":[7,4,9,4,5,6,7,7,7,5],"averageNotServicedExpectedRequests":[47.3,51.7,50.7,46.9,46.9,45.8,45.6,52.4,47.4,52.3],"runId":["Run 1","Run 2","Run 3","Run 4","Run 5","Run 6","Run 7","Run 8","Run 9","Run 10"]}