{"slackAfterALNS":7.0,"nInitialNotServicedExpectedRequests":[46,44,37,51,40,40,41,42,41,31],"averageObj":[7294.9581901753945,5268.255957263949,7222.881184640409,9234.24867303488,5229.409211137611,7225.383730674752,7130.790045187309,5280.077285338422,5217.550463830122,3228.7224049033657],"slackBeforeALNS":3148.0,"nInitialNotServicedFixedRequests":[2,1,2,3,1,2,2,1,1,0],"averageNotServicedExpectedRequests":[39.5,42.5,43.8,45.2,44.5,38.0,42.5,36.3,45.9,38.0],"runId":["Run 1","Run 2","Run 3","Run 4","Run 5","Run 6","Run 7","Run 8","Run 9","Run 10"]}