{"slackAfterALNS":144.0,"nInitialNotServicedExpectedRequests":[32,41,46,32,39,35,39,43,46,36],"averageObj":[5281.378840788843,5255.252485025312,5261.5544255114055,7255.993079174872,3287.519810860409,5271.165128923457,7199.502257367235,5252.788005194234,7250.228073460178,5287.761403634882],"slackBeforeALNS":2969.0,"nInitialNotServicedFixedRequests":[1,1,1,2,0,1,2,1,2,1],"averageNotServicedExpectedRequests":[31.9,41.9,40.6,41.1,41.5,31.2,42.9,37.4,38.9,35.1],"runId":["Run 1","Run 2","Run 3","Run 4","Run 5","Run 6","Run 7","Run 8","Run 9","Run 10"]}