{"slackAfterALNS":102.0,"nInitialNotServicedExpectedRequests":[49,62,41,51,44,45,47,47,50,43],"averageObj":[3235.451154188496,3210.6042813746926,3252.4186403459853,3260.460091166677,3223.4021125772942,3194.4113308589326,3258.3946906633746,3205.3050827368897,3214.768995776475,3238.4102216434953],"slackBeforeALNS":2639.0,"nInitialNotServicedFixedRequests":[0,0,0,0,0,0,0,0,0,0],"averageNotServicedExpectedRequests":[46.3,55.7,40.1,49.4,48.4,45.1,45.3,48.8,54.3,45.3],"runId":["Run 1","Run 2","Run 3","Run 4","Run 5","Run 6","Run 7","Run 8","Run 9","Run 10"]}