{"slackAfterALNS":0,"nInitialNotServicedExpectedRequests":[21,16,24,18,19],"averageObj":[6102.898863836106,6331.471685568101,6147.542809012275,5758.06986852754,6075.971014987114],"slackBeforeALNS":0,"nInitialNotServicedFixedRequests":[0,0,0,0,0],"averageNotServicedExpectedRequests":[31.4,33.9,32.4,27.1,30.7],"ALNSIterations":[4305,4312,4365,4271,4390],"runId":["Run 1","Run 2","Run 3","Run 4","Run 5"]}