{"slackAfterALNS":0,"nInitialNotServicedExpectedRequests":[19,25,19,19,23],"averageObj":[6352.4891394876395,5971.648302840795,6231.682597697252,6148.200353548426,5675.543540825956],"slackBeforeALNS":0,"nInitialNotServicedFixedRequests":[0,0,0,0,0],"averageNotServicedExpectedRequests":[33.4,29.2,31.8,31.0,26.8],"ALNSIterations":[3852,4142,4323,4217,4183],"runId":["Run 1","Run 2","Run 3","Run 4","Run 5"]}