{"slackAfterALNS":0,"nInitialNotServicedExpectedRequests":[18,21,20,21,19],"averageObj":[6342.230880449236,6093.151742555985,5860.395040278292,5953.564121509003,5892.260430167489],"slackBeforeALNS":0,"nInitialNotServicedFixedRequests":[0,0,0,0,0],"averageNotServicedExpectedRequests":[33.3,30.1,27.7,29.2,28.4],"ALNSIterations":[3959,4174,4416,4500,4260],"runId":["Run 1","Run 2","Run 3","Run 4","Run 5"]}