{"slackAfterALNS":0,"nInitialNotServicedExpectedRequests":[20,24,22,20,20],"averageObj":[6175.624459828832,6184.81209147801,5696.28466933425,5942.803975358054,6065.332822789308],"slackBeforeALNS":0,"nInitialNotServicedFixedRequests":[0,0,0,0,0],"averageNotServicedExpectedRequests":[31.1,30.6,26.6,28.1,30.5],"ALNSIterations":[4021,4048,3820,4101,3910],"runId":["Run 1","Run 2","Run 3","Run 4","Run 5"]}