{"slackAfterALNS":0,"nInitialNotServicedExpectedRequests":[47,50,50,47,51],"averageObj":[12315.966280618713,12402.666825845094,12533.013445369466,12065.325949752569,12324.543799406501],"slackBeforeALNS":0,"nInitialNotServicedFixedRequests":[1,1,1,1,1],"averageNotServicedExpectedRequests":[56.0,55.0,57.0,51.0,55.0],"ALNSIterations":[666,898,575,822,752],"runId":["Run 1","Run 2","Run 3","Run 4","Run 5"]}