{"slackAfterALNS":0,"nInitialNotServicedExpectedRequests":[31,34,34,37,30],"averageObj":[9427.536220802222,10185.83620575143,9005.41677304136,9194.881475691802,8505.588681721827],"slackBeforeALNS":0,"nInitialNotServicedFixedRequests":[0,0,0,0,0],"averageNotServicedExpectedRequests":[46.0,54.0,40.0,42.0,33.0],"ALNSIterations":[898,894,829,663,876],"runId":["Run 1","Run 2","Run 3","Run 4","Run 5"]}