{"slackAfterALNS":0,"nInitialNotServicedExpectedRequests":[48,45,47,49,47],"averageObj":[10668.429960856041,9570.271336744512,10066.471968609123,10123.665209307042,10031.686699612374],"slackBeforeALNS":0,"nInitialNotServicedFixedRequests":[0,0,0,0,0],"averageNotServicedExpectedRequests":[58.0,46.0,52.0,53.0,50.0],"ALNSIterations":[965,953,954,871,837],"runId":["Run 1","Run 2","Run 3","Run 4","Run 5"]}