{"slackAfterALNS":0,"nInitialNotServicedExpectedRequests":[33,43,43,43,42],"averageObj":[9824.27205717677,10806.591011626932,9272.681533733894,10425.578848740714,10474.420886403752],"slackBeforeALNS":0,"nInitialNotServicedFixedRequests":[0,0,0,0,0],"averageNotServicedExpectedRequests":[48.0,59.0,43.0,55.0,53.0],"ALNSIterations":[859,844,841,837,835],"runId":["Run 1","Run 2","Run 3","Run 4","Run 5"]}