{"slackAfterALNS":0,"nInitialNotServicedExpectedRequests":[37,43,33,42,41],"averageObj":[9311.555053187085,9959.727637222313,9178.052518040087,9106.595188854842,9329.08268354395],"slackBeforeALNS":0,"nInitialNotServicedFixedRequests":[0,0,0,0,0],"averageNotServicedExpectedRequests":[43.0,50.0,40.0,40.0,42.0],"ALNSIterations":[851,849,789,755,728],"runId":["Run 1","Run 2","Run 3","Run 4","Run 5"]}