{"slackAfterALNS":0,"nInitialNotServicedExpectedRequests":[40,33,44,35,37],"averageObj":[9436.664542281074,9230.815064828801,10046.877672510831,9651.032818989699,8496.992220044225],"slackBeforeALNS":0,"nInitialNotServicedFixedRequests":[0,0,0,0,0],"averageNotServicedExpectedRequests":[45.0,42.0,52.0,47.0,34.0],"ALNSIterations":[898,903,875,802,854],"runId":["Run 1","Run 2","Run 3","Run 4","Run 5"]}