{"slackAfterALNS":0,"nInitialNotServicedExpectedRequests":[52,51,52,51,48],"averageObj":[9942.761007136583,9486.29015122091,9896.917043207535,9904.01869939263,10682.940689723688],"slackBeforeALNS":0,"nInitialNotServicedFixedRequests":[0,0,0,0,0],"averageNotServicedExpectedRequests":[51.0,46.0,49.0,50.0,59.0],"ALNSIterations":[746,506,894,882,884],"runId":["Run 1","Run 2","Run 3","Run 4","Run 5"]}