{"slackAfterALNS":0,"nInitialNotServicedExpectedRequests":[43,43,37,45,34],"averageObj":[9330.397192749033,9039.007111418929,9266.023949686902,9636.872834132968,9412.917449194823],"slackBeforeALNS":0,"nInitialNotServicedFixedRequests":[0,0,0,0,0],"averageNotServicedExpectedRequests":[43.0,39.0,43.0,46.0,44.0],"ALNSIterations":[904,509,877,877,867],"runId":["Run 1","Run 2","Run 3","Run 4","Run 5"]}