{"slackAfterALNS":0,"nInitialNotServicedExpectedRequests":[33,47,40,33,37],"averageObj":[9224.166163821254,7118.899090746489,7541.3932417138585,8908.729932909557,7353.693298793298],"slackBeforeALNS":0,"nInitialNotServicedFixedRequests":[1,0,0,1,0],"averageNotServicedExpectedRequests":[43.0,42.0,46.0,39.0,44.0],"ALNSIterations":[192,206,204,201,198],"runId":["Run 1","Run 2","Run 3","Run 4","Run 5"]}