{"slackAfterALNS":0,"nInitialNotServicedExpectedRequests":[30,29,29,31,36],"averageObj":[6863.046580047479,5525.536795642613,5969.839160213319,6373.486072296292,6813.980242589654],"slackBeforeALNS":0,"nInitialNotServicedFixedRequests":[0,0,0,0,0],"averageNotServicedExpectedRequests":[40.0,25.0,30.0,34.0,41.0],"ALNSIterations":[220,244,240,237,163],"runId":["Run 1","Run 2","Run 3","Run 4","Run 5"]}