{"slackAfterALNS":0,"nInitialNotServicedExpectedRequests":[36,35,31,37,36],"averageObj":[6320.546392965336,6081.054424885304,5715.11418288629,6275.983910906745,6680.226447823006],"slackBeforeALNS":0,"nInitialNotServicedFixedRequests":[0,0,0,0,0],"averageNotServicedExpectedRequests":[34.0,30.0,27.0,33.0,37.0],"ALNSIterations":[109,188,220,214,143],"runId":["Run 1","Run 2","Run 3","Run 4","Run 5"]}