{"slackAfterALNS":0,"nInitialNotServicedExpectedRequests":[37,33,31,35,29],"averageObj":[6898.597016774691,6080.6760399947825,6642.5782161922125,6624.112701634125,5703.005224170811],"slackBeforeALNS":0,"nInitialNotServicedFixedRequests":[0,0,0,0,0],"averageNotServicedExpectedRequests":[41.0,32.0,37.0,38.0,27.0],"ALNSIterations":[223,225,235,231,235],"runId":["Run 1","Run 2","Run 3","Run 4","Run 5"]}