{"slackAfterALNS":0,"nInitialNotServicedExpectedRequests":[41,38,39,41,29],"averageObj":[6953.196315403367,6573.39342042809,6623.137160864009,6397.133580135839,6032.540228472138],"slackBeforeALNS":0,"nInitialNotServicedFixedRequests":[0,0,0,0,0],"averageNotServicedExpectedRequests":[41.0,36.0,37.0,35.0,31.0],"ALNSIterations":[210,178,130,129,206],"runId":["Run 1","Run 2","Run 3","Run 4","Run 5"]}