{"slackAfterALNS":0,"nInitialNotServicedExpectedRequests":[32,29,33,27,22],"averageObj":[9556.244237135545,13958.99225552908,7581.424936300211,7699.01289295545,11249.427331177383],"slackBeforeALNS":0,"nInitialNotServicedFixedRequests":[2,4,1,1,3],"averageNotServicedExpectedRequests":[24.0,29.0,25.0,26.0,20.0],"ALNSIterations":[199,224,217,212,217],"runId":["Run 1","Run 2","Run 3","Run 4","Run 5"]}