{"slackAfterALNS":0,"nInitialNotServicedExpectedRequests":[29,30,30,30,28],"averageObj":[6014.22949419001,5753.755435874508,6581.726492697593,6857.438065253222,6462.701274938977],"slackBeforeALNS":0,"nInitialNotServicedFixedRequests":[0,0,0,0,0],"averageNotServicedExpectedRequests":[29.0,27.0,36.0,39.0,33.0],"ALNSIterations":[110,221,227,215,209],"runId":["Run 1","Run 2","Run 3","Run 4","Run 5"]}