{"slackAfterALNS":0,"nInitialNotServicedExpectedRequests":[21,29,39,37,30],"averageObj":[7619.763933884057,6269.000538778148,6600.8573245906755,6909.096908508276,6184.225857948478],"slackBeforeALNS":0,"nInitialNotServicedFixedRequests":[1,0,0,0,0],"averageNotServicedExpectedRequests":[26.0,33.0,37.0,40.0,31.0],"ALNSIterations":[222,158,132,129,208],"runId":["Run 1","Run 2","Run 3","Run 4","Run 5"]}