{"slackAfterALNS":0,"nInitialNotServicedExpectedRequests":[32,24,25,26,27],"averageObj":[6027.9082697522235,8116.489039698265,7428.21323667799,6350.811761289789,6556.349350740607],"slackBeforeALNS":0,"nInitialNotServicedFixedRequests":[0,1,1,0,0],"averageNotServicedExpectedRequests":[30.0,31.0,22.0,33.0,36.0],"ALNSIterations":[206,216,219,221,219],"runId":["Run 1","Run 2","Run 3","Run 4","Run 5"]}