{"slackAfterALNS":0,"nInitialNotServicedExpectedRequests":[27,34,28,28,27],"averageObj":[6264.856524568786,6219.790542263124,6133.7860859466455,5591.716493329898,6275.334050040989],"slackBeforeALNS":0,"nInitialNotServicedFixedRequests":[0,0,0,0,0],"averageNotServicedExpectedRequests":[34.0,34.0,32.0,26.0,34.0],"ALNSIterations":[211,224,235,230,217],"runId":["Run 1","Run 2","Run 3","Run 4","Run 5"]}