{"slackAfterALNS":0,"nInitialNotServicedExpectedRequests":[5,8,8,9,12],"averageObj":[5444.613031291852,9822.697437444911,5872.553064524953,7421.832188936251,7857.554428068672],"slackBeforeALNS":0,"nInitialNotServicedFixedRequests":[0,2,0,1,1],"averageNotServicedExpectedRequests":[22.8,26.8,27.8,22.2,26.7],"ALNSIterations":[2948,4341,4562,4027,4187],"runId":["Run 1","Run 2","Run 3","Run 4","Run 5"]}