{"slackAfterALNS":0,"nInitialNotServicedExpectedRequests":[7,7,3,3,6],"averageObj":[9744.592580923205,7588.201630765575,7539.16744370705,7567.86591868297,9173.786254681283],"slackBeforeALNS":0,"nInitialNotServicedFixedRequests":[2,1,1,1,2],"averageNotServicedExpectedRequests":[25.3,23.9,23.4,23.7,18.7],"ALNSIterations":[4250,2886,2453,3537,3970],"runId":["Run 1","Run 2","Run 3","Run 4","Run 5"]}