{"slackAfterALNS":0,"nInitialNotServicedExpectedRequests":[3,8,5,13,5],"averageObj":[5696.193085424496,7786.548590496939,7513.730092173457,7650.851546889583,7552.896956954838],"slackBeforeALNS":0,"nInitialNotServicedFixedRequests":[0,1,1,1,1],"averageNotServicedExpectedRequests":[25.6,27.3,24.6,25.7,25.0],"ALNSIterations":[2988,4638,5071,4398,4744],"runId":["Run 1","Run 2","Run 3","Run 4","Run 5"]}