{"slackAfterALNS":0,"nInitialNotServicedExpectedRequests":[4,2,9,4,4],"averageObj":[5424.0051073856275,5349.594948687981,7131.379550243904,5808.964264764399,5542.75741189041],"slackBeforeALNS":0,"nInitialNotServicedFixedRequests":[0,0,1,0,0],"averageNotServicedExpectedRequests":[22.1,21.3,19.0,26.7,23.5],"ALNSIterations":[4624,4710,4561,4287,2414],"runId":["Run 1","Run 2","Run 3","Run 4","Run 5"]}