{"slackAfterALNS":0,"nInitialNotServicedExpectedRequests":[7,5,13,8,9],"averageObj":[7233.829171730795,5985.937689700568,13464.445569308027,5713.698715754682,5762.558304299909],"slackBeforeALNS":0,"nInitialNotServicedFixedRequests":[1,0,4,0,0],"averageNotServicedExpectedRequests":[20.8,28.8,23.9,26.4,26.7],"ALNSIterations":[4335,4645,4432,4644,5011],"runId":["Run 1","Run 2","Run 3","Run 4","Run 5"]}