{"slackAfterALNS":0,"nInitialNotServicedExpectedRequests":[4,0,4,4,8],"averageObj":[5098.560824255721,6220.8460100392485,5473.7654855294,4663.545193605424,6903.664781872483],"slackBeforeALNS":0,"nInitialNotServicedFixedRequests":[0,1,0,0,1],"averageNotServicedExpectedRequests":[18.0,9.0,23.0,13.0,16.0],"ALNSIterations":[4350,4202,4220,4274,4324],"runId":["Run 1","Run 2","Run 3","Run 4","Run 5"]}