{"slackAfterALNS":0,"nInitialNotServicedExpectedRequests":[3,1,3,4,3],"averageObj":[5002.017267668039,4006.1494523740375,4594.307594768992,9239.879209724646,4484.9286616292875],"slackBeforeALNS":0,"nInitialNotServicedFixedRequests":[0,0,0,2,0],"averageNotServicedExpectedRequests":[18.0,7.0,13.0,20.0,12.0],"ALNSIterations":[3936,5387,3908,3898,4116],"runId":["Run 1","Run 2","Run 3","Run 4","Run 5"]}