{"slackAfterALNS":0,"nInitialNotServicedExpectedRequests":[0,2,3,1,2,2,1,2,0,2],"averageObj":[469.56565286929816,495.40835492696726,479.4753792418587,495.7013451603983,432.25674695275984,492.29138691138104,502.13252048131073,400.0692716640085,481.26045075839,465.02832512315274],"slackBeforeALNS":0,"nInitialNotServicedFixedRequests":[0,0,0,0,0,0,0,0,0,0],"averageNotServicedExpectedRequests":[2.9,3.2,3.0,3.2,2.5,3.2,3.3,2.2,3.0,2.9],"runId":["Run 1","Run 2","Run 3","Run 4","Run 5","Run 6","Run 7","Run 8","Run 9","Run 10"]}