{"slackAfterALNS":0,"nInitialNotServicedExpectedRequests":[2,0,0,2,3,1,2,3,1,1],"averageObj":[474.31059991538825,571.3588071133339,536.0941187200333,500.85645435188115,563.0426221668196,529.4925245486221,477.4900496146176,554.5130729781697,508.2458604491512,522.7994380754312],"slackBeforeALNS":0,"nInitialNotServicedFixedRequests":[0,0,0,0,0,0,0,0,0,0],"averageNotServicedExpectedRequests":[3.0,4.1,3.7,3.3,4.0,3.6,3.0,3.9,3.3,3.5],"runId":["Run 1","Run 2","Run 3","Run 4","Run 5","Run 6","Run 7","Run 8","Run 9","Run 10"]}