{"slackAfterALNS":0,"nInitialNotServicedExpectedRequests":[0,1,0,0,3,3,1,0,3,1],"averageObj":[484.6033254867786,588.2696145434663,495.40664138177937,550.2400067966527,627.0760975090484,488.23150880594676,630.5676812840865,565.2919571062642,497.97011438028846,531.0043363267773],"slackBeforeALNS":0,"nInitialNotServicedFixedRequests":[0,0,0,0,0,0,0,0,0,0],"averageNotServicedExpectedRequests":[3.0,4.3,3.2,3.8,4.7,3.1,4.7,4.0,3.2,3.6],"runId":["Run 1","Run 2","Run 3","Run 4","Run 5","Run 6","Run 7","Run 8","Run 9","Run 10"]}