{"slackAfterALNS":0,"nInitialNotServicedExpectedRequests":[0,1,0,1,0,0,1,3,2,1],"averageObj":[401.8501621185831,547.5114262963082,493.6917786353632,508.8821903242956,488.5810699949273,465.48708115166755,604.4995566261695,433.47099668121274,598.5124135287405,508.94109175760724],"slackBeforeALNS":0,"nInitialNotServicedFixedRequests":[0,0,0,0,0,0,0,0,0,0],"averageNotServicedExpectedRequests":[2.2,3.8,3.2,3.4,2.9,2.9,4.4,2.5,4.4,3.4],"runId":["Run 1","Run 2","Run 3","Run 4","Run 5","Run 6","Run 7","Run 8","Run 9","Run 10"]}