{"slackAfterALNS":0,"nInitialNotServicedExpectedRequests":[1,2,3,2,5,2,0,3,2,3],"averageObj":[510.19541740461784,691.1129541572498,468.7567957993694,408.1614130823024,538.467556395599,618.2431893264077,618.3056778323551,571.8417563645505,680.6869876186034,572.2526299819467],"slackBeforeALNS":0,"nInitialNotServicedFixedRequests":[0,0,0,0,0,0,0,0,0,0],"averageNotServicedExpectedRequests":[3.3,5.4,2.8,2.1,3.7,4.6,4.6,4.1,5.2,4.0],"runId":["Run 1","Run 2","Run 3","Run 4","Run 5","Run 6","Run 7","Run 8","Run 9","Run 10"]}