{"slackAfterALNS":0,"nInitialNotServicedExpectedRequests":[1,1,1,0,1,1,1,0,1,0],"averageObj":[2483.31401430247,2480.3022340754483,2449.918781764684,2423.231687032969,2459.250666174914,2417.8258753539585,2508.8700283873754,2425.757404535958,2573.2878156834445,2505.521136463869],"slackBeforeALNS":0,"nInitialNotServicedFixedRequests":[1,1,1,1,1,1,1,1,1,1],"averageNotServicedExpectedRequests":[3.1,3.1,2.8,2.5,2.9,2.4,3.4,2.5,4.1,3.4],"runId":["Run 1","Run 2","Run 3","Run 4","Run 5","Run 6","Run 7","Run 8","Run 9","Run 10"]}