{"slackAfterALNS":0,"nInitialNotServicedExpectedRequests":[1,1,0,0,2],"averageObj":[2433.373795267525,2511.617727596524,2471.8963900582303,2440.5464661291867,2508.2419618178446],"slackBeforeALNS":0,"nInitialNotServicedFixedRequests":[1,1,1,1,1],"averageNotServicedExpectedRequests":[2.6,3.5,3.0,2.7,3.4],"ALNSIterations":[298055,352982,352170,313898,315716],"runId":["Run 1","Run 2","Run 3","Run 4","Run 5"]}