{"slackAfterALNS":0,"nInitialNotServicedExpectedRequests":[0,1,5,0,0,4,0,0,1,0],"averageObj":[1566.7881863656273,1559.9638689039205,1525.4662705996293,1417.1947701783674,1515.6969314706744,1571.66306361921,1607.708653382583,1484.020077253254,1579.09630768168,1458.8656517695424],"slackBeforeALNS":0,"nInitialNotServicedFixedRequests":[0,0,0,0,0,0,0,0,0,0],"averageNotServicedExpectedRequests":[5.9,5.7,5.3,4.1,5.4,5.7,6.3,4.9,6.1,4.8],"runId":["Run 1","Run 2","Run 3","Run 4","Run 5","Run 6","Run 7","Run 8","Run 9","Run 10"]}