{"slackAfterALNS":0,"nInitialNotServicedExpectedRequests":[0,0,0,3,1,2,0,0,0,2],"averageObj":[1444.0693644269663,1775.345269961052,1668.597427719905,1660.3566274382647,1713.3189927934,1520.8511667456055,1765.8840907810154,1423.520336410748,1715.2175222997107,1624.251304620813],"slackBeforeALNS":0,"nInitialNotServicedFixedRequests":[0,0,0,0,0,0,0,0,0,0],"averageNotServicedExpectedRequests":[4.4,8.3,6.9,7.0,7.5,5.5,8.1,4.4,7.6,6.6],"runId":["Run 1","Run 2","Run 3","Run 4","Run 5","Run 6","Run 7","Run 8","Run 9","Run 10"]}