{"slackAfterALNS":0,"nInitialNotServicedExpectedRequests":[0,1,0,0,0,0,1,0,0,2],"averageObj":[1598.1906246112865,1462.299426553329,1393.926995874993,1383.815316477359,1546.0029008189554,1374.5756239306043,1513.2379727534403,1416.1742167626296,1491.712742987997,1572.6635781496784],"slackBeforeALNS":0,"nInitialNotServicedFixedRequests":[0,0,0,0,0,0,0,0,0,0],"averageNotServicedExpectedRequests":[6.4,4.9,4.1,4.0,5.8,3.9,5.4,4.4,5.3,6.1],"runId":["Run 1","Run 2","Run 3","Run 4","Run 5","Run 6","Run 7","Run 8","Run 9","Run 10"]}