{"slackAfterALNS":0,"nInitialNotServicedExpectedRequests":[12,12,12,13,12],"averageObj":[2581.590380714621,2574.7425582080746,2658.184363667948,2586.6296775120295,2940.854206556268],"slackBeforeALNS":0,"nInitialNotServicedFixedRequests":[0,0,0,0,0],"averageNotServicedExpectedRequests":[17.0,17.0,18.0,17.0,21.0],"ALNSIterations":[2241,1373,1360,1622,2177],"runId":["Run 1","Run 2","Run 3","Run 4","Run 5"]}