{"slackAfterALNS":0,"nInitialNotServicedExpectedRequests":[11,12,13,13,12],"averageObj":[2561.358765683064,2678.620212692312,2409.545015259849,2681.4306871828517,2582.916107543245],"slackBeforeALNS":0,"nInitialNotServicedFixedRequests":[0,0,0,0,0],"averageNotServicedExpectedRequests":[16.0,17.0,15.0,18.0,17.0],"ALNSIterations":[1511,1686,1473,2445,2652],"runId":["Run 1","Run 2","Run 3","Run 4","Run 5"]}