{"slackAfterALNS":0,"nInitialNotServicedExpectedRequests":[17,17,15,10,14],"averageObj":[4704.6209696296255,3207.499289362879,4707.708970016677,2810.311482582722,4860.629670356743],"slackBeforeALNS":0,"nInitialNotServicedFixedRequests":[1,0,1,0,1],"averageNotServicedExpectedRequests":[17.0,23.0,18.0,18.0,19.0],"ALNSIterations":[1130,1537,1557,2289,1504],"runId":["Run 1","Run 2","Run 3","Run 4","Run 5"]}