{"slackAfterALNS":0,"nInitialNotServicedExpectedRequests":[13,19,22,20,15],"averageObj":[2702.645228845141,2850.7170350942106,2970.085531488628,3001.259187620148,2551.6551309373826],"slackBeforeALNS":0,"nInitialNotServicedFixedRequests":[0,0,0,0,0],"averageNotServicedExpectedRequests":[18.0,20.0,21.0,20.0,16.0],"ALNSIterations":[2351,2481,2332,2124,2316],"runId":["Run 1","Run 2","Run 3","Run 4","Run 5"]}