{"slackAfterALNS":0,"nInitialNotServicedExpectedRequests":[17,17,17,17,16],"averageObj":[2643.512067762316,2672.328124741573,2608.929169965428,2561.5548286705007,2639.0156965147867],"slackBeforeALNS":0,"nInitialNotServicedFixedRequests":[0,0,0,0,0],"averageNotServicedExpectedRequests":[18.0,18.0,17.0,17.0,18.0],"ALNSIterations":[2481,2638,2451,2447,1725],"runId":["Run 1","Run 2","Run 3","Run 4","Run 5"]}