{"slackAfterALNS":0,"nInitialNotServicedExpectedRequests":[11,11,13,14,11],"averageObj":[2172.981810322334,2641.5221652478112,2684.810140839553,2312.3895783511944,2217.4760629865314],"slackBeforeALNS":0,"nInitialNotServicedFixedRequests":[0,0,0,0,0],"averageNotServicedExpectedRequests":[12.0,17.0,18.0,14.0,13.0],"ALNSIterations":[2526,2458,2437,1846,2620],"runId":["Run 1","Run 2","Run 3","Run 4","Run 5"]}