{"slackAfterALNS":0,"nInitialNotServicedExpectedRequests":[12,12,10,12,12],"averageObj":[2574.1966129834923,2319.5096397029542,2134.3995045446322,2483.0015535462626,2136.739782252185],"slackBeforeALNS":0,"nInitialNotServicedFixedRequests":[0,0,0,0,0],"averageNotServicedExpectedRequests":[17.0,14.0,12.0,16.0,12.0],"ALNSIterations":[1190,2277,2587,2322,1696],"runId":["Run 1","Run 2","Run 3","Run 4","Run 5"]}