{"slackAfterALNS":0,"nInitialNotServicedExpectedRequests":[13,12,13,12,10],"averageObj":[2580.822371843198,2232.2667075549193,2763.374085684431,2604.881634556078,2189.445266242262],"slackBeforeALNS":0,"nInitialNotServicedFixedRequests":[0,0,0,0,0],"averageNotServicedExpectedRequests":[17.0,13.0,19.0,17.0,12.0],"ALNSIterations":[1229,2723,2720,1940,2468],"runId":["Run 1","Run 2","Run 3","Run 4","Run 5"]}