{"slackAfterALNS":0,"nInitialNotServicedExpectedRequests":[12,12,13,13,13],"averageObj":[2605.9454241589997,2780.9640721137685,2381.525861778147,2748.8509826277627,2548.7309354382487],"slackBeforeALNS":0,"nInitialNotServicedFixedRequests":[0,0,0,0,0],"averageNotServicedExpectedRequests":[17.0,19.0,14.0,18.0,16.0],"ALNSIterations":[2249,2339,2085,1957,1173],"runId":["Run 1","Run 2","Run 3","Run 4","Run 5"]}