{"slackAfterALNS":0,"nInitialNotServicedExpectedRequests":[14,22,15,16,20],"averageObj":[2503.4749997747854,5081.06086079533,4582.598826530202,2437.84178965598,2825.501609697068],"slackBeforeALNS":0,"nInitialNotServicedFixedRequests":[0,1,1,0,0],"averageNotServicedExpectedRequests":[15.0,22.0,17.0,14.0,19.0],"ALNSIterations":[2221,1343,1355,1514,2364],"runId":["Run 1","Run 2","Run 3","Run 4","Run 5"]}