{"slackAfterALNS":0,"nInitialNotServicedExpectedRequests":[13,5,6,7,4],"averageObj":[7294.498043147863,4913.914424743744,4168.955406435111,4898.768754446354,4660.387148285953],"slackBeforeALNS":0,"nInitialNotServicedFixedRequests":[1,0,0,0,0],"averageNotServicedExpectedRequests":[20.0,17.0,8.0,16.0,14.0],"ALNSIterations":[3759,4177,4658,4097,4518],"runId":["Run 1","Run 2","Run 3","Run 4","Run 5"]}