{"slackAfterALNS":0,"nInitialNotServicedExpectedRequests":[7,9,5,4,8],"averageObj":[5237.175910569326,5357.93991899598,4598.638069249792,4707.299834112704,4902.956040591581],"slackBeforeALNS":0,"nInitialNotServicedFixedRequests":[0,0,0,0,0],"averageNotServicedExpectedRequests":[21.0,22.0,15.0,16.0,18.0],"ALNSIterations":[4531,4807,5007,4590,4869],"runId":["Run 1","Run 2","Run 3","Run 4","Run 5"]}