{"slackAfterALNS":0,"nInitialNotServicedExpectedRequests":[3,7,3,7,2],"averageObj":[4637.5221506822845,4409.295723991913,5085.232745831206,4848.783573947848,5414.4682707660895],"slackBeforeALNS":0,"nInitialNotServicedFixedRequests":[0,0,0,0,0],"averageNotServicedExpectedRequests":[16.0,13.0,20.0,18.0,25.0],"ALNSIterations":[4609,4641,4467,4201,5081],"runId":["Run 1","Run 2","Run 3","Run 4","Run 5"]}