{"slackAfterALNS":0,"nInitialNotServicedExpectedRequests":[8,4,4,3,4],"averageObj":[12928.82271579903,6359.016908057601,4208.409310059052,8739.456649726751,6464.450291010632],"slackBeforeALNS":0,"nInitialNotServicedFixedRequests":[4,1,0,2,1],"averageNotServicedExpectedRequests":[17.0,12.0,9.0,16.0,13.0],"ALNSIterations":[4372,4436,4842,4720,4512],"runId":["Run 1","Run 2","Run 3","Run 4","Run 5"]}