{"runId":["Run 1","Run 2","Run 3","Run 4","Run 5"],"averageObj":[22704.607924809632,27075.254268823024,19313.795831054198,23320.25724661338,21354.606318513757],"averageNotServicedExpectedRequests":[34.7,21.4,21.9,21.9,22.2],"nInitialNotServicedFixedRequests":[8,11,7,9,8],"nInitialNotServicedExpectedRequests":[35,13,3,8,12],"ALNSIterations":[143,288,227,165,280]}