{"slackAfterALNS":0,"nInitialNotServicedExpectedRequests":[0,1,0,1,0,2,0,0,1,1],"averageObj":[1484.9793990098456,1363.5728082777573,1562.9473915516678,1416.3314668297571,1473.6214289029062,1391.6440589561576,1576.880074584065,1423.3385387090773,1404.957276438218,1344.2861510154294],"slackBeforeALNS":0,"nInitialNotServicedFixedRequests":[0,0,0,0,0,0,0,0,0,0],"averageNotServicedExpectedRequests":[5.0,3.7,5.9,4.3,5.0,4.0,6.1,4.4,4.0,3.6],"runId":["Run 1","Run 2","Run 3","Run 4","Run 5","Run 6","Run 7","Run 8","Run 9","Run 10"]}