{"slackAfterALNS":0,"nInitialNotServicedExpectedRequests":[0,0,0,0,0,1,0,0,1,0],"averageObj":[1432.181494874499,1242.3675961723025,1395.981528761646,1404.2544182671354,1277.6388805121678,1321.5942910551948,1415.5047512794856,1286.6386237209401,1396.9268333770365,1405.8456389295247],"slackBeforeALNS":0,"nInitialNotServicedFixedRequests":[0,0,0,0,0,0,0,0,0,0],"averageNotServicedExpectedRequests":[4.6,2.4,4.2,4.2,2.9,3.3,4.3,3.0,4.3,4.4],"runId":["Run 1","Run 2","Run 3","Run 4","Run 5","Run 6","Run 7","Run 8","Run 9","Run 10"]}