{"slackAfterALNS":0,"nInitialNotServicedExpectedRequests":[0,0,1,1,1,0,1,1,0,0],"averageObj":[1399.0694061842448,1301.6093445543295,1475.7099053035552,1321.270790438171,1498.630324056639,1530.8019799010813,1475.7708967871783,1521.6910474791225,1355.9259754746013,1289.5137521606891],"slackBeforeALNS":0,"nInitialNotServicedFixedRequests":[0,0,0,0,0,0,0,0,0,0],"averageNotServicedExpectedRequests":[4.1,3.2,5.1,3.4,5.3,5.6,5.1,5.4,3.7,3.1],"runId":["Run 1","Run 2","Run 3","Run 4","Run 5","Run 6","Run 7","Run 8","Run 9","Run 10"]}