{"slackAfterALNS":0,"nInitialNotServicedExpectedRequests":[0,0,0,1,0,0,0,0,0,0],"averageObj":[1463.5359654516017,1512.4318375491007,1298.739344703334,1429.1545979134944,1603.209995509717,1302.7063290707033,1412.7253878231875,1389.8303014182634,1519.65184632193,1411.277855279874],"slackBeforeALNS":0,"nInitialNotServicedFixedRequests":[0,0,0,0,0,0,0,0,0,0],"averageNotServicedExpectedRequests":[4.7,5.3,3.0,4.3,6.2,3.1,4.3,4.1,5.3,4.1],"runId":["Run 1","Run 2","Run 3","Run 4","Run 5","Run 6","Run 7","Run 8","Run 9","Run 10"]}