{"slackAfterALNS":0,"nInitialNotServicedExpectedRequests":[0,0,5,0,0,0,0,0,0,3],"averageObj":[1538.7058061345656,1407.655766661455,1477.7555796032875,1517.8316528249484,1541.5845266000265,1404.4093734845146,1474.1619291665343,1610.555555999545,1493.5469191500963,1525.4237381145551],"slackBeforeALNS":0,"nInitialNotServicedFixedRequests":[0,0,0,0,0,0,0,0,0,0],"averageNotServicedExpectedRequests":[5.8,4.3,5.0,5.4,5.8,4.3,5.1,6.5,5.3,5.7],"runId":["Run 1","Run 2","Run 3","Run 4","Run 5","Run 6","Run 7","Run 8","Run 9","Run 10"]}