{"slackAfterALNS":0,"nInitialNotServicedExpectedRequests":[0,0,0,1,0,1,0,1,0,1],"averageObj":[1379.2754013455192,1466.1172243330043,1381.447500296039,1670.8439935401984,1378.1973097419316,1339.2533813161797,1390.2573887898684,1411.5486404178787,1511.5823305328115,1267.6722128993056],"slackBeforeALNS":0,"nInitialNotServicedFixedRequests":[0,0,0,0,0,0,0,0,0,0],"averageNotServicedExpectedRequests":[3.9,5.0,4.0,7.1,4.0,3.4,4.1,4.3,5.2,2.8],"runId":["Run 1","Run 2","Run 3","Run 4","Run 5","Run 6","Run 7","Run 8","Run 9","Run 10"]}