{"slackAfterALNS":0,"nInitialNotServicedExpectedRequests":[0,0,1,0,1,0,0,0,0,0],"averageObj":[1384.7453551899748,1310.8108970588123,1367.5860831975333,1516.5473163599474,1439.448514661388,1451.043458166701,1243.8568516556754,1504.9402617323565,1420.6581596286271,1399.978197164002],"slackBeforeALNS":0,"nInitialNotServicedFixedRequests":[0,0,0,0,0,0,0,0,0,0],"averageNotServicedExpectedRequests":[4.0,3.3,3.8,5.4,4.7,4.7,2.5,5.4,4.3,4.1],"runId":["Run 1","Run 2","Run 3","Run 4","Run 5","Run 6","Run 7","Run 8","Run 9","Run 10"]}