ScenarioName,TotalElapsedTime,AverageResponseTime,EventsInsertedByALNS,nTaxi,TotalCost,TotalDistance,TotalIdleTime,TotalIdleTimeWithCustomer,TotalRideTime,TotalDirectRideTime,TotalActualRideTime,nOfflineRequests,UnservicedOfflineRequest,nOnlineRequests,UnservicedOnlineRequests,AveragePercentRideSharing,ExcessRideTimePrServicedRequest,TotalEmptyRelocationTime,TotalNumberOfRequestsOverlapIdleVehicle,TotalDriveTimeToNearestIdleVehicle
Gen_Data_500_0.7_1_Run5,3743.46,7.49,27,71,75600.12934073547,19525.366711057482,8390,39,30150,8942,9752,0,0,500,71,5.546,1.62,7057,480,10219
Gen_Data_500_0.7_2_Run5,3968.63,7.94,22,96,100329.26026175305,20481.573346749403,7294,60,29867,9188,10074,0,0,500,96,4.901,1.772,8149,472,10216
Gen_Data_500_0.7_3_Run5,3673.94,7.35,21,70,74482.49297487544,19412.531288827053,8224,14,29866,8894,9551,0,0,500,70,3.955,1.314,7064,472,11503
Gen_Data_500_0.7_4_Run5,3744.76,7.49,22,70,74569.06131574023,19991.74998594124,9146,53,31377,9037,9732,0,0,500,70,4.58,1.39,8120,473,10272
Gen_Data_500_0.7_5_Run5,3877.63,7.75,20,70,74478.03217724152,19406.362906912662,8180,78,29807,8781,9352,0,0,500,70,3.944,1.142,8025,476,9515
Gen_Data_500_0.7_6_Run5,3884.07,7.77,17,81,85403.18232633844,19143.563908519285,9879,49,31200,8730,9375,0,0,500,81,4.697,1.29,7215,479,11272
Gen_Data_500_0.7_7_Run5,3792.99,7.59,23,72,76508.9222584176,19178.087027598092,9854,57,31260,8918,9587,0,0,500,72,5.467,1.338,7396,489,10470
Gen_Data_500_0.7_9_Run5,4123.2,8.25,10,102,106080.26755803003,18795.523422775233,10527,0,31389,8376,8754,0,0,500,102,2.43,0.756,8331,491,10334
Gen_Data_500_0.7_10_Run5,4057.29,8.11,29,82,86343.46448391934,19802.695888432405,8268,28,30246,8903,9404,0,0,500,82,4.38,1.002,7989,481,10816
