{"slackAfterALNS":0,"nInitialNotServicedExpectedRequests":[18,22,18,19,18],"averageObj":[6230.645388820103,6023.329677878222,6011.861214892117,6271.464556436178,6318.328502042402],"slackBeforeALNS":0,"nInitialNotServicedFixedRequests":[0,0,0,0,0],"averageNotServicedExpectedRequests":[33.3,31.3,31.6,34.4,34.4],"ALNSIterations":[4936,5010,4606,5111,5603],"runId":["Run 1","Run 2","Run 3","Run 4","Run 5"]}