{"slackAfterALNS":0,"nInitialNotServicedExpectedRequests":[0,1,1,0,1],"averageObj":[6324.008794392553,6332.579464869281,6394.153725490197,6412.123741804416,6468.960784313726],"slackBeforeALNS":0,"nInitialNotServicedFixedRequests":[3,3,3,3,3],"averageNotServicedExpectedRequests":[1.6,1.7,2.4,2.6,3.3],"ALNSIterations":[329386,388056,333952,358060,394317],"runId":["Run 1","Run 2","Run 3","Run 4","Run 5"]}