{"slackAfterALNS":0,"nInitialNotServicedExpectedRequests":[12,15,10,9,8],"averageObj":[7626.7304452791195,15653.849581788727,7013.548926177102,4905.089914469855,9154.341032254977],"slackBeforeALNS":0,"nInitialNotServicedFixedRequests":[1,5,1,0,2],"averageNotServicedExpectedRequests":[25.0,26.0,18.0,17.0,20.0],"ALNSIterations":[4626,4875,4545,4656,4742],"runId":["Run 1","Run 2","Run 3","Run 4","Run 5"]}