{"slackAfterALNS":0,"nInitialNotServicedExpectedRequests":[13,6,14,10,12],"averageObj":[7061.138452964953,7027.931049424429,9381.965618851455,7424.815202608066,9693.735461396453],"slackBeforeALNS":0,"nInitialNotServicedFixedRequests":[1,1,2,1,2],"averageNotServicedExpectedRequests":[20.0,20.0,22.0,23.0,27.0],"ALNSIterations":[3623,4428,3779,3592,3730],"runId":["Run 1","Run 2","Run 3","Run 4","Run 5"]}