{"slackAfterALNS":0,"nInitialNotServicedExpectedRequests":[1,1,0,0,1],"averageObj":[430.52524162045995,434.64165067339127,414.32476154576216,425.0219898003162,415.8415018395648],"slackBeforeALNS":0,"nInitialNotServicedFixedRequests":[0,0,0,0,0],"averageNotServicedExpectedRequests":[2.5,2.5,2.3,2.4,2.3],"ALNSIterations":[566449,670706,594495,648711,553291],"runId":["Run 1","Run 2","Run 3","Run 4","Run 5"]}