{"slackAfterALNS":0,"nInitialNotServicedExpectedRequests":[1,0,1,1,1],"averageObj":[445.4064449064449,435.62034739454094,400.99909641275866,436.3905782741848,402.49497354497356],"slackBeforeALNS":0,"nInitialNotServicedFixedRequests":[0,0,0,0,0],"averageNotServicedExpectedRequests":[2.7,2.6,2.2,2.6,2.2],"ALNSIterations":[728058,668907,742086,734090,701297],"runId":["Run 1","Run 2","Run 3","Run 4","Run 5"]}