{"slackAfterALNS":0,"nInitialNotServicedExpectedRequests":[0,2,0,2,1],"averageObj":[6309.036823807538,6427.936274509805,6353.048503611973,6381.289522058824,6336.663982259571],"slackBeforeALNS":0,"nInitialNotServicedFixedRequests":[3,3,3,3,3],"averageNotServicedExpectedRequests":[1.4,2.8,2.0,2.3,1.8],"ALNSIterations":[747317,774321,783761,859010,762870],"runId":["Run 1","Run 2","Run 3","Run 4","Run 5"]}