{"slackAfterALNS":0,"nInitialNotServicedExpectedRequests":[4,4,3,1,1],"averageObj":[6457.1050815444405,6448.784656267411,6435.799525988885,6420.026932319634,6446.778158467517],"slackBeforeALNS":0,"nInitialNotServicedFixedRequests":[3,3,3,3,3],"averageNotServicedExpectedRequests":[2.8,2.7,2.6,2.4,2.7],"ALNSIterations":[740223,685769,784083,805945,784670],"runId":["Run 1","Run 2","Run 3","Run 4","Run 5"]}