{"slackAfterALNS":0,"nInitialNotServicedExpectedRequests":[0,0,1,0,1,1,0,1,0,2],"averageObj":[1364.6341594409062,1370.3914405927894,1423.7445265545819,1433.8699813334451,1473.2306841924074,1517.645961022413,1413.9519626058166,1464.9878709321567,1400.3422063701685,1505.19360640987],"slackBeforeALNS":0,"nInitialNotServicedFixedRequests":[0,0,0,0,0,0,0,0,0,0],"averageNotServicedExpectedRequests":[3.9,3.9,4.2,4.5,4.9,5.4,4.3,4.9,4.1,5.3],"runId":["Run 1","Run 2","Run 3","Run 4","Run 5","Run 6","Run 7","Run 8","Run 9","Run 10"]}