{"slackAfterALNS":0,"nInitialNotServicedExpectedRequests":[0,2,1,2,1,2,0,1,0,0],"averageObj":[1311.897631109661,1383.966228892885,1461.116327934239,1455.903452223422,1394.6982567929033,1540.2234118259057,1292.1159342235253,1305.1202797760118,1407.2348439609523,1661.4608638581376],"slackBeforeALNS":0,"nInitialNotServicedFixedRequests":[0,0,0,0,0,0,0,0,0,0],"averageNotServicedExpectedRequests":[3.2,4.1,4.7,4.8,4.2,5.6,3.0,3.1,4.2,6.9],"runId":["Run 1","Run 2","Run 3","Run 4","Run 5","Run 6","Run 7","Run 8","Run 9","Run 10"]}