{"slackAfterALNS":0,"nInitialNotServicedExpectedRequests":[0,0,0,1,0,0,0,0,0,0],"averageObj":[1441.2008731700846,1442.3352348127191,1506.2343779718553,1292.6275257698312,1445.2568386366527,1292.3569387875239,1464.20827965877,1345.037568087113,1307.200993357995,1438.1615762906463],"slackBeforeALNS":0,"nInitialNotServicedFixedRequests":[0,0,0,0,0,0,0,0,0,0],"averageNotServicedExpectedRequests":[4.7,4.7,5.3,3.0,4.7,3.0,4.8,3.6,3.3,4.6],"runId":["Run 1","Run 2","Run 3","Run 4","Run 5","Run 6","Run 7","Run 8","Run 9","Run 10"]}