{"slackAfterALNS":0,"nInitialNotServicedExpectedRequests":[0,4,1,6,1,0,1,3,1,4],"averageObj":[1517.1740772027883,1463.2636467392088,1310.7303449425235,1327.6496469542917,1515.8719304978154,1444.5653546490928,1379.282339404253,1460.6192617644926,1494.6641778989142,1328.151309975396],"slackBeforeALNS":0,"nInitialNotServicedFixedRequests":[0,0,0,0,0,0,0,0,0,0],"averageNotServicedExpectedRequests":[5.5,4.8,3.2,3.4,5.6,4.7,4.1,4.8,5.3,3.3],"runId":["Run 1","Run 2","Run 3","Run 4","Run 5","Run 6","Run 7","Run 8","Run 9","Run 10"]}