{"slackAfterALNS":0,"nInitialNotServicedExpectedRequests":[0,2,1,1,0,3,0,2,2,2],"averageObj":[1429.0449640718819,1560.9810536844755,1412.9756181816879,1372.121083189263,1495.0635912648322,1484.4293519980565,1523.9256776329362,1492.7995723222307,1547.4502808495022,1485.3944016576247],"slackBeforeALNS":0,"nInitialNotServicedFixedRequests":[0,0,0,0,0,0,0,0,0,0],"averageNotServicedExpectedRequests":[4.6,5.9,4.0,3.8,5.1,4.8,5.4,5.1,5.7,4.9],"runId":["Run 1","Run 2","Run 3","Run 4","Run 5","Run 6","Run 7","Run 8","Run 9","Run 10"]}