{"slackAfterALNS":0,"nInitialNotServicedExpectedRequests":[0,0,0,0,1,0,0,0,0,0],"averageObj":[1364.3349399740232,1460.2284642010454,1395.924288214408,1354.266598501955,1434.5420952232714,1503.8787970248045,1576.6554742708809,1679.3766947839736,1424.0315540908691,1536.1720623209285],"slackBeforeALNS":0,"nInitialNotServicedFixedRequests":[0,0,0,0,0,0,0,0,0,0],"averageNotServicedExpectedRequests":[3.6,4.8,4.1,3.5,4.5,5.1,5.9,7.1,4.5,5.6],"runId":["Run 1","Run 2","Run 3","Run 4","Run 5","Run 6","Run 7","Run 8","Run 9","Run 10"]}