{"slackAfterALNS":0,"nInitialNotServicedExpectedRequests":[3,3,7,3,6],"averageObj":[7246.614573993929,5364.627763799324,11609.900973597567,5175.308334405579,5262.620691917029],"slackBeforeALNS":0,"nInitialNotServicedFixedRequests":[1,0,3,0,0],"averageNotServicedExpectedRequests":[21.6,22.9,24.5,20.3,21.5],"ALNSIterations":[4289,4175,4435,4392,4384],"runId":["Run 1","Run 2","Run 3","Run 4","Run 5"]}