{"slackAfterALNS":0,"nInitialNotServicedExpectedRequests":[58,66,73,70,70,56,62,68,72,60],"averageObj":[14058.586712053788,13195.71711278179,14141.371490146154,14300.86530832983,14267.124207013952,13109.160771415878,13525.393973544877,14980.265938553344,13874.434448207594,14020.890011371052],"slackBeforeALNS":0,"nInitialNotServicedFixedRequests":[1,1,1,1,1,1,1,1,1,1],"averageNotServicedExpectedRequests":[70.0,61.0,72.0,74.0,72.0,61.0,65.0,82.0,70.0,71.0],"ALNSIterations":[923,736,875,776,812,848,849,813,859,708],"runId":["Run 1","Run 2","Run 3","Run 4","Run 5","Run 6","Run 7","Run 8","Run 9","Run 10"]}