{"slackAfterALNS":0,"nInitialNotServicedExpectedRequests":[63,78,53,69,60,42,60,56,74,73],"averageObj":[11259.047183626213,14892.16822824263,13487.08155275109,13976.249167258055,11255.874959997514,11186.705343671068,11822.19487936233,11744.208979214816,15083.42166987294,14552.58789168447],"slackBeforeALNS":0,"nInitialNotServicedFixedRequests":[0,1,1,1,0,0,0,0,1,1],"averageNotServicedExpectedRequests":[62.0,81.0,65.0,73.0,62.0,62.0,70.0,68.0,82.0,77.0],"ALNSIterations":[1070,802,864,918,894,887,919,876,574,784],"runId":["Run 1","Run 2","Run 3","Run 4","Run 5","Run 6","Run 7","Run 8","Run 9","Run 10"]}