{"slackAfterALNS":0,"nInitialNotServicedExpectedRequests":[73,63,58,61,48,64,51,70,57,54],"averageObj":[14212.21338469927,16874.23830548124,13511.808882342386,14058.204060767082,13483.681727061801,14158.214337645451,13333.987929301311,14727.18606074392,15172.244890482612,13628.36323124007],"slackBeforeALNS":0,"nInitialNotServicedFixedRequests":[1,2,1,1,1,1,1,1,2,1],"averageNotServicedExpectedRequests":[75.0,84.0,67.0,74.0,66.0,74.0,66.0,81.0,64.0,69.0],"ALNSIterations":[684,873,948,798,958,956,880,949,944,954],"runId":["Run 1","Run 2","Run 3","Run 4","Run 5","Run 6","Run 7","Run 8","Run 9","Run 10"]}