{"slackAfterALNS":0,"nInitialNotServicedExpectedRequests":[50,57,63,58,55,57,57,57,54,42],"averageObj":[12439.73572063964,13119.753147386928,13421.060804409673,13333.037504087337,12899.490598436694,14051.582769961835,13231.533137064627,12998.406459340666,12054.118866722694,12890.42082752727],"slackBeforeALNS":0,"nInitialNotServicedFixedRequests":[1,1,1,1,1,1,1,1,1,1],"averageNotServicedExpectedRequests":[56.0,63.0,67.0,65.0,60.0,71.0,65.0,63.0,52.0,60.0],"ALNSIterations":[655,970,613,901,666,958,839,723,593,970],"runId":["Run 1","Run 2","Run 3","Run 4","Run 5","Run 6","Run 7","Run 8","Run 9","Run 10"]}