{"slackAfterALNS":0,"nInitialNotServicedExpectedRequests":[59,50,69,63,75,70,59,61,56,54],"averageObj":[11207.08326279481,11367.597223209008,11798.988892457013,11805.067104661935,11725.86273989313,12501.795693239203,10641.898000189574,11770.488192888097,13267.069883266206,11565.610033509822],"slackBeforeALNS":0,"nInitialNotServicedFixedRequests":[0,0,0,0,0,0,0,0,1,0],"averageNotServicedExpectedRequests":[63.0,66.0,72.0,71.0,70.0,80.0,58.0,71.0,65.0,68.0],"ALNSIterations":[1077,972,615,975,957,624,767,873,970,893],"runId":["Run 1","Run 2","Run 3","Run 4","Run 5","Run 6","Run 7","Run 8","Run 9","Run 10"]}