{"slackAfterALNS":0,"nInitialNotServicedExpectedRequests":[64,66,56,58,65,65,62,69,72,76],"averageObj":[14463.147454873877,12181.579022087173,12402.868782921321,13506.800484510622,12132.918710860251,11838.221744578075,12041.17061235213,14737.776700267885,12008.757864322235,12702.071948021568],"slackBeforeALNS":0,"nInitialNotServicedFixedRequests":[1,0,0,1,0,0,0,1,0,0],"averageNotServicedExpectedRequests":[78.0,75.0,77.0,68.0,74.0,70.0,71.0,80.0,71.0,80.0],"ALNSIterations":[997,756,910,869,915,924,680,693,923,714],"runId":["Run 1","Run 2","Run 3","Run 4","Run 5","Run 6","Run 7","Run 8","Run 9","Run 10"]}