{"slackAfterALNS":0,"nInitialNotServicedExpectedRequests":[49,55,62,60,60,51,59,63,55,49],"averageObj":[12175.012874382954,13162.789950165436,13148.622434241788,12612.237405350234,15598.478398203471,12578.44019604933,12529.73010264826,13492.641645941214,12986.28782409135,14422.038715636038],"slackBeforeALNS":0,"nInitialNotServicedFixedRequests":[1,1,1,1,2,1,1,1,1,2],"averageNotServicedExpectedRequests":[53.0,63.0,64.0,58.0,69.0,58.0,56.0,68.0,62.0,56.0],"ALNSIterations":[629,903,892,588,836,862,862,887,895,791],"runId":["Run 1","Run 2","Run 3","Run 4","Run 5","Run 6","Run 7","Run 8","Run 9","Run 10"]}