{"slackAfterALNS":0,"nInitialNotServicedExpectedRequests":[51,55,48,57,53,63,63,63,64,61],"averageObj":[11621.752043762795,11812.608534891686,10794.905452174336,13411.910009348958,12292.15052036018,11675.622462501473,11559.213695083397,12069.057621800326,12061.668470381777,12446.18952049683],"slackBeforeALNS":0,"nInitialNotServicedFixedRequests":[0,0,0,1,0,0,0,0,0,0],"averageNotServicedExpectedRequests":[69.0,69.0,58.0,67.0,76.0,70.0,67.0,75.0,72.0,79.0],"ALNSIterations":[572,767,882,902,857,913,757,824,865,902],"runId":["Run 1","Run 2","Run 3","Run 4","Run 5","Run 6","Run 7","Run 8","Run 9","Run 10"]}