{"slackAfterALNS":0,"nInitialNotServicedExpectedRequests":[64,51,72,61,69,74,72,65,53,64],"averageObj":[12348.291698727839,10948.622378160115,13645.677757899266,11703.843583357602,11450.33099928741,12894.218387044466,12241.557938248208,11510.484616601345,11106.416665053697,11688.764469313493],"slackBeforeALNS":0,"nInitialNotServicedFixedRequests":[0,0,0,0,0,0,0,0,0,0],"averageNotServicedExpectedRequests":[76.0,61.0,93.0,69.0,67.0,84.0,77.0,67.0,61.0,70.0],"ALNSIterations":[1071,940,925,928,873,562,929,945,868,829],"runId":["Run 1","Run 2","Run 3","Run 4","Run 5","Run 6","Run 7","Run 8","Run 9","Run 10"]}