{"slackAfterALNS":0,"nInitialNotServicedExpectedRequests":[59,68,69,64,61,79,78,61,72,73],"averageObj":[11192.846483208255,13864.538962398972,12190.195660238374,14773.466773584882,15217.24094476883,13760.757302342186,12126.51735152224,11876.248896513278,14177.358968028577,12096.428803967394],"slackBeforeALNS":0,"nInitialNotServicedFixedRequests":[0,1,0,1,1,1,0,0,1,0],"averageNotServicedExpectedRequests":[63.0,70.0,75.0,81.0,87.0,71.0,74.0,71.0,73.0,73.0],"ALNSIterations":[1058,787,912,835,643,905,899,900,905,894],"runId":["Run 1","Run 2","Run 3","Run 4","Run 5","Run 6","Run 7","Run 8","Run 9","Run 10"]}