{"slackAfterALNS":0,"nInitialNotServicedExpectedRequests":[6,5,11,5,5],"averageObj":[9344.642213833915,7125.576875612911,11794.0167645745,7329.471085176054,5880.785627145846],"slackBeforeALNS":0,"nInitialNotServicedFixedRequests":[2,1,3,1,0],"averageNotServicedExpectedRequests":[20.5,19.0,26.4,20.6,27.1],"ALNSIterations":[2053,2225,2273,2240,2300],"runId":["Run 1","Run 2","Run 3","Run 4","Run 5"]}