{"slackAfterALNS":0,"nInitialNotServicedExpectedRequests":[14,10,17,5,10],"averageObj":[11895.339359648326,7642.703367321954,11377.198186288555,13458.021270025147,13444.052042769026],"slackBeforeALNS":0,"nInitialNotServicedFixedRequests":[3,1,3,4,4],"averageNotServicedExpectedRequests":[28.3,25.7,23.7,23.1,23.9],"ALNSIterations":[1666,1713,1804,1637,1920],"runId":["Run 1","Run 2","Run 3","Run 4","Run 5"]}