{"slackAfterALNS":0,"nInitialNotServicedExpectedRequests":[6,10,9,12,7],"averageObj":[9412.87588620462,7474.818527903158,11542.606983680864,17318.523349391162,5512.172274856586],"slackBeforeALNS":0,"nInitialNotServicedFixedRequests":[2,1,3,6,0],"averageNotServicedExpectedRequests":[22.6,23.8,24.7,22.7,24.2],"ALNSIterations":[1722,1608,1647,1625,1682],"runId":["Run 1","Run 2","Run 3","Run 4","Run 5"]}