{"slackAfterALNS":0,"nInitialNotServicedExpectedRequests":[8,4,4,9,2],"averageObj":[11642.729952294865,7536.639509474621,7397.386122007144,11238.282925060932,7281.095834377462],"slackBeforeALNS":0,"nInitialNotServicedFixedRequests":[3,1,1,3,1],"averageNotServicedExpectedRequests":[24.4,23.6,22.1,21.2,20.7],"ALNSIterations":[1681,1753,1482,1531,1529],"runId":["Run 1","Run 2","Run 3","Run 4","Run 5"]}