{"slackAfterALNS":0,"nInitialNotServicedExpectedRequests":[9,4,10,9,11],"averageObj":[12552.355230874076,8857.472991447048,8424.826248904927,10835.644301709055,16632.088523386898],"slackBeforeALNS":0,"nInitialNotServicedFixedRequests":[2,0,0,1,4],"averageNotServicedExpectedRequests":[33.6,36.9,31.4,36.0,34.0],"ALNSIterations":[1649,1709,1785,1657,1590],"runId":["Run 1","Run 2","Run 3","Run 4","Run 5"]}