{"slackAfterALNS":0,"nInitialNotServicedExpectedRequests":[12,14,5,4,9],"averageObj":[10956.154910009182,11250.77837812826,10499.833137795533,9052.184040781682,8906.524383405438],"slackBeforeALNS":0,"nInitialNotServicedFixedRequests":[1,1,1,0,0],"averageNotServicedExpectedRequests":[38.9,41.9,33.7,39.6,38.0],"ALNSIterations":[1861,1851,1837,1788,1919],"runId":["Run 1","Run 2","Run 3","Run 4","Run 5"]}