{"slackAfterALNS":0,"nInitialNotServicedExpectedRequests":[8,14,16,4,6],"averageObj":[12759.806410415205,19152.984534666328,22624.684647152026,17182.436638905776,12611.174301309546],"slackBeforeALNS":0,"nInitialNotServicedFixedRequests":[2,5,7,4,2],"averageNotServicedExpectedRequests":[35.7,38.0,34.8,39.7,34.6],"ALNSIterations":[1790,1727,1696,1756,1818],"runId":["Run 1","Run 2","Run 3","Run 4","Run 5"]}