{"slackAfterALNS":0,"nInitialNotServicedExpectedRequests":[4,10,7,8,9],"averageObj":[12350.730573688077,8844.205618495762,12454.650190147697,8331.847608718457,10979.782972587342],"slackBeforeALNS":0,"nInitialNotServicedFixedRequests":[2,0,2,0,1],"averageNotServicedExpectedRequests":[30.3,34.7,31.3,30.1,36.4],"ALNSIterations":[1700,1675,1567,1683,1719],"runId":["Run 1","Run 2","Run 3","Run 4","Run 5"]}