{"slackAfterALNS":0,"nInitialNotServicedExpectedRequests":[1,1,4,1,0],"averageObj":[2427.69849452544,2450.1641780760488,2431.4417337431014,2473.2211021505377,2448.0604380498535],"slackBeforeALNS":0,"nInitialNotServicedFixedRequests":[1,1,1,1,1],"averageNotServicedExpectedRequests":[2.5,2.7,2.6,3.0,2.7],"ALNSIterations":[584667,635085,852202,570494,725154],"runId":["Run 1","Run 2","Run 3","Run 4","Run 5"]}