{"slackAfterALNS":0,"nInitialNotServicedExpectedRequests":[1,1,1,0,0],"averageObj":[471.9032258064516,338.208835196538,347.3314760508309,336.20384615384614,373.62769230769226],"slackBeforeALNS":0,"nInitialNotServicedFixedRequests":[0,0,0,0,0],"averageNotServicedExpectedRequests":[3.0,1.5,1.6,1.5,1.9],"ALNSIterations":[655931,453258,727324,687885,573179],"runId":["Run 1","Run 2","Run 3","Run 4","Run 5"]}