{"slackAfterALNS":0,"nInitialNotServicedExpectedRequests":[1,2,1,1,2],"averageObj":[436.3132543335038,400.2397463876613,383.7025616725092,433.65680123507843,479.4220893689643],"slackBeforeALNS":0,"nInitialNotServicedFixedRequests":[0,0,0,0,0],"averageNotServicedExpectedRequests":[2.4,2.1,1.9,2.5,3.0],"ALNSIterations":[718042,837888,734764,835759,867631],"runId":["Run 1","Run 2","Run 3","Run 4","Run 5"]}