id,pickup_latitude,pickup_longitude,dropoff_latitude,dropoff_longitude,request_type,request_time,mobility_type,call_time,direct_drive_time
1,59.89563482598941,11.16427200594978,59.68453600660146,10.65827704164846,1,654,WALKING,461,37
2,59.88284095814772,11.15302767340975,60.04276430616889,11.119294675789662,0,481,WALKING,0,0
3,59.68453600660146,10.725743036888638,59.953207231277034,11.389158656750366,0,413,WALKING,0,0
4,59.53740652642198,11.040584348009459,60.31783246476531,11.141783340869722,1,1292,WALKING,1031,87
5,59.870047090306024,10.916896690069136,60.09393977753567,11.422891654370455,0,650,WALKING,0,0
6,60.055558174010585,11.15302767340975,59.62696360131384,11.15302767340975,1,495,WALKING,0,48
7,60.29224472908192,11.141783340869722,60.138718314981595,11.580312309930864,0,478,WALKING,0,0
8,59.60137586563045,10.703254371808578,60.42018340749886,11.546579312310776,1,519,WALKING,0,103
9,60.26026005947769,11.119294675789662,59.98519190088127,11.614045307550953,0,561,WALKING,383,0
10,60.074748975773126,11.231738001189957,59.806077751097554,11.569067977390835,0,1068,WALKING,786,0
11,59.51821572465944,10.557078048788197,59.550200394263676,10.826942029748901,0,1262,WALKING,0,0
12,59.889237892068564,11.996352613911949,59.889237892068564,10.219748072587318,0,897,WALKING,546,0
13,59.89563482598941,10.388413060687757,59.678139072680615,10.759476034508724,1,409,WALKING,0,32
14,59.89563482598941,10.478367721007992,60.40738953965717,11.18676067102984,0,999,WALKING,385,0
15,60.0171765704855,11.051828680549487,60.119527513219055,10.65827704164846,0,865,WALKING,606,0
16,59.85085628854348,11.456624651990541,60.09393977753567,11.647778305171041,1,513,WALKING,0,30
17,59.89563482598941,11.51284631469069,59.83806242070179,11.535334979770747,1,574,WALKING,0,7
18,59.87644402422687,11.051828680549487,59.85085628854348,11.209249336109897,0,1009,WALKING,0,0
19,60.055558174010585,10.86067502736899,60.432977275340555,11.096806010709605,0,533,WALKING,0,0
20,60.08754284361482,11.591556642470893,60.119527513219055,11.501601982150659,0,910,WALKING,672,0
