id,pickup_latitude,pickup_longitude,dropoff_latitude,dropoff_longitude,request_type,request_time,mobility_type,call_time,direct_drive_time
1,60.183496852427524,11.051828680549487,60.18989378634837,11.242982333729985,0,1009,WALKING,427,0
2,60.52253435023241,10.961874020229253,60.04916124008974,11.276715331350074,1,497,WALKING,0,56
3,60.31783246476531,11.096806010709605,60.29224472908192,10.928141022609164,1,1142,WALKING,0,10
4,59.697329874443156,11.366669991670308,59.68453600660146,11.377914324210337,0,1096,WALKING,966,0
5,59.511818790738594,11.175516338489809,59.58218506386791,10.961874020229253,1,493,WALKING,0,15
6,60.100336711456514,11.501601982150659,60.04276430616889,11.591556642470893,1,623,WALKING,0,9
7,60.08754284361482,10.399657393227788,59.870047090306024,10.557078048788197,0,974,WALKING,574,0
8,60.432977275340555,11.00685135038937,60.100336711456514,11.16427200594978,1,473,WALKING,0,38
9,59.88284095814772,10.86067502736899,60.0299704383272,10.950629687689224,0,1023,WALKING,0,0
10,59.889237892068564,10.455879055927934,60.055558174010585,10.590811046408286,0,1062,WALKING,764,0
11,60.477755812786484,11.18676067102984,60.31783246476531,11.018095682929399,0,1030,WALKING,0,0
12,60.42658034141971,11.051828680549487,60.39459567181547,11.456624651990541,0,973,WALKING,0,0
13,60.18989378634837,11.31044832897016,60.14511524890244,11.366669991670308,0,913,WALKING,0,0
14,60.47135887886564,11.254226666270014,60.33702326652785,11.737732965491276,1,975,WALKING,591,31
15,60.31143553084446,11.287959663890103,60.285847795161075,11.411647321830426,0,1021,WALKING,724,0
16,60.496946614549024,11.096806010709605,60.369007936132085,11.018095682929399,0,953,WALKING,0,0
17,59.972398033039575,10.793209032128813,60.42658034141971,10.961874020229253,0,901,WALKING,573,0
18,59.908428693831105,11.692755635331158,59.90203175991026,11.771465963111362,0,853,WALKING,436,0
19,59.97879496696042,11.063073013089516,60.0171765704855,11.15302767340975,1,420,WALKING,0,7
20,60.0299704383272,11.209249336109897,59.614169733472146,10.781964699588784,0,597,WALKING,0,0
