id,pickup_latitude,pickup_longitude,dropoff_latitude,dropoff_longitude,request_type,request_time,mobility_type,call_time,direct_drive_time
1,59.63975746915553,11.422891654370455,59.62056666739299,11.175516338489809,0,1030,WALKING,0,0
2,59.806077751097554,11.108050343249634,59.83166548678094,11.15302767340975,0,954,WALKING,0,0
3,60.31143553084446,11.299203996430132,60.02357350440635,11.299203996430132,0,973,WALKING,0,0
4,59.761299213651625,11.355425659130278,59.89563482598941,11.175516338489809,1,1155,WALKING,0,0
5,59.870047090306024,11.569067977390835,59.83166548678094,11.63653397263101,1,1191,WALKING,0,0
6,60.24746619163599,10.950629687689224,60.477755812786484,10.950629687689224,0,1130,WALKING,0,0
7,60.27945086124023,11.175516338489809,60.27305392731938,11.4791133170706,0,948,WALKING,0,0
8,60.036367372248044,10.973118352769282,59.91482562775195,11.108050343249634,0,1036,WALKING,0,0
9,59.658948270918074,10.883163692449047,59.63975746915553,10.83818636228893,0,955,WALKING,0,0
10,60.06835204185228,10.309702732907553,60.00438270264381,10.849430694828959,0,1093,WALKING,0,0
11,59.85725322246433,10.500856386088051,60.074748975773126,11.366669991670308,0,1203,WALKING,0,0
12,59.54380346034283,10.568322381328226,59.722917610126544,10.635788376568403,0,876,WALKING,0,0
13,59.67174213875977,10.83818636228893,59.91482562775195,11.096806010709605,0,1094,WALKING,921,0
14,60.26026005947769,11.535334979770747,60.38180180397378,11.242982333729985,1,832,WALKING,589,0
15,59.86365015638518,12.356171255192887,59.870047090306024,12.243727929792595,0,964,WALKING,654,0
16,59.991588834802116,11.18676067102984,59.953207231277034,11.175516338489809,1,523,WALKING,378,0
17,59.806077751097554,11.434135986910483,59.93401642951449,11.16427200594978,1,512,WALKING,374,0
18,60.33702326652785,11.096806010709605,60.266656993398534,11.254226666270014,0,883,WALKING,702,0
19,60.100336711456514,11.524090647230718,59.991588834802116,11.355425659130278,1,590,WALKING,458,0
20,59.65255133699723,11.096806010709605,59.58858199778876,10.849430694828959,1,514,WALKING,384,0
