id,pickup_latitude,pickup_longitude,dropoff_latitude,dropoff_longitude,request_type,request_time,mobility_type,call_time,direct_drive_time
1,59.74251050835729,10.764418594382478,60.50074204743597,10.944381497355362,1,1193,WALKING,683,85
2,60.01772047439326,11.175762372606213,59.95593864528314,11.218610682837852,0,1042,WALKING,787,0
3,59.65264602965167,10.644443325733889,59.91100640593033,11.07292642805028,1,452,WALKING,0,38
4,60.556907346626986,10.987229807587001,60.141284132613485,11.064356766003952,1,422,WALKING,0,47
5,60.32662961994383,11.338585951486442,59.61333032021796,10.63587366368756,1,823,WALKING,450,89
6,60.613072645818,10.944381497355362,60.06265271374607,11.038647779864968,0,1093,WALKING,704,0
7,60.43334368840676,11.055787103957623,60.21429902156181,11.11577473828192,1,401,WALKING,0,25
8,59.7762096878719,11.11577473828192,59.48415013207863,10.815836566660446,0,1029,WALKING,508,0
9,59.989637824797754,11.312876965347458,60.30978003018653,11.252889331023164,0,963,WALKING,0,0
10,59.989637824797754,11.210041020791525,60.32101309002473,11.218610682837852,1,486,WALKING,0,37
11,59.80429233746741,11.167192710559886,59.405518713211215,10.687291635965527,0,472,WALKING,0,0
12,59.905389876011235,10.455910760714676,59.68072867924718,10.63587366368756,0,991,WALKING,0,0
13,59.63017990997527,10.738709608243495,59.905389876011235,10.935811835309034,0,1022,WALKING,831,0
14,60.37156185929664,11.10720507623559,59.56278155094605,10.567316367316938,1,520,WALKING,0,95
15,60.55129081670788,10.815836566660446,59.989637824797754,11.098635414189262,0,954,WALKING,0,0
16,60.02333700431236,11.012938793725985,60.186216371966296,11.141483724420903,1,485,WALKING,0,20
17,59.69196173908538,10.772988256428805,60.34909573962024,11.004369131679658,0,512,WALKING,0,0
18,59.905389876011235,11.184332034652542,59.93347252560674,11.055787103957623,0,941,WALKING,0,0
19,59.93347252560674,11.047217441911297,59.68072867924718,10.661582649826544,0,1080,WALKING,938,0
20,59.967171705121345,11.175762372606213,60.253614730995515,11.552827502644638,0,966,WALKING,782,0
