id,pickup_latitude,pickup_longitude,dropoff_latitude,dropoff_longitude,request_type,request_time,mobility_type,call_time,direct_drive_time
1,60.00438270264381,11.198005003569868,59.908428693831105,11.377914324210337,0,1060,WALKING,887,0
2,59.91482562775195,10.98436268530931,59.98519190088127,11.074317345629545,0,954,WALKING,757,0
3,59.4990249228969,10.613299711488343,59.63336053523469,10.748231701968695,1,497,WALKING,0,17
4,59.780490015414166,11.00685135038937,59.76769614757247,11.074317345629545,1,448,WALKING,0,5
5,60.08754284361482,11.119294675789662,60.10673364537736,11.299203996430132,0,1102,WALKING,871,0
6,59.63336053523469,10.905652357529107,59.62696360131384,10.905652357529107,0,982,WALKING,0,0
7,59.614169733472146,10.748231701968695,59.66534520483892,10.759476034508724,0,916,WALKING,577,0
8,60.42018340749886,11.231738001189957,60.13232138106075,11.445380319450512,1,907,WALKING,499,35
9,60.452168077103096,11.130539008329691,60.42018340749886,11.029340015469428,0,891,WALKING,497,0
10,60.27945086124023,11.287959663890103,60.20908458811091,11.355425659130278,0,1028,WALKING,0,0
11,59.953207231277034,10.961874020229253,59.97879496696042,11.040584348009459,1,1096,WALKING,0,6
12,59.89563482598941,10.973118352769282,59.9212225616728,10.905652357529107,1,569,WALKING,0,5
13,59.79968081717671,11.411647321830426,59.780490015414166,11.400402989290395,1,399,WALKING,0,3
14,59.594978931709605,10.68076570672852,59.58218506386791,10.692010039268549,0,1255,WALKING,955,0
15,60.17709991850668,11.366669991670308,60.14511524890244,11.321692661510191,1,492,WALKING,0,5
16,60.35621406829039,11.130539008329691,60.40099260573632,11.108050343249634,1,402,WALKING,0,6
17,59.96600109911873,11.33293699405022,60.00438270264381,11.299203996430132,0,1068,WALKING,0,0
18,59.9212225616728,11.220493668649926,59.93401642951449,11.040584348009459,0,1051,WALKING,0,0
19,59.74850534580993,10.647032709108432,59.76769614757247,10.624544044028374,1,1303,WALKING,1060,3
20,60.010779636564656,11.445380319450512,59.991588834802116,11.434135986910483,0,1076,WALKING,0,0
