id,pickup_latitude,pickup_longitude,dropoff_latitude,dropoff_longitude,request_type,request_time,mobility_type,call_time,direct_drive_time
1,60.08114590969397,10.961874020229253,60.0299704383272,10.961874020229253,0,960,WALKING,554,0
2,59.99798576872296,11.737732965491276,60.00438270264381,11.715244300411216,1,435,WALKING,0,2
3,59.66534520483892,10.871919359909018,59.62056666739299,10.883163692449047,1,490,WALKING,363,6
4,59.972398033039575,10.703254371808578,59.95960416519788,10.613299711488343,1,394,WALKING,0,6
5,59.99798576872296,10.399657393227788,60.02357350440635,10.433390390847874,1,1335,WALKING,1194,4
6,59.870047090306024,10.973118352769282,59.844459354622636,10.905652357529107,1,397,WALKING,0,5
7,59.806077751097554,11.535334979770747,59.703726808364,11.33293699405022,0,375,WALKING,0,0
8,59.953207231277034,10.736987369428666,60.04276430616889,10.624544044028374,1,415,WALKING,0,12
9,59.73571147796824,11.141783340869722,59.844459354622636,11.119294675789662,0,1015,WALKING,638,0
10,59.870047090306024,10.624544044028374,60.04916124008974,11.377914324210337,1,422,WALKING,0,47
11,60.04276430616889,11.49035764961063,60.0171765704855,11.546579312310776,0,837,WALKING,0,0
12,59.85725322246433,11.321692661510191,59.91482562775195,11.377914324210337,1,404,WALKING,0,8
13,60.036367372248044,11.198005003569868,60.04276430616889,11.130539008329691,0,1326,WALKING,1187,0
14,60.24746619163599,11.175516338489809,60.183496852427524,11.242982333729985,1,415,WALKING,0,9
15,59.614169733472146,10.961874020229253,59.6077727995513,10.939385355149193,0,880,WALKING,409,0
16,59.93401642951449,10.950629687689224,59.99798576872296,10.83818636228893,0,825,WALKING,380,0
17,59.98519190088127,12.052574276612095,59.927619495593646,11.861420623431597,1,569,WALKING,0,13
18,59.614169733472146,10.748231701968695,59.58858199778876,10.65827704164846,1,514,WALKING,367,6
19,59.722917610126544,10.53458938370814,59.58858199778876,10.647032709108432,1,402,WALKING,0,17
20,59.97879496696042,11.175516338489809,59.97879496696042,11.018095682929399,1,393,WALKING,0,9
