id,pickup_latitude,pickup_longitude,dropoff_latitude,dropoff_longitude,request_type,request_time,mobility_type,call_time,direct_drive_time
1,59.678139072680615,11.265470998810043,59.94681029735619,11.051828680549487,1,557,WALKING,458,33
2,60.074748975773126,11.029340015469428,60.074748975773126,10.950629687689224,0,901,WALKING,0,5
3,60.27945086124023,11.220493668649926,60.27305392731938,10.804453364668841,1,1110,WALKING,1016,23
4,59.78688694933501,11.51284631469069,59.780490015414166,11.445380319450512,0,815,WALKING,750,4
5,60.138718314981595,11.18676067102984,59.62696360131384,10.703254371808578,0,807,WALKING,783,63
6,60.13232138106075,11.591556642470893,60.183496852427524,11.602800975010924,0,987,WALKING,0,6
7,60.09393977753567,10.692010039268549,60.06835204185228,10.849430694828959,0,875,WALKING,777,10
8,60.010779636564656,11.040584348009459,59.87644402422687,11.175516338489809,0,1085,WALKING,0,17
9,59.99798576872296,11.040584348009459,59.94041336343534,10.995607017849341,0,867,WALKING,0,7
10,59.94681029735619,10.759476034508724,60.13232138106075,11.467868984530572,1,1343,WALKING,1205,45
11,60.04276430616889,11.524090647230718,60.3434202004487,11.029340015469428,0,954,WALKING,0,44
12,59.98519190088127,11.265470998810043,59.95960416519788,10.68076570672852,1,1128,WALKING,1063,33
13,59.95960416519788,10.871919359909018,60.055558174010585,10.916896690069136,0,1289,WALKING,0,11
14,59.67174213875977,10.815697697208872,60.0171765704855,11.377914324210337,1,561,WALKING,0,50
15,59.96600109911873,11.287959663890103,60.055558174010585,11.276715331350074,1,440,WALKING,0,10
16,59.93401642951449,10.635788376568403,59.83166548678094,10.455879055927934,0,651,WALKING,0,16
17,59.58218506386791,10.781964699588784,59.69093294052231,11.276715331350074,1,861,WALKING,811,31
18,60.074748975773126,10.961874020229253,60.055558174010585,11.063073013089516,1,510,WALKING,0,7
19,59.75490227973078,11.535334979770747,59.81887161893925,11.411647321830426,0,830,WALKING,0,10
20,60.010779636564656,11.242982333729985,60.157909116744136,11.344181326590249,0,886,WALKING,0,18
