id,pickup_latitude,pickup_longitude,dropoff_latitude,dropoff_longitude,request_type,request_time,mobility_type,call_time,direct_drive_time
1,60.0299704383272,11.096806010709605,59.972398033039575,11.018095682929399,1,450,WALKING,0,8
2,60.24746619163599,11.051828680549487,60.35621406829039,10.928141022609164,1,524,WALKING,379,14
3,59.550200394263676,10.894408024989076,59.74850534580993,10.736987369428666,1,918,WALKING,0,24
4,59.95960416519788,11.760221630571333,60.10673364537736,11.535334979770747,1,633,WALKING,0,21
5,59.575788129947064,10.748231701968695,59.56939119602622,10.557078048788197,1,483,WALKING,0,11
6,59.83806242070179,11.175516338489809,59.85085628854348,11.074317345629545,0,434,WALKING,0,0
7,60.66966383041189,11.018095682929399,60.55451901983665,11.063073013089516,0,1063,WALKING,0,0
8,59.972398033039575,11.625289640090982,59.81887161893925,10.86067502736899,0,1082,WALKING,514,0
9,60.10673364537736,11.119294675789662,59.614169733472146,10.68076570672852,0,1117,WALKING,754,0
10,60.2346723237943,11.377914324210337,60.305038596923616,11.389158656750366,0,871,WALKING,363,0
11,59.953207231277034,11.49035764961063,60.00438270264381,11.467868984530572,1,829,WALKING,644,6
12,60.349817134369545,11.175516338489809,60.19629072026922,11.265470998810043,0,949,WALKING,0,0
13,60.44577114318225,10.973118352769282,60.4393742092614,11.051828680549487,1,847,WALKING,655,5
14,60.074748975773126,11.16427200594978,60.31783246476531,11.108050343249634,0,851,WALKING,0,0
15,60.0299704383272,11.422891654370455,60.010779636564656,11.15302767340975,0,1184,WALKING,523,0
16,60.369007936132085,11.119294675789662,60.055558174010585,10.849430694828959,0,805,WALKING,0,0
17,59.86365015638518,11.231738001189957,60.27305392731938,11.220493668649926,1,586,WALKING,0,46
18,59.89563482598941,10.3659243956077,59.85085628854348,10.377168728147728,0,945,WALKING,0,0
19,59.75490227973078,10.98436268530931,59.908428693831105,11.051828680549487,1,823,WALKING,597,18
20,59.908428693831105,10.467123388467963,59.972398033039575,11.096806010709605,0,806,WALKING,0,0
