id,pickup_latitude,pickup_longitude,dropoff_latitude,dropoff_longitude,request_type,request_time,mobility_type,call_time,direct_drive_time
1,60.03516503015075,11.96843671356784,59.57767871859296,11.136829311557788,0,397,WALKING,0,0
2,60.13524016080402,11.110003266331658,59.92079345226131,11.27990155276382,1,989,WALKING,763,0
3,59.70634674371859,10.546656316582915,59.92555893467336,11.99526275879397,1,930,WALKING,733,0
4,59.85407669849246,11.270959537688443,59.83024928643216,11.235191477386934,0,459,WALKING,0,0
5,60.101881783919595,10.87751087437186,59.7540015678392,10.519830271356783,0,523,WALKING,373,0
6,60.1257091959799,11.056351175879398,59.85884218090452,12.075740894472363,0,443,WALKING,0,0
7,59.744470603015074,11.172597371859297,59.83501476884422,11.297785582914573,0,484,WALKING,0,0
8,60.01133761809045,11.136829311557788,59.939855381909545,11.25307550753769,1,1044,WALKING,455,0
9,59.7540015678392,10.859626844221106,59.95415182914573,10.743380648241207,0,427,WALKING,0,0
10,60.11141274874372,10.591366391959799,60.1495366080402,11.887958577889448,0,413,WALKING,0,0
11,59.81595283919598,11.33355364321608,59.916027969849246,10.805974753768844,1,853,WALKING,426,0
12,59.83024928643216,11.30672759798995,59.939855381909545,10.78809072361809,1,950,WALKING,820,0
13,59.69681577889447,10.573482361809045,59.939855381909545,11.73594432160804,0,597,WALKING,393,0
14,59.963682793969845,11.959494698492461,59.968448276381906,11.852190517587939,1,990,WALKING,382,0
15,59.86837314572864,11.127887296482411,59.94938634673367,11.226249462311557,1,1004,WALKING,762,0
16,59.963682793969845,12.004204773869347,59.86837314572864,11.387205733668342,1,1054,WALKING,0,0
17,59.67775384924623,10.770206693467337,59.59197516582914,11.065293190954774,1,1038,WALKING,904,0
18,59.71111222613065,10.564540346733668,59.97797924120603,11.73594432160804,1,824,WALKING,384,0
19,59.801656391959796,10.913278934673366,59.720643190954775,10.940104979899498,1,985,WALKING,765,0
20,59.83978025125628,11.136829311557788,59.896966040201,11.64652417085427,0,422,WALKING,0,0
