id,pickup_latitude,pickup_longitude,dropoff_latitude,dropoff_longitude,request_type,request_time,mobility_type,call_time,direct_drive_time
1,60.1974494318045,11.441421896042376,59.97840476495955,12.084146549516962,0,798,WALKING,0,0
2,59.83237498706291,10.927242173262707,59.74251050835729,10.944381497355362,1,461,WALKING,0,11
3,60.25923126091462,11.518548854459326,59.989637824797754,10.987229807587001,1,913,WALKING,647,43
4,59.93347252560674,11.475700544227687,60.41649409864945,10.892963525077395,1,519,WALKING,0,63
5,60.298546970348326,11.081496090096607,60.33224614986293,11.038647779864968,1,405,WALKING,0,5
6,60.382794919134845,11.338585951486442,59.93908905552584,11.509979192412999,0,910,WALKING,761,0
7,59.97278823504045,11.10720507623559,59.91100640593033,10.490189408899989,1,494,WALKING,0,36
8,59.7705931579528,10.824406228706772,60.04580312398876,11.132914062374574,1,530,WALKING,0,36
9,59.7762096878719,10.772988256428805,59.63579643989437,10.824406228706772,0,599,WALKING,0,0
10,59.708811328842685,10.6787219739192,60.10196842317978,11.07292642805028,1,552,WALKING,366,49
11,59.72004438868089,11.055787103957623,60.37717838921574,10.704430960058183,0,837,WALKING,0,0
12,59.80429233746741,10.901533187123723,60.33224614986293,11.27002865511582,0,906,WALKING,703,0
13,59.69757826900448,10.798697242567789,60.2030659617236,11.441421896042376,0,884,WALKING,506,0
14,59.60771379029886,10.661582649826544,60.382794919134845,11.090065752142936,1,551,WALKING,0,90
15,60.02895353423146,10.353074816158744,60.04018659406967,11.235750006930509,1,493,WALKING,0,50
16,59.95593864528314,11.07292642805028,59.83237498706291,11.004369131679658,1,415,WALKING,0,15
17,59.84922457682022,11.055787103957623,60.21991555148091,11.218610682837852,0,976,WALKING,514,0
18,60.21429902156181,11.124344400328246,59.91100640593033,10.558746705270611,0,923,WALKING,0,0
19,60.30978003018653,11.184332034652542,59.93347252560674,11.047217441911297,0,956,WALKING,586,0
20,59.905389876011235,10.644443325733889,60.32101309002473,11.004369131679658,1,1325,WALKING,546,51
