id,pickup_latitude,pickup_longitude,dropoff_latitude,dropoff_longitude,request_type,request_time,mobility_type,call_time,direct_drive_time
1,59.58858199778876,11.31044832897016,59.825268552860095,10.35468006306767,1,1309,WALKING,1015,60
2,60.432977275340555,11.130539008329691,60.516137416311565,11.18676067102984,1,669,WALKING,398,10
3,59.65255133699723,10.793209032128813,59.991588834802116,11.760221630571333,0,1086,WALKING,624,66
4,60.54172515199495,11.108050343249634,60.496946614549024,11.085561678169574,0,861,WALKING,603,6
5,60.04276430616889,10.883163692449047,59.96600109911873,10.86067502736899,1,1163,WALKING,689,9
6,60.09393977753567,11.15302767340975,60.036367372248044,10.613299711488343,1,541,WALKING,0,31
7,60.20908458811091,11.782710295651393,60.27945086124023,11.299203996430132,1,802,WALKING,0,28
8,60.11313057929821,11.265470998810043,60.21548152203176,11.209249336109897,0,928,WALKING,0,12
9,59.825268552860095,10.714498704348607,60.19629072026922,11.400402989290395,1,476,WALKING,0,57
10,60.06195510793143,11.119294675789662,60.27305392731938,11.344181326590249,1,506,WALKING,0,27
11,59.8124746850184,11.546579312310776,59.78688694933501,11.31044832897016,0,472,WALKING,0,14
12,59.991588834802116,10.20850374004729,59.93401642951449,10.152282077347142,0,565,WALKING,0,8
13,59.927619495593646,10.939385355149193,59.91482562775195,10.725743036888638,0,1304,WALKING,755,12
14,60.11313057929821,11.063073013089516,60.2346723237943,11.242982333729985,1,452,WALKING,0,17
15,59.722917610126544,11.456624651990541,59.88284095814772,11.366669991670308,1,799,WALKING,503,19
16,60.32422939868616,10.950629687689224,60.31143553084446,11.65902263771107,1,980,WALKING,435,40
17,59.97879496696042,11.411647321830426,59.972398033039575,11.355425659130278,1,462,WALKING,0,4
18,60.02357350440635,11.130539008329691,59.908428693831105,10.961874020229253,0,439,WALKING,0,16
19,60.06835204185228,11.051828680549487,60.119527513219055,10.489612053548022,1,518,WALKING,0,32
20,59.972398033039575,10.736987369428666,59.94681029735619,10.579566713868257,0,644,WALKING,0,10
