id,pickup_latitude,pickup_longitude,dropoff_latitude,dropoff_longitude,request_type,request_time,mobility_type,call_time,direct_drive_time
1,59.512232781674136,10.704430960058183,60.360328799458436,11.244319668976836,0,1036,WALKING,0,0
2,59.624563380056166,10.661582649826544,59.71442785876179,10.610164677548577,0,1089,WALKING,0,0
3,60.06826924366517,11.587106150829948,59.950322115364045,11.252889331023164,1,473,WALKING,0,23
4,59.7874427477101,10.747279270289823,59.989637824797754,11.492839868320342,0,932,WALKING,411,0
5,59.91100640593033,11.218610682837852,59.63579643989437,10.858684876892085,0,928,WALKING,391,0
6,59.97840476495955,11.192901696698868,59.61333032021796,11.42428257194972,1,509,WALKING,0,43
7,60.051419653907864,10.95295115940169,60.32101309002473,11.218610682837852,0,913,WALKING,0,0
8,60.467042867921364,10.961520821448017,60.41087756873035,11.03007811781864,0,595,WALKING,0,0
9,60.52320816711238,10.987229807587001,60.43334368840676,11.064356766003952,0,560,WALKING,392,0
10,59.905389876011235,11.098635414189262,59.80990886738651,11.210041020791525,1,398,WALKING,0,13
11,60.07388577358427,11.175762372606213,60.30978003018653,11.244319668976836,0,1057,WALKING,0,0
12,59.989637824797754,11.295737641254803,60.08511883342248,11.167192710559886,0,954,WALKING,444,0
13,59.65264602965167,10.60159501550225,60.30978003018653,11.321446627393787,1,484,WALKING,0,84
14,59.753743568195496,11.098635414189262,60.47265939784047,10.95295115940169,0,879,WALKING,0,0
15,60.47265939784047,11.047217441911297,60.1918329018854,11.141483724420903,0,1092,WALKING,440,0
16,60.13005107277529,11.184332034652542,60.23676514123821,11.218610682837852,0,1080,WALKING,0,0
17,59.967171705121345,11.552827502644638,59.68072867924718,11.10720507623559,1,605,WALKING,0,41
18,60.02895353423146,11.047217441911297,60.24799820107641,11.141483724420903,0,895,WALKING,652,0
19,59.69196173908538,11.372864599671754,60.32101309002473,11.081496090096607,0,942,WALKING,587,0
20,60.422110628568554,10.772988256428805,60.427727158487656,11.038647779864968,1,1349,WALKING,801,15
