id,pickup_latitude,pickup_longitude,dropoff_latitude,dropoff_longitude,request_type,request_time,mobility_type,call_time,direct_drive_time
1,59.94462086432161,10.984815055276382,59.85407669849246,11.27990155276382,0,495,WALKING,373,0
2,59.80642187437186,12.075740894472363,59.90649700502512,11.503451929648241,0,474,WALKING,0,0
3,59.90649700502512,11.96843671356784,60.130474678391955,11.628640140703517,1,1002,WALKING,552,0
4,59.85407669849246,11.297785582914573,59.611037095477386,11.270959537688443,1,1037,WALKING,0,0
5,59.5729132361809,11.208365432160804,59.94462086432161,11.154713341708543,1,975,WALKING,677,0
6,59.69205029648241,10.707612587939698,59.777828979899496,10.403584075376884,1,1089,WALKING,441,0
7,59.8731386281407,11.360379688442212,59.85407669849246,11.235191477386934,0,407,WALKING,0,0
8,60.08281985427136,10.895394904522613,59.72540867336683,10.41252609045226,0,538,WALKING,382,0
9,59.85407669849246,12.08468290954774,59.93032441708542,11.771712381909548,0,417,WALKING,0,0
10,59.911262487437185,11.21730744723618,59.720643190954775,10.636076467336684,0,397,WALKING,0,0
11,59.69205029648241,10.671844527638191,59.73017415577889,10.4751201959799,0,404,WALKING,0,0
12,59.935089899497484,11.914784623115578,59.749236085427135,11.011641100502512,0,897,WALKING,528,0
13,59.99704117085427,11.771712381909548,60.054226959798996,11.887958577889448,1,868,WALKING,664,0
14,59.958917311557784,11.870074547738694,59.82071832160804,10.966931025125628,0,482,WALKING,360,0
15,59.89220055778894,11.16365535678392,59.98751020603015,11.870074547738694,1,889,WALKING,0,0
16,59.64916095477387,10.73443863316583,59.86837314572864,11.941610668341708,1,1019,WALKING,651,0
17,59.8731386281407,12.120450969849246,59.939855381909545,11.27990155276382,1,955,WALKING,441,0
18,59.87790411055276,12.013146788944724,59.963682793969845,11.074235206030151,1,1121,WALKING,660,0
19,59.887435075376885,11.101061251256281,59.55385130653266,11.020583115577889,0,393,WALKING,0,0
20,59.89220055778894,11.494509914572864,60.1257091959799,11.414031778894472,1,1051,WALKING,432,0
