id,pickup_latitude,pickup_longitude,dropoff_latitude,dropoff_longitude,request_type,request_time,mobility_type,call_time,direct_drive_time
1,59.927619495593646,11.029340015469428,59.6077727995513,10.51210071862808,0,915,WALKING,772,0
2,60.15151218282329,11.647778305171041,60.09393977753567,11.614045307550953,1,385,WALKING,0,7
3,59.96600109911873,11.018095682929399,59.98519190088127,11.15302767340975,0,1043,WALKING,0,0
4,60.496946614549024,11.344181326590249,60.477755812786484,11.31044832897016,1,407,WALKING,0,3
5,60.4393742092614,11.4791133170706,60.36261100221124,11.4791133170706,1,869,WALKING,565,9
6,59.93401642951449,10.377168728147728,59.97879496696042,10.455879055927934,0,925,WALKING,497,0
7,59.9212225616728,11.4791133170706,59.95960416519788,11.467868984530572,1,454,WALKING,0,5
8,59.74850534580993,10.793209032128813,59.75490227973078,10.826942029748901,1,507,WALKING,0,3
9,59.991588834802116,10.939385355149193,60.02357350440635,11.018095682929399,0,510,WALKING,0,0
10,60.2346723237943,11.501601982150659,60.17070298458583,11.445380319450512,0,1096,WALKING,923,0
11,60.0299704383272,10.320947065447582,59.96600109911873,10.624544044028374,0,858,WALKING,655,0
12,60.42018340749886,11.018095682929399,60.42658034141971,11.018095682929399,0,945,WALKING,388,0
13,59.85725322246433,10.826942029748901,59.844459354622636,11.31044832897016,1,441,WALKING,0,28
14,59.908428693831105,11.029340015469428,59.806077751097554,11.242982333729985,1,442,WALKING,0,17
15,60.00438270264381,11.198005003569868,60.04276430616889,11.040584348009459,1,449,WALKING,0,10
16,59.77409308149332,10.815697697208872,60.08754284361482,11.33293699405022,0,946,WALKING,632,0
17,59.6077727995513,10.849430694828959,59.60137586563045,10.86067502736899,1,471,WALKING,0,1
18,60.27945086124023,11.15302767340975,60.29864166300277,11.254226666270014,1,476,WALKING,0,6
19,59.65255133699723,10.489612053548022,59.927619495593646,11.074317345629545,0,885,WALKING,400,0
20,60.330626332607004,10.928141022609164,60.0171765704855,11.16427200594978,1,456,WALKING,0,38
