id,pickup_latitude,pickup_longitude,dropoff_latitude,dropoff_longitude,request_type,request_time,mobility_type,call_time,direct_drive_time
1,59.96155517520224,10.48161974685366,59.65826255957077,10.687291635965527,0,933,WALKING,0,0
2,60.225532081400004,11.15005338646723,59.91662293584943,11.098635414189262,1,546,WALKING,0,35
3,60.35471226953934,11.321446627393787,59.753743568195496,11.535688178551982,0,932,WALKING,604,0
4,60.28169738059102,11.475700544227687,60.09073536334157,11.158623048513558,0,1116,WALKING,625,0
5,59.927855995687636,11.132914062374574,60.034570064150564,10.353074816158744,1,485,WALKING,0,45
6,60.32101309002473,11.201471358745197,59.57401461078425,10.824406228706772,1,545,WALKING,0,86
7,59.95593864528314,10.815836566660446,59.89977334609213,11.184332034652542,0,925,WALKING,0,0
8,59.89415681617303,10.987229807587001,59.748127038276394,11.50140953036667,0,951,WALKING,375,0
9,59.71442785876179,10.798697242567789,59.96155517520224,10.618734339594905,1,888,WALKING,659,30
10,59.83237498706291,10.704430960058183,59.65826255957077,10.670152311872872,0,504,WALKING,0,0
11,60.00087088463595,11.012938793725985,59.922239465768534,11.081496090096607,0,928,WALKING,369,0
12,59.56278155094605,10.618734339594905,60.02333700431236,11.484270206274015,1,1306,WALKING,940,71
13,59.96155517520224,10.99579946963333,59.624563380056166,10.618734339594905,1,421,WALKING,0,44
14,59.927855995687636,11.090065752142936,59.927855995687636,11.210041020791525,1,415,WALKING,0,7
15,59.68072867924718,10.63587366368756,59.950322115364045,10.447341098668348,0,1035,WALKING,696,0
16,60.10758495309888,11.132914062374574,60.21429902156181,11.15005338646723,1,408,WALKING,0,12
17,59.68634520916628,10.567316367316938,59.64702949973257,10.610164677548577,1,419,WALKING,0,5
18,59.89415681617303,11.175762372606213,59.967171705121345,10.455910760714676,0,888,WALKING,0,0
19,60.382794919134845,11.27002865511582,59.91100640593033,10.99579946963333,1,840,WALKING,434,55
20,59.73689397843819,11.132914062374574,59.66949561940898,11.458561220135032,1,405,WALKING,0,20
