id,pickup_latitude,pickup_longitude,dropoff_latitude,dropoff_longitude,request_type,request_time,mobility_type,call_time,direct_drive_time
1,59.78688694933501,10.3659243956077,59.73571147796824,10.35468006306767,0,852,WALKING,0,6
2,59.761299213651625,11.355425659130278,60.36261100221124,11.614045307550953,1,1160,WALKING,755,69
3,60.39459567181547,11.141783340869722,60.18989378634837,11.434135986910483,0,991,WALKING,0,28
4,60.17709991850668,11.130539008329691,60.08754284361482,11.15302767340975,0,900,WALKING,733,11
5,60.10673364537736,11.580312309930864,60.074748975773126,10.916896690069136,0,995,WALKING,790,37
6,60.285847795161075,11.51284631469069,59.844459354622636,11.63653397263101,1,538,WALKING,0,50
7,59.74850534580993,10.793209032128813,59.991588834802116,11.040584348009459,0,1257,WALKING,1119,31
8,60.17709991850668,11.254226666270014,60.17070298458583,11.321692661510191,0,898,WALKING,772,4
9,60.055558174010585,11.18676067102984,60.08114590969397,11.389158656750366,0,456,WALKING,0,12
10,60.055558174010585,10.86067502736899,59.97879496696042,10.973118352769282,0,900,WALKING,368,11
11,60.48415274670733,11.265470998810043,60.52253435023241,11.389158656750366,1,512,WALKING,0,9
12,60.11313057929821,10.53458938370814,60.08754284361482,10.455879055927934,1,1231,WALKING,0,6
13,60.0299704383272,10.309702732907553,59.722917610126544,10.66952137418849,1,491,WALKING,0,40
14,60.4393742092614,11.231738001189957,60.24106925771515,11.434135986910483,1,604,WALKING,0,25
15,60.388198737894626,11.085561678169574,59.94041336343534,11.344181326590249,0,998,WALKING,393,52
16,59.91482562775195,11.040584348009459,59.87644402422687,10.973118352769282,1,474,WALKING,0,6
17,60.432977275340555,10.905652357529107,59.89563482598941,10.916896690069136,1,503,WALKING,0,60
18,60.00438270264381,11.16427200594978,60.04276430616889,10.905652357529107,0,925,WALKING,455,15
19,59.56299426210537,10.725743036888638,59.83806242070179,10.714498704348607,0,645,WALKING,0,31
20,60.16430605066498,11.287959663890103,60.18989378634837,11.231738001189957,0,941,WALKING,0,5
