id,pickup_latitude,pickup_longitude,dropoff_latitude,dropoff_longitude,request_type,request_time,mobility_type,call_time,direct_drive_time
1,59.97879496696042,11.074317345629545,60.06195510793143,10.905652357529107,0,938,WALKING,540,14
2,59.8124746850184,10.34343573052764,59.78688694933501,10.399657393227788,0,1103,WALKING,912,5
3,60.535328218074106,11.096806010709605,60.19629072026922,11.434135986910483,0,825,WALKING,0,43
4,59.54380346034283,10.590811046408286,59.55659732818452,10.647032709108432,1,464,WALKING,0,4
5,60.18989378634837,11.220493668649926,59.76769614757247,11.299203996430132,1,493,WALKING,0,48
6,59.58858199778876,11.265470998810043,59.8124746850184,10.433390390847874,0,881,WALKING,0,53
7,59.83166548678094,10.65827704164846,59.98519190088127,10.602055378948315,0,1074,WALKING,512,18
8,60.202687654190065,11.299203996430132,60.074748975773126,10.939385355149193,1,1218,WALKING,0,25
9,60.06835204185228,11.535334979770747,60.29224472908192,11.096806010709605,1,1363,WALKING,1046,35
10,59.889237892068564,11.16427200594978,59.91482562775195,11.18676067102984,1,449,WALKING,0,4
11,59.889237892068564,12.041329944072066,59.927619495593646,12.086307274232183,0,882,WALKING,651,5
12,59.86365015638518,10.410901725767816,59.953207231277034,10.590811046408286,1,433,WALKING,0,15
13,59.96600109911873,11.209249336109897,60.0171765704855,11.31044832897016,0,1078,WALKING,0,9
14,60.45856501102394,11.209249336109897,60.20908458811091,11.16427200594978,1,589,WALKING,360,28
15,60.16430605066498,10.98436268530931,59.972398033039575,11.580312309930864,0,927,WALKING,725,40
16,60.477755812786484,11.321692661510191,60.19629072026922,11.51284631469069,1,484,WALKING,0,34
17,60.010779636564656,10.545833716248168,60.413786473578014,11.265470998810043,0,873,WALKING,0,60
18,59.722917610126544,10.53458938370814,59.72931454404739,10.692010039268549,1,541,WALKING,0,9
19,59.67174213875977,11.456624651990541,59.6077727995513,11.501601982150659,1,627,WALKING,366,8
20,60.38180180397378,11.096806010709605,60.3434202004487,11.209249336109897,1,466,WALKING,0,8
