id,pickup_latitude,pickup_longitude,dropoff_latitude,dropoff_longitude,request_type,request_time,mobility_type,call_time,direct_drive_time
1,59.90649700502512,11.181539386934674,59.796890909547734,11.136829311557788,0,410,WALKING,0,0
2,59.85407669849246,11.315669613065326,59.99227568844221,11.378263718592965,0,439,WALKING,0,0
3,59.634864507537685,10.984815055276382,59.95415182914573,11.27990155276382,0,1185,WALKING,490,0
4,59.68251933165829,11.065293190954774,59.8731386281407,11.30672759798995,1,911,WALKING,461,0
5,60.078054371859295,10.725496618090451,59.73970512060301,10.484062211055276,1,1047,WALKING,657,0
6,60.14000564321608,11.360379688442212,59.79212542713567,12.04891484924623,0,466,WALKING,0,0
7,59.98274472361809,11.753828351758793,60.1257091959799,11.029525130653266,0,442,WALKING,0,0
8,59.78259446231156,11.011641100502512,59.97797924120603,11.700176261306533,1,899,WALKING,625,0
9,59.53002389447236,11.44979983919598,59.69681577889447,10.707612587939698,0,410,WALKING,0,0
10,60.08758533668342,10.940104979899498,59.8731386281407,11.476625884422111,1,953,WALKING,486,0
11,59.78735994472362,11.011641100502512,59.887435075376885,11.226249462311557,1,1021,WALKING,697,0
12,59.93032441708542,11.315669613065326,59.69205029648241,10.466178180904523,1,911,WALKING,0,0
13,59.90649700502512,11.798538427135679,59.58720968341708,11.154713341708543,0,472,WALKING,0,0
14,59.89220055778894,11.297785582914573,60.130474678391955,11.727002306532663,0,480,WALKING,0,0
15,59.70158126130653,10.439352135678392,59.72540867336683,10.966931025125628,1,1086,WALKING,941,0
16,59.720643190954775,10.546656316582915,60.11141274874372,11.530277974874371,0,537,WALKING,0,0
17,59.968448276381906,11.816422457286432,60.078054371859295,11.038467145728644,1,891,WALKING,0,0
18,59.958917311557784,11.521335959798995,59.73493963819095,11.288843567839196,1,946,WALKING,0,0
19,59.68728481407035,10.752322663316583,59.90649700502512,10.957989010050252,1,1194,WALKING,471,0
20,59.97321375879397,11.440857824120602,60.09235081909548,11.512393944723618,0,428,WALKING,0,0
