id,pickup_latitude,pickup_longitude,dropoff_latitude,dropoff_longitude,request_type,request_time,mobility_type,call_time,direct_drive_time
1,59.95960416519788,11.861420623431597,59.927619495593646,10.98436268530931,1,1144,WALKING,0,49
2,60.04916124008974,10.320947065447582,60.055558174010585,10.500856386088051,1,582,WALKING,376,11
3,59.94681029735619,11.265470998810043,60.100336711456514,11.692755635331158,0,1030,WALKING,551,30
4,60.38180180397378,10.748231701968695,60.39459567181547,10.905652357529107,1,405,WALKING,0,9
5,59.73571147796824,10.602055378948315,60.036367372248044,11.467868984530572,1,761,WALKING,0,59
6,59.74850534580993,10.635788376568403,59.63975746915553,10.647032709108432,0,922,WALKING,532,13
7,59.99798576872296,11.355425659130278,59.83166548678094,11.389158656750366,1,718,WALKING,0,19
8,60.496946614549024,11.063073013089516,60.44577114318225,11.175516338489809,1,439,WALKING,0,9
9,60.11313057929821,11.198005003569868,60.10673364537736,11.299203996430132,0,852,WALKING,647,6
10,60.183496852427524,11.63653397263101,60.100336711456514,11.625289640090982,0,1105,WALKING,743,10
11,59.79968081717671,11.389158656750366,59.7165206762057,11.49035764961063,1,457,WALKING,0,11
12,59.83806242070179,10.68076570672852,59.60137586563045,10.602055378948315,0,1278,WALKING,964,27
13,60.15151218282329,11.018095682929399,59.79328388325586,10.545833716248168,0,1043,WALKING,792,48
14,59.86365015638518,10.399657393227788,59.79328388325586,10.635788376568403,1,447,WALKING,0,16
15,60.38180180397378,11.422891654370455,60.35621406829039,11.4791133170706,0,506,WALKING,0,5
16,59.575788129947064,10.51210071862808,59.58858199778876,10.647032709108432,1,787,WALKING,0,8
17,60.4393742092614,11.085561678169574,59.99798576872296,11.287959663890103,0,843,WALKING,0,51
18,60.496946614549024,11.085561678169574,60.52253435023241,11.051828680549487,0,1307,WALKING,530,4
19,60.11313057929821,10.916896690069136,60.14511524890244,10.961874020229253,1,394,WALKING,0,5
20,59.64615440307638,10.736987369428666,59.62696360131384,10.849430694828959,0,943,WALKING,0,7
