id,pickup_latitude,pickup_longitude,dropoff_latitude,dropoff_longitude,request_type,request_time,mobility_type,call_time,direct_drive_time
1,60.0299704383272,11.51284631469069,60.08114590969397,11.422891654370455,0,1029,WALKING,0,0
2,60.24106925771515,10.995607017849341,60.29864166300277,11.16427200594978,1,397,WALKING,0,12
3,59.98519190088127,11.321692661510191,59.991588834802116,11.254226666270014,1,491,WALKING,0,4
4,59.7165206762057,11.175516338489809,59.72931454404739,11.141783340869722,0,914,WALKING,695,0
5,59.95960416519788,10.793209032128813,59.94041336343534,10.68076570672852,1,569,WALKING,0,7
6,59.95960416519788,11.209249336109897,59.94681029735619,10.928141022609164,1,886,WALKING,631,16
7,60.516137416311565,11.085561678169574,60.010779636564656,10.815697697208872,0,1112,WALKING,628,0
8,60.100336711456514,11.299203996430132,60.08754284361482,11.321692661510191,1,426,WALKING,0,2
9,59.58218506386791,10.579566713868257,59.492627988976054,10.647032709108432,0,1003,WALKING,620,0
10,59.658948270918074,10.748231701968695,59.66534520483892,10.725743036888638,1,529,WALKING,382,2
11,59.78688694933501,10.916896690069136,59.88284095814772,10.939385355149193,1,502,WALKING,0,11
12,60.55451901983665,11.18676067102984,60.535328218074106,11.198005003569868,1,398,WALKING,0,3
13,60.38180180397378,11.141783340869722,60.42658034141971,11.175516338489809,0,950,WALKING,0,0
14,59.60137586563045,10.65827704164846,59.88284095814772,10.714498704348607,0,1329,WALKING,570,0
15,59.81887161893925,11.119294675789662,59.806077751097554,11.085561678169574,1,383,WALKING,0,3
16,59.991588834802116,10.928141022609164,59.927619495593646,11.726488632951245,1,493,WALKING,0,46
17,59.806077751097554,11.501601982150659,59.825268552860095,11.344181326590249,0,1244,WALKING,431,0
18,59.703726808364,10.883163692449047,59.780490015414166,10.871919359909018,0,461,WALKING,0,0
19,59.68453600660146,10.692010039268549,59.94041336343534,10.995607017849341,0,901,WALKING,514,0
20,59.86365015638518,10.68076570672852,59.722917610126544,10.849430694828959,1,458,WALKING,0,19
