id,pickup_latitude,pickup_longitude,dropoff_latitude,dropoff_longitude,request_type,request_time,mobility_type,call_time,direct_drive_time
1,59.889237892068564,10.320947065447582,59.91482562775195,10.33219139798761,0,914,WALKING,640,0
2,59.93401642951449,11.65902263771107,59.9212225616728,11.681511302791128,1,500,WALKING,366,2
3,59.844459354622636,12.075062941692154,59.8124746850184,11.96261961629186,0,933,WALKING,583,0
4,59.844459354622636,11.366669991670308,59.90203175991026,11.355425659130278,1,448,WALKING,0,7
5,60.0299704383272,11.321692661510191,60.221878455952606,11.299203996430132,1,421,WALKING,0,22
6,59.63975746915553,10.725743036888638,59.658948270918074,10.781964699588784,1,405,WALKING,0,4
7,59.51821572465944,10.624544044028374,59.53740652642198,10.579566713868257,0,951,WALKING,0,0
8,60.04916124008974,11.231738001189957,59.88284095814772,11.760221630571333,0,892,WALKING,436,0
9,60.16430605066498,11.287959663890103,60.202687654190065,11.33293699405022,1,452,WALKING,0,5
10,60.35621406829039,11.434135986910483,60.100336711456514,11.602800975010924,1,592,WALKING,360,30
11,59.697329874443156,10.849430694828959,59.94041336343534,11.096806010709605,1,440,WALKING,0,31
12,59.658948270918074,11.591556642470893,59.63336053523469,11.400402989290395,0,988,WALKING,782,0
13,60.29224472908192,11.040584348009459,60.29864166300277,11.15302767340975,0,903,WALKING,0,0
14,59.99798576872296,11.591556642470893,60.08754284361482,11.546579312310776,0,879,WALKING,459,0
15,60.074748975773126,11.175516338489809,60.04916124008974,11.15302767340975,0,763,WALKING,0,0
16,60.00438270264381,10.433390390847874,59.95960416519788,10.51210071862808,1,457,WALKING,0,7
17,59.72931454404739,11.557823644850806,59.60137586563045,11.400402989290395,0,1200,WALKING,996,0
18,59.93401642951449,11.287959663890103,59.889237892068564,11.265470998810043,0,736,WALKING,0,0
19,59.63975746915553,11.681511302791128,59.62696360131384,11.647778305171041,0,1321,WALKING,0,0
20,60.19629072026922,11.580312309930864,60.02357350440635,11.276715331350074,1,444,WALKING,0,26
