id,pickup_latitude,pickup_longitude,dropoff_latitude,dropoff_longitude,request_type,request_time,mobility_type,call_time,direct_drive_time
1,59.91100640593033,10.850115214845756,59.922239465768534,11.081496090096607,0,537,WALKING,381,0
2,60.15251719245169,11.004369131679658,60.382794919134845,11.295737641254803,1,417,WALKING,0,31
3,59.663879089489875,10.781557918475134,59.89415681617303,11.441421896042376,1,466,WALKING,0,45
4,60.04580312398876,10.918672511216378,59.7705931579528,10.695861298011856,1,477,WALKING,0,34
5,59.80990886738651,11.604245474922605,59.72566091859999,10.670152311872872,1,488,WALKING,0,54
6,59.73127744851909,10.772988256428805,60.23114861131911,11.578536488783621,1,556,WALKING,362,72
7,59.74251050835729,11.192901696698868,60.012103944474156,11.03007811781864,0,897,WALKING,0,0
8,60.43334368840676,11.26145899306949,60.292930440429224,11.210041020791525,0,908,WALKING,378,0
9,60.02895353423146,11.167192710559886,59.97278823504045,11.012938793725985,0,851,WALKING,653,0
10,60.225532081400004,11.192901696698868,59.927855995687636,11.509979192412999,0,515,WALKING,379,0
11,60.09073536334157,11.390003923764409,59.95593864528314,11.252889331023164,1,445,WALKING,0,17
12,60.02895353423146,10.978660145540674,60.48950898759777,10.978660145540674,0,961,WALKING,743,0
13,59.97278823504045,11.064356766003952,59.89977334609213,10.60159501550225,1,414,WALKING,0,28
14,59.69757826900448,10.781557918475134,59.95593864528314,10.95295115940169,1,525,WALKING,371,31
15,59.57401461078425,10.781557918475134,60.35471226953934,11.038647779864968,1,477,WALKING,0,88
16,60.07388577358427,11.15005338646723,59.882923756334826,11.432852233996048,1,442,WALKING,0,27
17,59.927855995687636,10.901533187123723,60.186216371966296,11.509979192412999,1,537,WALKING,362,45
18,59.7874427477101,10.464480422761005,60.208682491642705,11.132914062374574,1,527,WALKING,0,60
19,59.91100640593033,11.03007811781864,59.995254354716856,11.132914062374574,1,410,WALKING,0,11
20,60.47265939784047,10.935811835309034,60.422110628568554,11.218610682837852,1,435,WALKING,0,17
