id,pickup_latitude,pickup_longitude,dropoff_latitude,dropoff_longitude,request_type,request_time,mobility_type,call_time,direct_drive_time
1,60.27945086124023,11.422891654370455,60.27945086124023,11.287959663890103,0,943,WALKING,0,0
2,60.2346723237943,11.029340015469428,60.24746619163599,11.108050343249634,0,996,WALKING,780,0
3,59.6077727995513,10.53458938370814,59.63975746915553,10.500856386088051,0,927,WALKING,0,0
4,59.79968081717671,11.096806010709605,59.76769614757247,11.018095682929399,0,915,WALKING,0,0
5,59.85725322246433,11.00685135038937,60.17070298458583,11.377914324210337,1,911,WALKING,567,41
6,59.88284095814772,10.624544044028374,59.62056666739299,10.826942029748901,1,439,WALKING,0,32
7,60.06835204185228,10.916896690069136,59.62696360131384,10.703254371808578,1,989,WALKING,0,51
8,59.9212225616728,11.085561678169574,59.972398033039575,11.254226666270014,1,389,WALKING,0,11
9,59.93401642951449,10.703254371808578,59.9212225616728,10.883163692449047,0,937,WALKING,500,0
10,60.535328218074106,11.108050343249634,60.21548152203176,11.377914324210337,1,669,WALKING,432,39
11,60.0171765704855,11.085561678169574,59.91482562775195,11.524090647230718,0,954,WALKING,824,0
12,59.66534520483892,10.770720367048755,59.780490015414166,10.961874020229253,0,916,WALKING,0,0
13,59.83166548678094,11.265470998810043,59.825268552860095,11.411647321830426,0,1017,WALKING,0,0
14,59.79328388325586,10.68076570672852,59.75490227973078,10.804453364668841,1,1335,WALKING,492,9
15,59.65255133699723,11.16427200594978,59.62696360131384,11.141783340869722,0,816,WALKING,0,0
16,60.24746619163599,11.18676067102984,60.19629072026922,11.299203996430132,1,543,WALKING,0,9
17,59.74850534580993,10.905652357529107,59.86365015638518,10.219748072587318,1,590,WALKING,0,41
18,60.036367372248044,10.849430694828959,60.04916124008974,10.793209032128813,0,1238,WALKING,1075,0
19,59.96600109911873,10.905652357529107,59.98519190088127,10.928141022609164,0,1064,WALKING,0,0
20,60.39459567181547,11.130539008329691,59.889237892068564,11.231738001189957,0,953,WALKING,800,0
