id,pickup_latitude,pickup_longitude,dropoff_latitude,dropoff_longitude,request_type,request_time,mobility_type,call_time,direct_drive_time
1,60.17070298458583,11.074317345629545,60.17709991850668,11.018095682929399,0,416,WALKING,0,0
2,59.7165206762057,11.535334979770747,59.76769614757247,11.580312309930864,0,1343,WALKING,375,0
3,60.44577114318225,10.961874020229253,60.52253435023241,11.108050343249634,0,980,WALKING,710,0
4,59.89563482598941,10.748231701968695,60.17709991850668,11.108050343249634,1,421,WALKING,0,38
5,59.9212225616728,10.973118352769282,59.93401642951449,10.973118352769282,1,438,WALKING,0,2
6,60.44577114318225,11.231738001189957,60.14511524890244,11.445380319450512,1,411,WALKING,0,36
7,60.100336711456514,11.557823644850806,60.06195510793143,11.501601982150659,1,616,WALKING,444,6
8,59.98519190088127,11.63653397263101,59.889237892068564,11.276715331350074,1,431,WALKING,0,23
9,60.38180180397378,11.220493668649926,60.35621406829039,11.276715331350074,0,437,WALKING,0,0
10,60.432977275340555,11.108050343249634,60.36261100221124,11.141783340869722,1,472,WALKING,0,9
11,59.806077751097554,10.871919359909018,59.870047090306024,10.950629687689224,1,405,WALKING,0,9
12,60.24746619163599,11.569067977390835,60.19629072026922,11.467868984530572,0,977,WALKING,654,0
13,59.85725322246433,11.029340015469428,59.86365015638518,11.15302767340975,0,822,WALKING,583,0
14,59.806077751097554,11.029340015469428,59.45424638545097,10.635788376568403,1,519,WALKING,0,45
15,60.06835204185228,11.096806010709605,60.04916124008974,11.00685135038937,1,512,WALKING,0,6
16,60.44577114318225,11.355425659130278,60.40738953965717,11.400402989290395,0,974,WALKING,842,0
17,59.98519190088127,11.141783340869722,59.79328388325586,10.871919359909018,0,1030,WALKING,0,0
18,59.60137586563045,10.500856386088051,59.54380346034283,10.444634723387905,0,925,WALKING,461,0
19,59.614169733472146,10.635788376568403,59.7165206762057,10.815697697208872,0,1019,WALKING,612,0
20,60.036367372248044,11.602800975010924,59.991588834802116,11.265470998810043,0,875,WALKING,0,0
