id,pickup_latitude,pickup_longitude,dropoff_latitude,dropoff_longitude,request_type,request_time,mobility_type,call_time,direct_drive_time
1,60.06835204185228,10.916896690069136,60.183496852427524,11.063073013089516,0,834,WALKING,453,0
2,59.69093294052231,10.759476034508724,59.79328388325586,10.703254371808578,0,971,WALKING,633,0
3,59.43505558368843,10.748231701968695,59.50542185681775,10.692010039268549,0,1011,WALKING,555,0
4,60.04916124008974,10.613299711488343,60.31783246476531,11.265470998810043,1,495,WALKING,0,47
5,60.22827538987345,11.276715331350074,60.22827538987345,11.220493668649926,0,918,WALKING,600,0
6,59.56299426210537,10.545833716248168,59.53740652642198,10.703254371808578,1,1071,WALKING,408,10
7,60.42658034141971,11.501601982150659,60.40738953965717,11.33293699405022,1,412,WALKING,0,10
8,59.94041336343534,11.33293699405022,59.87644402422687,11.063073013089516,1,521,WALKING,0,17
9,59.953207231277034,10.33219139798761,59.953207231277034,10.3659243956077,0,1004,WALKING,0,0
10,59.94041336343534,12.120040271852272,59.991588834802116,11.726488632951245,0,996,WALKING,0,0
11,60.26026005947769,11.445380319450512,60.285847795161075,11.434135986910483,0,976,WALKING,0,0
12,60.31143553084446,11.130539008329691,60.25386312555684,11.175516338489809,0,869,WALKING,696,0
13,60.45856501102394,10.905652357529107,60.42018340749886,10.871919359909018,1,441,WALKING,0,5
14,60.04916124008974,10.624544044028374,60.100336711456514,10.602055378948315,1,405,WALKING,0,6
15,59.99798576872296,10.815697697208872,59.97879496696042,10.748231701968695,0,929,WALKING,670,0
16,59.953207231277034,11.029340015469428,59.91482562775195,10.973118352769282,1,401,WALKING,0,6
17,60.330626332607004,11.175516338489809,60.31783246476531,11.141783340869722,1,503,WALKING,0,3
18,59.8124746850184,11.242982333729985,59.85725322246433,11.198005003569868,0,883,WALKING,0,0
19,59.60137586563045,11.085561678169574,59.550200394263676,11.063073013089516,0,1077,WALKING,877,0
20,59.96600109911873,11.287959663890103,60.00438270264381,11.321692661510191,1,603,WALKING,0,5
