id,pickup_latitude,pickup_longitude,dropoff_latitude,dropoff_longitude,request_type,request_time,mobility_type,call_time,direct_drive_time
1,60.36594532937754,10.807266904614117,60.186216371966296,11.038647779864968,1,462,WALKING,0,24
2,60.28169738059102,11.141483724420903,60.47827592775957,11.098635414189262,0,938,WALKING,0,0
3,59.88854028625393,11.22718034488418,59.641412969813466,10.790127580521462,0,939,WALKING,0,0
4,59.89415681617303,11.201471358745197,59.7649766280337,10.858684876892085,0,1062,WALKING,430,0
5,59.927855995687636,10.95295115940169,60.47265939784047,11.175762372606213,1,520,WALKING,0,62
6,60.28169738059102,11.34715561353277,59.7593600981146,11.287167979208474,0,958,WALKING,765,0
7,60.26484779083372,11.201471358745197,60.14690066253259,11.50140953036667,0,385,WALKING,0,0
8,59.88854028625393,10.344505154112415,59.91100640593033,11.141483724420903,1,444,WALKING,0,45
9,60.06265271374607,10.901533187123723,59.67511214932808,10.687291635965527,1,879,WALKING,443,45
10,59.91100640593033,11.141483724420903,59.69757826900448,11.175762372606213,1,486,WALKING,0,24
11,60.427727158487656,11.218610682837852,60.45019327816406,10.901533187123723,0,983,WALKING,0,0
12,59.860457636658424,10.335935492066087,60.40526103881125,11.090065752142936,0,881,WALKING,519,0
13,59.93908905552584,10.447341098668348,59.860457636658424,11.509979192412999,0,886,WALKING,630,0
14,60.04580312398876,11.047217441911297,60.33224614986293,11.218610682837852,1,436,WALKING,0,34
15,60.07388577358427,11.458561220135032,60.467042867921364,11.098635414189262,1,439,WALKING,0,49
16,59.42798483288762,10.713000622104511,59.967171705121345,11.192901696698868,0,937,WALKING,0,0
17,59.91662293584943,10.970090483494346,59.89415681617303,10.60159501550225,1,777,WALKING,364,21
18,59.95593864528314,10.507328732992644,60.27608085067192,11.527118516505654,0,964,WALKING,0,0
19,59.65826255957077,11.46713088218136,59.41675177304941,10.695861298011856,0,1009,WALKING,371,0
20,59.96155517520224,11.081496090096607,60.00087088463595,10.944381497355362,0,1014,WALKING,493,0
