id,pickup_latitude,pickup_longitude,dropoff_latitude,dropoff_longitude,request_type,request_time,mobility_type,call_time,direct_drive_time
1,60.141284132613485,11.578536488783621,60.41087756873035,11.15005338646723,0,1090,WALKING,953,0
2,60.57375693638429,10.747279270289823,59.67511214932808,11.218610682837852,0,1045,WALKING,440,0
3,59.534698901350545,10.747279270289823,59.79867580754831,10.661582649826544,0,965,WALKING,0,0
4,59.87169069649662,10.447341098668348,59.85484110673932,11.578536488783621,0,979,WALKING,697,0
5,59.7705931579528,10.910102849170052,60.315396560105626,10.99579946963333,1,467,WALKING,0,61
6,59.68072867924718,10.75584893233615,60.48950898759777,11.03007811781864,0,988,WALKING,464,0
7,59.82675845714381,10.447341098668348,60.04580312398876,11.27002865511582,0,485,WALKING,0,0
8,59.93908905552584,10.961520821448017,59.96155517520224,11.03007811781864,0,743,WALKING,0,0
9,60.30416350026743,11.312876965347458,59.7649766280337,10.815836566660446,0,1086,WALKING,776,0
10,60.169366782208996,11.518548854459326,59.922239465768534,11.081496090096607,1,429,WALKING,0,37
11,59.98402129487865,10.944381497355362,60.35471226953934,11.26145899306949,0,939,WALKING,0,0
12,59.96155517520224,11.244319668976836,59.72004438868089,10.807266904614117,0,858,WALKING,0,0
13,60.13566760269438,11.458561220135032,59.94470558544494,10.438771436622021,0,924,WALKING,0,0
14,60.43334368840676,11.038647779864968,59.84922457682022,11.518548854459326,1,1174,WALKING,591,71
15,59.94470558544494,10.927242173262707,60.225532081400004,11.167192710559886,1,430,WALKING,0,34
16,60.01772047439326,11.004369131679658,59.905389876011235,11.11577473828192,1,403,WALKING,0,14
17,59.57401461078425,10.781557918475134,59.86607416657752,11.201471358745197,1,1251,WALKING,664,41
18,59.708811328842685,10.84154555279943,59.97278823504045,11.26145899306949,1,723,WALKING,0,38
19,59.52908237143144,10.790127580521462,59.93908905552584,11.407143247857064,1,487,WALKING,0,58
20,60.45580980808316,10.781557918475134,59.69757826900448,11.441421896042376,0,925,WALKING,697,0
