id,pickup_latitude,pickup_longitude,dropoff_latitude,dropoff_longitude,request_type,request_time,mobility_type,call_time,direct_drive_time
1,59.611037095477386,11.038467145728644,59.92079345226131,11.208365432160804,0,597,WALKING,391,0
2,60.08281985427136,11.476625884422111,59.70634674371859,10.591366391959799,1,840,WALKING,681,0
3,60.101881783919595,11.145771326633167,59.92079345226131,10.716554603015075,1,1011,WALKING,779,0
4,59.8731386281407,11.020583115577889,59.87790411055276,11.324611628140703,1,948,WALKING,448,0
5,60.025634065326635,11.959494698492461,60.03039954773869,11.378263718592965,0,430,WALKING,0,0
6,60.11617823115578,11.136829311557788,59.80642187437186,11.315669613065326,1,1064,WALKING,396,0
7,59.939855381909545,11.771712381909548,59.60150613065326,11.199423417085427,0,450,WALKING,0,0
8,60.192425949748745,11.59287208040201,60.08758533668342,10.984815055276382,1,909,WALKING,728,0
9,59.963682793969845,11.342495658291456,59.825483804020095,11.145771326633167,0,433,WALKING,0,0
10,60.12094371356784,11.16365535678392,59.911262487437185,11.691234246231156,0,519,WALKING,368,0
11,59.97321375879397,11.351437673366835,60.08758533668342,10.76126467839196,1,967,WALKING,729,0
12,60.14477112562814,11.405089763819095,59.83501476884422,11.244133492462312,1,913,WALKING,0,0
13,60.01610310050251,11.19048140201005,59.520492929648235,11.127887296482411,1,980,WALKING,723,0
14,59.97797924120603,11.30672759798995,59.6205680603015,10.4751201959799,0,414,WALKING,0,0
15,59.73970512060301,10.618192437185929,59.86837314572864,11.923726638190955,0,520,WALKING,393,0
16,59.71587770854271,10.484062211055276,59.70158126130653,10.510888256281406,0,436,WALKING,0,0
17,59.773063497487435,11.199423417085427,59.99704117085427,12.0220888040201,1,963,WALKING,792,0
18,60.03993051256281,11.270959537688443,59.68251933165829,10.698670572864321,0,478,WALKING,0,0
19,59.68728481407035,10.493004226130653,60.14477112562814,10.984815055276382,1,1006,WALKING,801,0
20,59.67775384924623,10.618192437185929,60.03039954773869,12.08468290954774,0,467,WALKING,0,0
