id,pickup_latitude,pickup_longitude,dropoff_latitude,dropoff_longitude,request_type,request_time,mobility_type,call_time,direct_drive_time
1,59.98274472361809,12.039972834170854,59.99704117085427,11.27990155276382,0,401,WALKING,0,0
2,60.11617823115578,11.512393944723618,60.12094371356784,11.270959537688443,1,845,WALKING,568,0
3,59.81595283919598,11.145771326633167,59.97321375879397,11.879016562814071,1,1046,WALKING,475,0
4,59.911262487437185,12.11150895477387,59.90173152261306,11.816422457286432,0,512,WALKING,376,0
5,59.87790411055276,11.208365432160804,59.5729132361809,11.136829311557788,1,951,WALKING,386,0
6,59.89220055778894,11.879016562814071,59.94938634673367,11.539219989949748,0,410,WALKING,0,0
7,59.887435075376885,11.941610668341708,59.84454573366834,10.984815055276382,0,424,WALKING,0,0
8,59.896966040201,11.789596412060302,59.99704117085427,12.08468290954774,0,428,WALKING,0,0
9,59.935089899497484,11.959494698492461,59.958917311557784,11.458741854271357,0,482,WALKING,360,0
10,59.630099025125624,11.127887296482411,59.87790411055276,11.387205733668342,1,1051,WALKING,532,0
11,59.93032441708542,11.440857824120602,59.882669592964824,11.342495658291456,0,516,WALKING,360,0
12,59.83501476884422,11.422973793969849,59.916027969849246,10.922220949748743,0,403,WALKING,0,0
13,59.90649700502512,11.494509914572864,59.501431,11.360379688442212,0,493,WALKING,367,0
14,60.09235081909548,11.056351175879398,59.97321375879397,11.834306487437185,1,893,WALKING,435,0
15,59.935089899497484,11.226249462311557,59.92555893467336,11.99526275879397,1,923,WALKING,457,0
16,59.663457402010046,11.16365535678392,59.79212542713567,10.913278934673366,1,904,WALKING,0,0
17,59.825483804020095,11.226249462311557,59.963682793969845,11.002699085427135,1,1029,WALKING,491,0
18,59.67775384924623,10.680786542713568,60.1257091959799,10.653960497487438,0,429,WALKING,0,0
19,59.630099025125624,11.181539386934674,59.83024928643216,11.923726638190955,0,412,WALKING,0,0
20,59.82071832160804,11.118945281407035,59.83501476884422,11.780654396984925,1,1014,WALKING,521,0
