id,pickup_latitude,pickup_longitude,dropoff_latitude,dropoff_longitude,request_type,request_time,mobility_type,call_time,direct_drive_time
1,60.06195510793143,11.00685135038937,59.972398033039575,11.040584348009459,1,431,WALKING,0,11
2,60.010779636564656,10.939385355149193,59.991588834802116,10.781964699588784,1,516,WALKING,0,10
3,59.88284095814772,10.602055378948315,59.844459354622636,10.613299711488343,0,869,WALKING,0,5
4,60.08754284361482,11.051828680549487,59.83166548678094,10.174770742427201,1,433,WALKING,0,57
5,60.010779636564656,10.793209032128813,59.95960416519788,10.916896690069136,0,981,WALKING,392,9
6,60.2346723237943,10.849430694828959,59.96600109911873,11.456624651990541,0,572,WALKING,385,46
7,59.99798576872296,10.973118352769282,60.010779636564656,10.849430694828959,0,1008,WALKING,0,8
8,59.65255133699723,10.916896690069136,59.58858199778876,10.905652357529107,1,444,WALKING,0,8
9,59.761299213651625,11.344181326590249,59.7165206762057,11.141783340869722,1,392,WALKING,0,13
10,60.0299704383272,12.108795939312243,60.0171765704855,12.018841278992008,1,889,WALKING,500,6
11,60.45856501102394,11.276715331350074,60.31143553084446,11.16427200594978,1,1097,WALKING,409,18
12,60.45856501102394,11.198005003569868,60.57370982159919,10.961874020229253,1,672,WALKING,0,19
13,60.055558174010585,10.995607017849341,60.074748975773126,11.085561678169574,1,411,WALKING,0,6
14,60.48415274670733,11.108050343249634,60.349817134369545,11.074317345629545,0,964,WALKING,784,16
15,59.58858199778876,10.65827704164846,60.00438270264381,10.939385355149193,1,704,WALKING,0,49
16,59.73571147796824,10.647032709108432,59.65255133699723,10.66952137418849,0,900,WALKING,557,10
17,60.42018340749886,10.98436268530931,60.11313057929821,10.883163692449047,0,1026,WALKING,901,35
18,59.94681029735619,10.33219139798761,59.90203175991026,10.53458938370814,0,901,WALKING,0,13
19,59.927619495593646,11.501601982150659,60.036367372248044,11.276715331350074,0,397,WALKING,0,18
20,60.06835204185228,10.781964699588784,60.055558174010585,11.051828680549487,1,1293,WALKING,1043,16
