id,pickup_latitude,pickup_longitude,dropoff_latitude,dropoff_longitude,request_type,request_time,mobility_type,call_time,direct_drive_time
1,60.298546970348326,11.192901696698868,60.315396560105626,11.595675812876276,1,423,WALKING,0,23
2,59.995254354716856,11.26145899306949,59.882923756334826,11.038647779864968,1,490,WALKING,0,18
3,59.57401461078425,10.747279270289823,59.89977334609213,10.901533187123723,0,1072,WALKING,701,0
4,59.97840476495955,11.07292642805028,59.927855995687636,11.27002865511582,1,433,WALKING,0,13
5,60.40526103881125,11.27002865511582,60.382794919134845,10.99579946963333,1,420,WALKING,0,16
6,59.989637824797754,11.021508455772313,60.01772047439326,10.961520821448017,1,502,WALKING,362,5
7,60.1918329018854,11.432852233996048,60.186216371966296,11.158623048513558,1,422,WALKING,0,16
8,59.97278823504045,10.524468057085299,59.781826217791,11.192901696698868,0,888,WALKING,565,0
9,59.877307226415724,10.781557918475134,59.7649766280337,11.407143247857064,0,1034,WALKING,568,0
10,59.91100640593033,11.50140953036667,60.422110628568554,10.978660145540674,0,1040,WALKING,822,0
11,59.93908905552584,12.195552156119223,59.98402129487865,11.004369131679658,0,1044,WALKING,453,0
12,59.71442785876179,11.415712909903393,59.57401461078425,10.713000622104511,0,936,WALKING,508,0
13,59.71442785876179,11.441421896042376,59.98402129487865,11.090065752142936,1,449,WALKING,0,36
14,60.270464320752815,11.141483724420903,59.79867580754831,11.192901696698868,1,469,WALKING,0,53
15,59.65264602965167,10.798697242567789,59.877307226415724,11.10720507623559,0,1016,WALKING,0,0
16,60.34909573962024,11.07292642805028,60.44457674824496,11.132914062374574,0,1032,WALKING,0,0
17,60.44457674824496,11.055787103957623,60.32662961994383,11.141483724420903,1,438,WALKING,0,14
18,60.034570064150564,10.95295115940169,59.96155517520224,11.484270206274015,1,487,WALKING,0,31
19,59.98402129487865,11.689942095385883,59.624563380056166,10.815836566660446,1,481,WALKING,0,64
20,59.68634520916628,11.184332034652542,59.83237498706291,10.593025353455921,0,817,WALKING,441,0
