id,pickup_latitude,pickup_longitude,dropoff_latitude,dropoff_longitude,request_type,request_time,mobility_type,call_time,direct_drive_time
1,60.10910503862325,11.393082305677545,59.92675191269881,10.973630611774993,1,426,WALKING,0,31
2,59.93977713597913,10.973630611774993,59.855113184657064,11.010915206788553,1,420,WALKING,0,10
3,59.89418885449802,11.085484396815675,60.15469332010436,11.038878653048725,0,1066,WALKING,671,0
4,59.809524903175955,10.824492231720754,60.42822300899101,11.197338181856354,1,456,WALKING,0,72
5,60.10910503862325,10.908382570501264,59.81603751481612,11.066842099308895,0,847,WALKING,0,0
6,60.15469332010436,11.225301628116524,60.21981943650594,11.327834264403815,0,914,WALKING,0,0
7,60.239357271426414,11.439688049444495,59.88767624285786,11.271907371883476,0,899,WALKING,666,0
8,60.44776084391149,11.337155413157205,59.54250782592946,10.777886487953802,0,968,WALKING,553,0
9,60.004903252380714,11.271907371883476,60.29797077618784,11.132090140582624,1,505,WALKING,0,34
10,60.51288696031307,11.029557504295333,60.42171039735085,10.973630611774993,0,1041,WALKING,742,0
11,59.88767624285786,11.094805545569065,59.568558272490094,10.516894322858882,1,526,WALKING,0,49
12,60.486836513752436,11.001594058035163,59.959314970899605,11.066842099308895,1,456,WALKING,0,59
13,60.37612211586974,11.215980479363134,60.486836513752436,10.703317297926683,0,833,WALKING,673,0
14,59.64019700053184,10.628748107899563,60.28494555290752,11.411724603184325,0,939,WALKING,0,0
15,59.97234019417992,10.908382570501264,59.568558272490094,10.740601892940242,1,1155,WALKING,416,46
16,60.525912183593384,10.824492231720754,59.99187802910039,10.628748107899563,0,1292,WALKING,946,0
17,59.809524903175955,11.523578388225006,59.959314970899605,12.064205015921628,1,558,WALKING,0,35
18,60.01792847566103,11.393082305677545,59.96582758253976,11.486293793211447,0,1032,WALKING,451,0
19,59.54902043756962,10.740601892940242,60.36960950422959,11.318513115650426,1,537,WALKING,0,97
20,60.291458164547684,11.122768991829235,60.356584280949264,11.374440008170765,1,455,WALKING,0,16
