id,pickup_latitude,pickup_longitude,dropoff_latitude,dropoff_longitude,request_type,request_time,mobility_type,call_time,direct_drive_time
1,59.62056666739299,10.523345051168109,59.575788129947064,10.602055378948315,1,559,WALKING,0,7
2,59.678139072680615,10.939385355149193,59.761299213651625,10.770720367048755,0,490,WALKING,448,14
3,60.36261100221124,10.815697697208872,60.452168077103096,11.029340015469428,1,756,WALKING,510,16
4,60.06835204185228,11.254226666270014,60.055558174010585,11.175516338489809,0,1017,WALKING,0,5
5,60.074748975773126,11.051828680549487,60.349817134369545,10.939385355149193,0,913,WALKING,0,32
6,60.24106925771515,11.198005003569868,60.305038596923616,11.198005003569868,0,973,WALKING,787,8
7,60.02357350440635,10.590811046408286,59.972398033039575,10.939385355149193,0,625,WALKING,0,21
8,59.35829237663827,10.804453364668841,59.41586478192589,10.602055378948315,1,636,WALKING,0,14
9,60.010779636564656,11.130539008329691,60.04916124008974,11.321692661510191,1,604,WALKING,0,12
10,60.08754284361482,11.557823644850806,60.24106925771515,11.108050343249634,0,852,WALKING,0,31
11,60.02357350440635,11.287959663890103,60.08754284361482,11.63653397263101,1,1239,WALKING,659,21
12,59.51821572465944,10.748231701968695,59.81887161893925,10.905652357529107,0,1060,WALKING,0,35
13,59.76769614757247,10.467123388467963,59.722917610126544,10.545833716248168,0,368,WALKING,0,7
14,60.10673364537736,12.120040271852272,60.02357350440635,12.075062941692154,0,1141,WALKING,1039,10
15,59.91482562775195,11.16427200594978,59.89563482598941,10.647032709108432,1,1353,WALKING,732,29
16,60.0299704383272,11.254226666270014,59.9212225616728,10.467123388467963,1,1031,WALKING,816,46
17,60.02357350440635,10.83818636228893,60.00438270264381,10.950629687689224,1,677,WALKING,363,7
18,60.09393977753567,10.916896690069136,59.60137586563045,10.849430694828959,1,991,WALKING,0,55
19,59.972398033039575,10.894408024989076,60.52893128415326,11.15302767340975,1,591,WALKING,0,64
20,60.42658034141971,11.029340015469428,60.48415274670733,11.085561678169574,1,1174,WALKING,0,8
