id,pickup_latitude,pickup_longitude,dropoff_latitude,dropoff_longitude,request_type,request_time,mobility_type,call_time,direct_drive_time
1,59.90173152261306,11.235191477386934,60.187660467336684,11.038467145728644,1,1033,WALKING,879,0
2,59.98274472361809,12.066798879396986,59.95415182914573,11.04740916080402,0,422,WALKING,0,0
3,59.958917311557784,11.44979983919598,59.582444201005025,11.19048140201005,1,981,WALKING,0,0
4,59.68728481407035,10.466178180904523,59.53002389447236,11.011641100502512,0,712,WALKING,0,0
5,60.00180665326633,11.235191477386934,59.84454573366834,10.895394904522613,0,428,WALKING,0,0
6,59.92079345226131,11.065293190954774,59.69681577889447,10.841742814070352,1,1020,WALKING,535,0
7,59.73970512060301,10.484062211055276,59.95415182914573,11.405089763819095,0,457,WALKING,0,0
8,59.93032441708542,11.181539386934674,59.97321375879397,11.25307550753769,0,400,WALKING,0,0
9,59.85884218090452,11.21730744723618,59.73493963819095,10.430410120603016,1,1022,WALKING,536,0
10,59.825483804020095,11.083177221105528,59.85884218090452,11.422973793969849,0,1205,WALKING,907,0
11,60.09711630150753,11.262017522613066,59.66822288442211,10.555598331658292,0,421,WALKING,0,0
12,60.25914270351759,11.262017522613066,59.76353253266331,10.993757070351759,1,537,WALKING,0,0
13,59.8493112160804,11.288843567839196,60.101881783919595,11.181539386934674,1,457,WALKING,0,0
14,59.796890909547734,11.145771326633167,59.83501476884422,11.297785582914573,1,971,WALKING,789,0
15,59.56338227135678,11.020583115577889,59.94938634673367,11.914784623115578,1,1045,WALKING,584,0
16,60.08281985427136,11.21730744723618,59.94938634673367,11.387205733668342,0,487,WALKING,0,0
17,59.939855381909545,11.396147748743719,59.69681577889447,10.90433691959799,0,470,WALKING,0,0
18,59.97321375879397,11.30672759798995,59.887435075376885,11.181539386934674,1,1357,WALKING,1098,0
19,59.71587770854271,10.653960497487438,60.130474678391955,11.092119236180904,0,917,WALKING,0,0
20,59.796890909547734,10.984815055276382,60.11617823115578,11.673350216080403,0,1364,WALKING,774,0
