id,pickup_latitude,pickup_longitude,dropoff_latitude,dropoff_longitude,request_type,request_time,mobility_type,call_time,direct_drive_time
1,59.84360804690112,10.627304001641233,60.36594532937754,11.167192710559886,1,452,WALKING,0,66
2,60.141284132613485,11.098635414189262,60.00087088463595,11.492839868320342,0,834,WALKING,616,0
3,59.60771379029886,10.730139946197166,59.922239465768534,10.927242173262707,0,1347,WALKING,366,0
4,59.96155517520224,11.518548854459326,59.995254354716856,10.344505154112415,1,502,WALKING,0,66
5,60.37156185929664,11.11577473828192,59.94470558544494,10.978660145540674,0,1005,WALKING,0,0
6,60.1974494318045,11.098635414189262,59.753743568195496,10.790127580521462,0,936,WALKING,752,0
7,60.43334368840676,10.84154555279943,59.995254354716856,11.449991558088703,1,777,WALKING,0,60
8,59.52908237143144,10.687291635965527,60.06826924366517,11.064356766003952,0,944,WALKING,0,0
9,60.37717838921574,11.587106150829948,60.10196842317978,11.398573585810738,1,550,WALKING,0,33
10,60.15251719245169,11.321446627393787,59.748127038276394,10.807266904614117,0,1088,WALKING,469,0
11,60.36594532937754,10.99579946963333,60.079502303503375,10.99579946963333,1,416,WALKING,0,32
12,59.97840476495955,11.081496090096607,60.48389245767867,10.935811835309034,1,482,WALKING,0,57
13,59.95593864528314,11.132914062374574,59.97278823504045,10.541607381177954,0,929,WALKING,0,0
14,59.68634520916628,11.407143247857064,59.69757826900448,11.518548854459326,0,1187,WALKING,0,0
15,60.1918329018854,11.50140953036667,59.71442785876179,11.15005338646723,1,1006,WALKING,0,57
16,59.69757826900448,11.407143247857064,59.837991516982015,11.158623048513558,1,556,WALKING,402,21
17,60.39964450889215,11.218610682837852,60.141284132613485,11.235750006930509,0,955,WALKING,496,0
18,60.43896021832586,10.944381497355362,59.7874427477101,10.610164677548577,0,1005,WALKING,458,0
19,60.057036183826966,11.287167979208474,60.21429902156181,11.46713088218136,0,996,WALKING,0,0
20,59.927855995687636,11.158623048513558,60.10758495309888,10.970090483494346,0,913,WALKING,668,0
