id,pickup_latitude,pickup_longitude,dropoff_latitude,dropoff_longitude,request_type,request_time,mobility_type,call_time,direct_drive_time
1,60.157909116744136,11.096806010709605,59.844459354622636,10.53458938370814,0,439,WALKING,425,0
2,59.697329874443156,10.894408024989076,60.00438270264381,11.389158656750366,0,414,WALKING,406,0
3,60.055558174010585,11.726488632951245,60.17709991850668,11.670266970251099,0,615,WALKING,609,0
4,59.71012374228485,11.501601982150659,59.722917610126544,10.83818636228893,0,844,WALKING,830,0
5,59.60137586563045,10.950629687689224,59.79328388325586,10.928141022609164,0,1223,WALKING,1210,0
6,59.91482562775195,10.804453364668841,60.13232138106075,11.535334979770747,0,520,WALKING,514,0
7,60.221878455952606,11.411647321830426,60.17709991850668,11.366669991670308,0,391,WALKING,376,0
8,59.91482562775195,10.557078048788197,59.953207231277034,10.3659243956077,0,927,WALKING,914,0
9,60.560915953757494,11.276715331350074,60.49054968062818,11.096806010709605,0,1003,WALKING,997,0
10,59.703726808364,10.647032709108432,60.0299704383272,11.231738001189957,0,983,WALKING,976,0
11,59.65255133699723,10.65827704164846,59.60137586563045,10.770720367048755,0,1102,WALKING,1091,0
12,60.369007936132085,11.344181326590249,60.39459567181547,11.254226666270014,0,782,WALKING,775,0
13,59.63975746915553,10.714498704348607,59.6077727995513,10.66952137418849,0,691,WALKING,683,0
14,60.21548152203176,11.16427200594978,59.85725322246433,10.602055378948315,0,838,WALKING,831,0
15,60.14511524890244,11.299203996430132,60.10673364537736,11.456624651990541,0,1083,WALKING,1076,0
16,59.93401642951449,10.916896690069136,59.953207231277034,11.051828680549487,0,980,WALKING,971,0
17,60.036367372248044,10.53458938370814,59.9212225616728,10.793209032128813,0,893,WALKING,878,0
18,60.42658034141971,11.456624651990541,60.45856501102394,11.400402989290395,0,1173,WALKING,1161,0
19,59.85085628854348,11.130539008329691,59.55659732818452,10.83818636228893,0,409,WALKING,398,0
20,59.678139072680615,10.433390390847874,60.157909116744136,11.209249336109897,0,1132,WALKING,1118,0
