id,pickup_latitude,pickup_longitude,dropoff_latitude,dropoff_longitude,request_type,request_time,mobility_type,call_time,direct_drive_time
1,60.38180180397378,11.220493668649926,59.927619495593646,10.3659243956077,1,547,WALKING,0,70
2,60.42658034141971,11.119294675789662,60.4393742092614,10.961874020229253,0,542,WALKING,0,9
3,59.9212225616728,10.53458938370814,59.844459354622636,10.849430694828959,0,977,WALKING,0,20
4,60.19629072026922,11.51284631469069,60.202687654190065,11.175516338489809,1,1369,WALKING,1316,19
5,59.86365015638518,12.108795939312243,59.97879496696042,12.041329944072066,0,1070,WALKING,0,14
6,59.531009592501135,10.961874020229253,59.55659732818452,11.018095682929399,1,978,WALKING,893,5
7,60.45856501102394,11.175516338489809,60.40099260573632,11.242982333729985,1,406,WALKING,0,8
8,59.98519190088127,11.018095682929399,59.89563482598941,11.321692661510191,0,1053,WALKING,952,20
9,60.138718314981595,11.366669991670308,59.87644402422687,10.692010039268549,1,490,WALKING,0,48
10,60.14511524890244,11.33293699405022,60.17709991850668,11.063073013089516,0,768,WALKING,0,16
11,60.138718314981595,11.085561678169574,59.87644402422687,11.198005003569868,0,856,WALKING,0,30
12,60.08754284361482,11.074317345629545,60.11313057929821,11.096806010709605,1,1330,WALKING,1241,4
13,59.75490227973078,11.287959663890103,59.75490227973078,11.15302767340975,0,876,WALKING,0,8
14,60.18989378634837,11.130539008329691,60.266656993398534,10.995607017849341,0,1017,WALKING,947,12
15,59.953207231277034,11.647778305171041,59.96600109911873,11.726488632951245,0,595,WALKING,0,5
16,59.953207231277034,10.602055378948315,60.2346723237943,11.557823644850806,1,865,WALKING,0,62
17,59.55659732818452,10.849430694828959,60.04276430616889,11.557823644850806,0,1010,WALKING,994,68
18,59.991588834802116,11.580312309930864,60.369007936132085,11.265470998810043,1,478,WALKING,0,46
19,59.991588834802116,10.98436268530931,60.055558174010585,11.31044832897016,0,986,WALKING,957,20
20,60.477755812786484,10.928141022609164,60.38180180397378,11.119294675789662,1,1318,WALKING,1269,15
