id,pickup_latitude,pickup_longitude,dropoff_latitude,dropoff_longitude,request_type,request_time,mobility_type,call_time,direct_drive_time
1,60.06195510793143,10.33219139798761,60.388198737894626,11.074317345629545,1,469,WALKING,0,55
2,59.467040253292666,10.602055378948315,59.550200394263676,10.613299711488343,0,1303,WALKING,780,10
3,60.074748975773126,11.321692661510191,59.86365015638518,11.287959663890103,1,1156,WALKING,613,24
4,60.29864166300277,10.905652357529107,60.2346723237943,10.928141022609164,1,420,WALKING,0,8
5,60.39459567181547,10.939385355149193,60.432977275340555,10.86067502736899,0,898,WALKING,546,7
6,59.79968081717671,10.804453364668841,59.761299213651625,10.849430694828959,0,994,WALKING,0,5
7,59.69093294052231,10.579566713868257,60.010779636564656,11.119294675789662,0,1082,WALKING,790,47
8,59.63975746915553,10.849430694828959,59.7165206762057,10.557078048788197,0,439,WALKING,0,19
9,59.991588834802116,11.16427200594978,59.96600109911873,11.231738001189957,1,443,WALKING,0,5
10,59.7165206762057,10.804453364668841,59.927619495593646,10.433390390847874,1,649,WALKING,0,32
11,59.54380346034283,10.714498704348607,59.531009592501135,10.523345051168109,1,408,WALKING,0,11
12,59.575788129947064,10.613299711488343,59.53740652642198,10.478367721007992,0,948,WALKING,0,9
13,59.703726808364,11.198005003569868,59.678139072680615,11.265470998810043,1,428,WALKING,0,5
14,59.64615440307638,11.377914324210337,59.678139072680615,11.445380319450512,1,819,WALKING,623,6
15,60.04916124008974,11.467868984530572,60.330626332607004,11.82768762581151,1,420,WALKING,0,38
16,60.202687654190065,11.33293699405022,60.17070298458583,11.242982333729985,0,906,WALKING,667,7
17,60.202687654190065,11.16427200594978,60.20908458811091,11.265470998810043,1,910,WALKING,0,6
18,60.42018340749886,11.108050343249634,60.06195510793143,10.961874020229253,1,1363,WALKING,1101,41
19,60.14511524890244,11.051828680549487,59.75490227973078,10.928141022609164,0,926,WALKING,461,44
20,60.19629072026922,11.467868984530572,59.870047090306024,11.400402989290395,1,438,WALKING,0,37
