id,pickup_latitude,pickup_longitude,dropoff_latitude,dropoff_longitude,request_type,request_time,mobility_type,call_time,direct_drive_time
1,59.825268552860095,11.355425659130278,59.78688694933501,11.220493668649926,1,1169,WALKING,632,9
2,60.10673364537736,11.18676067102984,59.64615440307638,10.770720367048755,0,970,WALKING,0,57
3,60.25386312555684,11.389158656750366,60.09393977753567,11.467868984530572,1,471,WALKING,0,19
4,59.991588834802116,10.51210071862808,60.036367372248044,10.647032709108432,1,1239,WALKING,680,10
5,60.02357350440635,10.275969735287465,60.00438270264381,11.018095682929399,1,489,WALKING,0,42
6,59.65255133699723,10.770720367048755,59.79968081717671,10.557078048788197,0,1189,WALKING,801,21
7,60.02357350440635,11.681511302791128,59.89563482598941,10.703254371808578,1,705,WALKING,0,57
8,59.85725322246433,11.321692661510191,60.0299704383272,11.276715331350074,0,1046,WALKING,549,20
9,60.06195510793143,11.040584348009459,59.90203175991026,11.074317345629545,0,1001,WALKING,0,18
10,59.870047090306024,10.53458938370814,59.927619495593646,10.590811046408286,0,406,WALKING,0,8
11,60.100336711456514,11.535334979770747,60.24106925771515,11.31044832897016,0,672,WALKING,548,20
12,60.16430605066498,11.49035764961063,60.11313057929821,11.141783340869722,1,554,WALKING,0,21
13,59.79328388325586,11.445380319450512,59.91482562775195,11.389158656750366,1,820,WALKING,0,14
14,59.927619495593646,11.287959663890103,59.94041336343534,11.130539008329691,1,512,WALKING,0,9
15,59.47343718721351,10.793209032128813,59.697329874443156,10.579566713868257,0,917,WALKING,445,28
16,59.51821572465944,10.736987369428666,59.492627988976054,10.815697697208872,1,570,WALKING,0,6
17,60.27305392731938,11.31044832897016,60.036367372248044,11.051828680549487,0,973,WALKING,652,30
18,59.8124746850184,11.108050343249634,59.83806242070179,11.096806010709605,1,806,WALKING,0,3
19,59.88284095814772,11.00685135038937,59.88284095814772,11.231738001189957,0,952,WALKING,0,13
20,59.77409308149332,11.33293699405022,59.825268552860095,11.703999967871187,1,1177,WALKING,599,22
