id,pickup_latitude,pickup_longitude,dropoff_latitude,dropoff_longitude,request_type,request_time,mobility_type,call_time,direct_drive_time
1,60.11617823115578,11.521335959798995,59.97797924120603,11.458741854271357,0,598,WALKING,436,0
2,60.1257091959799,11.68229223115578,60.08281985427136,10.87751087437186,0,489,WALKING,0,0
3,59.92555893467336,11.288843567839196,59.939855381909545,10.81491676884422,0,413,WALKING,0,0
4,59.51096196482412,11.172597371859297,59.7540015678392,10.716554603015075,0,417,WALKING,0,0
5,59.84454573366834,11.396147748743719,60.08758533668342,11.092119236180904,0,424,WALKING,0,0
6,59.5967406482412,10.993757070351759,59.55385130653266,11.118945281407035,1,904,WALKING,385,0
7,59.99704117085427,11.700176261306533,59.97321375879397,11.387205733668342,1,1025,WALKING,783,0
8,59.887435075376885,11.110003266331658,59.911262487437185,11.324611628140703,0,430,WALKING,0,0
9,59.71587770854271,10.716554603015075,59.606271613065324,10.993757070351759,0,939,WALKING,622,0
10,59.92079345226131,11.59287208040201,59.90173152261306,11.30672759798995,0,396,WALKING,0,0
11,59.658691919597985,10.546656316582915,59.81595283919598,11.16365535678392,1,649,WALKING,517,0
12,60.101881783919595,11.020583115577889,60.15906757286432,11.33355364321608,0,418,WALKING,0,0
13,60.073288889447234,11.288843567839196,59.64439547236181,10.636076467336684,0,400,WALKING,0,0
14,59.93032441708542,11.950552683417085,60.09711630150753,10.537714301507538,0,443,WALKING,0,0
15,59.896966040201,10.886452889447236,59.90173152261306,11.369321703517588,1,1279,WALKING,557,0
16,59.92555893467336,10.85068482914573,59.93032441708542,11.16365535678392,0,470,WALKING,0,0
17,59.83501476884422,11.172597371859297,59.825483804020095,11.16365535678392,1,865,WALKING,365,0
18,59.70158126130653,11.065293190954774,59.78259446231156,11.262017522613066,0,403,WALKING,0,0
19,60.106647266331656,11.208365432160804,59.887435075376885,12.11150895477387,0,431,WALKING,0,0
20,59.99227568844221,11.19048140201005,60.106647266331656,11.369321703517588,0,503,WALKING,382,0
