id,pickup_latitude,pickup_longitude,dropoff_latitude,dropoff_longitude,request_type,request_time,mobility_type,call_time,direct_drive_time
1,60.0171765704855,11.524090647230718,59.69093294052231,11.445380319450512,0,1014,WALKING,0,37
2,59.68453600660146,11.276715331350074,60.119527513219055,10.83818636228893,1,484,WALKING,0,55
3,59.78688694933501,10.65827704164846,59.98519190088127,10.86067502736899,1,610,WALKING,0,25
4,59.658948270918074,10.815697697208872,59.94041336343534,10.781964699588784,1,1134,WALKING,822,32
5,59.825268552860095,10.781964699588784,59.761299213651625,10.916896690069136,1,639,WALKING,0,11
6,59.71012374228485,10.692010039268549,59.71012374228485,10.770720367048755,1,633,WALKING,447,5
7,60.138718314981595,11.220493668649926,60.18989378634837,11.198005003569868,1,437,WALKING,0,6
8,60.04916124008974,11.220493668649926,60.330626332607004,11.051828680549487,1,421,WALKING,0,33
9,59.75490227973078,11.49035764961063,59.722917610126544,11.456624651990541,0,943,WALKING,0,5
10,60.119527513219055,11.051828680549487,60.31783246476531,11.051828680549487,1,1029,WALKING,390,23
11,60.18989378634837,10.804453364668841,60.11313057929821,10.928141022609164,1,678,WALKING,481,11
12,60.477755812786484,11.051828680549487,60.119527513219055,11.377914324210337,0,929,WALKING,0,44
13,60.24746619163599,11.051828680549487,60.202687654190065,11.15302767340975,0,937,WALKING,0,8
14,59.91482562775195,10.51210071862808,59.8124746850184,10.444634723387905,0,1033,WALKING,384,12
15,59.614169733472146,10.871919359909018,59.65255133699723,10.905652357529107,1,682,WALKING,0,5
16,60.54172515199495,10.939385355149193,60.52893128415326,10.973118352769282,1,503,WALKING,367,3
17,60.32422939868616,11.15302767340975,60.119527513219055,11.074317345629545,0,1089,WALKING,713,24
18,59.95960416519788,10.995607017849341,60.10673364537736,10.98436268530931,1,447,WALKING,0,17
19,59.88284095814772,11.703999967871187,59.86365015638518,11.625289640090982,0,631,WALKING,395,5
20,59.97879496696042,11.321692661510191,59.991588834802116,11.276715331350074,0,831,WALKING,0,3
