id,pickup_latitude,pickup_longitude,dropoff_latitude,dropoff_longitude,request_type,request_time,mobility_type,call_time,direct_drive_time
1,60.477755812786484,11.175516338489809,60.08114590969397,11.467868984530572,0,1007,WALKING,0,0
2,59.76769614757247,10.478367721007992,59.83806242070179,10.377168728147728,0,900,WALKING,0,0
3,59.65255133699723,11.647778305171041,59.67174213875977,11.681511302791128,0,854,WALKING,0,0
4,59.56299426210537,10.894408024989076,59.72931454404739,10.478367721007992,0,1053,WALKING,0,0
5,60.036367372248044,11.895153621051685,60.0171765704855,11.850176290891568,0,1051,WALKING,0,0
6,60.33702326652785,10.995607017849341,60.388198737894626,10.98436268530931,0,1123,WALKING,0,0
7,60.0171765704855,10.973118352769282,60.036367372248044,10.894408024989076,0,958,WALKING,0,0
8,60.40738953965717,11.220493668649926,60.202687654190065,11.220493668649926,0,1168,WALKING,0,0
9,59.991588834802116,10.973118352769282,59.927619495593646,10.871919359909018,0,893,WALKING,0,0
10,60.3434202004487,10.86067502736899,60.17070298458583,11.175516338489809,1,437,WALKING,0,0
11,60.285847795161075,11.18676067102984,59.87644402422687,10.83818636228893,0,1105,WALKING,0,0
12,59.45424638545097,10.287214067827493,59.550200394263676,10.647032709108432,0,880,WALKING,0,0
13,60.26026005947769,11.434135986910483,59.927619495593646,10.444634723387905,0,1070,WALKING,941,0
14,59.54380346034283,10.759476034508724,59.58218506386791,10.826942029748901,1,702,WALKING,562,0
15,59.88284095814772,10.68076570672852,59.77409308149332,10.613299711488343,1,991,WALKING,458,0
16,59.658948270918074,11.15302767340975,59.77409308149332,11.535334979770747,1,593,WALKING,366,0
17,59.927619495593646,11.254226666270014,59.8124746850184,11.108050343249634,0,840,WALKING,377,0
18,60.09393977753567,11.692755635331158,59.94041336343534,11.029340015469428,1,917,WALKING,579,0
19,60.42018340749886,11.051828680549487,60.2346723237943,11.299203996430132,1,562,WALKING,390,0
20,60.33702326652785,11.16427200594978,60.32422939868616,11.242982333729985,1,581,WALKING,431,0
