id,pickup_latitude,pickup_longitude,dropoff_latitude,dropoff_longitude,request_type,request_time,mobility_type,call_time,direct_drive_time
1,60.08305459206261,11.290549669390256,60.44124823227133,10.899061421747874,0,1272,WALKING,1087,0
2,60.06351675714214,11.225301628116524,59.65973483545231,10.815171082967362,1,472,WALKING,0,51
3,60.317508611108316,11.234622776869914,60.21981943650594,11.001594058035163,0,899,WALKING,619,0
4,59.89418885449802,10.768565339200412,59.75091139841453,11.421045751937715,0,1025,WALKING,0,0
5,59.60112133069089,10.721959595433463,60.25889510634689,11.225301628116524,1,510,WALKING,0,79
6,59.575070884130255,10.787207636707192,59.855113184657064,11.523578388225006,1,459,WALKING,0,52
7,60.01792847566103,11.001594058035163,59.78347445661532,11.579505280745346,1,514,WALKING,0,42
8,60.27192032962721,11.327834264403815,59.98536541746024,11.523578388225006,1,481,WALKING,0,34
9,59.959314970899605,11.579505280745346,60.0374663105815,11.104126694322455,0,982,WALKING,712,0
10,59.81603751481612,11.029557504295333,60.25889510634689,11.169374735596184,0,1021,WALKING,521,0
11,59.82906273809643,10.479609727845322,59.3796925349255,10.740601892940242,1,442,WALKING,0,53
12,60.39565995079022,10.917703719254654,59.78347445661532,11.085484396815675,0,1041,WALKING,445,0
13,60.1156176502634,11.122768991829235,59.620659165611364,10.740601892940242,0,1347,WALKING,910,0
14,60.030953698941346,11.327834264403815,60.35007166930911,11.225301628116524,1,472,WALKING,0,36
15,60.23284465978626,11.504936090718227,59.77696184497517,11.383761156924155,0,1046,WALKING,560,0
16,59.933264524338966,11.057520950555505,59.451331262967244,10.656711554159733,1,455,WALKING,0,59
17,59.913726689418496,10.992272909281773,60.148180708464196,11.160053586842794,1,449,WALKING,0,28
18,60.193768989945305,11.243943925623304,60.16771854338467,11.197338181856354,1,434,WALKING,0,4
19,59.60763394233105,10.582142364132611,60.05700414550198,11.038878653048725,0,902,WALKING,481,0
20,59.90070146613817,11.365118859417375,60.525912183593384,10.777886487953802,1,467,WALKING,0,77
