id,pickup_latitude,pickup_longitude,dropoff_latitude,dropoff_longitude,request_type,request_time,mobility_type,call_time,direct_drive_time
1,60.11881801293708,11.167192710559886,59.97840476495955,11.192901696698868,0,1101,WALKING,920,0
2,59.641412969813466,10.6787219739192,59.97278823504045,11.064356766003952,1,423,WALKING,0,43
3,59.97278823504045,11.167192710559886,60.34909573962024,11.54425784059831,0,893,WALKING,440,0
4,59.97278823504045,10.970090483494346,59.94470558544494,11.10720507623559,0,1046,WALKING,901,0
5,59.7649766280337,10.653012987780217,59.74251050835729,10.772988256428805,0,1077,WALKING,829,0
6,59.98402129487865,11.012938793725985,59.61333032021796,10.738709608243495,0,1013,WALKING,0,0
7,60.32101309002473,11.235750006930509,60.02895353423146,10.987229807587001,1,427,WALKING,0,36
8,60.02895353423146,11.055787103957623,60.32662961994383,11.055787103957623,1,480,WALKING,0,34
9,60.39402797897305,11.081496090096607,60.270464320752815,11.210041020791525,1,427,WALKING,0,16
10,60.292930440429224,11.304307303301131,59.96155517520224,11.304307303301131,1,419,WALKING,0,37
11,60.012103944474156,10.48161974685366,59.837991516982015,10.507328732992644,1,530,WALKING,360,20
12,59.967171705121345,10.987229807587001,60.15251719245169,11.492839868320342,0,880,WALKING,575,0
13,59.79867580754831,10.901533187123723,60.057036183826966,11.021508455772313,1,414,WALKING,0,30
14,60.02333700431236,11.192901696698868,60.28169738059102,11.218610682837852,1,437,WALKING,0,29
15,59.54031543126965,10.730139946197166,59.69757826900448,10.824406228706772,1,403,WALKING,0,19
16,59.97840476495955,11.175762372606213,60.08511883342248,11.038647779864968,0,884,WALKING,704,0
17,59.96155517520224,10.558746705270611,60.034570064150564,11.004369131679658,0,788,WALKING,520,0
18,60.07388577358427,11.11577473828192,60.23676514123821,11.124344400328246,1,449,WALKING,0,19
19,59.84360804690112,11.827056688127128,60.34909573962024,10.961520821448017,1,523,WALKING,0,74
20,60.02333700431236,11.235750006930509,60.079502303503375,11.42428257194972,1,474,WALKING,0,13
