id,pickup_latitude,pickup_longitude,dropoff_latitude,dropoff_longitude,request_type,request_time,mobility_type,call_time,direct_drive_time
1,59.72931454404739,11.175516338489809,59.703726808364,11.108050343249634,0,1085,WALKING,521,0
2,59.972398033039575,10.523345051168109,60.138718314981595,11.198005003569868,1,513,WALKING,0,42
3,59.85085628854348,10.883163692449047,59.83806242070179,10.973118352769282,1,442,WALKING,0,6
4,59.69093294052231,10.883163692449047,59.87644402422687,10.579566713868257,1,415,WALKING,0,27
5,59.825268552860095,10.714498704348607,59.78688694933501,10.635788376568403,1,395,WALKING,0,7
6,59.88284095814772,11.198005003569868,59.91482562775195,11.287959663890103,0,1334,WALKING,1191,0
7,60.036367372248044,10.950629687689224,60.04276430616889,10.939385355149193,0,859,WALKING,0,0
8,60.29224472908192,11.096806010709605,60.31783246476531,11.18676067102984,1,446,WALKING,0,6
9,60.11313057929821,11.299203996430132,60.10673364537736,11.119294675789662,0,886,WALKING,0,0
10,59.65255133699723,10.883163692449047,59.658948270918074,10.826942029748901,0,1122,WALKING,801,0
11,59.908428693831105,11.096806010709605,59.99798576872296,11.063073013089516,1,437,WALKING,0,11
12,59.98519190088127,10.242236737667376,59.972398033039575,10.20850374004729,0,890,WALKING,369,0
13,59.870047090306024,10.894408024989076,59.870047090306024,11.051828680549487,1,571,WALKING,400,9
14,59.96600109911873,11.389158656750366,59.89563482598941,11.4791133170706,1,415,WALKING,0,10
15,60.35621406829039,11.18676067102984,60.100336711456514,11.434135986910483,0,1027,WALKING,614,0
16,59.953207231277034,11.389158656750366,59.94681029735619,11.33293699405022,0,1154,WALKING,987,0
17,59.9212225616728,10.523345051168109,59.97879496696042,10.557078048788197,1,448,WALKING,0,7
18,60.04916124008974,11.355425659130278,59.69093294052231,10.83818636228893,1,429,WALKING,0,50
19,59.722917610126544,11.400402989290395,59.83806242070179,10.905652357529107,1,520,WALKING,361,31
20,59.58858199778876,11.108050343249634,59.697329874443156,11.141783340869722,0,942,WALKING,0,0
