id,pickup_latitude,pickup_longitude,dropoff_latitude,dropoff_longitude,request_type,request_time,mobility_type,call_time,direct_drive_time
1,60.09711630150753,11.494509914572864,59.69205029648241,10.582424376884422,0,464,WALKING,0,0
2,59.68728481407035,10.564540346733668,59.911262487437185,10.680786542713568,1,1049,WALKING,571,0
3,59.8493112160804,11.369321703517588,59.69681577889447,10.636076467336684,1,917,WALKING,425,0
4,60.01610310050251,11.458741854271357,59.82071832160804,10.940104979899498,1,944,WALKING,0,0
5,60.049461477386934,10.770206693467337,59.911262487437185,11.99526275879397,1,866,WALKING,628,0
6,59.958917311557784,11.21730744723618,59.896966040201,11.297785582914573,1,913,WALKING,0,0
7,59.70634674371859,10.841742814070352,59.720643190954775,10.618192437185929,0,417,WALKING,0,0
8,59.935089899497484,11.843248502512562,60.00180665326633,12.11150895477387,1,965,WALKING,556,0
9,59.85407669849246,11.959494698492461,59.882669592964824,12.11150895477387,1,1050,WALKING,0,0
10,60.078054371859295,11.583930065326633,59.71587770854271,10.376758030150754,1,1037,WALKING,0,0
11,59.95415182914573,11.65546618592965,59.777828979899496,10.81491676884422,1,769,WALKING,0,0
12,59.66822288442211,10.519830271356783,59.8493112160804,11.262017522613066,0,851,WALKING,0,0
13,59.64439547236181,10.609250422110552,59.911262487437185,11.789596412060302,1,903,WALKING,0,0
14,59.53002389447236,11.19048140201005,59.84454573366834,11.19048140201005,0,384,WALKING,0,0
15,60.078054371859295,11.16365535678392,59.98751020603015,11.861132532663317,0,481,WALKING,360,0
16,59.97321375879397,11.852190517587939,59.51572744723618,11.369321703517588,1,954,WALKING,490,0
17,59.53002389447236,11.19048140201005,59.90649700502512,10.841742814070352,1,923,WALKING,0,0
18,59.8493112160804,11.33355364321608,59.935089899497484,11.101061251256281,0,479,WALKING,0,0
19,59.85884218090452,12.11150895477387,59.90173152261306,12.129392984924623,1,1009,WALKING,471,0
20,59.92079345226131,11.476625884422111,59.887435075376885,11.941610668341708,1,891,WALKING,655,0
