id,pickup_latitude,pickup_longitude,dropoff_latitude,dropoff_longitude,request_type,request_time,mobility_type,call_time,direct_drive_time
1,60.138718314981595,11.130539008329691,60.17709991850668,11.265470998810043,1,1070,WALKING,885,9
2,59.94041336343534,10.624544044028374,59.93401642951449,10.65827704164846,1,474,WALKING,0,3
3,60.010779636564656,10.545833716248168,59.89563482598941,10.568322381328226,0,993,WALKING,377,13
4,60.50334354846987,10.793209032128813,60.452168077103096,10.770720367048755,0,858,WALKING,502,6
5,60.33702326652785,10.995607017849341,59.91482562775195,11.130539008329691,0,921,WALKING,0,48
6,59.85725322246433,10.35468006306767,59.658948270918074,10.624544044028374,1,411,WALKING,0,27
7,60.35621406829039,10.826942029748901,60.45856501102394,11.355425659130278,0,366,WALKING,0,32
8,60.17070298458583,10.973118352769282,60.06195510793143,11.040584348009459,1,1273,WALKING,1076,13
9,60.20908458811091,11.209249336109897,60.1259244471399,11.18676067102984,1,385,WALKING,0,10
10,60.074748975773126,11.074317345629545,60.055558174010585,10.883163692449047,0,946,WALKING,0,11
11,60.036367372248044,10.98436268530931,59.99798576872296,11.018095682929399,1,1017,WALKING,0,5
12,59.48623105505521,10.590811046408286,59.550200394263676,10.647032709108432,0,936,WALKING,0,8
13,60.42018340749886,11.175516338489809,60.45856501102394,11.16427200594978,1,823,WALKING,0,5
14,59.99798576872296,11.18676067102984,60.119527513219055,11.130539008329691,0,1062,WALKING,749,14
15,60.09393977753567,11.096806010709605,59.991588834802116,11.254226666270014,0,964,WALKING,823,15
16,60.04276430616889,10.928141022609164,60.055558174010585,11.00685135038937,0,499,WALKING,0,5
17,59.93401642951449,11.074317345629545,60.369007936132085,11.31044832897016,0,1035,WALKING,0,51
18,59.78688694933501,10.647032709108432,59.99798576872296,11.31044832897016,1,441,WALKING,0,44
19,59.63336053523469,10.613299711488343,59.81887161893925,10.781964699588784,0,1001,WALKING,849,23
20,60.0299704383272,11.242982333729985,60.074748975773126,11.15302767340975,1,640,WALKING,371,8
