id,pickup_latitude,pickup_longitude,dropoff_latitude,dropoff_longitude,request_type,request_time,mobility_type,call_time,direct_drive_time
1,60.16771854338467,11.197338181856354,59.73137356349406,10.405040537818202,1,513,WALKING,0,66
2,59.789987068255485,11.066842099308895,59.952802359259444,11.383761156924155,0,1088,WALKING,943,0
3,60.06351675714214,11.234622776869914,59.93977713597913,11.197338181856354,0,1057,WALKING,896,0
4,59.77044923333501,10.777886487953802,59.93977713597913,10.992272909281773,0,830,WALKING,623,0
5,59.86813840793739,10.535536620365662,59.88767624285786,11.038878653048725,0,904,WALKING,678,0
6,59.933264524338966,10.945667165514823,59.58158349577041,10.628748107899563,1,469,WALKING,0,43
7,60.317508611108316,10.833813380474144,60.265407717987046,11.066842099308895,0,912,WALKING,727,0
8,60.200281601585466,11.141411289336014,60.1156176502634,11.160053586842794,1,400,WALKING,0,10
9,59.8030122915358,10.638069256652953,60.356584280949264,11.038878653048725,1,543,WALKING,0,66
10,59.959314970899605,10.973630611774993,60.35007166930911,11.038878653048725,1,454,WALKING,0,44
11,60.23284465978626,11.523578388225006,59.835575349736594,11.243943925623304,1,453,WALKING,0,47
12,59.861625796297226,10.843134529227534,60.310995999468155,11.225301628116524,0,956,WALKING,686,0
13,59.84208796137675,10.899061421747874,59.63368438889168,10.591463512886001,1,429,WALKING,0,29
14,60.05700414550198,11.085484396815675,59.89418885449802,11.234622776869914,0,942,WALKING,0,0
15,60.46729867883196,11.094805545569065,60.356584280949264,11.215980479363134,1,478,WALKING,0,14
16,60.05049153386182,10.638069256652953,59.744398786774376,10.768565339200412,1,1290,WALKING,970,35
17,60.193768989945305,11.113447843075845,59.99187802910039,11.607468727005516,1,521,WALKING,0,36
18,60.40217256243038,11.132090140582624,59.92675191269881,11.467651495704667,1,441,WALKING,0,57
19,60.37612211586974,11.215980479363134,59.58809610741057,10.861776826734314,1,551,WALKING,0,90
20,59.94628974761928,11.290549669390256,60.13515548518388,11.122768991829235,0,942,WALKING,537,0
