id,pickup_latitude,pickup_longitude,dropoff_latitude,dropoff_longitude,request_type,request_time,mobility_type,call_time,direct_drive_time
1,59.96600109911873,10.545833716248168,59.97879496696042,10.613299711488343,1,413,WALKING,0,5
2,59.703726808364,10.613299711488343,59.72931454404739,11.018095682929399,1,492,WALKING,0,23
3,59.972398033039575,10.916896690069136,60.06835204185228,11.00685135038937,0,588,WALKING,0,12
4,59.742108411889085,11.670266970251099,59.87644402422687,11.445380319450512,1,1024,WALKING,0,20
5,59.81887161893925,11.614045307550953,59.86365015638518,11.49035764961063,1,1163,WALKING,0,9
6,59.94681029735619,10.309702732907553,59.9212225616728,10.647032709108432,0,959,WALKING,628,20
7,59.96600109911873,11.535334979770747,59.86365015638518,11.51284631469069,1,575,WALKING,0,12
8,59.93401642951449,11.096806010709605,59.99798576872296,10.883163692449047,1,693,WALKING,0,14
9,60.15151218282329,11.321692661510191,60.16430605066498,11.198005003569868,0,978,WALKING,0,7
10,59.806077751097554,11.175516338489809,60.2346723237943,11.434135986910483,0,974,WALKING,0,50
11,59.953207231277034,10.444634723387905,59.95960416519788,10.399657393227788,0,1275,WALKING,1029,3
12,60.432977275340555,11.018095682929399,60.37540487005293,10.905652357529107,1,1322,WALKING,467,9
13,60.4393742092614,10.939385355149193,59.96600109911873,11.400402989290395,1,1348,WALKING,1095,59
14,60.17709991850668,11.074317345629545,60.221878455952606,11.051828680549487,1,612,WALKING,0,6
15,60.38180180397378,10.995607017849341,59.79968081717671,10.793209032128813,1,1261,WALKING,735,66
16,60.24106925771515,11.074317345629545,59.64615440307638,10.65827704164846,1,1046,WALKING,818,71
17,59.96600109911873,11.31044832897016,59.94041336343534,11.265470998810043,0,1351,WALKING,1159,4
18,60.074748975773126,11.591556642470893,59.953207231277034,10.894408024989076,1,493,WALKING,0,42
19,60.0299704383272,11.422891654370455,60.074748975773126,11.400402989290395,0,861,WALKING,518,6
20,59.94041336343534,11.299203996430132,59.96600109911873,11.377914324210337,0,973,WALKING,0,6
