id,pickup_latitude,pickup_longitude,dropoff_latitude,dropoff_longitude,request_type,request_time,mobility_type,call_time,direct_drive_time
1,60.08114590969397,11.377914324210337,60.06835204185228,11.467868984530572,0,1000,WALKING,409,6
2,59.991588834802116,11.65902263771107,59.68453600660146,11.647778305171041,1,1012,WALKING,532,35
3,59.761299213651625,11.063073013089516,59.81887161893925,11.096806010709605,1,900,WALKING,0,7
4,59.95960416519788,11.063073013089516,60.42658034141971,11.355425659130278,1,506,WALKING,0,55
5,59.91482562775195,11.085561678169574,59.77409308149332,10.950629687689224,0,827,WALKING,0,18
6,60.432977275340555,10.894408024989076,60.55451901983665,10.65827704164846,1,457,WALKING,0,19
7,60.16430605066498,10.973118352769282,59.62696360131384,11.040584348009459,1,456,WALKING,0,60
8,59.94041336343534,10.883163692449047,60.00438270264381,11.085561678169574,0,1099,WALKING,0,14
9,59.63336053523469,10.647032709108432,60.010779636564656,11.15302767340975,0,697,WALKING,0,51
10,60.06835204185228,10.781964699588784,59.94681029735619,11.175516338489809,1,583,WALKING,364,26
11,59.67174213875977,10.568322381328226,59.71012374228485,10.928141022609164,1,433,WALKING,0,21
12,60.02357350440635,11.040584348009459,59.972398033039575,11.085561678169574,1,572,WALKING,404,7
13,59.972398033039575,11.366669991670308,59.71012374228485,10.98436268530931,0,903,WALKING,0,37
14,60.55451901983665,11.108050343249634,60.50974048239072,10.939385355149193,0,1009,WALKING,362,11
15,60.50974048239072,11.051828680549487,60.50334354846987,10.973118352769282,1,1012,WALKING,0,5
16,60.13232138106075,12.120040271852272,60.119527513219055,12.187506267092447,0,757,WALKING,454,4
17,60.4393742092614,11.141783340869722,60.432977275340555,10.916896690069136,1,1221,WALKING,861,13
18,60.50974048239072,10.86067502736899,60.22827538987345,11.074317345629545,1,854,WALKING,0,34
19,60.15151218282329,11.647778305171041,60.157909116744136,11.580312309930864,0,895,WALKING,524,4
20,60.39459567181547,10.905652357529107,60.22827538987345,11.737732965491276,1,435,WALKING,0,50
