id,pickup_latitude,pickup_longitude,dropoff_latitude,dropoff_longitude,request_type,request_time,mobility_type,call_time,direct_drive_time
1,59.81887161893925,11.389158656750366,59.87644402422687,11.670266970251099,0,820,WALKING,0,17
2,60.138718314981595,11.422891654370455,59.98519190088127,10.928141022609164,0,1014,WALKING,0,33
3,60.31143553084446,11.108050343249634,59.953207231277034,11.220493668649926,1,443,WALKING,0,41
4,60.14511524890244,11.063073013089516,60.1259244471399,11.141783340869722,0,1056,WALKING,867,5
5,59.94681029735619,11.569067977390835,59.889237892068564,11.355425659130278,0,1101,WALKING,0,14
6,60.29864166300277,11.231738001189957,60.32422939868616,11.377914324210337,0,1009,WALKING,0,9
7,59.67174213875977,10.793209032128813,59.972398033039575,11.051828680549487,1,499,WALKING,385,37
8,59.63975746915553,10.759476034508724,59.83166548678094,11.242982333729985,0,1052,WALKING,0,35
9,60.13232138106075,11.33293699405022,60.13232138106075,11.614045307550953,0,1102,WALKING,808,16
10,59.991588834802116,10.444634723387905,59.79968081717671,10.725743036888638,0,951,WALKING,0,27
11,60.369007936132085,11.242982333729985,60.388198737894626,11.265470998810043,0,1030,WALKING,541,3
12,59.6077727995513,10.83818636228893,59.678139072680615,10.725743036888638,0,1120,WALKING,0,11
13,60.39459567181547,11.389158656750366,60.42658034141971,11.096806010709605,1,1010,WALKING,807,17
14,60.285847795161075,10.793209032128813,59.85725322246433,10.703254371808578,1,577,WALKING,0,48
15,59.844459354622636,11.051828680549487,59.89563482598941,11.00685135038937,0,713,WALKING,0,7
16,59.614169733472146,10.86067502736899,59.81887161893925,10.86067502736899,0,897,WALKING,0,23
17,60.157909116744136,11.265470998810043,60.285847795161075,10.973118352769282,1,411,WALKING,362,22
18,59.991588834802116,10.736987369428666,60.47135887886564,10.883163692449047,1,605,WALKING,522,54
19,60.50334354846987,11.15302767340975,60.56731288767834,11.108050343249634,1,573,WALKING,0,8
20,59.99798576872296,10.793209032128813,59.85725322246433,11.18676067102984,0,741,WALKING,593,27
