id,pickup_latitude,pickup_longitude,dropoff_latitude,dropoff_longitude,request_type,request_time,mobility_type,call_time,direct_drive_time
1,60.39459567181547,11.242982333729985,60.42018340749886,11.220493668649926,0,1062,WALKING,0,0
2,59.69093294052231,10.478367721007992,59.575788129947064,10.65827704164846,0,1360,WALKING,0,0
3,59.76769614757247,10.647032709108432,59.7165206762057,11.16427200594978,0,871,WALKING,0,0
4,60.08754284361482,10.894408024989076,59.58858199778876,10.961874020229253,0,996,WALKING,0,0
5,60.08114590969397,11.344181326590249,60.08754284361482,11.265470998810043,1,463,WALKING,0,0
6,60.04276430616889,11.287959663890103,59.51821572465944,10.759476034508724,0,896,WALKING,0,0
7,60.10673364537736,11.018095682929399,60.305038596923616,10.871919359909018,0,885,WALKING,0,0
8,60.08754284361482,10.399657393227788,60.06835204185228,10.826942029748901,1,755,WALKING,0,0
9,59.870047090306024,11.16427200594978,60.17070298458583,11.175516338489809,0,868,WALKING,0,0
10,59.58858199778876,10.871919359909018,59.62696360131384,11.265470998810043,0,929,WALKING,0,0
11,60.0171765704855,11.119294675789662,59.927619495593646,11.16427200594978,1,514,WALKING,0,0
12,60.330626332607004,11.389158656750366,60.31143553084446,11.276715331350074,1,479,WALKING,0,0
13,59.41586478192589,10.793209032128813,59.467040253292666,11.00685135038937,1,544,WALKING,393,0
14,60.157909116744136,11.456624651990541,59.91482562775195,11.198005003569868,1,503,WALKING,371,0
15,59.55659732818452,10.590811046408286,59.722917610126544,11.00685135038937,1,535,WALKING,367,0
16,59.91482562775195,10.804453364668841,59.703726808364,10.725743036888638,1,911,WALKING,489,0
17,59.79328388325586,10.53458938370814,59.79328388325586,11.535334979770747,1,610,WALKING,473,0
18,59.953207231277034,11.00685135038937,59.806077751097554,10.928141022609164,1,628,WALKING,400,0
19,60.349817134369545,11.287959663890103,60.25386312555684,11.366669991670308,0,1016,WALKING,538,0
20,59.9212225616728,11.220493668649926,59.908428693831105,11.33293699405022,1,1287,WALKING,625,0
