id,pickup_latitude,pickup_longitude,dropoff_latitude,dropoff_longitude,request_type,request_time,mobility_type,call_time,direct_drive_time
1,59.68453600660146,10.444634723387905,59.65255133699723,10.545833716248168,1,460,WALKING,0,7
2,60.08754284361482,11.231738001189957,59.63975746915553,10.905652357529107,1,1274,WALKING,0,54
3,59.93401642951449,10.98436268530931,60.452168077103096,10.961874020229253,0,888,WALKING,0,0
4,59.68453600660146,11.18676067102984,59.56299426210537,11.051828680549487,1,553,WALKING,0,16
5,59.67174213875977,11.389158656750366,59.77409308149332,11.242982333729985,1,1005,WALKING,0,15
6,60.02357350440635,11.569067977390835,59.703726808364,11.130539008329691,1,1257,WALKING,754,44
7,60.3434202004487,11.389158656750366,60.31143553084446,11.18676067102984,1,503,WALKING,0,12
8,60.24746619163599,11.175516338489809,59.97879496696042,11.130539008329691,1,1243,WALKING,472,30
9,59.953207231277034,11.625289640090982,59.95960416519788,11.445380319450512,1,758,WALKING,575,11
10,59.97879496696042,10.98436268530931,60.06195510793143,10.883163692449047,1,428,WALKING,0,11
11,59.81887161893925,10.422146058307845,59.722917610126544,10.568322381328226,0,940,WALKING,517,0
12,60.074748975773126,11.141783340869722,60.1259244471399,11.220493668649926,0,1240,WALKING,0,0
13,60.04276430616889,11.063073013089516,60.119527513219055,11.265470998810043,1,512,WALKING,0,15
14,60.0171765704855,11.4791133170706,60.04916124008974,11.16427200594978,1,705,WALKING,510,18
15,60.496946614549024,10.939385355149193,60.33702326652785,11.366669991670308,0,886,WALKING,0,0
16,59.91482562775195,11.16427200594978,59.88284095814772,10.939385355149193,1,1339,WALKING,798,14
17,60.06195510793143,11.299203996430132,60.036367372248044,11.287959663890103,0,941,WALKING,0,0
18,59.91482562775195,10.916896690069136,59.7165206762057,10.590811046408286,0,835,WALKING,636,0
19,59.81887161893925,10.804453364668841,60.202687654190065,11.793954628191422,1,983,WALKING,442,70
20,60.1259244471399,11.074317345629545,60.0299704383272,11.198005003569868,1,414,WALKING,0,13
