id,pickup_latitude,pickup_longitude,dropoff_latitude,dropoff_longitude,request_type,request_time,mobility_type,call_time,direct_drive_time
1,59.94681029735619,11.029340015469428,60.08114590969397,10.995607017849341,1,464,WALKING,0,16
2,60.32422939868616,11.029340015469428,60.17709991850668,11.299203996430132,1,439,WALKING,0,23
3,59.806077751097554,11.535334979770747,59.927619495593646,11.647778305171041,1,515,WALKING,0,15
4,60.24106925771515,11.33293699405022,60.14511524890244,11.209249336109897,0,1321,WALKING,884,0
5,59.87644402422687,11.670266970251099,59.96600109911873,11.737732965491276,1,455,WALKING,0,11
6,59.75490227973078,11.254226666270014,59.78688694933501,11.265470998810043,0,983,WALKING,0,0
7,60.20908458811091,11.141783340869722,60.40738953965717,11.198005003569868,0,906,WALKING,551,0
8,60.16430605066498,11.715244300411216,60.13232138106075,11.625289640090982,1,400,WALKING,0,7
9,60.1259244471399,10.995607017849341,59.85085628854348,11.33293699405022,0,1032,WALKING,755,0
10,60.44577114318225,11.063073013089516,60.29224472908192,11.130539008329691,0,902,WALKING,0,0
11,59.575788129947064,11.00685135038937,59.58858199778876,11.00685135038937,0,907,WALKING,426,0
12,60.08114590969397,11.141783340869722,59.86365015638518,10.399657393227788,1,1034,WALKING,583,48
13,59.94681029735619,11.130539008329691,59.79328388325586,10.568322381328226,0,888,WALKING,376,0
14,60.1259244471399,11.198005003569868,60.27305392731938,11.108050343249634,0,950,WALKING,578,0
15,60.32422939868616,11.287959663890103,60.413786473578014,11.198005003569868,0,892,WALKING,0,0
16,59.66534520483892,10.703254371808578,59.658948270918074,10.714498704348607,1,465,WALKING,0,1
17,60.010779636564656,11.18676067102984,60.04276430616889,11.119294675789662,1,510,WALKING,0,6
18,60.49054968062818,11.15302767340975,60.24106925771515,11.16427200594978,0,994,WALKING,728,0
19,59.72931454404739,10.883163692449047,59.7165206762057,10.871919359909018,0,972,WALKING,0,0
20,59.8124746850184,10.849430694828959,59.78688694933501,10.826942029748901,1,384,WALKING,0,4
