id,pickup_latitude,pickup_longitude,dropoff_latitude,dropoff_longitude,request_type,request_time,mobility_type,call_time,direct_drive_time
1,59.81887161893925,11.063073013089516,59.79968081717671,10.928141022609164,1,422,WALKING,0,8
2,60.1259244471399,11.703999967871187,60.138718314981595,11.82768762581151,0,1070,WALKING,479,0
3,60.40738953965717,10.961874020229253,60.369007936132085,11.063073013089516,1,951,WALKING,449,8
4,59.77409308149332,11.074317345629545,59.76769614757247,11.096806010709605,0,1064,WALKING,590,0
5,59.64615440307638,10.725743036888638,59.531009592501135,10.703254371808578,0,593,WALKING,398,0
6,60.00438270264381,10.973118352769282,59.953207231277034,11.018095682929399,0,1018,WALKING,0,0
7,60.04276430616889,11.254226666270014,59.83166548678094,11.422891654370455,0,787,WALKING,573,0
8,59.93401642951449,10.399657393227788,59.62056666739299,10.557078048788197,1,579,WALKING,0,36
9,59.87644402422687,11.220493668649926,59.89563482598941,10.759476034508724,0,861,WALKING,0,0
10,59.9212225616728,11.130539008329691,59.99798576872296,11.029340015469428,1,439,WALKING,0,11
11,59.428658649767584,10.65827704164846,59.47983412113436,10.692010039268549,0,980,WALKING,0,0
12,60.17070298458583,11.130539008329691,60.183496852427524,11.00685135038937,1,581,WALKING,0,7
13,59.81887161893925,10.770720367048755,59.71012374228485,10.422146058307845,1,459,WALKING,0,23
14,60.06195510793143,11.276715331350074,60.04276430616889,11.389158656750366,1,398,WALKING,0,7
15,59.97879496696042,11.782710295651393,60.02357350440635,11.850176290891568,0,1189,WALKING,651,0
16,59.89563482598941,10.590811046408286,60.221878455952606,11.15302767340975,1,430,WALKING,0,48
17,59.63336053523469,10.759476034508724,59.69093294052231,10.736987369428666,1,442,WALKING,0,7
18,60.04276430616889,10.815697697208872,60.02357350440635,10.849430694828959,0,864,WALKING,584,0
19,59.96600109911873,11.344181326590249,59.99798576872296,11.15302767340975,0,839,WALKING,0,0
20,59.83806242070179,10.83818636228893,59.90203175991026,10.725743036888638,1,1245,WALKING,833,10
