id,pickup_latitude,pickup_longitude,dropoff_latitude,dropoff_longitude,request_type,request_time,mobility_type,call_time,direct_drive_time
1,60.02895353423146,11.252889331023164,59.72004438868089,10.867254538938411,0,1050,WALKING,0,0
2,60.07388577358427,11.210041020791525,60.034570064150564,11.252889331023164,0,910,WALKING,0,0
3,59.950322115364045,10.524468057085299,59.927855995687636,10.558746705270611,0,990,WALKING,0,0
4,59.91662293584943,10.901533187123723,60.270464320752815,11.192901696698868,0,1081,WALKING,665,0
5,60.24238167115731,11.184332034652542,60.08511883342248,11.175762372606213,1,441,WALKING,0,18
6,59.967171705121345,11.192901696698868,59.96155517520224,10.335935492066087,0,900,WALKING,0,0
7,60.02333700431236,11.175762372606213,60.02333700431236,11.064356766003952,1,631,WALKING,436,7
8,59.94470558544494,11.10720507623559,59.989637824797754,10.490189408899989,0,1032,WALKING,838,0
9,59.80990886738651,10.807266904614117,60.24799820107641,11.54425784059831,0,872,WALKING,684,0
10,60.38841144905395,11.244319668976836,60.48950898759777,10.987229807587001,0,1207,WALKING,679,0
11,59.950322115364045,11.372864599671754,59.79867580754831,10.901533187123723,0,915,WALKING,0,0
12,60.48950898759777,10.970090483494346,59.88854028625393,11.098635414189262,1,494,WALKING,0,68
13,59.91662293584943,10.99579946963333,60.43334368840676,11.175762372606213,0,933,WALKING,444,0
14,59.89977334609213,10.935811835309034,59.860457636658424,11.167192710559886,0,1051,WALKING,0,0
15,59.97278823504045,10.944381497355362,59.989637824797754,10.99579946963333,1,437,WALKING,0,4
16,60.2030659617236,11.535688178551982,60.096351893260675,11.287167979208474,0,927,WALKING,619,0
17,60.337862679782035,11.201471358745197,60.186216371966296,11.11577473828192,0,1077,WALKING,0,0
18,60.39964450889215,11.34715561353277,59.89415681617303,11.355725275579097,1,558,WALKING,0,57
19,59.7649766280337,11.167192710559886,60.00648741455505,10.421632112529366,0,1059,WALKING,922,0
20,59.68634520916628,10.781557918475134,59.67511214932808,10.815836566660446,1,414,WALKING,0,3
