id,pickup_latitude,pickup_longitude,dropoff_latitude,dropoff_longitude,request_type,request_time,mobility_type,call_time,direct_drive_time
1,59.742108411889085,10.759476034508724,59.91482562775195,11.4791133170706,1,501,WALKING,0,45
2,59.46064331937182,10.804453364668841,59.91482562775195,11.377914324210337,0,401,WALKING,0,0
3,59.63975746915553,10.826942029748901,60.202687654190065,11.299203996430132,0,1093,WALKING,408,0
4,60.47135887886564,10.961874020229253,60.59290062336173,11.242982333729985,0,801,WALKING,563,0
5,59.96600109911873,11.434135986910483,59.8124746850184,11.31044832897016,0,871,WALKING,0,0
6,59.7165206762057,11.00685135038937,59.50542185681775,10.579566713868257,0,849,WALKING,0,0
7,60.04916124008974,10.939385355149193,59.6077727995513,11.569067977390835,1,486,WALKING,0,61
8,59.99798576872296,11.355425659130278,60.3434202004487,11.321692661510191,1,437,WALKING,0,39
9,59.93401642951449,11.130539008329691,60.37540487005293,11.141783340869722,0,1002,WALKING,480,0
10,59.65255133699723,10.68076570672852,60.0299704383272,11.355425659130278,0,1132,WALKING,505,0
11,59.53740652642198,10.624544044028374,60.09393977753567,11.220493668649926,1,463,WALKING,0,71
12,59.703726808364,10.883163692449047,60.08754284361482,11.33293699405022,0,1085,WALKING,650,0
13,59.908428693831105,11.198005003569868,59.870047090306024,11.108050343249634,1,451,WALKING,0,7
14,60.02357350440635,11.793954628191422,60.27305392731938,10.950629687689224,1,704,WALKING,0,55
15,59.83806242070179,11.130539008329691,59.889237892068564,10.455879055927934,0,363,WALKING,0,0
16,59.91482562775195,11.16427200594978,59.79968081717671,10.65827704164846,1,424,WALKING,0,32
17,59.88284095814772,11.434135986910483,59.99798576872296,11.130539008329691,0,619,WALKING,494,0
18,59.844459354622636,11.130539008329691,60.349817134369545,11.557823644850806,0,508,WALKING,361,0
19,59.722917610126544,11.546579312310776,59.85725322246433,10.714498704348607,1,525,WALKING,0,49
20,59.927619495593646,11.242982333729985,60.50334354846987,11.18676067102984,0,1032,WALKING,762,0
