id,pickup_latitude,pickup_longitude,dropoff_latitude,dropoff_longitude,request_type,request_time,mobility_type,call_time,direct_drive_time
1,60.33702326652785,10.973118352769282,60.266656993398534,11.276715331350074,0,873,WALKING,399,19
2,59.94681029735619,10.928141022609164,60.074748975773126,11.265470998810043,0,851,WALKING,610,24
3,60.49054968062818,10.804453364668841,60.45856501102394,10.995607017849341,1,738,WALKING,505,12
4,59.78688694933501,11.591556642470893,59.9212225616728,11.4791133170706,1,459,WALKING,0,17
5,60.452168077103096,11.198005003569868,60.46496194494479,11.16427200594978,0,703,WALKING,0,3
6,59.697329874443156,10.53458938370814,59.9212225616728,11.16427200594978,1,440,WALKING,0,44
7,59.99798576872296,10.3659243956077,60.00438270264381,10.34343573052764,1,605,WALKING,0,2
8,60.17070298458583,10.973118352769282,60.100336711456514,11.040584348009459,1,711,WALKING,479,9
9,60.266656993398534,11.00685135038937,60.2346723237943,10.905652357529107,1,888,WALKING,0,7
10,59.98519190088127,11.096806010709605,60.055558174010585,11.175516338489809,1,537,WALKING,0,9
11,60.13232138106075,11.31044832897016,60.305038596923616,11.501601982150659,0,1033,WALKING,0,22
12,59.99798576872296,10.826942029748901,59.63975746915553,10.568322381328226,0,1349,WALKING,517,43
13,59.88284095814772,11.096806010709605,59.94041336343534,11.501601982150659,0,1045,WALKING,412,24
14,60.119527513219055,11.130539008329691,60.1259244471399,11.299203996430132,1,710,WALKING,499,10
15,59.91482562775195,11.108050343249634,59.953207231277034,11.085561678169574,1,690,WALKING,488,5
16,60.08114590969397,10.995607017849341,60.08754284361482,11.096806010709605,0,986,WALKING,0,6
17,60.06835204185228,11.400402989290395,59.953207231277034,10.961874020229253,0,910,WALKING,0,28
18,60.31143553084446,11.00685135038937,60.37540487005293,11.355425659130278,0,850,WALKING,0,21
19,59.678139072680615,11.782710295651393,59.67174213875977,11.63653397263101,1,435,WALKING,0,9
20,59.79968081717671,10.759476034508724,59.75490227973078,10.939385355149193,0,891,WALKING,0,12
