id,pickup_latitude,pickup_longitude,dropoff_latitude,dropoff_longitude,request_type,request_time,mobility_type,call_time,direct_drive_time
1,59.85085628854348,10.928141022609164,59.85725322246433,10.905652357529107,0,679,WALKING,0,0
2,60.26026005947769,11.456624651990541,60.33702326652785,11.400402989290395,1,488,WALKING,0,10
3,60.00438270264381,10.793209032128813,60.02357350440635,10.826942029748901,0,757,WALKING,375,0
4,60.04916124008974,11.220493668649926,60.04916124008974,11.33293699405022,0,855,WALKING,0,0
5,59.93401642951449,10.973118352769282,59.9212225616728,10.950629687689224,0,1119,WALKING,482,0
6,59.97879496696042,11.254226666270014,60.27305392731938,11.074317345629545,1,453,WALKING,0,35
7,60.17709991850668,11.299203996430132,60.20908458811091,11.31044832897016,0,894,WALKING,0,0
8,60.138718314981595,11.63653397263101,60.1259244471399,11.569067977390835,1,497,WALKING,367,4
9,60.04916124008974,11.51284631469069,60.06195510793143,11.625289640090982,0,507,WALKING,0,0
10,59.678139072680615,10.905652357529107,59.678139072680615,10.883163692449047,1,564,WALKING,0,2
11,60.52893128415326,11.040584348009459,60.50334354846987,10.916896690069136,0,938,WALKING,761,0
12,60.35621406829039,11.18676067102984,60.42658034141971,11.085561678169574,1,476,WALKING,0,10
13,59.383880112321656,10.545833716248168,59.42226171584674,10.557078048788197,1,764,WALKING,0,5
14,59.972398033039575,10.939385355149193,59.90203175991026,11.119294675789662,0,986,WALKING,710,0
15,59.58858199778876,10.714498704348607,59.492627988976054,10.590811046408286,1,408,WALKING,0,13
16,59.889237892068564,11.00685135038937,59.991588834802116,11.018095682929399,0,1096,WALKING,386,0
17,59.52461265858029,10.748231701968695,59.58858199778876,10.725743036888638,0,1007,WALKING,541,0
18,59.66534520483892,10.793209032128813,59.697329874443156,10.725743036888638,1,392,WALKING,0,6
19,59.96600109911873,10.928141022609164,59.889237892068564,10.939385355149193,1,425,WALKING,0,9
20,59.56299426210537,10.736987369428666,59.54380346034283,10.714498704348607,0,1076,WALKING,802,0
