id,pickup_latitude,pickup_longitude,dropoff_latitude,dropoff_longitude,request_type,request_time,mobility_type,call_time,direct_drive_time
1,59.99798576872296,11.085561678169574,60.036367372248044,11.074317345629545,0,1349,WALKING,0,0
2,59.97879496696042,11.00685135038937,60.138718314981595,11.377914324210337,0,1006,WALKING,0,0
3,60.00438270264381,11.265470998810043,59.91482562775195,10.647032709108432,1,441,WALKING,0,0
4,59.9212225616728,10.51210071862808,59.972398033039575,10.557078048788197,0,885,WALKING,0,0
5,60.02357350440635,11.242982333729985,59.97879496696042,11.355425659130278,1,1073,WALKING,0,0
6,59.83166548678094,10.624544044028374,59.889237892068564,11.029340015469428,0,438,WALKING,0,0
7,59.85085628854348,11.276715331350074,60.08754284361482,11.242982333729985,0,788,WALKING,0,0
8,59.81887161893925,11.411647321830426,59.780490015414166,11.366669991670308,0,889,WALKING,0,0
9,60.100336711456514,11.434135986910483,60.08114590969397,11.602800975010924,0,879,WALKING,0,0
10,60.14511524890244,10.961874020229253,60.19629072026922,11.051828680549487,0,934,WALKING,0,0
11,60.010779636564656,10.489612053548022,60.477755812786484,10.995607017849341,0,1077,WALKING,0,0
12,59.550200394263676,10.602055378948315,59.63336053523469,10.83818636228893,0,871,WALKING,0,0
13,59.825268552860095,11.614045307550953,60.27945086124023,11.040584348009459,1,1292,WALKING,396,0
14,60.17709991850668,11.18676067102984,60.06195510793143,11.254226666270014,1,1360,WALKING,825,0
15,60.31783246476531,11.231738001189957,60.0171765704855,11.108050343249634,1,918,WALKING,715,0
16,60.010779636564656,11.18676067102984,59.64615440307638,10.871919359909018,0,1059,WALKING,796,0
17,60.02357350440635,11.467868984530572,60.31143553084446,11.400402989290395,1,563,WALKING,360,0
18,59.825268552860095,10.98436268530931,60.24106925771515,11.670266970251099,1,711,WALKING,584,0
19,59.81887161893925,11.074317345629545,59.87644402422687,10.916896690069136,1,565,WALKING,390,0
20,59.83166548678094,10.66952137418849,59.780490015414166,11.040584348009459,1,847,WALKING,460,0
