id,pickup_latitude,pickup_longitude,dropoff_latitude,dropoff_longitude,request_type,request_time,mobility_type,call_time,direct_drive_time
1,59.76353253266331,10.975873040201005,59.87790411055276,11.324611628140703,1,501,WALKING,0,0
2,60.08758533668342,11.262017522613066,60.39734169346734,11.324611628140703,0,410,WALKING,0,0
3,59.83978025125628,11.422973793969849,59.720643190954775,10.940104979899498,0,561,WALKING,374,0
4,59.94462086432161,11.825364472361809,59.825483804020095,12.129392984924623,0,535,WALKING,0,0
5,59.85884218090452,11.297785582914573,60.106647266331656,10.680786542713568,0,436,WALKING,0,0
6,59.93032441708542,11.476625884422111,59.99227568844221,11.932668653266331,1,916,WALKING,0,0
7,59.97797924120603,11.083177221105528,60.00657213567839,12.08468290954774,1,918,WALKING,685,0
8,59.634864507537685,10.582424376884422,59.84454573366834,11.387205733668342,0,470,WALKING,0,0
9,59.8493112160804,10.87751087437186,59.83024928643216,11.172597371859297,0,1284,WALKING,598,0
10,59.83501476884422,11.262017522613066,59.83501476884422,11.226249462311557,0,1116,WALKING,938,0
11,59.64916095477387,11.011641100502512,59.71587770854271,10.689728557788944,1,1057,WALKING,645,0
12,59.93032441708542,11.270959537688443,59.73970512060301,10.832800798994976,0,716,WALKING,0,0
13,59.90173152261306,10.832800798994976,60.08758533668342,11.557104020100503,0,490,WALKING,0,0
14,60.01133761809045,11.226249462311557,59.92555893467336,12.102566939698493,1,1026,WALKING,0,0
15,59.84454573366834,10.940104979899498,59.939855381909545,11.852190517587939,1,428,WALKING,0,0
16,59.99227568844221,11.226249462311557,59.968448276381906,11.083177221105528,1,1060,WALKING,615,0
17,59.76353253266331,10.537714301507538,59.71111222613065,10.743380648241207,0,530,WALKING,0,0
18,59.98751020603015,11.539219989949748,59.97797924120603,12.066798879396986,1,747,WALKING,0,0
19,59.67298836683417,10.636076467336684,59.81595283919598,11.950552683417085,1,1049,WALKING,627,0
20,60.08758533668342,11.718060291457286,59.882669592964824,11.905842608040201,1,906,WALKING,758,0
