id,pickup_latitude,pickup_longitude,dropoff_latitude,dropoff_longitude,request_type,request_time,mobility_type,call_time,direct_drive_time
1,60.35621406829039,11.141783340869722,60.42018340749886,11.108050343249634,0,823,WALKING,554,0
2,60.055558174010585,11.119294675789662,60.06195510793143,11.074317345629545,0,1038,WALKING,835,0
3,60.221878455952606,11.254226666270014,60.31783246476531,11.355425659130278,1,403,WALKING,0,13
4,59.85725322246433,11.670266970251099,59.844459354622636,11.546579312310776,1,437,WALKING,0,8
5,60.36261100221124,10.995607017849341,60.40099260573632,11.018095682929399,1,769,WALKING,621,5
6,59.614169733472146,10.53458938370814,59.69093294052231,10.579566713868257,1,458,WALKING,0,9
7,59.72931454404739,11.389158656750366,59.69093294052231,11.355425659130278,1,397,WALKING,0,5
8,60.31143553084446,11.175516338489809,60.432977275340555,11.209249336109897,0,948,WALKING,800,0
9,59.99798576872296,11.242982333729985,60.0171765704855,11.254226666270014,1,397,WALKING,0,3
10,59.927619495593646,10.916896690069136,59.71012374228485,11.198005003569868,0,410,WALKING,0,0
11,59.870047090306024,10.804453364668841,59.83166548678094,10.826942029748901,1,387,WALKING,0,5
12,59.953207231277034,10.894408024989076,59.98519190088127,10.871919359909018,0,1323,WALKING,545,0
13,60.138718314981595,11.299203996430132,59.927619495593646,11.108050343249634,1,424,WALKING,0,26
14,59.953207231277034,12.243727929792595,59.85725322246433,12.333682590112828,0,916,WALKING,552,0
15,59.90203175991026,11.4791133170706,59.87644402422687,11.501601982150659,0,1058,WALKING,0,0
16,59.96600109911873,10.388413060687757,59.927619495593646,10.568322381328226,0,924,WALKING,782,0
17,60.119527513219055,11.175516338489809,60.138718314981595,11.108050343249634,0,981,WALKING,707,0
18,60.183496852427524,10.770720367048755,60.27945086124023,10.849430694828959,1,423,WALKING,0,12
19,60.138718314981595,11.16427200594978,60.15151218282329,11.029340015469428,1,578,WALKING,0,8
20,60.15151218282329,11.040584348009459,60.100336711456514,11.085561678169574,0,1062,WALKING,0,0
