id,pickup_latitude,pickup_longitude,dropoff_latitude,dropoff_longitude,request_type,request_time,mobility_type,call_time,direct_drive_time
1,60.10758495309888,11.46713088218136,59.96155517520224,11.46713088218136,1,403,WALKING,0,17
2,60.32101309002473,11.244319668976836,59.59086420054156,10.670152311872872,0,1016,WALKING,0,0
3,60.30978003018653,11.210041020791525,60.33224614986293,11.175762372606213,1,390,WALKING,0,4
4,59.57401461078425,10.824406228706772,59.922239465768534,11.184332034652542,0,980,WALKING,859,0
5,60.034570064150564,11.124344400328246,60.41087756873035,11.03007811781864,0,950,WALKING,489,0
6,60.52882469703148,10.987229807587001,59.79867580754831,11.535688178551982,1,532,WALKING,0,87
7,59.52346584151234,10.75584893233615,59.89977334609213,11.021508455772313,0,506,WALKING,365,0
8,60.34347920970114,11.252889331023164,60.00648741455505,11.03007811781864,1,625,WALKING,0,40
9,60.298546970348326,11.295737641254803,60.06826924366517,11.158623048513558,0,1009,WALKING,0,0
10,59.91662293584943,11.390003923764409,60.04018659406967,11.090065752142936,0,490,WALKING,0,0
11,59.860457636658424,11.201471358745197,59.93908905552584,10.584455691409595,0,1020,WALKING,0,0
12,59.97278823504045,10.447341098668348,60.34347920970114,11.175762372606213,0,892,WALKING,422,0
13,60.012103944474156,11.527118516505654,59.65826255957077,10.747279270289823,1,444,WALKING,0,59
14,60.467042867921364,11.064356766003952,60.208682491642705,11.509979192412999,1,419,WALKING,0,38
15,59.748127038276394,10.713000622104511,59.950322115364045,11.021508455772313,0,928,WALKING,637,0
16,60.141284132613485,11.484270206274015,59.68072867924718,11.218610682837852,1,505,WALKING,0,54
17,59.96155517520224,11.15005338646723,59.63017990997527,10.567316367316938,0,1129,WALKING,465,0
18,60.07388577358427,10.987229807587001,59.95593864528314,10.99579946963333,0,603,WALKING,385,0
19,60.034570064150564,11.175762372606213,59.63579643989437,10.781557918475134,0,849,WALKING,685,0
20,60.141284132613485,11.038647779864968,59.84360804690112,11.158623048513558,0,935,WALKING,0,0
