id,pickup_latitude,pickup_longitude,dropoff_latitude,dropoff_longitude,request_type,request_time,mobility_type,call_time,direct_drive_time
1,60.11141274874372,11.503451929648241,59.83978025125628,11.199423417085427,0,475,WALKING,0,0
2,59.72540867336683,10.698670572864321,59.86837314572864,12.039972834170854,0,502,WALKING,363,0
3,59.8731386281407,12.120450969849246,59.773063497487435,10.975873040201005,1,940,WALKING,438,0
4,59.70634674371859,10.85068482914573,59.90649700502512,11.44979983919598,0,434,WALKING,0,0
5,59.56814775376884,10.957989010050252,59.663457402010046,10.81491676884422,0,425,WALKING,0,0
6,59.97797924120603,11.887958577889448,59.958917311557784,11.727002306532663,0,429,WALKING,0,0
7,59.73970512060301,10.913278934673366,59.72540867336683,11.002699085427135,1,941,WALKING,755,0
8,59.64439547236181,11.33355364321608,59.76353253266331,11.25307550753769,1,871,WALKING,441,0
9,59.71587770854271,10.376758030150754,59.90649700502512,11.718060291457286,0,410,WALKING,0,0
10,60.263908185929644,11.226249462311557,59.83501476884422,11.297785582914573,0,408,WALKING,0,0
11,59.94462086432161,10.743380648241207,60.06375792462311,11.145771326633167,0,415,WALKING,0,0
12,60.09235081909548,11.467683869346734,59.958917311557784,11.870074547738694,0,441,WALKING,0,0
13,59.83501476884422,11.065293190954774,60.14000564321608,11.923726638190955,1,897,WALKING,638,0
14,59.94938634673367,12.066798879396986,59.92079345226131,11.262017522613066,0,428,WALKING,0,0
15,59.76353253266331,10.680786542713568,59.89220055778894,11.73594432160804,0,432,WALKING,0,0
16,59.85407669849246,11.25307550753769,59.84454573366834,11.04740916080402,0,546,WALKING,392,0
17,59.911262487437185,11.235191477386934,59.90173152261306,11.118945281407035,0,431,WALKING,0,0
18,59.83978025125628,11.101061251256281,59.64916095477387,10.797032738693467,0,541,WALKING,384,0
19,60.101881783919595,10.76126467839196,59.86360766331658,11.270959537688443,0,403,WALKING,0,0
20,59.86360766331658,12.093624924623116,59.968448276381906,11.574988050251257,1,918,WALKING,680,0
