id,pickup_latitude,pickup_longitude,dropoff_latitude,dropoff_longitude,request_type,request_time,mobility_type,call_time,direct_drive_time
1,59.97879496696042,10.939385355149193,60.00438270264381,10.86067502736899,1,428,WALKING,0,6
2,60.08754284361482,10.961874020229253,60.08114590969397,10.961874020229253,0,446,WALKING,0,0
3,60.42658034141971,10.86067502736899,60.42018340749886,10.973118352769282,1,518,WALKING,0,7
4,59.74850534580993,10.871919359909018,59.73571147796824,10.523345051168109,1,689,WALKING,501,20
5,59.806077751097554,10.66952137418849,59.74850534580993,10.602055378948315,0,1014,WALKING,892,0
6,59.8124746850184,11.096806010709605,59.889237892068564,11.096806010709605,0,447,WALKING,0,0
7,59.87644402422687,11.141783340869722,59.83806242070179,11.096806010709605,1,390,WALKING,0,5
8,59.550200394263676,10.68076570672852,59.62056666739299,10.703254371808578,1,631,WALKING,0,8
9,59.9212225616728,10.86067502736899,59.94681029735619,10.961874020229253,0,784,WALKING,386,0
10,60.13232138106075,10.950629687689224,60.138718314981595,10.928141022609164,1,532,WALKING,366,2
11,59.93401642951449,11.15302767340975,59.927619495593646,11.15302767340975,0,978,WALKING,505,0
12,60.33702326652785,11.254226666270014,60.27305392731938,11.141783340869722,1,470,WALKING,0,10
13,59.95960416519788,10.995607017849341,59.99798576872296,11.096806010709605,1,416,WALKING,0,8
14,60.29864166300277,11.63653397263101,60.29224472908192,11.501601982150659,0,879,WALKING,694,0
15,59.908428693831105,11.287959663890103,59.96600109911873,11.355425659130278,1,429,WALKING,0,8
16,60.24746619163599,11.33293699405022,60.37540487005293,11.254226666270014,1,1136,WALKING,686,15
17,59.89563482598941,11.242982333729985,59.95960416519788,11.16427200594978,1,427,WALKING,0,9
18,59.94041336343534,11.220493668649926,60.010779636564656,10.692010039268549,1,428,WALKING,0,31
19,60.10673364537736,11.198005003569868,60.11313057929821,11.411647321830426,0,903,WALKING,650,0
20,59.98519190088127,10.995607017849341,59.96600109911873,11.029340015469428,1,451,WALKING,0,3
