id,pickup_latitude,pickup_longitude,dropoff_latitude,dropoff_longitude,request_type,request_time,mobility_type,call_time,direct_drive_time
1,59.89220055778894,12.057856864321607,60.078054371859295,10.582424376884422,0,809,WALKING,479,0
2,59.935089899497484,11.262017522613066,59.72540867336683,10.76126467839196,1,816,WALKING,610,0
3,60.09235081909548,10.922220949748743,59.69205029648241,10.653960497487438,0,503,WALKING,0,0
4,59.69205029648241,10.609250422110552,60.08281985427136,11.208365432160804,0,418,WALKING,0,0
5,59.94938634673367,11.861132532663317,60.11617823115578,10.841742814070352,0,682,WALKING,0,0
6,59.98751020603015,11.99526275879397,60.101881783919595,11.056351175879398,0,435,WALKING,0,0
7,59.8731386281407,11.083177221105528,59.8493112160804,11.324611628140703,0,420,WALKING,0,0
8,59.85407669849246,11.959494698492461,59.939855381909545,11.405089763819095,0,418,WALKING,0,0
9,60.13524016080402,11.262017522613066,60.05899244221106,11.467683869346734,0,402,WALKING,0,0
10,60.00657213567839,11.30672759798995,59.749236085427135,10.779148708542714,1,755,WALKING,491,0
11,59.71111222613065,10.627134452261307,59.97321375879397,11.458741854271357,0,937,WALKING,529,0
12,59.935089899497484,11.583930065326633,59.67775384924623,11.154713341708543,1,897,WALKING,507,0
13,59.5729132361809,10.993757070351759,59.82071832160804,11.226249462311557,0,425,WALKING,0,0
14,59.916027969849246,10.671844527638191,60.14000564321608,11.691234246231156,1,561,WALKING,411,0
15,59.94938634673367,11.065293190954774,59.939855381909545,11.816422457286432,0,557,WALKING,0,0
16,60.101881783919595,11.199423417085427,59.773063497487435,10.78809072361809,1,991,WALKING,0,0
17,59.658691919597985,10.439352135678392,59.968448276381906,11.405089763819095,0,431,WALKING,0,0
18,60.00180665326633,12.004204773869347,59.82071832160804,12.075740894472363,0,485,WALKING,361,0
19,59.963682793969845,11.977378728643217,59.95415182914573,12.093624924623116,0,636,WALKING,448,0
20,60.11617823115578,10.87751087437186,59.958917311557784,11.977378728643217,0,479,WALKING,0,0
