id,pickup_latitude,pickup_longitude,dropoff_latitude,dropoff_longitude,request_type,request_time,mobility_type,call_time,direct_drive_time
1,59.83501476884422,11.208365432160804,60.411638140703516,11.315669613065326,0,418,WALKING,0,0
2,60.020868582914574,11.861132532663317,60.106647266331656,11.208365432160804,1,1093,WALKING,409,0
3,59.93032441708542,11.154713341708543,59.8493112160804,11.288843567839196,1,922,WALKING,0,0
4,59.78259446231156,12.057856864321607,60.130474678391955,10.716554603015075,1,717,WALKING,0,0
5,59.54432034170854,11.056351175879398,59.90173152261306,11.96843671356784,0,447,WALKING,0,0
6,59.968448276381906,12.11150895477387,59.5967406482412,10.93116296482412,0,468,WALKING,0,0
7,60.078054371859295,11.136829311557788,59.720643190954775,10.716554603015075,0,418,WALKING,0,0
8,59.86837314572864,11.548162005025125,59.663457402010046,10.582424376884422,0,440,WALKING,0,0
9,59.939855381909545,11.798538427135679,59.64439547236181,10.797032738693467,1,1355,WALKING,579,0
10,60.03516503015075,10.698670572864321,59.86837314572864,11.172597371859297,1,558,WALKING,376,0
11,59.935089899497484,11.262017522613066,59.968448276381906,11.905842608040201,1,907,WALKING,457,0
12,59.916027969849246,10.984815055276382,59.8731386281407,11.753828351758793,1,906,WALKING,444,0
13,59.744470603015074,11.19048140201005,60.06375792462311,10.716554603015075,1,1042,WALKING,0,0
14,59.720643190954775,11.065293190954774,59.84454573366834,12.08468290954774,0,573,WALKING,0,0
15,59.935089899497484,10.600308407035175,60.08281985427136,11.56604603517588,1,1024,WALKING,0,0
16,59.958917311557784,11.780654396984925,59.896966040201,11.136829311557788,1,852,WALKING,469,0
17,59.93032441708542,11.503451929648241,59.882669592964824,11.44979983919598,1,920,WALKING,622,0
18,59.89220055778894,11.208365432160804,59.94938634673367,11.914784623115578,1,790,WALKING,0,0
19,59.84454573366834,11.199423417085427,59.801656391959796,11.172597371859297,0,549,WALKING,0,0
20,59.94938634673367,11.887958577889448,59.68728481407035,10.439352135678392,1,817,WALKING,549,0
