id,pickup_latitude,pickup_longitude,dropoff_latitude,dropoff_longitude,request_type,request_time,mobility_type,call_time,direct_drive_time
1,59.82071832160804,11.986320743718593,59.80642187437186,10.966931025125628,1,929,WALKING,0,0
2,59.97797924120603,12.04891484924623,59.896966040201,11.33355364321608,0,416,WALKING,0,0
3,60.106647266331656,10.81491676884422,59.66822288442211,10.546656316582915,1,839,WALKING,479,0
4,60.073288889447234,11.601814095477387,59.71111222613065,10.4751201959799,1,901,WALKING,0,0
5,59.83978025125628,11.30672759798995,59.86360766331658,12.093624924623116,0,427,WALKING,0,0
6,59.630099025125624,10.50194624120603,59.89220055778894,11.387205733668342,0,436,WALKING,0,0
7,60.08758533668342,11.235191477386934,59.73970512060301,10.859626844221106,1,950,WALKING,0,0
8,59.69205029648241,10.636076467336684,59.5729132361809,11.16365535678392,1,591,WALKING,0,0
9,59.89220055778894,12.08468290954774,59.8493112160804,11.396147748743719,1,1185,WALKING,813,0
10,60.04469599497487,11.181539386934674,59.92079345226131,12.057856864321607,0,1303,WALKING,445,0
11,59.5967406482412,11.30672759798995,60.101881783919595,11.664408201005026,1,932,WALKING,750,0
12,59.887435075376885,11.038467145728644,59.95415182914573,11.056351175879398,1,923,WALKING,417,0
13,59.916027969849246,11.700176261306533,59.749236085427135,10.770206693467337,0,416,WALKING,0,0
14,59.882669592964824,12.093624924623116,59.65392643718592,10.752322663316583,1,989,WALKING,482,0
15,60.09711630150753,11.011641100502512,60.1257091959799,11.038467145728644,0,967,WALKING,595,0
16,59.58720968341708,11.199423417085427,60.08281985427136,11.110003266331658,1,921,WALKING,0,0
17,59.911262487437185,11.226249462311557,59.92555893467336,11.002699085427135,0,426,WALKING,0,0
18,59.86837314572864,11.083177221105528,59.64439547236181,11.038467145728644,1,853,WALKING,0,0
19,60.073288889447234,11.21730744723618,59.887435075376885,11.583930065326633,0,379,WALKING,0,0
20,59.5490858241206,11.172597371859297,59.935089899497484,11.950552683417085,1,599,WALKING,415,0
