id,pickup_latitude,pickup_longitude,dropoff_latitude,dropoff_longitude,request_type,request_time,mobility_type,call_time,direct_drive_time
1,60.034570064150564,11.07292642805028,59.506616251755034,10.790127580521462,0,983,WALKING,553,0
2,59.72566091859999,10.704430960058183,60.051419653907864,11.42428257194972,1,530,WALKING,0,55
3,59.84922457682022,10.395923126390382,60.292930440429224,11.629954461061589,0,1089,WALKING,870,0
4,59.60771379029886,10.63587366368756,59.52908237143144,10.850115214845756,1,423,WALKING,0,15
5,60.06826924366517,11.415712909903393,60.382794919134845,11.287167979208474,0,955,WALKING,0,0
6,59.967171705121345,11.989880267007356,59.93347252560674,11.407143247857064,1,709,WALKING,399,33
7,59.95593864528314,11.055787103957623,59.967171705121345,10.824406228706772,1,499,WALKING,0,13
8,59.93908905552584,10.670152311872872,59.94470558544494,10.524468057085299,0,994,WALKING,728,0
9,59.81552539730561,11.509979192412999,59.753743568195496,11.535688178551982,0,884,WALKING,0,0
10,59.927855995687636,11.098635414189262,60.180599842047194,11.090065752142936,0,397,WALKING,0,0
11,60.02895353423146,11.047217441911297,59.837991516982015,11.201471358745197,1,412,WALKING,0,23
12,60.034570064150564,11.26145899306949,60.50074204743597,11.03007811781864,0,1061,WALKING,645,0
13,60.25923126091462,11.201471358745197,59.71442785876179,11.458561220135032,1,447,WALKING,0,63
14,59.45606748248313,10.704430960058183,60.34909573962024,11.184332034652542,1,518,WALKING,0,103
15,60.467042867921364,11.398573585810738,60.39964450889215,11.278598317162148,0,927,WALKING,757,0
16,59.877307226415724,10.704430960058183,60.02895353423146,11.27002865511582,0,921,WALKING,755,0
17,60.292930440429224,11.604245474922605,59.93908905552584,11.158623048513558,1,501,WALKING,0,47
18,59.57401461078425,10.772988256428805,60.1918329018854,11.158623048513558,0,1031,WALKING,739,0
19,60.35471226953934,11.15005338646723,59.89415681617303,11.012938793725985,1,436,WALKING,0,52
20,59.91100640593033,11.492839868320342,59.93908905552584,11.535688178551982,1,421,WALKING,0,4
