id,pickup_latitude,pickup_longitude,dropoff_latitude,dropoff_longitude,request_type,request_time,mobility_type,call_time,direct_drive_time
1,59.74850534580993,11.254226666270014,59.780490015414166,11.33293699405022,0,1113,WALKING,890,0
2,60.202687654190065,11.00685135038937,59.953207231277034,10.467123388467963,1,517,WALKING,0,41
3,60.010779636564656,11.557823644850806,60.0171765704855,11.445380319450512,1,391,WALKING,0,7
4,59.91482562775195,10.883163692449047,59.86365015638518,11.029340015469428,0,1118,WALKING,0,0
5,60.20908458811091,11.670266970251099,59.96600109911873,10.602055378948315,1,483,WALKING,0,66
6,60.138718314981595,11.119294675789662,60.09393977753567,11.119294675789662,0,887,WALKING,757,0
7,60.183496852427524,11.501601982150659,60.16430605066498,11.63653397263101,1,573,WALKING,0,8
8,59.6077727995513,10.736987369428666,59.972398033039575,11.198005003569868,1,681,WALKING,0,49
9,60.0299704383272,11.287959663890103,60.477755812786484,11.16427200594978,1,491,WALKING,0,51
10,60.33702326652785,11.591556642470893,59.91482562775195,11.051828680549487,0,874,WALKING,535,0
11,59.56299426210537,10.66952137418849,59.63336053523469,10.725743036888638,0,863,WALKING,539,0
12,59.678139072680615,10.973118352769282,59.703726808364,10.961874020229253,1,559,WALKING,0,3
13,59.953207231277034,10.826942029748901,59.96600109911873,10.894408024989076,1,698,WALKING,483,5
14,60.285847795161075,11.220493668649926,59.722917610126544,11.31044832897016,1,1022,WALKING,0,63
15,60.0299704383272,11.344181326590249,60.47135887886564,11.175516338489809,1,525,WALKING,0,50
16,60.11313057929821,10.826942029748901,60.16430605066498,10.86067502736899,0,910,WALKING,552,0
17,59.96600109911873,11.726488632951245,60.04916124008974,11.895153621051685,0,939,WALKING,411,0
18,59.953207231277034,10.624544044028374,60.010779636564656,10.65827704164846,0,412,WALKING,0,0
19,59.678139072680615,10.916896690069136,59.75490227973078,10.871919359909018,0,468,WALKING,0,0
20,60.04276430616889,11.287959663890103,60.100336711456514,11.254226666270014,1,1349,WALKING,1128,7
