id,pickup_latitude,pickup_longitude,dropoff_latitude,dropoff_longitude,request_type,request_time,mobility_type,call_time,direct_drive_time
1,59.953207231277034,10.849430694828959,60.48415274670733,11.254226666270014,0,479,WALKING,0,0
2,59.7165206762057,10.793209032128813,60.0299704383272,11.119294675789662,1,1233,WALKING,0,0
3,60.08754284361482,10.33219139798761,60.183496852427524,11.434135986910483,1,609,WALKING,0,0
4,60.349817134369545,11.16427200594978,60.202687654190065,10.950629687689224,1,957,WALKING,0,0
5,60.00438270264381,11.501601982150659,60.13232138106075,10.815697697208872,1,496,WALKING,0,0
6,60.29224472908192,11.321692661510191,60.32422939868616,11.355425659130278,1,1093,WALKING,0,0
7,60.44577114318225,10.793209032128813,60.46496194494479,11.18676067102984,0,501,WALKING,0,0
8,60.413786473578014,10.961874020229253,60.369007936132085,11.411647321830426,1,1024,WALKING,0,0
9,60.0299704383272,11.085561678169574,60.349817134369545,11.096806010709605,0,1069,WALKING,0,0
10,60.036367372248044,10.579566713868257,60.036367372248044,10.770720367048755,1,1030,WALKING,0,0
11,59.65255133699723,10.804453364668841,60.010779636564656,10.916896690069136,1,1018,WALKING,0,0
12,59.927619495593646,11.018095682929399,59.844459354622636,11.175516338489809,1,893,WALKING,0,0
13,59.94041336343534,10.759476034508724,59.95960416519788,10.736987369428666,1,930,WALKING,747,0
14,60.036367372248044,10.939385355149193,59.52461265858029,10.736987369428666,1,919,WALKING,708,0
15,59.96600109911873,11.063073013089516,60.36261100221124,11.344181326590249,1,1170,WALKING,522,0
16,60.46496194494479,10.748231701968695,60.40099260573632,10.939385355149193,1,504,WALKING,373,0
17,59.56939119602622,10.736987369428666,59.99798576872296,11.287959663890103,1,965,WALKING,578,0
18,60.59290062336173,11.18676067102984,60.369007936132085,10.86067502736899,0,620,WALKING,456,0
19,59.972398033039575,11.063073013089516,59.87644402422687,11.434135986910483,0,893,WALKING,678,0
20,59.48623105505521,10.83818636228893,59.48623105505521,10.781964699588784,1,606,WALKING,457,0
