id,pickup_latitude,pickup_longitude,dropoff_latitude,dropoff_longitude,request_type,request_time,mobility_type,call_time,direct_drive_time
1,59.972398033039575,10.230992405127347,60.0171765704855,10.33219139798761,1,390,WALKING,0,8
2,60.02357350440635,11.33293699405022,60.08754284361482,11.276715331350074,1,452,WALKING,0,8
3,60.04276430616889,12.165017602012389,59.99798576872296,11.602800975010924,0,878,WALKING,581,0
4,60.44577114318225,11.411647321830426,60.32422939868616,11.33293699405022,0,987,WALKING,0,0
5,59.67174213875977,10.83818636228893,59.65255133699723,10.725743036888638,1,409,WALKING,0,7
6,59.697329874443156,10.647032709108432,59.69093294052231,10.647032709108432,1,503,WALKING,368,1
7,60.266656993398534,10.973118352769282,60.3434202004487,11.242982333729985,0,977,WALKING,636,0
8,60.49054968062818,11.096806010709605,60.29224472908192,11.029340015469428,1,592,WALKING,448,23
9,60.074748975773126,11.580312309930864,60.08754284361482,11.535334979770747,0,1139,WALKING,441,0
10,60.17070298458583,11.209249336109897,60.06195510793143,10.83818636228893,1,489,WALKING,0,24
11,59.96600109911873,11.299203996430132,59.96600109911873,11.141783340869722,1,401,WALKING,0,9
12,59.67174213875977,11.209249336109897,59.96600109911873,10.98436268530931,0,576,WALKING,0,0
13,59.67174213875977,10.961874020229253,59.658948270918074,10.995607017849341,1,440,WALKING,0,3
14,60.06195510793143,10.98436268530931,59.88284095814772,11.198005003569868,1,425,WALKING,0,24
15,59.85725322246433,11.119294675789662,59.972398033039575,11.141783340869722,0,810,WALKING,601,0
16,60.08754284361482,11.299203996430132,60.08754284361482,11.31044832897016,1,493,WALKING,371,1
17,60.06835204185228,10.928141022609164,60.10673364537736,11.00685135038937,0,598,WALKING,412,0
18,59.64615440307638,10.871919359909018,59.697329874443156,10.826942029748901,1,441,WALKING,0,7
19,59.79968081717671,11.085561678169574,60.09393977753567,11.16427200594978,1,463,WALKING,0,34
20,59.97879496696042,11.231738001189957,60.119527513219055,11.422891654370455,0,372,WALKING,0,0
