id,pickup_latitude,pickup_longitude,dropoff_latitude,dropoff_longitude,request_type,request_time,mobility_type,call_time,direct_drive_time
1,60.369007936132085,11.265470998810043,60.39459567181547,11.265470998810043,0,871,WALKING,505,0
2,59.870047090306024,11.130539008329691,59.89563482598941,11.119294675789662,1,400,WALKING,0,3
3,59.98519190088127,10.433390390847874,60.349817134369545,10.995607017849341,0,441,WALKING,0,0
4,60.40738953965717,11.209249336109897,60.44577114318225,11.198005003569868,0,1003,WALKING,489,0
5,59.56939119602622,10.736987369428666,59.58218506386791,10.692010039268549,1,435,WALKING,0,3
6,60.17070298458583,11.782710295651393,60.119527513219055,11.748977298031305,0,980,WALKING,0,0
7,60.58650368944088,10.905652357529107,60.413786473578014,10.995607017849341,0,903,WALKING,598,0
8,60.0299704383272,10.692010039268549,60.0171765704855,10.692010039268549,0,966,WALKING,828,0
9,60.119527513219055,11.299203996430132,60.157909116744136,11.029340015469428,0,972,WALKING,0,0
10,60.31143553084446,11.4791133170706,60.22827538987345,10.86067502736899,0,1353,WALKING,544,0
11,59.71012374228485,10.83818636228893,59.71012374228485,10.849430694828959,0,941,WALKING,578,0
12,60.074748975773126,11.31044832897016,60.036367372248044,11.366669991670308,1,517,WALKING,0,6
13,59.972398033039575,11.456624651990541,60.20908458811091,11.265470998810043,1,591,WALKING,0,29
14,60.305038596923616,11.265470998810043,60.369007936132085,10.973118352769282,1,411,WALKING,0,18
15,59.594978931709605,10.725743036888638,59.58858199778876,11.209249336109897,1,419,WALKING,0,28
16,59.908428693831105,10.500856386088051,59.89563482598941,10.467123388467963,1,740,WALKING,0,3
17,59.889237892068564,10.602055378948315,59.889237892068564,10.579566713868257,0,1266,WALKING,1109,0
18,60.39459567181547,11.15302767340975,60.46496194494479,11.051828680549487,1,466,WALKING,0,10
19,60.055558174010585,11.220493668649926,60.04916124008974,11.445380319450512,1,542,WALKING,0,13
20,60.50334354846987,11.16427200594978,60.516137416311565,11.299203996430132,0,1065,WALKING,400,0
