id,pickup_latitude,pickup_longitude,dropoff_latitude,dropoff_longitude,request_type,request_time,mobility_type,call_time,direct_drive_time
1,59.86365015638518,11.748977298031305,60.17070298458583,11.018095682929399,0,1085,WALKING,834,0
2,59.703726808364,10.793209032128813,59.87644402422687,11.535334979770747,1,473,WALKING,0,46
3,59.927619495593646,11.119294675789662,60.4393742092614,10.759476034508724,0,1332,WALKING,662,0
4,60.04276430616889,10.950629687689224,59.62696360131384,10.770720367048755,0,777,WALKING,436,0
5,59.69093294052231,10.894408024989076,59.91482562775195,11.389158656750366,0,826,WALKING,488,0
6,60.15151218282329,10.916896690069136,60.08114590969397,11.501601982150659,1,439,WALKING,0,34
7,59.83806242070179,10.692010039268549,60.452168077103096,11.00685135038937,1,457,WALKING,0,71
8,60.42018340749886,11.141783340869722,59.94041336343534,11.703999967871187,0,1068,WALKING,473,0
9,60.29224472908192,10.995607017849341,59.79968081717671,11.400402989290395,1,508,WALKING,0,60
10,60.266656993398534,11.108050343249634,59.95960416519788,12.086307274232183,0,887,WALKING,0,0
11,60.0299704383272,11.242982333729985,59.79328388325586,11.085561678169574,0,1033,WALKING,384,0
12,60.15151218282329,11.209249336109897,59.6077727995513,10.871919359909018,0,991,WALKING,824,0
13,59.9212225616728,10.53458938370814,59.9212225616728,10.455879055927934,1,548,WALKING,0,5
14,59.575788129947064,10.51210071862808,60.15151218282329,11.108050343249634,1,837,WALKING,0,73
15,60.388198737894626,11.411647321830426,60.266656993398534,11.254226666270014,0,686,WALKING,406,0
16,59.68453600660146,10.602055378948315,59.95960416519788,10.3659243956077,0,950,WALKING,0,0
17,60.04276430616889,11.175516338489809,60.16430605066498,11.602800975010924,0,1073,WALKING,0,0
18,59.96600109911873,12.198750599632477,60.55451901983665,10.894408024989076,1,477,WALKING,0,98
19,60.11313057929821,11.15302767340975,59.870047090306024,10.804453364668841,1,441,WALKING,0,34
20,59.60137586563045,10.51210071862808,60.2346723237943,11.703999967871187,0,926,WALKING,0,0
