id,pickup_latitude,pickup_longitude,dropoff_latitude,dropoff_longitude,request_type,request_time,mobility_type,call_time,direct_drive_time
1,59.64615440307638,11.00685135038937,59.614169733472146,10.770720367048755,1,409,WALKING,0,14
2,60.06195510793143,10.523345051168109,59.991588834802116,10.557078048788197,1,432,WALKING,0,9
3,59.79968081717671,11.276715331350074,60.055558174010585,10.736987369428666,0,483,WALKING,0,0
4,59.95960416519788,10.770720367048755,59.742108411889085,11.591556642470893,0,871,WALKING,447,0
5,60.1259244471399,11.434135986910483,60.11313057929821,11.51284631469069,0,929,WALKING,0,0
6,59.94041336343534,11.063073013089516,59.85085628854348,11.029340015469428,0,1097,WALKING,621,0
7,60.31783246476531,11.287959663890103,59.73571147796824,11.040584348009459,1,493,WALKING,0,67
8,59.91482562775195,11.344181326590249,59.9212225616728,11.15302767340975,0,1168,WALKING,401,0
9,59.68453600660146,10.635788376568403,59.825268552860095,11.209249336109897,1,444,WALKING,0,36
10,59.95960416519788,11.15302767340975,59.88284095814772,11.580312309930864,0,656,WALKING,501,0
11,60.00438270264381,11.040584348009459,60.06195510793143,10.871919359909018,1,438,WALKING,0,12
12,60.305038596923616,11.198005003569868,60.33702326652785,11.501601982150659,1,454,WALKING,0,18
13,59.658948270918074,10.65827704164846,59.69093294052231,10.557078048788197,0,376,WALKING,0,0
14,59.93401642951449,11.051828680549487,60.157909116744136,11.569067977390835,0,1047,WALKING,713,0
15,60.02357350440635,11.175516338489809,60.010779636564656,11.344181326590249,1,542,WALKING,0,10
16,60.580106755520035,10.826942029748901,60.59290062336173,10.928141022609164,0,942,WALKING,465,0
17,59.87644402422687,11.040584348009459,59.91482562775195,10.950629687689224,1,814,WALKING,657,7
18,60.48415274670733,11.31044832897016,60.22827538987345,11.119294675789662,1,491,WALKING,0,31
19,59.825268552860095,10.53458938370814,59.79328388325586,10.65827704164846,0,906,WALKING,719,0
20,59.90203175991026,11.108050343249634,60.432977275340555,10.793209032128813,0,366,WALKING,0,0
