id,pickup_latitude,pickup_longitude,dropoff_latitude,dropoff_longitude,request_type,request_time,mobility_type,call_time,direct_drive_time
1,59.908428693831105,10.545833716248168,59.87644402422687,10.624544044028374,0,1048,WALKING,0,0
2,60.37540487005293,11.175516338489809,60.29864166300277,11.085561678169574,1,1124,WALKING,0,0
3,59.86365015638518,12.232483597252564,59.79968081717671,12.28870525995271,1,479,WALKING,0,0
4,59.870047090306024,10.3659243956077,59.85085628854348,10.489612053548022,0,1050,WALKING,0,0
5,59.927619495593646,11.557823644850806,59.991588834802116,11.355425659130278,1,421,WALKING,0,0
6,60.18989378634837,11.029340015469428,60.08114590969397,11.040584348009459,0,1263,WALKING,0,0
7,60.45856501102394,11.33293699405022,60.29224472908192,11.557823644850806,0,933,WALKING,0,0
8,59.8124746850184,10.66952137418849,60.100336711456514,11.400402989290395,0,1028,WALKING,0,0
9,60.0171765704855,11.31044832897016,59.94681029735619,11.355425659130278,1,734,WALKING,0,0
10,60.0171765704855,10.871919359909018,60.55451901983665,11.018095682929399,0,984,WALKING,0,0
11,60.2346723237943,11.220493668649926,59.62056666739299,10.950629687689224,0,1052,WALKING,0,0
12,59.76769614757247,11.198005003569868,59.81887161893925,11.299203996430132,0,460,WALKING,0,0
13,60.36261100221124,11.175516338489809,59.889237892068564,11.175516338489809,1,1200,WALKING,661,0
14,60.055558174010585,11.535334979770747,60.18989378634837,11.31044832897016,1,1350,WALKING,1135,0
15,59.62696360131384,10.905652357529107,59.703726808364,11.209249336109897,1,917,WALKING,515,0
16,59.991588834802116,11.16427200594978,59.69093294052231,11.265470998810043,1,1305,WALKING,483,0
17,59.60137586563045,10.624544044028374,59.66534520483892,10.65827704164846,1,554,WALKING,408,0
18,59.89563482598941,10.995607017849341,59.91482562775195,11.231738001189957,1,544,WALKING,422,0
19,60.330626332607004,11.141783340869722,60.305038596923616,11.31044832897016,1,693,WALKING,362,0
20,60.27305392731938,11.287959663890103,60.285847795161075,11.33293699405022,1,540,WALKING,387,0
