id,pickup_latitude,pickup_longitude,dropoff_latitude,dropoff_longitude,request_type,request_time,mobility_type,call_time,direct_drive_time
1,59.85484110673932,11.07292642805028,59.927855995687636,11.201471358745197,0,895,WALKING,0,0
2,60.01772047439326,11.021508455772313,59.905389876011235,10.533037719131627,0,1119,WALKING,760,0
3,60.06265271374607,11.098635414189262,60.43896021832586,11.055787103957623,1,470,WALKING,0,42
4,60.52320816711238,11.124344400328246,59.922239465768534,11.458561220135032,1,606,WALKING,0,70
5,59.989637824797754,10.987229807587001,60.315396560105626,11.038647779864968,1,435,WALKING,0,37
6,60.15251719245169,11.518548854459326,60.422110628568554,11.252889331023164,1,684,WALKING,360,34
7,60.39402797897305,10.99579946963333,60.08511883342248,11.647093785154244,1,488,WALKING,0,50
8,59.97840476495955,11.201471358745197,60.33224614986293,11.10720507623559,0,506,WALKING,360,0
9,59.995254354716856,11.038647779864968,60.00087088463595,10.95295115940169,1,413,WALKING,0,5
10,60.34347920970114,11.192901696698868,59.79867580754831,11.098635414189262,0,1012,WALKING,443,0
11,60.012103944474156,11.004369131679658,60.04018659406967,11.715651081524866,0,906,WALKING,604,0
12,59.995254354716856,11.26145899306949,60.1974494318045,11.484270206274015,0,1017,WALKING,0,0
13,59.54031543126965,10.824406228706772,60.511975107274175,11.064356766003952,1,618,WALKING,0,109
14,60.1918329018854,11.458561220135032,59.905389876011235,10.524468057085299,1,456,WALKING,0,61
15,60.02333700431236,11.50140953036667,60.00087088463595,10.550177043224283,1,564,WALKING,375,53
16,59.663879089489875,10.772988256428805,60.01772047439326,11.42428257194972,1,477,WALKING,0,54
17,60.45580980808316,11.03007811781864,59.837991516982015,11.46713088218136,1,611,WALKING,417,73
18,60.012103944474156,11.441421896042376,60.15251719245169,11.330016289440113,0,846,WALKING,364,0
19,60.43896021832586,11.218610682837852,60.11320148301798,11.475700544227687,1,511,WALKING,0,39
20,59.87169069649662,10.430201774575693,59.87169069649662,11.184332034652542,1,457,WALKING,0,43
