id,pickup_latitude,pickup_longitude,dropoff_latitude,dropoff_longitude,request_type,request_time,mobility_type,call_time,direct_drive_time
1,59.953207231277034,11.546579312310776,59.95960416519788,11.445380319450512,0,966,WALKING,903,6
2,59.95960416519788,11.16427200594978,60.45856501102394,11.040584348009459,1,678,WALKING,0,56
3,60.42658034141971,11.18676067102984,60.38180180397378,11.130539008329691,0,568,WALKING,550,6
4,60.100336711456514,10.950629687689224,60.13232138106075,11.501601982150659,0,1137,WALKING,0,31
5,59.908428693831105,10.545833716248168,59.94041336343534,10.68076570672852,0,1349,WALKING,1272,9
6,59.78688694933501,11.4791133170706,59.806077751097554,11.366669991670308,0,1082,WALKING,0,7
7,59.44145251760928,10.68076570672852,59.41586478192589,10.65827704164846,1,757,WALKING,0,4
8,60.157909116744136,11.287959663890103,60.18989378634837,10.995607017849341,0,1006,WALKING,0,17
9,60.432977275340555,11.029340015469428,60.17709991850668,11.400402989290395,1,1247,WALKING,0,36
10,59.703726808364,10.883163692449047,59.64615440307638,10.793209032128813,0,1092,WALKING,1023,9
11,60.305038596923616,11.276715331350074,60.24106925771515,11.242982333729985,1,1324,WALKING,1252,8
12,59.844459354622636,10.770720367048755,60.08754284361482,11.18676067102984,0,877,WALKING,0,36
13,60.35621406829039,11.242982333729985,60.33702326652785,11.209249336109897,1,1069,WALKING,1021,3
14,59.62056666739299,10.489612053548022,59.65255133699723,10.53458938370814,0,854,WALKING,807,5
15,60.010779636564656,10.905652357529107,59.99798576872296,10.871919359909018,1,1098,WALKING,1003,3
16,60.055558174010585,11.344181326590249,60.036367372248044,11.242982333729985,0,924,WALKING,0,7
17,60.02357350440635,11.467868984530572,59.991588834802116,11.366669991670308,0,705,WALKING,0,7
18,60.52253435023241,11.029340015469428,60.55451901983665,11.130539008329691,0,1066,WALKING,0,7
19,60.0299704383272,11.321692661510191,59.56299426210537,10.545833716248168,0,837,WALKING,0,68
20,59.48623105505521,10.703254371808578,59.6077727995513,10.736987369428666,1,475,WALKING,0,14
