id,pickup_latitude,pickup_longitude,dropoff_latitude,dropoff_longitude,request_type,request_time,mobility_type,call_time,direct_drive_time
1,60.0171765704855,10.86067502736899,60.32422939868616,11.456624651990541,0,885,WALKING,0,0
2,60.50974048239072,11.085561678169574,60.432977275340555,11.063073013089516,1,561,WALKING,0,0
3,59.806077751097554,11.850176290891568,59.825268552860095,11.703999967871187,0,446,WALKING,0,0
4,60.29864166300277,11.16427200594978,60.16430605066498,11.119294675789662,1,434,WALKING,0,0
5,59.991588834802116,11.18676067102984,60.06835204185228,11.254226666270014,1,1021,WALKING,0,0
6,59.56299426210537,10.849430694828959,60.074748975773126,11.411647321830426,1,508,WALKING,0,0
7,59.93401642951449,10.478367721007992,59.95960416519788,10.489612053548022,0,1014,WALKING,0,0
8,60.036367372248044,11.119294675789662,60.06195510793143,11.074317345629545,0,1129,WALKING,0,0
9,59.908428693831105,11.411647321830426,59.844459354622636,11.51284631469069,0,1032,WALKING,0,0
10,60.37540487005293,11.141783340869722,60.08754284361482,11.366669991670308,0,1076,WALKING,0,0
11,60.33702326652785,10.748231701968695,59.991588834802116,11.00685135038937,0,1314,WALKING,0,0
12,59.972398033039575,11.400402989290395,60.0299704383272,10.939385355149193,0,957,WALKING,0,0
13,60.36261100221124,11.063073013089516,60.35621406829039,11.287959663890103,1,874,WALKING,368,0
14,60.02357350440635,10.523345051168109,59.927619495593646,10.377168728147728,1,980,WALKING,542,0
15,60.330626332607004,11.198005003569868,60.27305392731938,11.254226666270014,1,525,WALKING,399,0
16,60.27945086124023,11.242982333729985,60.15151218282329,11.445380319450512,0,921,WALKING,508,0
17,59.55659732818452,10.557078048788197,59.78688694933501,10.635788376568403,1,496,WALKING,369,0
18,60.35621406829039,10.973118352769282,60.452168077103096,10.647032709108432,0,511,WALKING,370,0
19,60.27945086124023,10.995607017849341,59.825268552860095,11.018095682929399,0,922,WALKING,360,0
20,59.96600109911873,10.455879055927934,59.75490227973078,10.455879055927934,1,949,WALKING,515,0
