id,pickup_latitude,pickup_longitude,dropoff_latitude,dropoff_longitude,request_type,request_time,mobility_type,call_time,direct_drive_time
1,59.97879496696042,11.130539008329691,60.0171765704855,11.085561678169574,1,666,WALKING,0,5
2,59.94041336343534,10.928141022609164,59.97879496696042,11.198005003569868,1,403,WALKING,0,16
3,59.79328388325586,10.928141022609164,59.77409308149332,11.287959663890103,0,1072,WALKING,0,21
4,59.56939119602622,10.804453364668841,60.119527513219055,11.242982333729985,1,512,WALKING,0,66
5,59.54380346034283,10.545833716248168,59.56939119602622,10.545833716248168,1,720,WALKING,0,3
6,60.26026005947769,11.265470998810043,60.35621406829039,11.141783340869722,1,529,WALKING,0,13
7,59.94041336343534,11.220493668649926,59.90203175991026,11.242982333729985,1,531,WALKING,0,5
8,59.62056666739299,11.108050343249634,59.972398033039575,10.725743036888638,0,962,WALKING,820,45
9,59.73571147796824,10.916896690069136,59.7165206762057,10.703254371808578,0,604,WALKING,446,13
10,59.83806242070179,10.602055378948315,59.75490227973078,11.591556642470893,0,1027,WALKING,0,57
11,59.991588834802116,10.523345051168109,59.972398033039575,10.568322381328226,0,932,WALKING,641,4
12,60.0299704383272,12.086307274232183,60.04916124008974,11.928886618671774,0,1109,WALKING,570,9
13,59.908428693831105,11.265470998810043,59.94681029735619,11.130539008329691,1,1016,WALKING,505,9
14,59.94681029735619,11.130539008329691,60.0171765704855,11.344181326590249,0,878,WALKING,0,15
15,60.4393742092614,11.265470998810043,60.17709991850668,11.31044832897016,0,890,WALKING,0,30
16,59.972398033039575,10.68076570672852,59.83166548678094,10.815697697208872,1,467,WALKING,0,18
17,59.7165206762057,11.287959663890103,59.806077751097554,11.040584348009459,0,1063,WALKING,868,18
18,60.1259244471399,11.467868984530572,59.83806242070179,10.545833716248168,1,1179,WALKING,0,61
19,60.11313057929821,11.377914324210337,59.91482562775195,11.287959663890103,0,1011,WALKING,496,23
20,59.806077751097554,10.377168728147728,59.83166548678094,10.377168728147728,0,953,WALKING,494,3
