id,pickup_latitude,pickup_longitude,dropoff_latitude,dropoff_longitude,request_type,request_time,mobility_type,call_time,direct_drive_time
1,60.08114590969397,11.242982333729985,60.100336711456514,11.366669991670308,0,870,WALKING,863,0
2,59.953207231277034,10.377168728147728,59.81887161893925,10.53458938370814,0,830,WALKING,817,0
3,60.036367372248044,11.377914324210337,59.76769614757247,11.220493668649926,0,850,WALKING,843,0
4,59.953207231277034,11.16427200594978,59.58858199778876,10.613299711488343,0,744,WALKING,733,0
5,59.79328388325586,10.905652357529107,59.97879496696042,11.119294675789662,0,1107,WALKING,1092,0
6,60.47135887886564,10.98436268530931,60.45856501102394,10.916896690069136,0,577,WALKING,562,0
7,60.08754284361482,11.557823644850806,60.31783246476531,11.096806010709605,0,876,WALKING,862,0
8,60.157909116744136,11.524090647230718,60.138718314981595,11.456624651990541,0,477,WALKING,467,0
9,59.8124746850184,10.602055378948315,59.75490227973078,10.545833716248168,0,800,WALKING,790,0
10,59.86365015638518,10.973118352769282,59.88284095814772,10.950629687689224,0,1032,WALKING,1021,0
11,59.511818790738594,10.624544044028374,59.56299426210537,10.568322381328226,0,1036,WALKING,1024,0
12,60.0171765704855,11.501601982150659,60.06195510793143,11.625289640090982,0,1046,WALKING,1037,0
13,60.04916124008974,11.33293699405022,59.972398033039575,11.209249336109897,0,379,WALKING,372,0
14,60.45856501102394,10.98436268530931,60.330626332607004,11.49035764961063,0,929,WALKING,919,0
15,60.221878455952606,11.16427200594978,60.00438270264381,11.614045307550953,0,561,WALKING,550,0
16,60.56731288767834,11.00685135038937,60.40738953965717,11.074317345629545,0,1217,WALKING,1209,0
17,59.50542185681775,10.388413060687757,59.54380346034283,10.478367721007992,0,453,WALKING,441,0
18,60.40099260573632,10.736987369428666,60.36261100221124,10.736987369428666,0,576,WALKING,561,0
19,59.87644402422687,11.546579312310776,59.9212225616728,11.4791133170706,0,704,WALKING,692,0
20,60.1259244471399,11.467868984530572,59.83806242070179,10.781964699588784,0,1117,WALKING,1105,0
