id,pickup_latitude,pickup_longitude,dropoff_latitude,dropoff_longitude,request_type,request_time,mobility_type,call_time,direct_drive_time
1,59.85725322246433,11.344181326590249,59.95960416519788,11.377914324210337,0,953,WALKING,0,0
2,59.83806242070179,11.198005003569868,59.79968081717671,11.108050343249634,1,507,WALKING,0,0
3,60.20908458811091,11.276715331350074,60.18989378634837,11.029340015469428,0,962,WALKING,0,0
4,60.599297557282576,11.242982333729985,60.24106925771515,11.400402989290395,0,923,WALKING,0,0
5,60.40738953965717,11.535334979770747,60.31783246476531,11.456624651990541,1,1036,WALKING,0,0
6,60.036367372248044,11.220493668649926,60.40738953965717,11.254226666270014,0,808,WALKING,0,0
7,59.94681029735619,11.411647321830426,59.90203175991026,11.422891654370455,0,777,WALKING,0,0
8,60.388198737894626,11.130539008329691,60.45856501102394,11.175516338489809,0,904,WALKING,0,0
9,59.71012374228485,11.377914324210337,59.86365015638518,11.400402989290395,0,643,WALKING,0,0
10,60.330626332607004,11.16427200594978,60.21548152203176,11.366669991670308,1,539,WALKING,0,0
11,59.825268552860095,11.456624651990541,59.99798576872296,11.242982333729985,0,900,WALKING,0,0
12,59.991588834802116,10.973118352769282,59.44145251760928,10.692010039268549,0,920,WALKING,0,0
13,60.16430605066498,11.366669991670308,60.15151218282329,11.434135986910483,0,933,WALKING,674,0
14,60.04916124008974,11.366669991670308,59.88284095814772,11.737732965491276,1,1209,WALKING,825,0
15,60.06195510793143,10.961874020229253,60.100336711456514,10.916896690069136,1,1354,WALKING,428,0
16,60.221878455952606,11.670266970251099,60.24106925771515,11.647778305171041,1,640,WALKING,469,0
17,60.44577114318225,11.254226666270014,60.330626332607004,11.411647321830426,0,1068,WALKING,419,0
18,60.00438270264381,10.399657393227788,60.036367372248044,10.287214067827493,1,533,WALKING,380,0
19,60.055558174010585,11.276715331350074,59.991588834802116,10.714498704348607,1,516,WALKING,384,0
20,59.58858199778876,10.602055378948315,59.56299426210537,10.590811046408286,1,505,WALKING,378,0
