id,pickup_latitude,pickup_longitude,dropoff_latitude,dropoff_longitude,request_type,request_time,mobility_type,call_time,direct_drive_time
1,60.11320148301798,11.055787103957623,60.34909573962024,11.192901696698868,1,497,WALKING,0,28
2,59.995254354716856,11.287167979208474,60.00648741455505,11.26145899306949,1,395,WALKING,0,2
3,60.186216371966296,11.54425784059831,59.98402129487865,11.458561220135032,1,494,WALKING,0,23
4,60.360328799458436,10.95295115940169,60.360328799458436,11.535688178551982,0,878,WALKING,553,0
5,59.877307226415724,10.395923126390382,59.65264602965167,10.6787219739192,0,811,WALKING,0,0
6,59.63579643989437,11.26145899306949,59.88854028625393,11.26145899306949,1,536,WALKING,0,29
7,60.39964450889215,10.910102849170052,59.93347252560674,11.312876965347458,0,1081,WALKING,0,0
8,60.41087756873035,11.081496090096607,59.74251050835729,10.644443325733889,0,793,WALKING,623,0
9,60.23676514123821,11.235750006930509,59.65826255957077,10.704430960058183,1,1018,WALKING,709,71
10,59.89415681617303,10.935811835309034,60.34347920970114,11.004369131679658,1,440,WALKING,0,51
11,60.30978003018653,11.252889331023164,59.63579643989437,10.772988256428805,1,498,WALKING,0,80
12,60.01772047439326,11.132914062374574,60.253614730995515,11.527118516505654,0,1028,WALKING,832,0
13,59.73689397843819,10.72157028415084,60.33224614986293,11.321446627393787,0,1156,WALKING,806,0
14,59.73689397843819,11.132914062374574,59.882923756334826,10.764418594382478,1,1104,WALKING,956,27
15,60.50074204743597,10.99579946963333,60.057036183826966,11.175762372606213,1,503,WALKING,0,51
16,60.079502303503375,11.38143426171808,60.079502303503375,11.552827502644638,0,486,WALKING,363,0
17,59.96155517520224,11.124344400328246,59.69196173908538,10.661582649826544,1,444,WALKING,0,40
18,60.48950898759777,11.055787103957623,60.37717838921574,11.22718034488418,0,948,WALKING,0,0
19,59.95593864528314,11.441421896042376,59.94470558544494,10.935811835309034,0,516,WALKING,0,0
20,60.270464320752815,11.235750006930509,60.337862679782035,11.252889331023164,0,885,WALKING,719,0
