id,pickup_latitude,pickup_longitude,dropoff_latitude,dropoff_longitude,request_type,request_time,mobility_type,call_time,direct_drive_time
1,59.953207231277034,11.299203996430132,60.02357350440635,11.31044832897016,0,946,WALKING,604,8
2,59.703726808364,10.759476034508724,59.67174213875977,10.781964699588784,0,917,WALKING,382,4
3,59.78688694933501,10.66952137418849,60.13232138106075,11.198005003569868,1,787,WALKING,541,49
4,60.0299704383272,11.209249336109897,59.99798576872296,11.141783340869722,0,946,WALKING,0,6
5,59.83806242070179,11.434135986910483,59.9212225616728,11.400402989290395,1,429,WALKING,0,10
6,59.9212225616728,10.83818636228893,59.870047090306024,10.86067502736899,1,879,WALKING,0,6
7,60.06195510793143,11.074317345629545,59.48623105505521,10.86067502736899,1,1073,WALKING,744,66
8,59.62056666739299,10.579566713868257,59.55659732818452,11.344181326590249,0,372,WALKING,0,44
9,60.08114590969397,11.141783340869722,60.24746619163599,11.467868984530572,1,1011,WALKING,543,26
10,60.1259244471399,11.467868984530572,59.550200394263676,11.321692661510191,0,1121,WALKING,461,65
11,60.010779636564656,11.265470998810043,59.58858199778876,10.478367721007992,1,513,WALKING,0,65
12,59.91482562775195,10.973118352769282,59.9212225616728,10.939385355149193,0,1034,WALKING,823,3
13,59.9212225616728,11.434135986910483,59.96600109911873,10.950629687689224,1,611,WALKING,0,28
14,60.11313057929821,11.096806010709605,59.76769614757247,11.16427200594978,1,561,WALKING,0,39
15,59.908428693831105,10.894408024989076,59.90203175991026,11.063073013089516,0,1054,WALKING,914,10
16,60.0171765704855,11.602800975010924,60.0299704383272,11.4791133170706,1,767,WALKING,0,8
17,60.413786473578014,11.287959663890103,60.452168077103096,11.366669991670308,1,440,WALKING,0,7
18,60.11313057929821,11.15302767340975,59.90203175991026,10.714498704348607,0,670,WALKING,0,34
19,59.94041336343534,11.16427200594978,59.94681029735619,11.00685135038937,1,697,WALKING,0,9
20,59.98519190088127,10.83818636228893,59.94681029735619,10.759476034508724,1,502,WALKING,0,7
