id,pickup_latitude,pickup_longitude,dropoff_latitude,dropoff_longitude,request_type,request_time,mobility_type,call_time,direct_drive_time
1,59.79328388325586,10.579566713868257,59.68453600660146,10.770720367048755,1,1233,WALKING,0,17
2,59.9212225616728,11.096806010709605,59.889237892068564,10.950629687689224,0,838,WALKING,0,9
3,60.138718314981595,11.209249336109897,60.0299704383272,11.569067977390835,0,1119,WALKING,844,24
4,60.25386312555684,11.569067977390835,60.35621406829039,11.231738001189957,0,922,WALKING,0,22
5,59.972398033039575,11.242982333729985,59.98519190088127,11.198005003569868,1,905,WALKING,747,3
6,60.0171765704855,11.16427200594978,59.98519190088127,10.939385355149193,1,1276,WALKING,516,13
7,60.119527513219055,11.220493668649926,60.119527513219055,11.51284631469069,1,998,WALKING,0,17
8,60.10673364537736,11.18676067102984,60.24106925771515,11.299203996430132,1,1222,WALKING,761,17
9,59.9212225616728,10.388413060687757,59.83166548678094,10.444634723387905,1,801,WALKING,0,11
10,60.19629072026922,11.276715331350074,59.96600109911873,11.31044832897016,1,547,WALKING,0,26
11,60.138718314981595,11.242982333729985,60.1259244471399,11.299203996430132,1,408,WALKING,0,4
12,59.4990249228969,10.86067502736899,59.56939119602622,10.815697697208872,1,427,WALKING,0,9
13,60.00438270264381,11.434135986910483,60.0171765704855,11.422891654370455,0,1024,WALKING,875,2
14,59.93401642951449,10.51210071862808,59.94041336343534,10.444634723387905,0,925,WALKING,466,4
15,59.71012374228485,10.65827704164846,59.63975746915553,10.602055378948315,0,510,WALKING,387,9
16,60.0171765704855,11.524090647230718,60.138718314981595,11.467868984530572,1,838,WALKING,0,14
17,59.53740652642198,10.65827704164846,59.972398033039575,11.242982333729985,1,1377,WALKING,796,59
18,59.722917610126544,10.759476034508724,59.69093294052231,10.804453364668841,0,936,WALKING,0,5
19,60.15151218282329,11.175516338489809,60.221878455952606,11.108050343249634,0,483,WALKING,0,9
20,59.62696360131384,10.422146058307845,59.74850534580993,10.793209032128813,0,603,WALKING,0,25
