id,pickup_latitude,pickup_longitude,dropoff_latitude,dropoff_longitude,request_type,request_time,mobility_type,call_time,direct_drive_time
1,60.00087088463595,11.10720507623559,59.64702949973257,11.441421896042376,1,562,WALKING,0,44
2,60.38841144905395,11.22718034488418,59.882923756334826,10.850115214845756,1,1279,WALKING,1013,60
3,59.70319479892358,11.330016289440113,59.995254354716856,11.304307303301131,1,498,WALKING,0,33
4,60.35471226953934,11.252889331023164,59.88854028625393,10.99579946963333,1,443,WALKING,0,54
5,59.70319479892358,11.175762372606213,59.80990886738651,11.081496090096607,1,423,WALKING,0,13
6,60.39402797897305,11.22718034488418,60.06826924366517,11.38143426171808,1,436,WALKING,0,38
7,60.34347920970114,11.210041020791525,59.93347252560674,10.944381497355362,0,915,WALKING,609,0
8,60.41649409864945,11.355725275579097,59.65264602965167,10.704430960058183,0,895,WALKING,0,0
9,60.06826924366517,11.509979192412999,60.141284132613485,11.518548854459326,0,859,WALKING,653,0
10,59.927855995687636,11.26145899306949,59.967171705121345,11.278598317162148,0,529,WALKING,382,0
11,59.67511214932808,10.824406228706772,59.84360804690112,11.355725275579097,0,1028,WALKING,455,0
12,59.967171705121345,11.235750006930509,59.89977334609213,11.021508455772313,1,423,WALKING,0,15
13,59.97278823504045,11.055787103957623,59.93347252560674,11.612815136968932,0,913,WALKING,753,0
14,59.96155517520224,11.012938793725985,60.315396560105626,11.235750006930509,0,952,WALKING,0,0
15,59.663879089489875,11.22718034488418,59.97840476495955,11.252889331023164,1,741,WALKING,0,36
16,59.95593864528314,10.790127580521462,59.89415681617303,10.935811835309034,0,935,WALKING,622,0
17,59.96155517520224,11.201471358745197,59.91100640593033,10.95295115940169,1,407,WALKING,0,15
18,60.09073536334157,11.287167979208474,59.708811328842685,11.492839868320342,0,895,WALKING,768,0
19,60.051419653907864,11.312876965347458,60.292930440429224,11.132914062374574,1,433,WALKING,0,29
20,60.39402797897305,11.175762372606213,60.10758495309888,11.535688178551982,1,534,WALKING,0,38
