id,pickup_latitude,pickup_longitude,dropoff_latitude,dropoff_longitude,request_type,request_time,mobility_type,call_time,direct_drive_time
1,60.02357350440635,11.299203996430132,59.991588834802116,11.265470998810043,1,424,WALKING,0,5
2,59.86365015638518,10.973118352769282,59.825268552860095,11.467868984530572,0,950,WALKING,787,0
3,60.516137416311565,11.198005003569868,60.3434202004487,11.220493668649926,0,929,WALKING,372,0
4,60.516137416311565,10.871919359909018,60.413786473578014,11.18676067102984,0,893,WALKING,594,0
5,59.62696360131384,10.287214067827493,59.594978931709605,10.264725402747436,1,434,WALKING,0,4
6,59.90203175991026,10.53458938370814,59.927619495593646,10.602055378948315,1,419,WALKING,0,5
7,59.806077751097554,12.108795939312243,59.83806242070179,12.063818609152126,0,437,WALKING,0,0
8,59.94041336343534,11.647778305171041,59.95960416519788,11.625289640090982,1,502,WALKING,0,3
9,60.44577114318225,11.4791133170706,60.4393742092614,11.434135986910483,1,380,WALKING,0,3
10,59.908428693831105,11.242982333729985,59.94681029735619,10.905652357529107,1,457,WALKING,0,20
11,59.98519190088127,11.299203996430132,60.10673364537736,11.287959663890103,0,967,WALKING,631,0
12,59.99798576872296,11.051828680549487,59.99798576872296,11.018095682929399,0,899,WALKING,0,0
13,60.285847795161075,11.524090647230718,59.953207231277034,11.063073013089516,0,984,WALKING,659,0
14,60.055558174010585,10.973118352769282,60.17709991850668,11.422891654370455,0,716,WALKING,420,0
15,60.21548152203176,11.254226666270014,60.11313057929821,11.31044832897016,1,433,WALKING,0,12
16,59.74850534580993,10.68076570672852,59.7165206762057,10.692010039268549,0,468,WALKING,0,0
17,59.94041336343534,11.31044832897016,59.953207231277034,11.33293699405022,1,447,WALKING,0,2
18,59.77409308149332,10.568322381328226,59.74850534580993,10.557078048788197,1,609,WALKING,405,3
19,59.51821572465944,10.602055378948315,59.62056666739299,10.66952137418849,1,405,WALKING,0,12
20,60.17709991850668,11.692755635331158,60.27305392731938,11.625289640090982,0,754,WALKING,407,0
