id,pickup_latitude,pickup_longitude,dropoff_latitude,dropoff_longitude,request_type,request_time,mobility_type,call_time,direct_drive_time
1,60.183496852427524,11.198005003569868,60.14511524890244,11.209249336109897,1,416,WALKING,0,5
2,60.55451901983665,10.804453364668841,60.580106755520035,10.826942029748901,1,400,WALKING,0,4
3,59.62696360131384,10.770720367048755,59.58858199778876,10.736987369428666,0,971,WALKING,769,0
4,59.96600109911873,10.500856386088051,60.036367372248044,11.411647321830426,0,1081,WALKING,520,0
5,59.94041336343534,10.590811046408286,60.0171765704855,10.647032709108432,0,1056,WALKING,766,0
6,59.69093294052231,10.916896690069136,60.0299704383272,11.299203996430132,0,1082,WALKING,512,0
7,60.42018340749886,11.051828680549487,60.305038596923616,10.928141022609164,1,402,WALKING,0,15
8,59.63336053523469,10.635788376568403,59.65255133699723,10.647032709108432,1,390,WALKING,0,3
9,59.72931454404739,10.399657393227788,59.703726808364,10.444634723387905,0,425,WALKING,0,0
10,59.58218506386791,10.995607017849341,59.52461265858029,10.883163692449047,0,1020,WALKING,411,0
11,59.73571147796824,11.141783340869722,59.76769614757247,11.198005003569868,1,459,WALKING,0,5
12,60.20908458811091,11.535334979770747,60.29864166300277,11.299203996430132,1,436,WALKING,0,17
13,59.94041336343534,11.096806010709605,60.010779636564656,11.18676067102984,1,512,WALKING,0,10
14,59.60137586563045,10.602055378948315,59.889237892068564,10.455879055927934,1,590,WALKING,420,34
15,59.91482562775195,10.950629687689224,59.93401642951449,10.961874020229253,1,443,WALKING,0,3
16,60.2346723237943,11.4791133170706,60.21548152203176,11.33293699405022,1,478,WALKING,0,9
17,60.24106925771515,11.299203996430132,59.99798576872296,11.085561678169574,1,434,WALKING,0,30
18,60.10673364537736,11.16427200594978,59.69093294052231,11.299203996430132,0,594,WALKING,0,0
19,59.48623105505521,10.770720367048755,59.550200394263676,10.804453364668841,0,932,WALKING,399,0
20,60.221878455952606,11.051828680549487,60.24746619163599,10.973118352769282,1,518,WALKING,390,6
