id,pickup_latitude,pickup_longitude,dropoff_latitude,dropoff_longitude,request_type,request_time,mobility_type,call_time,direct_drive_time
1,59.991588834802116,11.242982333729985,59.96600109911873,11.130539008329691,1,502,WALKING,0,7
2,60.35621406829039,11.00685135038937,60.3434202004487,11.085561678169574,0,940,WALKING,634,5
3,59.927619495593646,10.905652357529107,59.96600109911873,10.98436268530931,0,863,WALKING,0,7
4,59.98519190088127,12.232483597252564,60.00438270264381,12.063818609152126,1,1046,WALKING,803,10
5,60.37540487005293,11.242982333729985,60.29864166300277,11.141783340869722,1,521,WALKING,376,11
6,60.00438270264381,10.230992405127347,59.97879496696042,10.500856386088051,1,1082,WALKING,787,16
7,59.91482562775195,11.501601982150659,59.99798576872296,11.242982333729985,1,1021,WALKING,0,18
8,60.47135887886564,11.33293699405022,60.285847795161075,11.198005003569868,1,428,WALKING,0,22
9,59.8124746850184,10.928141022609164,59.95960416519788,12.097551606772212,0,942,WALKING,634,68
10,60.119527513219055,11.18676067102984,60.16430605066498,11.299203996430132,1,475,WALKING,0,8
11,60.08754284361482,11.434135986910483,60.09393977753567,11.209249336109897,1,1345,WALKING,1158,13
12,59.63975746915553,11.569067977390835,59.69093294052231,11.625289640090982,1,470,WALKING,0,7
13,59.96600109911873,10.377168728147728,59.85725322246433,10.68076570672852,1,1235,WALKING,900,21
14,59.51821572465944,10.759476034508724,59.4990249228969,10.714498704348607,0,456,WALKING,0,4
15,60.40738953965717,10.793209032128813,60.44577114318225,10.849430694828959,1,423,WALKING,0,6
16,60.58650368944088,11.366669991670308,60.535328218074106,11.198005003569868,1,861,WALKING,0,11
17,60.369007936132085,11.231738001189957,59.94681029735619,11.501601982150659,1,475,WALKING,0,50
18,60.0299704383272,11.096806010709605,59.89563482598941,11.018095682929399,0,771,WALKING,471,16
19,60.2346723237943,10.86067502736899,60.40738953965717,10.905652357529107,1,506,WALKING,0,20
20,60.157909116744136,11.141783340869722,59.722917610126544,10.489612053548022,0,1142,WALKING,0,61
