id,pickup_latitude,pickup_longitude,dropoff_latitude,dropoff_longitude,request_type,request_time,mobility_type,call_time,direct_drive_time
1,59.98519190088127,11.614045307550953,59.94681029735619,11.614045307550953,0,972,WALKING,0,5
2,60.17070298458583,11.299203996430132,59.90203175991026,11.265470998810043,1,1034,WALKING,0,30
3,59.54380346034283,10.826942029748901,59.99798576872296,10.388413060687757,1,474,WALKING,0,57
4,59.806077751097554,11.580312309930864,59.91482562775195,11.546579312310776,0,1046,WALKING,439,13
5,59.86365015638518,10.928141022609164,59.908428693831105,11.119294675789662,1,851,WALKING,0,12
6,59.9212225616728,12.030085611532037,60.00438270264381,11.681511302791128,1,499,WALKING,0,22
7,59.99798576872296,10.35468006306767,59.953207231277034,10.714498704348607,0,1028,WALKING,499,21
8,59.492627988976054,10.725743036888638,59.4990249228969,10.692010039268549,0,952,WALKING,0,3
9,59.972398033039575,11.231738001189957,59.91482562775195,11.18676067102984,1,427,WALKING,0,7
10,59.75490227973078,11.242982333729985,59.68453600660146,11.096806010709605,0,787,WALKING,508,12
11,59.85085628854348,11.085561678169574,60.37540487005293,11.051828680549487,0,897,WALKING,0,59
12,60.17070298458583,11.63653397263101,60.13232138106075,11.647778305171041,0,1113,WALKING,481,5
13,60.02357350440635,11.175516338489809,60.21548152203176,11.096806010709605,0,835,WALKING,447,22
14,59.83806242070179,10.478367721007992,60.074748975773126,11.33293699405022,1,460,WALKING,0,55
15,59.94681029735619,11.242982333729985,59.953207231277034,11.16427200594978,0,812,WALKING,0,5
16,60.46496194494479,11.029340015469428,60.14511524890244,11.040584348009459,1,423,WALKING,0,36
17,59.87644402422687,10.770720367048755,59.63336053523469,10.725743036888638,0,929,WALKING,703,28
18,60.06835204185228,11.119294675789662,60.08114590969397,11.130539008329691,0,909,WALKING,586,2
19,59.742108411889085,10.51210071862808,59.806077751097554,10.624544044028374,0,909,WALKING,0,10
20,59.95960416519788,11.018095682929399,59.908428693831105,10.781964699588784,1,751,WALKING,430,15
