id,pickup_latitude,pickup_longitude,dropoff_latitude,dropoff_longitude,request_type,request_time,mobility_type,call_time,direct_drive_time
1,60.157909116744136,11.535334979770747,60.413786473578014,11.141783340869722,0,901,WALKING,0,0
2,59.64615440307638,10.613299711488343,59.742108411889085,10.950629687689224,1,1065,WALKING,0,0
3,60.08754284361482,11.4791133170706,60.100336711456514,11.445380319450512,0,890,WALKING,0,0
4,59.703726808364,10.590811046408286,59.69093294052231,10.66952137418849,1,453,WALKING,0,0
5,60.04276430616889,11.602800975010924,59.96600109911873,11.782710295651393,0,374,WALKING,0,0
6,60.388198737894626,10.928141022609164,60.388198737894626,11.063073013089516,1,1306,WALKING,0,0
7,60.138718314981595,11.119294675789662,59.658948270918074,10.928141022609164,1,844,WALKING,0,0
8,60.31783246476531,11.793954628191422,60.3434202004487,11.141783340869722,0,699,WALKING,0,0
9,59.89563482598941,11.737732965491276,60.32422939868616,11.4791133170706,1,983,WALKING,0,0
10,59.83806242070179,10.65827704164846,59.870047090306024,11.00685135038937,1,957,WALKING,0,0
11,60.1259244471399,11.321692661510191,60.52253435023241,10.83818636228893,1,647,WALKING,0,0
12,59.97879496696042,11.265470998810043,60.04276430616889,11.287959663890103,1,426,WALKING,0,0
13,59.550200394263676,10.714498704348607,59.69093294052231,10.815697697208872,0,980,WALKING,808,0
14,60.08754284361482,11.198005003569868,60.02357350440635,11.16427200594978,0,1140,WALKING,758,0
15,60.04276430616889,11.49035764961063,59.89563482598941,10.590811046408286,0,1044,WALKING,832,0
16,59.83166548678094,11.141783340869722,59.89563482598941,11.198005003569868,0,641,WALKING,428,0
17,60.09393977753567,11.029340015469428,60.452168077103096,11.231738001189957,0,506,WALKING,377,0
18,59.658948270918074,10.68076570672852,59.65255133699723,10.467123388467963,1,513,WALKING,372,0
19,59.76769614757247,11.422891654370455,59.86365015638518,11.49035764961063,0,938,WALKING,742,0
20,60.10673364537736,10.883163692449047,60.04276430616889,10.950629687689224,1,657,WALKING,400,0
