id,pickup_latitude,pickup_longitude,dropoff_latitude,dropoff_longitude,request_type,request_time,mobility_type,call_time,direct_drive_time
1,59.86365015638518,11.209249336109897,59.62056666739299,11.15302767340975,1,873,WALKING,0,28
2,59.76769614757247,11.692755635331158,60.17709991850668,11.254226666270014,1,751,WALKING,0,52
3,59.90203175991026,11.625289640090982,59.96600109911873,11.220493668649926,0,1289,WALKING,0,24
4,60.26026005947769,11.287959663890103,60.3434202004487,11.254226666270014,0,927,WALKING,466,10
5,60.44577114318225,10.905652357529107,60.432977275340555,10.98436268530931,1,633,WALKING,0,5
6,60.44577114318225,11.220493668649926,60.369007936132085,11.400402989290395,1,570,WALKING,0,14
7,60.08754284361482,11.074317345629545,59.98519190088127,10.883163692449047,0,920,WALKING,545,16
8,59.86365015638518,11.15302767340975,59.93401642951449,11.074317345629545,0,818,WALKING,0,9
9,60.17709991850668,11.321692661510191,60.16430605066498,11.389158656750366,0,946,WALKING,771,4
10,59.7165206762057,11.389158656750366,59.74850534580993,11.321692661510191,1,759,WALKING,0,6
11,60.06835204185228,11.220493668649926,60.44577114318225,11.411647321830426,1,423,WALKING,0,44
12,59.58858199778876,10.399657393227788,59.60137586563045,10.590811046408286,0,1010,WALKING,0,11
13,60.413786473578014,11.209249336109897,60.33702326652785,11.175516338489809,0,914,WALKING,618,9
14,59.85725322246433,10.736987369428666,59.87644402422687,10.781964699588784,0,1076,WALKING,955,4
15,60.3434202004487,10.815697697208872,60.010779636564656,11.838931958351539,0,1003,WALKING,0,68
16,60.349817134369545,11.726488632951245,59.908428693831105,11.018095682929399,0,1082,WALKING,0,63
17,59.86365015638518,10.478367721007992,59.91482562775195,10.500856386088051,0,862,WALKING,717,6
18,60.04276430616889,12.052574276612095,59.93401642951449,11.108050343249634,1,933,WALKING,440,54
19,60.4393742092614,10.928141022609164,60.11313057929821,11.4791133170706,0,933,WALKING,0,48
20,60.25386312555684,10.86067502736899,59.927619495593646,11.063073013089516,0,874,WALKING,751,38
