id,pickup_latitude,pickup_longitude,dropoff_latitude,dropoff_longitude,request_type,request_time,mobility_type,call_time,direct_drive_time
1,60.432977275340555,10.894408024989076,60.330626332607004,11.276715331350074,1,999,WALKING,0,0
2,59.83806242070179,11.16427200594978,60.388198737894626,11.557823644850806,1,876,WALKING,0,0
3,59.927619495593646,11.029340015469428,59.908428693831105,11.130539008329691,1,977,WALKING,0,0
4,60.388198737894626,11.344181326590249,60.1259244471399,10.613299711488343,1,514,WALKING,0,0
5,60.010779636564656,10.287214067827493,60.010779636564656,10.20850374004729,0,957,WALKING,0,0
6,59.94681029735619,10.961874020229253,59.71012374228485,10.68076570672852,1,938,WALKING,0,0
7,60.036367372248044,10.961874020229253,60.221878455952606,11.18676067102984,0,795,WALKING,0,0
8,60.221878455952606,11.422891654370455,60.183496852427524,11.535334979770747,0,872,WALKING,0,0
9,60.183496852427524,11.040584348009459,60.27305392731938,11.040584348009459,0,475,WALKING,0,0
10,60.11313057929821,11.16427200594978,59.77409308149332,11.108050343249634,1,545,WALKING,0,0
11,60.29864166300277,11.040584348009459,59.95960416519788,11.906397953591714,1,1036,WALKING,0,0
12,59.953207231277034,10.725743036888638,59.93401642951449,10.793209032128813,0,537,WALKING,0,0
13,60.305038596923616,11.276715331350074,60.24106925771515,11.220493668649926,1,530,WALKING,378,0
14,60.183496852427524,11.299203996430132,60.10673364537736,11.344181326590249,1,1254,WALKING,923,0
15,60.202687654190065,11.580312309930864,59.72931454404739,11.501601982150659,1,726,WALKING,504,0
16,59.991588834802116,10.275969735287465,59.89563482598941,10.455879055927934,0,1297,WALKING,1025,0
17,60.496946614549024,10.939385355149193,60.46496194494479,10.939385355149193,0,783,WALKING,584,0
18,60.17709991850668,10.961874020229253,59.71012374228485,10.53458938370814,0,804,WALKING,532,0
19,59.703726808364,10.883163692449047,59.594978931709605,10.98436268530931,0,534,WALKING,412,0
20,60.010779636564656,10.478367721007992,59.806077751097554,10.66952137418849,0,1011,WALKING,626,0
