id,pickup_latitude,pickup_longitude,dropoff_latitude,dropoff_longitude,request_type,request_time,mobility_type,call_time,direct_drive_time
1,59.953207231277034,10.939385355149193,59.953207231277034,10.916896690069136,1,444,WALKING,0,2
2,59.927619495593646,11.445380319450512,59.68453600660146,11.321692661510191,1,537,WALKING,0,28
3,59.531009592501135,10.51210071862808,59.68453600660146,10.53458938370814,1,473,WALKING,0,18
4,59.93401642951449,11.276715331350074,59.927619495593646,11.33293699405022,1,525,WALKING,399,4
5,60.40738953965717,11.085561678169574,60.44577114318225,11.096806010709605,0,1003,WALKING,506,0
6,59.51821572465944,10.804453364668841,59.492627988976054,10.748231701968695,0,903,WALKING,615,0
7,60.2346723237943,11.389158656750366,60.20908458811091,11.276715331350074,1,438,WALKING,0,7
8,59.908428693831105,11.265470998810043,59.93401642951449,11.287959663890103,1,441,WALKING,0,4
9,60.266656993398534,11.569067977390835,60.24746619163599,11.524090647230718,1,518,WALKING,0,4
10,60.266656993398534,11.254226666270014,60.24106925771515,11.254226666270014,0,634,WALKING,401,0
11,59.780490015414166,10.523345051168109,59.78688694933501,10.545833716248168,1,486,WALKING,360,2
12,60.42018340749886,11.254226666270014,60.496946614549024,11.220493668649926,0,996,WALKING,0,0
13,60.19629072026922,11.209249336109897,60.183496852427524,11.220493668649926,0,962,WALKING,0,0
14,59.67174213875977,11.546579312310776,59.68453600660146,11.614045307550953,0,843,WALKING,0,0
15,60.010779636564656,11.018095682929399,60.010779636564656,11.051828680549487,0,954,WALKING,0,0
16,60.08754284361482,11.602800975010924,60.100336711456514,11.670266970251099,1,975,WALKING,0,5
17,59.614169733472146,10.871919359909018,59.73571147796824,10.736987369428666,1,589,WALKING,430,16
18,59.96600109911873,10.53458938370814,59.93401642951449,10.53458938370814,1,1378,WALKING,1082,4
19,60.055558174010585,10.826942029748901,60.06835204185228,10.905652357529107,1,555,WALKING,0,5
20,59.908428693831105,11.198005003569868,59.90203175991026,11.231738001189957,0,774,WALKING,381,0
