id,pickup_latitude,pickup_longitude,dropoff_latitude,dropoff_longitude,request_type,request_time,mobility_type,call_time,direct_drive_time
1,60.305038596923616,11.467868984530572,60.39459567181547,11.31044832897016,0,778,WALKING,0,0
2,59.889237892068564,10.894408024989076,60.0171765704855,10.905652357529107,0,1021,WALKING,886,0
3,59.9212225616728,11.782710295651393,59.614169733472146,10.905652357529107,1,1306,WALKING,593,60
4,60.49054968062818,11.355425659130278,60.3434202004487,11.422891654370455,0,1326,WALKING,0,0
5,60.52893128415326,10.602055378948315,60.40738953965717,10.714498704348607,1,459,WALKING,0,15
6,59.74850534580993,10.849430694828959,59.908428693831105,11.018095682929399,0,1012,WALKING,709,0
7,59.95960416519788,11.175516338489809,60.55451901983665,10.871919359909018,1,517,WALKING,0,69
8,60.02357350440635,11.276715331350074,59.87644402422687,11.141783340869722,1,414,WALKING,0,19
9,60.08754284361482,11.321692661510191,60.40738953965717,11.220493668649926,1,1348,WALKING,0,37
10,59.87644402422687,11.085561678169574,59.83166548678094,11.074317345629545,0,1022,WALKING,433,0
11,59.614169733472146,10.781964699588784,59.761299213651625,11.051828680549487,1,1137,WALKING,922,23
12,60.38180180397378,11.074317345629545,60.29864166300277,11.18676067102984,1,1251,WALKING,1059,12
13,59.908428693831105,11.063073013089516,59.972398033039575,11.040584348009459,1,522,WALKING,0,8
14,59.62696360131384,11.389158656750366,59.63975746915553,11.287959663890103,1,739,WALKING,0,6
15,59.844459354622636,10.883163692449047,60.25386312555684,11.130539008329691,1,437,WALKING,0,48
16,59.51821572465944,11.051828680549487,59.531009592501135,10.973118352769282,1,1337,WALKING,855,5
17,60.4393742092614,11.321692661510191,60.22827538987345,11.108050343249634,1,406,WALKING,0,27
18,60.055558174010585,10.961874020229253,59.889237892068564,11.81644329327148,0,1029,WALKING,0,0
19,59.7165206762057,10.692010039268549,60.02357350440635,11.18676067102984,1,698,WALKING,0,44
20,60.074748975773126,11.389158656750366,59.90203175991026,10.422146058307845,0,1073,WALKING,551,0
