id,pickup_latitude,pickup_longitude,dropoff_latitude,dropoff_longitude,request_type,request_time,mobility_type,call_time,direct_drive_time
1,59.60137586563045,10.579566713868257,59.614169733472146,10.635788376568403,1,436,WALKING,0,4
2,60.04916124008974,10.826942029748901,60.055558174010585,11.220493668649926,0,1095,WALKING,518,0
3,59.95960416519788,11.00685135038937,60.06195510793143,10.905652357529107,1,537,WALKING,402,13
4,60.29224472908192,11.175516338489809,60.25386312555684,11.15302767340975,0,1054,WALKING,0,0
5,59.91482562775195,11.625289640090982,59.93401642951449,11.209249336109897,1,425,WALKING,0,24
6,59.44145251760928,10.557078048788197,59.51821572465944,10.51210071862808,1,793,WALKING,0,9
7,60.04916124008974,11.625289640090982,59.88284095814772,11.299203996430132,0,921,WALKING,0,0
8,60.055558174010585,10.883163692449047,59.780490015414166,11.119294675789662,0,1089,WALKING,887,0
9,60.40099260573632,11.220493668649926,60.40099260573632,11.411647321830426,1,772,WALKING,634,11
10,59.86365015638518,11.029340015469428,59.78688694933501,11.4791133170706,0,1009,WALKING,0,0
11,59.697329874443156,10.725743036888638,59.78688694933501,10.759476034508724,0,1005,WALKING,0,0
12,59.90203175991026,11.085561678169574,59.60137586563045,10.748231701968695,0,975,WALKING,539,0
13,59.697329874443156,11.389158656750366,59.594978931709605,10.770720367048755,0,881,WALKING,710,0
14,59.908428693831105,10.444634723387905,59.806077751097554,10.35468006306767,1,402,WALKING,0,13
15,60.31143553084446,11.198005003569868,60.3434202004487,11.209249336109897,1,437,WALKING,0,4
16,60.010779636564656,10.433390390847874,59.47983412113436,11.085561678169574,0,1075,WALKING,413,0
17,59.927619495593646,12.367415587732916,59.927619495593646,12.198750599632477,0,904,WALKING,0,0
18,59.54380346034283,10.590811046408286,59.53740652642198,10.83818636228893,0,1086,WALKING,929,0
19,60.52253435023241,10.568322381328226,60.560915953757494,10.647032709108432,1,410,WALKING,0,7
20,60.38180180397378,11.51284631469069,60.3434202004487,11.467868984530572,1,903,WALKING,0,5
