id,pickup_latitude,pickup_longitude,dropoff_latitude,dropoff_longitude,request_type,request_time,mobility_type,call_time,direct_drive_time
1,60.17709991850668,11.31044832897016,59.927619495593646,11.096806010709605,0,1023,WALKING,0,31
2,60.202687654190065,11.65902263771107,60.202687654190065,11.400402989290395,1,449,WALKING,0,15
3,59.870047090306024,10.995607017849341,60.26026005947769,11.535334979770747,1,511,WALKING,0,53
4,59.96600109911873,10.995607017849341,59.761299213651625,11.242982333729985,0,1028,WALKING,495,27
5,59.844459354622636,11.074317345629545,59.91482562775195,11.209249336109897,0,1058,WALKING,746,11
6,60.100336711456514,11.344181326590249,59.99798576872296,10.961874020229253,0,871,WALKING,711,25
7,60.38180180397378,11.220493668649926,60.04916124008974,10.736987369428666,1,431,WALKING,0,46
8,59.953207231277034,11.445380319450512,59.96600109911873,11.681511302791128,1,498,WALKING,0,14
9,59.927619495593646,11.287959663890103,59.722917610126544,11.051828680549487,1,1087,WALKING,609,27
10,59.844459354622636,11.80519896073145,59.870047090306024,11.703999967871187,1,383,WALKING,0,7
11,59.91482562775195,11.018095682929399,60.33702326652785,11.265470998810043,1,1341,WALKING,587,49
12,60.432977275340555,11.569067977390835,60.39459567181547,11.591556642470893,1,465,WALKING,0,5
13,59.54380346034283,10.53458938370814,59.62056666739299,10.647032709108432,0,825,WALKING,595,11
14,60.31143553084446,11.80519896073145,60.06835204185228,11.16427200594978,0,391,WALKING,0,45
15,60.3434202004487,11.018095682929399,60.36261100221124,11.31044832897016,1,877,WALKING,0,17
16,59.614169733472146,10.759476034508724,59.7165206762057,10.759476034508724,0,587,WALKING,0,12
17,60.413786473578014,11.411647321830426,60.305038596923616,11.389158656750366,1,414,WALKING,0,13
18,59.85725322246433,10.748231701968695,59.844459354622636,10.692010039268549,0,1017,WALKING,790,4
19,60.100336711456514,10.489612053548022,60.1259244471399,10.568322381328226,0,916,WALKING,601,6
20,60.14511524890244,11.321692661510191,60.25386312555684,11.276715331350074,1,423,WALKING,0,13
