id,pickup_latitude,pickup_longitude,dropoff_latitude,dropoff_longitude,request_type,request_time,mobility_type,call_time,direct_drive_time
1,59.68453600660146,10.66952137418849,59.64615440307638,10.647032709108432,1,381,WALKING,0,5
2,60.29224472908192,11.198005003569868,60.074748975773126,11.377914324210337,1,746,WALKING,0,27
3,60.18989378634837,11.445380319450512,60.18989378634837,11.456624651990541,1,1047,WALKING,621,1
4,60.46496194494479,11.029340015469428,60.48415274670733,10.916896690069136,0,946,WALKING,778,0
5,59.953207231277034,11.63653397263101,59.927619495593646,11.591556642470893,1,508,WALKING,0,4
6,60.11313057929821,10.309702732907553,60.0299704383272,10.410901725767816,0,1016,WALKING,0,0
7,60.20908458811091,11.51284631469069,60.305038596923616,10.939385355149193,0,775,WALKING,0,0
8,60.08754284361482,11.220493668649926,60.09393977753567,11.220493668649926,0,908,WALKING,699,0
9,60.17709991850668,10.916896690069136,60.19629072026922,11.040584348009459,0,1052,WALKING,449,0
10,60.40738953965717,10.973118352769282,60.413786473578014,11.029340015469428,0,1076,WALKING,609,0
11,59.75490227973078,11.254226666270014,59.76769614757247,11.198005003569868,0,987,WALKING,0,0
12,59.98519190088127,11.400402989290395,59.97879496696042,11.31044832897016,0,948,WALKING,401,0
13,59.927619495593646,10.433390390847874,59.87644402422687,10.973118352769282,1,441,WALKING,0,31
14,59.89563482598941,11.018095682929399,60.17070298458583,11.33293699405022,1,528,WALKING,0,36
15,60.100336711456514,11.15302767340975,60.15151218282329,11.141783340869722,0,882,WALKING,0,0
16,60.157909116744136,10.995607017849341,60.18989378634837,10.950629687689224,0,989,WALKING,566,0
17,59.575788129947064,10.804453364668841,59.60137586563045,10.725743036888638,0,900,WALKING,0,0
18,59.97879496696042,10.35468006306767,59.991588834802116,10.3659243956077,0,839,WALKING,618,0
19,60.47135887886564,10.961874020229253,60.52253435023241,11.141783340869722,1,431,WALKING,0,12
20,59.87644402422687,11.141783340869722,59.9212225616728,11.18676067102984,1,463,WALKING,0,6
