id,pickup_latitude,pickup_longitude,dropoff_latitude,dropoff_longitude,request_type,request_time,mobility_type,call_time,direct_drive_time
1,59.83978025125628,11.396147748743719,60.106647266331656,11.002699085427135,0,469,WALKING,0,0
2,59.87790411055276,11.360379688442212,60.073288889447234,11.727002306532663,0,441,WALKING,0,0
3,60.078054371859295,11.351437673366835,59.8493112160804,11.145771326633167,0,425,WALKING,0,0
4,60.020868582914574,11.932668653266331,59.82071832160804,11.181539386934674,0,534,WALKING,366,0
5,59.7540015678392,10.743380648241207,59.94938634673367,11.127887296482411,1,1364,WALKING,932,0
6,59.887435075376885,10.993757070351759,59.90173152261306,11.136829311557788,1,1190,WALKING,578,0
7,60.00657213567839,11.351437673366835,59.777828979899496,11.136829311557788,1,912,WALKING,687,0
8,59.81595283919598,11.154713341708543,60.049461477386934,12.004204773869347,1,884,WALKING,521,0
9,60.14477112562814,11.181539386934674,59.896966040201,10.698670572864321,1,970,WALKING,799,0
10,59.896966040201,11.870074547738694,59.70158126130653,10.797032738693467,1,936,WALKING,0,0
11,59.882669592964824,11.986320743718593,59.98751020603015,12.093624924623116,0,417,WALKING,0,0
12,60.03993051256281,10.87751087437186,59.720643190954775,10.64501848241206,1,943,WALKING,666,0
13,59.61580257788945,10.805974753768844,60.402107175879394,11.315669613065326,1,1100,WALKING,491,0
14,59.70634674371859,10.689728557788944,59.73493963819095,10.797032738693467,0,452,WALKING,0,0
15,60.049461477386934,10.93116296482412,59.882669592964824,11.422973793969849,1,883,WALKING,0,0
16,59.968448276381906,12.102566939698493,59.93032441708542,11.369321703517588,1,928,WALKING,374,0
17,59.78735994472362,11.110003266331658,59.93032441708542,12.031030819095477,1,889,WALKING,757,0
18,59.773063497487435,10.671844527638191,59.72540867336683,10.841742814070352,1,461,WALKING,0,0
19,59.93032441708542,11.199423417085427,59.84454573366834,11.199423417085427,1,926,WALKING,676,0
20,59.8731386281407,11.405089763819095,59.8731386281407,11.360379688442212,1,952,WALKING,632,0
