id,pickup_latitude,pickup_longitude,dropoff_latitude,dropoff_longitude,request_type,request_time,mobility_type,call_time,direct_drive_time
1,59.882669592964824,11.557104020100503,59.94462086432161,11.414031778894472,1,1019,WALKING,527,0
2,59.87790411055276,11.369321703517588,59.720643190954775,10.600308407035175,1,1006,WALKING,626,0
3,59.76829801507537,11.414031778894472,59.887435075376885,11.110003266331658,1,971,WALKING,684,0
4,59.963682793969845,11.351437673366835,59.79212542713567,12.129392984924623,0,487,WALKING,364,0
5,59.93032441708542,11.64652417085427,59.89220055778894,11.118945281407035,1,1037,WALKING,434,0
6,59.939855381909545,11.074235206030151,60.13524016080402,11.19048140201005,1,953,WALKING,457,0
7,59.69681577889447,10.886452889447236,59.90173152261306,11.127887296482411,0,406,WALKING,0,0
8,59.887435075376885,11.691234246231156,60.09711630150753,10.85068482914573,0,413,WALKING,0,0
9,59.99227568844221,11.914784623115578,59.958917311557784,11.941610668341708,0,412,WALKING,0,0
10,59.97321375879397,11.19048140201005,59.82071832160804,11.154713341708543,0,581,WALKING,399,0
11,59.916027969849246,11.852190517587939,60.01133761809045,11.33355364321608,1,991,WALKING,482,0
12,59.882669592964824,11.110003266331658,59.896966040201,11.074235206030151,0,423,WALKING,0,0
13,60.1495366080402,11.73594432160804,59.73970512060301,10.582424376884422,1,1035,WALKING,839,0
14,59.825483804020095,11.262017522613066,60.073288889447234,11.557104020100503,0,601,WALKING,387,0
15,59.64916095477387,10.582424376884422,59.939855381909545,11.896900592964824,0,406,WALKING,0,0
16,59.81118735678392,11.136829311557788,59.8493112160804,11.25307550753769,1,917,WALKING,682,0
17,60.08281985427136,10.573482361809045,59.744470603015074,11.208365432160804,0,542,WALKING,396,0
18,60.101881783919595,11.422973793969849,59.90173152261306,11.378263718592965,0,413,WALKING,0,0
19,59.78259446231156,11.038467145728644,59.939855381909545,10.725496618090451,0,432,WALKING,0,0
20,60.05899244221106,11.011641100502512,60.01133761809045,11.780654396984925,0,415,WALKING,0,0
