id,pickup_latitude,pickup_longitude,dropoff_latitude,dropoff_longitude,request_type,request_time,mobility_type,call_time,direct_drive_time
1,59.93401642951449,11.175516338489809,59.86365015638518,10.736987369428666,1,496,WALKING,0,26
2,60.00438270264381,10.759476034508724,60.04916124008974,11.198005003569868,1,468,WALKING,0,25
3,60.46496194494479,11.051828680549487,60.40738953965717,11.074317345629545,1,730,WALKING,479,7
4,60.266656993398534,11.254226666270014,60.24106925771515,11.209249336109897,0,862,WALKING,520,0
5,60.21548152203176,11.130539008329691,59.83806242070179,10.68076570672852,1,1332,WALKING,1102,49
6,59.94041336343534,10.781964699588784,60.0171765704855,10.815697697208872,1,559,WALKING,0,9
7,59.870047090306024,10.298458400367522,59.870047090306024,10.3659243956077,1,431,WALKING,0,4
8,59.91482562775195,10.275969735287465,60.08114590969397,10.422146058307845,1,474,WALKING,0,21
9,60.25386312555684,11.198005003569868,60.3434202004487,11.209249336109897,0,774,WALKING,626,0
10,59.79328388325586,10.635788376568403,59.81887161893925,10.759476034508724,1,1263,WALKING,562,8
11,60.010779636564656,12.198750599632477,59.96600109911873,12.063818609152126,1,576,WALKING,0,10
12,59.83806242070179,10.961874020229253,59.67174213875977,10.826942029748901,1,915,WALKING,0,20
13,59.91482562775195,10.894408024989076,59.658948270918074,11.299203996430132,0,1135,WALKING,814,0
14,59.64615440307638,10.523345051168109,59.73571147796824,11.040584348009459,0,871,WALKING,0,0
15,59.63336053523469,10.939385355149193,59.825268552860095,10.804453364668841,1,456,WALKING,0,23
16,59.94681029735619,10.961874020229253,59.972398033039575,10.916896690069136,1,562,WALKING,0,4
17,60.074748975773126,11.119294675789662,59.722917610126544,10.781964699588784,1,536,WALKING,0,44
18,59.9212225616728,10.714498704348607,60.00438270264381,11.715244300411216,1,897,WALKING,606,57
19,59.63336053523469,10.905652357529107,59.97879496696042,11.040584348009459,1,945,WALKING,597,40
20,59.889237892068564,10.905652357529107,59.79968081717671,11.051828680549487,0,908,WALKING,0,0
