id,pickup_latitude,pickup_longitude,dropoff_latitude,dropoff_longitude,request_type,request_time,mobility_type,call_time,direct_drive_time
1,59.94041336343534,11.928886618671774,59.991588834802116,12.1312846043923,0,1070,WALKING,0,13
2,60.42018340749886,11.040584348009459,60.27305392731938,11.501601982150659,1,415,WALKING,0,31
3,59.96600109911873,10.950629687689224,60.388198737894626,11.33293699405022,1,1182,WALKING,473,52
4,59.83166548678094,10.467123388467963,59.844459354622636,10.275969735287465,1,430,WALKING,0,11
5,59.870047090306024,11.49035764961063,59.927619495593646,11.400402989290395,0,870,WALKING,0,9
6,59.742108411889085,10.590811046408286,59.678139072680615,10.478367721007992,0,901,WALKING,436,10
7,60.04276430616889,11.614045307550953,60.036367372248044,11.4791133170706,0,889,WALKING,465,8
8,60.266656993398534,11.51284631469069,60.25386312555684,11.411647321830426,0,949,WALKING,0,6
9,60.138718314981595,11.389158656750366,59.85085628854348,11.029340015469428,1,420,WALKING,0,38
10,59.53740652642198,10.703254371808578,59.55659732818452,10.736987369428666,1,677,WALKING,442,3
11,59.85085628854348,10.65827704164846,59.58858199778876,10.467123388467963,0,1004,WALKING,670,32
12,59.72931454404739,10.590811046408286,59.81887161893925,10.579566713868257,1,1147,WALKING,685,10
13,59.63975746915553,11.276715331350074,59.96600109911873,10.826942029748901,0,1001,WALKING,0,45
14,59.99798576872296,11.096806010709605,59.96600109911873,11.231738001189957,1,649,WALKING,0,9
15,59.87644402422687,10.916896690069136,59.9212225616728,10.725743036888638,1,443,WALKING,0,12
16,60.06195510793143,10.905652357529107,60.04276430616889,10.793209032128813,0,957,WALKING,371,7
17,59.844459354622636,11.344181326590249,59.825268552860095,11.051828680549487,1,474,WALKING,0,17
18,59.99798576872296,11.108050343249634,59.927619495593646,10.602055378948315,1,773,WALKING,0,30
19,59.94681029735619,11.108050343249634,60.413786473578014,11.130539008329691,1,644,WALKING,390,52
20,59.94681029735619,10.736987369428666,59.927619495593646,10.68076570672852,1,444,WALKING,0,4
