id,pickup_latitude,pickup_longitude,dropoff_latitude,dropoff_longitude,request_type,request_time,mobility_type,call_time,direct_drive_time
1,59.85725322246433,10.455879055927934,60.08754284361482,11.231738001189957,0,1048,WALKING,0,51
2,59.889237892068564,11.119294675789662,59.86365015638518,10.849430694828959,0,789,WALKING,739,16
3,59.91482562775195,11.242982333729985,59.870047090306024,11.242982333729985,1,741,WALKING,0,5
4,60.15151218282329,10.602055378948315,60.13232138106075,10.83818636228893,1,451,WALKING,0,14
5,59.870047090306024,10.83818636228893,59.83806242070179,10.973118352769282,0,1080,WALKING,0,9
6,60.1259244471399,11.760221630571333,60.06835204185228,10.86067502736899,0,891,WALKING,828,51
7,60.074748975773126,11.287959663890103,60.04916124008974,11.074317345629545,1,824,WALKING,722,13
8,60.44577114318225,11.366669991670308,60.432977275340555,11.299203996430132,1,682,WALKING,0,4
9,60.35621406829039,10.961874020229253,60.33702326652785,11.377914324210337,1,426,WALKING,0,23
10,60.40738953965717,11.029340015469428,60.40738953965717,10.928141022609164,0,821,WALKING,776,6
11,60.17709991850668,11.33293699405022,59.64615440307638,10.725743036888638,0,1030,WALKING,977,69
12,59.972398033039575,10.961874020229253,60.16430605066498,11.287959663890103,0,941,WALKING,0,28
13,59.806077751097554,11.119294675789662,59.8124746850184,10.826942029748901,0,930,WALKING,853,17
14,60.48415274670733,10.961874020229253,60.35621406829039,11.130539008329691,0,900,WALKING,808,17
15,60.119527513219055,10.905652357529107,60.055558174010585,10.98436268530931,1,1166,WALKING,1107,9
16,59.575788129947064,10.602055378948315,59.75490227973078,10.736987369428666,1,1186,WALKING,0,22
17,60.36261100221124,10.950629687689224,60.39459567181547,11.130539008329691,0,877,WALKING,0,11
18,60.432977275340555,10.770720367048755,59.844459354622636,10.815697697208872,1,888,WALKING,0,66
19,59.658948270918074,11.119294675789662,59.703726808364,11.074317345629545,0,1143,WALKING,0,6
20,60.00438270264381,10.950629687689224,59.972398033039575,11.366669991670308,1,549,WALKING,0,24
