id,pickup_latitude,pickup_longitude,dropoff_latitude,dropoff_longitude,request_type,request_time,mobility_type,call_time,direct_drive_time
1,59.972398033039575,10.53458938370814,59.72931454404739,10.736987369428666,0,1095,WALKING,0,0
2,60.24106925771515,10.98436268530931,59.844459354622636,10.590811046408286,0,983,WALKING,828,0
3,59.88284095814772,11.085561678169574,59.89563482598941,11.074317345629545,0,430,WALKING,0,0
4,59.89563482598941,11.018095682929399,59.88284095814772,11.130539008329691,0,957,WALKING,0,0
5,59.96600109911873,11.175516338489809,59.87644402422687,11.231738001189957,1,479,WALKING,0,11
6,60.04276430616889,11.647778305171041,60.0299704383272,11.377914324210337,1,493,WALKING,0,16
7,60.157909116744136,11.389158656750366,60.17070298458583,11.51284631469069,1,444,WALKING,0,7
8,60.330626332607004,11.141783340869722,60.40738953965717,11.16427200594978,0,971,WALKING,523,0
9,59.91482562775195,10.422146058307845,59.62696360131384,10.725743036888638,0,994,WALKING,395,0
10,59.88284095814772,11.580312309930864,59.89563482598941,11.591556642470893,0,952,WALKING,788,0
11,60.14511524890244,10.86067502736899,60.1259244471399,11.051828680549487,1,1281,WALKING,981,11
12,60.31143553084446,11.276715331350074,60.221878455952606,11.321692661510191,0,1059,WALKING,614,0
13,59.74850534580993,10.602055378948315,59.825268552860095,10.83818636228893,0,901,WALKING,0,0
14,60.100336711456514,11.108050343249634,60.055558174010585,11.141783340869722,1,569,WALKING,0,6
15,59.85725322246433,10.65827704164846,59.83806242070179,10.98436268530931,0,953,WALKING,742,0
16,59.93401642951449,11.996352613911949,59.94681029735619,11.973863948831891,0,864,WALKING,0,0
17,59.81887161893925,11.299203996430132,60.10673364537736,11.231738001189957,0,1000,WALKING,0,0
18,60.42018340749886,10.804453364668841,60.369007936132085,10.83818636228893,1,427,WALKING,0,6
19,59.77409308149332,11.051828680549487,59.79968081717671,11.040584348009459,1,1080,WALKING,691,3
20,59.85725322246433,11.15302767340975,59.86365015638518,11.175516338489809,1,454,WALKING,0,2
