id,pickup_latitude,pickup_longitude,dropoff_latitude,dropoff_longitude,request_type,request_time,mobility_type,call_time,direct_drive_time
1,60.35621406829039,11.434135986910483,60.17709991850668,11.344181326590249,1,421,WALKING,373,21
2,59.62056666739299,10.557078048788197,59.89563482598941,10.253481070207405,0,979,WALKING,916,35
3,60.02357350440635,10.53458938370814,59.95960416519788,11.321692661510191,1,423,WALKING,0,45
4,60.36261100221124,10.781964699588784,60.36261100221124,10.703254371808578,1,1352,WALKING,1320,5
5,60.36261100221124,10.759476034508724,59.85725322246433,10.826942029748901,1,662,WALKING,501,57
6,59.6077727995513,10.455879055927934,59.78688694933501,10.523345051168109,0,871,WALKING,775,21
7,60.074748975773126,11.254226666270014,60.055558174010585,11.051828680549487,0,966,WALKING,0,12
8,59.9212225616728,10.939385355149193,59.89563482598941,11.085561678169574,1,443,WALKING,0,9
9,59.65255133699723,11.524090647230718,59.658948270918074,11.602800975010924,0,1079,WALKING,0,5
10,59.87644402422687,11.040584348009459,60.157909116744136,11.254226666270014,1,714,WALKING,627,34
11,59.94041336343534,10.793209032128813,59.927619495593646,11.4791133170706,0,969,WALKING,878,39
12,59.98519190088127,11.501601982150659,59.9212225616728,11.231738001189957,0,783,WALKING,0,17
13,59.88284095814772,10.86067502736899,60.02357350440635,10.905652357529107,0,964,WALKING,0,16
14,60.369007936132085,11.130539008329691,60.00438270264381,11.265470998810043,0,908,WALKING,0,42
15,60.02357350440635,10.973118352769282,59.467040253292666,10.871919359909018,1,1157,WALKING,0,63
16,59.889237892068564,11.063073013089516,60.036367372248044,11.220493668649926,0,866,WALKING,762,19
17,60.09393977753567,10.410901725767816,60.00438270264381,10.703254371808578,1,855,WALKING,0,20
18,60.04276430616889,10.961874020229253,59.806077751097554,11.377914324210337,1,426,WALKING,0,36
19,59.73571147796824,10.849430694828959,59.74850534580993,10.748231701968695,0,955,WALKING,0,6
20,60.44577114318225,11.15302767340975,60.45856501102394,11.242982333729985,0,1025,WALKING,0,6
