id,pickup_latitude,pickup_longitude,dropoff_latitude,dropoff_longitude,request_type,request_time,mobility_type,call_time,direct_drive_time
1,60.349817134369545,11.209249336109897,60.35621406829039,11.141783340869722,1,1369,WALKING,0,0
2,59.94041336343534,11.141783340869722,59.87644402422687,11.242982333729985,1,541,WALKING,0,0
3,60.305038596923616,11.074317345629545,60.31783246476531,11.242982333729985,0,667,WALKING,0,0
4,60.074748975773126,11.15302767340975,59.90203175991026,11.49035764961063,0,1064,WALKING,0,0
5,60.16430605066498,10.928141022609164,59.56299426210537,10.793209032128813,1,571,WALKING,0,0
6,59.62056666739299,10.647032709108432,59.614169733472146,10.748231701968695,0,980,WALKING,0,0
7,59.703726808364,11.501601982150659,59.68453600660146,11.400402989290395,1,970,WALKING,0,0
8,59.96600109911873,10.523345051168109,60.221878455952606,11.018095682929399,0,925,WALKING,0,0
9,60.02357350440635,11.074317345629545,59.4990249228969,10.647032709108432,0,1008,WALKING,0,0
10,59.94681029735619,10.894408024989076,59.89563482598941,10.961874020229253,0,987,WALKING,0,0
11,59.742108411889085,10.950629687689224,59.761299213651625,10.98436268530931,1,1026,WALKING,0,0
12,59.870047090306024,10.928141022609164,60.09393977753567,11.389158656750366,0,513,WALKING,0,0
13,60.010779636564656,10.65827704164846,60.100336711456514,11.16427200594978,1,1321,WALKING,791,0
14,60.477755812786484,11.074317345629545,60.33702326652785,10.736987369428666,1,1146,WALKING,621,0
15,60.02357350440635,11.085561678169574,59.991588834802116,11.445380319450512,1,704,WALKING,419,0
16,59.68453600660146,11.546579312310776,59.79968081717671,11.400402989290395,0,921,WALKING,724,0
17,60.54172515199495,10.849430694828959,60.2346723237943,11.00685135038937,0,549,WALKING,384,0
18,60.183496852427524,11.647778305171041,60.15151218282329,11.51284631469069,1,1001,WALKING,551,0
19,60.100336711456514,11.265470998810043,60.157909116744136,11.400402989290395,1,515,WALKING,367,0
20,60.535328218074106,11.209249336109897,60.29864166300277,11.231738001189957,0,765,WALKING,617,0
