id,pickup_latitude,pickup_longitude,dropoff_latitude,dropoff_longitude,request_type,request_time,mobility_type,call_time,direct_drive_time
1,60.57370982159919,11.096806010709605,59.953207231277034,11.883909288511656,1,524,WALKING,0,82
2,60.055558174010585,10.995607017849341,59.94041336343534,10.871919359909018,1,1168,WALKING,996,15
3,59.95960416519788,11.321692661510191,59.87644402422687,10.3659243956077,0,921,WALKING,0,0
4,60.26026005947769,10.86067502736899,59.94681029735619,11.80519896073145,0,1011,WALKING,833,0
5,59.71012374228485,10.759476034508724,60.119527513219055,11.591556642470893,1,687,WALKING,0,65
6,60.1259244471399,11.276715331350074,59.67174213875977,10.635788376568403,0,563,WALKING,0,0
7,59.99798576872296,10.65827704164846,59.614169733472146,10.68076570672852,0,998,WALKING,535,0
8,59.98519190088127,11.760221630571333,59.78688694933501,10.849430694828959,0,934,WALKING,682,0
9,60.138718314981595,11.096806010709605,60.100336711456514,11.501601982150659,1,510,WALKING,362,23
10,60.036367372248044,11.63653397263101,60.010779636564656,10.98436268530931,0,394,WALKING,0,0
11,59.86365015638518,10.34343573052764,60.0299704383272,11.108050343249634,0,1020,WALKING,0,0
12,60.46496194494479,11.434135986910483,60.31783246476531,11.51284631469069,0,849,WALKING,561,0
13,59.78688694933501,11.760221630571333,60.496946614549024,11.040584348009459,1,540,WALKING,0,89
14,60.27945086124023,11.16427200594978,60.06835204185228,10.613299711488343,0,1306,WALKING,651,0
15,60.24746619163599,11.726488632951245,59.9212225616728,10.579566713868257,0,893,WALKING,0,0
16,59.97879496696042,11.209249336109897,59.62056666739299,10.916896690069136,0,576,WALKING,0,0
17,59.94681029735619,10.051083084486878,59.85085628854348,11.040584348009459,0,841,WALKING,703,0
18,59.991588834802116,11.524090647230718,60.06835204185228,11.276715331350074,0,440,WALKING,0,0
19,59.991588834802116,11.029340015469428,60.17070298458583,11.141783340869722,1,527,WALKING,0,21
20,59.64615440307638,10.635788376568403,59.972398033039575,11.344181326590249,1,614,WALKING,0,54
