id,pickup_latitude,pickup_longitude,dropoff_latitude,dropoff_longitude,request_type,request_time,mobility_type,call_time,direct_drive_time
1,60.119527513219055,11.209249336109897,59.972398033039575,10.995607017849341,1,498,WALKING,0,21
2,60.496946614549024,10.65827704164846,60.560915953757494,10.83818636228893,1,435,WALKING,0,13
3,59.67174213875977,10.590811046408286,59.697329874443156,10.725743036888638,0,912,WALKING,458,9
4,59.78688694933501,10.714498704348607,59.76769614757247,11.602800975010924,0,559,WALKING,0,50
5,59.68453600660146,10.939385355149193,59.761299213651625,11.040584348009459,0,1020,WALKING,0,11
6,60.04276430616889,10.86067502736899,60.036367372248044,11.00685135038937,1,468,WALKING,412,9
7,60.04276430616889,11.400402989290395,60.04916124008974,11.467868984530572,1,534,WALKING,0,4
8,59.74850534580993,10.557078048788197,59.83166548678094,10.579566713868257,0,947,WALKING,0,10
9,59.614169733472146,10.545833716248168,60.10673364537736,10.995607017849341,0,1166,WALKING,870,61
10,59.697329874443156,10.905652357529107,59.761299213651625,10.871919359909018,1,464,WALKING,0,8
11,59.99798576872296,11.15302767340975,60.26026005947769,11.344181326590249,0,1017,WALKING,0,32
12,59.98519190088127,11.051828680549487,60.330626332607004,11.355425659130278,0,985,WALKING,428,42
13,59.658948270918074,11.344181326590249,59.65255133699723,11.434135986910483,1,409,WALKING,0,6
14,60.138718314981595,11.31044832897016,60.202687654190065,11.18676067102984,1,505,WALKING,408,10
15,59.678139072680615,10.647032709108432,59.72931454404739,10.83818636228893,0,911,WALKING,712,13
16,60.036367372248044,11.175516338489809,59.95960416519788,11.15302767340975,0,978,WALKING,792,9
17,60.10673364537736,10.545833716248168,60.08754284361482,10.444634723387905,1,493,WALKING,0,7
18,59.56939119602622,10.68076570672852,59.63975746915553,10.590811046408286,0,537,WALKING,0,10
19,59.953207231277034,11.096806010709605,59.870047090306024,11.051828680549487,0,906,WALKING,644,10
20,60.08754284361482,11.119294675789662,60.00438270264381,11.074317345629545,1,423,WALKING,0,10
