id,pickup_latitude,pickup_longitude,dropoff_latitude,dropoff_longitude,request_type,request_time,mobility_type,call_time,direct_drive_time
1,60.030953698941346,11.150732438089404,60.39565995079022,11.197338181856354,0,590,WALKING,462,0
2,59.58158349577041,10.740601892940242,59.65322222381216,10.703317297926683,1,521,WALKING,372,9
3,60.525912183593384,11.122768991829235,59.959314970899605,11.663395619525856,1,536,WALKING,0,70
4,59.92675191269881,11.318513115650426,59.62717177725152,10.759244190447022,1,448,WALKING,0,46
5,59.84208796137675,11.020236355541943,59.84860057301691,11.486293793211447,0,990,WALKING,804,0
6,59.82255012645628,10.871097975487704,59.79649967989564,11.374440008170765,1,502,WALKING,0,29
7,59.933264524338966,10.759244190447022,59.51645737936883,10.796528785460582,0,1040,WALKING,608,0
8,60.09607981534293,11.560862983238566,59.98536541746024,11.467651495704667,0,934,WALKING,397,0
9,59.82906273809643,10.927024868008044,59.75742401005469,10.26522330651735,0,872,WALKING,502,0
10,59.93977713597913,11.001594058035163,60.33704644602879,11.038878653048725,1,422,WALKING,0,45
11,59.81603751481612,11.113447843075845,60.480323902112275,10.927024868008044,1,514,WALKING,0,75
12,59.69881050529327,10.703317297926683,59.451331262967244,10.647390405406343,1,407,WALKING,0,28
13,60.29797077618784,11.001594058035163,59.87465101957754,11.132090140582624,1,717,WALKING,524,48
14,59.907214077778335,11.607468727005516,60.21981943650594,11.150732438089404,0,942,WALKING,0,0
15,60.030953698941346,11.476972644458057,60.16771854338467,11.514257239471617,1,538,WALKING,0,16
16,60.030953698941346,11.570184131991956,59.8030122915358,10.899061421747874,1,432,WALKING,0,46
17,59.763936621694846,10.824492231720754,59.84208796137675,10.936346016761433,1,429,WALKING,0,11
18,59.93977713597913,11.318513115650426,59.451331262967244,10.768565339200412,1,472,WALKING,0,63
19,60.317508611108316,11.150732438089404,59.84208796137675,10.917703719254654,0,1110,WALKING,748,0
20,60.05700414550198,11.281228520636866,59.54902043756962,10.749923041693632,0,818,WALKING,0,0
