id,pickup_latitude,pickup_longitude,dropoff_latitude,dropoff_longitude,request_type,request_time,mobility_type,call_time,direct_drive_time
1,60.034570064150564,11.090065752142936,60.39402797897305,10.738709608243495,0,1074,WALKING,0,0
2,59.95593864528314,11.064356766003952,60.02333700431236,11.004369131679658,1,710,WALKING,0,9
3,60.57375693638429,11.304307303301131,59.91662293584943,10.455910760714676,0,1060,WALKING,0,0
4,59.989637824797754,11.021508455772313,59.7874427477101,11.175762372606213,0,826,WALKING,500,0
5,59.60771379029886,10.695861298011856,59.97840476495955,11.26145899306949,1,1278,WALKING,623,52
6,60.41649409864945,11.244319668976836,60.141284132613485,11.50140953036667,1,523,WALKING,0,34
7,60.427727158487656,11.03007811781864,59.91100640593033,11.021508455772313,0,1031,WALKING,509,0
8,59.46168401240222,10.687291635965527,60.124434542856186,11.141483724420903,0,1045,WALKING,541,0
9,60.06826924366517,11.090065752142936,59.58524767062246,10.713000622104511,1,650,WALKING,0,58
10,59.89415681617303,11.021508455772313,60.32662961994383,11.210041020791525,0,1048,WALKING,506,0
11,60.44457674824496,10.95295115940169,60.11320148301798,11.004369131679658,0,610,WALKING,0,0
12,59.989637824797754,11.287167979208474,60.01772047439326,11.184332034652542,1,420,WALKING,0,7
13,60.337862679782035,11.54425784059831,59.927855995687636,10.455910760714676,0,888,WALKING,720,0
14,59.64702949973257,10.6787219739192,60.39964450889215,11.287167979208474,1,528,WALKING,0,91
15,59.89415681617303,11.46713088218136,60.06265271374607,11.587106150829948,0,990,WALKING,832,0
16,59.837991516982015,10.927242173262707,60.079502303503375,11.527118516505654,1,602,WALKING,0,43
17,60.28731391051012,11.090065752142936,60.01772047439326,11.064356766003952,0,604,WALKING,0,0
18,60.10196842317978,11.492839868320342,59.65826255957077,11.098635414189262,1,1321,WALKING,505,55
19,59.94470558544494,10.961520821448017,60.46142633800226,10.72157028415084,0,883,WALKING,0,0
20,59.73689397843819,10.730139946197166,59.46168401240222,10.84154555279943,1,482,WALKING,0,32
