id,pickup_latitude,pickup_longitude,dropoff_latitude,dropoff_longitude,request_type,request_time,mobility_type,call_time,direct_drive_time
1,60.45580980808316,10.910102849170052,59.877307226415724,11.021508455772313,0,958,WALKING,603,0
2,59.69757826900448,11.158623048513558,60.253614730995515,11.210041020791525,0,979,WALKING,0,0
3,60.41649409864945,11.021508455772313,60.15251719245169,11.475700544227687,1,430,WALKING,0,39
4,59.89977334609213,11.10720507623559,60.37156185929664,11.098635414189262,0,966,WALKING,639,0
5,59.84360804690112,11.46713088218136,59.950322115364045,10.892963525077395,0,983,WALKING,513,0
6,59.82114192722471,11.047217441911297,59.93347252560674,11.03007811781864,0,628,WALKING,0,0
7,60.26484779083372,11.090065752142936,59.989637824797754,11.055787103957623,1,419,WALKING,0,31
8,60.012103944474156,10.95295115940169,60.23114861131911,11.612815136968932,1,531,WALKING,365,44
9,60.1974494318045,11.42428257194972,60.38841144905395,11.055787103957623,1,405,WALKING,0,30
10,59.97278823504045,10.48161974685366,60.06265271374607,11.038647779864968,1,433,WALKING,0,33
11,60.034570064150564,10.961520821448017,60.24238167115731,11.235750006930509,0,650,WALKING,399,0
12,60.24799820107641,11.235750006930509,60.11320148301798,11.012938793725985,1,883,WALKING,0,20
13,60.40526103881125,11.012938793725985,60.02895353423146,11.235750006930509,0,922,WALKING,413,0
14,60.41087756873035,10.961520821448017,59.927855995687636,10.970090483494346,1,468,WALKING,0,54
15,59.82114192722471,10.901533187123723,60.37156185929664,10.99579946963333,0,628,WALKING,0,0
16,60.28731391051012,11.175762372606213,59.97840476495955,11.004369131679658,0,535,WALKING,370,0
17,59.95593864528314,11.218610682837852,59.80990886738651,11.124344400328246,1,473,WALKING,0,18
18,59.708811328842685,10.867254538938411,59.89415681617303,10.944381497355362,0,528,WALKING,0,0
19,59.94470558544494,10.99579946963333,59.7649766280337,10.772988256428805,1,425,WALKING,0,24
20,59.41113524313032,10.918672511216378,59.66949561940898,10.687291635965527,0,872,WALKING,537,0
