id,pickup_latitude,pickup_longitude,dropoff_latitude,dropoff_longitude,request_type,request_time,mobility_type,call_time,direct_drive_time
1,59.89977334609213,11.252889331023164,60.47265939784047,10.910102849170052,0,1068,WALKING,459,0
2,60.034570064150564,11.295737641254803,60.360328799458436,11.158623048513558,0,928,WALKING,368,0
3,60.096351893260675,11.055787103957623,59.73689397843819,10.75584893233615,1,419,WALKING,0,44
4,59.84922457682022,11.604245474922605,60.00648741455505,11.021508455772313,1,627,WALKING,444,37
5,59.967171705121345,11.330016289440113,59.89415681617303,11.021508455772313,1,532,WALKING,391,20
6,60.00087088463595,11.46713088218136,60.051419653907864,11.784208377895489,1,429,WALKING,0,19
7,60.057036183826966,11.535688178551982,59.506616251755034,10.850115214845756,1,529,WALKING,0,73
8,60.382794919134845,11.287167979208474,60.51759163719328,10.84154555279943,0,618,WALKING,0,0
9,60.427727158487656,11.07292642805028,60.39964450889215,10.84154555279943,0,753,WALKING,396,0
10,60.511975107274175,11.004369131679658,59.922239465768534,11.492839868320342,0,945,WALKING,685,0
11,59.927855995687636,11.458561220135032,59.93908905552584,11.03007811781864,0,1079,WALKING,742,0
12,59.91100640593033,11.672802771293227,59.84360804690112,10.498759070946315,0,988,WALKING,569,0
13,59.596480730460655,10.738709608243495,59.989637824797754,11.218610682837852,1,431,WALKING,0,52
14,60.11320148301798,11.338585951486442,59.60771379029886,10.824406228706772,1,556,WALKING,0,64
15,59.927855995687636,11.15005338646723,60.096351893260675,11.26145899306949,1,449,WALKING,0,20
16,59.927855995687636,11.27002865511582,59.967171705121345,10.63587366368756,1,505,WALKING,0,36
17,60.43896021832586,11.081496090096607,60.511975107274175,11.312876965347458,1,415,WALKING,0,16
18,59.837991516982015,10.584455691409595,59.781826217791,11.175762372606213,0,865,WALKING,0,0
19,60.41087756873035,11.252889331023164,60.56252387654609,11.012938793725985,1,408,WALKING,0,22
20,59.98402129487865,10.87582420098474,60.1918329018854,11.287167979208474,1,412,WALKING,0,33
