id,pickup_latitude,pickup_longitude,dropoff_latitude,dropoff_longitude,request_type,request_time,mobility_type,call_time,direct_drive_time
1,60.29224472908192,11.096806010709605,60.27945086124023,11.074317345629545,1,524,WALKING,372,2
2,59.550200394263676,10.647032709108432,59.614169733472146,10.736987369428666,0,575,WALKING,0,9
3,60.349817134369545,11.198005003569868,59.95960416519788,11.445380319450512,0,643,WALKING,0,46
4,60.04916124008974,11.209249336109897,60.11313057929821,11.063073013089516,0,903,WALKING,499,11
5,59.927619495593646,10.894408024989076,60.036367372248044,11.220493668649926,0,860,WALKING,0,22
6,59.74850534580993,11.175516338489809,59.7165206762057,10.905652357529107,1,465,WALKING,0,16
7,60.0299704383272,11.18676067102984,59.99798576872296,11.231738001189957,1,509,WALKING,0,5
8,60.46496194494479,11.400402989290395,60.36261100221124,11.524090647230718,1,415,WALKING,0,14
9,59.550200394263676,10.410901725767816,59.51821572465944,10.568322381328226,0,1069,WALKING,840,10
10,59.94041336343534,10.916896690069136,59.761299213651625,10.624544044028374,0,878,WALKING,0,26
11,59.991588834802116,10.916896690069136,60.49054968062818,11.175516338489809,0,870,WALKING,0,58
12,59.42226171584674,10.770720367048755,59.614169733472146,10.714498704348607,0,450,WALKING,0,22
13,60.0171765704855,11.108050343249634,60.496946614549024,11.546579312310776,1,504,WALKING,0,59
14,60.29864166300277,11.299203996430132,60.04276430616889,11.108050343249634,1,963,WALKING,666,31
15,59.98519190088127,11.63653397263101,60.100336711456514,11.096806010709605,0,1005,WALKING,510,33
16,59.63336053523469,10.410901725767816,59.594978931709605,10.590811046408286,1,953,WALKING,557,11
17,59.908428693831105,10.51210071862808,59.95960416519788,11.445380319450512,0,1091,WALKING,0,53
18,60.3434202004487,11.400402989290395,60.349817134369545,11.344181326590249,0,976,WALKING,582,4
19,60.0171765704855,11.198005003569868,59.678139072680615,10.781964699588784,0,1095,WALKING,952,45
20,60.29864166300277,11.15302767340975,60.36261100221124,10.950629687689224,1,426,WALKING,0,14
