id,pickup_latitude,pickup_longitude,dropoff_latitude,dropoff_longitude,request_type,request_time,mobility_type,call_time,direct_drive_time
1,59.73493963819095,11.038467145728644,59.825483804020095,12.031030819095477,0,543,WALKING,0,0
2,59.62533354271356,11.127887296482411,59.5729132361809,10.87751087437186,0,446,WALKING,0,0
3,59.70634674371859,10.609250422110552,59.939855381909545,11.896900592964824,0,485,WALKING,0,0
4,59.78259446231156,10.87751087437186,59.83024928643216,11.244133492462312,1,505,WALKING,369,0
5,59.69205029648241,10.403584075376884,59.93032441708542,11.914784623115578,0,479,WALKING,0,0
6,60.30679752763819,11.154713341708543,59.64916095477387,10.591366391959799,1,911,WALKING,515,0
7,59.95415182914573,11.020583115577889,59.73493963819095,12.102566939698493,0,466,WALKING,0,0
8,59.64439547236181,11.127887296482411,60.09711630150753,11.673350216080403,0,541,WALKING,369,0
9,60.01610310050251,11.816422457286432,59.92555893467336,11.789596412060302,1,908,WALKING,533,0
10,59.99704117085427,12.057856864321607,59.85884218090452,11.27990155276382,1,936,WALKING,0,0
11,60.11617823115578,11.548162005025125,59.720643190954775,10.38570004522613,1,983,WALKING,611,0
12,59.76829801507537,10.859626844221106,59.53478937688442,11.127887296482411,1,1138,WALKING,490,0
13,59.64439547236181,10.41252609045226,59.92555893467336,11.700176261306533,1,1277,WALKING,506,0
14,59.8493112160804,12.004204773869347,60.1257091959799,10.582424376884422,0,440,WALKING,0,0
15,59.78259446231156,10.600308407035175,59.939855381909545,11.896900592964824,0,546,WALKING,0,0
16,59.896966040201,11.288843567839196,59.958917311557784,11.896900592964824,0,456,WALKING,0,0
17,59.963682793969845,11.30672759798995,59.777828979899496,12.129392984924623,0,472,WALKING,0,0
18,59.968448276381906,11.807480442211055,60.08281985427136,11.905842608040201,1,517,WALKING,0,0
19,59.85407669849246,11.21730744723618,59.92079345226131,11.780654396984925,1,980,WALKING,704,0
20,59.916027969849246,10.966931025125628,59.825483804020095,11.574988050251257,0,409,WALKING,0,0
