id,start_of_availability,end_of_availability,maximum_ride_time,capacity_walking,depot_latitude,depot_longitude
1,600,960,6,4,59.68453600660146,11.524090647230718
2,1080,1440,6,4,60.24106925771515,10.973118352769282
3,840,1200,6,4,59.927619495593646,11.119294675789662
4,840,1200,6,4,59.89563482598941,10.995607017849341
5,360,720,6,4,60.02357350440635,10.444634723387905
6,360,720,6,4,59.79328388325586,11.51284631469069
7,360,720,6,4,59.87644402422687,11.265470998810043
8,360,720,6,4,59.972398033039575,12.221239264712535
