id,start_of_availability,end_of_availability,maximum_ride_time,capacity_walking,depot_latitude,depot_longitude
1,600,960,950,4,60.461666666666666,11.370333333333333
2,1080,1440,1422,4,60.2542,11.705
3,840,1200,1186,4,60.04673333333333,11.203
4,840,1200,1186,4,59.943,11.203
5,360,720,714,4,59.83926666666667,11.705
6,360,720,714,4,60.35793333333333,11.370333333333333
