id,start_of_availability,end_of_availability,maximum_ride_time,capacity_walking,depot_latitude,depot_longitude
1,600,960,6,4,59.844459354622636,11.524090647230718
2,1080,1440,6,4,60.45856501102394,11.287959663890103
3,840,1200,6,4,59.697329874443156,10.939385355149193
4,840,1200,6,4,59.761299213651625,11.108050343249634
5,360,720,6,4,59.89563482598941,11.366669991670308
6,360,720,6,4,60.16430605066498,11.175516338489809
7,360,720,6,4,60.10673364537736,11.4791133170706
8,360,720,6,4,59.95960416519788,11.276715331350074
