id,start_of_availability,end_of_availability,maximum_ride_time,capacity_walking,depot_latitude,depot_longitude
1,600,960,6,4,59.8124746850184,10.557078048788197
2,1080,1440,6,4,59.88284095814772,11.377914324210337
3,840,1200,6,4,59.69093294052231,11.524090647230718
4,840,1200,6,4,60.183496852427524,11.276715331350074
5,360,720,6,4,60.432977275340555,11.00685135038937
6,360,720,6,4,60.35621406829039,10.928141022609164
