id,start_of_availability,end_of_availability,maximum_ride_time,capacity_walking,depot_latitude,depot_longitude
1,600,960,6,4,60.1259244471399,11.51284631469069
2,1080,1440,6,4,60.38180180397378,11.355425659130278
3,840,1200,6,4,60.49054968062818,11.276715331350074
4,360,720,6,4,60.16430605066498,11.276715331350074
5,360,720,6,4,60.11313057929821,11.231738001189957
