id,start_of_availability,end_of_availability,maximum_ride_time,capacity_walking,depot_latitude,depot_longitude
1,600,960,6,4,59.72931454404739,11.00685135038937
2,1080,1440,6,4,59.88284095814772,12.030085611532037
3,840,1200,6,4,60.17070298458583,10.759476034508724
4,840,1200,6,4,60.24746619163599,11.31044832897016
5,360,720,6,4,59.58858199778876,10.736987369428666
6,360,720,6,4,59.780490015414166,11.265470998810043
