id,start_of_availability,end_of_availability,maximum_ride_time,capacity_walking,depot_latitude,depot_longitude
1,600,960,6,4,59.780490015414166,11.265470998810043
2,600,960,6,4,59.95960416519788,10.635788376568403
3,600,960,6,4,59.99798576872296,10.98436268530931
4,600,960,6,4,59.844459354622636,10.579566713868257
5,600,960,6,4,59.9212225616728,10.65827704164846
6,840,1200,6,4,59.78688694933501,10.545833716248168
7,360,720,6,4,60.4393742092614,11.524090647230718
8,360,720,6,4,60.46496194494479,11.231738001189957
9,360,720,6,4,59.63336053523469,10.804453364668841
