id,start_of_availability,end_of_availability,maximum_ride_time,capacity_walking,depot_latitude,depot_longitude
1,600,960,6,4,60.10196842317978,11.441421896042376
2,1080,1440,6,4,60.10758495309888,11.244319668976836
3,840,1200,6,4,60.06265271374607,11.012938793725985
4,840,1200,6,4,59.922239465768534,10.455910760714676
5,360,720,6,4,60.41087756873035,11.021508455772313
6,360,720,6,4,60.43334368840676,11.090065752142936
7,360,720,6,4,60.11881801293708,11.321446627393787
8,360,720,6,4,60.32662961994383,11.124344400328246
