id,start_of_availability,end_of_availability,maximum_ride_time,capacity_walking,depot_latitude,depot_longitude
1,600,960,950,4,60.15046666666667,10.868333333333334
2,1080,1440,1422,4,60.15046666666667,11.537666666666667
3,840,1200,1186,4,60.2542,11.203
4,840,1200,1186,4,59.943,11.370333333333333
5,360,720,714,4,59.52806666666667,10.533666666666667
6,360,720,714,4,60.15046666666667,11.370333333333333
