id,start_of_availability,end_of_availability,maximum_ride_time,capacity_walking,depot_latitude,depot_longitude
1,600,960,6,4,60.31783246476531,11.422891654370455
2,1080,1440,6,4,60.37540487005293,11.569067977390835
3,840,1200,6,4,60.100336711456514,11.085561678169574
4,840,1200,6,4,59.85725322246433,10.467123388467963
5,360,720,6,4,60.29224472908192,11.63653397263101
6,360,720,6,4,59.972398033039575,12.412392917893033
7,360,720,6,4,59.66534520483892,11.029340015469428
