id,start_of_availability,end_of_availability,maximum_ride_time,capacity_walking,depot_latitude,depot_longitude
1,540,840,5,4,60.11141274874372,10.895394904522613
2,1080,1440,6,4,60.09711630150753,10.823858783919597
3,780,1140,6,4,60.11141274874372,10.895394904522613
4,780,1140,6,4,59.73017415577889,10.743380648241207
5,360,600,4,4,59.94938634673367,11.127887296482411
6,360,600,4,4,59.73017415577889,10.743380648241207
