id,start_of_availability,end_of_availability,maximum_ride_time,capacity_walking,depot_latitude,depot_longitude
1,600,960,6,4,59.74850534580993,10.973118352769282
2,1080,1440,6,4,60.04276430616889,11.366669991670308
3,840,1200,6,4,59.64615440307638,11.524090647230718
4,840,1200,6,4,59.94681029735619,11.434135986910483
5,840,1200,6,4,59.87644402422687,10.871919359909018
6,360,720,6,4,59.66534520483892,10.916896690069136
7,360,720,6,4,60.06195510793143,11.299203996430132
8,360,720,6,4,60.06195510793143,10.815697697208872
9,360,720,6,4,59.96600109911873,10.950629687689224
