id,start_of_availability,end_of_availability,maximum_ride_time,capacity_walking,depot_latitude,depot_longitude
1,600,960,6,4,60.42018340749886,11.276715331350074
2,1080,1440,6,4,59.94681029735619,11.276715331350074
3,840,1200,6,4,60.17709991850668,11.524090647230718
4,840,1200,6,4,59.83166548678094,12.007596946451978
5,360,720,6,4,60.10673364537736,12.14252893693233
6,360,720,6,4,60.036367372248044,11.33293699405022
7,360,720,6,4,60.305038596923616,11.018095682929399
8,360,720,6,4,59.77409308149332,10.905652357529107
