{"slackAfterALNS":0,"nInitialNotServicedExpectedRequests":[0,0,0,0,0],"averageObj":[304.43877551020415,200.0,200.0,200.0,205.1020408163265],"slackBeforeALNS":0,"nInitialNotServicedFixedRequests":[0,0,0,0,0],"averageNotServicedExpectedRequests":[1.0,0.0,0.0,0.0,0.0],"ALNSIterations":[282645,279213,179450,184563,231894],"runId":["Run 1","Run 2","Run 3","Run 4","Run 5"]}