ScenarioName,TotalElapsedTime,AverageResponseTime,EventsInsertedByALNS,nTaxi,TotalCost,TotalDistance,TotalIdleTime,TotalIdleTimeWithCustomer,TotalRideTime,TotalDirectRideTime,TotalActualRideTime,nOfflineRequests,UnservicedOfflineRequest,nOnlineRequests,UnservicedOnlineRequests,AveragePercentRideSharing
Gen_Data_300_1,3533.79,29.45,32,20,23072.223880346854,12983.709588481453,1092,31,15488,5793,6888,180,0,120,20,11.497
Gen_Data_300_2,3539.73,29.5,30,16,19145.34349774597,12550.40830189181,1754,13,15752,5864,7120,180,0,120,16,15.316
Gen_Data_300_4,3594.27,29.95,35,16,19117.40829718693,12891.880442486461,1053,18,15374,5841,6984,180,0,120,16,12.232
Gen_Data_300_5,3586.36,29.89,41,14,17037.060996730594,13293.943897810374,965,24,15705,5957,6645,180,0,120,14,10.08
Gen_Data_300_8,3538.96,29.49,30,31,34010.11272102086,13201.3387010689,1220,43,15785,6156,7675,180,1,120,30,16.222
Gen_Data_300_9,3578.31,29.82,30,22,25020.808110252514,12889.177857774474,1147,19,15469,5883,6962,180,0,120,22,11.812
Gen_Data_300_10,3588.21,29.9,35,10,13233.207278500866,13242.430495631352,954,64,15675,6445,7964,180,0,120,10,15.25
