id,pickup_latitude,pickup_longitude,dropoff_latitude,dropoff_longitude,request_type,request_time,mobility_type,call_time,direct_drive_time
1,59.79968081717671,11.265470998810043,59.67174213875977,10.53458938370814,0,546,WALKING,0,0
2,59.68453600660146,11.287959663890103,59.7165206762057,11.175516338489809,0,561,WALKING,0,0
3,59.94041336343534,10.399657393227788,59.89563482598941,10.253481070207405,0,428,WALKING,0,0
4,60.06835204185228,11.389158656750366,59.908428693831105,10.568322381328226,0,532,WALKING,0,0
5,60.06195510793143,11.063073013089516,60.00438270264381,11.063073013089516,0,990,WALKING,0,0
6,59.95960416519788,10.781964699588784,59.90203175991026,10.736987369428666,0,568,WALKING,0,0
7,60.33702326652785,10.883163692449047,60.40738953965717,10.961874020229253,0,365,WALKING,0,0
8,59.95960416519788,10.590811046408286,59.97879496696042,10.883163692449047,0,379,WALKING,0,0
9,60.27945086124023,11.063073013089516,60.02357350440635,11.074317345629545,0,555,WALKING,0,0
10,60.119527513219055,10.973118352769282,60.074748975773126,10.849430694828959,0,361,WALKING,0,0
11,59.55659732818452,10.804453364668841,59.91482562775195,11.299203996430132,0,902,WALKING,0,0
12,59.550200394263676,10.759476034508724,59.67174213875977,10.714498704348607,0,930,WALKING,0,0
13,60.09393977753567,10.804453364668841,60.1259244471399,10.804453364668841,0,763,WALKING,533,0
14,60.27305392731938,11.175516338489809,60.24746619163599,11.141783340869722,0,1145,WALKING,984,0
15,59.447849451530125,10.545833716248168,59.447849451530125,10.725743036888638,0,812,WALKING,562,0
16,59.53740652642198,10.826942029748901,59.6077727995513,10.826942029748901,0,500,WALKING,360,0
17,60.09393977753567,10.973118352769282,60.08114590969397,11.051828680549487,0,1112,WALKING,938,0
18,59.780490015414166,11.557823644850806,59.74850534580993,11.692755635331158,0,754,WALKING,618,0
19,59.62696360131384,10.53458938370814,59.43505558368843,10.995607017849341,0,1082,WALKING,870,0
20,60.44577114318225,11.31044832897016,60.04916124008974,10.748231701968695,0,1034,WALKING,658,0
