{"slackAfterALNS":554.0,"nInitialNotServicedExpectedRequests":[2,1,1,1,0,1,0,2,0,2],"averageObj":[2172.9463636363635,2170.0,2170.0,2172.0333333333333,2170.8537037037036,2170.6231527093596,2173.888205128205,2173.029796816087,2173.5151886459394,2170.7596532702914],"slackBeforeALNS":554.0,"nInitialNotServicedFixedRequests":[1,1,1,1,1,1,1,1,1,1],"averageNotServicedExpectedRequests":[0.8,2.1,1.0,0.9,1.8,1.6,1.2,1.3,1.6,1.1],"runId":["Run 1","Run 2","Run 3","Run 4","Run 5","Run 6","Run 7","Run 8","Run 9","Run 10"]}