{"slackAfterALNS":0,"nInitialNotServicedExpectedRequests":[58,62,54,61,54,58,52,48,57,62],"averageObj":[12980.046511773782,13926.724491254932,13341.486216278416,12733.896033367851,13054.148664764052,12306.319785693573,13175.745283260043,14137.693854312802,12649.88199457164,12994.710481238753],"slackBeforeALNS":0,"nInitialNotServicedFixedRequests":[1,1,1,1,1,1,1,2,1,1],"averageNotServicedExpectedRequests":[61.0,73.0,65.0,59.0,63.0,54.0,64.0,53.0,58.0,62.0],"ALNSIterations":[965,904,658,903,855,783,904,905,817,895],"runId":["Run 1","Run 2","Run 3","Run 4","Run 5","Run 6","Run 7","Run 8","Run 9","Run 10"]}