{"slackAfterALNS":0,"nInitialNotServicedExpectedRequests":[77,57,70,66,62,75,70,70,68,51],"averageObj":[14235.657674843667,15328.571173558335,14117.267633634761,13767.284830584435,13649.310688917725,13833.588972234294,14395.629841618324,14351.83542860438,14006.175484208336,13934.790898198054],"slackBeforeALNS":0,"nInitialNotServicedFixedRequests":[1,2,1,1,1,1,1,1,1,1],"averageNotServicedExpectedRequests":[73.0,64.0,72.0,67.0,67.0,70.0,76.0,75.0,71.0,70.0],"ALNSIterations":[518,797,824,871,751,877,850,874,849,657],"runId":["Run 1","Run 2","Run 3","Run 4","Run 5","Run 6","Run 7","Run 8","Run 9","Run 10"]}