{"slackAfterALNS":0,"nInitialNotServicedExpectedRequests":[61,51,66,58,61,64,66,54,61,64],"averageObj":[13944.463826133073,11941.100217634465,14615.327677042133,13673.34436269537,11277.13083007261,10985.389146979427,11854.904507252566,11003.533458587204,12889.914377307301,11556.153046045034],"slackBeforeALNS":0,"nInitialNotServicedFixedRequests":[1,0,1,1,0,0,0,0,1,0],"averageNotServicedExpectedRequests":[71.0,73.0,79.0,67.0,66.0,62.0,71.0,62.0,60.0,68.0],"ALNSIterations":[568,883,917,839,871,902,809,911,900,739],"runId":["Run 1","Run 2","Run 3","Run 4","Run 5","Run 6","Run 7","Run 8","Run 9","Run 10"]}