{"slackAfterALNS":0,"nInitialNotServicedExpectedRequests":[61,51,58,55,54,56,44,50,55,52],"averageObj":[12539.394482178026,12582.010245955636,12856.706944370455,13734.28257949017,15407.261944871603,12985.40299317733,12617.3154260906,12786.645355675177,13362.732243120627,11852.746180572547],"slackBeforeALNS":0,"nInitialNotServicedFixedRequests":[1,1,1,1,2,1,1,1,1,1],"averageNotServicedExpectedRequests":[57.0,58.0,61.0,69.0,66.0,62.0,58.0,59.0,66.0,49.0],"ALNSIterations":[991,783,874,583,948,745,964,932,956,958],"runId":["Run 1","Run 2","Run 3","Run 4","Run 5","Run 6","Run 7","Run 8","Run 9","Run 10"]}