{"slackAfterALNS":0,"nInitialNotServicedExpectedRequests":[68,74,66,68,61,61,64,65,81,70],"averageObj":[14257.730172196807,14714.88997585892,14149.677277502542,14833.196132482515,14519.129950621133,13771.119243030553,13570.761166439475,14017.64569209865,15555.610435156352,13342.69678050424],"slackBeforeALNS":0,"nInitialNotServicedFixedRequests":[1,1,1,1,1,1,1,1,1,1],"averageNotServicedExpectedRequests":[75.0,81.0,75.0,82.0,78.0,71.0,68.0,73.0,90.0,64.0],"ALNSIterations":[970,794,763,945,916,818,929,779,937,932],"runId":["Run 1","Run 2","Run 3","Run 4","Run 5","Run 6","Run 7","Run 8","Run 9","Run 10"]}