{"slackAfterALNS":0,"nInitialNotServicedExpectedRequests":[64,69,66,89,56,63,68,58,60,59],"averageObj":[13161.103306053632,13338.780561073334,12435.234212349938,12952.601906675316,12905.902439943295,12137.89204819183,16242.486829638412,17317.329209333573,12525.996198383642,12427.552784504658],"slackBeforeALNS":0,"nInitialNotServicedFixedRequests":[1,0,0,0,1,0,2,3,0,0],"averageNotServicedExpectedRequests":[61.0,88.0,76.0,83.0,59.0,73.0,74.0,63.0,77.0,77.0],"ALNSIterations":[691,865,906,903,921,860,717,770,911,911],"runId":["Run 1","Run 2","Run 3","Run 4","Run 5","Run 6","Run 7","Run 8","Run 9","Run 10"]}