{"slackAfterALNS":0,"nInitialNotServicedExpectedRequests":[71,69,52,69,63,53,75,70,71,71],"averageObj":[12577.59791432104,12022.815307240473,11141.0853094278,13136.39144959446,12142.460525203845,12458.233179925155,12520.540755967999,12055.894077636698,13497.046451181126,12431.70083859992],"slackBeforeALNS":0,"nInitialNotServicedFixedRequests":[0,0,0,0,0,0,0,0,1,0],"averageNotServicedExpectedRequests":[78.0,73.0,60.0,84.0,73.0,76.0,78.0,73.0,67.0,75.0],"ALNSIterations":[1025,893,774,870,886,893,905,890,897,856],"runId":["Run 1","Run 2","Run 3","Run 4","Run 5","Run 6","Run 7","Run 8","Run 9","Run 10"]}