{"slackAfterALNS":0,"nInitialNotServicedExpectedRequests":[60,69,63,77,67,72,57,75,70,64],"averageObj":[11233.556108613959,12411.551204196114,12451.032524677938,12713.466891100763,10990.019163964822,12216.429730474816,13460.390218743978,12970.679155851847,13960.175110425593,11991.020834544815],"slackBeforeALNS":0,"nInitialNotServicedFixedRequests":[0,0,0,0,0,0,1,0,1,0],"averageNotServicedExpectedRequests":[63.0,77.0,76.0,81.0,60.0,74.0,67.0,84.0,71.0,72.0],"ALNSIterations":[794,838,906,609,582,932,811,681,617,756],"runId":["Run 1","Run 2","Run 3","Run 4","Run 5","Run 6","Run 7","Run 8","Run 9","Run 10"]}