{"slackAfterALNS":0,"nInitialNotServicedExpectedRequests":[58,68,67,52,67,70,69,58,75,46],"averageObj":[11482.764154893663,12661.937376610544,12012.779942013904,13682.329226614496,12028.688361925591,11213.048335291905,11645.607872537865,10347.440789069462,11740.948379098158,12717.028510043869],"slackBeforeALNS":0,"nInitialNotServicedFixedRequests":[0,0,0,1,0,0,0,0,0,1],"averageNotServicedExpectedRequests":[67.0,81.0,73.0,71.0,74.0,64.0,69.0,55.0,71.0,59.0],"ALNSIterations":[1140,990,808,953,943,683,907,718,545,804],"runId":["Run 1","Run 2","Run 3","Run 4","Run 5","Run 6","Run 7","Run 8","Run 9","Run 10"]}