{"slackAfterALNS":0,"nInitialNotServicedExpectedRequests":[58,64,59,69,74,58,64,63,57,60],"averageObj":[12057.070242088183,12167.624251389474,11718.249747115464,11484.765707770639,11803.22042940688,11940.428330112447,11784.938459388606,12246.551528809994,11604.013593463173,11047.307410486694],"slackBeforeALNS":0,"nInitialNotServicedFixedRequests":[0,0,0,0,0,0,0,0,0,0],"averageNotServicedExpectedRequests":[72.0,76.0,70.0,68.0,71.0,72.0,69.0,76.0,69.0,61.0],"ALNSIterations":[1063,718,917,917,721,927,644,925,917,930],"runId":["Run 1","Run 2","Run 3","Run 4","Run 5","Run 6","Run 7","Run 8","Run 9","Run 10"]}