{"slackAfterALNS":0,"nInitialNotServicedExpectedRequests":[3,6,6,15,15],"averageObj":[7360.538457914916,7608.199258048812,9392.092507085696,9493.096059040838,5647.120045450972],"slackBeforeALNS":0,"nInitialNotServicedFixedRequests":[1,1,2,2,0],"averageNotServicedExpectedRequests":[22.5,25.9,22.6,23.3,25.2],"ALNSIterations":[2087,2062,1462,2410,2450],"runId":["Run 1","Run 2","Run 3","Run 4","Run 5"]}