{"slackAfterALNS":0,"nInitialNotServicedExpectedRequests":[18,19,20,22,20],"averageObj":[5673.955956407816,6234.613647825562,6100.469501103621,6129.166514679092,5622.750154988402],"slackBeforeALNS":0,"nInitialNotServicedFixedRequests":[0,0,0,0,0],"averageNotServicedExpectedRequests":[27.0,33.0,31.0,33.0,27.0],"ALNSIterations":[5128,5343,4545,5982,5644],"runId":["Run 1","Run 2","Run 3","Run 4","Run 5"]}