{"slackAfterALNS":0,"nInitialNotServicedExpectedRequests":[4,10,14,6,11],"averageObj":[11643.8419032751,9514.817364379222,13861.654405125862,13418.52941601715,7926.30750676286],"slackBeforeALNS":0,"nInitialNotServicedFixedRequests":[3,2,4,4,1],"averageNotServicedExpectedRequests":[25.3,23.2,26.8,22.8,28.4],"ALNSIterations":[2183,1686,2274,1946,2187],"runId":["Run 1","Run 2","Run 3","Run 4","Run 5"]}