{"slackAfterALNS":0,"nInitialNotServicedExpectedRequests":[6,8,3,6,4],"averageObj":[15871.285139694219,7839.066327298667,11443.804114880573,9151.514735903978,7571.964483735321],"slackBeforeALNS":0,"nInitialNotServicedFixedRequests":[5,1,3,2,1],"averageNotServicedExpectedRequests":[26.9,26.7,23.5,19.5,23.9],"ALNSIterations":[1953,2129,2444,1942,1531],"runId":["Run 1","Run 2","Run 3","Run 4","Run 5"]}