{"slackAfterALNS":0,"nInitialNotServicedExpectedRequests":[6,5,5,8,9],"averageObj":[7588.305774375949,5334.768049639941,5808.057344526949,9245.817868599612,9549.829600575413],"slackBeforeALNS":0,"nInitialNotServicedFixedRequests":[1,0,0,2,2],"averageNotServicedExpectedRequests":[25.0,22.8,28.0,20.7,24.2],"ALNSIterations":[2227,2249,2402,2076,2247],"runId":["Run 1","Run 2","Run 3","Run 4","Run 5"]}