{"slackAfterALNS":0,"nInitialNotServicedExpectedRequests":[12,21,18,15,17],"averageObj":[6141.257762809728,5837.97286085261,6163.87209025985,6025.468937431068,5617.906479985456],"slackBeforeALNS":0,"nInitialNotServicedFixedRequests":[0,0,0,0,0],"averageNotServicedExpectedRequests":[32.3,27.2,31.5,30.6,25.7],"ALNSIterations":[4488,4658,4300,4663,4691],"runId":["Run 1","Run 2","Run 3","Run 4","Run 5"]}