{"slackAfterALNS":0,"nInitialNotServicedExpectedRequests":[18,22,16,16,25],"averageObj":[6120.379723228621,6393.143158453399,6248.095700053377,6438.316519320189,6113.704143314506],"slackBeforeALNS":0,"nInitialNotServicedFixedRequests":[0,0,0,0,0],"averageNotServicedExpectedRequests":[31.4,34.5,32.7,34.2,31.7],"ALNSIterations":[4210,3858,4847,4201,4451],"runId":["Run 1","Run 2","Run 3","Run 4","Run 5"]}