{"slackAfterALNS":0,"nInitialNotServicedExpectedRequests":[20,25,30,19,14],"averageObj":[6582.290620552638,6296.707096863384,6423.396493775743,6743.490987063209,6254.514322278188],"slackBeforeALNS":0,"nInitialNotServicedFixedRequests":[0,0,0,0,0],"averageNotServicedExpectedRequests":[36.2,33.1,35.0,37.9,32.9],"ALNSIterations":[4036,4257,4545,4346,4330],"runId":["Run 1","Run 2","Run 3","Run 4","Run 5"]}