{"slackAfterALNS":0,"nInitialNotServicedExpectedRequests":[0,0,0,0,0],"averageObj":[1275.8680020544432,1181.35593220339,1025.2639282839377,1111.9878987899463,1000.0],"slackBeforeALNS":0,"nInitialNotServicedFixedRequests":[0,0,0,0,0],"averageNotServicedExpectedRequests":[3.0,2.0,0.0,1.0,0.0],"ALNSIterations":[23300,21825,22477,17731,13696],"runId":["Run 1","Run 2","Run 3","Run 4","Run 5"]}