{"slackAfterALNS":0,"nInitialNotServicedExpectedRequests":[3,1,2,2,2],"averageObj":[1416.5318207183388,1565.089680264159,1647.0848861283644,1303.2593460682058,1387.0421943383387],"slackBeforeALNS":0,"nInitialNotServicedFixedRequests":[0,0,0,0,0],"averageNotServicedExpectedRequests":[4.0,5.0,7.0,3.0,4.0],"ALNSIterations":[22964,18415,17462,21780,23925],"runId":["Run 1","Run 2","Run 3","Run 4","Run 5"]}