{"slackAfterALNS":0,"nInitialNotServicedExpectedRequests":[0,0,0,0,0],"averageObj":[1650.4857881136954,1295.5623253475503,1188.5714285714282,1270.0,1094.4117647058827],"slackBeforeALNS":0,"nInitialNotServicedFixedRequests":[0,0,0,0,0],"averageNotServicedExpectedRequests":[7.0,3.0,2.0,3.0,1.0],"ALNSIterations":[14012,18937,18115,19959,20682],"runId":["Run 1","Run 2","Run 3","Run 4","Run 5"]}