{"slackAfterALNS":0,"nInitialNotServicedExpectedRequests":[2,2,2,2,1],"averageObj":[1536.5391164184166,1480.3704616080788,1599.2420455361641,1454.9147232102157,1261.537297215533],"slackBeforeALNS":0,"nInitialNotServicedFixedRequests":[0,0,0,0,0],"averageNotServicedExpectedRequests":[5.0,4.0,6.0,4.0,2.0],"ALNSIterations":[14456,19038,21901,21587,22223],"runId":["Run 1","Run 2","Run 3","Run 4","Run 5"]}