{"slackAfterALNS":0,"nInitialNotServicedExpectedRequests":[1,2,2,1,2],"averageObj":[1375.6519101257527,1481.9946467724542,1378.5494227825875,1392.6889103804003,1197.240331873497],"slackBeforeALNS":0,"nInitialNotServicedFixedRequests":[0,0,0,0,0],"averageNotServicedExpectedRequests":[4.0,5.0,4.0,4.0,2.0],"ALNSIterations":[21557,22798,21475,20886,16102],"runId":["Run 1","Run 2","Run 3","Run 4","Run 5"]}