{"slackAfterALNS":0,"nInitialNotServicedExpectedRequests":[0,0,0,1,0],"averageObj":[1179.5192275416828,1258.2705149873034,1383.5718881619757,1150.2749637755844,1252.7417951320915],"slackBeforeALNS":0,"nInitialNotServicedFixedRequests":[0,0,0,0,0],"averageNotServicedExpectedRequests":[1.0,2.0,3.0,1.0,2.0],"ALNSIterations":[21262,18473,21245,20876,21358],"runId":["Run 1","Run 2","Run 3","Run 4","Run 5"]}