{"slackAfterALNS":0,"nInitialNotServicedExpectedRequests":[0,1,0,1,1,0,0,0,0,3],"averageObj":[307.11467002942425,385.87753000470906,394.45186224539054,345.08900057002955,351.75069195303206,350.3974655126295,412.5138669117729,429.3236435569441,396.93044389102414,394.9418540653379],"slackBeforeALNS":0,"nInitialNotServicedFixedRequests":[0,0,0,0,0,0,0,0,0,0],"averageNotServicedExpectedRequests":[1.1,2.0,2.0,1.5,1.5,1.6,2.2,2.5,2.1,2.0],"runId":["Run 1","Run 2","Run 3","Run 4","Run 5","Run 6","Run 7","Run 8","Run 9","Run 10"]}