{"slackAfterALNS":0,"nInitialNotServicedExpectedRequests":[0,1,1,0,0,0,0,1,0,1],"averageObj":[365.7388126920408,331.1365925509418,339.55198395855234,303.4851034065886,311.5546466973886,300.8620689655172,340.82456055474916,273.65555317324186,318.7726495726496,312.67178649237474],"slackBeforeALNS":0,"nInitialNotServicedFixedRequests":[0,0,0,0,0,0,0,0,0,0],"averageNotServicedExpectedRequests":[1.8,1.4,1.5,1.1,1.2,1.1,1.5,0.8,1.3,1.2],"runId":["Run 1","Run 2","Run 3","Run 4","Run 5","Run 6","Run 7","Run 8","Run 9","Run 10"]}