{"slackAfterALNS":0,"nInitialNotServicedExpectedRequests":[0,1,0,1,0,1,1,0,1,1],"averageObj":[286.76986870171896,345.2968886955191,409.9164715066354,382.9598447529482,440.3533082511676,404.58698125102785,400.62761350059736,425.71963953920476,308.49759136335496,294.4269584922508],"slackBeforeALNS":0,"nInitialNotServicedFixedRequests":[0,0,0,0,0,0,0,0,0,0],"averageNotServicedExpectedRequests":[0.9,1.6,2.3,2.0,2.6,2.2,2.2,2.5,1.1,1.0],"runId":["Run 1","Run 2","Run 3","Run 4","Run 5","Run 6","Run 7","Run 8","Run 9","Run 10"]}