{"slackAfterALNS":0,"nInitialNotServicedExpectedRequests":[1,0,1,0,1,1,1,1,0,1],"averageObj":[398.6944189906091,364.92378414073335,438.5706280193237,373.71718385523434,395.75450960530986,465.55421755523446,384.0314936727379,494.3143628622517,426.72120151061455,428.01690634734115],"slackBeforeALNS":0,"nInitialNotServicedFixedRequests":[0,0,0,0,0,0,0,0,0,0],"averageNotServicedExpectedRequests":[2.1,1.8,2.6,1.9,2.1,2.9,2.0,3.2,2.4,2.5],"runId":["Run 1","Run 2","Run 3","Run 4","Run 5","Run 6","Run 7","Run 8","Run 9","Run 10"]}