{"slackAfterALNS":0,"nInitialNotServicedExpectedRequests":[1,2,1,2,0,1,1,2,2,1],"averageObj":[345.28571428571433,428.40282049047835,359.3561914629413,386.6887991446815,356.8161762427084,328.97413522399256,356.70450672777486,371.64583333333337,399.75224867724864,402.56530976496646],"slackBeforeALNS":0,"nInitialNotServicedFixedRequests":[0,0,0,0,0,0,0,0,0,0],"averageNotServicedExpectedRequests":[1.6,2.5,1.7,2.0,1.7,1.4,1.7,1.9,2.2,2.2],"runId":["Run 1","Run 2","Run 3","Run 4","Run 5","Run 6","Run 7","Run 8","Run 9","Run 10"]}