{"slackAfterALNS":0,"nInitialNotServicedExpectedRequests":[138,138,126,117,108,140,118,128,121,131],"averageObj":[24544.87193051038,21556.216736124687,23234.039148079035,25645.65041289848,23291.772588035506,21942.02272542184,23320.572822632115,21793.502612944227,20961.36178686622,23864.36663382134],"slackBeforeALNS":0,"nInitialNotServicedFixedRequests":[2,1,2,3,2,1,2,1,1,2],"averageNotServicedExpectedRequests":[155.5,144.2,140.4,145.5,141.4,148.1,141.1,146.6,137.8,147.9],"runId":["Run 1","Run 2","Run 3","Run 4","Run 5","Run 6","Run 7","Run 8","Run 9","Run 10"]}