{"slackAfterALNS":0,"nInitialNotServicedExpectedRequests":[141,141,114,141,155,157,135,141,122,127],"averageObj":[24526.774557807556,24926.230689825425,24439.052924886848,22850.448896298287,24046.915659037797,25153.940392081015,22703.42954104364,23182.894055122662,21970.366665617963,24471.085991160948],"slackBeforeALNS":0,"nInitialNotServicedFixedRequests":[2,2,2,1,1,2,1,1,1,2],"averageNotServicedExpectedRequests":[154.7,158.7,153.1,159.7,170.8,161.5,157.3,162.0,147.7,154.0],"runId":["Run 1","Run 2","Run 3","Run 4","Run 5","Run 6","Run 7","Run 8","Run 9","Run 10"]}