{"slackAfterALNS":0,"nInitialNotServicedExpectedRequests":[133,150,113,134,133,141,147,127,125,131],"averageObj":[21818.728152101216,28466.184730685916,25375.25606272372,29777.434650394272,25624.02957731663,26383.57557987507,20728.627341903444,25811.923992709286,21957.73171689583,22445.645140162076],"slackBeforeALNS":0,"nInitialNotServicedFixedRequests":[1,4,3,5,3,3,0,3,1,1],"averageNotServicedExpectedRequests":[145.0,152.7,141.0,145.5,143.4,153.2,156.0,144.4,147.1,152.6],"runId":["Run 1","Run 2","Run 3","Run 4","Run 5","Run 6","Run 7","Run 8","Run 9","Run 10"]}