{"slackAfterALNS":0,"nInitialNotServicedExpectedRequests":[127,151,134,141,135,143,142,122,140,144],"averageObj":[20123.517960062563,22762.54060268456,21774.50203520359,21052.653160113037,23126.502110235677,22787.654199990986,20789.048710918192,22288.921768378885,20873.32385883657,23204.083552236152],"slackBeforeALNS":0,"nInitialNotServicedFixedRequests":[0,1,1,0,1,1,0,1,0,1],"averageNotServicedExpectedRequests":[150.7,157.8,145.9,161.8,162.2,158.7,157.7,152.4,159.8,163.6],"runId":["Run 1","Run 2","Run 3","Run 4","Run 5","Run 6","Run 7","Run 8","Run 9","Run 10"]}