{"slackAfterALNS":0,"nInitialNotServicedExpectedRequests":[146,131,150,142,117,143,139,130,150,157],"averageObj":[22724.344287478158,24505.64480585212,22385.776786896495,19997.57198186458,25895.862661352017,22117.800875020934,22316.639145756482,23317.98610159742,22601.344445645256,21144.20873956567],"slackBeforeALNS":0,"nInitialNotServicedFixedRequests":[1,2,1,0,3,1,1,2,1,0],"averageNotServicedExpectedRequests":[157.5,154.6,152.7,149.5,148.0,150.2,151.2,139.7,155.1,161.2],"runId":["Run 1","Run 2","Run 3","Run 4","Run 5","Run 6","Run 7","Run 8","Run 9","Run 10"]}