{"slackAfterALNS":0,"nInitialNotServicedExpectedRequests":[142,126,118,150,143,144,137,139,146,149],"averageObj":[22776.07792645515,21650.397750258307,24083.53700249561,20969.72312575451,23281.765778547364,22652.939339509878,24206.80714419448,20726.315611244318,20321.348180263118,22925.968460642434],"slackBeforeALNS":0,"nInitialNotServicedFixedRequests":[1,1,2,0,1,1,2,0,0,1],"averageNotServicedExpectedRequests":[157.3,144.0,150.5,160.6,163.2,156.6,151.6,157.2,153.0,159.6],"runId":["Run 1","Run 2","Run 3","Run 4","Run 5","Run 6","Run 7","Run 8","Run 9","Run 10"]}