{"slackAfterALNS":0,"nInitialNotServicedExpectedRequests":[141,123,161,150,137,134,136,125,152,158],"averageObj":[23063.228135375844,25842.47134347385,23689.557214279794,22905.74064563943,24661.311313492428,24762.68848215056,26898.524145085266,26006.96640380002,23321.91276898656,23389.54090684776],"slackBeforeALNS":0,"nInitialNotServicedFixedRequests":[1,3,1,1,2,2,3,3,1,1],"averageNotServicedExpectedRequests":[158.9,145.3,166.9,158.1,156.7,155.5,158.2,147.0,163.9,163.9],"runId":["Run 1","Run 2","Run 3","Run 4","Run 5","Run 6","Run 7","Run 8","Run 9","Run 10"]}