{"slackAfterALNS":0,"nInitialNotServicedExpectedRequests":[138,122,149,146,133,117,143,133,134,120],"averageObj":[21498.99043652565,23961.944370509827,22763.24580195805,22250.56246359932,24072.974089372903,23311.901076168877,22084.910478458944,24601.276999409096,21284.087256632913,23238.99425198625],"slackBeforeALNS":0,"nInitialNotServicedFixedRequests":[1,2,1,1,2,2,1,2,1,2],"averageNotServicedExpectedRequests":[142.9,149.1,156.8,152.4,149.3,140.5,150.2,156.0,140.0,140.8],"runId":["Run 1","Run 2","Run 3","Run 4","Run 5","Run 6","Run 7","Run 8","Run 9","Run 10"]}