{"slackAfterALNS":0,"nInitialNotServicedExpectedRequests":[134,157,138,130,138,122,125,146,159,143],"averageObj":[26363.39797343168,23663.645731654244,22026.958607456956,24315.00853972439,24818.28486620154,25805.80348149525,22058.8278686552,20904.026422545234,20826.410660705205,20335.170455397398],"slackBeforeALNS":0,"nInitialNotServicedFixedRequests":[3,1,1,2,2,3,1,0,0,0],"averageNotServicedExpectedRequests":[153.0,167.6,148.4,151.4,158.0,145.2,149.5,159.3,157.3,151.7],"runId":["Run 1","Run 2","Run 3","Run 4","Run 5","Run 6","Run 7","Run 8","Run 9","Run 10"]}