{"slackAfterALNS":0,"nInitialNotServicedExpectedRequests":[140,142,123,122,119,129,130,124,128,131],"averageObj":[20487.257637317878,20749.73135540007,19992.366883318475,23466.174146624227,22099.29753586833,19968.796995210887,22156.720617555537,20007.713391467583,19716.62911637546,21146.16429344908],"slackBeforeALNS":0,"nInitialNotServicedFixedRequests":[0,0,0,2,1,0,1,0,0,0],"averageNotServicedExpectedRequests":[153.5,157.8,149.0,143.1,150.1,148.2,151.0,149.0,145.5,162.1],"runId":["Run 1","Run 2","Run 3","Run 4","Run 5","Run 6","Run 7","Run 8","Run 9","Run 10"]}