{"slackAfterALNS":1340.0,"nInitialNotServicedExpectedRequests":[5,6,3,1,5,1,3,4,3,2],"averageObj":[2917.6269751610484,2924.928465882178,2922.974438990825,2930.974966788662,2924.180131557892,2914.620070025326,2939.981631416106,2923.35855878149,2912.52694218776,2925.595323045779],"slackBeforeALNS":1340.0,"nInitialNotServicedFixedRequests":[1,1,1,1,1,1,1,1,1,1],"averageNotServicedExpectedRequests":[5.3,6.1,5.5,4.1,5.0,5.1,3.8,5.5,4.9,3.9],"runId":["Run 1","Run 2","Run 3","Run 4","Run 5","Run 6","Run 7","Run 8","Run 9","Run 10"]}