{"slackAfterALNS":0,"nInitialNotServicedExpectedRequests":[4,9,7,5,5],"averageObj":[7370.984212180042,11167.429284201855,7679.058260851316,6273.721691472753,7166.044202219273],"slackBeforeALNS":0,"nInitialNotServicedFixedRequests":[1,3,1,0,1],"averageNotServicedExpectedRequests":[22.8,20.4,26.9,32.7,20.7],"ALNSIterations":[2137,2054,2018,2028,1962],"runId":["Run 1","Run 2","Run 3","Run 4","Run 5"]}