{"slackAfterALNS":0,"nInitialNotServicedExpectedRequests":[9,8,4,16,11],"averageObj":[10639.416484198182,7537.9034792529765,19985.64434491048,10402.199975424051,16608.933064499695],"slackBeforeALNS":0,"nInitialNotServicedFixedRequests":[1,0,6,1,4],"averageNotServicedExpectedRequests":[34.0,22.0,28.0,33.0,35.0],"ALNSIterations":[791,767,758,787,757],"runId":["Run 1","Run 2","Run 3","Run 4","Run 5"]}