{"slackAfterALNS":0,"nInitialNotServicedExpectedRequests":[4,21,9,15,14],"averageObj":[19570.18984029178,28539.358619088314,21526.354924200754,16567.86576953009,9163.346830045148],"slackBeforeALNS":0,"nInitialNotServicedFixedRequests":[6,10,7,4,1],"averageNotServicedExpectedRequests":[24.0,34.0,22.0,32.0,18.0],"ALNSIterations":[832,851,774,826,798],"runId":["Run 1","Run 2","Run 3","Run 4","Run 5"]}