{"slackAfterALNS":0,"nInitialNotServicedExpectedRequests":[22,11,19,19,13],"averageObj":[5384.912931943853,5910.7679870833035,5483.033735403959,5767.227838732872,5255.6134538906035],"slackBeforeALNS":0,"nInitialNotServicedFixedRequests":[0,0,0,0,0],"averageNotServicedExpectedRequests":[24.3,29.8,25.7,28.4,22.4],"ALNSIterations":[6313,6378,6585,6385,6119],"runId":["Run 1","Run 2","Run 3","Run 4","Run 5"]}