{"slackAfterALNS":0,"nInitialNotServicedExpectedRequests":[14,11,15,20,18],"averageObj":[6129.072045619972,5902.7107584631385,5948.701355853122,6256.990670768993,5808.4569327411455],"slackBeforeALNS":0,"nInitialNotServicedFixedRequests":[0,0,0,0,0],"averageNotServicedExpectedRequests":[31.5,29.4,29.4,32.9,28.4],"ALNSIterations":[6454,6446,6347,6656,6642],"runId":["Run 1","Run 2","Run 3","Run 4","Run 5"]}