{"slackAfterALNS":0,"nInitialNotServicedExpectedRequests":[19,13,15,14,13],"averageObj":[6198.918189245242,5738.7409777081275,6240.728764030346,5931.392702039167,6076.1141491789],"slackBeforeALNS":0,"nInitialNotServicedFixedRequests":[0,0,0,0,0],"averageNotServicedExpectedRequests":[32.1,27.1,32.1,28.5,31.0],"ALNSIterations":[6244,6297,6115,5961,6266],"runId":["Run 1","Run 2","Run 3","Run 4","Run 5"]}