{"slackAfterALNS":0,"nInitialNotServicedExpectedRequests":[17,14,17,8,19],"averageObj":[5738.9478844543455,6033.874740128844,5750.22741139728,5958.732828460777,5621.4722872987095],"slackBeforeALNS":0,"nInitialNotServicedFixedRequests":[0,0,0,0,0],"averageNotServicedExpectedRequests":[26.1,29.4,25.6,29.0,25.0],"ALNSIterations":[6149,6402,6249,6137,6274],"runId":["Run 1","Run 2","Run 3","Run 4","Run 5"]}