{"slackAfterALNS":0,"nInitialNotServicedExpectedRequests":[22,20,17,19,21],"averageObj":[6358.767819391273,5902.783775488507,6047.923133243921,6004.399374866599,6282.829360202648],"slackBeforeALNS":0,"nInitialNotServicedFixedRequests":[0,0,0,0,0],"averageNotServicedExpectedRequests":[33.5,28.4,30.4,30.2,32.4],"ALNSIterations":[5879,5680,5915,5966,6059],"runId":["Run 1","Run 2","Run 3","Run 4","Run 5"]}