{"slackAfterALNS":0,"nInitialNotServicedExpectedRequests":[18,16,21,13,24],"averageObj":[5926.579792027673,5918.3313178891,6135.706033091917,5388.14812194653,6210.623026384881],"slackBeforeALNS":0,"nInitialNotServicedFixedRequests":[0,0,0,0,0],"averageNotServicedExpectedRequests":[29.3,29.4,32.2,23.5,32.5],"ALNSIterations":[6357,6069,6393,5952,6418],"runId":["Run 1","Run 2","Run 3","Run 4","Run 5"]}