{"slackAfterALNS":0,"nInitialNotServicedExpectedRequests":[17,10,12,13,17],"averageObj":[5755.326456844872,5688.824412508011,5800.725876950837,5602.791030597375,6027.871037023143],"slackBeforeALNS":0,"nInitialNotServicedFixedRequests":[0,0,0,0,0],"averageNotServicedExpectedRequests":[27.4,27.1,27.9,26.2,31.0],"ALNSIterations":[5634,5517,5695,5660,5438],"runId":["Run 1","Run 2","Run 3","Run 4","Run 5"]}