{"slackAfterALNS":0,"nInitialNotServicedExpectedRequests":[21,16,15,21,19],"averageObj":[6385.71283158364,6250.900089234425,5738.907551865637,6296.326551806828,6113.081882151693],"slackBeforeALNS":0,"nInitialNotServicedFixedRequests":[0,0,0,0,0],"averageNotServicedExpectedRequests":[34.6,32.0,26.6,33.1,31.1],"ALNSIterations":[5886,6032,5582,5911,5812],"runId":["Run 1","Run 2","Run 3","Run 4","Run 5"]}