{"slackAfterALNS":0,"nInitialNotServicedExpectedRequests":[12,15,17,19,19],"averageObj":[5220.363232462331,5608.709415854778,5058.232381048046,5664.955214336647,5455.574455333489],"slackBeforeALNS":0,"nInitialNotServicedFixedRequests":[0,0,0,0,0],"averageNotServicedExpectedRequests":[21.0,25.0,20.0,27.0,24.0],"ALNSIterations":[5060,4570,4645,4663,4810],"runId":["Run 1","Run 2","Run 3","Run 4","Run 5"]}