{"slackAfterALNS":0,"nInitialNotServicedExpectedRequests":[15,20,20,15,20],"averageObj":[5298.351826079386,5825.355908738659,5293.308633145701,5476.870498477089,5445.68765347531],"slackBeforeALNS":0,"nInitialNotServicedFixedRequests":[0,0,0,0,0],"averageNotServicedExpectedRequests":[23.0,29.0,23.0,25.0,25.0],"ALNSIterations":[4217,4427,4433,4463,4236],"runId":["Run 1","Run 2","Run 3","Run 4","Run 5"]}