{"slackAfterALNS":0,"nInitialNotServicedExpectedRequests":[22,18,21,24,25],"averageObj":[5673.717067891544,5340.969848747932,6297.424326622918,5809.1510920144365,5902.719623796395],"slackBeforeALNS":0,"nInitialNotServicedFixedRequests":[0,0,0,0,0],"averageNotServicedExpectedRequests":[28.0,23.0,34.0,29.0,29.0],"ALNSIterations":[4027,4403,4373,4474,4435],"runId":["Run 1","Run 2","Run 3","Run 4","Run 5"]}