{"slackAfterALNS":0,"nInitialNotServicedExpectedRequests":[27,25,17,17,19],"averageObj":[7091.086295461966,6742.573884900396,5959.776080332088,6191.088979380127,6460.041050536798],"slackBeforeALNS":0,"nInitialNotServicedFixedRequests":[0,0,0,0,0],"averageNotServicedExpectedRequests":[41.0,37.0,28.0,31.0,34.0],"ALNSIterations":[3639,3889,3799,3800,3737],"runId":["Run 1","Run 2","Run 3","Run 4","Run 5"]}