{"slackAfterALNS":0,"nInitialNotServicedExpectedRequests":[29,26,25,29,28],"averageObj":[6327.774624905898,6023.277578795692,6425.7053083041565,6281.9508005536745,6293.169287627622],"slackBeforeALNS":0,"nInitialNotServicedFixedRequests":[0,0,0,0,0],"averageNotServicedExpectedRequests":[34.0,31.0,36.0,34.0,35.0],"ALNSIterations":[3991,4363,4296,4301,4517],"runId":["Run 1","Run 2","Run 3","Run 4","Run 5"]}