{"slackAfterALNS":0,"nInitialNotServicedExpectedRequests":[2,3,4,3,3,3,2,3,1,1],"averageObj":[563.6155697380185,556.5928169583724,509.8331170033438,524.6203980099501,544.2924939467314,544.9413636363636,542.5431041905855,526.7978142076503,554.4983202549633,536.4424641948068],"slackBeforeALNS":0,"nInitialNotServicedFixedRequests":[0,0,0,0,0,0,0,0,0,0],"averageNotServicedExpectedRequests":[4.0,3.9,3.4,3.6,3.8,3.8,3.7,3.6,3.9,3.7],"runId":["Run 1","Run 2","Run 3","Run 4","Run 5","Run 6","Run 7","Run 8","Run 9","Run 10"]}