{"slackAfterALNS":0,"nInitialNotServicedExpectedRequests":[0,1,1,1,1,2,2,2,1,4],"averageObj":[518.0113298102658,622.7013367024363,564.3772617185713,594.6570664208134,485.131292324333,529.3125216188171,567.4535441752719,601.112633580192,576.7067555375621,545.9813518278245],"slackBeforeALNS":0,"nInitialNotServicedFixedRequests":[0,0,0,0,0,0,0,0,0,0],"averageNotServicedExpectedRequests":[3.3,4.6,4.0,4.3,3.1,3.6,3.9,4.3,4.1,3.7],"runId":["Run 1","Run 2","Run 3","Run 4","Run 5","Run 6","Run 7","Run 8","Run 9","Run 10"]}