{"slackAfterALNS":0,"nInitialNotServicedExpectedRequests":[1,0,2,0,0,1,0,1,0,3],"averageObj":[2449.5706776917773,2527.685315159058,2579.296068217497,2488.0404320464427,2520.4322688449456,2473.2630376463894,2528.07389713755,2510.8960759498955,2556.8198294449203,2496.23062700862],"slackBeforeALNS":0,"nInitialNotServicedFixedRequests":[1,1,1,1,1,1,1,1,1,1],"averageNotServicedExpectedRequests":[2.8,3.7,4.3,3.2,3.6,3.1,3.6,3.5,3.9,3.3],"runId":["Run 1","Run 2","Run 3","Run 4","Run 5","Run 6","Run 7","Run 8","Run 9","Run 10"]}