{"slackAfterALNS":0,"nInitialNotServicedExpectedRequests":[1,2,3,2,5,2,2,1,2,4],"averageObj":[510.19541740461784,691.1129541572498,468.7567957993694,408.1614130823024,538.467556395599,577.2868765897164,525.3676691066232,590.5197426138336,545.71374334776,654.0238377057038],"slackBeforeALNS":0,"nInitialNotServicedFixedRequests":[0,0,0,0,0,0,0,0,0,0],"averageNotServicedExpectedRequests":[3.3,5.4,2.8,2.1,3.7,4.1,3.6,4.3,3.6,5.0],"runId":["Run 1","Run 2","Run 3","Run 4","Run 5","Run 6","Run 7","Run 8","Run 9","Run 10"]}