{"slackAfterALNS":0,"nInitialNotServicedExpectedRequests":[1,0,3,3,5,2,3,2,2,0],"averageObj":[2604.126415710752,2490.5699833959325,2551.5049955791337,2529.456138222781,2492.1661921007462,2547.3810827306343,2568.422999076219,2579.677755496138,2531.671068366277,2535.7471329337905],"slackBeforeALNS":0,"nInitialNotServicedFixedRequests":[1,1,1,1,1,1,1,1,1,1],"averageNotServicedExpectedRequests":[4.5,3.3,4.0,3.6,3.3,3.9,4.0,4.2,3.7,3.7],"runId":["Run 1","Run 2","Run 3","Run 4","Run 5","Run 6","Run 7","Run 8","Run 9","Run 10"]}