{"slackAfterALNS":0,"nInitialNotServicedExpectedRequests":[10,7,6,9,7,8,2,8,6,6],"averageObj":[2620.288492178591,2704.651918439503,2726.8137591391956,2565.972555711702,2685.2031314683386,2835.045941952111,2584.486656645864,2767.402476283797,2592.658001071545,2565.1860827760456],"slackBeforeALNS":0,"nInitialNotServicedFixedRequests":[0,0,0,0,0,0,0,0,0,0],"averageNotServicedExpectedRequests":[16.8,18.0,18.2,16.3,18.0,19.5,16.8,18.8,16.7,16.4],"runId":["Run 1","Run 2","Run 3","Run 4","Run 5","Run 6","Run 7","Run 8","Run 9","Run 10"]}