{"slackAfterALNS":0,"nInitialNotServicedExpectedRequests":[9,3,9,6,6,8,4,2,6,8],"averageObj":[2525.809127307511,2279.3279570650075,2354.068075263841,2468.061002959971,2659.1641402768064,2505.7306116859754,2466.9031259952963,2774.3717017890003,2528.9064337455425,2535.0673845933147],"slackBeforeALNS":0,"nInitialNotServicedFixedRequests":[0,0,0,0,0,0,0,0,0,0],"averageNotServicedExpectedRequests":[16.3,13.5,14.3,15.7,17.9,16.1,15.7,19.2,16.3,16.4],"runId":["Run 1","Run 2","Run 3","Run 4","Run 5","Run 6","Run 7","Run 8","Run 9","Run 10"]}