{"slackAfterALNS":0,"nInitialNotServicedExpectedRequests":[10,7,3,3,10,4,1,4,1,6],"averageObj":[2665.818806339378,2675.2633946127326,2573.996474480252,2772.0123420709847,2619.1744143986753,2436.844508791557,2395.610492800309,2672.1988380146713,2426.920884111218,2618.219585137101],"slackBeforeALNS":0,"nInitialNotServicedFixedRequests":[0,0,0,0,0,0,0,0,0,0],"averageNotServicedExpectedRequests":[18.0,17.8,17.0,19.0,17.3,15.3,15.0,17.8,15.4,17.4],"runId":["Run 1","Run 2","Run 3","Run 4","Run 5","Run 6","Run 7","Run 8","Run 9","Run 10"]}