{"slackAfterALNS":0,"nInitialNotServicedExpectedRequests":[10,3,7,5,8,7,6,5,8,7],"averageObj":[2722.701592263423,2599.789459579636,2652.555212122354,2530.360921589448,2500.6812821745407,2691.29141477581,2392.120105393412,2921.6994667576373,2625.633908872929,2727.165227351102],"slackBeforeALNS":0,"nInitialNotServicedFixedRequests":[0,0,0,0,0,0,0,0,0,0],"averageNotServicedExpectedRequests":[18.6,17.1,17.7,16.4,16.1,18.2,14.7,20.6,17.6,18.4],"runId":["Run 1","Run 2","Run 3","Run 4","Run 5","Run 6","Run 7","Run 8","Run 9","Run 10"]}