{"slackAfterALNS":0,"nInitialNotServicedExpectedRequests":[6,6,1,8,5,11,6,9,8,6],"averageObj":[2444.4679390724773,2178.052171751294,2405.7328983187444,2408.166102493513,2351.04611766148,2690.53663086251,2230.8044641222723,2709.5313004081445,2466.0241397372697,2353.096904472516],"slackBeforeALNS":0,"nInitialNotServicedFixedRequests":[0,0,0,0,0,0,0,0,0,0],"averageNotServicedExpectedRequests":[15.2,12.4,15.0,15.1,14.4,18.4,13.1,18.3,15.5,14.4],"runId":["Run 1","Run 2","Run 3","Run 4","Run 5","Run 6","Run 7","Run 8","Run 9","Run 10"]}