{"slackAfterALNS":0,"nInitialNotServicedExpectedRequests":[5,3,4,8,8,7,12,9,8,6],"averageObj":[2258.5320774791317,2477.6364527434844,2595.51965160868,2546.402135020276,2596.5507477546803,2615.0741619473188,2575.333103680129,2571.207692913766,2406.3177066992225,2623.7502221514146],"slackBeforeALNS":0,"nInitialNotServicedFixedRequests":[0,0,0,0,0,0,0,0,0,0],"averageNotServicedExpectedRequests":[13.4,15.9,17.1,16.6,17.1,17.3,17.0,16.9,15.0,17.5],"runId":["Run 1","Run 2","Run 3","Run 4","Run 5","Run 6","Run 7","Run 8","Run 9","Run 10"]}