{"slackAfterALNS":0,"nInitialNotServicedExpectedRequests":[10,7,7,9,7,6,8,8,7,6],"averageObj":[2686.7103014250115,2755.5591764480387,2709.0630426267035,2762.6679494153123,2370.9026385909347,2707.1223090933827,2794.016577304683,2737.360467866586,2861.679685904851,2750.1144561152046],"slackBeforeALNS":0,"nInitialNotServicedFixedRequests":[0,0,0,0,0,0,0,0,0,0],"averageNotServicedExpectedRequests":[18.0,18.5,18.3,18.7,14.4,18.0,18.7,18.6,20.0,18.5],"runId":["Run 1","Run 2","Run 3","Run 4","Run 5","Run 6","Run 7","Run 8","Run 9","Run 10"]}