{"slackAfterALNS":0,"nInitialNotServicedExpectedRequests":[11,2,6,2,6,5,3,11,7,9],"averageObj":[2551.4526494507772,2470.4813998685077,2624.105052213955,2526.59513221125,2584.312919233911,2789.410848707436,2596.8174457297014,2798.2062810977195,2454.3685604633038,2939.629912601783],"slackBeforeALNS":0,"nInitialNotServicedFixedRequests":[0,0,0,0,0,0,0,0,0,0],"averageNotServicedExpectedRequests":[16.6,15.8,17.4,16.2,16.9,19.2,17.3,19.3,15.7,20.8],"runId":["Run 1","Run 2","Run 3","Run 4","Run 5","Run 6","Run 7","Run 8","Run 9","Run 10"]}