{"slackAfterALNS":0,"nInitialNotServicedExpectedRequests":[3,3,4,1,6],"averageObj":[4866.878624298043,5170.658807809792,6837.685879812714,5334.429439550863,10950.170552325098],"slackBeforeALNS":0,"nInitialNotServicedFixedRequests":[0,0,1,0,3],"averageNotServicedExpectedRequests":[16.0,20.0,16.0,20.0,19.0],"ALNSIterations":[4584,4201,4400,4433,4408],"runId":["Run 1","Run 2","Run 3","Run 4","Run 5"]}