{"slackAfterALNS":0,"nInitialNotServicedExpectedRequests":[6,6,6,7,4],"averageObj":[4691.516999330185,6361.291918365705,4605.721539256498,8796.370284193568,4891.006287783481],"slackBeforeALNS":0,"nInitialNotServicedFixedRequests":[0,1,0,2,0],"averageNotServicedExpectedRequests":[15.0,12.0,14.0,17.0,18.0],"ALNSIterations":[3856,3941,4432,4624,4037],"runId":["Run 1","Run 2","Run 3","Run 4","Run 5"]}