{"slackAfterALNS":0,"nInitialNotServicedExpectedRequests":[5,4,2,6,5],"averageObj":[4707.669798232234,4580.76290237965,4097.183110529184,4830.616215043961,4205.553949921136],"slackBeforeALNS":0,"nInitialNotServicedFixedRequests":[0,0,0,0,0],"averageNotServicedExpectedRequests":[15.0,14.0,9.0,17.0,9.0],"ALNSIterations":[4642,4534,4670,4442,4025],"runId":["Run 1","Run 2","Run 3","Run 4","Run 5"]}