{"slackAfterALNS":0,"nInitialNotServicedExpectedRequests":[7,4,4,3,6],"averageObj":[4314.371680980752,7182.9757418189165,6349.4364205422335,3999.226285500502,4555.007251400697],"slackBeforeALNS":0,"nInitialNotServicedFixedRequests":[0,1,1,0,0],"averageNotServicedExpectedRequests":[9.0,20.0,12.0,7.0,14.0],"ALNSIterations":[4456,4338,3742,3796,4399],"runId":["Run 1","Run 2","Run 3","Run 4","Run 5"]}