{"slackAfterALNS":0,"nInitialNotServicedExpectedRequests":[56,50,41,53,49,56,66,58,52,45],"averageObj":[7245.319678852395,7212.111593761135,3282.032104789868,7199.679428366437,9240.116295619755,5201.7715354206985,7221.436247743241,9228.646647057947,9157.049762766801,5229.3653269348615],"slackBeforeALNS":0,"nInitialNotServicedFixedRequests":[2,2,0,2,3,1,2,3,3,1],"averageNotServicedExpectedRequests":[52.1,48.6,47.0,53.1,51.7,45.4,54.5,49.5,54.7,54.1],"runId":["Run 1","Run 2","Run 3","Run 4","Run 5","Run 6","Run 7","Run 8","Run 9","Run 10"]}