{"runId":["Run 1","Run 2","Run 3","Run 4","Run 5","Run 6","Run 7","Run 8","Run 9","Run 10"],"averageObj":[58651.740882549064,56707.45913273007,58623.382747470765,48684.36216512372,44757.325326542996,46756.590785227614,50757.85211713119,50650.086524308106,44793.3207477667,58582.15715020447],"averageNotServicedExpectedRequests":[9.5,20.0,14.2,12.3,15.9,21.2,15.3,14.8,18.5,17.7],"nInitialNotServicedFixedRequests":[28,27,28,23,21,22,24,24,21,28],"nInitialNotServicedExpectedRequests":[10,13,15,8,5,14,10,7,11,11]}