{"slackAfterALNS":0,"nInitialNotServicedExpectedRequests":[39,44,32,41,28,28,33,33,35,29],"averageObj":[9080.805177645725,13102.8800165341,14772.5402159905,10868.851814144798,7401.689000779156,14928.00871004193,13468.55486676073,10553.927700854427,12751.358732308287,12933.710182643845],"slackBeforeALNS":0,"nInitialNotServicedFixedRequests":[1,3,4,2,0,4,3,2,3,3],"averageNotServicedExpectedRequests":[42.4,42.7,39.2,39.7,45.7,41.1,45.7,36.1,37.8,40.7],"runId":["Run 1","Run 2","Run 3","Run 4","Run 5","Run 6","Run 7","Run 8","Run 9","Run 10"]}