{"slackAfterALNS":0,"nInitialNotServicedExpectedRequests":[41,35,30,56,35,35,39,29,35,43],"averageObj":[9113.116014631683,7297.7316147466145,12751.841151706705,9836.68957823232,10818.19197103782,9077.141634873125,11303.098549074683,9250.502802048013,11232.02547547245,9266.357547230651],"slackBeforeALNS":0,"nInitialNotServicedFixedRequests":[1,0,3,1,2,1,2,1,2,1],"averageNotServicedExpectedRequests":[42.1,43.9,37.9,49.9,38.7,40.7,44.3,43.5,42.8,43.7],"runId":["Run 1","Run 2","Run 3","Run 4","Run 5","Run 6","Run 7","Run 8","Run 9","Run 10"]}