{"slackAfterALNS":0,"nInitialNotServicedExpectedRequests":[43,40,40,33,44,20,27,41,30,39],"averageObj":[7527.916961120625,7272.100950385534,7356.968500725302,7099.076359499175,6993.168587565384,8785.440382607796,7213.379961638297,7620.180909852794,7265.794898346944,7182.332860434171],"slackBeforeALNS":0,"nInitialNotServicedFixedRequests":[0,0,0,0,0,1,0,0,0,0],"averageNotServicedExpectedRequests":[47.2,44.5,45.2,42.4,40.9,39.1,43.8,48.5,44.1,43.0],"runId":["Run 1","Run 2","Run 3","Run 4","Run 5","Run 6","Run 7","Run 8","Run 9","Run 10"]}