{"slackAfterALNS":0,"nInitialNotServicedExpectedRequests":[40,22,26,35,32,39,24,23,33,21],"averageObj":[9163.974996376746,6160.445617822637,6808.329461969176,6874.932618773991,6699.4033186454635,8834.068181351517,6346.353957040688,8041.1561777554,8597.488484743735,6569.470310438201],"slackBeforeALNS":0,"nInitialNotServicedFixedRequests":[1,0,0,0,0,1,0,1,1,0],"averageNotServicedExpectedRequests":[43.1,32.2,39.1,39.8,38.0,39.8,34.0,30.2,36.8,35.8],"runId":["Run 1","Run 2","Run 3","Run 4","Run 5","Run 6","Run 7","Run 8","Run 9","Run 10"]}