{"slackAfterALNS":0,"nInitialNotServicedExpectedRequests":[27,32,25,35,29,25,39,28,35,34],"averageObj":[6863.414987206949,6807.824665438324,6429.604736235877,7222.678089006098,6966.287690351642,6308.82994439906,6930.90233848801,6499.987694811241,6785.955231292124,6760.868030227396],"slackBeforeALNS":0,"nInitialNotServicedFixedRequests":[0,0,0,0,0,0,0,0,0,0],"averageNotServicedExpectedRequests":[40.1,39.6,35.2,44.4,41.6,34.3,40.4,36.3,39.3,39.4],"runId":["Run 1","Run 2","Run 3","Run 4","Run 5","Run 6","Run 7","Run 8","Run 9","Run 10"]}