{"slackAfterALNS":0,"nInitialNotServicedExpectedRequests":[33,30,26,31,28,33,31,33,29,30],"averageObj":[6965.873766399076,10381.74159990445,11129.504020066164,8308.335917030927,10882.804738541,8870.724168646244,11024.982701049019,11060.873483910753,10440.768304957388,9024.858891176282],"slackBeforeALNS":0,"nInitialNotServicedFixedRequests":[0,2,2,1,2,1,2,2,2,1],"averageNotServicedExpectedRequests":[41.7,34.7,43.1,34.2,40.4,40.7,42.4,43.0,34.8,41.8],"runId":["Run 1","Run 2","Run 3","Run 4","Run 5","Run 6","Run 7","Run 8","Run 9","Run 10"]}