{"slackAfterALNS":0,"nInitialNotServicedExpectedRequests":[33,41,43,30,39,52,30,23,37,35],"averageObj":[9179.444910229966,7459.351092749028,7466.162548864593,6754.2188821833315,6960.731439238181,7853.98279526674,6851.898054032688,7043.808689163957,6576.002724558403,7154.3542696888735],"slackBeforeALNS":0,"nInitialNotServicedFixedRequests":[1,0,0,0,0,0,0,0,0,0],"averageNotServicedExpectedRequests":[43.5,46.6,47.1,38.7,40.5,51.7,39.9,41.6,36.2,43.5],"runId":["Run 1","Run 2","Run 3","Run 4","Run 5","Run 6","Run 7","Run 8","Run 9","Run 10"]}