{"slackAfterALNS":0,"nInitialNotServicedExpectedRequests":[31,26,35,30,32,38,32,23,46,24],"averageObj":[10406.722496161883,10635.582821884958,8605.284219336896,6998.281217618662,8702.902608656712,11266.127402830667,8579.307682794617,8213.863383443542,8881.265718819115,8569.537569227587],"slackBeforeALNS":0,"nInitialNotServicedFixedRequests":[2,2,1,0,1,2,1,1,1,1],"averageNotServicedExpectedRequests":[35.2,37.4,36.7,40.9,37.3,44.3,36.4,32.2,39.8,36.6],"runId":["Run 1","Run 2","Run 3","Run 4","Run 5","Run 6","Run 7","Run 8","Run 9","Run 10"]}