{"slackAfterALNS":0,"nInitialNotServicedExpectedRequests":[35,31,31,25,22,32,43,25,32,36],"averageObj":[6841.884691370363,12905.615906909989,6679.2654220179775,12602.170679962977,10231.926961770392,8841.710737954834,7289.908171932189,8738.17661028575,6675.993459363228,10991.7580707094],"slackBeforeALNS":0,"nInitialNotServicedFixedRequests":[0,3,0,3,2,1,0,1,0,2],"averageNotServicedExpectedRequests":[40.0,40.2,37.3,37.4,32.5,38.5,44.9,38.2,37.0,40.7],"runId":["Run 1","Run 2","Run 3","Run 4","Run 5","Run 6","Run 7","Run 8","Run 9","Run 10"]}