{"slackAfterALNS":0,"nInitialNotServicedExpectedRequests":[21,20,22,17,22],"averageObj":[5673.016169703042,5765.101532594185,6718.865480457202,5190.47031390258,5685.592193300194],"slackBeforeALNS":0,"nInitialNotServicedFixedRequests":[0,0,0,0,0],"averageNotServicedExpectedRequests":[27.0,28.0,39.0,22.0,27.0],"ALNSIterations":[3692,3757,4319,4564,4923],"runId":["Run 1","Run 2","Run 3","Run 4","Run 5"]}