{"slackAfterALNS":0,"nInitialNotServicedExpectedRequests":[31,22,30,29,28],"averageObj":[6448.689775767998,5709.798867799575,6323.874558060534,5959.090136276137,5979.695537702121],"slackBeforeALNS":0,"nInitialNotServicedFixedRequests":[0,0,0,0,0],"averageNotServicedExpectedRequests":[36.0,27.0,35.0,31.0,30.0],"ALNSIterations":[3692,3962,4337,4137,4612],"runId":["Run 1","Run 2","Run 3","Run 4","Run 5"]}