{"slackAfterALNS":0,"nInitialNotServicedExpectedRequests":[14,14,17,16,19],"averageObj":[5650.663635590375,5184.162612011381,5933.712327157395,5414.467460490984,6088.835661648321],"slackBeforeALNS":0,"nInitialNotServicedFixedRequests":[0,0,0,0,0],"averageNotServicedExpectedRequests":[26.0,21.0,29.0,23.0,31.0],"ALNSIterations":[3682,3936,4222,4331,3999],"runId":["Run 1","Run 2","Run 3","Run 4","Run 5"]}