{"slackAfterALNS":0,"nInitialNotServicedExpectedRequests":[64,61,57,52,51,59,52,44,61,50],"averageObj":[14250.901572832838,13067.919948197883,14040.605657243805,13954.740820047271,13555.214623772572,14496.122841219043,13829.323308930883,15391.87904399015,13900.514438517357,13873.249140160997],"slackBeforeALNS":0,"nInitialNotServicedFixedRequests":[0,0,0,0,0,0,0,1,0,0],"averageNotServicedExpectedRequests":[97.2,85.1,94.9,94.9,90.3,101.9,93.9,88.9,94.9,94.1],"runId":["Run 1","Run 2","Run 3","Run 4","Run 5","Run 6","Run 7","Run 8","Run 9","Run 10"]}