{"slackAfterALNS":0,"nInitialNotServicedExpectedRequests":[59,65,62,50,61,45,63,55,57,64],"averageObj":[14218.786504228821,13677.918503416871,14279.09273867428,13706.097602000727,14655.067118251662,13797.553351861066,13436.692191603224,13418.622418723196,13905.407464562202,13915.922832497992],"slackBeforeALNS":0,"nInitialNotServicedFixedRequests":[0,0,0,0,0,0,0,0,0,0],"averageNotServicedExpectedRequests":[99.1,92.1,99.2,92.6,103.7,94.2,90.1,89.1,94.8,94.5],"runId":["Run 1","Run 2","Run 3","Run 4","Run 5","Run 6","Run 7","Run 8","Run 9","Run 10"]}