{"slackAfterALNS":0,"nInitialNotServicedExpectedRequests":[1,3,2,0,4],"averageObj":[502.6849928296262,476.81755921859474,359.0725671530812,458.5310817534955,427.6837698886478],"slackBeforeALNS":0,"nInitialNotServicedFixedRequests":[0,0,0,0,0],"averageNotServicedExpectedRequests":[3.2,3.0,1.7,2.8,2.5],"ALNSIterations":[858755,852704,773733,808688,915494],"runId":["Run 1","Run 2","Run 3","Run 4","Run 5"]}