{"slackAfterALNS":0,"nInitialNotServicedExpectedRequests":[4,4,4,3,1],"averageObj":[6447.203322225096,6483.059049798409,6454.9522904758605,6454.621989757001,6462.549525988885],"slackBeforeALNS":0,"nInitialNotServicedFixedRequests":[3,3,3,3,3],"averageNotServicedExpectedRequests":[2.7,3.1,2.8,2.8,2.9],"ALNSIterations":[332840,336461,235804,316612,306164],"runId":["Run 1","Run 2","Run 3","Run 4","Run 5"]}