{"slackAfterALNS":0,"nInitialNotServicedExpectedRequests":[0,2,0,1,3],"averageObj":[6363.226527777779,6311.324766076645,6313.731730769851,6338.146385446835,6396.960784313726],"slackBeforeALNS":0,"nInitialNotServicedFixedRequests":[3,3,3,3,3],"averageNotServicedExpectedRequests":[2.0,1.5,1.5,1.8,2.5],"ALNSIterations":[746482,965117,728702,704010,773227],"runId":["Run 1","Run 2","Run 3","Run 4","Run 5"]}