{"slackAfterALNS":0,"nInitialNotServicedExpectedRequests":[24,19,21,21,16],"averageObj":[6764.599489702874,6214.626379929625,6068.805349634024,6109.263680750461,5900.374205975989],"slackBeforeALNS":0,"nInitialNotServicedFixedRequests":[0,0,0,0,0],"averageNotServicedExpectedRequests":[38.6,32.5,30.4,30.9,28.5],"ALNSIterations":[4173,3985,4404,3116,5331],"runId":["Run 1","Run 2","Run 3","Run 4","Run 5"]}