{"slackAfterALNS":0,"nInitialNotServicedExpectedRequests":[20,18,20,15,20],"averageObj":[5814.364234684809,5696.834366470115,6040.5551925344,5664.90265994886,5927.369864363494],"slackBeforeALNS":0,"nInitialNotServicedFixedRequests":[0,0,0,0,0],"averageNotServicedExpectedRequests":[28.0,27.0,30.3,27.0,29.7],"ALNSIterations":[4340,4481,3935,5243,2927],"runId":["Run 1","Run 2","Run 3","Run 4","Run 5"]}