{"slackAfterALNS":0,"nInitialNotServicedExpectedRequests":[19,18,8,22,23],"averageObj":[5838.9137355052535,6276.982222187028,5768.270762521137,6124.831226664996,6081.4412459314735],"slackBeforeALNS":0,"nInitialNotServicedFixedRequests":[0,0,0,0,0],"averageNotServicedExpectedRequests":[28.0,32.7,27.5,31.3,31.2],"ALNSIterations":[4479,4530,4521,4139,5412],"runId":["Run 1","Run 2","Run 3","Run 4","Run 5"]}