{"slackAfterALNS":0,"nInitialNotServicedExpectedRequests":[18,20,13,18,24],"averageObj":[6084.283622978177,6129.011878792191,5916.2771554414,6101.663144086344,6097.485535430946],"slackBeforeALNS":0,"nInitialNotServicedFixedRequests":[0,0,0,0,0],"averageNotServicedExpectedRequests":[30.1,30.5,28.1,30.8,30.5],"ALNSIterations":[3942,4244,4580,3859,4579],"runId":["Run 1","Run 2","Run 3","Run 4","Run 5"]}