{"slackAfterALNS":0,"nInitialNotServicedExpectedRequests":[19,19,22,22,24],"averageObj":[5975.788206032847,5973.846173029225,6621.194550775736,5765.954317845842,6233.771081091922],"slackBeforeALNS":0,"nInitialNotServicedFixedRequests":[0,0,0,0,0],"averageNotServicedExpectedRequests":[29.7,29.0,37.1,27.0,32.6],"ALNSIterations":[4073,4043,4634,3884,2981],"runId":["Run 1","Run 2","Run 3","Run 4","Run 5"]}