{"slackAfterALNS":0,"nInitialNotServicedExpectedRequests":[19,12,15,16,7],"averageObj":[5923.40589896353,5547.304162258258,5724.027514717129,5570.9197490137885,5336.339756171516],"slackBeforeALNS":0,"nInitialNotServicedFixedRequests":[0,0,0,0,0],"averageNotServicedExpectedRequests":[28.8,24.3,26.7,24.7,22.7],"ALNSIterations":[3780,4298,4813,5132,5331],"runId":["Run 1","Run 2","Run 3","Run 4","Run 5"]}