{"slackAfterALNS":0,"nInitialNotServicedExpectedRequests":[22,14,25,20,18],"averageObj":[6295.93705323274,6180.417495978073,5975.6978454354685,6136.256513052433,5858.668172991007],"slackBeforeALNS":0,"nInitialNotServicedFixedRequests":[0,0,0,0,0],"averageNotServicedExpectedRequests":[33.6,32.1,29.3,31.5,28.5],"ALNSIterations":[4303,4555,4222,4910,4957],"runId":["Run 1","Run 2","Run 3","Run 4","Run 5"]}