{"slackAfterALNS":0,"nInitialNotServicedExpectedRequests":[17,28,24,21,22],"averageObj":[6023.201896156045,6085.477724064354,6084.7278162930115,6172.439185736863,6200.4898874523815],"slackBeforeALNS":0,"nInitialNotServicedFixedRequests":[0,0,0,0,0],"averageNotServicedExpectedRequests":[30.7,31.3,31.9,33.0,33.2],"ALNSIterations":[4645,4594,4447,4884,3812],"runId":["Run 1","Run 2","Run 3","Run 4","Run 5"]}