{"slackAfterALNS":0,"nInitialNotServicedExpectedRequests":[15,15,14,17,21],"averageObj":[6047.086952052867,5949.558872811161,6134.258096198426,5770.321382452317,6190.397040472681],"slackBeforeALNS":0,"nInitialNotServicedFixedRequests":[0,0,0,0,0],"averageNotServicedExpectedRequests":[30.6,29.8,31.7,27.9,32.0],"ALNSIterations":[4272,4458,4250,4882,4545],"runId":["Run 1","Run 2","Run 3","Run 4","Run 5"]}