{"slackAfterALNS":0,"nInitialNotServicedExpectedRequests":[22,21,23,24,21],"averageObj":[6377.435060186827,6039.319373904436,6220.654534941705,6319.78912224491,6384.077197327429],"slackBeforeALNS":0,"nInitialNotServicedFixedRequests":[0,0,0,0,0],"averageNotServicedExpectedRequests":[34.4,30.2,32.3,34.1,34.5],"ALNSIterations":[3879,4105,4083,4213,4401],"runId":["Run 1","Run 2","Run 3","Run 4","Run 5"]}