{"slackAfterALNS":0,"nInitialNotServicedExpectedRequests":[22,24,23,22,23],"averageObj":[6192.847902142827,6419.857769451672,5788.3166015937095,5878.680875809017,6603.674269437851],"slackBeforeALNS":0,"nInitialNotServicedFixedRequests":[0,0,0,0,0],"averageNotServicedExpectedRequests":[32.7,35.7,28.8,29.4,37.4],"ALNSIterations":[4278,4391,4256,4531,4117],"runId":["Run 1","Run 2","Run 3","Run 4","Run 5"]}