{"slackAfterALNS":0,"nInitialNotServicedExpectedRequests":[16,5,10,18,13],"averageObj":[5748.8022628971685,5122.481596221389,5617.141810631524,5447.691861955334,5427.848889818041],"slackBeforeALNS":0,"nInitialNotServicedFixedRequests":[0,0,0,0,0],"averageNotServicedExpectedRequests":[27.4,20.1,25.2,23.3,23.2],"ALNSIterations":[3840,3891,4047,4006,4125],"runId":["Run 1","Run 2","Run 3","Run 4","Run 5"]}