{"slackAfterALNS":0,"nInitialNotServicedExpectedRequests":[22,16,22,31,26],"averageObj":[6430.236529644252,6093.710221434373,6472.25032079549,6457.499384988126,5889.609626642692],"slackBeforeALNS":0,"nInitialNotServicedFixedRequests":[0,0,0,0,0],"averageNotServicedExpectedRequests":[35.3,31.4,35.2,36.0,28.8],"ALNSIterations":[3808,3961,3883,3758,3495],"runId":["Run 1","Run 2","Run 3","Run 4","Run 5"]}