{"slackAfterALNS":0,"nInitialNotServicedExpectedRequests":[21,25,15,20,21],"averageObj":[5826.137360289764,6078.59933960035,5928.9513309745,5957.866719760279,5845.947726732692],"slackBeforeALNS":0,"nInitialNotServicedFixedRequests":[0,0,0,0,0],"averageNotServicedExpectedRequests":[28.0,31.2,29.6,29.6,29.0],"ALNSIterations":[4125,4248,4141,4280,4263],"runId":["Run 1","Run 2","Run 3","Run 4","Run 5"]}