{"slackAfterALNS":0,"nInitialNotServicedExpectedRequests":[20,24,19,24,25],"averageObj":[5813.794596214318,6142.580185595371,6215.509131574714,6291.510259964601,6130.332146252838],"slackBeforeALNS":0,"nInitialNotServicedFixedRequests":[0,0,0,0,0],"averageNotServicedExpectedRequests":[29.2,32.5,33.1,33.7,32.4],"ALNSIterations":[4283,4172,3946,3845,4855],"runId":["Run 1","Run 2","Run 3","Run 4","Run 5"]}