{"slackAfterALNS":0,"nInitialNotServicedExpectedRequests":[8,10,8,9,8],"averageObj":[2317.98543004562,2347.097385531218,2118.7046434885956,2058.40782080473,3997.0478988389086],"slackBeforeALNS":0,"nInitialNotServicedFixedRequests":[0,0,0,0,1],"averageNotServicedExpectedRequests":[14.0,14.0,11.0,11.0,10.0],"ALNSIterations":[17293,22391,24601,14702,22095],"runId":["Run 1","Run 2","Run 3","Run 4","Run 5"]}