{"slackAfterALNS":0,"nInitialNotServicedExpectedRequests":[4,10,8,10,9],"averageObj":[2568.33789471029,2549.66917693885,2458.4813794021366,6463.848859047028,4549.698548331093],"slackBeforeALNS":0,"nInitialNotServicedFixedRequests":[0,0,0,2,1],"averageNotServicedExpectedRequests":[15.8,15.9,14.1,15.0,15.9],"ALNSIterations":[31873,22985,27408,18582,23420],"runId":["Run 1","Run 2","Run 3","Run 4","Run 5"]}