{"slackAfterALNS":0,"nInitialNotServicedExpectedRequests":[6,7,8,8,8],"averageObj":[2566.1773585686606,2487.0909611783927,2631.8160800106716,2324.963574437887,2532.398689944914],"slackBeforeALNS":0,"nInitialNotServicedFixedRequests":[0,0,0,0,0],"averageNotServicedExpectedRequests":[16.3,15.4,16.8,13.5,16.3],"ALNSIterations":[26949,23712,23366,27192,26915],"runId":["Run 1","Run 2","Run 3","Run 4","Run 5"]}