{"slackAfterALNS":0,"nInitialNotServicedExpectedRequests":[10,2,6,11,11],"averageObj":[4443.772472459905,4334.581894644223,2704.854478479994,2506.4141673200843,2652.3668115807923],"slackBeforeALNS":0,"nInitialNotServicedFixedRequests":[1,1,0,0,0],"averageNotServicedExpectedRequests":[15.3,13.7,18.1,15.5,17.5],"ALNSIterations":[24350,22117,22526,27887,28169],"runId":["Run 1","Run 2","Run 3","Run 4","Run 5"]}