{"slackAfterALNS":0,"nInitialNotServicedExpectedRequests":[12,12,8,11,11],"averageObj":[4962.201577279548,2508.3755663568454,2918.2716745307744,2750.8467429438233,2870.9547003558737],"slackBeforeALNS":0,"nInitialNotServicedFixedRequests":[1,0,0,0,0],"averageNotServicedExpectedRequests":[20.6,15.7,20.2,18.7,19.8],"ALNSIterations":[22070,27242,26936,27075,18214],"runId":["Run 1","Run 2","Run 3","Run 4","Run 5"]}