{"slackAfterALNS":0,"nInitialNotServicedExpectedRequests":[10,8,2,7,8],"averageObj":[8372.246584654164,2848.4115420228745,4362.556594882475,4429.867509159643,6331.47746173462],"slackBeforeALNS":0,"nInitialNotServicedFixedRequests":[3,0,1,1,2],"averageNotServicedExpectedRequests":[15.3,19.5,14.3,15.3,14.3],"ALNSIterations":[31350,31983,20922,33715,27660],"runId":["Run 1","Run 2","Run 3","Run 4","Run 5"]}