{"slackAfterALNS":0,"nInitialNotServicedExpectedRequests":[8,7,7,8,7],"averageObj":[2833.442040270784,3990.923823826374,2179.6755604441773,2091.4830390478887,2305.803927689216],"slackBeforeALNS":0,"nInitialNotServicedFixedRequests":[0,1,0,0,0],"averageNotServicedExpectedRequests":[19.0,10.0,12.0,11.0,13.0],"ALNSIterations":[19114,19137,23996,26406,23402],"runId":["Run 1","Run 2","Run 3","Run 4","Run 5"]}