{"slackAfterALNS":0,"nInitialNotServicedExpectedRequests":[12,16,16,19,19],"averageObj":[5499.600472079943,5376.061180728672,5858.01266168842,5506.300740954731,5727.922046970167],"slackBeforeALNS":0,"nInitialNotServicedFixedRequests":[0,0,0,0,0],"averageNotServicedExpectedRequests":[25.3,23.7,29.5,26.0,27.4],"ALNSIterations":[4309,4356,4011,4882,4923],"runId":["Run 1","Run 2","Run 3","Run 4","Run 5"]}