{"slackAfterALNS":0,"nInitialNotServicedExpectedRequests":[0,1,0,0,1],"averageObj":[1274.4117647058827,1282.8021978021973,1378.1862745098042,1309.8269859225747,1185.2307692307693],"slackBeforeALNS":0,"nInitialNotServicedFixedRequests":[0,0,0,0,0],"averageNotServicedExpectedRequests":[3.0,3.0,4.0,3.0,2.0],"ALNSIterations":[18718,18877,18401,18355,12031],"runId":["Run 1","Run 2","Run 3","Run 4","Run 5"]}