{"slackAfterALNS":0,"nInitialNotServicedExpectedRequests":[1,2,1,2,2],"averageObj":[1198.2918519978593,1187.922243713733,1221.6162102331475,1295.7391304347823,1276.5777136675079],"slackBeforeALNS":0,"nInitialNotServicedFixedRequests":[0,0,0,0,0],"averageNotServicedExpectedRequests":[2.0,2.0,2.0,3.0,3.0],"ALNSIterations":[20897,20199,20099,20239,25162],"runId":["Run 1","Run 2","Run 3","Run 4","Run 5"]}