{"slackAfterALNS":0,"nInitialNotServicedExpectedRequests":[2,2,1,2,2],"averageObj":[1644.9692278002094,1396.2183468705207,1362.5999999999992,1637.7651515151515,1185.219435736677],"slackBeforeALNS":0,"nInitialNotServicedFixedRequests":[0,0,0,0,0],"averageNotServicedExpectedRequests":[6.0,4.0,4.0,7.0,2.0],"ALNSIterations":[20559,21344,21404,20927,21211],"runId":["Run 1","Run 2","Run 3","Run 4","Run 5"]}