{"slackAfterALNS":0,"nInitialNotServicedExpectedRequests":[0,0,0,0,0],"averageObj":[1180.0,1191.1606632361347,1183.0303030303032,1009.0132943880569,1117.1123109231485],"slackBeforeALNS":0,"nInitialNotServicedFixedRequests":[0,0,0,0,0],"averageNotServicedExpectedRequests":[2.0,2.0,2.0,0.0,1.0],"ALNSIterations":[21943,21420,21837,21482,16910],"runId":["Run 1","Run 2","Run 3","Run 4","Run 5"]}