{"slackAfterALNS":0,"nInitialNotServicedExpectedRequests":[2,3,3,3,4],"averageObj":[1540.3626666985767,1581.480675253699,1524.9965907711628,1696.0564664403523,1718.8487379203038],"slackBeforeALNS":0,"nInitialNotServicedFixedRequests":[0,0,0,0,0],"averageNotServicedExpectedRequests":[5.0,6.0,5.0,7.0,7.0],"ALNSIterations":[22218,22032,21216,21949,14314],"runId":["Run 1","Run 2","Run 3","Run 4","Run 5"]}