{"slackAfterALNS":0,"nInitialNotServicedExpectedRequests":[1,2,1,1,1],"averageObj":[1500.2020405895853,1514.217310450689,1129.5462458798627,1590.8236655846088,1396.8917507478877],"slackBeforeALNS":0,"nInitialNotServicedFixedRequests":[0,0,0,0,0],"averageNotServicedExpectedRequests":[5.0,5.0,1.0,6.0,4.0],"ALNSIterations":[18365,18574,18808,19051,24276],"runId":["Run 1","Run 2","Run 3","Run 4","Run 5"]}