{"slackAfterALNS":0,"nInitialNotServicedExpectedRequests":[3,3,4,2,2],"averageObj":[1560.1241550415837,1484.027770661866,1943.8819774003773,1912.193917193917,1498.860037293702],"slackBeforeALNS":0,"nInitialNotServicedFixedRequests":[0,0,0,0,0],"averageNotServicedExpectedRequests":[6.0,5.0,10.0,10.0,5.0],"ALNSIterations":[20560,20467,21121,20746,18856],"runId":["Run 1","Run 2","Run 3","Run 4","Run 5"]}