{"slackAfterALNS":0,"nInitialNotServicedExpectedRequests":[2,1,1,1,1],"averageObj":[4426.64286197446,4431.191328828831,4367.7175607562485,4384.549228509771,4537.839249286006],"slackBeforeALNS":0,"nInitialNotServicedFixedRequests":[2,2,2,2,2],"averageNotServicedExpectedRequests":[2.6,2.7,1.9,2.2,3.9],"ALNSIterations":[537463,447251,509388,575993,563690],"runId":["Run 1","Run 2","Run 3","Run 4","Run 5"]}