{"slackAfterALNS":0,"nInitialNotServicedExpectedRequests":[1,1,1,3,2],"averageObj":[450.46866044494726,376.0597149185384,359.2607829728007,502.7267280386956,370.68653555647825],"slackBeforeALNS":0,"nInitialNotServicedFixedRequests":[0,0,0,0,0],"averageNotServicedExpectedRequests":[2.7,1.9,1.7,3.3,1.8],"ALNSIterations":[661266,903287,648602,758757,688816],"runId":["Run 1","Run 2","Run 3","Run 4","Run 5"]}