{"slackAfterALNS":0,"nInitialNotServicedExpectedRequests":[1,1,0,0,2],"averageObj":[427.28674894988507,478.23284710645396,466.16668492334003,475.57508673559687,477.07801133976255],"slackBeforeALNS":0,"nInitialNotServicedFixedRequests":[0,0,0,0,0],"averageNotServicedExpectedRequests":[2.3,3.0,2.9,3.0,3.0],"ALNSIterations":[821124,806740,595633,841117,739758],"runId":["Run 1","Run 2","Run 3","Run 4","Run 5"]}