{"slackAfterALNS":0,"nInitialNotServicedExpectedRequests":[1,3,1,2,1],"averageObj":[2446.998444068009,2480.910961718021,2460.045634920635,2381.0944300865,2479.0810019392375],"slackBeforeALNS":0,"nInitialNotServicedFixedRequests":[1,1,1,1,1],"averageNotServicedExpectedRequests":[2.8,3.1,2.9,1.9,3.1],"ALNSIterations":[697821,902409,887850,609153,600625],"runId":["Run 1","Run 2","Run 3","Run 4","Run 5"]}