{"slackAfterALNS":0,"nInitialNotServicedExpectedRequests":[23,26,24,18,21],"averageObj":[6816.872016283023,6846.686267648585,6805.6607542154,6274.2762114781535,6220.95218435603],"slackBeforeALNS":0,"nInitialNotServicedFixedRequests":[0,0,0,0,0],"averageNotServicedExpectedRequests":[37.0,38.0,38.0,31.0,30.0],"ALNSIterations":[5135,4739,3407,4156,3612],"runId":["Run 1","Run 2","Run 3","Run 4","Run 5"]}