{"slackAfterALNS":0,"nInitialNotServicedExpectedRequests":[16,10,13,12,18],"averageObj":[5648.256369106405,4876.758577050261,4813.511214818564,4694.781596940754,5237.915295533364],"slackBeforeALNS":0,"nInitialNotServicedFixedRequests":[0,0,0,0,0],"averageNotServicedExpectedRequests":[26.0,17.0,17.0,16.0,22.0],"ALNSIterations":[3441,3648,4343,4014,3533],"runId":["Run 1","Run 2","Run 3","Run 4","Run 5"]}