{"slackAfterALNS":0,"nInitialNotServicedExpectedRequests":[2,3,4,2,0],"averageObj":[3882.044191996888,4013.8888389356207,4151.118141027121,3628.676076340562,3409.8113710481985],"slackBeforeALNS":0,"nInitialNotServicedFixedRequests":[0,0,0,0,0],"averageNotServicedExpectedRequests":[9.0,10.0,12.0,6.0,3.0],"ALNSIterations":[2210,2198,2353,2319,2037],"runId":["Run 1","Run 2","Run 3","Run 4","Run 5"]}