{"slackAfterALNS":0,"nInitialNotServicedExpectedRequests":[1,0,1,1,1],"averageObj":[3286.2107573301882,3630.0409450641055,3093.0933540074334,3265.1727932442095,3697.4250429874446],"slackBeforeALNS":0,"nInitialNotServicedFixedRequests":[0,0,0,0,0],"averageNotServicedExpectedRequests":[2.0,6.0,0.0,2.0,7.0],"ALNSIterations":[2074,2241,2226,2267,1871],"runId":["Run 1","Run 2","Run 3","Run 4","Run 5"]}