ScenarioName,TotalCost,nTaxi
Gen_Data_300_1,6239.854486364089,3
Gen_Data_300_2,12331.205850969887,9
Gen_Data_300_3,7365.631897024807,4
Gen_Data_300_4,6313.746145639372,3
Gen_Data_300_5,6529.472230206593,3
Gen_Data_300_6,9325.612646225087,6
Gen_Data_300_7,7275.730143645214,4
Gen_Data_300_8,7230.155452944569,4
Gen_Data_300_9,7227.85181912259,4
Gen_Data_300_10,10385.902994207685,7
