{"slackAfterALNS":0,"nInitialNotServicedExpectedRequests":[16,13,20,22,22],"averageObj":[6012.144443702007,6035.960787354976,6393.285959987121,6332.693979289389,5817.531378298065],"slackBeforeALNS":0,"nInitialNotServicedFixedRequests":[0,0,0,0,0],"averageNotServicedExpectedRequests":[29.2,29.7,34.1,33.0,26.9],"ALNSIterations":[4499,4675,4522,4588,4558],"runId":["Run 1","Run 2","Run 3","Run 4","Run 5"]}