{"slackAfterALNS":0,"nInitialNotServicedExpectedRequests":[25,23,24,25,20],"averageObj":[6113.570593840913,6507.47873814501,6829.808875555389,6233.641962086593,6390.269842447949],"slackBeforeALNS":0,"nInitialNotServicedFixedRequests":[0,0,0,0,0],"averageNotServicedExpectedRequests":[31.7,35.5,39.3,33.1,34.7],"ALNSIterations":[4149,4922,4374,4565,3497],"runId":["Run 1","Run 2","Run 3","Run 4","Run 5"]}