{"slackAfterALNS":0,"nInitialNotServicedExpectedRequests":[19,16,16,20,14],"averageObj":[6083.249769805009,5914.812231951719,6035.941877633826,5908.342039205327,5630.638773880875],"slackBeforeALNS":0,"nInitialNotServicedFixedRequests":[0,0,0,0,0],"averageNotServicedExpectedRequests":[30.6,27.8,29.9,29.0,25.6],"ALNSIterations":[4483,4840,5008,4582,5817],"runId":["Run 1","Run 2","Run 3","Run 4","Run 5"]}