{"slackAfterALNS":0,"nInitialNotServicedExpectedRequests":[20,20,15,19,17],"averageObj":[5620.251603511005,5956.353175812309,5499.337421558233,6167.35107172437,6336.191229486756],"slackBeforeALNS":0,"nInitialNotServicedFixedRequests":[0,0,0,0,0],"averageNotServicedExpectedRequests":[25.8,29.8,24.0,32.4,33.5],"ALNSIterations":[4511,4761,5502,4816,4974],"runId":["Run 1","Run 2","Run 3","Run 4","Run 5"]}