{"slackAfterALNS":0,"nInitialNotServicedExpectedRequests":[8,7,6,5,9,8,6,7,2,7],"averageObj":[4146.211934092838,3964.8809911236285,4211.5451836807315,4035.852845268859,4024.122442589168,3891.683098424769,4092.8509510308977,4312.714943096755,3754.375953817636,3952.885831009091],"slackBeforeALNS":0,"nInitialNotServicedFixedRequests":[0,0,0,0,0,0,0,0,0,0],"averageNotServicedExpectedRequests":[17.6,15.7,18.3,16.7,16.0,14.9,17.0,19.8,13.4,15.6],"runId":["Run 1","Run 2","Run 3","Run 4","Run 5","Run 6","Run 7","Run 8","Run 9","Run 10"]}