{"slackAfterALNS":0,"nInitialNotServicedExpectedRequests":[10,6,12,7,7,4,10,13,10,11],"averageObj":[5966.076370395123,5682.204849847535,6115.184682184476,5616.193918042361,5794.759977530804,5961.887928904342,6134.465842324294,6088.546030915108,5707.340697279047,5854.916534630838],"slackBeforeALNS":0,"nInitialNotServicedFixedRequests":[1,1,1,1,1,1,1,1,1,1],"averageNotServicedExpectedRequests":[16.2,13.2,18.0,12.3,13.9,16.2,18.2,17.7,13.5,14.7],"runId":["Run 1","Run 2","Run 3","Run 4","Run 5","Run 6","Run 7","Run 8","Run 9","Run 10"]}