{"slackAfterALNS":0,"nInitialNotServicedExpectedRequests":[23,25,30,22,22],"averageObj":[6301.530275895863,6386.89681525107,6638.557502303391,6226.799949468287,6342.48692073925],"slackBeforeALNS":0,"nInitialNotServicedFixedRequests":[0,0,0,0,0],"averageNotServicedExpectedRequests":[34.0,35.0,38.0,33.0,34.0],"ALNSIterations":[4843,4756,4421,4169,5344],"runId":["Run 1","Run 2","Run 3","Run 4","Run 5"]}