{"slackAfterALNS":0,"nInitialNotServicedExpectedRequests":[17,14,20,20,22],"averageObj":[5427.37106609036,5869.076968889831,4668.358879798324,6121.717776933628,5923.277660175415],"slackBeforeALNS":0,"nInitialNotServicedFixedRequests":[0,0,0,0,0],"averageNotServicedExpectedRequests":[25.0,30.0,16.0,33.0,30.0],"ALNSIterations":[4514,5703,4854,4749,3699],"runId":["Run 1","Run 2","Run 3","Run 4","Run 5"]}