{"slackAfterALNS":0,"nInitialNotServicedExpectedRequests":[15,13,17,19,12],"averageObj":[5633.885421117934,4795.334354196581,5156.742416892675,5846.392795298061,4998.958081057624],"slackBeforeALNS":0,"nInitialNotServicedFixedRequests":[0,0,0,0,0],"averageNotServicedExpectedRequests":[26.0,18.0,21.0,29.0,18.0],"ALNSIterations":[4328,5251,5206,4600,5432],"runId":["Run 1","Run 2","Run 3","Run 4","Run 5"]}