{"slackAfterALNS":0,"nInitialNotServicedExpectedRequests":[22,22,23,21,22],"averageObj":[5688.893496398921,5604.952354418494,6104.128359203633,5482.627900189422,5454.898453960878],"slackBeforeALNS":0,"nInitialNotServicedFixedRequests":[0,0,0,0,0],"averageNotServicedExpectedRequests":[27.0,26.0,30.0,24.0,23.0],"ALNSIterations":[4798,4236,4873,4800,3334],"runId":["Run 1","Run 2","Run 3","Run 4","Run 5"]}