{"slackAfterALNS":0,"nInitialNotServicedExpectedRequests":[28,21,28,23,22],"averageObj":[7050.124511563145,6445.908054490544,6820.819417961715,6702.2934497761435,6444.123808713506],"slackBeforeALNS":0,"nInitialNotServicedFixedRequests":[0,0,0,0,0],"averageNotServicedExpectedRequests":[40.0,34.0,38.0,36.0,35.0],"ALNSIterations":[4337,4016,3843,4165,5212],"runId":["Run 1","Run 2","Run 3","Run 4","Run 5"]}