{"slackAfterALNS":0,"nInitialNotServicedExpectedRequests":[14,10,15,15,17],"averageObj":[5570.800052330002,4807.289259348268,5507.29089911191,5830.657278372973,5696.829411698768],"slackBeforeALNS":0,"nInitialNotServicedFixedRequests":[0,0,0,0,0],"averageNotServicedExpectedRequests":[24.0,16.0,23.0,29.0,27.0],"ALNSIterations":[5269,4624,4768,4721,5803],"runId":["Run 1","Run 2","Run 3","Run 4","Run 5"]}