{"slackAfterALNS":0,"nInitialNotServicedExpectedRequests":[18,17,14,16,18],"averageObj":[5629.622897576252,5990.828198301206,4999.959257050664,5032.703491932875,4914.112245559396],"slackBeforeALNS":0,"nInitialNotServicedFixedRequests":[0,0,0,0,0],"averageNotServicedExpectedRequests":[26.0,31.0,20.0,20.0,19.0],"ALNSIterations":[4562,4848,4280,5041,3389],"runId":["Run 1","Run 2","Run 3","Run 4","Run 5"]}