{"slackAfterALNS":0,"nInitialNotServicedExpectedRequests":[11,14,12,16,17],"averageObj":[5533.151650199748,4917.623672258079,5274.662733078046,5742.061438516216,5238.217211422562],"slackBeforeALNS":0,"nInitialNotServicedFixedRequests":[0,0,0,0,0],"averageNotServicedExpectedRequests":[25.0,18.0,22.0,27.0,21.0],"ALNSIterations":[4035,4101,4924,4675,5685],"runId":["Run 1","Run 2","Run 3","Run 4","Run 5"]}