{"slackAfterALNS":0,"nInitialNotServicedExpectedRequests":[21,21,20,18,20],"averageObj":[5229.068891648066,5691.555203530653,6251.46367330494,6201.647642825539,6267.339067218255],"slackBeforeALNS":0,"nInitialNotServicedFixedRequests":[0,0,0,0,0],"averageNotServicedExpectedRequests":[23.0,28.0,33.0,32.0,34.0],"ALNSIterations":[5199,4768,5114,5370,3612],"runId":["Run 1","Run 2","Run 3","Run 4","Run 5"]}