{"slackAfterALNS":0,"nInitialNotServicedExpectedRequests":[16,18,14,16,14],"averageObj":[5458.563386846593,6150.1849347865855,5182.711773461851,5251.972941900976,5579.000568210081],"slackBeforeALNS":0,"nInitialNotServicedFixedRequests":[0,0,0,0,0],"averageNotServicedExpectedRequests":[23.0,31.0,19.0,21.0,25.0],"ALNSIterations":[5002,4840,5043,4976,5603],"runId":["Run 1","Run 2","Run 3","Run 4","Run 5"]}