{"slackAfterALNS":0,"nInitialNotServicedExpectedRequests":[6,7,5,13,7],"averageObj":[4521.733635383296,2600.96268867957,2710.0486833248538,2909.193884090552,2625.324272591202],"slackBeforeALNS":0,"nInitialNotServicedFixedRequests":[1,0,0,0,0],"averageNotServicedExpectedRequests":[15.9,16.7,18.2,20.1,17.2],"ALNSIterations":[30635,29696,33885,33849,31326],"runId":["Run 1","Run 2","Run 3","Run 4","Run 5"]}