{"slackAfterALNS":0,"nInitialNotServicedExpectedRequests":[7,13,7,7,10],"averageObj":[6615.555604381125,2729.9845446444756,2789.4444017735455,2713.493916166344,2661.553314692238],"slackBeforeALNS":0,"nInitialNotServicedFixedRequests":[2,0,0,0,0],"averageNotServicedExpectedRequests":[17.1,18.0,18.8,18.1,17.7],"ALNSIterations":[32318,31408,32456,32233,31740],"runId":["Run 1","Run 2","Run 3","Run 4","Run 5"]}