{"slackAfterALNS":0,"nInitialNotServicedExpectedRequests":[16,17,17,13,14],"averageObj":[5345.521591443864,5829.896505799685,5723.873404112095,5602.615479120771,5489.046827724568],"slackBeforeALNS":0,"nInitialNotServicedFixedRequests":[0,0,0,0,0],"averageNotServicedExpectedRequests":[23.8,28.8,27.6,26.1,24.9],"ALNSIterations":[4528,4770,4592,4611,4409],"runId":["Run 1","Run 2","Run 3","Run 4","Run 5"]}