{"slackAfterALNS":0,"nInitialNotServicedExpectedRequests":[16,22,21,23,26],"averageObj":[6012.256954812871,6270.565296304091,6665.782472220506,5917.818353291475,5925.019262933492],"slackBeforeALNS":0,"nInitialNotServicedFixedRequests":[0,0,0,0,0],"averageNotServicedExpectedRequests":[30.3,34.2,38.2,29.5,29.5],"ALNSIterations":[4754,5004,4411,4688,4637],"runId":["Run 1","Run 2","Run 3","Run 4","Run 5"]}