{"slackAfterALNS":0,"nInitialNotServicedExpectedRequests":[19,19,15,18,18],"averageObj":[6075.600534627085,5928.574268425195,5990.198170811444,6573.960595332831,5845.015220171788],"slackBeforeALNS":0,"nInitialNotServicedFixedRequests":[0,0,0,0,0],"averageNotServicedExpectedRequests":[30.3,28.0,28.9,35.1,26.4],"ALNSIterations":[4223,4156,4178,4566,4353],"runId":["Run 1","Run 2","Run 3","Run 4","Run 5"]}