{"slackAfterALNS":0,"nInitialNotServicedExpectedRequests":[17,12,14,17,20],"averageObj":[5843.234438395863,5808.3663944059435,6082.972840738685,5600.335848202604,5886.714636908901],"slackBeforeALNS":0,"nInitialNotServicedFixedRequests":[0,0,0,0,0],"averageNotServicedExpectedRequests":[28.5,28.4,31.2,26.0,29.3],"ALNSIterations":[4157,4625,4684,4493,4635],"runId":["Run 1","Run 2","Run 3","Run 4","Run 5"]}