{"slackAfterALNS":0,"nInitialNotServicedExpectedRequests":[13,14,13,10,13],"averageObj":[5779.935764269408,5389.0501418920985,5744.480311831879,5562.125897969116,5422.251561537257],"slackBeforeALNS":0,"nInitialNotServicedFixedRequests":[0,0,0,0,0],"averageNotServicedExpectedRequests":[26.9,23.3,27.6,25.0,22.9],"ALNSIterations":[4169,4301,4608,4462,4186],"runId":["Run 1","Run 2","Run 3","Run 4","Run 5"]}