{"slackAfterALNS":0,"nInitialNotServicedExpectedRequests":[8,6,7,7,6],"averageObj":[2333.986276084114,2324.2315331825853,2119.4884451556004,2490.798564747834,2132.7967004721536],"slackBeforeALNS":0,"nInitialNotServicedFixedRequests":[0,0,0,0,0],"averageNotServicedExpectedRequests":[14.0,14.0,12.0,16.0,12.0],"ALNSIterations":[21375,20752,22028,21630,22469],"runId":["Run 1","Run 2","Run 3","Run 4","Run 5"]}