{"slackAfterALNS":0,"nInitialNotServicedExpectedRequests":[10,10,13,8,8],"averageObj":[4432.546529166228,4138.519981173231,4589.586872583052,4161.732751061069,4340.173920850392],"slackBeforeALNS":0,"nInitialNotServicedFixedRequests":[1,1,1,1,1],"averageNotServicedExpectedRequests":[15.0,12.0,17.0,12.0,14.0],"ALNSIterations":[18595,17130,18520,16351,16357],"runId":["Run 1","Run 2","Run 3","Run 4","Run 5"]}