{"slackAfterALNS":0,"nInitialNotServicedExpectedRequests":[2,3,3,3,3],"averageObj":[3373.268310064742,3123.989173279841,3461.6959099156165,3220.007218432489,3154.3913234741835],"slackBeforeALNS":0,"nInitialNotServicedFixedRequests":[0,0,0,0,0],"averageNotServicedExpectedRequests":[4.0,1.0,4.0,2.0,1.0],"ALNSIterations":[1931,2069,2098,2035,2291],"runId":["Run 1","Run 2","Run 3","Run 4","Run 5"]}