{"slackAfterALNS":0,"nInitialNotServicedExpectedRequests":[3,1,2,2,2],"averageObj":[3253.6706757269853,3405.274670806438,3429.524530356245,3543.136486238458,4028.1244338733077],"slackBeforeALNS":0,"nInitialNotServicedFixedRequests":[0,0,0,0,0],"averageNotServicedExpectedRequests":[2.0,4.0,4.0,5.0,10.0],"ALNSIterations":[1965,1980,1989,1990,1794],"runId":["Run 1","Run 2","Run 3","Run 4","Run 5"]}