{"slackAfterALNS":0,"nInitialNotServicedExpectedRequests":[15,15,18,17,18],"averageObj":[2937.1464849516556,4834.09076036015,2857.3930902744983,2935.6540050642566,2959.524193973416],"slackBeforeALNS":0,"nInitialNotServicedFixedRequests":[0,1,0,0,0],"averageNotServicedExpectedRequests":[20.0,19.0,19.0,20.0,20.0],"ALNSIterations":[2423,1557,1620,2587,1448],"runId":["Run 1","Run 2","Run 3","Run 4","Run 5"]}