{"slackAfterALNS":0,"nInitialNotServicedExpectedRequests":[18,16,16,15,13],"averageObj":[2793.2456359675534,2823.3725526833477,3204.3471601241113,6473.049830702201,2720.020724145889],"slackBeforeALNS":0,"nInitialNotServicedFixedRequests":[0,0,0,2,0],"averageNotServicedExpectedRequests":[19.0,19.0,22.0,15.0,18.0],"ALNSIterations":[1862,1843,1858,1718,2200],"runId":["Run 1","Run 2","Run 3","Run 4","Run 5"]}