{"slackAfterALNS":0,"nInitialNotServicedExpectedRequests":[13,11,13,12,13],"averageObj":[2400.466483671902,2611.7740730235537,2573.161569257988,2506.2017665853828,2581.001760259962],"slackBeforeALNS":0,"nInitialNotServicedFixedRequests":[0,0,0,0,0],"averageNotServicedExpectedRequests":[15.0,17.0,17.0,16.0,17.0],"ALNSIterations":[1508,1732,2242,2075,2682],"runId":["Run 1","Run 2","Run 3","Run 4","Run 5"]}