{"slackAfterALNS":0,"nInitialNotServicedExpectedRequests":[13,11,11,13,13],"averageObj":[2797.8671418178487,2643.1849853896233,2462.3256236256602,2538.404057096351,2576.4041395551862],"slackBeforeALNS":0,"nInitialNotServicedFixedRequests":[0,0,0,0,0],"averageNotServicedExpectedRequests":[19.0,17.0,15.0,15.0,16.0],"ALNSIterations":[2212,2282,1887,1380,2242],"runId":["Run 1","Run 2","Run 3","Run 4","Run 5"]}