{"slackAfterALNS":0,"nInitialNotServicedExpectedRequests":[14,14,15,15,15],"averageObj":[2493.6592394533554,2925.9994633273704,2846.9648196660573,2913.9783125371364,2761.2889914463094],"slackBeforeALNS":0,"nInitialNotServicedFixedRequests":[0,0,0,0,0],"averageNotServicedExpectedRequests":[16.0,21.0,20.0,21.0,19.0],"ALNSIterations":[1121,2337,1259,1677,1872],"runId":["Run 1","Run 2","Run 3","Run 4","Run 5"]}