{"slackAfterALNS":0,"nInitialNotServicedExpectedRequests":[14,13,18,13,13],"averageObj":[2477.7218560767915,2437.150904569549,2609.3102076864566,4381.362235803413,2488.9067837867483],"slackBeforeALNS":0,"nInitialNotServicedFixedRequests":[0,0,0,1,0],"averageNotServicedExpectedRequests":[16.0,15.0,17.0,15.0,16.0],"ALNSIterations":[2150,2416,1779,2190,2635],"runId":["Run 1","Run 2","Run 3","Run 4","Run 5"]}