{"slackAfterALNS":0,"nInitialNotServicedExpectedRequests":[12,10,11,11,11],"averageObj":[2275.0923266715877,2759.377949099672,2361.094007759449,2368.9606922554635,2389.0589954214547],"slackBeforeALNS":0,"nInitialNotServicedFixedRequests":[0,0,0,0,0],"averageNotServicedExpectedRequests":[13.0,19.0,14.0,14.0,15.0],"ALNSIterations":[2553,1924,2184,1992,2085],"runId":["Run 1","Run 2","Run 3","Run 4","Run 5"]}