{"slackAfterALNS":0,"nInitialNotServicedExpectedRequests":[15,19,18,15,14],"averageObj":[4846.409309640717,2795.880062969208,2973.639042211905,4948.374212637921,4455.700060852548],"slackBeforeALNS":0,"nInitialNotServicedFixedRequests":[1,0,0,1,1],"averageNotServicedExpectedRequests":[19.0,19.0,21.0,21.0,15.0],"ALNSIterations":[1390,1814,2438,2063,1785],"runId":["Run 1","Run 2","Run 3","Run 4","Run 5"]}