{"slackAfterALNS":0,"nInitialNotServicedExpectedRequests":[11,10,13,12,12],"averageObj":[2575.398244958298,2407.473040093183,2651.5971806423327,2068.0265134743017,2419.1267332824136],"slackBeforeALNS":0,"nInitialNotServicedFixedRequests":[0,0,0,0,0],"averageNotServicedExpectedRequests":[17.0,15.0,17.0,11.0,15.0],"ALNSIterations":[2606,2747,2776,2723,1675],"runId":["Run 1","Run 2","Run 3","Run 4","Run 5"]}