{"slackAfterALNS":0,"nInitialNotServicedExpectedRequests":[15,15,15,18,17],"averageObj":[2656.817931070443,2824.119769119768,2605.3525835116075,2849.145572100314,2571.5096780614012],"slackBeforeALNS":0,"nInitialNotServicedFixedRequests":[0,0,0,0,0],"averageNotServicedExpectedRequests":[18.0,20.0,17.0,20.0,17.0],"ALNSIterations":[1845,2042,2334,2209,1843],"runId":["Run 1","Run 2","Run 3","Run 4","Run 5"]}