{"slackAfterALNS":0,"nInitialNotServicedExpectedRequests":[17,19,15,23,18,18,16,14,20,17],"averageObj":[30863.840725420905,30866.851251951866,30872.114307058182,30883.087736374837,30872.361490399013,28903.531063604976,30863.449470395874,28911.917919794643,28909.1162538017,30876.375762601616],"slackBeforeALNS":0,"nInitialNotServicedFixedRequests":[15,15,15,15,15,14,15,14,14,15],"averageNotServicedExpectedRequests":[16.3,18.1,18.3,19.2,17.0,16.2,19.5,17.0,19.0,15.9],"runId":["Run 1","Run 2","Run 3","Run 4","Run 5","Run 6","Run 7","Run 8","Run 9","Run 10"]}