{"slackAfterALNS":0,"nInitialNotServicedExpectedRequests":[18,23,21,12,23,17,17,23,19,24],"averageObj":[20953.699742599463,20954.513874819928,20967.578385455643,22928.924620279453,20955.97457276102,20971.80055985357,20969.572753614797,22948.917654185854,22965.192673680798,20958.864097349324],"slackBeforeALNS":0,"nInitialNotServicedFixedRequests":[10,10,10,11,10,10,10,11,11,10],"averageNotServicedExpectedRequests":[21.4,17.3,19.7,20.0,16.8,17.9,20.0,18.2,19.2,19.2],"runId":["Run 1","Run 2","Run 3","Run 4","Run 5","Run 6","Run 7","Run 8","Run 9","Run 10"]}