{
    "slackAfterALNS": 0,
    "nInitialNotServicedExpectedRequests": [
        14,
        18,
        12,
        15,
        13,
        15,
        21,
        16,
        18,
        16
    ],
    "averageObj": [
        36861.60393878742,
        38831.911059917256,
        36851.64532336758,
        36849.04023641212,
        36854.76490354624,
        36856.33597794926,
        38842.21099717852,
        36867.41775355418,
        36848.77028904265,
        36889.58097143947
    ],
    "slackBeforeALNS": 0,
    "nInitialNotServicedFixedRequests": [
        18,
        19,
        18,
        18,
        18,
        18,
        19,
        18,
        18,
        18
    ],
    "averageNotServicedExpectedRequests": [
        16.2,
        16.0,
        13.7,
        17.8,
        14.6,
        18.1,
        15.7,
        15.9,
        16.0,
        16.5
    ],
    "runId": [
        "Run 1",
        "Run 2",
        "Run 3",
        "Run 4",
        "Run 5",
        "Run 6",
        "Run 7",
        "Run 8",
        "Run 9",
        "Run 10"
    ]
}