{"slackAfterALNS":0,"nInitialNotServicedExpectedRequests":[22,22,22,23,23,21,23,17,19,19],"averageObj":[26933.355122378765,28884.697619199345,28896.935114326858,28876.37387384938,28905.765019381528,26915.95434250065,28882.397663479256,28881.07098586246,28893.342567326377,28871.421163304716],"slackBeforeALNS":0,"nInitialNotServicedFixedRequests":[13,14,14,14,14,13,14,14,14,14],"averageNotServicedExpectedRequests":[20.4,21.0,20.0,19.7,18.8,20.0,21.7,18.0,19.6,21.4],"runId":["Run 1","Run 2","Run 3","Run 4","Run 5","Run 6","Run 7","Run 8","Run 9","Run 10"]}