{"slackAfterALNS":0,"nInitialNotServicedExpectedRequests":[19,21,13,20,18,21,19,19,22,22],"averageObj":[30876.016963486654,32867.80745146416,32864.90480888592,32880.152453069575,30887.019451515684,32864.17515156451,32863.96894686202,32872.35815018679,30869.66755337628,32868.02836734986],"slackBeforeALNS":0,"nInitialNotServicedFixedRequests":[15,16,16,16,15,16,16,16,15,16],"averageNotServicedExpectedRequests":[18.8,18.9,19.3,19.4,17.4,18.3,19.3,18.4,20.0,20.8],"runId":["Run 1","Run 2","Run 3","Run 4","Run 5","Run 6","Run 7","Run 8","Run 9","Run 10"]}