{"slackAfterALNS":0,"nInitialNotServicedExpectedRequests":[9,10,11,6,10],"averageObj":[12256.383738355751,14299.318961047287,26345.065587634257,11610.430226248429,15073.053679803736],"slackBeforeALNS":0,"nInitialNotServicedFixedRequests":[2,3,9,2,3],"averageNotServicedExpectedRequests":[31.0,32.0,32.0,23.0,40.0],"ALNSIterations":[673,611,639,675,655],"runId":["Run 1","Run 2","Run 3","Run 4","Run 5"]}