{"slackAfterALNS":0,"nInitialNotServicedExpectedRequests":[7,10,1,6,5],"averageObj":[10838.970615808586,8876.646461502934,12392.255145237781,16858.328003432343,14695.186338576972],"slackBeforeALNS":0,"nInitialNotServicedFixedRequests":[1,0,2,4,3],"averageNotServicedExpectedRequests":[36.1,36.9,30.4,36.0,34.6],"ALNSIterations":[1001,1010,1016,973,1023],"runId":["Run 1","Run 2","Run 3","Run 4","Run 5"]}