{"slackAfterALNS":0,"nInitialNotServicedExpectedRequests":[7,12,14,5,11],"averageObj":[20610.052908821883,15071.733124118531,14674.725401887612,15175.24611632567,20774.77102232618],"slackBeforeALNS":0,"nInitialNotServicedFixedRequests":[6,3,3,3,6],"averageNotServicedExpectedRequests":[34.7,38.5,34.8,39.8,36.9],"ALNSIterations":[993,1001,1030,987,981],"runId":["Run 1","Run 2","Run 3","Run 4","Run 5"]}