{"slackAfterALNS":0,"nInitialNotServicedExpectedRequests":[22,9,22,11,12],"averageObj":[20855.41016882719,17917.692159303475,24703.36501985351,18983.38189072556,27452.469564570136],"slackBeforeALNS":0,"nInitialNotServicedFixedRequests":[6,4,8,5,9],"averageNotServicedExpectedRequests":[34.7,48.5,35.7,37.5,44.3],"ALNSIterations":[1057,1024,1017,972,996],"runId":["Run 1","Run 2","Run 3","Run 4","Run 5"]}