{"slackAfterALNS":0,"nInitialNotServicedExpectedRequests":[20,36,23,23,21],"averageObj":[5293.005312778858,8244.223007956572,7311.753228729942,9787.210291741825,11630.418048024005],"slackBeforeALNS":0,"nInitialNotServicedFixedRequests":[0,1,1,2,3],"averageNotServicedExpectedRequests":[23.0,33.0,22.0,27.0,26.0],"ALNSIterations":[205,232,240,238,233],"runId":["Run 1","Run 2","Run 3","Run 4","Run 5"]}