{"slackAfterALNS":0,"nInitialNotServicedExpectedRequests":[23,18,29,27,29],"averageObj":[5023.356177484769,5442.653152962114,5757.022973581136,6503.37626563634,5787.630665465739],"slackBeforeALNS":0,"nInitialNotServicedFixedRequests":[0,0,0,0,0],"averageNotServicedExpectedRequests":[20.0,24.0,29.0,37.0,29.0],"ALNSIterations":[241,271,261,239,248],"runId":["Run 1","Run 2","Run 3","Run 4","Run 5"]}