{"slackAfterALNS":0,"nInitialNotServicedExpectedRequests":[29,42,36,30,41],"averageObj":[8724.243114199182,7769.069127883815,8238.430800923948,6415.487292303603,6993.196134321806],"slackBeforeALNS":0,"nInitialNotServicedFixedRequests":[1,0,1,0,0],"averageNotServicedExpectedRequests":[37.0,48.0,30.0,33.0,40.0],"ALNSIterations":[189,217,209,207,208],"runId":["Run 1","Run 2","Run 3","Run 4","Run 5"]}