{"slackAfterALNS":0,"nInitialNotServicedExpectedRequests":[24,28,31,30,32],"averageObj":[5648.079761468026,5474.558805752842,6083.578676765815,6142.529540408458,5440.8476296379],"slackBeforeALNS":0,"nInitialNotServicedFixedRequests":[0,0,0,0,0],"averageNotServicedExpectedRequests":[26.0,25.0,31.0,32.0,24.0],"ALNSIterations":[185,229,235,233,244],"runId":["Run 1","Run 2","Run 3","Run 4","Run 5"]}