{"slackAfterALNS":0,"nInitialNotServicedExpectedRequests":[34,43,33,39,43],"averageObj":[6479.235422347715,6641.535661649787,6529.416554937226,6820.285306133039,7175.088389958119],"slackBeforeALNS":0,"nInitialNotServicedFixedRequests":[0,0,0,0,0],"averageNotServicedExpectedRequests":[35.0,38.0,36.0,39.0,44.0],"ALNSIterations":[225,253,266,215,237],"runId":["Run 1","Run 2","Run 3","Run 4","Run 5"]}