{"slackAfterALNS":0,"nInitialNotServicedExpectedRequests":[26,33,29,32,25],"averageObj":[5944.38285193446,6624.179714041946,6557.539820839926,6111.5943804399,6438.447811904683],"slackBeforeALNS":0,"nInitialNotServicedFixedRequests":[0,0,0,0,0],"averageNotServicedExpectedRequests":[28.0,36.0,35.0,30.0,33.0],"ALNSIterations":[257,225,247,240,249],"runId":["Run 1","Run 2","Run 3","Run 4","Run 5"]}