{"slackAfterALNS":0,"nInitialNotServicedExpectedRequests":[28,31,38,30,33],"averageObj":[5811.4707663530435,6489.523258095052,6328.1305565916355,6360.380734060084,6255.581271634423],"slackBeforeALNS":0,"nInitialNotServicedFixedRequests":[0,0,0,0,0],"averageNotServicedExpectedRequests":[28.0,35.0,34.0,35.0,34.0],"ALNSIterations":[212,226,217,233,224],"runId":["Run 1","Run 2","Run 3","Run 4","Run 5"]}