{"slackAfterALNS":0,"nInitialNotServicedExpectedRequests":[31,33,30,28,29],"averageObj":[6193.608233221887,6458.002874619423,6341.105374370035,6173.105696612521,6146.232699067271],"slackBeforeALNS":0,"nInitialNotServicedFixedRequests":[0,0,0,0,0],"averageNotServicedExpectedRequests":[34.0,35.0,35.0,33.0,33.0],"ALNSIterations":[270,267,257,258,248],"runId":["Run 1","Run 2","Run 3","Run 4","Run 5"]}