{"slackAfterALNS":0,"nInitialNotServicedExpectedRequests":[32,34,31,27,37],"averageObj":[6093.207968464222,6066.193251158439,7931.738998909874,7961.16935699104,7015.1600067573145],"slackBeforeALNS":0,"nInitialNotServicedFixedRequests":[0,0,1,1,0],"averageNotServicedExpectedRequests":[30.0,30.0,28.0,27.0,40.0],"ALNSIterations":[230,241,219,242,233],"runId":["Run 1","Run 2","Run 3","Run 4","Run 5"]}