{"slackAfterALNS":0,"nInitialNotServicedExpectedRequests":[31,36,30,31,31],"averageObj":[6272.5454611028845,6919.95722996563,6017.776866144575,5807.0571398318225,6544.838054023779],"slackBeforeALNS":0,"nInitialNotServicedFixedRequests":[0,0,0,0,0],"averageNotServicedExpectedRequests":[33.0,41.0,31.0,29.0,37.0],"ALNSIterations":[271,251,250,249,257],"runId":["Run 1","Run 2","Run 3","Run 4","Run 5"]}