id,pickup_latitude,pickup_longitude,dropoff_latitude,dropoff_longitude,request_type,request_time,mobility_type,call_time,direct_drive_time
1,59.972398033039575,11.18676067102984,59.90203175991026,11.029340015469428,1,469,WALKING,0,0
2,60.42658034141971,11.130539008329691,60.04276430616889,11.422891654370455,0,870,WALKING,0,0
3,59.51821572465944,10.579566713868257,59.72931454404739,11.085561678169574,1,1065,WALKING,0,0
4,59.806077751097554,11.524090647230718,59.93401642951449,11.625289640090982,0,926,WALKING,0,0
5,59.78688694933501,11.434135986910483,59.83166548678094,11.467868984530572,1,896,WALKING,0,0
6,60.04916124008974,11.130539008329691,59.991588834802116,11.242982333729985,1,942,WALKING,0,0
7,60.100336711456514,11.242982333729985,60.31143553084446,11.411647321830426,0,818,WALKING,0,0
8,60.3434202004487,11.703999967871187,60.31143553084446,11.625289640090982,1,1117,WALKING,0,0
9,60.3434202004487,11.265470998810043,60.157909116744136,11.321692661510191,0,1356,WALKING,0,0
10,59.65255133699723,11.063073013089516,59.63975746915553,10.781964699588784,1,1123,WALKING,0,0
11,59.953207231277034,11.647778305171041,60.08114590969397,11.670266970251099,1,876,WALKING,0,0
12,60.02357350440635,10.995607017849341,59.870047090306024,10.973118352769282,1,1104,WALKING,0,0
13,59.58858199778876,10.736987369428666,59.55659732818452,10.826942029748901,0,970,WALKING,557,0
14,59.85725322246433,10.849430694828959,60.432977275340555,11.074317345629545,0,921,WALKING,431,0
15,60.0299704383272,10.86067502736899,60.305038596923616,11.16427200594978,1,911,WALKING,573,0
16,59.99798576872296,11.276715331350074,60.02357350440635,10.66952137418849,0,905,WALKING,640,0
17,59.972398033039575,10.883163692449047,59.95960416519788,11.602800975010924,0,551,WALKING,397,0
18,60.285847795161075,10.961874020229253,60.31143553084446,11.33293699405022,0,1212,WALKING,547,0
19,60.29864166300277,10.961874020229253,60.37540487005293,11.366669991670308,0,745,WALKING,426,0
20,59.94681029735619,10.410901725767816,59.9212225616728,10.377168728147728,0,611,WALKING,461,0
