{"slackAfterALNS":0,"nInitialNotServicedExpectedRequests":[16,18,15,12,12],"averageObj":[5471.872706529041,5583.877800741738,5351.083010384101,5814.973504530646,5576.323014565713],"slackBeforeALNS":0,"nInitialNotServicedFixedRequests":[0,0,0,0,0],"averageNotServicedExpectedRequests":[24.0,25.3,22.8,27.2,25.9],"ALNSIterations":[3958,4670,4234,4567,4799],"runId":["Run 1","Run 2","Run 3","Run 4","Run 5"]}