{"slackAfterALNS":0,"nInitialNotServicedExpectedRequests":[16,24,24,22,20],"averageObj":[5631.1141746802705,5904.563573007794,6646.939585399258,6347.137774968733,6294.087991211198],"slackBeforeALNS":0,"nInitialNotServicedFixedRequests":[0,0,0,0,0],"averageNotServicedExpectedRequests":[25.6,29.7,38.0,34.8,33.4],"ALNSIterations":[3343,2941,3285,3837,3177],"runId":["Run 1","Run 2","Run 3","Run 4","Run 5"]}