{"slackAfterALNS":0,"nInitialNotServicedExpectedRequests":[24,18,22,23,25],"averageObj":[6151.553357210454,6339.654173750792,6635.706623152553,6539.140431435984,6900.555747242035],"slackBeforeALNS":0,"nInitialNotServicedFixedRequests":[0,0,0,0,0],"averageNotServicedExpectedRequests":[31.7,33.1,37.5,36.2,40.4],"ALNSIterations":[3411,2811,2993,3340,2660],"runId":["Run 1","Run 2","Run 3","Run 4","Run 5"]}