{"slackAfterALNS":0,"nInitialNotServicedExpectedRequests":[3,1,1,1,1,1,2,1,0,1],"averageObj":[6675.747358423052,6215.8983800396145,6171.479207828332,6350.747813086212,6457.705912231298,6669.005942056798,6222.389407493445,6606.702519305341,6451.644460083779,6114.102545848047],"slackBeforeALNS":0,"nInitialNotServicedFixedRequests":[0,0,0,0,0,0,0,0,0,0],"averageNotServicedExpectedRequests":[17.3,12.2,11.5,13.4,14.7,17.1,12.4,16.1,14.3,11.6],"runId":["Run 1","Run 2","Run 3","Run 4","Run 5","Run 6","Run 7","Run 8","Run 9","Run 10"]}