{"slackAfterALNS":0,"nInitialNotServicedExpectedRequests":[4,3,1,5,1,5,4,7,4,2],"averageObj":[7414.671629134404,6471.377711546259,6234.089361260072,6493.429607361103,6632.796931549719,6790.380332339359,6960.8757631934595,6352.575938710885,6682.722519643439,6590.601607004459],"slackBeforeALNS":0,"nInitialNotServicedFixedRequests":[0,0,0,0,0,0,0,0,0,0],"averageNotServicedExpectedRequests":[24.7,14.8,12.5,14.7,16.6,18.5,19.8,13.6,17.0,16.1],"runId":["Run 1","Run 2","Run 3","Run 4","Run 5","Run 6","Run 7","Run 8","Run 9","Run 10"]}