{"slackAfterALNS":0,"nInitialNotServicedExpectedRequests":[1,2,0,0,5,2,0,0,0,0],"averageObj":[6476.848491801682,6492.794373923351,6878.877443561282,6233.988726995622,6739.446490470356,6882.707056971049,6473.118436410497,6157.718511454079,6370.807561258211,6802.424169030853],"slackBeforeALNS":0,"nInitialNotServicedFixedRequests":[0,0,0,0,0,0,0,0,0,0],"averageNotServicedExpectedRequests":[15.3,15.2,19.3,12.3,17.5,19.1,14.5,11.7,13.6,18.4],"runId":["Run 1","Run 2","Run 3","Run 4","Run 5","Run 6","Run 7","Run 8","Run 9","Run 10"]}