{"slackAfterALNS":0,"nInitialNotServicedExpectedRequests":[2,3,0,2,0,3,0,1,0,2],"averageObj":[6463.053146316421,5929.110604021804,6139.255383579349,6193.983152390967,6022.912073680894,6345.544082714665,6342.474281969939,6504.705058103066,6223.80804301754,6129.82720475058],"slackBeforeALNS":0,"nInitialNotServicedFixedRequests":[0,0,0,0,0,0,0,0,0,0],"averageNotServicedExpectedRequests":[14.5,9.3,11.4,11.9,10.1,13.3,13.5,14.9,12.3,11.1],"runId":["Run 1","Run 2","Run 3","Run 4","Run 5","Run 6","Run 7","Run 8","Run 9","Run 10"]}