{"slackAfterALNS":0,"nInitialNotServicedExpectedRequests":[1,3,1,2,0,2,1,0,2,1],"averageObj":[6054.691475822027,6496.5901699630795,6015.561159565519,6213.049448606698,5982.749926006496,6301.5165092026455,6219.674688399113,6368.7779573358985,6380.143260785385,6265.294439295787],"slackBeforeALNS":0,"nInitialNotServicedFixedRequests":[0,0,0,0,0,0,0,0,0,0],"averageNotServicedExpectedRequests":[10.9,15.5,10.5,12.5,10.3,13.6,12.3,14.3,14.5,13.1],"runId":["Run 1","Run 2","Run 3","Run 4","Run 5","Run 6","Run 7","Run 8","Run 9","Run 10"]}