{"slackAfterALNS":0,"nInitialNotServicedExpectedRequests":[1,2,3,2,5,2,2,6,2,3],"averageObj":[510.19541740461784,691.1129541572498,468.7567957993694,408.1614130823024,538.467556395599,474.7741026530524,597.3790305239135,607.8010651629072,695.4498704932683,582.3292109597637],"slackBeforeALNS":0,"nInitialNotServicedFixedRequests":[0,0,0,0,0,0,0,0,0,0],"averageNotServicedExpectedRequests":[3.3,5.4,2.8,2.1,3.7,3.0,4.2,4.5,5.4,4.2],"runId":["Run 1","Run 2","Run 3","Run 4","Run 5","Run 6","Run 7","Run 8","Run 9","Run 10"]}