{"slackAfterALNS":0,"nInitialNotServicedExpectedRequests":[2,0,4,1,3,3,2,2,2,2],"averageObj":[474.31059991538825,474.4788384330968,536.424991981853,673.1360442190252,565.5987826242333,508.1313693208696,591.5872680318837,608.4394415865297,538.110762948812,591.7968580827188],"slackBeforeALNS":0,"nInitialNotServicedFixedRequests":[0,0,0,0,0,0,0,0,0,0],"averageNotServicedExpectedRequests":[3.0,3.0,3.7,5.2,4.0,3.3,4.3,4.5,3.7,4.3],"runId":["Run 1","Run 2","Run 3","Run 4","Run 5","Run 6","Run 7","Run 8","Run 9","Run 10"]}