{"slackAfterALNS":0,"nInitialNotServicedExpectedRequests":[1,0,2,2,2,2,1,1,0,2],"averageObj":[2446.511125078369,2460.525803329255,2488.375398015217,2523.3344538166702,2476.2563594467097,2599.0289691183134,2420.644771376862,2505.4070455848873,2431.7210745135785,2556.9437773359587],"slackBeforeALNS":0,"nInitialNotServicedFixedRequests":[1,1,1,1,1,1,1,1,1,1],"averageNotServicedExpectedRequests":[2.7,2.9,3.1,3.6,3.1,4.4,2.4,3.4,2.6,3.9],"runId":["Run 1","Run 2","Run 3","Run 4","Run 5","Run 6","Run 7","Run 8","Run 9","Run 10"]}