{"slackAfterALNS":0,"nInitialNotServicedExpectedRequests":[1,1,1,5,0,5,2,2,2,2],"averageObj":[2472.9755639097743,2538.2964102340943,2485.7923122304032,2502.5376550864094,2493.154625240638,2506.821613635674,2506.7921071176884,2643.746638160478,2577.0074881347273,2472.4338956365273],"slackBeforeALNS":0,"nInitialNotServicedFixedRequests":[1,1,1,1,1,1,1,1,1,1],"averageNotServicedExpectedRequests":[3.1,3.6,3.2,3.3,3.3,3.5,3.5,5.0,4.2,3.1],"runId":["Run 1","Run 2","Run 3","Run 4","Run 5","Run 6","Run 7","Run 8","Run 9","Run 10"]}