{"slackAfterALNS":0,"nInitialNotServicedExpectedRequests":[2,3,3,3,4,4,3,3,2,2],"averageObj":[538.7280721373744,620.7344648407148,584.0863159698098,485.68149961277686,511.8009049773756,497.0,539.2902858693567,554.5627077223851,537.2408729662388,525.4910256410257],"slackBeforeALNS":0,"nInitialNotServicedFixedRequests":[0,0,0,0,0,0,0,0,0,0],"averageNotServicedExpectedRequests":[3.7,4.6,4.2,3.1,3.4,3.3,3.7,3.9,3.6,3.6],"runId":["Run 1","Run 2","Run 3","Run 4","Run 5","Run 6","Run 7","Run 8","Run 9","Run 10"]}