{"slackAfterALNS":0,"nInitialNotServicedExpectedRequests":[0,1,2,0,1,3,2,2,1,1],"averageObj":[426.739184952978,445.6190303674219,457.41046643600487,445.55532483919643,503.45007112834685,446.7034965760266,464.6772368238817,555.5784021010436,535.4759934318555,555.8328532713898],"slackBeforeALNS":0,"nInitialNotServicedFixedRequests":[0,0,0,0,0,0,0,0,0,0],"averageNotServicedExpectedRequests":[2.5,2.6,2.8,2.7,3.3,2.6,2.9,3.9,3.7,3.9],"runId":["Run 1","Run 2","Run 3","Run 4","Run 5","Run 6","Run 7","Run 8","Run 9","Run 10"]}