{"slackAfterALNS":0,"nInitialNotServicedExpectedRequests":[0,1,2,3,2,1,3,4,1,1],"averageObj":[518.0113298102658,588.1596970877658,614.0,536.3043778502058,506.9924107641147,557.3992898469135,539.6220271711575,485.6664892610539,596.8203903694108,523.180666771046],"slackBeforeALNS":0,"nInitialNotServicedFixedRequests":[0,0,0,0,0,0,0,0,0,0],"averageNotServicedExpectedRequests":[3.3,4.2,4.6,3.7,3.3,3.8,3.7,3.1,4.3,3.5],"runId":["Run 1","Run 2","Run 3","Run 4","Run 5","Run 6","Run 7","Run 8","Run 9","Run 10"]}