{"slackAfterALNS":0,"nInitialNotServicedExpectedRequests":[4,6,2,5,8],"averageObj":[10276.562085669992,10543.068678011994,8396.542199382318,12785.915124329727,11083.349873241008],"slackBeforeALNS":0,"nInitialNotServicedFixedRequests":[1,1,0,2,1],"averageNotServicedExpectedRequests":[31.6,33.6,32.3,36.5,39.9],"ALNSIterations":[1217,1102,1157,1202,1117],"runId":["Run 1","Run 2","Run 3","Run 4","Run 5"]}