{"slackAfterALNS":0,"nInitialNotServicedExpectedRequests":[4,8,9,10,10],"averageObj":[12620.793094137309,8335.783035929235,8983.921177080758,12387.612790015255,10615.620240504863],"slackBeforeALNS":0,"nInitialNotServicedFixedRequests":[2,0,0,2,1],"averageNotServicedExpectedRequests":[35.3,31.1,38.7,31.6,34.5],"ALNSIterations":[1853,1758,1841,1777,1406],"runId":["Run 1","Run 2","Run 3","Run 4","Run 5"]}