{"slackAfterALNS":0,"nInitialNotServicedExpectedRequests":[10,3,7,5,7],"averageObj":[16328.495371787412,12335.858748322102,14764.610868938345,16800.762840503467,10558.586233886721],"slackBeforeALNS":0,"nInitialNotServicedFixedRequests":[4,2,3,4,1],"averageNotServicedExpectedRequests":[32.0,31.3,34.9,35.6,32.1],"ALNSIterations":[1190,1135,1131,1167,1533],"runId":["Run 1","Run 2","Run 3","Run 4","Run 5"]}