{"slackAfterALNS":0,"nInitialNotServicedExpectedRequests":[11,10,11,10,9],"averageObj":[14938.490210844195,16246.162838256841,15419.851847935704,16887.0529073551,22422.96452496379],"slackBeforeALNS":0,"nInitialNotServicedFixedRequests":[3,4,3,4,7],"averageNotServicedExpectedRequests":[37.6,29.4,42.4,37.2,30.8],"ALNSIterations":[1741,1659,1759,1742,1295],"runId":["Run 1","Run 2","Run 3","Run 4","Run 5"]}