{"slackAfterALNS":686.0,"nInitialNotServicedExpectedRequests":[63,57,47,58,72,72,53,57,77,71],"averageObj":[27311.420078387484,27341.62114743964,17512.080157229295,17510.90994307178,25442.62106392764,13456.098607736498,19531.07770404923,23343.539000004363,27367.065923944745,15458.625904533934],"slackBeforeALNS":4237.0,"nInitialNotServicedFixedRequests":[11,11,6,6,10,4,7,9,11,5],"averageNotServicedExpectedRequests":[67.7,66.3,58.3,62.4,68.8,72.6,60.1,67.9,78.2,65.5],"runId":["Run 1","Run 2","Run 3","Run 4","Run 5","Run 6","Run 7","Run 8","Run 9","Run 10"]}