{"slackAfterALNS":199.0,"nInitialNotServicedExpectedRequests":[56,66,56,67,67,74,71,74,76,72],"averageObj":[5473.055373780952,7390.671092986277,5511.0323143499145,5518.82453878555,7398.669436645619,5487.5886771783435,5478.895997338778,9377.663528013221,7386.634636654728,5440.6588961806065],"slackBeforeALNS":4269.0,"nInitialNotServicedFixedRequests":[0,1,0,0,1,0,0,2,1,0],"averageNotServicedExpectedRequests":[60.4,67.4,67.8,65.9,70.4,82.4,76.3,74.1,71.0,74.4],"runId":["Run 1","Run 2","Run 3","Run 4","Run 5","Run 6","Run 7","Run 8","Run 9","Run 10"]}