{"slackAfterALNS":32.0,"nInitialNotServicedExpectedRequests":[70,79,75,69,86,81,73,65,79,71],"averageObj":[17456.834706115907,21452.794872508162,25368.624344346874,15554.812191618348,21371.117323972034,17405.454335139657,19498.190108714352,19488.966022537337,19399.646990804384,17459.16875688628],"slackBeforeALNS":4494.0,"nInitialNotServicedFixedRequests":[6,8,10,5,8,6,7,7,7,6],"averageNotServicedExpectedRequests":[72.0,73.2,75.5,64.3,77.5,78.1,69.0,67.0,78.8,70.6],"runId":["Run 1","Run 2","Run 3","Run 4","Run 5","Run 6","Run 7","Run 8","Run 9","Run 10"]}