{
    "slackAfterALNS": 158.0,
    "nInitialNotServicedExpectedRequests": [
        73,
        68,
        90,
        78,
        68,
        76,
        79,
        63,
        96,
        64
    ],
    "averageObj": [
        9457.442630757618,
        19470.669020424863,
        13454.907982549663,
        11372.652763355652,
        17432.40245300569,
        17427.924645869753,
        13513.706331532769,
        15446.655703079898,
        15411.505032329247,
        19440.866721119248
    ],
    "slackBeforeALNS": 4121.0,
    "nInitialNotServicedFixedRequests": [
        2,
        7,
        4,
        3,
        6,
        6,
        4,
        5,
        5,
        7
    ],
    "averageNotServicedExpectedRequests": [
        78.0,
        71.2,
        79.4,
        81.2,
        71.2,
        75.2,
        74.3,
        70.2,
        80.7,
        65.1
    ],
    "runId": [
        "Run 1",
        "Run 2",
        "Run 3",
        "Run 4",
        "Run 5",
        "Run 6",
        "Run 7",
        "Run 8",
        "Run 9",
        "Run 10"
    ]
}