{"slackAfterALNS":0,"nInitialNotServicedExpectedRequests":[13,12,9,8,15],"averageObj":[2660.996358634526,6381.232091944566,6461.452718509431,6090.0075239398075,4710.429864253395],"slackBeforeALNS":0,"nInitialNotServicedFixedRequests":[0,2,2,2,1],"averageNotServicedExpectedRequests":[18.0,15.0,15.0,12.0,19.0],"ALNSIterations":[1730,1998,1848,1801,1887],"runId":["Run 1","Run 2","Run 3","Run 4","Run 5"]}