{"slackAfterALNS":0,"nInitialNotServicedExpectedRequests":[15,15,13,18,14],"averageObj":[6659.45827735483,6541.811150535287,4425.586115273617,4579.797348700624,6312.43318876301],"slackBeforeALNS":0,"nInitialNotServicedFixedRequests":[2,2,1,1,2],"averageNotServicedExpectedRequests":[18.0,17.0,15.0,17.0,14.0],"ALNSIterations":[1952,2202,1913,2047,1718],"runId":["Run 1","Run 2","Run 3","Run 4","Run 5"]}