{"slackAfterALNS":0,"nInitialNotServicedExpectedRequests":[6,9,11,8,12],"averageObj":[4219.317687284419,7941.826357121934,4420.42830078077,2366.8393254754956,4208.297979341618],"slackBeforeALNS":0,"nInitialNotServicedFixedRequests":[1,3,1,0,1],"averageNotServicedExpectedRequests":[12.0,10.0,15.0,14.0,12.0],"ALNSIterations":[2196,2164,1974,2227,1745],"runId":["Run 1","Run 2","Run 3","Run 4","Run 5"]}