{"slackAfterALNS":0,"nInitialNotServicedExpectedRequests":[11,10,10,13,7],"averageObj":[10415.239738725128,8284.589955214005,12482.890683611493,10771.283206367878,14176.156626526255],"slackBeforeALNS":0,"nInitialNotServicedFixedRequests":[4,3,5,4,6],"averageNotServicedExpectedRequests":[15.0,13.0,16.0,19.0,13.0],"ALNSIterations":[1762,1867,1897,2037,2075],"runId":["Run 1","Run 2","Run 3","Run 4","Run 5"]}