{"slackAfterALNS":0,"nInitialNotServicedExpectedRequests":[5,4,5,6,4],"averageObj":[9927.851516175118,10021.669131727347,7945.408293363571,5877.931645534117,11454.588885557854],"slackBeforeALNS":0,"nInitialNotServicedFixedRequests":[4,4,3,2,5],"averageNotServicedExpectedRequests":[10.0,11.0,10.0,9.0,5.0],"ALNSIterations":[1518,1950,2142,2136,2228],"runId":["Run 1","Run 2","Run 3","Run 4","Run 5"]}