{"slackAfterALNS":0,"nInitialNotServicedExpectedRequests":[9,10,9,9,12],"averageObj":[5809.615819799473,4319.810914354044,7933.866163234097,8040.160809169962,4333.918220406581],"slackBeforeALNS":0,"nInitialNotServicedFixedRequests":[2,1,3,3,1],"averageNotServicedExpectedRequests":[8.0,13.0,9.0,11.0,14.0],"ALNSIterations":[1811,1610,2018,1803,1782],"runId":["Run 1","Run 2","Run 3","Run 4","Run 5"]}