{"slackAfterALNS":0,"nInitialNotServicedExpectedRequests":[8,9,9,12,11],"averageObj":[4107.137385439638,1915.6775959096472,3988.461643767455,4806.810231036862,4592.8052193020185],"slackBeforeALNS":0,"nInitialNotServicedFixedRequests":[1,0,1,1,1],"averageNotServicedExpectedRequests":[11.0,9.0,10.0,19.0,17.0],"ALNSIterations":[2161,2029,2166,1960,1942],"runId":["Run 1","Run 2","Run 3","Run 4","Run 5"]}