{"slackAfterALNS":0,"nInitialNotServicedExpectedRequests":[11,12,13,17,8],"averageObj":[12335.471245122926,12798.858087173534,10481.169752183132,14585.222534228931,11962.946421455168],"slackBeforeALNS":0,"nInitialNotServicedFixedRequests":[5,5,4,6,5],"averageNotServicedExpectedRequests":[14.0,19.0,16.0,17.0,10.0],"ALNSIterations":[1688,1805,1897,1692,2021],"runId":["Run 1","Run 2","Run 3","Run 4","Run 5"]}