{"slackAfterALNS":0,"nInitialNotServicedExpectedRequests":[9,10,8,8,9],"averageObj":[6527.200563518541,4640.795611560462,6446.328444072846,4300.078479276507,2064.4153523582204],"slackBeforeALNS":0,"nInitialNotServicedFixedRequests":[2,1,2,1,0],"averageNotServicedExpectedRequests":[16.0,17.0,15.0,14.0,10.0],"ALNSIterations":[1445,1941,1608,1864,1935],"runId":["Run 1","Run 2","Run 3","Run 4","Run 5"]}