{"slackAfterALNS":0,"nInitialNotServicedExpectedRequests":[14,13,16,15,10],"averageObj":[6563.567447136002,6519.8915412717815,4738.04810563963,4521.598738507834,6296.022062194383],"slackBeforeALNS":0,"nInitialNotServicedFixedRequests":[2,2,1,1,2],"averageNotServicedExpectedRequests":[16.0,16.0,18.0,15.0,13.0],"ALNSIterations":[2070,2004,1821,1876,2106],"runId":["Run 1","Run 2","Run 3","Run 4","Run 5"]}