{"slackAfterALNS":0,"nInitialNotServicedExpectedRequests":[6,3,9,7,7],"averageObj":[7991.132926601558,5508.570446197983,7967.094215580529,7338.105655698508,5302.753779098147],"slackBeforeALNS":0,"nInitialNotServicedFixedRequests":[1,0,1,1,0],"averageNotServicedExpectedRequests":[28.1,22.9,27.6,21.0,20.2],"ALNSIterations":[4678,4472,4253,4242,4033],"runId":["Run 1","Run 2","Run 3","Run 4","Run 5"]}