{"slackAfterALNS":0,"nInitialNotServicedExpectedRequests":[2,6,4,4,10],"averageObj":[5464.736045169875,7702.005321318882,5451.803910654271,7526.248684687974,5515.283909201804],"slackBeforeALNS":0,"nInitialNotServicedFixedRequests":[0,1,0,1,0],"averageNotServicedExpectedRequests":[22.8,26.0,23.7,23.7,23.8],"ALNSIterations":[4289,4408,4480,4779,4900],"runId":["Run 1","Run 2","Run 3","Run 4","Run 5"]}