{"slackAfterALNS":0,"nInitialNotServicedExpectedRequests":[4,7,4,3,4],"averageObj":[5652.019720406761,5428.421081465998,5696.29236852341,9633.995828198644,5478.975243965672],"slackBeforeALNS":0,"nInitialNotServicedFixedRequests":[0,0,0,2,0],"averageNotServicedExpectedRequests":[25.0,22.6,25.0,25.2,22.8],"ALNSIterations":[4031,4017,4423,4089,4313],"runId":["Run 1","Run 2","Run 3","Run 4","Run 5"]}