{"slackAfterALNS":0,"nInitialNotServicedExpectedRequests":[3,3,3,15,13],"averageObj":[7398.51579152894,9010.326720776502,7584.386567456907,9956.772180909527,5585.826411479439],"slackBeforeALNS":0,"nInitialNotServicedFixedRequests":[1,2,1,2,0],"averageNotServicedExpectedRequests":[21.7,18.3,23.8,28.6,23.5],"ALNSIterations":[4041,4572,4290,3865,4795],"runId":["Run 1","Run 2","Run 3","Run 4","Run 5"]}