{"slackAfterALNS":0,"nInitialNotServicedExpectedRequests":[0,9,7,3,3],"averageObj":[7098.3662008302545,7307.879777896675,5584.992600777228,7408.290309998418,5179.829759281257],"slackBeforeALNS":0,"nInitialNotServicedFixedRequests":[1,1,0,1,0],"averageNotServicedExpectedRequests":[19.1,22.0,24.3,23.0,20.1],"ALNSIterations":[3590,3901,4486,4909,3969],"runId":["Run 1","Run 2","Run 3","Run 4","Run 5"]}