{"slackAfterALNS":0,"nInitialNotServicedExpectedRequests":[6,11,8,5,7],"averageObj":[5942.602462231425,13346.984752370667,7250.824484496002,7638.286685553541,6037.24427168147],"slackBeforeALNS":0,"nInitialNotServicedFixedRequests":[0,4,1,1,0],"averageNotServicedExpectedRequests":[28.1,21.3,20.6,25.0,29.1],"ALNSIterations":[4210,4438,3954,4466,4960],"runId":["Run 1","Run 2","Run 3","Run 4","Run 5"]}