{"slackAfterALNS":0,"nInitialNotServicedExpectedRequests":[4,7,8,6,7],"averageObj":[9442.35023502785,7593.829507565002,11820.893288645888,7278.104929883409,6003.111101862082],"slackBeforeALNS":0,"nInitialNotServicedFixedRequests":[2,1,3,1,0],"averageNotServicedExpectedRequests":[22.4,24.6,27.7,20.7,28.6],"ALNSIterations":[4671,4695,4410,3975,4236],"runId":["Run 1","Run 2","Run 3","Run 4","Run 5"]}