{"slackAfterALNS":0,"nInitialNotServicedExpectedRequests":[3,6,2,2,4],"averageObj":[5266.3713140445525,5172.812683162212,4995.390367941254,5136.514396828943,5114.6249698684915],"slackBeforeALNS":0,"nInitialNotServicedFixedRequests":[0,0,0,0,0],"averageNotServicedExpectedRequests":[21.3,20.9,19.9,20.3,20.5],"ALNSIterations":[4918,5084,5172,4929,5018],"runId":["Run 1","Run 2","Run 3","Run 4","Run 5"]}