{"slackAfterALNS":0,"nInitialNotServicedExpectedRequests":[52,59,38,46,52,53,55,55,60,51],"averageObj":[13226.354183069712,13944.158016327743,13091.493360921906,13283.436598749438,13774.829082580623,13418.527901205875,13616.384213712849,13760.989855618234,14032.577518323189,14053.834487307584],"slackBeforeALNS":0,"nInitialNotServicedFixedRequests":[0,0,0,0,0,0,0,0,0,0],"averageNotServicedExpectedRequests":[87.5,95.4,86.2,86.9,93.7,89.4,91.7,93.1,97.1,96.4],"runId":["Run 1","Run 2","Run 3","Run 4","Run 5","Run 6","Run 7","Run 8","Run 9","Run 10"]}