{"slackAfterALNS":0,"nInitialNotServicedExpectedRequests":[65,56,55,63,61,54,56,62,52,50],"averageObj":[14103.560609072185,13918.772334828676,14254.865171148685,13607.424537894223,13684.349198841659,14199.493492539128,13807.058684538377,14884.77162751501,14705.187524630266,13717.70886335664],"slackBeforeALNS":0,"nInitialNotServicedFixedRequests":[0,0,0,0,0,0,0,0,0,0],"averageNotServicedExpectedRequests":[97.0,94.6,98.7,91.1,92.3,97.4,93.6,104.8,102.9,92.4],"runId":["Run 1","Run 2","Run 3","Run 4","Run 5","Run 6","Run 7","Run 8","Run 9","Run 10"]}