{"slackAfterALNS":0,"nInitialNotServicedExpectedRequests":[64,59,52,53,66,66,59,55,55,40],"averageObj":[14477.695282471634,13823.573747013153,14091.844465605984,14328.271427029042,14405.076424914829,15012.845638919996,14847.410631644798,13607.22264300021,13686.296389236863,14138.047588371634],"slackBeforeALNS":0,"nInitialNotServicedFixedRequests":[0,0,0,0,0,0,0,0,0,0],"averageNotServicedExpectedRequests":[101.5,94.1,97.6,99.5,100.6,108.0,105.7,92.0,93.0,97.5],"runId":["Run 1","Run 2","Run 3","Run 4","Run 5","Run 6","Run 7","Run 8","Run 9","Run 10"]}