{"slackAfterALNS":0,"nInitialNotServicedExpectedRequests":[38,46,47,47,54,54,41,36,44,50],"averageObj":[14520.73229251439,14875.059986144417,14143.250974283903,13229.62266015842,13426.502859002023,13478.560739354347,14632.516809102997,12767.552343119203,14357.850773316924,13378.273030945591],"slackBeforeALNS":0,"nInitialNotServicedFixedRequests":[1,1,1,0,0,0,1,0,1,0],"averageNotServicedExpectedRequests":[79.1,83.4,75.7,87.0,89.2,90.1,80.8,83.1,78.2,89.2],"runId":["Run 1","Run 2","Run 3","Run 4","Run 5","Run 6","Run 7","Run 8","Run 9","Run 10"]}