{"slackAfterALNS":0,"nInitialNotServicedExpectedRequests":[53,54,45,60,39,47,53,39,47,46],"averageObj":[13468.572154130694,13510.293749273053,13547.643146671859,14422.135817515033,14157.261297813637,14168.398281429056,13796.252232456673,13601.575851516702,13210.471208952527,12333.350616282587],"slackBeforeALNS":0,"nInitialNotServicedFixedRequests":[0,0,0,0,0,0,0,0,0,0],"averageNotServicedExpectedRequests":[90.3,91.2,91.2,101.8,98.4,98.0,93.7,90.4,87.7,77.3],"runId":["Run 1","Run 2","Run 3","Run 4","Run 5","Run 6","Run 7","Run 8","Run 9","Run 10"]}