{"slackAfterALNS":0,"nInitialNotServicedExpectedRequests":[52,58,53,42,58,52,56,65,59,44],"averageObj":[13655.497157674608,14594.709798578504,14198.220996574182,13655.600790457025,14541.414386214088,13780.046039680874,13754.42490297099,14185.33137178262,14196.82399891473,13515.833645165698],"slackBeforeALNS":0,"nInitialNotServicedFixedRequests":[0,0,0,0,0,0,0,0,0,0],"averageNotServicedExpectedRequests":[92.1,102.9,96.8,91.5,101.4,92.6,92.7,97.8,96.8,90.1],"runId":["Run 1","Run 2","Run 3","Run 4","Run 5","Run 6","Run 7","Run 8","Run 9","Run 10"]}