{"slackAfterALNS":0,"nInitialNotServicedExpectedRequests":[49,43,46,51,57,50,45,50,51,42],"averageObj":[12893.402526859441,12985.256492358476,13153.131258764577,12402.243992926204,13703.958027684677,13304.507049531781,13145.343869508657,12943.213253325228,13457.493953814585,12545.803100926496],"slackBeforeALNS":0,"nInitialNotServicedFixedRequests":[0,0,0,0,0,0,0,0,0,0],"averageNotServicedExpectedRequests":[82.7,84.7,85.7,77.0,92.1,87.3,85.2,83.8,88.3,78.8],"runId":["Run 1","Run 2","Run 3","Run 4","Run 5","Run 6","Run 7","Run 8","Run 9","Run 10"]}