{"slackAfterALNS":0,"nInitialNotServicedExpectedRequests":[17,15,20,19,12],"averageObj":[5978.235946558891,6076.005882537281,6075.863433994623,6032.077585415938,5991.86740509243],"slackBeforeALNS":0,"nInitialNotServicedFixedRequests":[0,0,0,0,0],"averageNotServicedExpectedRequests":[29.2,29.7,29.9,29.1,29.2],"ALNSIterations":[3918,3942,4079,4090,4294],"runId":["Run 1","Run 2","Run 3","Run 4","Run 5"]}