DataSize,TotalElapsedTime,AverageResponseTime,EventsInsertedByALNS,nTaxi,TotalCost,TotalDistance,TotalIdleTime,TotalIdleTimeWithCustomer,TotalRideTime,TotalDirectRideTime,TotalActualRideTime,nOfflineRequests,UnservicedOfflineRequest,nOnlineRequests,UnservicedOnlineRequests,AveragePercentRideSharing
20,5.228,0.262,0.0,11.0,11090.782608695652,1380.5666338356875,727.2,0.0,2160.0,207.0,212.4,0.0,0.0,20.0,11.0,1.1112
100,79.414,0.8039999999999999,2.6,38.6,39282.14327824878,5187.741116104224,1313.8,1.4,6840.0,1309.8,1492.0,1.2,0.4,98.8,38.2,5.1934
300,2573.1440000000002,8.629999999999999,17.4,59.0,61486.35913083602,15580.89064840067,2206.8,0.0,19070.4,5155.2,5447.6,2.0,1.2,298.0,57.8,3.9812
500,9559.06,19.202,22.8,71.2,75629.31145520994,25234.599127053436,2866.0,1.0,31291.2,9346.6,9857.0,2.2,0.6,497.8,70.6,4.880599999999999
