{"slackAfterALNS":0,"nInitialNotServicedExpectedRequests":[8,10,13,6,9],"averageObj":[9422.354790018906,11552.605203488614,11429.216525812208,9742.97934912817,7661.54409352707],"slackBeforeALNS":0,"nInitialNotServicedFixedRequests":[2,3,3,2,1],"averageNotServicedExpectedRequests":[23.6,24.0,23.7,26.7,25.5],"ALNSIterations":[2217,2605,2099,2041,2156],"runId":["Run 1","Run 2","Run 3","Run 4","Run 5"]}