{"slackAfterALNS":0,"nInitialNotServicedExpectedRequests":[2,7,4,2,10],"averageObj":[5559.458625808076,5345.152896507961,7023.561130778013,5221.674426172429,7558.531169238767],"slackBeforeALNS":0,"nInitialNotServicedFixedRequests":[0,0,1,0,1],"averageNotServicedExpectedRequests":[23.9,21.9,18.6,20.9,24.8],"ALNSIterations":[4811,2943,2713,3296,2612],"runId":["Run 1","Run 2","Run 3","Run 4","Run 5"]}