{"slackAfterALNS":0,"nInitialNotServicedExpectedRequests":[3,5,5,6,2],"averageObj":[12818.714397776901,7114.498727040205,9345.862164261853,7385.041332996267,12870.138968524605],"slackBeforeALNS":0,"nInitialNotServicedFixedRequests":[4,1,2,1,4],"averageNotServicedExpectedRequests":[16.7,18.7,21.7,22.0,17.1],"ALNSIterations":[1873,1912,2012,2002,1909],"runId":["Run 1","Run 2","Run 3","Run 4","Run 5"]}