{"slackAfterALNS":0,"nInitialNotServicedExpectedRequests":[2,2,1,1,0],"averageObj":[4456.3421573463465,4497.635932150638,4357.332564576014,4478.879646534077,4450.8000571466055],"slackBeforeALNS":0,"nInitialNotServicedFixedRequests":[2,2,2,2,2],"averageNotServicedExpectedRequests":[3.0,3.5,1.9,3.2,2.8],"ALNSIterations":[315861,366925,310019,307639,364822],"runId":["Run 1","Run 2","Run 3","Run 4","Run 5"]}