{"slackAfterALNS":0,"nInitialNotServicedExpectedRequests":[20,20,21,18,19],"averageObj":[6146.994211895221,6093.038592938638,6258.336515534601,6242.785067075278,6351.315916687995],"slackBeforeALNS":0,"nInitialNotServicedFixedRequests":[0,0,0,0,0],"averageNotServicedExpectedRequests":[31.1,30.9,33.5,33.2,34.4],"ALNSIterations":[3967,4257,3768,4916,4750],"runId":["Run 1","Run 2","Run 3","Run 4","Run 5"]}