{"slackAfterALNS":0,"nInitialNotServicedExpectedRequests":[19,16,14,20,15],"averageObj":[5977.190898941449,5869.027957187316,6096.129077610336,6226.614164515907,6162.428280240295],"slackBeforeALNS":0,"nInitialNotServicedFixedRequests":[0,0,0,0,0],"averageNotServicedExpectedRequests":[28.9,27.8,30.2,30.6,30.5],"ALNSIterations":[4074,4456,5253,3073,5597],"runId":["Run 1","Run 2","Run 3","Run 4","Run 5"]}