{"slackAfterALNS":0,"nInitialNotServicedExpectedRequests":[20,21,20,20,22],"averageObj":[6154.707490071133,5953.834144905267,6386.302553753647,5758.91439354297,6095.079630267568],"slackBeforeALNS":0,"nInitialNotServicedFixedRequests":[0,0,0,0,0],"averageNotServicedExpectedRequests":[32.6,29.8,34.2,27.5,31.8],"ALNSIterations":[4614,4961,4682,5324,5068],"runId":["Run 1","Run 2","Run 3","Run 4","Run 5"]}