{"slackAfterALNS":0,"nInitialNotServicedExpectedRequests":[16,15,18,23,28],"averageObj":[5989.657483790861,5617.204892751551,5574.084318861367,5895.439543825874,5693.266804840036],"slackBeforeALNS":0,"nInitialNotServicedFixedRequests":[0,0,0,0,0],"averageNotServicedExpectedRequests":[28.4,25.0,24.6,28.1,26.1],"ALNSIterations":[4522,4449,4732,4542,4359],"runId":["Run 1","Run 2","Run 3","Run 4","Run 5"]}