{"slackAfterALNS":0,"nInitialNotServicedExpectedRequests":[12,19,18,23,24],"averageObj":[5624.781055633998,6059.366981256767,5743.0316860973,5849.014595191582,5953.2436006720245],"slackBeforeALNS":0,"nInitialNotServicedFixedRequests":[0,0,0,0,0],"averageNotServicedExpectedRequests":[26.3,31.2,27.1,28.8,29.6],"ALNSIterations":[4911,4364,4264,4838,4908],"runId":["Run 1","Run 2","Run 3","Run 4","Run 5"]}