{"slackAfterALNS":0,"nInitialNotServicedExpectedRequests":[13,10,18,15,13],"averageObj":[5542.470155863323,5883.993344479908,6023.826067831984,5469.54435000978,5409.123003421892],"slackBeforeALNS":0,"nInitialNotServicedFixedRequests":[0,0,0,0,0],"averageNotServicedExpectedRequests":[25.9,29.6,31.4,24.9,24.4],"ALNSIterations":[4419,4920,3874,5070,4862],"runId":["Run 1","Run 2","Run 3","Run 4","Run 5"]}