{"slackAfterALNS":0,"nInitialNotServicedExpectedRequests":[15,21,22,21,19],"averageObj":[5768.147659340819,6299.611567210535,6085.816985738415,5739.475912939937,6013.582667235756],"slackBeforeALNS":0,"nInitialNotServicedFixedRequests":[0,0,0,0,0],"averageNotServicedExpectedRequests":[26.9,33.9,31.7,27.2,29.5],"ALNSIterations":[4408,4318,3764,3395,4311],"runId":["Run 1","Run 2","Run 3","Run 4","Run 5"]}