{"slackAfterALNS":0,"nInitialNotServicedExpectedRequests":[19,13,21,16,23],"averageObj":[5705.6297267586615,5727.776200640165,6269.689057399088,6394.167234205706,6014.058863713801],"slackBeforeALNS":0,"nInitialNotServicedFixedRequests":[0,0,0,0,0],"averageNotServicedExpectedRequests":[26.4,27.2,32.7,34.4,29.9],"ALNSIterations":[4738,4096,4420,4976,4030],"runId":["Run 1","Run 2","Run 3","Run 4","Run 5"]}