{"slackAfterALNS":0,"nInitialNotServicedExpectedRequests":[14,14,12,13,13],"averageObj":[5300.873870378498,5611.211565209776,5225.38756655129,5706.401701142462,5564.9809187739575],"slackBeforeALNS":0,"nInitialNotServicedFixedRequests":[0,0,0,0,0],"averageNotServicedExpectedRequests":[22.3,25.7,21.2,26.7,25.2],"ALNSIterations":[3285,4692,4443,4212,4234],"runId":["Run 1","Run 2","Run 3","Run 4","Run 5"]}