{"slackAfterALNS":0,"nInitialNotServicedExpectedRequests":[20,17,25,17,16],"averageObj":[6103.288380423851,6150.79186376904,6393.3633687719475,6157.124925159073,6394.982439555321],"slackBeforeALNS":0,"nInitialNotServicedFixedRequests":[0,0,0,0,0],"averageNotServicedExpectedRequests":[29.7,30.8,34.0,30.6,34.0],"ALNSIterations":[3918,4323,4744,4572,4666],"runId":["Run 1","Run 2","Run 3","Run 4","Run 5"]}