{"slackAfterALNS":0,"nInitialNotServicedExpectedRequests":[21,26,14,15,26],"averageObj":[6516.488469382764,6792.514236880318,6323.121834938462,6153.318518268083,6259.288078739081],"slackBeforeALNS":0,"nInitialNotServicedFixedRequests":[0,0,0,0,0],"averageNotServicedExpectedRequests":[36.4,39.0,33.4,32.2,32.9],"ALNSIterations":[4490,4105,4516,4532,3625],"runId":["Run 1","Run 2","Run 3","Run 4","Run 5"]}