{"slackAfterALNS":0,"nInitialNotServicedExpectedRequests":[21,25,19,27,18],"averageObj":[6099.7147969042735,6310.35806352557,6003.271651201792,6133.615397110419,6278.8253956519775],"slackBeforeALNS":0,"nInitialNotServicedFixedRequests":[0,0,0,0,0],"averageNotServicedExpectedRequests":[32.0,34.2,30.4,32.7,32.9],"ALNSIterations":[4871,5026,4914,4080,4921],"runId":["Run 1","Run 2","Run 3","Run 4","Run 5"]}