{"slackAfterALNS":0,"nInitialNotServicedExpectedRequests":[1,1,1,1,0],"averageObj":[456.6724838281474,421.88979835690054,470.65,462.32752613240416,470.0],"slackBeforeALNS":0,"nInitialNotServicedFixedRequests":[0,0,0,0,0],"averageNotServicedExpectedRequests":[2.8,2.4,3.0,2.9,3.0],"ALNSIterations":[421210,516468,471202,459732,425797],"runId":["Run 1","Run 2","Run 3","Run 4","Run 5"]}