{"slackAfterALNS":0,"nInitialNotServicedExpectedRequests":[7,2,1,10,4],"averageObj":[5654.301187232029,5435.180443772898,5382.123712692444,11360.252890467174,5375.871213423293],"slackBeforeALNS":0,"nInitialNotServicedFixedRequests":[0,0,0,3,0],"averageNotServicedExpectedRequests":[24.8,21.6,21.2,22.3,22.0],"ALNSIterations":[4526,4902,4729,4408,4854],"runId":["Run 1","Run 2","Run 3","Run 4","Run 5"]}