{"slackAfterALNS":0,"nInitialNotServicedExpectedRequests":[27,23,26,25,26,21,28,19,27,31],"averageObj":[7423.148190449628,8267.89874208893,8065.93340895164,8291.921859782056,8106.820549582975,7826.139701389729,7653.995799323474,8275.95905924485,7528.529485421661,7606.763361632011],"slackBeforeALNS":0,"nInitialNotServicedFixedRequests":[0,0,0,0,0,0,0,0,0,0],"averageNotServicedExpectedRequests":[46.3,56.2,53.2,56.3,54.5,50.5,49.3,55.9,47.6,48.7],"runId":["Run 1","Run 2","Run 3","Run 4","Run 5","Run 6","Run 7","Run 8","Run 9","Run 10"]}