{"slackAfterALNS":0,"nInitialNotServicedExpectedRequests":[10,2,7,4,6],"averageObj":[23973.79022847045,12283.610492126063,10852.464774501654,14371.491932984525,14678.419277728332],"slackBeforeALNS":0,"nInitialNotServicedFixedRequests":[8,2,1,3,3],"averageNotServicedExpectedRequests":[26.6,30.6,36.1,30.6,34.5],"ALNSIterations":[700,819,865,739,765],"runId":["Run 1","Run 2","Run 3","Run 4","Run 5"]}