{"slackAfterALNS":0,"nInitialNotServicedExpectedRequests":[10,9,10,5,6],"averageObj":[10806.267111090692,8510.544999285947,8205.724425698863,10684.512986069174,12573.312587552267],"slackBeforeALNS":0,"nInitialNotServicedFixedRequests":[1,0,0,1,2],"averageNotServicedExpectedRequests":[36.9,33.8,29.7,35.4,35.1],"ALNSIterations":[841,866,547,752,701],"runId":["Run 1","Run 2","Run 3","Run 4","Run 5"]}