{"slackAfterALNS":0,"nInitialNotServicedExpectedRequests":[7,6,3,2,9,8,5,8,3,8],"averageObj":[2461.413730348155,2526.279450946488,2284.8888424970596,2341.3951373846103,2396.107139645075,2369.7645126182592,2630.282284686131,2480.4291692907027,2443.3867758617016,2440.1477860337995],"slackBeforeALNS":0,"nInitialNotServicedFixedRequests":[0,0,0,0,0,0,0,0,0,0],"averageNotServicedExpectedRequests":[15.6,16.4,13.6,14.4,15.2,14.5,17.5,15.7,15.5,15.3],"runId":["Run 1","Run 2","Run 3","Run 4","Run 5","Run 6","Run 7","Run 8","Run 9","Run 10"]}