{"slackAfterALNS":0,"nInitialNotServicedExpectedRequests":[4,12,2,5,10,6,1,6,10,2],"averageObj":[2404.2346441042864,2484.4873527566447,2599.0879878723263,2441.5798182803646,2581.705822465455,2521.2104553970953,2486.709806953996,2832.57306745608,2485.610172797212,2319.2711583730647],"slackBeforeALNS":0,"nInitialNotServicedFixedRequests":[0,0,0,0,0,0,0,0,0,0],"averageNotServicedExpectedRequests":[15.0,16.1,17.0,15.4,17.1,16.2,15.8,19.8,15.9,14.1],"runId":["Run 1","Run 2","Run 3","Run 4","Run 5","Run 6","Run 7","Run 8","Run 9","Run 10"]}