{"slackAfterALNS":0,"nInitialNotServicedExpectedRequests":[10,9,8,7,9,8,8,5,9,5],"averageObj":[2614.1693772899926,2727.06235712087,2419.762805022986,2592.0736620278494,2539.891306899985,2679.1851948730105,2732.87115091396,2671.1424685435713,2611.3886328550616,2782.591762056397],"slackBeforeALNS":0,"nInitialNotServicedFixedRequests":[0,0,0,0,0,0,0,0,0,0],"averageNotServicedExpectedRequests":[17.5,18.5,15.1,17.0,16.6,18.1,18.5,18.1,17.2,19.2],"runId":["Run 1","Run 2","Run 3","Run 4","Run 5","Run 6","Run 7","Run 8","Run 9","Run 10"]}