{"slackAfterALNS":0,"nInitialNotServicedExpectedRequests":[8,14,3,10,10,8,13,11,12,12],"averageObj":[4648.587377980326,4937.948439445967,4561.501595894637,4943.276462978217,4790.061475295201,4736.876751961695,4796.291430288858,4618.562150681393,4773.902708352321,4979.971484072405],"slackBeforeALNS":0,"nInitialNotServicedFixedRequests":[1,1,1,1,1,1,1,1,1,1],"averageNotServicedExpectedRequests":[17.5,21.1,16.8,20.6,19.1,18.7,19.4,17.5,19.3,21.4],"runId":["Run 1","Run 2","Run 3","Run 4","Run 5","Run 6","Run 7","Run 8","Run 9","Run 10"]}