{"slackAfterALNS":0,"nInitialNotServicedExpectedRequests":[7,3,3,6,2],"averageObj":[7634.870575523436,6929.599683892954,5014.338771162771,11077.079546704594,11560.22294735097],"slackBeforeALNS":0,"nInitialNotServicedFixedRequests":[1,1,0,3,3],"averageNotServicedExpectedRequests":[25.2,17.6,17.5,19.1,23.6],"ALNSIterations":[4164,4368,4374,4263,4196],"runId":["Run 1","Run 2","Run 3","Run 4","Run 5"]}