{"slackAfterALNS":0,"nInitialNotServicedExpectedRequests":[5,3,7,6,3],"averageObj":[7555.674831318572,9530.149142787803,7636.330720918306,5946.811150221491,7820.563628163259],"slackBeforeALNS":0,"nInitialNotServicedFixedRequests":[1,2,1,0,1],"averageNotServicedExpectedRequests":[24.0,23.2,24.4,29.0,26.4],"ALNSIterations":[4385,4508,4439,4466,4673],"runId":["Run 1","Run 2","Run 3","Run 4","Run 5"]}