{"slackAfterALNS":0,"nInitialNotServicedExpectedRequests":[8,4,12,4,4],"averageObj":[5486.379830160677,5320.9749921513885,13705.475706574358,7502.784937161237,7788.254006551045],"slackBeforeALNS":0,"nInitialNotServicedFixedRequests":[0,0,4,1,1],"averageNotServicedExpectedRequests":[22.5,20.6,26.0,23.5,26.9],"ALNSIterations":[4445,4390,4202,4568,4639],"runId":["Run 1","Run 2","Run 3","Run 4","Run 5"]}