{"slackAfterALNS":0,"nInitialNotServicedExpectedRequests":[2,11,2,4,4],"averageObj":[5200.026370784723,5107.452884140174,5462.434465094818,5240.0500130604505,5500.630873430351],"slackBeforeALNS":0,"nInitialNotServicedFixedRequests":[0,0,0,0,0],"averageNotServicedExpectedRequests":[21.0,18.4,23.2,21.4,23.3],"ALNSIterations":[4589,4553,4688,4409,4576],"runId":["Run 1","Run 2","Run 3","Run 4","Run 5"]}