{"slackAfterALNS":0,"nInitialNotServicedExpectedRequests":[3,4,3,6,7],"averageObj":[7553.497515033469,7232.023913202417,5495.333588341983,7664.342968652012,7598.300539346145],"slackBeforeALNS":0,"nInitialNotServicedFixedRequests":[1,1,0,1,1],"averageNotServicedExpectedRequests":[23.2,19.7,23.2,25.0,23.7],"ALNSIterations":[4385,4211,4270,4439,4458],"runId":["Run 1","Run 2","Run 3","Run 4","Run 5"]}