{"slackAfterALNS":0,"nInitialNotServicedExpectedRequests":[8,7,10,11,5],"averageObj":[5569.703412517947,7476.662748940963,7620.466899616171,7409.062291113454,5459.7871511549565],"slackBeforeALNS":0,"nInitialNotServicedFixedRequests":[0,1,1,1,0],"averageNotServicedExpectedRequests":[24.7,23.4,25.2,23.6,23.1],"ALNSIterations":[4517,4431,4644,4626,4650],"runId":["Run 1","Run 2","Run 3","Run 4","Run 5"]}