{"slackAfterALNS":0,"nInitialNotServicedExpectedRequests":[10,11,7,4,7],"averageObj":[9507.071181298377,8126.619438136916,5256.819884693025,5486.155844972583,7458.950561811454],"slackBeforeALNS":0,"nInitialNotServicedFixedRequests":[2,1,0,0,1],"averageNotServicedExpectedRequests":[23.2,30.1,19.6,23.7,22.4],"ALNSIterations":[4598,4662,4360,4605,4333],"runId":["Run 1","Run 2","Run 3","Run 4","Run 5"]}