{"slackAfterALNS":0,"nInitialNotServicedExpectedRequests":[4,8,9,3,7],"averageObj":[11695.86715627104,9682.426402625943,9797.672879168249,7388.6591402711465,7147.075845908289],"slackBeforeALNS":0,"nInitialNotServicedFixedRequests":[3,2,2,1,1],"averageNotServicedExpectedRequests":[25.1,25.9,26.3,21.2,19.3],"ALNSIterations":[4199,4451,4369,4528,4758],"runId":["Run 1","Run 2","Run 3","Run 4","Run 5"]}