{"slackAfterALNS":0,"nInitialNotServicedExpectedRequests":[6,8,10,5,5],"averageObj":[7824.262933912449,13877.625838876698,8045.444482204955,7599.508027172483,5446.31360245969],"slackBeforeALNS":0,"nInitialNotServicedFixedRequests":[1,4,1,1,0],"averageNotServicedExpectedRequests":[27.1,28.0,28.4,25.0,23.2],"ALNSIterations":[4407,4229,4302,4369,4449],"runId":["Run 1","Run 2","Run 3","Run 4","Run 5"]}