{"slackAfterALNS":0,"nInitialNotServicedExpectedRequests":[24,21,22,24,17,19,22,22,22,21],"averageObj":[5881.7041996468515,6036.868493273842,6033.312264435124,5897.9322081454875,5840.448169218524,6209.155522661541,5755.646374215823,6287.70607922599,6126.109116833782,5830.721790533857],"slackBeforeALNS":0,"nInitialNotServicedFixedRequests":[1,1,1,1,1,1,1,1,1,1],"averageNotServicedExpectedRequests":[28.7,30.5,30.4,29.2,28.4,32.5,27.3,33.4,31.7,28.2],"runId":["Run 1","Run 2","Run 3","Run 4","Run 5","Run 6","Run 7","Run 8","Run 9","Run 10"]}