{"slackAfterALNS":0,"nInitialNotServicedExpectedRequests":[34,20,29,30,22,29,30,26,18,22],"averageObj":[4182.169769977144,6322.786220171149,5980.633209983276,4619.2867123381575,3867.537774027638,4404.674239842677,4162.991461359181,6133.884641633389,3804.474775438547,4233.020050933942],"slackBeforeALNS":0,"nInitialNotServicedFixedRequests":[0,1,1,0,0,0,0,1,0,0],"averageNotServicedExpectedRequests":[32.0,33.3,29.6,37.1,28.3,34.3,31.9,31.5,27.6,32.0],"runId":["Run 1","Run 2","Run 3","Run 4","Run 5","Run 6","Run 7","Run 8","Run 9","Run 10"]}