{"slackAfterALNS":0,"nInitialNotServicedExpectedRequests":[16,25,22,17,19,28,27,24,19,19],"averageObj":[7877.979563660954,8122.585878568474,8077.3272471648115,7845.595744053417,7932.6659866090795,7987.814935726342,8194.993999354881,8133.343255256732,7967.376600693513,8085.784416751056],"slackBeforeALNS":0,"nInitialNotServicedFixedRequests":[2,2,2,2,2,2,2,2,2,2],"averageNotServicedExpectedRequests":[29.1,31.8,31.1,28.4,29.4,30.4,32.6,31.8,30.2,31.0],"runId":["Run 1","Run 2","Run 3","Run 4","Run 5","Run 6","Run 7","Run 8","Run 9","Run 10"]}