{"slackAfterALNS":0,"nInitialNotServicedExpectedRequests":[26,19,23,26,26,24,25,20,35,30],"averageObj":[10108.166155973584,9971.529002165955,10208.295929080417,10140.381750735967,10244.727022240128,10076.934819259577,10133.02947689808,10022.24865796605,10233.48847970903,10317.482949897818],"slackBeforeALNS":0,"nInitialNotServicedFixedRequests":[3,3,3,3,3,3,3,3,3,3],"averageNotServicedExpectedRequests":[31.1,29.6,32.1,31.5,32.9,31.0,31.8,30.5,32.7,33.6],"runId":["Run 1","Run 2","Run 3","Run 4","Run 5","Run 6","Run 7","Run 8","Run 9","Run 10"]}