{"slackAfterALNS":0,"nInitialNotServicedExpectedRequests":[21,25,27,16,23,21,16,18,26,19],"averageObj":[3833.111541961669,3791.8123820524743,4373.879930055774,4104.197855688018,3941.3708647582766,4013.2751699267055,4057.225177774817,4330.1449003440375,4021.5252198223075,4063.043677015835],"slackBeforeALNS":0,"nInitialNotServicedFixedRequests":[0,0,0,0,0,0,0,0,0,0],"averageNotServicedExpectedRequests":[28.3,27.7,34.1,31.6,29.6,30.3,31.0,34.0,30.5,30.7],"runId":["Run 1","Run 2","Run 3","Run 4","Run 5","Run 6","Run 7","Run 8","Run 9","Run 10"]}