{"slackAfterALNS":0,"nInitialNotServicedExpectedRequests":[27,21,21,21,23,26,27,19,19,21],"averageObj":[4170.886058225201,4291.630390888885,4402.934643657655,4171.071342792891,4244.826268364008,4429.114845666026,4192.465185060089,4042.3628559778344,4165.03819249511,4174.718942848822],"slackBeforeALNS":0,"nInitialNotServicedFixedRequests":[0,0,0,0,0,0,0,0,0,0],"averageNotServicedExpectedRequests":[31.7,33.5,34.5,31.9,32.7,34.9,32.4,30.7,32.1,32.2],"runId":["Run 1","Run 2","Run 3","Run 4","Run 5","Run 6","Run 7","Run 8","Run 9","Run 10"]}