{"slackAfterALNS":0,"nInitialNotServicedExpectedRequests":[23,17,28,25,23,22,16,28,25,19],"averageObj":[8054.7910582919985,8075.7400156758085,8055.5099726729695,8199.08775032364,8047.378701089348,8031.289706980055,8335.233566014289,8163.451696300581,7980.3009466343765,8090.004094117359],"slackBeforeALNS":0,"nInitialNotServicedFixedRequests":[2,2,2,2,2,2,2,2,2,2],"averageNotServicedExpectedRequests":[30.9,30.9,30.9,32.2,30.9,30.6,34.3,32.3,30.4,31.2],"runId":["Run 1","Run 2","Run 3","Run 4","Run 5","Run 6","Run 7","Run 8","Run 9","Run 10"]}