{"slackAfterALNS":0,"nInitialNotServicedExpectedRequests":[23,25,24,26,23,28,23,21,23,25],"averageObj":[4129.671955802046,4007.3405221968483,4256.146365559832,4057.0526236422456,4082.8616406963883,4115.705048045177,4189.066770860729,4091.852181732834,4143.894976346876,4427.315096565179],"slackBeforeALNS":0,"nInitialNotServicedFixedRequests":[0,0,0,0,0,0,0,0,0,0],"averageNotServicedExpectedRequests":[31.5,29.7,32.9,30.8,31.0,30.9,32.3,30.8,31.7,34.4],"runId":["Run 1","Run 2","Run 3","Run 4","Run 5","Run 6","Run 7","Run 8","Run 9","Run 10"]}