{"slackAfterALNS":0,"nInitialNotServicedExpectedRequests":[23,32,31,22,18,25,23,28,23,21],"averageObj":[3998.7283986736534,4243.470741209987,4407.70407692117,4203.6589305588805,3982.1534409749065,4379.0328892273255,3983.701605170472,4143.194583112926,4267.076039159937,4134.33357374911],"slackBeforeALNS":0,"nInitialNotServicedFixedRequests":[0,0,0,0,0,0,0,0,0,0],"averageNotServicedExpectedRequests":[30.2,32.4,34.4,32.1,29.5,34.0,29.5,31.3,32.9,31.4],"runId":["Run 1","Run 2","Run 3","Run 4","Run 5","Run 6","Run 7","Run 8","Run 9","Run 10"]}