{"slackAfterALNS":0,"nInitialNotServicedExpectedRequests":[23,23,23,22,24,22,23,24,22,26],"averageObj":[6113.620799567175,5848.29275487807,6367.952414535157,6405.154213035409,6097.46729031557,6378.455380617225,6096.37940709092,6162.513745465319,6250.470348175753,6606.524362811491],"slackBeforeALNS":0,"nInitialNotServicedFixedRequests":[1,1,1,1,1,1,1,1,1,1],"averageNotServicedExpectedRequests":[31.6,27.9,33.7,34.3,31.1,34.5,30.4,31.9,32.2,37.0],"runId":["Run 1","Run 2","Run 3","Run 4","Run 5","Run 6","Run 7","Run 8","Run 9","Run 10"]}