{"slackAfterALNS":0,"nInitialNotServicedExpectedRequests":[3,4,7,5,6],"averageObj":[5393.8519774972665,5699.923416389873,7722.905388818019,5540.063777000821,5381.936937756733],"slackBeforeALNS":0,"nInitialNotServicedFixedRequests":[0,0,1,0,0],"averageNotServicedExpectedRequests":[21.7,24.9,25.2,23.6,22.1],"ALNSIterations":[4648,4617,4645,4479,4657],"runId":["Run 1","Run 2","Run 3","Run 4","Run 5"]}