{"slackAfterALNS":0,"nInitialNotServicedExpectedRequests":[4,6,3,16,10],"averageObj":[5469.5031091587625,7565.624705879422,5461.839631727789,5823.428744252384,9609.156875562878],"slackBeforeALNS":0,"nInitialNotServicedFixedRequests":[0,1,0,0,2],"averageNotServicedExpectedRequests":[22.9,24.9,22.7,25.9,24.2],"ALNSIterations":[4353,4417,4345,4815,4490],"runId":["Run 1","Run 2","Run 3","Run 4","Run 5"]}