{"slackAfterALNS":0,"nInitialNotServicedExpectedRequests":[6,8,7,7,9],"averageObj":[5308.0803040922965,7587.798050598196,7425.927696371279,10070.270089026872,9736.351085438435],"slackBeforeALNS":0,"nInitialNotServicedFixedRequests":[0,1,1,2,2],"averageNotServicedExpectedRequests":[22.7,24.8,23.2,30.3,26.6],"ALNSIterations":[4407,4672,4748,4588,4795],"runId":["Run 1","Run 2","Run 3","Run 4","Run 5"]}