{"slackAfterALNS":0,"nInitialNotServicedExpectedRequests":[11,15,16,15,13],"averageObj":[6505.0608909735,8522.48026847698,6734.326400403434,8687.982904925362,4747.4352730294495],"slackBeforeALNS":0,"nInitialNotServicedFixedRequests":[2,3,2,3,1],"averageNotServicedExpectedRequests":[15.0,16.0,18.0,16.0,18.0],"ALNSIterations":[2092,2238,2441,2469,2431],"runId":["Run 1","Run 2","Run 3","Run 4","Run 5"]}