{"slackAfterALNS":0,"nInitialNotServicedExpectedRequests":[11,11,12,10,10],"averageObj":[8353.805407413882,6565.539877988669,6611.606682135209,6102.862457932504,8663.340652549507],"slackBeforeALNS":0,"nInitialNotServicedFixedRequests":[3,2,2,2,3],"averageNotServicedExpectedRequests":[15.0,17.0,17.0,12.0,18.0],"ALNSIterations":[1524,1621,1759,1243,1479],"runId":["Run 1","Run 2","Run 3","Run 4","Run 5"]}