{"slackAfterALNS":0,"nInitialNotServicedExpectedRequests":[16,15,12,18,12],"averageObj":[6642.908815306722,4486.364216741372,4526.1488101520645,6663.192972202674,6397.5054123630125],"slackBeforeALNS":0,"nInitialNotServicedFixedRequests":[2,1,1,2,2],"averageNotServicedExpectedRequests":[18.0,16.0,16.0,18.0,15.0],"ALNSIterations":[2491,2594,2575,2606,2630],"runId":["Run 1","Run 2","Run 3","Run 4","Run 5"]}