{"slackAfterALNS":0,"nInitialNotServicedExpectedRequests":[9,12,8,9,10],"averageObj":[3976.995716595163,4414.833003725363,4054.1447381923927,4195.216290677482,2392.6288537772375],"slackBeforeALNS":0,"nInitialNotServicedFixedRequests":[1,1,1,1,0],"averageNotServicedExpectedRequests":[10.0,15.0,11.0,12.0,14.0],"ALNSIterations":[995,2626,1898,2563,2622],"runId":["Run 1","Run 2","Run 3","Run 4","Run 5"]}