{"slackAfterALNS":0,"nInitialNotServicedExpectedRequests":[11,11,10,10,10],"averageObj":[4218.191309329508,4412.524742535813,6211.490927083182,5941.957768478343,6339.239829318401],"slackBeforeALNS":0,"nInitialNotServicedFixedRequests":[1,1,2,2,2],"averageNotServicedExpectedRequests":[13.0,15.0,13.0,10.0,14.0],"ALNSIterations":[2318,2444,1406,1375,1587],"runId":["Run 1","Run 2","Run 3","Run 4","Run 5"]}