{"slackAfterALNS":0,"nInitialNotServicedExpectedRequests":[6,10,9,9,10],"averageObj":[8581.981211852328,4286.212862111075,8174.0538172730685,7976.703912073177,6249.815667841008],"slackBeforeALNS":0,"nInitialNotServicedFixedRequests":[3,1,3,3,2],"averageNotServicedExpectedRequests":[17.0,13.0,12.0,10.0,13.0],"ALNSIterations":[1315,1343,1708,1356,1216],"runId":["Run 1","Run 2","Run 3","Run 4","Run 5"]}