{"slackAfterALNS":0,"nInitialNotServicedExpectedRequests":[10,16,14,9,8],"averageObj":[14317.3560592104,14403.19390756988,8487.557710801479,14191.322720673987,10205.259115248837],"slackBeforeALNS":0,"nInitialNotServicedFixedRequests":[6,6,3,6,4],"averageNotServicedExpectedRequests":[14.0,15.0,16.0,13.0,13.0],"ALNSIterations":[2102,1952,1538,2267,2053],"runId":["Run 1","Run 2","Run 3","Run 4","Run 5"]}