{"slackAfterALNS":0,"nInitialNotServicedExpectedRequests":[9,8,14,11,8],"averageObj":[7985.714440158491,13935.704818600334,6786.150563585243,14195.732941560389,12313.974927010973],"slackBeforeALNS":0,"nInitialNotServicedFixedRequests":[3,6,2,6,5],"averageNotServicedExpectedRequests":[10.0,10.0,19.0,13.0,14.0],"ALNSIterations":[1564,1121,1702,1185,1599],"runId":["Run 1","Run 2","Run 3","Run 4","Run 5"]}