{"slackAfterALNS":0,"nInitialNotServicedExpectedRequests":[6,7,9,8,12],"averageObj":[4232.109144085457,2165.631875452582,4663.418159116003,4037.701853820334,4505.089553996935],"slackBeforeALNS":0,"nInitialNotServicedFixedRequests":[1,0,1,1,1],"averageNotServicedExpectedRequests":[13.0,12.0,17.0,11.0,16.0],"ALNSIterations":[2095,2500,2424,2079,1703],"runId":["Run 1","Run 2","Run 3","Run 4","Run 5"]}