{"slackAfterALNS":0,"nInitialNotServicedExpectedRequests":[9,7,9,8,6],"averageObj":[8085.622576779274,11894.273150965573,9987.654362739107,9925.541843441826,8022.0363573624445],"slackBeforeALNS":0,"nInitialNotServicedFixedRequests":[3,5,4,4,3],"averageNotServicedExpectedRequests":[11.0,10.0,11.0,10.0,11.0],"ALNSIterations":[1885,1022,1646,2413,2330],"runId":["Run 1","Run 2","Run 3","Run 4","Run 5"]}