{"slackAfterALNS":0,"nInitialNotServicedExpectedRequests":[60,51,35,52,50,53,48,52,52,52],"averageObj":[13707.058498425318,13035.406862102938,13161.275435206268,13929.735776383412,12574.532593700254,12926.928331935735,13156.505222357071,13624.100577558178,13091.622032101208,13193.183674977525],"slackBeforeALNS":0,"nInitialNotServicedFixedRequests":[0,0,0,0,0,0,0,0,0,0],"averageNotServicedExpectedRequests":[92.0,84.5,84.9,94.3,79.3,83.2,86.0,91.1,85.3,86.0],"runId":["Run 1","Run 2","Run 3","Run 4","Run 5","Run 6","Run 7","Run 8","Run 9","Run 10"]}