{"slackAfterALNS":0,"nInitialNotServicedExpectedRequests":[5,7,5,5,1],"averageObj":[7304.298257720827,5546.778989486937,9399.990156161792,5620.664938584827,5548.231797639039],"slackBeforeALNS":0,"nInitialNotServicedFixedRequests":[1,0,2,0,0],"averageNotServicedExpectedRequests":[21.5,23.7,22.0,23.8,23.2],"ALNSIterations":[4568,3686,4144,4368,5160],"runId":["Run 1","Run 2","Run 3","Run 4","Run 5"]}