{"slackAfterALNS":0,"nInitialNotServicedExpectedRequests":[4,8,3,6,4],"averageObj":[7654.591486739095,6188.053270725051,5941.359887189681,5406.933798622604,5467.320989004359],"slackBeforeALNS":0,"nInitialNotServicedFixedRequests":[1,0,0,0,0],"averageNotServicedExpectedRequests":[25.6,31.1,28.8,22.4,23.3],"ALNSIterations":[3857,4207,4134,4433,4299],"runId":["Run 1","Run 2","Run 3","Run 4","Run 5"]}