{"slackAfterALNS":0,"nInitialNotServicedExpectedRequests":[7,9,11,6,7],"averageObj":[9916.95253964866,9808.686012611171,7305.000057810374,5344.466588368682,9441.328654114091],"slackBeforeALNS":0,"nInitialNotServicedFixedRequests":[2,2,1,0,2],"averageNotServicedExpectedRequests":[26.6,27.5,21.9,22.6,23.1],"ALNSIterations":[4699,4571,3828,4116,4543],"runId":["Run 1","Run 2","Run 3","Run 4","Run 5"]}