{"slackAfterALNS":0,"nInitialNotServicedExpectedRequests":[4,0,2,4,2],"averageObj":[5395.3366725622955,5663.155024833321,9235.303956535712,5072.037678157175,5254.645823389767],"slackBeforeALNS":0,"nInitialNotServicedFixedRequests":[0,0,2,0,0],"averageNotServicedExpectedRequests":[21.6,24.9,20.3,18.7,20.7],"ALNSIterations":[3624,3836,4025,4333,4077],"runId":["Run 1","Run 2","Run 3","Run 4","Run 5"]}