{"slackAfterALNS":0,"nInitialNotServicedExpectedRequests":[4,4,8,11,9],"averageObj":[7116.7330353655725,5542.1976578104095,7477.208211982271,7935.87203968792,7572.313902124227],"slackBeforeALNS":0,"nInitialNotServicedFixedRequests":[1,0,1,1,1],"averageNotServicedExpectedRequests":[20.0,24.1,25.0,28.8,24.8],"ALNSIterations":[3671,4585,5554,4436,4134],"runId":["Run 1","Run 2","Run 3","Run 4","Run 5"]}