{"slackAfterALNS":0,"nInitialNotServicedExpectedRequests":[7,8,14,12,4,13,4,11,3,7],"averageObj":[4995.732553404001,5009.288859304712,4732.761122980564,4836.998155400218,4506.165113795325,4964.485178407047,4443.787151815329,4618.957295510345,4550.15135717444,4847.588566076349],"slackBeforeALNS":0,"nInitialNotServicedFixedRequests":[1,1,1,1,1,1,1,1,1,1],"averageNotServicedExpectedRequests":[21.3,21.8,18.7,19.8,16.3,21.2,15.3,17.0,16.5,19.9],"runId":["Run 1","Run 2","Run 3","Run 4","Run 5","Run 6","Run 7","Run 8","Run 9","Run 10"]}