{"slackAfterALNS":0,"nInitialNotServicedExpectedRequests":[3,11,11,2,8,7,6,8,11,10],"averageObj":[2666.7681967482995,2605.3963214227397,2623.1851390906113,2792.444957454224,2637.6699386458095,2579.6999443900486,2667.1958420864507,2635.0661075918524,2872.017080651663,2759.79500324928],"slackBeforeALNS":0,"nInitialNotServicedFixedRequests":[0,0,0,0,0,0,0,0,0,0],"averageNotServicedExpectedRequests":[17.9,17.1,17.3,19.4,17.4,17.0,17.5,17.5,20.2,19.0],"runId":["Run 1","Run 2","Run 3","Run 4","Run 5","Run 6","Run 7","Run 8","Run 9","Run 10"]}