{"slackAfterALNS":0,"nInitialNotServicedExpectedRequests":[7,8,7,7,7],"averageObj":[18695.13207204647,10084.17743733045,14340.97759789383,14559.845616200048,12763.648676293486],"slackBeforeALNS":0,"nInitialNotServicedFixedRequests":[5,1,3,3,2],"averageNotServicedExpectedRequests":[34.5,26.3,31.1,30.9,34.9],"ALNSIterations":[660,642,654,620,597],"runId":["Run 1","Run 2","Run 3","Run 4","Run 5"]}