{"slackAfterALNS":0,"nInitialNotServicedExpectedRequests":[9,16,14,14,8],"averageObj":[20843.39828423102,32688.670882051018,20861.489086394406,15185.213317588694,24796.31455530678],"slackBeforeALNS":0,"nInitialNotServicedFixedRequests":[6,12,6,3,8],"averageNotServicedExpectedRequests":[35.9,35.5,35.7,40.8,36.9],"ALNSIterations":[679,646,649,732,761],"runId":["Run 1","Run 2","Run 3","Run 4","Run 5"]}