{"slackAfterALNS":0,"nInitialNotServicedExpectedRequests":[16,8,6,15,6],"averageObj":[19412.27040965314,16041.493312519411,9875.062264808605,15961.713000140506,13258.645301155022],"slackBeforeALNS":0,"nInitialNotServicedFixedRequests":[6,4,1,4,3],"averageNotServicedExpectedRequests":[21.0,28.0,26.0,28.0,19.0],"ALNSIterations":[818,717,720,687,766],"runId":["Run 1","Run 2","Run 3","Run 4","Run 5"]}