{"slackAfterALNS":0,"nInitialNotServicedExpectedRequests":[17,18,13,18,14,15,23,16,20,23],"averageObj":[44383.45464020134,46366.95215838375,46293.91046318076,46441.454696771565,44429.53232493823,44308.982892710075,44634.17551630627,46425.3257036455,44485.31959735873,44457.58145678144],"slackBeforeALNS":0,"nInitialNotServicedFixedRequests":[21,22,22,22,21,21,21,22,21,21],"averageNotServicedExpectedRequests":[17.4,17.2,16.2,18.2,17.8,16.6,19.9,17.9,18.2,18.0],"runId":["Run 1","Run 2","Run 3","Run 4","Run 5","Run 6","Run 7","Run 8","Run 9","Run 10"]}