{"slackAfterALNS":0,"nInitialNotServicedExpectedRequests":[16,20,13,17,23,16,14,13,23,20],"averageObj":[38559.59227836501,38493.901811622534,38339.06863567738,36533.368707376314,36502.76161278573,38426.613755421844,38584.961379968765,36465.85845180486,36523.032834584585,36657.20849443787],"slackBeforeALNS":0,"nInitialNotServicedFixedRequests":[18,18,18,17,17,18,18,17,17,17],"averageNotServicedExpectedRequests":[19.1,18.4,16.5,18.6,18.3,17.6,19.4,17.9,18.2,19.9],"runId":["Run 1","Run 2","Run 3","Run 4","Run 5","Run 6","Run 7","Run 8","Run 9","Run 10"]}