{"slackAfterALNS":0,"nInitialNotServicedExpectedRequests":[24,15,23,21,17,18,20,16,15,11],"averageObj":[22863.204884851883,22617.15900054207,22738.152467113774,22617.75029247914,24442.715795323285,22623.225131481933,22634.15827162115,24658.708477289252,24422.82372846525,24490.734152184297],"slackBeforeALNS":0,"nInitialNotServicedFixedRequests":[10,10,10,10,11,10,10,11,11,11],"averageNotServicedExpectedRequests":[21.2,18.7,19.9,18.4,16.9,18.5,18.6,19.2,16.5,17.0],"runId":["Run 1","Run 2","Run 3","Run 4","Run 5","Run 6","Run 7","Run 8","Run 9","Run 10"]}