{"slackAfterALNS":0,"nInitialNotServicedExpectedRequests":[16,16,18,15,22,15,12,17,17,14],"averageObj":[32361.081660634594,32534.07509257171,30471.38337792647,32481.80656260316,30595.547993339016,30584.88162752908,32345.62747402231,32564.713423045916,32331.326787418402,32460.82145272892],"slackBeforeALNS":0,"nInitialNotServicedFixedRequests":[15,15,14,15,14,14,15,15,15,15],"averageNotServicedExpectedRequests":[16.3,18.3,17.4,17.5,18.8,18.5,16.2,18.7,16.2,17.1],"runId":["Run 1","Run 2","Run 3","Run 4","Run 5","Run 6","Run 7","Run 8","Run 9","Run 10"]}