{"slackAfterALNS":0,"nInitialNotServicedExpectedRequests":[17,22,18,16,15,23,18,18,18,14],"averageObj":[34648.28228475469,34709.2102783008,34598.1672048058,34649.24744936026,34515.841157730945,34675.29974479116,34490.695835608356,36507.07400609654,34420.957124081484,34526.84607976313],"slackBeforeALNS":0,"nInitialNotServicedFixedRequests":[16,16,16,16,16,16,16,17,16,16],"averageNotServicedExpectedRequests":[19.6,20.1,18.9,19.7,18.3,19.9,17.7,18.0,17.1,18.2],"runId":["Run 1","Run 2","Run 3","Run 4","Run 5","Run 6","Run 7","Run 8","Run 9","Run 10"]}