{"slackAfterALNS":0,"nInitialNotServicedExpectedRequests":[16,18,17,14,18,14,16,22,17,17],"averageObj":[30856.434964803782,30712.687635868533,30736.974087693834,30565.049522699246,30641.062570663646,30629.67589784551,30580.71442915181,28714.697205528995,30671.739759779633,30687.23652889493],"slackBeforeALNS":0,"nInitialNotServicedFixedRequests":[14,14,14,14,14,14,14,13,14,14],"averageNotServicedExpectedRequests":[21.9,19.8,20.5,18.4,19.5,19.2,18.7,20.1,19.8,19.7],"runId":["Run 1","Run 2","Run 3","Run 4","Run 5","Run 6","Run 7","Run 8","Run 9","Run 10"]}