{"slackAfterALNS":0,"nInitialNotServicedExpectedRequests":[10,8,10,13,10],"averageObj":[6172.163294015051,10130.296812672823,4433.21147286008,4369.265797467727,6504.7014910619855],"slackBeforeALNS":0,"nInitialNotServicedFixedRequests":[2,4,1,1,2],"averageNotServicedExpectedRequests":[12.0,12.0,15.0,14.0,16.0],"ALNSIterations":[22279,15370,16293,14724,15296],"runId":["Run 1","Run 2","Run 3","Run 4","Run 5"]}