{"slackAfterALNS":0,"nInitialNotServicedExpectedRequests":[8,12,4,6,8],"averageObj":[2651.075053074778,2735.408681399472,2151.866726854313,1983.782228728995,2474.4155241164176],"slackBeforeALNS":0,"nInitialNotServicedFixedRequests":[0,0,0,0,0],"averageNotServicedExpectedRequests":[17.0,18.0,11.0,10.0,14.0],"ALNSIterations":[14077,18159,19852,13556,12988],"runId":["Run 1","Run 2","Run 3","Run 4","Run 5"]}