{"slackAfterALNS":0,"nInitialNotServicedExpectedRequests":[5,7,8,6,10],"averageObj":[2082.6436849838324,2514.4253927590316,1964.4834151014416,1965.4341233945538,2333.1933902153364],"slackBeforeALNS":0,"nInitialNotServicedFixedRequests":[0,0,0,0,0],"averageNotServicedExpectedRequests":[11.0,16.0,10.0,10.0,14.0],"ALNSIterations":[19615,19542,19902,16113,25037],"runId":["Run 1","Run 2","Run 3","Run 4","Run 5"]}