{
    "slackAfterALNS": 26.0,
    "nInitialNotServicedExpectedRequests": [
        46,
        52,
        61,
        47,
        46,
        54,
        50,
        48,
        46,
        48
    ],
    "averageObj": [
        3304.2597683535205,
        3297.316935490345,
        5208.740126576335,
        5264.366822116854,
        5222.426383000633,
        5280.957501463843,
        3305.2366523615833,
        3279.815399549726,
        5193.481007065477,
        5233.411686784751
    ],
    "slackBeforeALNS": 2935.0,
    "nInitialNotServicedFixedRequests": [
        0,
        0,
        1,
        1,
        1,
        1,
        0,
        0,
        1,
        1
    ],
    "averageNotServicedExpectedRequests": [
        48.5,
        47.7,
        56.5,
        47.1,
        55.0,
        49.7,
        53.1,
        51.0,
        50.4,
        44.1
    ],
    "runId": [
        "Run 1",
        "Run 2",
        "Run 3",
        "Run 4",
        "Run 5",
        "Run 6",
        "Run 7",
        "Run 8",
        "Run 9",
        "Run 10"
    ]
}