{"slackAfterALNS":18.0,"nInitialNotServicedExpectedRequests":[36,45,43,31,29,41,30,29,29,37],"averageObj":[7300.390065795917,5288.652897536589,11262.965211948203,9225.215171015405,5308.88276270538,9193.600871089786,9320.970406000732,9214.69184032081,9338.490260238756,15143.149604028065],"slackBeforeALNS":3313.0,"nInitialNotServicedFixedRequests":[2,1,4,3,1,3,3,3,3,6],"averageNotServicedExpectedRequests":[39.8,44.4,42.5,40.2,38.4,46.1,39.5,37.2,39.3,42.3],"runId":["Run 1","Run 2","Run 3","Run 4","Run 5","Run 6","Run 7","Run 8","Run 9","Run 10"]}