{"slackAfterALNS":267.0,"nInitialNotServicedExpectedRequests":[37,30,44,29,42,43,34,43,48,36],"averageObj":[5341.073866097142,5329.036597175591,5254.475139022399,5286.60092879729,5225.143775059461,9219.587613546792,7268.821312885759,7262.07620115454,11234.671896157659,5353.59599329281],"slackBeforeALNS":2643.0,"nInitialNotServicedFixedRequests":[1,1,1,1,1,3,2,2,4,1],"averageNotServicedExpectedRequests":[40.7,37.5,43.3,35.9,45.8,46.2,39.4,36.6,40.2,42.9],"runId":["Run 1","Run 2","Run 3","Run 4","Run 5","Run 6","Run 7","Run 8","Run 9","Run 10"]}