{"slackAfterALNS":0,"nInitialNotServicedExpectedRequests":[2,1,3,2,2],"averageObj":[4431.487037825563,4425.2841730724895,4434.031418593029,4343.13953488372,4515.168042010502],"slackBeforeALNS":0,"nInitialNotServicedFixedRequests":[2,2,2,2,2],"averageNotServicedExpectedRequests":[2.7,2.6,2.6,1.8,3.7],"ALNSIterations":[254172,337577,232279,310059,300810],"runId":["Run 1","Run 2","Run 3","Run 4","Run 5"]}