{"slackAfterALNS":0,"nInitialNotServicedExpectedRequests":[1,1,2,2,1],"averageObj":[456.42849086637773,413.9418228829994,401.1108822390745,420.83803586901223,390.6436208258723],"slackBeforeALNS":0,"nInitialNotServicedFixedRequests":[0,0,0,0,0],"averageNotServicedExpectedRequests":[2.8,2.3,2.2,2.4,2.0],"ALNSIterations":[305637,389740,368437,371916,360615],"runId":["Run 1","Run 2","Run 3","Run 4","Run 5"]}