{"slackAfterALNS":0,"nInitialNotServicedExpectedRequests":[4,1,2,1,4],"averageObj":[6448.810785144254,6490.692383131742,6500.512149844397,6467.263437045046,6420.5625910527015],"slackBeforeALNS":0,"nInitialNotServicedFixedRequests":[3,3,3,3,3],"averageNotServicedExpectedRequests":[2.7,3.2,3.3,2.9,2.4],"ALNSIterations":[352530,380013,381999,397349,320489],"runId":["Run 1","Run 2","Run 3","Run 4","Run 5"]}