{"slackAfterALNS":0,"nInitialNotServicedExpectedRequests":[2,0,1,0,1],"averageObj":[4407.778612472779,4427.371636170097,4416.2920353096515,4450.662569085665,4428.312371069854],"slackBeforeALNS":0,"nInitialNotServicedFixedRequests":[2,2,2,2,2],"averageNotServicedExpectedRequests":[2.4,2.6,2.5,2.9,2.7],"ALNSIterations":[581268,677407,549716,571260,542164],"runId":["Run 1","Run 2","Run 3","Run 4","Run 5"]}