{"slackAfterALNS":0,"nInitialNotServicedExpectedRequests":[1,0,2,2,4],"averageObj":[482.5313852813853,448.98469867556867,408.10620915032683,447.9522144522145,449.285648648392],"slackBeforeALNS":0,"nInitialNotServicedFixedRequests":[0,0,0,0,0],"averageNotServicedExpectedRequests":[3.1,2.7,2.3,2.7,2.7],"ALNSIterations":[780857,866423,798348,760595,735630],"runId":["Run 1","Run 2","Run 3","Run 4","Run 5"]}