{"slackAfterALNS":0,"nInitialNotServicedExpectedRequests":[1,1,3,0,0],"averageObj":[411.201214302146,511.9785338540787,409.655024213075,406.01958531783237,439.4572524595175],"slackBeforeALNS":0,"nInitialNotServicedFixedRequests":[0,0,0,0,0],"averageNotServicedExpectedRequests":[2.3,3.4,2.2,2.2,2.5],"ALNSIterations":[554444,609508,868224,811344,856012],"runId":["Run 1","Run 2","Run 3","Run 4","Run 5"]}