{"slackAfterALNS":0,"nInitialNotServicedExpectedRequests":[4,4,3,2,2],"averageObj":[6466.727393301259,6446.232065671425,6511.665653059868,6437.961790712625,6532.498748993402],"slackBeforeALNS":0,"nInitialNotServicedFixedRequests":[3,3,3,3,3],"averageNotServicedExpectedRequests":[2.9,2.7,3.4,2.6,3.6],"ALNSIterations":[688317,701128,885121,1005636,892028],"runId":["Run 1","Run 2","Run 3","Run 4","Run 5"]}