{"slackAfterALNS":0,"nInitialNotServicedExpectedRequests":[0,0,2,1,2],"averageObj":[6342.421245421245,6349.411661757365,6333.6760903093855,6289.050747863248,6326.646924287357],"slackBeforeALNS":0,"nInitialNotServicedFixedRequests":[3,3,3,3,3],"averageNotServicedExpectedRequests":[1.9,1.9,1.8,1.3,1.7],"ALNSIterations":[825697,888118,732192,685649,736029],"runId":["Run 1","Run 2","Run 3","Run 4","Run 5"]}