{"slackAfterALNS":0,"nInitialNotServicedExpectedRequests":[20,19,22,18,18],"averageObj":[5989.589220848845,5628.902385156556,5964.10244356837,5215.206625455532,5780.183178450497],"slackBeforeALNS":0,"nInitialNotServicedFixedRequests":[0,0,0,0,0],"averageNotServicedExpectedRequests":[31.0,26.0,30.0,21.0,29.0],"ALNSIterations":[3625,4344,4547,4366,4365],"runId":["Run 1","Run 2","Run 3","Run 4","Run 5"]}