{"slackAfterALNS":0,"nInitialNotServicedExpectedRequests":[7,13,8,8,9],"averageObj":[2571.332739637818,2530.5545710156234,2588.8616072229725,2486.244430713274,2510.8126984328055],"slackBeforeALNS":0,"nInitialNotServicedFixedRequests":[0,0,0,0,0],"averageNotServicedExpectedRequests":[16.6,16.2,16.5,15.5,16.1],"ALNSIterations":[39155,44354,44048,46612,44596],"runId":["Run 1","Run 2","Run 3","Run 4","Run 5"]}