{"slackAfterALNS":0,"nInitialNotServicedExpectedRequests":[12,10,11,11,10],"averageObj":[4619.091413654463,4972.747591464374,4678.550598135955,4712.708531639007,4657.018358237525],"slackBeforeALNS":0,"nInitialNotServicedFixedRequests":[1,1,1,1,1],"averageNotServicedExpectedRequests":[16.7,21.2,17.7,18.5,17.2],"ALNSIterations":[39603,35076,41944,46512,42289],"runId":["Run 1","Run 2","Run 3","Run 4","Run 5"]}