{"slackAfterALNS":0,"nInitialNotServicedExpectedRequests":[6,8,6,7,6],"averageObj":[4562.126452213668,2323.306075758338,2661.953607051311,4613.806672386005,6418.029344926641],"slackBeforeALNS":0,"nInitialNotServicedFixedRequests":[1,0,0,1,2],"averageNotServicedExpectedRequests":[15.4,12.8,16.6,16.3,14.5],"ALNSIterations":[37761,41588,44884,44325,43092],"runId":["Run 1","Run 2","Run 3","Run 4","Run 5"]}