{"slackAfterALNS":0,"nInitialNotServicedExpectedRequests":[5,10,5,2,10],"averageObj":[2619.561586977892,2882.706735271201,2593.953526907061,2387.3008376613093,2454.190830999302],"slackBeforeALNS":0,"nInitialNotServicedFixedRequests":[0,0,0,0,0],"averageNotServicedExpectedRequests":[17.4,20.0,16.3,14.2,15.0],"ALNSIterations":[43179,44965,47771,43537,49840],"runId":["Run 1","Run 2","Run 3","Run 4","Run 5"]}