{"slackAfterALNS":0,"nInitialNotServicedExpectedRequests":[11,7,9,10,9],"averageObj":[2758.570926217791,6452.244188365506,4592.044723590792,4515.899626577513,8616.084841807933],"slackBeforeALNS":0,"nInitialNotServicedFixedRequests":[0,2,1,1,3],"averageNotServicedExpectedRequests":[18.9,15.5,17.1,16.1,17.9],"ALNSIterations":[40239,41855,44810,44830,39545],"runId":["Run 1","Run 2","Run 3","Run 4","Run 5"]}