{"slackAfterALNS":0,"nInitialNotServicedExpectedRequests":[4,11,3,4,6],"averageObj":[4566.083517769524,2492.651006361812,2630.2088623305426,4565.024154702483,4566.764406444239],"slackBeforeALNS":0,"nInitialNotServicedFixedRequests":[1,0,0,1,1],"averageNotServicedExpectedRequests":[15.7,15.1,16.7,15.7,15.7],"ALNSIterations":[38788,35806,34687,31672,30190],"runId":["Run 1","Run 2","Run 3","Run 4","Run 5"]}