{"slackAfterALNS":0,"nInitialNotServicedExpectedRequests":[4,7,6,3,3],"averageObj":[4344.7302456519665,2718.2616235808027,2462.900201418468,2323.4664187355324,2435.0109041387623],"slackBeforeALNS":0,"nInitialNotServicedFixedRequests":[1,0,0,0,0],"averageNotServicedExpectedRequests":[14.2,17.9,15.2,13.8,15.0],"ALNSIterations":[37186,41588,39265,48958,23499],"runId":["Run 1","Run 2","Run 3","Run 4","Run 5"]}