{"slackAfterALNS":0,"nInitialNotServicedExpectedRequests":[9,11,11,9,14],"averageObj":[4732.255348681285,6649.120068462029,4767.100491058044,4526.192505660832,4758.348012733423],"slackBeforeALNS":0,"nInitialNotServicedFixedRequests":[1,2,1,1,1],"averageNotServicedExpectedRequests":[17.6,16.8,18.7,15.9,18.6],"ALNSIterations":[36384,39762,43787,33197,23409],"runId":["Run 1","Run 2","Run 3","Run 4","Run 5"]}