{"slackAfterALNS":0,"nInitialNotServicedExpectedRequests":[7,9,10,7,12],"averageObj":[2829.667869252275,2613.48982319737,2625.2149449806375,2574.865557083641,2518.430284913062],"slackBeforeALNS":0,"nInitialNotServicedFixedRequests":[0,0,0,0,0],"averageNotServicedExpectedRequests":[19.2,16.9,17.3,16.7,15.7],"ALNSIterations":[34018,39555,42554,37864,37029],"runId":["Run 1","Run 2","Run 3","Run 4","Run 5"]}