{"slackAfterALNS":0,"nInitialNotServicedExpectedRequests":[3,7,5,8,6],"averageObj":[2453.42885930056,2423.7152537172797,2453.327570916283,2417.928985058428,2608.1138655096092],"slackBeforeALNS":0,"nInitialNotServicedFixedRequests":[0,0,0,0,0],"averageNotServicedExpectedRequests":[15.1,15.0,15.3,14.8,16.8],"ALNSIterations":[40667,42204,43018,42677,56714],"runId":["Run 1","Run 2","Run 3","Run 4","Run 5"]}