{"slackAfterALNS":0,"nInitialNotServicedExpectedRequests":[2,0,1,0,0,1,0,1,0,2],"averageObj":[5943.128874529801,6447.989849545117,6683.307902131873,6063.856211908978,6619.740048206545,6559.213260188117,6375.222489046036,6474.703529745391,6256.181643212361,6489.767816753047],"slackBeforeALNS":0,"nInitialNotServicedFixedRequests":[0,0,0,0,0,0,0,0,0,0],"averageNotServicedExpectedRequests":[9.1,14.8,17.4,10.8,16.8,16.0,13.9,15.2,12.8,15.2],"runId":["Run 1","Run 2","Run 3","Run 4","Run 5","Run 6","Run 7","Run 8","Run 9","Run 10"]}