{"slackAfterALNS":0,"nInitialNotServicedExpectedRequests":[3,3,4,0,3,3,1,0,1,0],"averageObj":[6527.74137171288,6744.173806409153,6819.154243699869,7040.454891806221,7534.917972725588,6526.759037179569,6848.627019900858,6900.742248717661,6958.59898342829,6571.220300658116],"slackBeforeALNS":0,"nInitialNotServicedFixedRequests":[0,0,0,0,0,0,0,0,0,0],"averageNotServicedExpectedRequests":[15.5,17.6,18.4,21.0,25.8,15.5,19.1,19.6,20.2,16.0],"runId":["Run 1","Run 2","Run 3","Run 4","Run 5","Run 6","Run 7","Run 8","Run 9","Run 10"]}