{"slackAfterALNS":0,"nInitialNotServicedExpectedRequests":[29,26,28,34,33,28,28,26,29,27],"averageObj":[7758.334162761492,7957.465960336382,8707.913283130636,8191.577461909621,8234.584087755502,8203.117627144109,8315.990617541496,8404.036163457802,8434.836216424586,8141.789969244104],"slackBeforeALNS":0,"nInitialNotServicedFixedRequests":[0,0,0,0,0,0,0,0,0,0],"averageNotServicedExpectedRequests":[49.8,52.6,61.1,54.8,55.9,55.2,56.7,57.5,57.7,54.4],"runId":["Run 1","Run 2","Run 3","Run 4","Run 5","Run 6","Run 7","Run 8","Run 9","Run 10"]}