{"slackAfterALNS":0,"nInitialNotServicedExpectedRequests":[30,30,26,19,16,24,24,15,29,33],"averageObj":[7750.8203749244085,7519.309959850815,7460.294572319393,7939.645740696369,7419.284822111309,7932.187269133664,8025.106458046122,7933.890989376928,7992.44453758825,7771.974093960719],"slackBeforeALNS":0,"nInitialNotServicedFixedRequests":[0,0,0,0,0,0,0,0,0,0],"averageNotServicedExpectedRequests":[50.0,47.1,47.2,52.8,46.6,52.7,53.4,52.4,53.1,50.4],"runId":["Run 1","Run 2","Run 3","Run 4","Run 5","Run 6","Run 7","Run 8","Run 9","Run 10"]}