{"slackAfterALNS":0,"nInitialNotServicedExpectedRequests":[27,26,26,26,28,29,23,26,22,28],"averageObj":[8023.719906518161,7998.124851033921,8225.246325185344,7722.023268183482,7802.858324711326,8186.151631182556,8355.97235549653,7513.023810983761,7823.258262312619,8025.677876727849],"slackBeforeALNS":0,"nInitialNotServicedFixedRequests":[0,0,0,0,0,0,0,0,0,0],"averageNotServicedExpectedRequests":[52.7,53.3,55.3,49.3,50.9,55.0,56.9,47.3,51.2,52.8],"runId":["Run 1","Run 2","Run 3","Run 4","Run 5","Run 6","Run 7","Run 8","Run 9","Run 10"]}