{"slackAfterALNS":0,"nInitialNotServicedExpectedRequests":[25,27,28,25,26,25,31,26,28,33],"averageObj":[7946.090599493655,7984.899307373178,8444.788729313503,8218.546068553678,7739.038495877949,8377.9321458018,8145.163718750324,7963.496628745731,8081.751820355642,8677.07458952328],"slackBeforeALNS":0,"nInitialNotServicedFixedRequests":[0,0,0,0,0,0,0,0,0,0],"averageNotServicedExpectedRequests":[52.9,52.7,58.5,56.6,50.6,56.9,54.5,52.2,54.0,59.9],"runId":["Run 1","Run 2","Run 3","Run 4","Run 5","Run 6","Run 7","Run 8","Run 9","Run 10"]}