{"slackAfterALNS":0,"nInitialNotServicedExpectedRequests":[33,29,27,23,24,24,31,28,21,28],"averageObj":[7756.603840909677,8327.299194002226,8274.62824146463,7871.357161074108,7629.077132339856,8320.272148918015,8328.64246787789,8196.197125745068,8133.035537608828,8564.769984962086],"slackBeforeALNS":0,"nInitialNotServicedFixedRequests":[0,0,0,0,0,0,0,0,0,0],"averageNotServicedExpectedRequests":[50.3,56.6,55.8,51.1,48.5,56.6,56.3,54.7,53.8,59.0],"runId":["Run 1","Run 2","Run 3","Run 4","Run 5","Run 6","Run 7","Run 8","Run 9","Run 10"]}