{"slackAfterALNS":0,"nInitialNotServicedExpectedRequests":[27,29,28,29,24,27,31,32,27,23],"averageObj":[7730.304376533738,8047.0844374977805,7960.3894631795165,7505.153956580483,8311.264249692087,7792.406766794685,8331.469718677947,7856.28970720761,8077.585810576292,7606.98524985401],"slackBeforeALNS":0,"nInitialNotServicedFixedRequests":[0,0,0,0,0,0,0,0,0,0],"averageNotServicedExpectedRequests":[49.6,52.6,52.4,46.9,56.3,50.1,56.2,51.3,53.7,48.6],"runId":["Run 1","Run 2","Run 3","Run 4","Run 5","Run 6","Run 7","Run 8","Run 9","Run 10"]}