{"slackAfterALNS":0,"nInitialNotServicedExpectedRequests":[27,33,37,23,24,30,19,33,23,28],"averageObj":[7637.4504489852525,8209.980609489206,8103.613686337871,7759.071370880959,7415.67094844783,7966.056115145946,10206.33047182381,7653.584452129876,7859.474932390012,8276.351186465643],"slackBeforeALNS":0,"nInitialNotServicedFixedRequests":[0,0,0,0,0,0,1,0,0,0],"averageNotServicedExpectedRequests":[49.1,55.6,54.4,50.2,46.6,52.6,55.1,49.3,51.1,56.0],"runId":["Run 1","Run 2","Run 3","Run 4","Run 5","Run 6","Run 7","Run 8","Run 9","Run 10"]}