{"slackAfterALNS":0,"nInitialNotServicedExpectedRequests":[35,35,29,32,34,30,35,16,25,28],"averageObj":[7950.966342573057,8362.336097429781,8320.882868441844,8291.601108147977,8258.355519726052,8138.714337600797,8525.962641956594,8037.782712607298,8051.128715885538,8718.472537275888],"slackBeforeALNS":0,"nInitialNotServicedFixedRequests":[0,0,0,0,0,0,0,0,0,0],"averageNotServicedExpectedRequests":[52.6,57.5,56.8,56.7,55.6,55.0,58.8,53.9,53.3,61.1],"runId":["Run 1","Run 2","Run 3","Run 4","Run 5","Run 6","Run 7","Run 8","Run 9","Run 10"]}