{"slackAfterALNS":0,"nInitialNotServicedExpectedRequests":[31,36,30,30,37,27,22,37,29,28],"averageObj":[7930.662213886702,8019.510272370489,8043.119695177738,7950.759976762459,8732.12300336669,8301.044940010972,7817.03286192564,8507.511240672939,8236.680727207957,8370.458501957191],"slackBeforeALNS":0,"nInitialNotServicedFixedRequests":[0,0,0,0,0,0,0,0,0,0],"averageNotServicedExpectedRequests":[51.9,53.0,53.2,52.3,61.5,56.5,50.9,58.6,55.3,56.9],"runId":["Run 1","Run 2","Run 3","Run 4","Run 5","Run 6","Run 7","Run 8","Run 9","Run 10"]}