{"slackAfterALNS":0,"nInitialNotServicedExpectedRequests":[1,3,1,2,3],"averageObj":[476.2994781144781,449.3581211479835,519.5519480519481,442.042335195281,454.94316271963334],"slackBeforeALNS":0,"nInitialNotServicedFixedRequests":[0,0,0,0,0],"averageNotServicedExpectedRequests":[2.9,2.7,3.5,2.6,2.7],"ALNSIterations":[340422,315530,303205,256216,357821],"runId":["Run 1","Run 2","Run 3","Run 4","Run 5"]}