{"slackAfterALNS":0,"nInitialNotServicedExpectedRequests":[1,0,1,2,1],"averageObj":[2420.1667422782857,2485.2727799137283,2524.5131578947367,2510.268119747899,2376.2436815295323],"slackBeforeALNS":0,"nInitialNotServicedFixedRequests":[1,1,1,1,1],"averageNotServicedExpectedRequests":[2.5,3.1,3.6,3.4,2.0],"ALNSIterations":[355164,377874,364592,421394,405360],"runId":["Run 1","Run 2","Run 3","Run 4","Run 5"]}