{"slackAfterALNS":0,"nInitialNotServicedExpectedRequests":[0,2,1,2,1],"averageObj":[6333.581488142071,6309.338481046876,6319.29896405576,6291.459400381011,6350.4308555094185],"slackBeforeALNS":0,"nInitialNotServicedFixedRequests":[3,3,3,3,3],"averageNotServicedExpectedRequests":[1.8,1.5,1.6,1.3,1.9],"ALNSIterations":[443707,475905,415002,468821,483878],"runId":["Run 1","Run 2","Run 3","Run 4","Run 5"]}