{"slackAfterALNS":0,"nInitialNotServicedExpectedRequests":[34,30,37,27,37,27,21,23,24,26],"averageObj":[8242.557668241281,8332.397525250588,8248.352896849852,7948.8766594659155,8080.625230008828,8071.304945691258,8556.892883126886,8293.69292187696,8606.051105636925,8178.956211088123],"slackBeforeALNS":0,"nInitialNotServicedFixedRequests":[0,0,0,0,0,0,0,0,0,0],"averageNotServicedExpectedRequests":[55.4,57.0,55.5,52.2,53.1,53.2,59.5,56.8,59.6,54.9],"runId":["Run 1","Run 2","Run 3","Run 4","Run 5","Run 6","Run 7","Run 8","Run 9","Run 10"]}