{"slackAfterALNS":0,"nInitialNotServicedExpectedRequests":[27,36,25,17,28,24,37,18,23,26],"averageObj":[7930.369338528695,8229.026587577437,7659.496459329117,7993.126884174473,8249.225114798357,7781.355968485293,8233.415500676902,8193.32456752944,8132.358762615824,8200.744187999688],"slackBeforeALNS":0,"nInitialNotServicedFixedRequests":[0,0,0,0,0,0,0,0,0,0],"averageNotServicedExpectedRequests":[52.0,55.5,49.4,52.5,55.5,50.2,55.2,54.8,53.7,55.3],"runId":["Run 1","Run 2","Run 3","Run 4","Run 5","Run 6","Run 7","Run 8","Run 9","Run 10"]}