{"slackAfterALNS":0,"nInitialNotServicedExpectedRequests":[29,28,22,32,24,26,23,34,41,24],"averageObj":[8451.469305211574,7762.761764603919,7965.757545208561,8148.765781988201,7880.342084274847,8121.732832873092,7554.677027185511,8348.282223682309,8181.35682729272,7836.18139990583],"slackBeforeALNS":0,"nInitialNotServicedFixedRequests":[0,0,0,0,0,0,0,0,0,0],"averageNotServicedExpectedRequests":[58.0,50.2,52.5,54.6,51.9,54.2,48.1,56.2,55.1,51.2],"runId":["Run 1","Run 2","Run 3","Run 4","Run 5","Run 6","Run 7","Run 8","Run 9","Run 10"]}