{"slackAfterALNS":0,"nInitialNotServicedExpectedRequests":[25,21,21,20,21,19,20,24,34,24],"averageObj":[7574.234913937279,7835.558599645449,7815.48442012604,7947.96207105394,7755.148998039074,7467.047317161308,7722.118152195629,7879.760911895352,7718.1098070013995,7731.098378402724],"slackBeforeALNS":0,"nInitialNotServicedFixedRequests":[0,0,0,0,0,0,0,0,0,0],"averageNotServicedExpectedRequests":[48.5,51.4,50.4,52.9,50.5,47.1,49.4,51.7,49.9,49.6],"runId":["Run 1","Run 2","Run 3","Run 4","Run 5","Run 6","Run 7","Run 8","Run 9","Run 10"]}