{"slackAfterALNS":0,"nInitialNotServicedExpectedRequests":[33,27,29,34,23,32,35,30,23,23],"averageObj":[7879.165307439112,8245.90436326178,7876.615822697931,8181.66351370984,7987.4727916777465,8101.331492492885,8427.107623485595,8473.125130721626,8469.90055531452,7696.99314057333],"slackBeforeALNS":0,"nInitialNotServicedFixedRequests":[0,0,0,0,0,0,0,0,0,0],"averageNotServicedExpectedRequests":[51.6,55.4,51.8,55.1,53.4,54.4,57.7,58.5,58.4,50.0],"runId":["Run 1","Run 2","Run 3","Run 4","Run 5","Run 6","Run 7","Run 8","Run 9","Run 10"]}