{"slackAfterALNS":0,"nInitialNotServicedExpectedRequests":[42,25,21,27,23,25,26,33,25,22],"averageObj":[8415.328997779228,8082.451741581611,8313.210404011228,7847.6284769682825,7841.629725154021,7956.395795131514,8119.812510793139,8351.43908145442,8162.124332813204,8016.763658531856],"slackBeforeALNS":0,"nInitialNotServicedFixedRequests":[0,0,0,0,0,0,0,0,0,0],"averageNotServicedExpectedRequests":[57.8,54.0,56.3,51.5,51.1,52.7,53.5,56.9,54.8,53.0],"runId":["Run 1","Run 2","Run 3","Run 4","Run 5","Run 6","Run 7","Run 8","Run 9","Run 10"]}