{"slackAfterALNS":0,"nInitialNotServicedExpectedRequests":[30,23,26,24,30,28,21,25,35,29],"averageObj":[7705.984458348999,8076.099457748273,8333.227298965523,7837.791083163592,7715.706520072965,8097.893334000781,8114.557581287312,7888.151247552714,8248.285909804628,8427.138747367386],"slackBeforeALNS":0,"nInitialNotServicedFixedRequests":[0,0,0,0,0,0,0,0,0,0],"averageNotServicedExpectedRequests":[50.0,54.2,57.0,51.3,49.6,53.9,54.3,51.8,56.2,57.7],"runId":["Run 1","Run 2","Run 3","Run 4","Run 5","Run 6","Run 7","Run 8","Run 9","Run 10"]}