{"slackAfterALNS":0,"nInitialNotServicedExpectedRequests":[4,5,5,4,4],"averageObj":[3518.4305340821384,3606.9621895746595,3600.092889200193,3698.845235183052,3527.7659685775534],"slackBeforeALNS":0,"nInitialNotServicedFixedRequests":[0,0,0,0,0],"averageNotServicedExpectedRequests":[5.0,6.0,6.0,7.0,5.0],"ALNSIterations":[2330,2452,2199,2679,2091],"runId":["Run 1","Run 2","Run 3","Run 4","Run 5"]}