{"slackAfterALNS":0,"nInitialNotServicedExpectedRequests":[0,0,0,0,0],"averageObj":[3156.0483970099044,3251.3418299367263,3154.7182840452983,3240.049757148063,3103.959009410691],"slackBeforeALNS":0,"nInitialNotServicedFixedRequests":[0,0,0,0,0],"averageNotServicedExpectedRequests":[1.0,2.0,1.0,2.0,0.0],"ALNSIterations":[2361,2634,2595,2397,2326],"runId":["Run 1","Run 2","Run 3","Run 4","Run 5"]}