{"slackAfterALNS":0,"nInitialNotServicedExpectedRequests":[3,3,3,2,2],"averageObj":[3459.7948980626525,3507.373481557249,3693.69599153581,3586.0012245156167,3604.7273572324775],"slackBeforeALNS":0,"nInitialNotServicedFixedRequests":[0,0,0,0,0],"averageNotServicedExpectedRequests":[4.0,5.0,7.0,6.0,6.0],"ALNSIterations":[2150,2229,2174,1934,2486],"runId":["Run 1","Run 2","Run 3","Run 4","Run 5"]}