{"slackAfterALNS":0,"nInitialNotServicedExpectedRequests":[1,0,0,0,1],"averageObj":[3365.6086429584166,3047.7924809088076,3439.088158575396,3400.600120926546,3356.5020974780246],"slackBeforeALNS":0,"nInitialNotServicedFixedRequests":[0,0,0,0,0],"averageNotServicedExpectedRequests":[3.0,0.0,4.0,4.0,3.0],"ALNSIterations":[2398,2380,2405,2078,2115],"runId":["Run 1","Run 2","Run 3","Run 4","Run 5"]}