{"slackAfterALNS":0,"nInitialNotServicedExpectedRequests":[1,1,1,1,2],"averageObj":[3290.7670725108246,3258.1002217593236,3217.9053274340035,3236.8530751580543,3235.1851965346154],"slackBeforeALNS":0,"nInitialNotServicedFixedRequests":[0,0,0,0,0],"averageNotServicedExpectedRequests":[3.0,2.0,2.0,2.0,2.0],"ALNSIterations":[2727,2410,2506,2470,2440],"runId":["Run 1","Run 2","Run 3","Run 4","Run 5"]}