{"slackAfterALNS":0,"nInitialNotServicedExpectedRequests":[1,1,1,1,2],"averageObj":[3665.097213053443,3469.012343622134,3217.6323761374383,3321.514436343382,3262.02743611658],"slackBeforeALNS":0,"nInitialNotServicedFixedRequests":[0,0,0,0,0],"averageNotServicedExpectedRequests":[6.0,4.0,2.0,3.0,2.0],"ALNSIterations":[2379,2144,2184,2254,2477],"runId":["Run 1","Run 2","Run 3","Run 4","Run 5"]}