{"slackAfterALNS":0,"nInitialNotServicedExpectedRequests":[11,8,11,11,11],"averageObj":[17150.163903130866,12365.613095622342,14225.434140832673,10529.763915217394,11177.937372840946],"slackBeforeALNS":0,"nInitialNotServicedFixedRequests":[4,2,3,1,1],"averageNotServicedExpectedRequests":[38.5,31.4,29.4,33.1,40.3],"ALNSIterations":[1256,1181,1272,1549,1495],"runId":["Run 1","Run 2","Run 3","Run 4","Run 5"]}