{"slackAfterALNS":0,"nInitialNotServicedExpectedRequests":[11,2,7,18,7],"averageObj":[10704.236280304967,8338.3456210693,12523.385708361646,16877.620768722478,9935.353170999202],"slackBeforeALNS":0,"nInitialNotServicedFixedRequests":[1,0,2,4,1],"averageNotServicedExpectedRequests":[34.2,30.8,32.0,36.2,26.3],"ALNSIterations":[1316,1493,1676,1749,1403],"runId":["Run 1","Run 2","Run 3","Run 4","Run 5"]}