{"slackAfterALNS":0,"nInitialNotServicedExpectedRequests":[13,20,12,3,14],"averageObj":[14993.548278286664,16953.0925035656,16459.24028344055,9313.039934403749,12948.02286618729],"slackBeforeALNS":0,"nInitialNotServicedFixedRequests":[3,4,4,0,2],"averageNotServicedExpectedRequests":[36.7,37.3,32.4,41.1,37.9],"ALNSIterations":[1030,1230,1255,1508,1153],"runId":["Run 1","Run 2","Run 3","Run 4","Run 5"]}