0 49 14 30 14 33 18 18 87 28 29 33 44 13 106 38 46 89 29 73 76 7 12 51 26 31 57 16 22 94 17 10 70 50 53 39 34 57 30 26 38 28 24 58 60 50 32 28 14 53 72 44 8 37 9 38 32 39 64 25 40 33 55 25 71 100 99 24 10 31 58 71 33 29 38 36 15 12 29 37 70 16 56 50 54 47 92 28 91 10 25 51 26 72 23 32 68 26 41 28 20 39 27 21 29 32 15 17 80 15 22 15 46 17 112 12 27 87 26 61 78 60 45 48 33 25 54 19 29 91 17 18 54 47 51 34 11 54 13 17 58 22 19 49 53 46 29 64 26 51 75 21 36 14 36 34 31 14 60 23 14 31 50 33 38 96 89 13 12 33 56 66 32 22 36 31 4 50 27 43 59 16 56 46 44 43 40 68 87 8 40 45 30 47 42 23 70 28 26 28 67 47 47 69 98 53 23 24 56 89 53 21 23 55 89 66 45 46 67 97 87 72 72 87 112
49 0 52 23 36 37 37 38 99 33 29 20 38 37 116 64 12 125 61 104 59 54 49 47 25 44 21 42 38 89 42 39 116 16 89 28 71 40 35 62 71 33 68 10 36 18 21 21 41 21 35 21 53 50 56 25 70 29 78 52 82 21 28 48 90 110 106 25 41 33 101 49 39 22 81 36 51 59 64 41 32 56 47 46 37 16 106 57 139 54 54 29 72 82 40 30 116 27 37 21 30 10 23 29 21 57 41 45 93 41 35 43 39 43 124 49 32 121 56 66 67 70 83 45 35 46 15 33 37 88 46 32 102 16 82 32 47 37 46 50 88 39 66 6 30 20 30 67 48 12 40 29 58 46 54 25 67 56 71 66 61 18 24 54 79 103 95 46 46 80 102 52 64 28 62 44 48 79 68 50 18 50 52 50 12 68 65 77 135 55 59 23 75 73 55 54 119 43 43 23 69 34 3 36 71 75 46 30 47 77 90 68 58 68 91 111 93 86 93 111 134 120 114 119 133
14 52 0 29 17 45 15 14 100 23 26 40 55 21 119 51 52 99 16 84 87 11 25 42 33 21 54 10 16 107 11 17 65 57 64 35 22 67 24 39 50 23 17 61 54 48 32 32 11 50 79 51 20 25 12 46 21 49 51 38 50 40 51 38 84 113 112 28 13 25 50 81 45 30 30 47 28 12 41 28 77 5 68 62 47 54 105 41 89 7 38 46 21 85 16 41 69 25 52 33 27 42 29 28 32 46 11 9 93 26 33 27 57 30 125 25 37 97 12 74 90 73 56 39 44 15 53 29 22 103 7 22 52 53 63 29 6 64 6 30 70 16 17 54 48 44 25 76 15 51 83 23 49 6 24 43 19 26 47 34 23 34 46 46 48 109 102 6 6 29 51 78 44 24 49 43 17 62 38 32 64 4 68 58 49 56 53 81 84 11 53 41 24 60 55 36 72 19 38 34 56 40 51 77 108 40 12 33 67 101 42 18 36 68 102 60 46 55 80 110 83 74 80 98 124
30 23 29 0 16 36 15 16 100 11 7 20 42 21 119 57 27 115 38 96 72 34 35 33 17 23 27 20 15 97 19 21 93 32 78 13 48 51 13 50 61 10 46 33 33 21 3 10 19 24 55 31 35 29 36 29 47 33 59 43 68 21 27 39 88 112 110 9 20 12 78 63 38 3 58 36 37 38 53 22 52 34 55 51 29 30 107 48 117 32 44 23 50 84 17 28 97 4 40 12 17 15 5 16 8 50 19 22 93 28 26 30 45 31 126 35 27 112 33 69 77 71 71 30 34 23 25 21 15 96 24 13 80 30 74 13 25 48 24 37 80 16 45 27 26 17 8 71 25 22 59 9 52 24 33 27 44 40 53 51 43 10 21 47 66 106 99 24 24 58 79 63 54 8 55 39 30 72 54 31 39 27 58 51 25 62 59 79 113 35 55 16 53 66 53 43 99 21 36 16 54 23 23 54 88 54 23 23 54 88 67 46 46 67 97 88 73 73 88 112 112 101 100 111 131
14 36 17 16 0 31 8 8 92 16 17 23 40 8 111 45 35 100 31 83 72 19 20 41 17 24 43 10 13 94 10 6 81 40 64 26 39 52 19 36 48 16 33 45 47 36 19 15 7 39 63 35 20 30 21 30 38 33 61 31 53 23 42 29 78 105 103 11 5 19 67 65 32 16 47 32 23 23 39 28 60 22 53 48 42 37 98 35 103 18 31 38 36 76 15 26 82 13 38 16 11 26 14 12 16 38 9 13 85 16 19 18 43 20 118 20 22 98 26 62 76 63 57 38 30 20 40 13 19 91 14 5 66 36 60 22 12 49 12 24 67 13 30 37 40 33 16 65 22 37 66 8 41 13 32 27 35 25 55 36 28 18 36 37 51 99 92 13 12 44 67 63 41 9 43 31 15 59 39 35 48 17 55 46 33 50 47 71 99 20 45 31 40 54 45 30 84 21 27 17 60 35 35 60 92 52 18 18 53 87 59 32 32 59 91 76 58 58 76 103 99 85 85 98 120
33 37 45 36 31 0 38 38 65 43 41 19 11 24 83 28 28 89 60 67 44 39 25 68 19 53 55 40 42 64 41 28 101 29 53 48 66 25 46 30 36 43 56 42 66 49 37 26 37 53 44 19 31 60 41 14 65 10 91 19 50 18 59 14 54 77 75 27 33 45 90 38 3 33 70 3 25 44 31 56 44 48 24 18 64 26 72 23 118 42 21 57 59 49 45 9 91 36 9 24 21 32 31 21 28 21 39 43 58 19 13 19 14 17 91 25 10 84 55 33 46 35 48 65 3 50 50 18 47 61 44 28 82 25 46 48 40 22 41 22 51 43 51 34 59 49 41 36 52 47 46 31 21 42 62 13 63 30 85 38 38 28 53 18 47 71 64 41 40 63 87 34 30 31 26 8 30 43 37 64 36 45 25 16 26 32 29 44 115 41 22 50 62 36 19 22 93 51 10 20 88 58 35 39 66 82 48 14 23 57 86 53 27 33 62 97 70 53 56 77 115 93 81 83 97
18 37 15 15 8 38 0 1 99 11 12 28 47 15 118 52 39 106 25 89 79 21 27 35 22 16 41 5 6 101 5 13 79 44 70 22 34 58 13 43 54 10 32 47 42 34 18 19 5 37 67 40 25 23 23 36 33 39 54 38 57 28 38 36 85 112 110 15 8 13 64 71 39 16 44 39 30 24 45 21 64 20 60 55 36 41 105 42 103 18 38 33 35 83 8 32 83 11 44 20 17 28 15 18 18 45 4 8 92 23 26 25 49 27 125 26 29 104 20 70 83 70 62 32 37 13 39 20 12 99 9 11 66 41 67 17 11 55 9 31 73 6 30 40 35 30 12 72 15 36 71 10 48 10 24 33 31 31 48 41 31 21 33 44 56 107 100 10 10 44 65 69 47 10 50 39 19 65 44 28 51 13 62 53 36 57 54 79 98 22 52 28 38 61 52 37 85 14 34 22 53 29 36 65 98 46 11 25 59 94 54 32 39 66 98 74 59 63 83 110 98 87 89 104 127
18 38 14 16 8 38 1 0 99 11 13 28 47 15 118 52 40 106 24 89 79 20 27 35 23 16 41 5 5 102 4 13 78 45 69 22 34 58 13 42 54 11 31 48 43 35 18 19 4 37 68 41 25 23 22 36 33 40 53 38 57 29 38 36 85 112 111 16 8 14 63 72 39 16 43 40 30 24 45 21 65 19 61 56 37 42 105 42 102 18 38 34 34 83 7 33 82 12 45 21 18 29 16 19 19 45 4 7 92 23 26 25 50 27 125 26 29 104 20 70 83 71 62 32 37 12 40 21 12 99 9 12 65 41 67 17 10 56 9 31 73 5 30 41 36 31 12 73 14 37 71 10 48 9 24 33 30 31 48 40 31 22 34 45 55 107 100 9 9 43 64 70 47 11 50 39 19 65 44 28 52 12 62 53 37 57 54 79 98 21 52 29 38 61 53 37 85 13 35 23 53 30 37 66 98 45 10 25 60 94 54 31 39 66 99 73 59 63 83 110 97 86 89 104 127
87 99 100 100 92 65 99 99 0 106 105 83 61 85 20 50 88 59 115 40 56 90 75 132 84 115 118 99 104 34 100 87 132 86 52 113 118 63 109 63 53 106 103 100 130 113 101 91 97 117 85 78 80 121 91 76 116 70 151 62 65 82 123 63 18 14 16 91 92 109 129 64 63 98 115 65 72 93 61 119 88 101 54 54 128 84 8 59 136 95 63 122 104 17 106 73 106 100 63 89 84 95 95 84 93 55 99 102 8 77 75 75 60 73 26 75 74 53 112 34 46 30 56 129 67 110 113 80 109 29 102 90 110 84 44 111 97 64 99 70 40 104 97 94 123 113 105 33 112 110 83 94 52 99 121 76 116 74 145 71 81 92 117 55 65 13 13 99 98 103 123 54 57 95 51 61 84 43 67 127 89 102 48 50 87 45 48 22 136 91 48 114 106 42 47 64 106 112 65 85 151 122 97 79 74 140 107 78 54 47 133 99 65 33 20 132 97 63 29 12 137 104 73 47 38
28 33 23 11 16 43 11 11 106 0 4 29 51 23 125 61 37 116 29 99 81 31 36 26 25 13 32 14 8 106 14 22 86 43 80 12 39 60 4 52 63 1 40 43 32 25 12 19 15 27 65 41 35 19 33 38 39 42 50 47 68 30 28 44 93 119 117 17 19 3 70 73 45 13 51 44 39 34 55 13 62 28 64 60 26 40 113 51 111 28 47 23 43 90 8 36 92 8 49 21 23 25 14 23 17 54 14 15 100 31 32 33 53 35 132 36 34 114 24 76 87 77 73 23 42 14 31 27 5 104 17 17 75 40 76 7 20 57 18 40 83 8 39 37 25 21 3 78 16 29 69 13 57 18 22 35 35 41 43 51 42 20 23 52 66 113 106 19 19 52 72 72 57 13 59 46 30 75 54 22 49 20 66 59 35 66 63 86 106 32 60 18 46 70 60 46 95 11 42 25 46 19 32 64 98 44 14 30 63 97 58 41 48 74 104 81 69 73 92 118 106 97 100 114 136
29 29 26 7 17 41 12 13 105 4 0 26 49 23 124 60 34 117 32 99 78 32 37 27 23 16 29 17 10 104 16 22 89 39 80 10 42 57 6 53 63 4 43 39 31 23 9 16 17 25 62 38 36 22 34 35 42 40 53 46 69 28 26 43 92 118 116 14 20 5 74 70 43 10 54 42 39 36 55 15 59 31 61 57 25 37 112 51 114 30 47 22 46 89 12 34 95 6 46 18 21 21 11 21 15 53 16 18 98 31 31 33 51 34 131 36 32 114 28 74 84 76 73 24 40 17 28 25 9 102 20 16 77 37 76 7 22 54 21 40 83 11 42 33 24 18 1 76 19 26 66 12 56 21 26 33 39 42 46 52 43 17 21 52 67 112 105 21 21 55 75 70 57 11 58 44 30 75 55 24 45 23 64 57 32 65 62 84 109 34 59 16 49 70 58 46 97 15 41 22 48 19 29 61 95 47 17 28 61 95 62 43 48 72 103 84 71 74 91 117 109 99 101 114 135
33 20 40 20 23 19 28 28 83 29 26 0 23 21 101 45 14 105 52 84 53 39 30 52 7 41 37 32 31 78 32 24 102 18 69 32 61 32 32 43 51 29 55 27 48 31 20 11 29 35 40 13 35 48 41 9 60 14 78 32 62 2 40 28 72 95 92 14 27 31 89 44 21 17 69 19 32 44 45 41 38 44 36 32 46 15 90 37 123 40 34 39 58 66 33 11 99 22 21 9 13 13 16 12 12 37 31 35 77 22 15 24 26 23 109 30 12 101 48 50 58 53 63 49 17 40 32 14 34 77 36 18 86 14 63 32 34 29 34 31 68 31 51 19 41 31 27 52 42 28 44 19 39 35 50 7 57 37 72 47 43 11 35 34 60 88 81 35 34 65 88 44 44 18 43 24 31 60 48 50 26 39 39 33 12 49 46 62 119 40 40 32 61 53 37 34 101 39 23 6 73 41 18 38 70 72 38 11 35 69 81 53 39 51 78 98 76 67 74 95 119 102 95 100 116
44 38 55 42 40 11 47 47 61 51 49 23 0 34 79 34 27 92 70 70 33 50 35 75 26 62 57 50 51 56 50 38 111 26 59 54 77 14 54 39 42 51 67 40 70 53 43 33 47 57 36 17 42 69 52 15 75 10 100 28 58 22 62 24 53 72 69 35 43 53 101 28 11 40 81 9 35 55 39 63 36 58 14 9 69 24 69 31 128 53 30 62 69 45 53 15 101 44 3 31 30 35 38 29 35 28 49 53 55 30 23 30 3 27 87 35 19 88 65 28 36 32 55 72 11 59 52 27 55 54 54 36 92 23 50 55 50 12 51 32 54 51 61 33 64 53 49 30 61 49 37 39 27 52 71 16 74 40 94 47 49 34 57 24 55 66 58 51 50 74 98 23 37 39 32 16 41 47 46 72 32 56 16 12 26 36 34 40 125 51 26 54 72 40 20 31 102 59 20 27 96 64 36 31 55 92 57 23 13 48 96 64 36 31 55 108 80 61 58 73 125 102 87 85 96
13 37 21 21 8 24 15 15 85 23 23 21 34 0 104 38 34 95 36 76 67 19 15 48 14 31 47 16 20 88 17 4 82 38 58 32 43 47 26 30 41 23 35 46 53 40 23 16 13 44 60 32 16 37 21 26 42 28 68 24 48 21 47 22 71 98 96 13 9 26 69 60 25 19 49 26 17 24 33 35 58 25 48 42 48 35 91 29 103 20 25 43 38 69 22 21 80 18 32 16 8 27 17 9 17 31 15 19 78 9 12 11 37 12 110 14 16 92 31 56 70 56 51 45 24 27 44 8 26 85 20 8 66 35 54 29 16 44 17 18 60 20 31 37 45 37 22 58 28 41 63 12 34 18 38 23 40 20 62 31 24 19 41 30 45 92 85 17 17 45 68 57 34 13 36 25 11 52 34 42 46 22 49 39 31 43 40 64 99 20 38 37 41 47 38 24 82 28 20 15 67 41 35 57 87 59 24 13 47 81 63 33 26 52 84 78 57 53 69 96 99 83 80 92 113
106 116 119 119 111 83 118 118 20 125 124 101 79 104 0 69 104 68 135 54 67 109 94 150 102 134 136 119 123 38 119 106 150 102 69 131 137 78 128 82 72 125 122 116 148 131 120 109 116 135 98 95 99 140 110 93 135 88 170 81 83 100 141 83 37 7 11 110 111 128 147 76 82 116 134 83 92 112 80 137 101 120 70 70 146 101 15 78 151 114 82 140 123 35 125 91 122 119 80 107 103 113 114 103 111 74 118 121 27 96 93 94 77 92 9 94 92 62 131 51 56 48 74 147 85 129 130 99 128 34 121 109 127 101 62 130 116 80 118 89 57 123 116 110 142 131 124 49 131 127 96 113 71 119 141 94 135 94 165 90 100 111 135 74 83 14 22 118 117 122 141 68 76 113 70 80 103 61 86 146 105 122 65 68 104 64 67 40 152 110 67 132 125 61 66 83 122 131 84 103 170 141 114 92 81 159 127 96 70 54 152 118 84 52 27 150 115 81 46 12 153 119 86 55 33
38 64 51 57 45 28 52 52 50 61 60 45 34 38 69 0 56 61 66 40 57 41 26 86 42 67 80 52 57 63 52 40 89 56 26 69 68 45 64 14 9 60 54 70 89 74 59 49 49 78 69 47 31 73 41 41 67 38 102 15 26 44 82 18 34 63 63 48 44 63 83 57 26 55 67 30 24 44 12 72 70 52 39 33 85 53 55 10 100 46 14 80 55 36 59 35 72 56 33 48 40 57 52 41 51 8 51 54 43 30 32 28 34 26 75 27 34 57 63 30 54 27 22 83 31 62 76 36 63 59 54 45 68 53 18 66 48 44 50 22 24 57 48 61 82 73 60 33 63 73 70 49 7 51 73 40 67 25 97 23 32 52 77 11 24 60 54 50 49 56 78 48 8 50 3 21 35 16 20 79 64 53 35 25 54 6 3 33 99 42 9 72 57 10 16 15 73 64 22 44 104 78 62 63 81 90 59 36 38 64 84 50 16 21 55 88 55 28 31 60 99 72 54 56 75
46 12 52 27 35 28 39 40 88 37 34 14 27 34 104 56 0 116 63 94 48 52 44 56 21 49 32 43 41 77 43 37 115 6 81 35 73 29 40 56 63 37 68 15 46 28 26 21 42 32 29 10 49 56 55 15 72 19 85 45 75 15 38 40 79 98 95 25 40 38 102 39 30 25 82 26 46 57 57 48 26 57 36 35 47 4 95 49 137 53 46 39 71 71 43 21 113 30 26 20 27 14 25 25 22 48 42 47 82 36 29 38 28 36 113 44 24 112 59 54 56 59 75 53 25 50 26 28 42 77 48 31 99 4 73 38 47 26 47 44 78 42 65 7 41 30 34 56 52 23 33 30 49 47 59 16 69 51 79 61 57 19 34 45 73 91 84 47 47 78 101 41 56 29 54 35 45 70 61 57 13 51 41 39 3 59 56 66 133 54 50 33 74 63 45 47 115 48 35 19 78 43 10 28 62 81 49 24 36 66 93 67 52 58 80 111 90 79 83 100 133 116 107 110 123
89 125 99 115 100 89 106 106 59 116 117 105 92 95 68 61 116 0 111 23 104 89 81 140 102 119 140 104 111 92 105 95 99 116 37 126 107 101 118 65 55 116 92 130 147 134 117 108 102 137 126 107 82 124 87 102 106 98 146 73 50 104 141 78 48 67 71 107 98 119 103 109 86 113 98 90 78 88 62 125 127 97 93 89 142 113 56 68 91 93 72 137 91 63 112 96 66 113 92 107 99 117 111 100 110 68 104 105 57 88 91 85 92 85 67 81 94 7 109 74 97 68 44 137 91 113 136 95 117 86 104 102 79 113 43 122 99 101 101 78 38 110 87 122 140 131 116 75 113 132 126 106 68 102 121 100 108 76 143 66 77 111 135 72 51 70 71 101 100 85 95 98 62 107 63 82 87 46 62 131 123 103 87 81 114 57 60 66 94 88 67 131 91 53 72 73 64 116 82 103 154 135 123 120 127 133 110 96 92 101 115 88 69 65 78 101 70 44 38 57 95 61 27 13 45
29 61 16 38 31 60 25 24 115 29 32 52 70 36 135 66 63 111 0 98 102 26 41 36 46 19 58 21 23 122 21 32 59 69 77 38 11 82 27 54 65 28 20 70 53 53 40 43 24 54 92 65 36 18 26 60 11 63 37 54 62 53 52 54 99 129 128 39 27 29 43 95 61 39 25 62 44 24 56 26 89 15 83 77 45 66 121 57 86 21 54 46 23 101 21 56 72 34 67 45 41 52 39 42 42 61 22 18 108 42 48 43 72 46 141 41 52 110 5 90 106 89 70 34 59 15 59 43 25 119 17 35 52 65 77 31 21 79 19 46 84 22 24 64 48 48 31 92 13 57 95 34 65 19 14 57 8 42 33 47 36 45 49 62 61 125 118 19 20 31 46 93 59 35 65 59 33 77 52 25 76 15 84 74 61 71 68 97 81 25 69 45 24 75 71 52 75 19 54 47 44 39 60 90 122 25 15 48 82 117 30 23 51 84 118 53 50 67 95 126 80 77 89 111 139
73 104 84 96 83 67 89 89 40 99 99 84 70 76 54 40 94 23 98 0 82 73 63 123 82 103 120 88 94 71 89 77 99 94 21 108 96 79 101 47 36 98 81 108 128 114 98 88 85 118 103 85 65 109 73 80 94 76 134 54 37 83 122 58 26 51 55 87 81 101 99 86 65 94 89 69 60 74 44 109 105 84 70 66 124 92 40 49 98 78 53 119 80 42 95 75 69 94 70 87 80 97 91 80 90 48 87 89 37 69 71 66 70 65 56 63 73 18 95 51 74 45 28 120 70 97 115 75 100 65 89 83 77 92 23 105 83 78 85 59 17 93 75 100 121 112 98 53 98 112 103 88 46 86 107 79 96 59 130 51 62 91 116 51 38 52 52 85 84 76 91 75 43 89 42 61 70 25 46 115 101 87 64 59 93 36 39 43 99 73 45 112 81 32 50 53 69 100 62 83 139 117 102 97 104 121 95 75 69 80 107 76 51 42 58 100 66 32 15 43 100 66 33 16 43
76 59 87 72 72 44 79 79 56 81 78 53 33 67 67 57 48 104 102 82 0 82 67 103 57 93 79 82 82 32 82 70 142 44 78 82 109 21 84 67 65 81 99 55 94 76 71 63 79 80 32 41 74 100 84 44 108 40 130 57 83 51 86 54 58 61 56 65 75 83 132 11 43 69 113 41 66 87 66 93 36 91 21 27 94 44 63 59 156 85 59 87 101 43 85 47 128 74 36 61 62 60 68 61 64 54 81 85 53 62 55 62 31 60 75 67 51 99 98 31 11 37 77 100 44 91 72 60 86 34 86 68 122 44 68 84 82 24 83 63 70 83 94 53 88 78 79 30 93 71 29 70 52 84 102 47 106 71 124 76 80 62 82 51 81 54 46 84 83 105 129 10 63 70 56 47 73 65 74 102 43 88 22 34 49 56 56 40 155 84 48 80 104 58 42 61 129 91 52 57 125 91 57 27 25 124 89 55 21 19 129 96 65 42 40 139 110 84 67 66 155 128 107 94 93
7 54 11 34 19 39 21 20 90 31 32 39 50 19 109 41 52 89 26 73 82 0 17 52 32 31 60 17 24 99 18 16 64 56 53 42 29 63 32 29 40 30 18 63 62 54 37 33 16 56 78 50 11 36 3 44 27 45 62 29 39 39 58 30 74 104 103 29 14 33 52 77 39 34 32 41 19 6 31 38 76 12 62 56 56 53 96 32 85 5 29 53 20 76 25 38 64 30 47 34 26 44 32 27 34 36 17 17 83 20 28 20 52 23 115 16 33 87 23 66 84 65 46 49 39 25 58 26 30 95 16 23 48 53 52 36 11 60 13 21 59 23 13 55 55 50 32 68 25 55 81 26 40 14 34 40 27 16 57 23 12 36 53 37 38 100 93 13 13 27 50 72 34 27 40 36 9 52 28 43 64 15 62 51 49 46 43 72 81 2 44 48 24 49 47 27 66 29 31 33 66 49 53 75 104 50 22 30 61 95 47 15 26 59 94 60 40 45 69 100 81 67 70 88 114
12 49 25 35 20 25 27 27 75 36 37 30 35 15 94 26 44 81 41 63 67 17 0 61 25 42 61 26 32 83 27 15 77 47 44 46 45 49 39 16 28 36 33 57 67 54 37 29 23 58 67 39 7 48 18 33 43 32 76 13 34 30 61 14 60 88 88 27 19 39 66 63 24 33 47 27 3 21 19 47 66 27 47 41 62 44 81 17 94 21 13 57 35 60 33 26 69 32 33 29 20 40 31 21 31 21 25 28 68 9 16 7 37 9 101 1 21 78 37 49 68 49 37 58 26 36 57 17 38 79 28 22 58 43 41 42 22 46 25 5 47 31 27 48 59 51 36 52 38 54 69 26 24 25 47 30 43 7 71 17 14 33 55 21 32 84 78 24 24 39 63 57 21 27 25 21 9 39 20 54 55 28 46 35 42 32 28 56 91 18 28 51 38 35 31 11 71 39 16 27 78 55 47 63 90 65 34 20 46 79 63 30 13 43 77 73 47 39 57 85 91 72 66 78 101
51 47 42 33 41 68 35 35 132 26 27 52 75 48 150 86 56 140 36 123 103 52 61 0 49 21 33 36 30 130 35 47 93 61 103 21 46 82 23 77 88 26 54 55 21 31 32 42 38 30 82 62 59 18 53 61 46 66 33 72 90 53 24 69 118 144 142 41 42 23 76 94 70 35 60 69 64 53 79 15 78 44 87 84 14 59 138 76 121 48 72 20 57 115 28 61 108 32 73 45 48 43 37 48 40 79 36 35 125 56 58 59 77 60 158 61 59 137 35 101 109 103 96 4 66 28 37 52 23 128 36 42 88 59 101 21 41 79 39 65 108 30 57 53 20 27 27 103 27 37 86 38 82 38 23 59 43 65 27 74 64 42 25 78 89 139 131 39 40 66 80 95 81 38 84 71 53 100 78 11 65 38 90 83 54 91 88 111 115 52 85 24 59 95 85 71 110 24 67 49 22 13 48 83 117 35 30 55 87 120 60 57 73 99 129 87 85 96 117 143 115 113 121 138 161
26 25 33 17 17 19 22 23 84 25 23 7 26 14 102 42 21 102 46 82 57 32 25 49 0 36 39 26 26 81 26 17 96 25 65 30 55 36 28 38 47 25 48 33 48 33 18 8 23 36 47 19 29 43 34 14 54 18 74 29 57 7 41 25 72 96 93 9 21 27 82 50 21 15 62 20 27 37 40 38 45 38 39 35 45 21 90 34 117 33 30 39 51 67 28 12 93 18 24 6 7 16 13 5 10 35 25 29 77 17 11 19 29 18 109 25 10 98 42 52 62 54 59 46 17 34 34 8 29 79 30 12 79 21 60 29 28 33 28 26 66 26 45 24 41 31 23 54 36 31 50 13 36 29 45 11 51 31 68 42 37 10 35 32 55 90 82 29 28 58 82 48 41 13 40 23 25 57 43 46 33 33 42 35 18 47 44 62 113 34 39 31 55 51 37 30 95 34 21 2 70 39 23 44 76 67 33 7 39 73 75 47 34 51 80 91 70 62 73 95 113 96 90 97 115
31 44 21 23 24 53 16 16 115 13 16 41 62 31 134 67 49 119 19 103 93 31 42 21 36 0 40 16 12 117 15 28 78 55 83 19 30 72 10 57 69 13 35 54 35 34 24 31 19 35 78 53 39 7 33 50 30 54 38 54 70 42 33 52 100 128 126 28 23 12 62 85 55 25 43 55 45 33 60 8 74 24 75 70 27 52 121 58 105 27 54 28 38 99 9 47 89 20 59 33 33 37 26 33 29 61 17 15 108 39 42 41 64 43 141 42 44 117 16 86 98 86 76 18 52 7 41 36 8 114 15 26 69 52 82 13 21 69 19 46 88 11 36 48 30 29 15 88 7 39 82 23 64 18 10 47 26 45 32 54 43 32 30 60 68 123 116 19 19 47 64 84 62 23 66 55 34 80 58 12 61 18 77 69 47 73 69 95 99 32 68 26 41 77 68 52 91 3 50 36 37 21 44 77 110 32 10 40 74 109 48 37 54 82 114 72 65 76 98 126 99 93 101 118 142
57 21 54 27 43 55 41 41 118 32 29 37 57 47 136 80 32 140 58 120 79 60 61 33 39 40 0 45 39 109 44 48 117 36 103 21 69 60 32 76 86 32 71 25 17 7 25 32 45 5 53 41 62 43 63 43 69 48 66 67 94 38 10 63 109 129 126 34 47 30 101 68 57 28 81 54 63 64 78 34 48 59 67 66 20 36 125 72 142 58 68 14 75 102 39 47 123 31 56 33 42 24 31 41 31 73 44 47 112 53 50 56 59 56 144 61 48 137 55 85 87 89 97 32 53 44 7 45 34 108 48 40 106 36 98 27 51 58 49 63 104 39 70 26 14 11 30 87 46 9 57 36 74 49 48 43 65 67 59 77 70 29 10 70 92 123 115 50 50 83 103 72 79 35 78 61 57 96 80 40 37 51 72 69 32 85 82 97 137 62 76 14 77 89 73 68 125 40 59 37 53 22 23 55 89 66 45 45 67 97 87 72 72 87 111 111 99 99 110 130 137 127 127 136 152
16 42 10 20 10 40 5 5 99 14 17 32 50 16 119 52 43 104 21 88 82 17 26 36 26 16 45 0 8 103 2 13 74 48 68 26 30 61 16 41 53 14 27 52 46 39 22 23 3 41 71 44 23 22 19 39 29 42 52 38 55 32 42 37 85 113 111 19 8 17 59 75 41 20 39 42 29 20 44 22 69 15 63 57 39 45 105 42 98 14 38 37 30 84 8 35 79 16 47 24 20 33 20 21 23 45 2 4 92 23 28 25 52 27 125 26 31 102 16 71 85 72 61 33 39 11 44 23 14 100 5 14 61 45 66 20 6 58 5 30 72 7 26 45 39 34 16 74 13 41 75 14 48 5 23 36 26 29 47 38 28 25 37 45 53 108 101 5 5 39 60 72 46 15 50 40 18 65 42 28 56 8 64 55 41 57 54 80 94 18 52 32 33 61 53 37 81 14 36 26 53 32 41 69 101 43 9 28 62 97 50 27 38 67 100 69 55 60 82 110 93 83 86 102 126
22 38 16 15 13 42 6 5 104 8 10 31 51 20 123 57 41 111 23 94 82 24 32 30 26 12 39 8 0 106 7 18 79 46 74 19 33 61 9 47 59 7 33 48 39 32 17 21 9 34 69 43 30 18 26 39 33 43 49 43 62 32 35 41 90 117 115 18 13 10 64 75 43 17 44 44 34 27 50 16 66 21 64 59 32 43 110 47 104 21 43 30 36 88 3 36 85 11 49 23 22 29 16 22 20 50 7 8 97 28 31 30 53 32 130 31 33 108 19 74 87 75 67 27 41 9 38 25 7 103 10 15 68 43 72 13 13 59 11 36 78 1 32 41 32 28 9 77 11 35 73 13 53 11 20 36 29 35 43 45 35 23 30 49 60 112 104 12 12 45 65 73 52 13 55 44 24 70 49 23 53 13 66 58 38 62 59 84 99 25 57 25 39 66 57 42 88 9 39 26 48 25 37 68 101 42 8 29 64 98 53 34 44 71 103 74 62 67 88 115 99 90 93 109 132
94 89 107 97 94 64 101 102 34 106 104 78 56 88 38 63 77 92 122 71 32 99 83 130 81 117 109 103 106 0 104 91 152 73 77 109 127 49 109 76 70 106 115 86 123 105 98 88 100 109 64 69 89 123 100 69 126 65 154 71 86 77 115 69 46 34 28 90 96 108 145 43 63 95 128 62 81 103 75 118 68 109 43 47 123 73 39 69 161 103 72 116 116 31 108 70 131 99 58 86 84 88 93 84 90 65 102 106 35 81 76 80 53 77 46 83 73 86 118 34 22 37 78 127 65 113 102 81 110 6 107 91 130 73 67 110 102 52 104 78 65 106 109 83 117 107 104 31 115 100 61 94 61 105 125 71 125 85 148 86 93 88 110 63 85 27 22 104 103 118 141 37 71 94 64 64 91 64 82 127 74 108 40 49 78 60 61 32 160 100 57 108 119 60 53 74 132 114 69 82 151 118 87 59 43 146 111 77 44 16 145 111 77 43 15 151 118 86 58 41 160 130 102 80 68
17 42 11 19 10 41 5 4 100 14 16 32 50 17 119 52 43 105 21 89 82 18 27 35 26 15 44 2 7 104 0 14 75 48 69 25 30 61 15 42 54 13 27 52 45 38 22 23 4 40 71 44 24 22 20 40 29 43 51 39 56 32 41 37 86 113 112 19 9 16 60 75 42 20 40 42 30 21 45 21 69 15 63 58 38 45 106 43 99 15 39 36 31 85 7 36 79 15 47 24 21 32 19 22 22 46 2 4 93 24 28 26 53 28 126 27 32 103 16 72 86 72 62 32 40 10 43 23 13 101 5 15 62 45 67 19 7 59 5 31 73 6 27 44 38 34 15 74 12 41 75 14 49 5 22 36 26 30 46 39 29 25 36 46 54 108 102 6 6 40 61 73 47 15 51 41 19 65 43 27 56 8 65 55 41 58 55 80 94 19 53 31 34 62 54 37 82 13 36 26 52 31 41 69 101 42 8 28 63 97 50 28 39 68 101 70 56 61 83 111 94 84 87 103 127
10 39 17 21 6 28 13 13 87 22 22 24 38 4 106 40 37 95 32 77 70 16 15 47 17 28 48 13 18 91 14 0 79 41 58 32 39 50 24 31 42 21 32 48 52 41 24 18 10 44 63 35 15 35 18 30 38 32 65 26 47 24 47 24 73 100 99 15 6 24 66 64 29 20 46 30 18 21 34 33 61 21 51 45 47 38 93 30 100 17 26 43 35 72 19 24 78 18 35 19 11 29 18 12 19 33 12 16 80 11 16 13 40 15 113 15 20 92 28 59 74 59 51 44 27 24 45 12 24 88 17 8 63 38 55 28 12 47 14 19 62 17 28 40 45 38 21 61 25 42 67 12 36 14 35 26 36 20 59 30 23 21 41 32 45 95 88 14 13 42 65 61 35 13 38 28 10 54 33 40 49 18 52 42 34 45 42 67 96 17 40 37 38 49 41 25 80 25 23 18 65 40 38 60 91 55 21 17 50 85 59 30 27 55 87 75 54 53 71 98 96 81 80 92 115
70 116 65 93 81 101 79 78 132 86 89 102 111 82 150 89 115 99 59 99 142 64 77 93 96 78 117 74 79 152 75 79 0 120 82 96 49 125 85 77 83 86 48 125 112 111 96 96 75 112 142 113 70 76 62 107 48 108 76 85 68 102 111 89 115 146 147 92 76 87 17 139 100 94 36 103 77 59 78 85 140 60 122 116 104 116 135 85 30 63 84 105 45 123 78 101 35 89 109 96 89 106 93 91 96 90 75 72 126 83 91 82 113 85 153 76 96 102 63 119 142 116 77 91 102 73 117 89 83 147 70 85 23 116 89 90 70 122 70 80 93 78 52 118 107 106 88 122 71 114 145 87 93 70 71 104 52 72 78 67 63 98 108 92 68 144 140 70 70 38 15 132 82 88 90 96 72 91 70 82 128 67 121 109 113 93 91 121 23 63 97 103 42 94 102 82 37 77 92 97 92 98 115 138 166 64 72 94 121 152 35 49 78 110 143 7 36 70 104 139 23 41 73 106 140
50 16 57 32 40 29 44 45 86 43 39 18 26 38 102 56 6 116 69 94 44 56 47 61 25 55 36 48 46 73 48 41 120 0 82 41 78 25 45 57 64 42 72 15 51 33 31 26 46 36 24 10 52 61 59 16 77 19 91 46 77 18 43 41 78 96 92 30 45 43 106 34 31 30 86 27 49 62 59 53 21 61 33 33 51 4 93 51 141 57 48 44 76 69 48 23 116 36 25 24 31 19 30 30 27 49 47 51 80 39 31 41 27 39 110 47 27 112 64 52 52 57 77 59 26 55 30 32 47 73 53 35 103 4 74 43 51 23 51 47 79 47 69 10 45 35 40 53 57 27 28 35 49 52 64 18 74 54 84 63 61 24 38 46 75 89 81 52 51 82 106 37 58 34 54 36 49 71 64 62 9 56 38 38 8 60 57 64 137 58 50 37 79 64 45 49 118 53 37 24 83 48 14 23 57 86 54 28 33 62 98 71 54 56 77 115 94 81 83 97 137 119 109 110 121
53 89 64 78 64 53 70 69 52 80 80 69 59 58 69 26 81 37 77 21 78 53 44 103 65 83 103 68 74 77 69 58 82 82 0 89 75 70 82 28 19 79 60 95 110 97 80 71 66 100 94 72 45 88 52 66 74 63 113 37 16 68 104 42 34 65 67 70 62 82 80 80 51 76 69 55 41 53 26 89 95 63 63 57 105 78 54 32 85 58 36 101 59 46 76 60 56 76 58 70 62 81 74 63 73 33 68 69 46 51 55 48 60 48 72 44 58 35 75 49 73 43 8 100 56 77 99 58 81 71 69 65 59 78 11 86 63 69 65 41 12 74 54 86 103 95 79 51 78 96 95 69 33 66 87 65 75 39 109 30 41 74 99 36 17 64 61 65 64 56 73 70 25 71 28 46 51 14 26 95 89 67 58 49 79 24 26 45 85 53 34 94 61 21 40 36 56 81 46 67 119 98 87 88 103 100 75 59 62 81 87 56 32 38 65 82 47 12 23 58 86 54 29 35 64
39 28 35 13 26 48 22 22 113 12 10 32 54 32 131 69 35 126 38 108 82 42 46 21 30 19 21 26 19 109 25 32 96 41 89 0 48 61 11 62 73 12 51 37 21 16 12 22 26 17 62 41 46 23 44 40 48 45 51 55 78 33 17 52 100 125 122 22 29 10 80 73 50 15 61 49 49 45 64 14 59 39 67 63 16 39 119 60 122 39 56 12 54 96 19 41 104 14 52 24 30 22 18 29 20 62 25 26 106 40 39 42 57 43 139 46 39 123 34 81 89 83 82 19 46 23 22 34 14 108 28 25 86 39 86 7 31 59 29 49 92 19 51 33 14 11 11 83 25 20 67 21 64 30 28 38 44 51 44 61 53 21 12 60 76 119 111 30 30 63 82 74 66 20 67 52 40 84 65 22 45 31 70 64 34 74 71 92 117 43 67 8 57 78 66 55 106 19 49 29 43 10 28 62 97 48 24 36 66 99 67 52 58 80 109 90 80 84 100 124 116 108 110 123 143
34 71 22 48 39 66 34 34 118 39 42 61 77 43 137 68 73 107 11 96 109 29 45 46 55 30 69 30 33 127 30 39 49 78 75 48 0 89 38 55 66 39 16 81 64 63 50 52 32 64 101 73 39 28 28 68 2 70 40 58 60 61 63 58 101 131 131 48 35 40 32 103 67 49 15 68 47 25 58 37 98 19 89 84 56 75 123 60 76 25 57 57 17 104 31 63 64 44 74 54 49 61 48 50 52 64 31 27 110 48 54 48 79 51 142 45 59 107 15 94 112 93 68 44 66 26 69 50 35 124 25 43 43 74 77 42 27 86 27 50 84 32 22 74 59 58 42 97 24 67 104 43 68 26 23 65 4 44 38 47 37 55 60 65 59 127 121 27 27 24 35 99 61 44 67 64 37 77 52 35 85 23 90 79 70 73 71 100 70 28 72 55 17 76 75 55 66 29 59 55 50 50 70 98 130 26 25 55 89 123 21 20 53 87 122 43 42 65 95 127 70 69 85 109 138
57 40 67 51 52 25 58 58 63 60 57 32 14 47 78 45 29 101 82 79 21 63 49 82 36 72 60 61 61 49 61 50 125 25 70 61 89 0 63 52 54 60 80 38 74 56 50 42 58 60 25 21 55 79 65 23 88 19 109 41 70 30 66 37 58 72 68 44 55 62 114 14 25 48 94 22 49 68 53 72 27 71 10 13 74 25 70 44 141 66 43 67 83 47 64 26 114 53 17 40 41 40 47 40 43 41 60 64 58 43 35 44 12 41 86 49 31 96 77 31 28 36 67 80 24 70 54 39 65 49 65 47 105 25 61 63 62 3 63 46 64 62 75 34 68 58 58 31 72 52 25 49 39 64 81 26 86 54 103 61 62 41 62 37 68 65 57 63 63 87 111 13 50 49 44 30 54 57 59 81 27 67 15 21 29 47 45 42 139 64 37 60 86 50 31 45 116 70 34 36 104 70 38 19 42 103 68 34 10 38 109 77 50 38 52 122 94 73 65 75 139 115 99 93 100
30 35 24 13 19 46 13 13 109 4 6 32 54 26 128 64 40 118 27 101 84 32 39 23 28 10 32 16 9 109 15 24 85 45 82 11 38 63 0 55 66 4 40 44 31 26 14 22 17 27 68 43 37 16 34 41 38 45 47 49 70 33 27 47 96 122 120 20 21 2 70 76 48 15 50 47 42 35 57 10 65 28 67 63 24 43 116 54 111 29 50 22 44 93 9 39 93 11 52 24 26 27 17 26 20 57 15 16 102 34 35 36 56 38 135 39 37 116 23 79 90 80 75 20 45 13 32 30 3 107 17 20 75 42 79 5 21 60 19 43 86 9 40 39 24 21 6 81 15 30 72 16 59 19 20 38 34 43 40 53 43 22 23 55 68 117 109 20 20 53 72 75 59 16 62 49 32 77 57 19 51 21 69 62 38 69 65 89 106 33 63 18 46 73 63 49 95 10 45 28 43 17 34 67 101 42 14 33 66 100 57 41 51 77 107 80 69 75 94 121 106 98 102 116 138
26 62 39 50 36 30 43 42 63 52 53 43 39 30 82 14 56 65 54 47 67 29 16 77 38 57 76 41 47 76 42 31 77 57 28 62 55 52 55 0 12 52 41 69 82 69 53 44 39 73 74 48 19 63 29 42 53 40 90 12 20 42 76 17 46 77 77 42 35 55 70 65 29 49 53 33 14 31 3 63 74 39 48 41 77 54 68 9 90 33 10 73 41 50 49 35 62 48 37 43 35 54 46 36 46 13 41 43 56 23 28 21 40 21 88 17 32 62 51 43 65 40 21 74 32 51 72 31 54 72 43 37 56 54 25 58 37 50 39 13 32 47 34 61 75 67 52 46 52 69 76 42 16 40 62 40 54 13 85 10 19 47 71 17 18 73 67 39 38 42 65 57 6 43 13 24 24 24 8 69 65 42 45 34 53 19 16 47 88 29 20 66 44 22 26 9 64 54 21 40 93 71 60 69 91 78 49 32 47 76 71 36 5 34 69 75 44 24 42 73 88 64 52 62 86
38 71 50 61 48 36 54 54 53 63 63 51 42 41 72 9 63 55 65 36 65 40 28 88 47 69 86 53 59 70 54 42 83 64 19 73 66 54 66 12 0 63 51 77 93 79 63 54 50 83 77 54 31 74 40 49 64 45 101 19 18 50 87 24 36 67 67 52 46 66 77 65 34 59 63 38 25 42 9 74 78 51 48 42 88 61 57 14 92 45 18 84 51 41 60 42 63 59 41 53 45 63 56 46 56 15 52 55 46 34 37 31 43 30 77 28 40 52 62 38 62 34 13 85 38 63 81 41 65 65 54 48 61 60 14 69 49 53 51 24 20 59 45 68 86 77 63 41 64 78 78 52 16 51 73 47 65 25 97 19 29 57 81 19 16 64 59 51 50 51 72 56 7 54 11 29 36 12 15 81 71 53 44 34 61 10 10 39 91 40 18 77 53 12 24 18 64 66 28 49 105 82 69 72 90 89 60 41 47 71 81 47 16 28 61 81 48 20 30 62 91 64 46 51 74
28 33 23 10 16 43 10 11 106 1 4 29 51 23 125 60 37 116 28 98 81 30 36 26 25 13 32 14 7 106 13 21 86 42 79 12 39 60 4 52 63 0 39 43 33 26 12 19 15 28 65 40 35 19 32 38 38 42 50 46 67 30 28 44 92 119 117 16 18 4 70 73 44 13 50 44 39 33 54 13 62 27 64 59 27 40 112 51 111 28 47 24 43 90 8 36 92 8 48 21 22 24 14 22 17 53 13 15 99 31 32 33 53 34 132 36 33 113 24 75 86 77 72 23 41 14 31 26 5 103 16 16 74 40 76 7 20 57 18 40 82 8 39 36 26 21 3 78 16 29 69 13 56 18 23 35 35 40 44 50 41 19 24 52 65 113 106 18 18 52 72 72 56 12 58 45 29 74 54 22 49 20 66 58 35 65 62 85 106 31 59 19 46 70 59 46 94 11 41 24 46 19 32 64 98 44 14 29 63 97 58 40 48 73 104 80 68 73 91 117 105 96 99 113 135
24 68 17 46 33 56 32 31 103 40 43 55 67 35 122 54 68 92 20 81 99 18 33 54 48 35 71 27 33 115 27 32 48 72 60 51 16 80 40 41 51 39 0 78 69 65 49 48 28 67 95 66 26 36 16 61 14 62 54 45 45 55 67 46 86 117 117 44 28 41 35 94 56 47 15 59 34 13 43 42 93 13 79 73 62 69 108 46 72 16 44 61 4 90 32 55 54 42 64 49 42 58 45 43 48 51 28 25 96 38 45 37 69 40 128 33 50 92 20 81 100 80 53 52 56 29 70 42 37 111 23 38 35 69 62 45 22 77 23 37 69 32 7 70 63 60 42 84 28 67 98 40 55 23 32 57 16 30 51 33 23 51 62 53 44 113 108 22 23 13 34 89 47 41 53 53 26 62 37 43 80 20 79 68 65 59 56 87 67 16 59 58 7 62 63 42 57 33 48 49 63 55 67 92 121 41 27 47 78 111 31 5 39 74 108 44 31 50 80 113 67 59 70 94 123
58 10 61 33 45 42 47 48 100 43 39 27 40 46 116 70 15 130 70 108 55 63 57 55 33 54 25 52 48 86 52 48 125 15 95 37 81 38 44 69 77 43 78 0 41 25 31 31 51 27 28 24 61 59 66 29 80 33 87 59 89 28 34 54 93 110 106 34 50 43 111 45 44 32 91 40 59 68 71 51 24 66 47 47 44 17 107 63 148 63 60 37 81 83 50 35 125 37 40 30 39 20 33 37 30 62 51 55 94 49 42 51 41 50 124 57 38 126 66 67 64 71 89 53 40 56 19 41 47 86 56 41 111 17 87 41 56 36 56 57 92 49 75 9 37 28 40 68 58 19 32 39 63 56 64 30 77 64 80 74 70 28 31 59 87 103 95 56 56 89 111 50 70 38 68 49 57 84 75 59 12 59 52 52 17 73 70 79 144 65 64 32 84 77 59 61 127 53 49 31 77 42 11 30 64 85 56 38 47 73 100 77 65 71 90 121 102 93 97 112 144 128 121 124 135
60 36 54 33 47 66 42 43 130 32 31 48 70 53 148 89 46 147 53 128 94 62 67 21 48 35 17 46 39 123 45 52 112 51 110 21 64 74 31 82 93 33 69 41 0 19 31 41 47 15 69 55 66 36 64 56 64 61 53 75 99 49 8 72 119 142 139 41 50 30 95 84 68 35 77 66 69 65 85 28 64 58 81 79 8 50 137 80 139 59 76 10 73 114 38 58 123 35 69 43 49 36 37 49 39 82 45 46 124 60 58 63 72 63 156 67 58 144 51 98 102 101 103 21 64 41 22 53 33 122 47 46 104 50 106 26 52 72 49 70 112 39 70 42 8 18 32 100 42 24 73 41 84 49 41 55 60 72 46 82 73 39 14 80 97 136 128 50 50 82 99 87 86 40 87 71 61 104 85 31 52 50 85 81 46 94 91 109 133 63 86 17 75 98 84 75 125 37 68 47 38 14 37 70 105 56 43 55 81 112 80 71 78 98 125 106 99 104 120 142 133 127 131 144 163
50 18 48 21 36 49 34 35 113 25 23 31 53 40 131 74 28 134 53 114 76 54 54 31 33 34 7 39 32 105 38 41 111 33 97 16 63 56 26 69 79 26 65 25 19 0 18 26 38 5 52 37 55 38 56 38 63 43 63 61 87 32 11 57 103 125 122 28 40 24 95 66 52 21 75 49 57 58 72 29 48 53 63 61 20 32 120 66 136 52 62 12 68 97 33 41 117 24 51 27 35 18 24 34 24 67 38 40 107 47 43 49 54 49 139 54 42 130 49 80 84 84 90 30 47 38 7 39 29 104 42 33 99 32 92 22 44 54 43 56 98 33 64 24 13 5 23 82 40 6 56 29 68 43 43 38 60 60 57 71 63 23 7 64 85 118 110 43 43 77 97 69 72 28 72 55 50 89 73 36 35 45 67 64 28 79 76 92 131 55 71 9 71 83 68 62 119 35 53 31 52 19 19 53 88 63 39 39 63 94 82 65 65 82 107 105 93 92 104 125 131 121 120 129 146
32 21 32 3 19 37 18 18 101 12 9 20 43 23 120 59 26 117 40 98 71 37 37 32 18 24 25 22 17 98 22 24 96 31 80 12 50 50 14 53 63 12 49 31 31 18 0 11 22 21 54 30 38 30 39 29 49 34 60 45 70 21 24 41 89 113 111 11 23 13 81 62 39 4 61 37 40 41 55 23 51 37 55 52 27 29 108 50 120 35 46 22 52 85 19 29 100 7 41 13 19 13 7 18 9 51 21 25 95 30 28 33 45 33 127 37 28 114 35 69 77 72 74 30 35 25 22 23 17 96 26 16 83 29 76 13 28 48 26 40 82 18 47 25 24 15 9 72 27 19 58 12 53 27 34 27 46 43 54 53 46 10 19 49 68 107 100 27 27 61 82 63 56 11 57 41 33 74 56 32 37 30 58 52 24 64 60 80 115 38 56 14 55 68 55 45 102 23 38 17 54 21 21 53 87 56 25 24 55 88 70 49 48 69 97 91 76 75 90 113 115 103 103 113 132
28 21 32 10 15 26 19 19 91 19 16 11 33 16 109 49 21 108 43 88 63 33 29 42 8 31 32 23 21 88 23 18 96 26 71 22 52 42 22 44 54 19 48 31 41 26 11 0 21 30 49 22 32 37 35 20 51 24 68 35 63 12 34 31 79 103 101 4 20 21 82 54 28 8 61 27 32 38 46 31 46 36 46 42 38 23 98 40 118 33 37 32 51 74 23 19 96 12 31 3 10 12 6 9 3 42 22 26 84 21 18 24 35 24 117 29 17 105 38 59 68 61 65 40 24 30 28 14 23 86 27 11 81 23 66 22 27 39 26 31 72 22 45 23 34 24 16 61 32 25 53 9 43 27 40 17 49 36 62 46 40 4 28 39 60 97 90 27 26 59 81 54 47 9 47 30 27 64 48 40 33 30 48 42 18 54 51 70 114 35 46 24 54 58 44 36 98 29 28 7 64 32 20 47 80 62 29 14 45 79 72 47 40 58 87 91 72 68 80 102 113 99 95 104 122
14 41 11 19 7 37 5 4 97 15 17 29 47 13 116 49 42 102 24 85 79 16 23 38 23 19 45 3 9 100 4 10 75 46 66 26 32 58 17 39 50 15 28 51 47 38 22 21 0 41 69 42 21 25 18 37 31 40 55 35 53 30 42 34 82 110 109 17 5 18 61 72 38 19 41 39 26 20 42 24 67 16 60 55 41 43 103 39 99 14 35 38 31 81 10 33 79 15 44 22 18 31 18 19 21 43 3 7 90 21 25 22 49 25 123 23 29 100 19 68 83 69 59 35 36 14 43 20 15 98 7 12 62 43 63 21 6 56 6 28 70 9 26 43 40 34 16 71 16 41 73 12 46 6 25 34 29 27 49 37 27 24 37 42 51 105 98 6 6 40 61 70 44 13 47 37 16 62 40 31 54 10 61 52 39 54 51 77 94 17 50 32 34 58 51 34 81 16 33 24 55 33 40 67 99 46 11 25 59 94 52 28 35 64 97 70 55 59 80 108 94 83 85 100 124
53 21 50 24 39 53 37 37 117 27 25 35 57 44 135 78 32 137 54 118 80 56 58 30 36 35 5 41 34 109 40 44 112 36 100 17 64 60 27 73 83 28 67 27 15 5 21 30 41 0 55 41 59 38 59 42 64 48 62 64 91 36 7 61 107 129 126 31 43 26 96 70 56 25 77 53 60 60 75 29 51 55 67 65 17 36 124 70 138 54 66 10 70 101 35 45 119 27 55 31 39 23 27 38 28 71 40 42 111 50 47 53 59 53 143 58 46 134 50 84 88 88 94 28 51 40 9 43 30 108 44 37 101 36 95 23 47 58 45 60 101 35 66 27 10 7 26 86 41 10 59 33 72 45 44 42 61 63 55 74 66 27 5 68 89 122 114 45 45 79 98 73 76 31 76 59 53 93 77 36 38 47 71 68 32 83 80 96 133 58 75 10 73 87 72 65 121 36 57 35 50 17 23 56 91 62 40 43 67 97 82 68 69 86 111 106 95 96 108 129 132 123 123 133 150
72 35 79 55 63 44 67 68 85 65 62 40 36 60 98 69 29 126 92 103 32 78 67 82 47 78 53 71 69 64 71 63 142 24 94 62 101 25 68 74 77 65 95 28 69 52 54 49 69 55 0 29 72 84 80 35 100 35 113 63 93 40 61 58 82 92 87 53 67 66 129 22 45 53 109 42 68 83 75 76 5 84 34 38 71 27 92 66 161 79 65 64 98 70 71 42 135 59 37 47 53 42 53 52 50 63 70 74 81 59 51 61 35 58 106 67 46 121 87 54 43 60 90 80 43 78 47 53 70 65 76 58 124 27 85 66 74 25 74 65 88 70 90 30 64 55 63 54 80 46 5 58 62 75 87 38 97 73 106 81 81 47 58 59 91 85 77 75 74 104 128 31 73 57 67 51 70 82 81 84 18 79 39 46 31 71 69 65 158 80 61 58 101 74 55 66 137 76 54 46 104 69 35 7 37 109 77 48 34 49 121 93 71 62 71 137 113 96 90 96 157 137 123 117 122
44 21 51 31 35 19 40 41 78 41 38 13 17 32 95 47 10 107 65 85 41 50 39 62 19 53 41 44 43 69 44 35 113 10 72 41 73 21 43 48 54 40 66 24 55 37 30 22 42 41 29 0 44 59 52 7 72 10 90 37 68 12 47 32 70 89 86 26 39 42 100 33 21 28 80 17 40 55 50 52 27 56 27 25 54 7 85 41 133 51 39 47 69 62 45 14 108 33 17 20 25 20 27 24 24 40 43 47 72 31 23 33 19 31 103 39 18 103 60 45 48 49 67 59 17 52 35 25 45 68 48 30 96 7 65 43 46 18 46 38 69 44 62 16 48 38 38 46 54 32 32 31 40 47 62 10 70 45 83 54 53 22 42 36 66 82 74 47 46 76 99 34 49 30 45 26 41 62 55 61 17 51 31 29 10 50 48 57 129 51 41 40 72 54 36 40 110 51 28 18 84 50 19 26 58 84 50 20 27 59 93 64 45 48 71 109 86 72 74 90 129 110 100 101 113
8 53 20 35 20 31 25 25 80 35 36 35 42 16 99 31 49 82 36 65 74 11 7 59 29 39 62 23 30 89 24 15 70 52 45 46 39 55 37 19 31 35 26 61 66 55 38 32 21 59 72 44 0 44 12 38 37 38 71 19 33 34 61 21 64 94 93 29 17 38 59 69 31 35 41 34 9 15 22 45 71 22 53 47 61 49 86 22 89 15 18 57 28 66 31 31 65 33 39 32 23 43 32 24 33 26 23 25 73 14 22 12 44 15 105 7 27 79 32 56 75 54 38 56 32 33 59 21 36 85 24 23 52 48 43 41 19 53 21 12 50 29 21 52 59 52 35 58 34 56 75 27 30 21 43 35 37 7 67 16 9 35 56 27 31 89 83 20 20 33 57 64 24 28 30 27 6 43 20 51 60 23 53 42 46 36 33 62 86 12 34 51 31 40 37 17 67 36 22 30 75 54 51 69 96 60 30 25 53 86 57 23 16 49 83 67 42 38 60 90 86 68 65 80 104
37 50 25 29 30 60 23 23 121 19 22 48 69 37 140 73 56 124 18 109 100 36 48 18 43 7 43 22 18 123 22 35 76 61 88 23 28 79 16 63 74 19 36 59 36 38 30 37 25 38 84 59 44 0 37 56 29 60 31 60 75 49 36 58 107 134 133 35 30 18 60 91 61 31 42 61 50 37 65 10 80 27 82 77 28 59 127 64 104 31 60 30 40 106 16 54 90 26 66 39 39 43 32 40 36 67 23 20 114 45 48 47 71 49 147 47 51 122 17 92 105 93 81 16 59 12 45 43 15 121 20 33 70 58 87 18 26 76 24 52 94 18 39 54 32 33 22 95 11 43 88 30 70 23 6 54 25 50 25 59 48 38 34 67 73 129 122 24 25 49 63 91 68 30 72 61 39 86 63 8 67 22 84 75 53 79 76 101 98 36 74 30 41 83 75 58 92 10 57 43 31 23 50 83 117 26 15 47 81 116 45 39 59 89 121 70 67 80 104 132 98 95 104 123 148
9 56 12 36 21 41 23 22 91 33 34 41 52 21 110 41 55 87 26 73 84 3 18 53 34 33 63 19 26 100 20 18 62 59 52 44 28 65 34 29 40 32 16 66 64 56 39 35 18 59 80 52 12 37 0 46 26 47 62 30 38 41 60 32 74 104 104 32 16 35 50 79 41 36 30 43 20 4 31 39 79 11 64 58 57 55 96 33 83 6 29 55 18 77 26 40 61 32 49 36 28 47 34 30 36 37 19 19 84 22 30 22 54 25 116 18 35 86 23 67 85 66 45 50 41 26 61 28 32 97 18 25 46 55 52 38 13 62 15 23 59 25 11 57 57 52 34 70 26 58 83 28 41 15 35 43 26 17 58 23 12 39 55 38 37 100 94 15 14 24 48 74 34 29 40 38 11 52 27 44 67 16 64 53 52 46 44 73 79 1 45 50 21 50 48 28 64 30 33 36 67 50 55 77 106 50 23 33 63 96 46 13 26 60 95 58 38 44 69 101 79 65 69 87 113
38 25 46 29 30 14 36 36 76 38 35 9 15 26 93 41 15 102 60 80 44 44 33 61 14 50 43 39 39 69 40 30 107 16 66 40 68 23 41 42 49 38 61 29 56 38 29 20 37 42 35 7 38 56 46 0 67 6 87 31 62 8 48 26 66 87 84 22 34 40 95 36 16 26 75 12 34 49 43 50 34 51 27 24 54 13 83 35 127 46 33 48 63 59 42 8 101 31 13 17 20 20 25 19 21 34 38 43 69 25 17 26 17 24 101 33 12 98 55 43 49 46 61 58 11 48 38 19 42 68 44 26 90 12 59 41 41 20 42 31 64 40 56 21 49 39 35 44 50 35 38 27 35 42 59 4 65 39 81 48 46 20 43 31 59 80 73 42 41 70 93 35 43 27 39 21 35 56 48 59 24 46 30 26 13 45 42 54 123 45 35 40 67 49 31 33 103 47 21 14 82 49 22 31 62 81 46 14 26 60 88 59 38 44 70 103 79 66 69 87 123 104 93 96 109
32 70 21 47 38 65 33 33 116 39 42 60 75 42 135 67 72 106 11 94 108 27 43 46 54 30 69 29 33 126 29 38 48 77 74 48 2 88 38 53 64 38 14 80 64 63 49 51 31 64 100 72 37 29 26 67 0 69 41 56 58 60 63 57 99 130 129 48 33 39 32 102 65 48 14 67 45 24 56 37 97 17 88 82 56 74 121 58 76 23 55 57 15 102 31 62 63 43 73 53 48 61 48 49 51 63 30 26 109 46 53 47 78 49 141 43 58 105 15 92 110 91 67 44 65 25 69 49 35 122 25 42 42 73 76 42 26 85 26 48 82 32 20 73 59 58 41 95 24 67 103 43 66 25 24 64 4 42 39 46 35 54 60 64 57 126 120 26 26 23 35 98 59 43 66 63 36 76 50 35 84 22 88 78 69 72 69 99 70 26 71 55 16 75 74 53 65 29 58 54 52 50 69 97 129 27 25 54 87 121 22 19 51 86 120 43 41 63 93 125 69 68 83 107 136
39 29 49 33 33 10 39 40 70 42 40 14 10 28 88 38 19 98 63 76 40 45 32 66 18 54 48 42 43 65 43 32 108 19 63 45 70 19 45 40 45 42 62 33 61 43 34 24 40 48 35 10 38 60 47 6 69 0 91 29 59 13 53 24 61 82 79 26 36 44 96 33 12 31 76 8 33 50 41 55 34 53 22 19 59 16 78 33 126 47 31 53 65 54 45 8 100 35 8 22 23 26 29 22 26 31 41 46 64 25 17 27 12 24 96 33 12 94 58 37 45 41 58 63 8 51 43 21 47 63 47 29 90 16 55 46 44 16 44 30 60 44 57 25 54 44 40 39 54 40 37 31 31 45 63 7 67 38 85 47 46 24 48 27 57 75 68 45 44 70 94 31 40 31 36 17 36 52 47 64 26 49 25 21 18 41 38 49 123 47 31 45 68 45 27 31 102 51 19 18 87 54 27 31 60 84 50 16 22 56 90 60 37 39 65 104 79 63 65 82 123 102 91 91 104
64 78 51 59 61 91 54 53 151 50 53 78 100 68 170 102 85 146 37 134 130 62 76 33 74 38 66 52 49 154 51 65 76 91 113 51 40 109 47 90 101 50 54 87 53 63 60 68 55 62 113 90 71 31 62 87 41 91 0 89 98 79 57 88 135 164 163 66 59 48 60 122 92 62 51 92 79 60 92 38 109 51 113 108 46 89 156 92 106 57 89 52 56 135 47 85 100 57 97 70 70 72 63 71 67 96 53 49 143 75 79 76 102 79 176 76 82 145 40 123 135 123 106 34 90 42 70 74 45 152 49 64 79 88 114 48 54 106 52 81 120 49 60 83 53 59 52 125 40 69 117 61 100 52 30 85 39 77 7 84 73 69 58 96 97 159 152 52 53 63 67 122 95 61 100 92 67 113 88 29 96 49 115 106 83 107 104 131 99 61 103 56 56 111 105 87 103 41 87 74 18 45 79 113 147 15 44 78 112 147 42 59 87 118 151 70 81 103 131 161 98 106 124 147 175
25 52 38 43 31 19 38 38 62 47 46 32 28 24 81 15 45 73 54 54 57 29 13 72 29 54 67 38 43 71 39 26 85 46 37 55 58 41 49 12 19 46 45 59 75 61 45 35 35 64 63 37 19 60 30 31 56 29 89 0 31 31 69 5 47 76 75 34 31 49 76 54 18 41 59 21 11 33 13 58 62 40 38 31 71 43 68 6 101 34 3 66 46 47 45 24 73 41 26 34 26 44 38 27 37 8 37 40 55 16 18 14 30 12 88 14 21 70 50 37 57 36 31 69 21 48 63 22 49 67 40 31 65 43 31 52 35 39 37 8 38 43 39 50 68 59 46 40 50 59 64 35 11 38 60 29 56 15 84 20 24 38 63 8 29 71 65 37 36 49 73 48 13 36 13 12 22 29 19 65 54 41 36 24 42 20 17 43 98 30 15 59 49 24 18 4 75 51 10 30 90 64 50 58 81 78 46 23 37 68 75 41 9 30 65 83 53 35 46 73 98 75 63 69 89
40 82 50 68 53 50 57 57 65 68 69 62 58 48 83 26 75 50 62 37 83 39 34 90 57 70 94 55 62 86 56 47 68 77 16 78 60 70 70 20 18 67 45 89 99 87 70 63 53 91 93 68 33 75 38 62 58 59 98 31 0 61 94 36 47 79 80 60 50 70 64 82 48 66 53 52 31 39 19 76 93 48 64 58 93 74 69 27 75 44 29 90 43 57 63 55 46 65 56 62 53 73 64 54 64 30 55 56 59 42 47 39 59 40 87 34 51 48 60 55 79 50 10 87 52 63 90 50 68 81 55 55 45 73 22 74 50 69 52 32 27 61 39 80 92 84 68 58 64 87 94 59 32 52 72 59 60 28 94 17 27 66 88 34 3 77 73 51 51 40 58 74 21 60 27 43 39 23 15 81 85 53 61 50 73 27 27 55 74 39 35 83 45 27 41 29 47 67 41 59 104 86 80 88 107 85 61 52 64 89 71 40 24 44 76 67 33 6 38 73 75 46 33 50 79
33 21 40 21 23 18 28 29 82 30 28 2 22 21 100 44 15 104 53 83 51 39 30 53 7 42 38 32 32 77 32 24 102 18 68 33 61 30 33 42 50 30 55 28 49 32 21 12 30 36 40 12 34 49 41 8 60 13 79 31 61 0 42 27 71 93 91 15 27 32 89 43 20 19 69 17 32 44 44 42 38 44 35 31 47 15 89 36 123 40 33 41 58 65 34 9 99 23 20 10 13 15 17 12 13 36 31 36 75 22 15 24 24 22 107 30 11 100 48 49 57 52 62 50 15 40 33 14 35 75 37 19 86 15 61 33 35 28 35 30 67 32 51 19 42 32 28 51 43 30 44 19 37 36 51 6 58 36 73 46 43 12 36 33 59 87 80 35 35 65 88 43 43 19 42 23 31 59 47 51 26 39 38 32 12 48 45 60 119 40 39 33 61 52 36 33 100 40 22 7 75 42 19 38 70 73 39 10 34 68 82 53 38 50 77 98 76 66 73 93 119 101 94 99 114
55 28 51 27 42 59 38 38 123 28 26 40 62 47 141 82 38 141 52 122 86 58 61 24 41 33 10 42 35 115 41 47 111 43 104 17 63 66 27 76 87 28 67 34 8 11 24 34 42 7 61 47 61 36 60 48 63 53 57 69 94 42 0 65 112 134 131 35 45 26 95 76 61 28 76 58 64 61 79 27 57 55 73 71 11 42 130 74 137 55 70 6 70 106 35 51 120 29 61 35 43 28 31 42 32 75 41 43 116 54 51 56 64 57 148 61 50 138 49 90 94 93 97 24 56 39 15 47 30 114 44 40 101 42 99 22 48 64 46 64 106 36 67 34 5 10 27 92 40 16 66 35 77 46 41 47 59 66 51 77 68 32 6 73 92 128 120 46 46 79 97 79 80 34 80 64 56 97 80 32 45 47 77 73 38 87 84 101 132 59 79 11 73 92 77 69 122 35 61 40 44 14 29 63 97 58 40 47 73 104 80 68 72 91 117 105 96 99 113 135 131 124 126 137 155
25 48 38 39 29 14 36 36 63 44 43 28 24 22 83 18 40 78 54 58 54 30 14 69 25 52 63 37 41 69 37 24 89 41 42 52 58 37 47 17 24 44 46 54 72 57 41 31 34 61 58 32 21 58 32 26 57 24 88 5 36 27 65 0 49 77 75 31 29 47 79 51 13 37 60 17 13 35 18 56 58 41 34 28 68 38 70 10 105 34 7 62 48 48 43 19 78 38 22 30 23 40 35 24 33 11 36 39 56 14 14 12 26 10 89 14 17 74 50 36 55 36 36 66 16 47 58 19 47 66 40 28 69 38 35 50 34 35 36 10 41 41 40 45 64 55 43 39 49 55 60 32 13 37 59 24 56 18 83 24 26 34 59 9 34 72 65 36 35 52 76 44 17 33 16 8 22 33 23 64 49 40 33 22 38 23 20 44 102 31 16 55 51 27 18 8 79 49 5 26 88 61 46 53 77 78 45 18 33 66 77 43 13 31 64 86 57 40 49 74 102 79 68 73 92
71 90 84 88 78 54 85 85 18 93 92 72 53 71 37 34 79 48 99 26 58 74 60 118 72 100 109 85 90 46 86 73 115 78 34 100 101 58 96 46 36 92 86 93 119 103 89 79 82 107 82 70 64 107 74 66 99 61 135 47 47 71 112 49 0 32 33 79 78 95 111 63 52 86 98 55 57 76 44 105 85 85 49 47 116 76 22 43 119 79 47 110 86 16 92 62 89 87 54 77 71 85 83 72 81 40 84 87 12 63 62 60 52 59 42 60 62 42 96 29 49 23 38 115 56 95 103 67 96 40 87 77 92 76 26 98 81 59 84 55 22 90 80 86 112 102 92 29 97 100 81 81 37 84 106 66 100 58 130 54 64 81 106 41 47 30 28 83 83 85 105 53 40 82 35 49 68 25 50 112 84 87 43 41 78 29 32 18 119 75 34 103 88 25 36 49 89 98 52 73 137 110 88 76 79 124 93 65 49 54 116 82 49 22 32 114 80 45 13 27 119 87 57 37 44
100 110 113 112 105 77 112 112 14 119 118 95 72 98 7 63 98 67 129 51 61 104 88 144 96 128 129 113 117 34 113 100 146 96 65 125 131 72 122 77 67 119 117 110 142 125 113 103 110 129 92 89 94 134 104 87 130 82 164 76 79 93 134 77 32 0 7 104 105 121 143 70 75 110 129 77 86 107 74 131 95 115 63 64 140 94 12 72 148 108 76 133 117 29 119 85 119 112 74 101 97 107 108 97 105 68 112 115 21 90 87 88 71 86 15 89 86 61 125 45 51 42 69 141 79 123 123 93 122 29 116 103 123 94 58 124 110 74 112 84 53 117 110 104 135 125 117 43 125 121 90 106 65 113 135 88 130 88 159 85 95 104 129 68 78 8 16 112 111 117 136 62 71 107 65 74 97 56 81 139 99 116 58 62 98 59 61 34 149 105 61 126 119 56 60 78 119 125 78 97 164 134 107 86 76 153 121 90 63 49 147 112 79 46 22 145 111 76 42 10 149 116 84 54 36
99 106 112 110 103 75 110 111 16 117 116 92 69 96 11 63 95 71 128 55 56 103 88 142 93 126 126 111 115 28 112 99 147 92 67 122 131 68 120 77 67 117 117 106 139 122 111 101 109 126 87 86 93 133 104 84 129 79 163 75 80 91 131 75 33 7 0 102 104 119 144 65 73 108 129 74 85 106 74 129 91 114 60 61 137 91 16 72 151 108 75 131 118 28 117 82 121 110 71 99 95 104 105 95 103 67 111 114 22 88 85 87 68 84 20 88 84 65 124 42 45 40 71 139 77 122 120 91 121 24 114 101 125 91 59 122 109 70 111 83 55 115 110 101 132 122 115 40 124 117 85 105 64 112 133 85 129 88 157 85 95 102 126 67 80 4 12 111 110 117 137 57 71 105 64 72 96 58 81 138 95 115 55 59 95 59 61 32 152 104 60 123 120 56 58 77 121 124 76 94 162 132 104 82 70 152 119 88 60 43 147 113 78 45 17 147 112 78 44 16 152 119 87 59 42
24 25 28 9 11 27 15 16 91 17 14 14 35 13 110 48 25 107 39 87 65 29 27 41 9 28 34 19 18 90 19 15 92 30 70 22 48 44 20 42 52 16 44 34 41 28 11 4 17 31 53 26 29 35 32 22 48 26 66 34 60 15 35 31 79 104 102 0 16 19 78 57 29 7 57 28 30 34 45 29 50 33 48 43 38 27 98 39 114 29 35 32 47 75 20 20 92 9 33 6 8 15 5 8 5 41 18 22 85 20 18 22 37 23 117 27 18 103 35 60 70 62 63 38 26 26 31 12 21 88 24 7 77 26 65 21 23 42 22 29 71 18 41 26 34 25 14 62 29 28 56 6 43 23 37 19 45 33 59 44 37 7 29 39 58 98 91 23 22 55 78 57 45 5 46 31 24 63 46 38 37 27 50 43 22 53 50 70 110 31 46 25 51 57 45 35 94 26 27 9 62 31 24 51 84 59 25 14 47 82 69 43 38 59 89 87 69 65 79 103 110 96 93 103 122
10 41 13 20 5 33 8 8 92 19 20 27 43 9 111 44 40 98 27 81 75 14 19 42 21 23 47 8 13 96 9 6 76 45 62 29 35 55 21 35 46 18 28 50 50 40 23 20 5 43 67 39 17 30 16 34 33 36 59 31 50 27 45 29 78 105 104 16 0 21 62 69 34 20 42 35 22 19 37 28 65 17 56 51 44 41 98 35 99 14 31 41 32 77 15 29 77 17 40 21 15 31 18 16 20 38 7 11 85 16 21 18 46 20 118 19 25 96 23 64 79 64 55 39 33 18 45 16 20 93 11 10 61 41 59 25 8 52 9 23 66 13 26 42 43 37 19 67 20 42 70 12 41 9 30 31 31 23 54 33 24 23 40 38 48 100 93 9 8 39 62 66 39 13 43 33 12 58 36 35 52 13 57 48 37 50 46 72 94 16 45 35 35 54 46 30 79 21 28 22 60 37 39 64 96 50 16 21 55 90 55 28 31 60 93 72 54 55 75 103 94 81 82 96 119
31 33 25 12 19 45 13 14 109 3 5 31 53 26 128 63 38 119 29 101 83 33 39 23 27 12 30 17 10 108 16 24 87 43 82 10 40 62 2 55 66 4 41 43 30 24 13 21 18 26 66 42 38 18 35 40 39 44 48 49 70 32 26 47 95 121 119 19 21 0 71 74 47 14 52 46 42 36 57 11 63 30 66 62 24 41 115 54 113 30 50 21 45 93 10 38 94 10 51 23 25 25 15 25 19 56 16 17 102 34 35 36 55 38 135 39 36 116 25 78 88 80 75 20 44 15 30 29 5 106 19 19 76 41 79 4 22 59 20 43 85 10 41 37 23 19 5 80 16 28 70 15 59 20 22 37 36 43 42 53 44 21 22 55 68 116 108 21 21 54 73 74 59 15 61 48 32 77 57 20 49 22 68 61 36 68 65 88 108 34 62 17 48 73 62 49 97 11 44 27 44 16 33 65 99 43 15 32 65 99 59 43 51 76 107 82 71 76 94 120 107 99 102 116 138
58 101 50 78 67 90 64 63 129 70 74 89 101 69 147 83 102 103 43 99 132 52 66 76 82 62 101 59 64 145 60 66 17 106 80 80 32 114 70 70 77 70 35 111 95 95 81 82 61 96 129 100 59 60 50 95 32 96 60 76 64 89 95 79 111 143 144 78 62 71 0 128 90 79 21 92 67 46 71 68 127 46 112 106 87 103 132 77 47 50 75 89 32 118 63 89 44 74 98 83 76 92 78 78 81 82 61 57 122 71 79 71 103 74 151 66 84 105 47 112 133 109 74 75 90 57 101 77 67 141 55 72 25 103 85 74 56 111 56 70 91 63 40 103 90 90 73 115 56 99 132 73 85 55 54 91 36 62 61 60 53 84 91 84 65 140 135 55 56 28 9 123 75 74 82 86 60 87 64 65 114 52 111 100 99 87 85 115 40 50 89 87 29 88 94 73 47 61 81 83 76 82 100 126 155 47 57 81 112 144 19 37 69 103 137 11 34 68 102 137 40 51 77 109 142
71 49 81 63 65 38 71 72 64 73 70 44 28 60 76 57 39 109 95 86 11 77 63 94 50 85 68 75 75 43 75 64 139 34 80 73 103 14 76 65 65 73 94 45 84 66 62 54 72 70 22 33 69 91 79 36 102 33 122 54 82 43 76 51 63 70 65 57 69 74 128 0 39 61 108 36 62 82 65 85 26 85 18 24 85 35 71 56 154 79 56 77 96 49 77 40 127 65 30 52 55 51 60 54 56 53 74 78 60 57 49 57 26 55 85 63 45 103 91 35 21 41 78 91 38 83 62 53 77 44 79 61 119 35 70 75 76 17 77 59 73 75 89 43 78 68 70 34 85 61 20 62 50 77 94 39 100 67 116 74 76 54 72 49 80 63 55 77 76 101 125 11 62 62 55 43 68 67 72 94 33 81 22 32 40 57 56 45 152 78 48 71 100 59 41 58 128 83 47 49 115 81 47 17 28 116 82 48 19 29 123 91 63 45 49 135 107 84 72 75 152 128 109 99 101
33 39 45 38 32 3 39 39 63 45 43 21 11 25 82 26 30 86 61 65 43 39 24 70 21 55 57 41 43 63 42 29 100 31 51 50 67 25 48 29 34 44 56 44 68 52 39 28 38 56 45 21 31 61 41 16 65 12 92 18 48 20 61 13 52 75 73 29 34 47 90 39 0 35 71 5 24 44 30 57 45 48 23 17 65 28 70 21 117 42 20 59 58 47 46 11 90 38 9 26 23 34 33 22 30 19 40 44 57 20 14 20 14 17 89 24 11 82 56 32 45 34 47 67 5 51 52 19 48 60 45 29 81 27 44 49 41 23 42 21 49 44 51 36 61 51 43 34 53 49 47 32 19 43 63 15 64 29 86 36 38 30 55 16 46 69 62 42 41 63 87 34 28 33 24 6 30 41 36 66 38 46 24 15 28 30 27 42 114 41 20 52 62 34 17 21 92 52 9 22 90 60 37 41 66 83 49 15 23 57 86 53 26 31 60 97 70 52 54 75 114 92 79 80 95
29 22 30 3 16 33 16 16 98 13 10 17 40 19 116 55 25 113 39 94 69 34 33 35 15 25 28 20 17 95 20 20 94 30 76 15 49 48 15 49 59 13 47 32 35 21 4 8 19 25 53 28 35 31 36 26 48 31 62 41 66 19 28 37 86 110 108 7 20 14 79 61 35 0 59 34 36 38 51 24 50 35 53 49 31 28 104 46 118 33 42 25 50 81 19 26 97 6 38 10 15 13 3 14 6 48 19 23 91 26 24 29 42 29 124 33 24 110 35 66 75 68 70 32 32 25 25 19 17 93 25 12 81 28 72 15 25 45 24 36 78 17 45 25 27 19 10 68 27 22 57 9 50 25 35 24 45 39 55 50 43 7 23 45 64 104 97 25 24 58 80 61 52 7 53 37 29 70 52 33 37 28 56 49 23 60 57 77 113 35 52 18 53 64 51 41 99 23 34 14 57 25 21 52 86 56 24 21 52 86 69 47 45 65 94 89 73 72 86 109 113 100 99 110 129
38 81 30 58 47 70 44 43 115 51 54 69 81 49 134 67 82 98 25 89 113 32 47 60 62 43 81 39 44 128 40 46 36 86 69 61 15 94 50 53 63 50 15 91 77 75 61 61 41 77 109 80 41 42 30 75 14 76 51 59 53 69 76 60 98 129 129 57 42 52 21 108 71 59 0 73 48 27 55 50 106 25 93 87 70 83 119 60 62 30 57 70 13 103 43 69 50 54 79 62 56 71 58 57 61 64 40 37 108 52 60 52 83 54 139 47 64 98 27 95 115 93 62 58 71 38 81 56 47 124 35 51 29 83 73 55 35 92 36 51 79 43 21 83 72 71 53 98 36 79 112 53 68 35 37 71 18 44 50 44 36 64 72 66 53 126 120 35 36 14 22 104 59 53 66 67 41 73 49 49 94 32 93 82 79 71 69 100 57 31 72 68 10 74 76 55 53 42 62 63 64 63 80 106 135 37 37 61 93 126 18 18 52 87 121 30 30 58 90 124 56 56 74 101 132
36 36 47 36 32 3 39 40 65 44 42 19 9 26 83 30 26 90 62 69 41 41 27 69 20 55 54 42 44 62 42 30 103 27 55 49 68 22 47 33 38 44 59 40 66 49 37 27 39 53 42 17 34 61 43 12 67 8 92 21 52 17 58 17 55 77 74 28 35 46 92 36 5 34 73 0 27 47 34 57 41 50 22 16 64 24 72 25 120 44 24 57 61 48 46 9 94 37 6 25 23 31 32 22 29 23 41 45 59 22 15 22 11 19 91 27 11 86 57 33 44 35 51 66 3 52 49 19 48 60 46 29 84 24 48 48 42 20 43 24 53 44 53 32 59 49 42 35 54 46 44 32 23 44 63 12 65 33 86 40 41 28 53 19 50 71 63 43 42 66 90 32 32 32 28 10 33 45 40 65 34 47 23 15 25 33 31 44 118 43 24 50 64 38 20 24 96 52 13 21 89 58 34 37 63 84 49 15 21 55 88 56 30 33 61 100 73 56 57 77 118 96 83 84 98
15 51 28 37 23 25 30 30 72 39 39 32 35 17 92 24 46 78 44 60 66 19 3 64 27 45 63 29 34 81 30 18 77 49 41 49 47 49 42 14 25 39 34 59 69 57 40 32 26 60 68 40 9 50 20 34 45 33 79 11 31 32 64 13 57 86 85 30 22 42 67 62 24 36 48 27 0 23 16 50 67 30 46 40 64 45 78 14 94 23 10 60 36 58 36 27 68 35 33 31 22 42 33 24 33 18 28 31 65 11 18 9 37 10 98 4 22 75 40 48 67 46 34 61 26 39 60 19 41 77 31 24 57 45 38 45 25 46 27 4 44 34 28 50 62 54 39 50 40 57 70 29 22 28 50 31 45 6 74 15 14 35 58 19 29 82 75 27 26 40 63 56 18 30 22 20 12 36 17 57 57 30 45 34 43 29 26 54 91 20 26 53 39 33 29 9 70 42 15 29 81 57 49 63 89 68 36 22 45 78 65 31 10 41 75 74 46 36 54 83 91 70 64 75 98
12 59 12 38 23 44 24 24 93 34 36 44 55 24 112 44 57 88 24 74 87 6 21 53 37 33 64 20 27 103 21 21 59 62 53 45 25 68 35 31 42 33 13 68 65 58 41 38 20 60 83 55 15 37 4 49 24 50 60 33 39 44 61 35 76 107 106 34 19 36 46 82 44 38 27 47 23 0 33 40 82 10 67 61 58 58 98 35 80 6 32 56 15 79 27 43 59 34 52 39 31 49 36 32 38 40 21 20 86 26 33 25 57 28 118 21 38 87 22 70 88 68 46 50 44 26 63 31 33 99 18 28 43 58 54 40 14 65 16 26 60 26 8 60 59 54 35 72 26 60 86 30 43 16 34 46 24 19 56 24 13 41 57 41 37 103 97 16 16 21 45 77 37 32 43 41 14 53 28 44 70 16 67 56 55 49 46 76 76 4 48 52 18 52 51 30 62 30 36 39 66 51 58 80 109 48 24 36 66 99 43 10 28 63 97 55 36 44 71 103 76 63 68 88 115
29 64 41 53 39 31 45 45 61 55 55 45 39 33 80 12 57 62 56 44 66 31 19 79 40 60 78 44 50 75 45 34 78 59 26 64 58 53 57 3 9 54 43 71 85 72 55 46 42 75 75 50 22 65 31 43 56 41 92 13 19 44 79 18 44 74 74 45 37 57 71 65 30 51 55 34 16 33 0 65 75 42 47 41 80 56 66 9 90 36 11 75 44 48 51 37 62 51 38 45 37 56 49 38 48 13 44 46 54 26 30 23 41 23 85 19 33 60 53 42 64 38 19 76 33 54 74 33 56 70 45 40 57 55 22 61 40 51 42 16 29 50 37 62 78 69 54 44 55 71 76 44 15 43 64 41 56 16 88 12 21 49 73 16 17 71 65 42 41 44 66 57 4 45 12 24 27 21 8 72 67 45 45 33 55 16 14 45 89 32 19 69 46 19 25 11 64 57 23 42 96 73 62 70 91 80 51 34 47 75 73 39 7 33 67 76 44 23 39 70 89 63 51 59 83
37 41 28 22 28 56 21 21 119 13 15 41 63 35 137 72 48 125 26 109 93 38 47 15 38 8 34 22 16 118 21 33 85 53 89 14 37 72 10 63 74 13 42 51 28 29 23 31 24 29 76 52 45 10 39 50 37 55 38 58 76 42 27 56 105 131 129 29 28 11 68 85 57 24 50 57 50 40 65 0 72 31 76 72 20 51 125 62 112 34 58 21 46 103 14 49 96 20 61 33 35 35 26 35 29 65 22 21 112 43 45 45 66 47 145 47 46 123 23 88 99 90 82 12 54 14 36 39 10 116 22 29 77 51 87 10 27 69 25 51 94 16 44 46 23 24 15 91 15 34 80 25 68 25 15 48 33 51 32 60 50 31 25 64 75 126 119 25 26 55 71 85 67 25 70 58 39 86 64 10 58 25 79 71 46 77 74 98 106 38 72 21 48 81 72 57 98 10 54 37 33 14 41 75 109 35 16 42 76 110 54 44 59 86 117 79 72 82 103 130 106 101 107 124 147
70 32 77 52 60 44 64 65 88 62 59 38 36 58 101 70 26 127 89 105 36 76 66 78 45 74 48 69 66 68 69 61 140 21 95 59 98 27 65 74 78 62 93 24 64 48 51 46 67 51 5 27 71 80 79 34 97 34 109 62 93 38 57 58 85 95 91 50 65 63 127 26 45 50 106 41 67 82 75 72 0 82 36 39 67 24 95 66 160 77 64 60 96 73 68 41 134 56 38 45 51 38 50 50 47 64 68 72 83 58 50 60 36 57 110 66 45 122 84 57 46 62 91 76 42 75 43 51 67 69 73 56 123 24 86 62 72 27 72 64 90 67 89 27 60 51 59 57 77 42 9 55 63 72 84 37 94 72 103 81 79 44 54 60 91 88 80 72 72 102 126 35 73 54 68 51 68 83 80 81 14 76 42 47 28 72 70 68 156 78 62 54 99 75 56 65 136 73 53 44 100 65 31 10 41 106 74 47 36 54 118 91 71 64 75 136 112 96 92 99 156 136 123 119 125
16 56 5 34 22 48 20 19 101 28 31 44 58 25 120 52 57 97 15 84 91 12 27 44 38 24 59 15 21 109 15 21 60 61 63 39 19 71 28 39 51 27 13 66 58 53 37 36 16 55 84 56 22 27 11 51 17 53 51 40 48 44 55 41 85 115 114 33 17 30 46 85 48 35 25 50 30 10 42 31 82 0 71 65 51 58 107 43 84 7 39 50 16 87 20 45 65 30 56 38 31 47 34 33 36 47 16 13 94 29 36 30 61 33 126 27 41 96 12 76 93 75 56 42 48 18 58 33 26 106 11 27 47 58 63 33 10 68 11 32 70 20 13 58 52 48 30 79 17 55 87 28 51 11 25 47 16 27 47 33 22 39 51 48 47 110 104 10 11 25 46 81 45 29 51 46 19 63 38 34 69 8 72 61 54 57 54 83 79 11 55 46 19 60 58 38 68 22 41 39 57 44 55 81 112 39 16 37 71 105 38 14 37 70 104 55 42 54 80 111 79 70 78 98 124
56 47 68 55 53 24 60 61 54 64 61 36 14 48 70 39 36 93 83 70 21 62 47 87 39 75 67 63 64 43 63 51 122 33 63 67 89 10 67 48 48 64 79 47 81 63 55 46 60 67 34 27 53 82 64 27 88 22 113 38 64 35 73 34 49 63 60 48 56 66 112 18 23 53 93 22 46 67 47 76 36 71 0 7 80 32 61 39 137 65 39 73 81 38 67 28 109 56 16 43 43 46 51 43 47 35 62 66 49 42 36 42 11 40 78 47 32 88 78 21 23 27 60 84 24 72 61 40 68 42 67 50 102 32 53 67 63 11 64 43 56 65 74 42 75 64 61 22 75 59 34 52 33 65 84 29 87 51 107 57 60 46 68 31 63 56 48 64 64 85 109 11 45 52 38 27 53 50 55 85 36 69 6 15 36 39 38 33 135 64 30 66 84 42 24 41 110 73 32 40 109 76 45 28 44 105 70 36 1 34 109 76 46 29 44 119 90 67 56 66 135 110 92 84 90
50 46 62 51 48 18 55 56 54 60 57 32 9 42 70 33 35 89 77 66 27 56 41 84 35 70 66 57 59 47 58 45 116 33 57 63 84 13 63 41 42 59 73 47 79 61 52 42 55 65 38 25 47 77 58 24 82 19 108 31 58 31 71 28 47 64 61 43 51 62 106 24 17 49 87 16 40 61 41 72 39 65 7 0 78 31 61 33 131 59 33 71 75 37 62 24 103 52 11 40 38 43 47 38 44 29 56 61 48 36 30 36 7 33 78 41 27 84 73 20 29 25 54 81 19 67 60 35 64 45 61 45 96 31 48 63 57 13 59 37 51 60 67 41 72 62 57 22 69 57 38 47 27 59 79 25 81 45 102 50 53 42 66 25 56 57 50 59 58 79 103 17 38 48 32 20 47 45 48 81 37 63 7 9 34 34 33 32 129 57 25 63 78 37 18 34 104 68 25 35 105 72 44 32 50 100 65 31 6 40 103 70 39 25 47 113 84 61 53 65 129 104 86 80 89
54 37 47 29 42 64 36 37 128 26 25 46 69 48 146 85 47 142 45 124 94 56 62 14 45 27 20 39 32 123 38 47 104 51 105 16 56 74 24 77 88 27 62 44 8 20 27 38 41 17 71 54 61 28 57 54 56 59 46 71 93 47 11 68 116 140 137 38 44 24 87 85 65 31 70 64 64 58 80 20 67 51 80 78 0 51 135 76 131 52 72 8 65 112 32 56 115 30 67 40 45 35 34 45 36 78 39 39 121 56 55 58 71 59 154 61 55 139 43 96 102 98 98 14 62 34 25 50 26 122 40 41 96 51 101 20 45 72 43 65 108 33 63 43 7 17 26 98 34 26 76 37 80 43 33 53 52 66 40 76 67 36 14 76 91 134 126 43 44 74 91 87 82 36 83 68 55 100 80 23 54 43 84 79 46 90 87 107 126 57 83 15 68 94 81 71 118 29 65 44 34 8 38 72 107 48 36 51 80 112 72 64 73 96 124 98 92 99 116 140 125 120 125 139 159
47 16 54 30 37 26 41 42 84 40 37 15 24 35 101 53 4 113 66 92 44 53 44 59 21 52 36 45 43 73 45 38 116 4 78 39 75 25 43 54 61 40 69 17 50 32 29 23 43 36 27 7 49 59 55 13 74 16 89 43 74 15 42 38 76 94 91 27 41 41 103 35 28 28 83 24 45 58 56 51 24 58 32 31 51 0 91 47 137 54 45 43 72 67 46 20 112 33 23 21 28 17 27 26 24 46 44 48 78 36 28 37 25 36 109 44 23 109 61 51 52 55 73 57 23 52 30 28 45 73 50 32 100 1 71 41 48 22 48 43 76 44 65 10 45 34 37 52 54 27 30 32 46 49 62 15 71 50 82 60 57 21 38 43 71 88 80 49 48 79 102 37 55 31 51 33 45 68 60 60 12 53 37 35 6 57 54 63 133 54 47 36 75 61 42 45 114 51 34 20 81 47 14 25 59 84 51 24 32 62 95 68 50 54 76 112 90 78 80 96 133 115 106 107 119
92 106 105 107 98 72 105 105 8 113 112 90 69 91 15 55 95 56 121 40 63 96 81 138 90 121 125 105 110 39 106 93 135 93 54 119 123 70 116 68 57 112 108 107 137 120 108 98 103 124 92 85 86 127 96 83 121 78 156 68 69 89 130 70 22 12 16 98 98 115 132 71 70 104 119 72 78 98 66 125 95 107 61 61 135 91 0 64 137 100 68 129 108 24 112 80 108 106 70 96 91 102 102 91 100 61 105 108 14 83 81 81 67 79 20 81 81 50 117 41 52 37 59 135 74 116 120 87 116 34 108 96 112 91 48 118 103 72 105 76 43 110 101 101 130 120 111 40 118 117 90 100 57 105 127 83 121 80 151 76 86 99 124 61 68 14 18 104 104 107 126 61 62 101 57 68 89 47 71 133 97 108 56 57 94 50 53 29 138 96 54 121 110 47 54 70 108 118 72 91 157 129 104 86 80 145 113 84 61 53 137 103 70 40 25 135 100 66 31 5 138 105 73 44 31
28 57 41 48 35 23 42 42 59 51 51 37 31 29 78 10 49 68 57 49 59 32 17 76 34 58 72 42 47 69 43 30 85 51 32 60 60 44 54 9 14 51 46 63 80 66 50 40 39 70 66 41 22 64 33 35 58 33 92 6 27 36 74 10 43 72 72 39 35 54 77 56 21 46 60 25 14 35 9 62 66 43 39 33 76 47 64 0 99 37 5 71 47 45 49 29 71 46 29 39 31 49 43 32 42 5 41 44 52 21 23 18 32 17 84 17 26 65 53 36 57 34 26 73 25 52 68 27 53 65 44 35 64 47 26 57 39 42 41 12 33 47 40 55 73 64 50 39 54 64 68 40 9 41 63 33 58 17 87 18 24 43 68 8 25 68 62 41 40 49 72 49 8 41 8 16 25 24 16 70 58 44 37 25 47 15 12 41 96 33 13 63 50 19 18 6 72 55 15 36 94 69 55 61 82 81 50 28 38 68 77 42 8 28 63 83 52 31 41 69 97 72 59 64 85
91 139 89 117 103 118 103 102 136 111 114 123 128 103 151 100 137 91 86 98 156 85 94 121 117 105 142 98 104 161 99 100 30 141 85 122 76 141 111 90 92 111 72 148 139 136 120 118 99 138 161 133 89 104 83 127 76 126 106 101 75 123 137 105 119 148 151 114 99 113 47 154 117 118 62 120 94 80 90 112 160 84 137 131 131 137 137 99 0 86 98 132 68 130 103 120 30 113 126 118 110 129 116 112 118 103 99 96 130 102 110 101 130 103 153 94 115 95 89 130 154 125 83 119 119 99 142 109 108 155 95 108 38 137 94 116 93 139 94 97 97 103 74 140 134 131 113 132 98 139 163 110 105 94 99 123 79 89 107 81 81 121 134 106 77 148 146 94 94 60 41 147 94 111 101 112 92 97 83 110 149 91 134 123 134 102 102 129 8 84 109 129 65 102 115 97 30 103 108 118 122 125 137 157 180 93 98 114 136 163 65 72 92 119 150 36 48 75 107 140 9 33 67 101 136
10 54 7 32 18 42 18 18 95 28 30 40 53 20 114 46 53 93 21 78 85 5 21 48 33 27 58 14 21 103 15 17 63 57 58 39 25 66 29 33 45 28 16 63 59 52 35 33 14 54 79 51 15 31 6 46 23 47 57 34 44 40 55 34 79 108 108 29 14 30 50 79 42 33 30 44 23 6 36 34 77 7 65 59 52 54 100 37 86 0 33 50 19 81 21 40 65 29 50 34 27 44 31 28 33 41 15 14 88 23 31 24 55 27 120 21 35 91 18 70 87 69 50 45 42 21 57 27 27 100 13 23 49 54 57 34 8 63 10 26 64 20 13 55 53 48 29 73 21 54 83 25 44 10 29 42 22 21 53 28 17 36 51 42 42 104 98 10 10 26 49 75 39 26 44 40 13 57 32 38 65 10 66 55 50 51 48 77 81 5 48 46 22 54 51 31 67 25 35 34 62 45 52 77 107 45 18 32 65 98 44 15 30 64 98 59 41 49 74 105 81 69 74 92 118
25 54 38 44 31 21 38 38 63 47 47 34 30 25 82 14 46 72 54 53 59 29 13 72 30 54 68 38 43 72 39 26 84 48 36 56 57 43 50 10 18 47 44 60 76 62 46 37 35 66 65 39 18 60 29 33 55 31 89 3 29 33 70 7 47 76 75 35 31 50 75 56 20 42 57 24 10 32 11 58 64 39 39 33 72 45 68 5 98 33 0 67 45 48 45 26 71 42 28 35 27 46 39 28 38 8 37 40 55 17 20 14 32 13 88 13 23 69 50 38 59 37 30 69 23 48 64 23 49 68 40 31 63 45 30 53 35 42 37 8 37 43 37 52 69 60 46 41 50 61 66 36 12 38 60 31 55 14 84 18 22 39 64 10 27 72 65 37 36 47 71 49 11 37 12 14 22 28 17 66 56 40 38 26 44 19 16 44 96 29 16 60 48 23 20 2 73 51 12 32 90 65 52 60 83 78 46 24 39 69 74 40 7 31 66 81 51 34 45 73 96 73 61 68 89
51 29 46 23 38 57 33 34 122 23 22 39 62 43 140 80 39 137 46 119 87 53 57 20 39 28 14 37 30 116 36 43 105 44 101 12 57 67 22 73 84 24 61 37 10 12 22 32 38 10 64 47 57 30 55 48 57 53 52 66 90 41 6 62 110 133 131 32 41 21 89 77 59 25 70 57 60 56 75 21 60 50 73 71 8 43 129 71 132 50 67 0 65 105 30 49 115 25 60 33 40 28 28 39 30 72 36 38 115 51 49 53 64 54 147 57 49 135 43 89 95 92 94 19 55 33 18 44 24 115 39 36 96 43 96 17 43 64 41 60 103 31 62 35 3 10 22 91 34 18 68 32 74 41 35 46 54 62 46 73 64 30 6 70 88 127 120 41 41 74 92 80 77 31 78 62 52 94 76 26 47 42 77 72 38 85 81 100 126 54 77 8 67 89 75 66 117 29 59 38 41 8 31 65 99 53 35 45 73 105 74 63 69 89 117 99 91 95 111 133 126 119 122 134 153
26 72 21 50 36 59 35 34 104 43 46 58 69 38 123 55 71 91 23 80 101 20 35 57 51 38 75 30 36 116 31 35 45 76 59 54 17 83 44 41 51 43 4 81 73 68 52 51 31 70 98 69 28 40 18 63 15 65 56 46 43 58 70 48 86 117 118 47 32 45 32 96 58 50 13 61 36 15 44 46 96 16 81 75 65 72 108 47 68 19 45 65 0 91 36 57 51 46 67 52 45 62 49 46 51 52 31 29 97 40 48 40 71 42 128 35 53 90 23 83 102 81 52 55 59 32 74 45 41 112 27 41 32 72 62 48 26 80 26 39 68 36 8 73 67 64 45 85 31 71 101 43 56 26 35 60 18 32 54 33 24 54 66 54 43 114 108 26 26 10 31 91 47 44 54 55 29 62 37 47 83 24 81 70 68 59 57 88 64 19 60 61 4 62 64 43 53 36 50 53 66 59 71 94 124 42 31 50 80 113 30 6 40 75 109 40 28 48 79 113 63 56 68 93 122
72 82 85 84 76 49 83 83 17 90 89 66 45 69 35 36 71 63 101 42 43 76 60 115 67 99 102 84 88 31 85 72 123 69 46 96 104 47 93 50 41 90 90 83 114 97 85 74 81 101 70 62 66 106 77 59 102 54 135 47 57 65 106 48 16 29 28 75 77 93 118 49 47 81 103 48 58 79 48 103 73 87 38 37 112 67 24 45 130 81 48 105 91 0 90 56 101 84 46 72 68 79 79 68 76 40 83 87 11 61 59 60 43 57 43 61 58 57 97 17 34 14 48 112 51 95 96 64 94 26 87 74 101 67 36 95 82 48 84 55 34 88 84 77 107 97 89 17 96 93 68 78 37 84 106 60 102 61 130 59 68 76 101 40 56 24 18 84 83 91 112 39 44 78 37 45 69 34 55 111 73 87 32 34 70 32 34 5 130 77 33 98 93 30 31 50 101 96 49 68 135 106 80 64 64 125 92 61 38 39 120 86 51 18 20 122 88 56 27 29 130 99 71 52 53
23 40 16 17 15 45 8 7 106 8 12 33 53 22 125 59 43 112 21 95 85 25 33 28 28 9 39 8 3 108 7 19 78 48 76 19 31 64 9 49 60 8 32 50 38 33 19 23 10 35 71 45 31 16 26 42 31 45 47 45 63 34 35 43 92 119 117 20 15 10 63 77 46 19 43 46 36 27 51 14 68 20 67 62 32 46 112 49 103 21 45 30 36 90 0 39 85 13 51 25 24 31 19 25 22 52 8 8 99 30 33 32 56 34 132 33 36 110 17 77 89 78 68 25 43 7 39 27 6 105 9 18 67 45 73 13 14 61 12 38 80 3 32 43 32 29 11 79 9 37 75 15 55 11 18 39 28 37 41 46 36 25 31 51 61 114 107 12 12 45 64 76 54 15 57 46 25 72 50 21 55 13 69 60 41 64 61 86 98 25 59 26 38 68 59 44 87 7 41 28 46 25 39 70 103 39 6 31 66 100 51 33 45 73 105 73 61 68 89 117 98 90 94 110 133
32 30 41 28 26 9 32 33 73 36 34 11 15 21 91 35 21 96 56 75 47 38 26 61 12 47 47 35 36 70 36 24 101 23 60 41 63 26 39 35 42 36 55 35 58 41 29 19 33 45 42 14 31 54 40 8 62 8 85 24 55 9 51 19 62 85 82 20 29 38 89 40 11 26 69 9 27 43 37 49 41 45 28 24 56 20 80 29 120 40 26 49 57 56 39 0 94 29 13 17 15 24 24 15 21 28 34 39 66 18 10 20 18 17 99 26 5 92 51 41 51 43 55 58 6 45 42 13 40 68 39 22 83 19 53 40 36 24 37 24 58 37 50 27 51 41 34 43 47 39 44 24 29 38 56 5 60 32 79 41 39 20 45 25 52 79 71 37 37 63 87 38 36 24 33 15 29 50 41 58 31 42 30 24 19 39 36 52 116 39 30 42 61 43 27 26 96 45 15 12 82 50 27 38 67 77 43 8 28 62 83 52 31 41 69 97 72 59 64 85 116 96 87 90 105
68 116 69 97 82 91 83 82 106 92 95 99 101 80 122 72 113 66 72 69 128 64 69 108 93 89 123 79 85 131 79 78 35 116 56 104 64 114 93 62 63 92 54 125 123 117 100 96 79 119 135 108 65 90 61 101 63 100 100 73 46 99 120 78 89 119 121 92 77 94 44 127 90 97 50 94 68 59 62 96 134 65 109 103 115 112 108 71 30 65 71 115 51 101 85 94 0 93 99 96 87 107 95 89 96 75 79 78 101 78 85 76 102 77 124 69 90 69 73 101 125 96 53 105 93 82 121 85 91 126 76 86 22 112 65 98 73 112 75 71 67 85 53 117 117 112 94 103 82 118 137 89 77 75 85 98 66 63 100 54 56 99 115 78 48 118 116 74 74 42 36 119 65 90 72 85 69 67 55 97 124 73 106 95 110 73 73 99 31 62 80 110 49 73 86 70 3 87 82 94 113 109 115 130 152 86 80 89 108 134 61 52 65 90 120 39 24 46 77 111 31 7 39 74 109
26 27 25 4 13 36 11 12 100 8 6 22 44 18 119 56 30 113 34 94 74 30 32 32 18 20 31 16 11 99 15 18 89 36 76 14 44 53 11 48 59 8 42 37 35 24 7 12 15 27 59 33 33 26 32 31 43 35 57 41 65 23 29 38 87 112 110 9 17 10 74 65 38 6 54 37 35 34 51 20 56 30 56 52 30 33 106 46 113 29 42 25 46 84 13 29 93 0 41 14 16 18 6 16 10 48 15 18 93 26 26 29 46 30 126 32 27 110 29 69 79 71 69 29 35 20 29 20 12 97 20 11 76 33 72 12 21 50 20 36 78 12 41 30 28 20 6 71 22 26 63 7 51 20 30 28 40 38 51 48 40 12 24 47 63 107 99 20 20 54 75 65 52 6 54 39 27 70 51 29 42 23 59 52 28 61 57 79 109 31 54 19 49 65 53 41 95 18 36 17 53 23 27 57 91 51 19 23 56 90 64 42 44 67 97 84 69 70 86 111 108 97 97 109 130
41 37 52 40 38 9 44 45 63 49 46 21 3 32 80 33 26 92 67 70 36 47 33 73 24 59 56 47 49 58 47 35 109 25 58 52 74 17 52 37 41 48 64 40 69 51 41 31 44 55 37 17 39 66 49 13 73 8 97 26 56 20 61 22 54 74 71 33 40 51 98 30 9 38 79 6 33 52 38 61 38 56 16 11 67 23 70 29 126 50 28 60 67 46 51 13 99 41 0 29 27 33 36 27 33 26 46 50 57 27 20 28 6 25 88 33 16 87 63 30 39 33 54 70 8 57 50 25 53 56 51 34 89 23 50 52 47 14 48 30 54 49 59 32 62 51 46 32 59 48 39 36 26 49 68 14 71 38 91 45 46 31 56 22 54 68 60 49 48 71 95 26 36 37 31 14 38 46 44 70 32 53 18 13 25 35 33 41 123 49 25 53 70 39 20 29 100 57 18 24 94 62 35 32 57 89 55 20 16 50 94 61 34 32 57 105 78 59 58 75 123 100 86 85 97
28 21 33 12 16 24 20 21 89 21 18 9 31 16 107 48 20 107 45 87 61 34 29 45 6 33 33 24 23 86 24 19 96 24 70 24 54 40 24 43 53 21 49 30 43 27 13 3 22 31 47 20 32 39 36 17 53 22 70 34 62 10 35 30 77 101 99 6 21 23 83 52 26 10 62 25 31 39 45 33 45 38 43 40 40 21 96 39 118 34 35 33 52 72 25 17 96 14 29 0 9 12 8 8 5 40 23 28 82 21 17 23 33 23 115 29 16 104 40 57 66 59 64 42 22 32 29 13 25 84 29 11 81 21 65 24 28 37 28 30 71 24 46 22 35 26 19 59 34 26 51 11 42 28 42 15 50 35 64 46 40 4 30 38 60 95 88 28 27 60 82 52 46 10 46 29 27 63 48 42 32 32 46 40 17 52 49 68 114 35 44 26 55 57 42 35 98 31 26 5 66 34 20 45 78 64 30 12 43 77 74 48 39 56 85 92 72 67 78 101 114 99 95 103 121
20 30 27 17 11 21 17 18 84 23 21 13 30 8 103 40 27 99 41 80 62 26 20 48 7 33 42 20 22 84 21 11 89 31 62 30 49 41 26 35 45 22 42 39 49 35 19 10 18 39 53 25 23 39 28 20 48 23 70 26 53 13 43 23 71 97 95 8 15 25 76 55 23 15 56 23 22 31 37 35 51 31 43 38 45 28 91 31 110 27 27 40 45 68 24 15 87 16 27 9 0 21 12 2 12 33 19 24 77 12 10 15 33 15 110 20 12 96 36 54 66 55 56 45 20 30 38 5 26 82 25 7 73 27 57 28 22 38 22 22 63 22 38 30 42 33 21 56 32 35 56 10 35 23 41 16 46 26 64 37 31 13 37 31 51 91 84 23 22 52 75 53 38 11 38 23 19 55 39 44 39 27 45 37 24 45 42 64 107 27 38 33 48 50 37 27 89 30 20 8 68 39 28 50 82 62 28 8 43 77 69 40 31 52 82 85 64 58 71 96 106 90 86 95 114
39 10 42 15 26 32 28 29 95 25 21 13 35 27 113 57 14 117 52 97 60 44 40 43 16 37 24 33 29 88 32 29 106 19 81 22 61 40 27 54 63 24 58 20 36 18 13 12 31 23 42 20 43 43 47 20 61 26 72 44 73 15 28 40 85 107 104 15 31 25 92 51 34 13 71 31 42 49 56 35 38 47 46 43 35 17 102 49 129 44 46 28 62 79 31 24 107 18 33 12 21 0 14 19 11 50 32 35 89 32 27 34 37 34 121 40 24 114 47 63 67 66 75 40 29 37 19 24 29 87 37 22 92 17 75 25 37 37 36 41 81 30 56 13 29 19 22 64 40 16 46 19 51 37 46 20 58 46 66 57 51 9 23 47 71 100 93 37 36 70 92 53 56 18 55 37 38 72 59 44 25 40 50 46 12 62 59 74 125 46 53 20 65 66 50 46 109 35 36 14 65 31 9 41 75 68 37 22 46 78 81 58 50 64 89 101 83 78 87 107 124 110 106 112 129
27 23 29 5 14 31 15 16 95 14 11 16 38 17 114 52 25 111 39 91 68 32 31 37 13 26 31 20 16 93 19 18 93 30 74 18 48 47 17 46 56 14 45 33 37 24 7 6 18 27 53 27 32 32 34 25 48 29 63 38 64 17 31 35 83 108 105 5 18 15 78 60 33 3 58 32 33 36 49 26 50 34 51 47 34 27 102 43 116 31 39 28 49 79 19 24 95 6 36 8 12 14 0 12 4 45 18 22 89 23 22 26 40 27 121 31 22 107 34 64 73 66 67 34 29 25 28 17 18 91 24 10 79 27 69 17 24 44 23 33 75 17 43 26 30 21 11 66 27 24 57 7 47 24 35 22 45 37 57 47 40 7 25 43 62 102 94 24 23 57 79 59 50 5 50 35 27 67 50 35 37 27 54 47 23 57 54 74 112 33 50 21 52 61 49 39 97 24 32 12 58 27 22 52 85 57 24 18 50 84 69 45 42 63 92 88 71 69 83 107 111 98 97 107 126
21 29 28 16 12 21 18 19 84 23 21 12 29 9 103 41 25 100 42 80 61 27 21 48 5 33 41 21 22 84 22 12 91 30 63 29 50 40 26 36 46 22 43 37 49 34 18 9 19 38 52 24 24 40 30 19 49 22 71 27 54 12 42 24 72 97 95 8 16 25 78 54 22 14 57 22 24 32 38 35 50 33 43 38 45 26 91 32 112 28 28 39 46 68 25 15 89 16 27 8 2 19 12 0 11 34 20 25 78 13 10 16 32 16 110 21 12 97 37 54 65 55 57 45 20 30 37 5 27 82 26 8 75 26 58 27 23 37 24 23 64 23 40 29 41 32 21 56 33 34 55 10 36 24 42 15 47 28 65 38 33 12 36 32 52 91 84 24 23 53 77 52 39 11 39 24 20 56 40 44 38 28 45 36 23 46 43 64 108 29 39 32 50 50 38 28 91 31 20 7 68 38 27 49 81 63 29 8 42 76 70 42 32 52 82 86 65 59 72 96 108 92 87 96 115
29 21 32 8 16 28 18 19 93 17 15 12 35 17 111 51 22 110 42 90 64 34 31 40 10 29 31 23 20 90 22 19 96 27 73 20 52 43 20 46 56 17 48 30 39 24 9 3 21 28 50 24 33 36 36 21 51 26 67 37 64 13 32 33 81 105 103 5 20 19 81 56 30 6 61 29 33 38 48 29 47 36 47 44 36 24 100 42 118 33 38 30 51 76 22 21 96 10 33 5 12 11 4 11 0 44 21 26 86 23 20 26 37 26 119 31 19 107 38 61 70 63 67 38 26 29 27 15 22 88 27 11 81 24 68 20 26 40 26 33 74 21 45 23 32 22 15 63 31 24 54 9 45 26 39 19 48 37 60 48 41 3 26 41 62 99 92 26 26 59 81 56 49 8 49 32 28 66 50 38 34 30 50 44 19 56 52 72 114 35 48 22 55 60 46 38 98 27 30 9 62 30 20 48 82 61 28 16 47 81 72 47 42 60 89 91 73 69 82 105 114 100 97 106 124
32 57 46 50 38 21 45 45 55 54 53 37 28 31 74 8 48 68 61 48 54 36 21 79 35 61 73 45 50 65 46 33 90 49 33 62 64 41 57 13 15 53 51 62 82 67 51 42 43 71 63 40 26 67 37 34 63 31 96 8 30 36 75 11 40 68 67 41 38 56 82 53 19 48 64 23 18 40 13 65 64 47 35 29 78 46 61 5 103 41 8 72 52 40 52 28 75 48 26 40 33 50 45 34 44 0 45 48 48 23 24 21 29 19 81 21 26 64 58 31 53 29 28 76 24 56 68 29 56 61 48 38 68 46 26 59 42 39 45 16 31 50 45 54 74 65 53 34 57 65 65 42 4 45 67 33 62 21 91 23 29 44 69 5 28 64 58 44 44 54 77 45 10 43 6 14 29 23 20 73 57 48 32 21 46 13 9 36 101 37 8 65 55 17 13 10 76 58 15 36 98 71 55 58 78 85 53 28 34 63 82 47 13 23 58 87 56 33 39 65 101 75 60 63 82
15 41 11 19 9 39 4 4 99 14 16 31 49 15 118 51 42 104 22 87 81 17 25 36 25 17 44 2 7 102 2 12 75 47 68 25 31 60 15 41 52 13 28 51 45 38 21 22 3 40 70 43 23 23 19 38 30 41 53 37 55 31 41 36 84 112 111 18 7 16 61 74 40 19 40 41 28 21 44 22 68 16 62 56 39 44 105 41 99 15 37 36 31 83 8 34 79 15 46 23 19 32 18 20 21 45 0 5 92 23 27 24 51 27 125 25 30 102 18 70 84 71 60 33 38 12 43 22 14 99 6 13 62 44 65 20 7 57 5 30 72 7 27 43 39 34 15 73 14 40 74 13 48 6 23 35 27 29 47 38 29 24 36 44 53 107 100 6 6 40 61 71 46 14 49 39 17 64 42 29 55 9 63 54 40 56 53 79 94 18 52 31 34 60 53 36 82 14 35 25 53 32 40 68 100 44 9 26 61 96 51 28 37 66 99 70 56 60 81 110 94 83 87 102 126
17 45 9 22 13 43 8 7 102 15 18 35 53 19 121 54 47 105 18 89 85 17 28 35 29 15 47 4 8 106 4 16 72 51 69 26 27 64 16 43 55 15 25 55 46 40 25 26 7 42 74 47 25 20 19 43 26 46 49 40 56 36 43 39 87 115 114 22 11 17 57 78 44 23 37 45 31 20 46 21 72 13 66 61 39 48 108 44 96 14 40 38 29 87 8 39 78 18 50 28 24 35 22 25 26 48 5 0 95 26 31 28 55 30 128 28 35 103 13 74 89 74 62 32 42 9 46 26 14 103 2 18 60 48 68 21 7 62 4 33 74 8 25 47 40 36 17 77 10 43 78 17 51 4 20 40 23 31 44 39 29 28 38 48 54 110 104 5 5 37 58 76 48 18 52 43 20 66 43 27 59 5 67 58 44 59 56 83 91 18 55 33 31 63 56 39 80 12 39 30 51 32 44 72 105 40 6 31 65 100 47 26 40 70 103 67 54 61 84 113 91 82 87 104 128
80 93 93 93 85 58 92 92 8 100 98 77 55 78 27 43 82 57 108 37 53 83 68 125 77 108 112 92 97 35 93 80 126 80 46 106 110 58 102 56 46 99 96 94 124 107 95 84 90 111 81 72 73 114 84 69 109 64 143 55 59 75 116 56 12 21 22 85 85 102 122 60 57 91 108 59 65 86 54 112 83 94 49 48 121 78 14 52 130 88 55 115 97 11 99 66 101 93 57 82 77 89 89 78 86 48 92 95 0 70 68 68 54 66 33 68 67 51 105 28 43 24 50 122 61 103 106 73 103 30 95 83 103 78 38 105 90 59 92 63 34 97 90 88 117 107 98 27 105 104 79 87 44 92 114 70 109 67 138 64 74 86 111 48 58 18 16 91 91 96 116 50 50 88 44 55 77 36 60 120 84 95 43 44 81 38 40 16 131 84 41 108 99 35 41 57 101 105 58 78 144 115 91 74 73 132 100 71 49 46 126 92 58 26 22 125 91 57 24 19 131 99 68 45 42
15 41 26 28 16 19 23 23 77 31 31 22 30 9 96 30 36 88 42 69 62 20 9 56 17 39 53 23 28 81 24 11 83 39 51 40 48 43 34 23 34 31 38 49 60 47 30 21 21 50 59 31 14 45 22 25 46 25 75 16 42 22 54 14 63 90 88 20 16 34 71 57 20 26 52 22 11 26 26 43 58 29 42 36 56 36 83 21 102 23 17 51 40 61 30 18 78 26 27 21 12 32 23 13 23 23 23 26 70 0 9 3 32 5 103 9 14 85 38 48 64 49 44 53 19 34 49 9 34 78 27 15 65 35 46 37 22 40 24 10 53 28 32 40 53 44 30 51 36 46 62 19 26 24 46 22 45 15 70 26 22 25 48 22 39 85 78 23 23 45 69 52 27 21 28 18 12 44 27 50 47 28 43 33 33 35 32 57 99 22 30 44 43 39 30 16 79 36 13 18 75 49 39 56 84 65 32 12 42 76 67 35 19 44 77 79 55 47 61 88 99 80 74 84 105
22 35 33 26 19 13 26 26 75 32 31 15 23 12 93 32 29 91 48 71 55 28 16 58 11 42 50 28 31 76 28 16 91 31 55 39 54 35 35 28 37 32 45 42 58 43 28 18 25 47 51 23 22 48 30 17 53 17 79 18 47 15 51 14 62 87 85 18 21 35 79 49 14 24 60 15 18 33 30 45 50 36 36 30 55 28 81 23 110 31 20 49 48 59 33 10 85 26 20 17 10 27 22 10 20 24 27 31 68 9 0 10 25 8 101 16 6 88 43 44 58 46 48 54 12 38 45 6 36 73 32 16 73 28 49 37 28 33 29 16 55 31 40 33 51 42 31 47 40 42 54 20 26 30 50 14 51 23 73 32 30 21 46 22 45 82 75 29 28 53 77 46 30 20 29 14 19 47 33 53 40 33 37 28 26 36 33 54 107 30 29 42 51 41 28 19 87 39 10 13 77 48 33 48 76 70 36 5 35 69 74 43 24 42 73 87 63 52 62 86 107 88 80 87 105
15 43 27 30 18 19 25 25 75 33 33 24 30 11 94 28 38 85 43 66 62 20 7 59 19 41 56 25 30 80 26 13 82 41 48 42 48 44 36 21 31 33 37 51 63 49 33 24 22 53 61 33 12 47 22 26 47 27 76 14 39 24 56 12 60 88 87 22 18 36 71 57 20 29 52 22 9 25 23 45 60 30 42 36 58 37 81 18 101 24 14 53 40 60 32 20 76 29 28 23 15 34 26 16 26 21 24 28 68 3 10 0 32 3 101 7 15 82 39 47 64 47 42 56 20 36 52 11 36 77 28 18 64 37 44 39 23 41 25 8 50 30 32 42 55 47 33 50 37 49 63 22 24 25 47 23 45 13 71 23 20 27 51 20 37 83 76 25 24 44 68 53 24 23 26 17 11 42 25 52 49 29 42 32 35 33 30 55 97 22 28 46 43 37 29 13 77 38 12 21 77 51 41 57 85 66 33 14 42 75 67 34 16 43 76 79 53 44 59 86 97 78 72 82 103
46 39 57 45 43 14 49 50 60 53 51 26 3 37 77 34 28 92 72 70 31 52 37 77 29 64 59 52 53 53 53 40 113 27 60 57 79 12 56 40 43 53 69 41 72 54 45 35 49 59 35 19 44 71 54 17 78 12 102 30 59 24 64 26 52 71 68 37 46 55 103 26 14 42 83 11 37 57 41 66 36 61 11 7 71 25 67 32 130 55 32 64 71 43 56 18 102 46 6 33 33 37 40 32 37 29 51 55 54 32 25 32 0 30 85 38 21 88 68 27 34 31 56 74 14 62 53 30 57 51 56 39 94 25 51 57 52 11 54 34 55 54 64 34 66 55 51 28 64 50 36 41 28 54 73 19 76 42 96 49 51 36 59 25 57 64 56 54 53 76 100 21 39 42 33 18 43 47 48 75 32 58 14 12 28 36 34 38 127 54 27 56 75 40 20 33 104 62 22 29 98 66 37 30 53 94 60 25 11 45 99 66 38 30 53 110 82 62 57 72 127 104 88 85 95
17 43 30 31 20 17 27 27 73 35 34 23 27 12 92 26 36 85 46 65 60 23 9 60 18 43 56 27 32 77 28 15 85 39 48 43 51 41 38 21 30 34 40 50 63 49 33 24 25 53 58 31 15 49 25 24 49 24 79 12 40 22 57 10 59 86 84 23 20 38 74 55 17 29 54 19 10 28 23 47 57 33 40 33 59 36 79 17 103 27 13 54 42 57 34 17 77 30 25 23 15 34 27 16 26 19 27 30 66 5 8 3 30 0 99 9 13 81 41 45 61 45 41 57 17 38 52 11 38 74 31 19 66 35 43 41 26 38 27 8 49 32 35 41 56 47 34 47 40 49 61 23 22 28 50 21 48 15 74 25 23 27 51 18 37 81 74 27 27 47 71 50 23 24 24 14 14 41 26 54 47 31 40 29 34 31 28 53 100 24 26 47 46 36 26 13 79 40 9 20 79 52 41 54 82 69 36 13 39 72 70 37 17 40 73 81 56 44 57 84 100 80 72 81 101
112 124 125 126 118 91 125 125 26 132 131 109 87 110 9 75 113 67 141 56 75 115 101 158 109 141 144 125 130 46 126 113 153 110 72 139 142 86 135 88 77 132 128 124 156 139 127 117 123 143 106 103 105 147 116 101 141 96 176 88 87 107 148 89 42 15 20 117 118 135 151 85 89 124 139 91 98 118 85 145 110 126 78 78 154 109 20 84 153 120 88 147 128 43 132 99 124 126 88 115 110 121 121 110 119 81 125 128 33 103 101 101 85 99 0 101 100 61 137 59 65 56 78 155 93 136 138 106 135 43 128 116 131 109 67 137 122 88 125 96 61 130 121 119 149 139 131 57 137 135 104 120 77 125 147 102 141 100 171 96 106 118 143 81 87 22 30 124 124 126 144 76 82 121 76 87 109 66 91 152 113 128 73 76 112 70 73 48 155 116 74 140 130 67 73 90 124 138 91 110 177 148 122 101 89 165 133 104 78 62 157 123 90 59 36 153 119 84 50 16 155 121 87 55 27
12 49 25 35 20 25 26 26 75 36 36 30 35 14 94 27 44 81 41 63 67 16 1 61 25 42 61 26 31 83 27 15 76 47 44 46 45 49 39 17 28 36 33 57 67 54 37 29 23 58 67 39 7 47 18 33 43 33 76 14 34 30 61 14 60 89 88 27 19 39 66 63 24 33 47 27 4 21 19 47 66 27 47 41 61 44 81 17 94 21 13 57 35 61 33 26 69 32 33 29 20 40 31 21 31 21 25 28 68 9 16 7 38 9 101 0 21 78 37 50 68 49 37 58 26 36 57 17 38 79 28 22 58 43 41 42 22 47 24 6 47 31 27 48 59 51 36 52 37 54 69 26 24 25 47 30 43 7 71 17 14 33 55 21 32 84 78 24 23 39 63 57 21 27 25 21 9 40 20 53 56 28 47 35 42 32 29 57 91 18 28 50 38 36 31 12 71 39 16 27 78 54 47 63 90 65 33 20 46 79 63 29 13 44 78 73 47 39 57 86 91 72 67 78 101
27 32 37 27 22 10 29 29 74 34 32 12 19 16 92 34 24 94 52 73 51 33 21 59 10 44 48 31 33 73 32 20 96 27 58 39 59 31 37 32 40 33 50 38 58 42 28 17 29 46 46 18 27 51 35 12 58 12 82 21 51 11 50 17 62 86 84 18 25 36 84 45 11 24 64 11 22 38 33 46 45 41 32 27 55 23 81 26 115 35 23 49 53 58 36 5 90 27 16 16 12 24 22 12 19 26 30 35 67 14 6 15 21 13 100 21 0 90 47 43 55 44 52 56 8 41 43 9 38 71 36 18 78 23 51 38 32 28 33 20 57 34 45 29 50 41 32 45 43 40 49 21 27 34 53 9 56 28 76 37 35 19 45 23 49 80 73 33 32 59 82 41 33 22 32 14 25 49 38 55 35 37 34 25 22 38 35 53 112 35 29 41 56 42 27 23 92 42 12 11 79 49 29 42 72 74 39 5 31 66 79 48 28 41 71 92 68 56 63 86 112 92 84 89 106
87 121 97 112 98 84 104 104 53 114 114 101 88 92 62 57 112 7 110 18 99 87 78 137 98 117 137 102 108 86 103 92 102 112 35 123 107 96 116 62 52 113 92 126 144 130 114 105 100 134 121 103 79 122 86 98 105 94 145 70 48 100 138 74 42 61 65 103 96 116 105 103 82 110 98 86 75 87 60 123 122 96 88 84 139 109 50 65 95 91 69 135 90 57 110 92 69 110 87 104 96 114 107 97 107 64 102 103 51 85 88 82 88 81 61 78 90 0 108 69 91 62 42 134 87 111 132 92 115 80 103 99 81 109 39 120 97 96 99 75 34 108 86 118 137 128 113 70 112 129 121 103 64 100 120 96 107 73 142 64 75 108 132 68 50 64 65 99 98 85 96 93 58 104 59 78 85 42 60 129 119 101 82 76 110 53 56 60 98 87 63 128 91 49 68 69 68 115 78 100 152 132 119 115 121 132 108 92 87 95 115 87 66 59 71 103 71 43 32 51 99 64 30 7 41
26 56 12 33 26 55 20 20 112 24 28 48 65 31 131 63 59 109 5 95 98 23 37 35 42 16 55 16 19 118 16 28 63 64 75 34 15 77 23 51 62 24 20 66 51 49 35 38 19 50 87 60 32 17 23 55 15 58 40 50 60 48 49 50 96 125 124 35 23 25 47 91 56 35 27 57 40 22 53 23 84 12 78 73 43 61 117 53 89 18 50 43 23 97 17 51 73 29 63 40 36 47 34 37 38 58 18 13 105 38 43 39 68 41 137 37 47 108 0 85 101 85 67 32 55 11 55 39 21 115 12 30 54 61 75 28 16 74 15 42 81 18 23 59 45 44 27 88 9 53 91 30 61 14 13 52 11 38 35 45 34 40 46 58 59 121 114 15 15 32 49 88 56 30 61 55 29 74 49 24 71 10 79 70 56 68 65 93 84 22 65 41 25 71 67 48 76 15 50 42 45 37 55 85 117 28 11 43 78 112 35 23 48 80 114 57 50 65 92 122 83 79 89 109 136
61 66 74 69 62 33 70 70 34 76 74 50 28 56 51 30 54 74 90 51 31 66 49 101 52 86 85 71 74 34 72 59 119 52 49 81 94 31 79 43 38 75 81 67 98 80 69 59 68 84 54 45 56 92 67 43 92 37 123 37 55 49 90 36 29 45 42 60 64 78 112 35 32 66 95 33 48 70 42 88 57 76 21 20 96 51 41 36 130 70 38 89 83 17 77 41 101 69 30 57 54 63 64 54 61 31 70 74 28 48 44 47 27 45 59 50 43 69 85 0 25 7 48 98 35 82 79 50 79 30 75 60 97 51 38 80 70 31 71 45 39 75 75 61 91 81 74 3 83 77 53 63 27 72 93 43 92 51 117 53 59 60 85 29 53 39 31 71 71 84 107 25 38 64 30 31 58 35 49 97 57 75 16 18 54 28 29 12 129 67 23 82 85 29 19 40 101 83 36 53 121 90 63 48 55 113 79 46 21 34 112 77 43 11 29 117 85 56 37 46 129 100 77 65 70
78 67 90 77 76 46 83 83 46 87 84 58 36 70 56 54 56 97 106 74 11 84 68 109 62 98 87 85 87 22 86 74 142 52 73 89 112 28 90 65 62 86 100 64 102 84 77 68 83 88 43 48 75 105 85 49 110 45 135 57 79 57 94 55 49 51 45 70 79 88 133 21 45 75 115 44 67 88 64 99 46 93 23 29 102 52 52 57 154 87 59 95 102 34 89 51 125 79 39 66 66 67 73 65 70 53 84 89 43 64 58 64 34 61 65 68 55 91 101 25 0 31 73 107 47 95 81 63 91 23 89 72 120 52 63 90 85 31 87 64 64 87 95 61 96 85 84 23 97 79 40 75 50 87 107 52 109 71 129 75 80 68 89 50 78 43 36 87 86 106 129 15 61 75 53 48 75 60 72 108 52 91 22 33 57 52 52 31 152 85 46 87 105 53 40 60 126 95 53 62 131 97 65 37 31 128 93 59 24 12 131 97 65 36 29 139 108 80 60 56 153 125 101 86 83
60 70 73 71 63 35 70 71 30 77 76 53 32 56 48 27 59 68 89 45 37 65 49 103 54 86 89 72 75 37 72 59 116 57 43 83 93 36 80 40 34 77 80 71 101 84 72 61 69 88 60 49 54 93 66 46 91 41 123 36 50 52 93 36 23 42 40 62 64 80 109 41 34 68 93 35 46 68 38 90 62 75 27 25 98 55 37 34 125 69 37 92 81 14 78 43 96 71 33 59 55 66 66 55 63 29 71 74 24 49 46 47 31 45 56 49 44 62 85 7 31 0 43 99 37 82 83 51 81 32 75 61 94 55 33 82 70 37 71 44 33 75 73 65 94 84 76 9 84 80 59 65 25 72 94 47 91 50 118 50 57 63 88 28 49 37 30 71 71 82 104 31 35 65 27 32 57 30 46 98 62 75 21 21 58 24 25 9 124 66 21 84 83 24 19 38 97 84 37 55 123 93 67 54 61 113 80 48 27 39 110 75 41 7 30 114 81 51 31 42 125 95 71 58 65
45 83 56 71 57 48 62 62 56 73 73 63 55 51 74 22 75 44 70 28 77 46 37 96 59 76 97 61 67 78 62 51 77 77 8 82 68 67 75 21 13 72 53 89 103 90 74 65 59 94 90 67 38 81 45 61 67 58 106 31 10 62 97 36 38 69 71 63 55 75 74 78 47 70 62 51 34 46 19 82 91 56 60 54 98 73 59 26 83 50 30 94 52 48 68 55 53 69 54 64 56 75 67 57 67 28 60 62 50 44 48 42 56 41 78 37 52 42 67 48 73 43 0 93 51 70 93 52 74 73 61 58 54 73 12 79 56 66 58 34 17 67 47 81 96 88 72 51 71 90 91 63 29 59 79 59 68 32 102 23 34 68 92 32 10 67 64 58 57 49 67 68 19 64 23 41 44 14 19 88 84 60 56 46 73 21 22 47 83 46 30 87 54 20 37 30 54 73 41 61 111 91 81 85 101 93 67 53 59 81 80 48 26 37 67 77 42 8 29 63 83 53 33 43 70
48 45 39 30 38 65 32 32 129 23 24 49 72 45 147 83 53 137 34 120 100 49 58 4 46 18 32 33 27 127 32 44 91 59 100 19 44 80 20 74 85 23 52 53 21 30 30 40 35 28 80 59 56 16 50 58 44 63 34 69 87 50 24 66 115 141 139 38 39 20 75 91 67 32 58 66 61 50 76 12 76 42 84 81 14 57 135 73 119 45 69 19 55 112 25 58 105 29 70 42 45 40 34 45 38 76 33 32 122 53 54 56 74 57 155 58 56 134 32 98 107 99 93 0 63 25 36 49 20 125 33 39 85 57 98 18 38 77 36 62 105 27 54 50 19 25 24 100 25 36 84 35 79 36 21 56 41 62 28 71 61 39 24 75 86 136 128 36 37 64 79 92 78 35 81 68 50 97 75 10 63 35 87 80 52 88 85 108 114 49 82 22 57 92 82 68 108 21 64 46 25 12 46 80 115 35 27 52 84 117 59 54 70 96 126 85 82 93 114 140 113 110 118 135 158
33 35 44 34 30 3 37 37 67 42 40 17 11 24 85 31 25 91 59 70 44 39 26 66 17 52 53 39 41 65 40 27 102 26 56 46 66 24 45 32 38 41 56 40 64 47 35 24 36 51 43 17 32 59 41 11 65 8 90 21 52 15 56 16 56 79 77 26 33 44 90 38 5 32 71 3 26 44 33 54 42 48 24 19 62 23 74 25 119 42 23 55 59 51 43 6 93 35 8 22 20 29 29 20 26 24 38 42 61 19 12 20 14 17 93 26 8 87 55 35 47 37 51 63 0 49 47 17 45 63 43 26 83 23 48 46 39 22 41 23 53 41 51 31 57 47 40 37 51 44 45 29 24 41 61 10 63 31 84 39 39 26 51 20 50 73 66 41 40 64 88 34 32 30 29 10 31 45 39 63 34 45 26 18 24 34 31 46 116 41 25 48 62 38 21 24 95 50 12 18 87 56 33 38 65 82 47 12 23 58 86 54 29 35 63 98 72 56 59 79 116 95 83 85 100
25 46 15 23 20 50 13 12 110 14 17 40 59 27 129 62 50 113 15 97 91 25 36 28 34 7 44 11 9 113 10 24 73 55 77 23 26 70 13 51 63 14 29 56 41 38 25 30 14 40 78 52 33 12 26 48 25 51 42 48 63 40 39 47 95 123 122 26 18 15 57 83 51 25 38 52 39 26 54 14 75 18 72 67 34 52 116 52 99 21 48 33 32 95 7 45 82 20 57 32 30 37 25 30 29 56 12 9 103 34 38 36 62 38 136 36 41 111 11 82 95 82 70 25 49 0 44 33 10 111 9 23 63 52 76 17 15 67 12 41 82 9 30 49 35 33 17 84 3 42 82 21 59 12 12 45 22 39 36 47 37 31 35 55 62 118 111 13 13 41 59 82 56 22 60 51 28 75 51 18 61 11 74 65 47 67 64 90 94 25 63 31 35 71 64 47 85 5 46 34 43 27 46 76 109 33 3 37 72 106 45 31 48 78 110 67 59 69 92 121 93 87 94 112 136
54 15 53 25 40 50 39 40 113 31 28 32 52 44 130 76 26 136 59 115 72 58 57 37 34 41 7 44 38 102 43 45 117 30 99 22 69 54 32 72 81 31 70 19 22 7 22 28 43 9 47 35 59 45 61 38 69 43 70 63 90 33 15 58 103 123 120 31 45 30 101 62 52 25 81 49 60 63 74 36 43 58 61 60 25 30 120 68 142 57 64 18 74 96 39 42 121 29 50 29 38 19 28 37 27 68 43 46 106 49 45 52 53 52 138 57 43 132 55 79 81 83 93 36 47 44 0 41 35 102 47 37 105 30 93 28 49 51 48 59 99 39 69 20 18 12 29 81 46 4 51 33 70 48 50 38 66 63 63 74 67 25 13 65 88 117 109 48 48 82 103 66 74 32 74 56 54 91 76 43 30 51 66 63 26 80 77 91 137 60 71 15 77 84 68 64 124 41 54 33 58 25 16 49 83 69 45 41 61 90 88 71 68 81 105 111 98 95 105 124 136 125 123 131 146
19 33 29 21 13 18 20 21 80 27 25 14 27 8 99 36 28 95 43 75 60 26 17 52 8 36 45 23 25 81 23 12 89 32 58 34 50 39 30 31 41 26 42 41 53 39 23 14 20 43 53 25 21 43 28 19 49 21 74 22 50 14 47 19 67 93 91 12 16 29 77 53 19 19 56 19 19 31 33 39 51 33 40 35 50 28 87 27 109 27 23 44 45 64 27 13 85 20 25 13 5 24 17 5 15 29 22 26 73 9 6 11 30 11 106 17 9 92 39 50 63 51 52 49 17 33 41 0 30 79 27 10 72 28 53 32 23 36 24 18 59 25 38 32 46 37 25 52 35 38 56 14 31 25 44 15 47 23 68 34 30 17 41 27 48 87 80 25 24 51 75 50 34 15 34 19 17 51 36 47 40 29 42 33 25 41 38 60 106 27 34 37 48 45 33 23 87 34 16 10 72 43 31 50 80 65 31 5 40 74 70 40 27 47 79 85 62 55 67 92 105 88 83 91 110
29 37 22 15 19 47 12 12 109 5 9 34 55 26 128 63 42 117 25 100 86 30 38 23 29 8 34 14 7 110 13 24 83 47 81 14 35 65 3 54 65 5 37 47 33 29 17 23 15 30 70 45 36 15 32 42 35 47 45 49 68 35 30 47 96 122 121 21 20 5 67 77 48 17 47 48 41 33 56 10 67 26 68 64 26 45 116 53 108 27 49 24 41 94 6 40 91 12 53 25 26 29 18 27 22 56 14 14 103 34 36 36 57 38 135 38 38 115 21 79 91 81 74 20 45 10 35 30 0 108 15 20 72 44 78 8 19 62 17 42 85 7 38 41 26 24 8 82 12 33 74 17 59 17 18 40 31 42 39 52 42 24 26 55 66 117 110 18 18 50 69 77 58 16 61 49 31 77 55 18 53 18 70 62 40 68 65 89 103 31 63 21 44 72 63 48 93 7 45 29 42 19 37 69 103 39 11 34 67 102 54 39 50 77 108 77 67 74 94 121 103 95 100 115 138
91 88 103 96 91 61 99 99 29 104 102 77 54 85 34 59 77 86 119 65 34 95 79 128 79 114 108 100 103 6 101 88 147 73 71 108 124 49 107 72 65 103 111 86 122 104 96 86 98 108 65 68 85 121 97 68 122 63 152 67 81 75 114 66 40 29 24 88 93 106 141 44 60 93 124 60 77 99 70 116 69 106 42 45 122 73 34 65 155 100 68 115 112 26 105 68 126 97 56 84 82 87 91 82 88 61 99 103 30 78 73 77 51 74 43 79 71 80 115 30 23 32 73 125 63 111 102 79 108 0 104 88 125 73 62 108 99 51 101 74 60 103 105 82 116 106 102 28 113 100 63 91 57 102 122 70 122 81 146 82 89 87 110 59 80 22 16 101 100 114 136 37 67 92 59 61 87 59 78 125 75 105 38 46 77 55 57 27 155 97 53 107 115 55 49 70 126 112 66 80 149 117 86 60 47 143 108 75 42 20 142 107 73 38 9 146 113 81 52 36 155 124 96 74 64
17 46 7 24 14 44 9 9 102 17 20 36 54 20 121 54 48 104 17 89 86 16 28 36 30 15 48 5 10 107 5 17 70 53 69 28 25 65 17 43 54 16 23 56 47 42 26 27 7 44 76 48 24 20 18 44 25 47 49 40 55 37 44 40 87 116 114 24 11 19 55 79 45 25 35 46 31 18 45 22 73 11 67 61 40 50 108 44 95 13 40 39 27 87 9 39 76 20 51 29 25 37 24 26 27 48 6 2 95 27 32 28 56 31 128 28 36 103 12 75 89 75 61 33 43 9 47 27 15 104 0 19 58 49 67 22 6 63 4 33 74 9 23 49 41 37 19 77 10 45 79 19 51 3 20 41 22 30 44 39 28 30 40 48 53 111 104 4 5 36 56 76 48 19 52 44 19 66 43 27 60 4 68 58 45 59 56 83 90 17 55 35 30 63 57 39 79 13 39 31 51 33 45 74 106 39 6 32 66 101 46 24 39 70 103 65 52 61 84 113 90 81 86 103 128
18 32 22 13 5 28 11 12 90 17 16 18 36 8 109 45 31 102 35 83 68 23 22 42 12 26 40 14 15 91 15 8 85 35 65 25 43 47 20 37 48 16 38 41 46 33 16 11 12 37 58 30 23 33 25 26 42 29 64 31 55 19 40 28 77 103 101 7 10 19 72 61 29 12 51 29 24 28 40 29 56 27 50 45 41 32 96 35 108 23 31 36 41 74 18 22 86 11 34 11 7 22 10 8 11 38 13 18 83 15 16 18 39 19 116 22 18 99 30 60 72 61 58 39 26 23 37 10 20 88 19 0 70 32 61 22 17 45 17 25 67 16 35 33 38 30 16 62 25 34 61 5 40 18 35 22 40 27 58 38 31 14 34 36 53 97 90 17 17 49 71 59 41 6 43 29 18 59 41 37 43 21 51 43 28 50 47 69 104 24 43 29 44 54 43 30 88 24 25 13 62 34 30 56 87 56 21 14 49 84 64 37 33 57 89 81 62 60 76 101 103 89 87 99 119
54 102 52 80 66 82 66 65 110 75 77 86 92 66 127 68 99 79 52 77 122 48 58 88 79 69 106 61 68 130 62 63 23 103 59 86 43 105 75 56 61 74 35 111 104 99 83 81 62 101 124 96 52 70 46 90 42 90 79 65 45 86 101 69 92 123 125 77 61 76 25 119 81 81 29 84 57 43 57 77 123 47 102 96 96 100 112 64 38 49 63 96 32 101 67 83 22 76 89 81 73 92 79 75 81 68 62 60 103 65 73 64 94 66 131 58 78 81 54 97 120 94 54 85 83 63 105 72 72 125 58 70 0 100 66 80 56 103 57 60 70 67 36 102 98 95 76 100 62 102 127 73 71 57 65 86 46 52 79 46 44 84 97 72 46 121 118 57 57 23 16 112 60 74 68 76 55 68 49 77 111 55 100 89 97 70 69 99 34 47 75 92 29 71 81 62 24 68 72 81 92 90 100 120 145 65 62 76 101 131 40 35 57 88 120 23 13 47 82 116 34 28 53 85 119
47 16 53 30 36 25 41 41 84 40 37 14 23 35 101 53 4 113 65 92 44 53 43 59 21 52 36 45 43 73 45 38 116 4 78 39 74 25 42 54 60 40 69 17 50 32 29 23 43 36 27 7 48 58 55 12 73 16 88 43 73 15 42 38 76 94 91 26 41 41 103 35 27 28 83 24 45 58 55 51 24 58 32 31 51 1 91 47 137 54 45 43 72 67 45 19 112 33 23 21 27 17 27 26 24 46 44 48 78 35 28 37 25 35 109 43 23 109 61 51 52 55 73 57 23 52 30 28 44 73 49 32 100 0 71 41 48 22 48 43 76 44 65 10 44 34 37 52 54 27 31 31 46 49 62 15 71 50 82 59 57 21 38 42 71 88 80 48 48 79 102 37 54 31 51 32 45 68 60 60 13 52 37 35 5 57 54 63 133 54 47 36 75 61 42 45 114 50 33 20 81 47 14 25 59 83 51 24 32 62 95 67 50 54 76 112 90 78 80 96 133 115 105 107 119
51 82 63 74 60 46 67 67 44 76 76 63 50 54 62 18 73 43 77 23 68 52 41 101 60 82 98 66 72 67 67 55 89 74 11 86 77 61 79 25 14 76 62 87 106 92 76 66 63 95 85 65 43 87 52 59 76 55 114 31 22 61 99 35 26 58 59 65 59 79 85 70 44 72 73 48 38 54 22 87 86 63 53 48 101 71 48 26 94 57 30 96 62 36 73 53 65 72 50 65 57 75 69 58 68 26 65 68 38 46 49 44 51 43 67 41 51 39 75 38 63 33 12 98 48 76 93 53 78 62 67 61 66 71 0 82 61 60 64 37 7 72 56 79 99 90 76 41 77 90 86 65 25 64 86 58 76 37 109 30 41 69 94 29 21 56 52 63 63 60 79 61 20 66 20 39 48 4 26 94 81 66 48 40 71 15 17 35 94 53 25 89 64 11 31 31 65 79 40 61 118 94 80 79 93 101 73 53 52 71 91 58 29 28 56 88 54 20 18 52 94 63 39 38 62
34 32 29 13 22 48 17 17 111 7 7 32 55 29 130 66 38 122 31 105 84 36 42 21 29 13 27 20 13 110 19 28 90 43 86 7 42 63 5 58 69 7 45 41 26 22 13 22 21 23 66 43 41 18 38 41 42 46 48 52 74 33 22 50 98 124 122 21 25 4 74 75 49 15 55 48 45 40 61 10 62 33 67 63 20 41 118 57 116 34 53 17 48 95 13 40 98 12 52 24 28 25 17 27 20 59 20 21 105 37 37 39 57 41 137 42 38 120 28 80 90 82 79 18 46 17 28 32 8 108 22 22 80 41 82 0 26 60 24 46 89 14 45 36 19 17 7 83 19 26 70 18 62 24 23 39 38 47 41 57 48 22 18 58 72 118 111 25 25 57 76 75 62 17 65 50 36 81 60 19 49 25 70 63 36 72 68 90 110 37 65 14 51 76 64 52 100 13 47 28 42 13 32 66 100 44 18 34 67 101 61 46 54 79 109 84 74 79 97 123 110 102 106 120 141
11 47 6 25 12 40 11 10 97 20 22 34 50 16 116 48 47 99 21 83 82 11 22 41 28 21 51 6 13 102 7 12 70 51 63 31 27 62 21 37 49 20 22 56 52 44 28 27 6 47 74 46 19 26 13 41 26 44 54 35 50 35 48 34 81 110 109 23 8 22 56 76 41 25 35 42 25 14 40 27 72 10 63 57 45 48 103 39 93 8 35 43 26 82 14 36 73 21 47 28 22 37 24 23 26 42 7 7 90 22 28 23 52 26 122 22 32 97 16 70 85 70 56 38 39 15 49 23 19 99 6 17 56 48 61 26 0 59 3 27 68 13 20 49 45 40 21 72 16 46 78 18 46 3 25 38 24 25 49 33 23 29 43 42 48 105 99 2 2 34 56 73 42 19 47 39 14 60 37 33 59 6 64 54 44 53 50 78 89 12 50 38 29 57 52 33 75 18 34 29 57 38 46 72 103 44 12 28 62 97 48 22 34 65 98 65 49 55 78 107 88 77 81 98 122
54 37 64 48 49 22 55 56 64 57 54 29 12 44 80 44 26 101 79 78 24 60 46 79 33 69 58 58 59 52 59 47 122 23 69 59 86 3 60 50 53 57 77 36 72 54 48 39 56 58 25 18 53 76 62 20 85 16 106 39 69 28 64 35 59 74 70 42 52 59 111 17 23 45 92 20 46 65 51 69 27 68 11 13 72 22 72 42 139 63 42 64 80 48 61 24 112 50 14 37 38 37 44 37 40 39 57 62 59 40 33 41 11 38 88 47 28 96 74 31 31 37 66 77 22 67 51 36 62 51 63 45 103 22 60 60 59 0 60 43 64 59 72 32 66 55 55 32 69 49 26 46 38 61 78 23 83 52 100 59 60 38 59 35 67 67 59 60 60 85 109 16 49 46 43 28 52 57 58 78 26 65 16 21 27 46 44 43 137 62 36 57 83 49 30 43 114 67 32 33 101 67 35 20 44 100 65 31 11 41 106 75 48 38 55 119 92 72 65 76 137 114 98 93 101
13 46 6 24 12 41 9 9 99 18 21 34 51 17 118 50 47 101 19 85 83 13 25 39 28 19 49 5 11 104 5 14 70 51 65 29 27 63 19 39 51 18 23 56 49 43 26 26 6 45 74 46 21 24 15 42 26 44 52 37 52 35 46 36 84 112 111 22 9 20 56 77 42 24 36 43 27 16 42 25 72 11 64 59 43 48 105 41 94 10 37 41 26 84 12 37 75 20 48 28 22 36 23 24 26 45 5 4 92 24 29 25 54 27 125 24 33 99 15 71 87 71 58 36 41 12 48 24 17 101 4 17 57 48 64 24 3 60 0 29 70 11 22 48 43 38 20 74 14 45 78 18 48 1 23 38 24 27 47 36 25 29 41 44 50 107 101 1 1 35 56 74 45 18 49 41 16 63 40 30 59 5 65 55 44 56 52 80 90 14 52 36 30 59 53 35 77 16 36 29 54 36 45 72 104 42 10 29 63 98 47 23 36 67 100 65 51 58 80 109 89 79 83 100 125
17 50 30 37 24 22 31 31 70 40 40 31 32 18 89 22 44 78 46 59 63 21 5 65 26 46 63 30 36 78 31 19 80 47 41 49 50 46 43 13 24 40 37 57 70 56 40 31 28 60 65 38 12 52 23 31 48 30 81 8 32 30 64 10 55 84 83 29 23 43 70 59 21 36 51 24 4 26 16 51 64 32 43 37 65 43 76 12 97 26 8 60 39 55 38 24 71 36 30 30 22 41 33 23 33 16 30 33 63 10 16 8 34 8 96 6 20 75 42 45 64 44 34 62 23 41 59 18 42 74 33 25 60 43 37 46 27 43 29 0 43 36 31 49 62 54 39 47 42 56 67 29 19 30 52 29 48 9 76 17 17 34 58 16 30 79 73 29 28 43 67 53 17 30 20 17 14 35 18 58 55 33 42 31 41 27 24 51 94 23 23 53 42 31 26 7 72 43 12 27 83 58 48 61 86 70 38 20 42 75 68 34 9 38 73 77 49 37 52 81 94 73 65 74 96
58 88 70 80 67 51 73 73 40 83 83 68 54 60 57 24 78 38 84 17 70 59 47 108 66 88 104 72 78 65 73 62 93 79 12 92 84 64 86 32 20 82 69 92 112 98 82 72 70 101 88 69 50 94 59 64 82 60 120 38 27 67 106 41 22 53 55 71 66 85 91 73 49 78 79 53 44 60 29 94 90 70 56 51 108 76 43 33 97 64 37 103 68 34 80 58 67 78 54 71 63 81 75 64 74 31 72 74 34 53 55 50 55 49 61 47 57 34 81 39 64 33 17 105 53 82 99 59 85 60 74 67 70 76 7 89 68 64 70 43 0 78 62 84 105 96 82 41 83 96 89 72 30 71 93 63 83 44 116 37 48 75 100 34 27 52 49 70 69 66 84 63 27 73 26 44 55 9 32 100 85 73 51 44 77 20 23 34 97 59 29 96 70 16 35 37 68 85 45 67 124 101 85 83 94 108 80 59 55 71 97 64 35 29 53 93 58 24 12 47 98 66 38 32 55
22 39 16 16 13 43 6 5 104 8 11 31 51 20 123 57 42 110 22 93 83 23 31 30 26 11 39 7 1 106 6 17 78 47 74 19 32 62 9 47 59 8 32 49 39 33 18 22 9 35 70 44 29 18 25 40 32 44 49 43 61 32 36 41 90 117 115 18 13 10 63 75 44 17 43 44 34 26 50 16 67 20 65 60 33 44 110 47 103 20 43 31 36 88 3 37 85 12 49 24 22 30 17 23 21 50 7 8 97 28 31 30 54 32 130 31 34 108 18 75 87 75 67 27 41 9 39 25 7 103 9 16 67 44 72 14 13 59 11 36 78 0 32 42 33 29 10 77 11 36 74 13 53 11 20 37 29 35 43 45 35 23 31 49 60 112 105 11 11 44 64 74 52 14 55 44 24 70 48 23 54 12 67 58 39 62 59 84 98 24 57 26 38 66 57 42 87 9 39 26 48 26 38 68 101 41 7 29 64 99 52 33 43 71 103 73 61 67 87 115 98 89 93 108 132
19 66 17 45 30 51 30 30 97 39 42 51 61 31 116 48 65 87 24 75 94 13 27 57 45 36 70 26 32 109 27 28 52 69 54 51 22 75 40 34 45 39 7 75 70 64 47 45 26 66 90 62 21 39 11 56 20 57 60 39 39 51 67 40 80 110 110 41 26 41 40 89 51 45 21 53 28 8 37 44 89 13 74 67 63 65 101 40 74 13 37 62 8 84 32 50 53 41 59 46 38 56 43 40 45 45 27 25 90 32 40 32 64 35 121 27 45 86 23 75 95 73 47 54 51 30 69 38 38 105 23 35 36 65 56 45 20 72 22 31 62 32 0 67 64 60 41 78 30 66 93 37 48 22 36 53 21 24 56 26 16 48 62 46 38 107 101 21 21 14 38 84 40 38 47 47 21 56 31 46 77 20 73 62 62 52 50 80 69 11 52 57 11 55 56 36 56 34 42 46 67 56 64 87 116 46 28 43 73 106 37 3 33 67 102 48 30 44 73 106 69 58 66 88 117
49 6 54 27 37 34 40 41 94 37 33 19 33 37 110 61 7 122 64 100 53 55 48 53 24 48 26 45 41 83 44 40 118 10 86 33 74 34 39 61 68 36 70 9 42 24 25 23 43 27 30 16 52 54 57 21 73 25 83 50 80 19 34 45 86 104 101 26 42 37 103 43 36 25 83 32 50 60 62 46 27 58 42 41 43 10 101 55 140 55 52 35 73 77 43 27 117 30 32 22 30 13 26 29 23 54 43 47 88 40 33 42 34 41 119 48 29 118 59 61 61 65 81 50 31 49 20 32 41 82 49 33 102 10 79 36 49 32 48 49 84 42 67 0 36 26 34 62 52 18 34 31 55 49 58 22 70 55 77 65 61 20 30 51 78 97 90 49 48 81 104 47 62 30 59 41 48 76 66 55 13 52 46 45 8 65 62 72 136 56 56 29 77 69 51 52 119 47 41 23 74 40 5 30 65 80 49 29 41 71 94 69 57 64 86 113 94 85 89 106 135 120 112 116 129
53 30 48 26 40 59 35 36 123 25 24 41 64 45 142 82 41 140 48 121 88 55 59 20 41 30 14 39 32 117 38 45 107 45 103 14 59 68 24 75 86 26 63 37 8 13 24 34 40 10 64 48 59 32 57 49 59 54 53 68 92 42 5 64 112 135 132 34 43 23 90 78 61 27 72 59 62 59 78 23 60 52 75 72 7 45 130 73 134 53 69 3 67 107 32 51 117 28 62 35 42 29 30 41 32 74 39 40 117 53 51 55 66 56 149 59 50 137 45 91 96 94 96 19 57 35 18 46 26 116 41 38 98 44 99 19 45 66 43 62 105 33 64 36 0 11 25 93 36 19 69 34 77 43 37 48 55 65 46 75 66 32 7 72 90 129 121 43 44 76 94 81 79 33 80 64 54 97 78 27 48 44 79 74 40 87 83 102 128 56 79 10 69 91 77 68 119 31 61 40 40 9 32 66 100 54 37 47 74 106 76 65 71 91 118 101 93 97 113 135 128 121 124 136 155
46 20 44 17 33 49 30 31 113 21 18 31 53 37 131 73 30 131 48 112 78 50 51 27 31 29 11 34 28 107 34 38 106 35 95 11 58 58 21 67 77 21 60 28 18 5 15 24 34 7 55 38 52 33 52 39 58 44 59 59 84 32 10 55 102 125 122 25 37 19 90 68 51 19 71 49 54 54 69 24 51 48 64 62 17 34 120 64 131 48 60 10 64 97 29 41 112 20 51 26 33 19 21 32 22 65 34 36 107 44 42 47 55 47 139 51 41 128 44 81 85 84 88 25 47 33 12 37 24 106 37 30 95 34 90 17 40 55 38 54 96 29 60 26 11 0 19 82 35 11 60 26 67 39 38 38 55 57 52 68 60 22 5 63 82 119 111 39 39 73 92 71 70 25 71 54 47 88 70 31 38 41 68 64 29 77 74 92 126 51 69 4 67 82 67 59 115 30 51 30 49 14 22 56 91 58 34 38 64 96 77 61 63 81 108 100 89 90 103 125 126 117 117 127 146
29 30 25 8 16 41 12 12 105 3 1 27 49 22 124 60 34 116 31 98 79 32 36 27 23 15 30 16 9 104 15 21 88 40 79 11 42 58 6 52 63 3 42 40 32 23 9 16 16 26 63 38 35 22 34 35 41 40 52 46 68 28 27 43 92 117 115 14 19 5 73 70 43 10 53 42 39 35 54 15 59 30 61 57 26 37 111 50 113 29 46 22 45 89 11 34 94 6 46 19 21 22 11 21 15 53 15 17 98 30 31 33 51 34 131 36 32 113 27 74 84 76 72 24 40 17 29 25 8 102 19 16 76 37 76 7 21 55 20 39 82 10 41 34 25 19 0 76 19 27 67 11 55 20 25 33 38 41 46 51 42 17 22 51 66 112 104 20 20 54 74 70 56 11 58 44 30 74 54 24 46 22 64 57 32 65 62 84 108 33 58 17 48 69 58 45 96 14 40 22 48 19 30 62 95 47 17 28 61 95 61 42 48 72 102 83 70 73 91 116 108 98 100 113 134
64 67 76 71 65 36 72 73 33 78 76 52 30 58 49 33 56 75 92 53 30 68 52 103 54 88 87 74 77 31 74 61 122 53 51 83 97 31 81 46 41 78 84 68 100 82 72 61 71 86 54 46 58 95 70 44 95 39 125 40 58 51 92 39 29 43 40 62 67 80 115 34 34 68 98 35 50 72 44 91 57 79 22 22 98 52 40 39 132 73 41 91 85 17 79 43 103 71 32 59 56 64 66 56 63 34 73 77 27 51 47 50 28 47 57 52 45 70 88 3 23 9 51 100 37 84 81 52 82 28 77 62 100 52 41 83 72 32 74 47 41 77 78 62 93 82 76 0 86 78 53 66 30 75 96 45 94 54 120 56 62 62 87 32 56 37 29 74 73 87 110 24 41 66 33 34 60 37 52 99 57 78 16 20 55 31 31 12 131 69 26 84 88 31 22 43 104 85 39 55 124 92 65 48 53 116 82 49 22 31 115 80 46 14 27 120 88 58 38 45 132 103 79 66 69
26 48 15 25 22 52 15 14 112 16 19 42 61 28 131 63 52 113 13 98 93 25 38 27 36 7 46 13 11 115 12 25 71 57 78 25 24 72 15 52 64 16 28 58 42 40 27 32 16 41 80 54 34 11 26 50 24 54 40 50 64 43 40 49 97 125 124 29 20 16 56 85 53 27 36 54 40 26 55 15 77 17 75 69 34 54 118 54 98 21 50 34 31 96 9 47 82 22 59 34 32 40 27 33 31 57 14 10 105 36 40 37 64 40 137 37 43 112 9 83 97 84 71 25 51 3 46 35 12 113 10 25 62 54 77 19 16 69 14 42 83 11 30 52 36 35 19 86 0 44 84 24 61 13 10 47 20 40 34 48 37 34 37 57 63 120 113 14 15 40 58 84 58 24 62 53 29 76 52 18 64 11 76 67 49 69 66 92 93 26 65 32 34 72 66 49 84 6 48 37 41 28 48 79 112 31 5 39 74 108 43 30 49 79 112 66 58 70 93 122 92 86 94 113 138
51 12 51 22 37 47 36 37 110 29 26 28 49 41 127 73 23 132 57 112 71 55 54 37 31 39 9 41 35 100 41 42 114 27 96 20 67 52 30 69 78 29 67 19 24 6 19 25 41 10 46 32 56 43 58 35 67 40 69 59 87 30 16 55 100 121 117 28 42 28 99 61 49 22 79 46 57 60 71 34 42 55 59 57 26 27 117 64 139 54 61 18 71 93 37 39 118 26 48 26 35 16 24 34 24 65 40 43 104 46 42 49 50 49 135 54 40 129 53 77 79 80 90 36 44 42 4 38 33 100 45 34 102 27 90 26 46 49 45 56 96 36 66 18 19 11 27 78 44 0 50 30 66 45 48 35 64 60 63 71 64 22 13 62 85 114 106 46 45 80 100 64 71 29 70 52 51 88 73 42 29 48 63 60 23 77 74 88 134 57 68 14 74 81 65 61 121 39 51 29 58 24 14 47 82 68 42 37 58 88 86 68 65 78 103 109 95 92 102 122 134 122 120 128 143
75 40 83 59 66 46 71 71 83 69 66 44 37 63 96 70 33 126 95 103 29 81 69 86 50 82 57 75 73 61 75 67 145 28 95 67 104 25 72 76 78 69 98 32 73 56 58 53 73 59 5 32 75 88 83 38 103 37 117 64 94 44 66 60 81 90 85 56 70 70 132 20 47 57 112 44 70 86 76 80 9 87 34 38 76 30 90 68 163 83 66 68 101 68 75 44 137 63 39 51 56 46 57 55 54 65 74 78 79 62 54 63 36 61 104 69 49 121 91 53 40 59 91 84 45 82 51 56 74 63 79 61 127 31 86 70 78 26 78 67 89 74 93 34 69 60 67 53 84 50 0 61 63 78 91 41 101 75 110 83 83 51 62 61 92 82 75 78 78 107 131 30 74 61 68 52 73 82 82 88 22 82 39 46 35 71 70 64 160 83 62 63 104 75 55 67 139 80 56 49 108 73 39 7 32 113 81 51 34 46 124 96 73 62 69 141 116 97 89 94 160 139 124 117 120
21 29 23 9 8 31 10 10 94 13 12 19 39 12 113 49 30 106 34 88 70 26 26 38 13 23 36 14 13 94 14 12 87 35 69 21 43 49 16 42 52 13 40 39 41 29 12 9 12 33 58 31 27 30 28 27 43 31 61 35 59 19 35 32 81 106 105 6 12 15 73 62 32 9 53 32 29 30 44 25 55 28 52 47 37 32 100 40 110 25 36 32 43 78 15 24 89 7 36 11 10 19 7 10 9 42 13 17 87 19 20 22 41 23 120 26 21 103 30 63 75 65 63 35 29 21 33 14 17 91 19 5 73 31 65 18 18 46 18 29 72 13 37 31 34 26 11 66 24 30 61 0 44 18 33 24 40 31 55 42 34 12 30 40 57 101 94 18 17 51 73 61 46 2 47 33 21 63 45 34 42 22 54 46 27 54 51 73 106 27 47 25 46 58 47 35 91 21 29 13 58 30 28 56 89 54 20 17 51 86 64 39 38 61 92 82 65 64 80 105 105 92 91 103 123
36 58 49 52 41 21 48 48 52 57 56 39 27 34 71 7 49 68 65 46 52 40 24 82 36 64 74 48 53 61 49 36 93 49 33 64 68 39 59 16 16 56 55 63 84 68 53 43 46 72 62 40 30 70 41 35 66 31 100 11 32 37 77 13 37 65 64 43 41 59 85 50 19 50 68 23 22 43 15 68 63 51 33 27 80 46 57 9 105 44 12 74 56 37 55 29 77 51 26 42 35 51 47 36 45 4 48 51 44 26 26 24 28 22 77 24 27 64 61 27 50 25 29 79 24 59 70 31 59 57 51 40 71 46 25 62 46 38 48 19 30 53 48 55 77 67 55 30 61 66 63 44 0 48 70 33 66 25 94 26 33 46 71 5 30 60 54 48 47 58 80 42 12 45 6 15 33 22 23 76 57 51 30 19 47 11 8 33 104 41 5 67 58 15 10 13 78 61 16 38 101 74 56 57 76 89 56 30 32 60 85 51 16 20 54 91 59 35 37 62 104 78 61 62 80
14 46 6 24 13 42 10 9 99 18 21 35 52 18 119 51 47 102 19 86 84 14 25 38 29 18 49 5 11 105 5 14 70 52 66 30 26 64 19 40 51 18 23 56 49 43 27 27 6 45 75 47 21 23 15 42 25 45 52 38 52 36 46 37 84 113 112 23 9 20 55 77 43 25 35 44 28 16 43 25 72 11 65 59 43 49 105 41 94 10 38 41 26 84 11 38 75 20 49 28 23 37 24 24 26 45 6 4 92 24 30 25 54 28 125 25 34 100 14 72 87 72 59 36 41 12 48 25 17 102 3 18 57 49 64 24 3 61 1 30 71 11 22 49 43 39 20 75 13 45 78 18 48 0 23 39 23 28 46 36 26 29 41 45 51 108 101 1 2 35 56 75 45 19 49 41 17 63 40 30 60 4 66 56 45 56 53 80 89 14 52 36 29 60 54 36 77 15 37 30 54 36 45 73 104 41 9 30 64 99 46 23 36 67 101 65 51 58 81 110 89 79 83 101 125
36 54 24 33 32 62 24 24 121 22 26 50 71 38 141 73 59 121 14 107 102 34 47 23 45 10 48 23 20 125 22 35 71 64 87 28 23 81 20 62 73 23 32 64 41 43 34 40 25 44 87 62 43 6 35 59 24 63 30 60 72 51 41 59 106 135 133 37 30 22 54 94 63 35 37 63 50 34 64 15 84 25 84 79 33 62 127 63 99 29 60 35 35 106 18 56 85 30 68 42 41 46 35 42 39 67 23 20 114 46 50 47 73 50 147 47 53 120 13 93 107 94 79 21 61 12 50 44 18 122 20 35 65 62 86 23 25 78 23 52 93 20 36 58 37 38 25 96 10 48 91 33 70 23 0 56 20 49 25 57 46 41 39 67 71 130 123 23 24 44 58 93 67 33 71 62 39 85 61 12 71 20 86 77 57 78 75 102 93 34 74 35 37 82 76 58 88 12 58 45 33 28 54 86 120 22 15 49 83 118 40 36 58 89 122 65 63 78 103 132 93 91 101 121 147
34 25 43 27 27 13 33 33 76 35 33 7 16 23 94 40 16 100 57 79 47 40 30 59 11 47 43 36 36 71 36 26 104 18 65 38 65 26 38 40 47 35 57 30 55 38 27 17 34 42 38 10 35 54 43 4 64 7 85 29 59 6 47 24 66 88 85 19 31 37 91 39 15 24 71 12 31 46 41 48 37 47 29 25 53 15 83 33 123 42 31 46 60 60 39 5 98 28 14 15 16 20 22 15 19 33 35 40 70 22 14 23 19 21 102 30 9 96 52 43 52 47 59 56 10 45 38 15 40 70 41 22 86 15 58 39 38 23 38 29 63 37 53 22 48 38 33 45 47 35 41 24 33 39 56 0 62 36 78 45 43 18 42 29 57 81 74 39 38 66 90 38 41 24 38 19 32 55 46 57 27 43 32 26 14 44 41 55 120 42 35 39 63 48 31 31 100 45 19 11 80 48 23 35 66 78 43 11 28 63 85 55 36 44 71 100 76 64 68 88 120 101 91 95 109
31 67 19 44 35 63 31 30 116 35 39 57 74 40 135 67 69 108 8 96 106 27 43 43 51 26 65 26 29 125 26 36 52 74 75 44 4 86 34 54 65 35 16 77 60 60 46 49 29 61 97 70 37 25 26 65 4 67 39 56 60 58 59 56 100 130 129 45 31 36 36 100 64 45 18 65 45 24 56 33 94 16 87 81 52 71 121 58 79 22 55 54 18 102 28 60 66 40 71 50 46 58 45 47 48 62 27 23 109 45 51 45 76 48 141 43 56 107 11 92 109 91 68 41 63 22 66 47 31 122 22 40 46 71 76 38 24 83 24 48 83 29 21 70 55 55 38 94 20 64 101 40 66 23 20 62 0 42 36 46 36 51 56 63 58 126 120 23 24 26 39 97 60 41 66 62 35 76 51 32 81 19 87 77 67 72 69 98 74 26 70 52 18 75 73 53 69 26 57 52 49 47 66 95 127 26 22 52 86 120 24 20 52 85 120 46 44 65 94 126 73 72 85 109 137
14 56 26 40 25 30 31 31 74 41 42 37 40 20 94 25 51 76 42 59 71 16 7 65 31 45 67 29 35 85 30 20 72 54 39 51 44 54 43 13 25 40 30 64 72 60 43 36 27 63 73 45 7 50 17 39 42 38 77 15 28 36 66 18 58 88 88 33 23 43 62 67 29 39 44 33 6 19 16 51 72 27 51 45 66 50 80 17 89 21 14 62 32 61 37 32 63 38 38 35 26 46 37 28 37 21 29 31 67 15 23 13 42 15 100 7 28 73 38 51 71 50 32 62 31 39 63 23 42 81 30 27 52 50 37 47 25 52 27 9 44 35 24 55 65 57 41 54 40 60 75 31 25 28 49 36 42 0 73 11 9 39 61 23 26 84 78 27 26 35 58 61 18 33 24 25 12 36 14 57 62 29 50 39 48 30 27 57 86 17 29 56 35 34 33 12 65 42 21 33 81 59 54 68 94 66 36 27 50 82 61 27 10 44 79 69 41 33 54 85 86 66 61 74 98
60 71 47 53 55 85 48 48 145 43 46 72 94 62 165 97 79 143 33 130 124 57 71 27 68 32 59 47 43 148 46 59 78 84 109 44 38 103 40 85 97 44 51 80 46 57 54 62 49 55 106 83 67 25 58 81 39 85 7 84 94 73 51 83 130 159 157 59 54 42 61 116 86 55 50 86 74 56 88 32 103 47 107 102 40 82 151 87 107 53 84 46 54 130 41 79 100 51 91 64 64 66 57 65 60 91 47 44 138 70 73 71 96 74 171 71 76 142 35 117 129 118 102 28 84 36 63 68 39 146 44 58 79 82 109 41 49 100 47 76 116 43 56 77 46 52 46 120 34 63 110 55 94 46 25 78 36 73 0 80 69 62 51 91 93 154 147 47 48 61 68 115 91 55 95 86 63 109 84 23 89 44 109 100 77 102 99 126 101 57 98 49 54 106 99 82 102 35 82 68 15 39 72 106 140 14 39 72 106 140 43 56 82 113 146 71 79 100 126 156 100 106 121 144 170
23 66 34 51 36 38 41 40 71 51 52 47 47 31 90 23 61 66 47 51 76 23 17 74 42 54 77 38 45 86 39 30 67 63 30 61 47 61 53 10 19 50 33 74 82 71 53 46 37 74 81 54 16 59 23 48 46 47 84 20 17 46 77 24 54 85 85 44 33 53 60 74 36 50 44 40 15 24 12 60 81 33 57 50 76 60 76 18 81 28 18 73 33 59 46 41 54 48 45 46 37 57 47 38 48 23 38 39 64 26 32 23 49 25 96 17 37 64 45 53 75 50 23 71 39 47 74 34 52 82 39 38 46 59 30 57 33 59 36 17 37 45 26 65 75 68 51 56 48 71 83 42 26 36 57 45 46 11 80 0 11 49 71 26 15 82 77 35 35 33 55 67 16 43 23 32 22 30 5 65 71 37 54 43 58 28 26 56 79 23 30 67 35 30 35 16 56 51 28 43 89 69 64 77 100 71 45 37 56 85 62 28 11 44 78 65 34 23 48 81 79 56 50 65 92
14 61 23 43 28 38 31 31 81 42 43 43 49 24 100 32 57 77 36 62 80 12 14 64 37 43 70 28 35 93 29 23 63 61 41 53 37 62 43 19 29 41 23 70 73 63 46 40 27 66 81 53 9 48 12 46 35 46 73 24 27 43 68 26 64 95 95 37 24 44 53 76 38 43 36 41 14 13 21 50 79 22 60 53 67 57 86 24 81 17 22 64 24 68 36 39 56 40 46 40 31 51 40 33 41 29 29 29 74 22 30 20 51 23 106 14 35 75 34 59 80 57 34 61 39 37 67 30 42 89 28 31 44 57 41 48 23 60 25 17 48 35 16 61 66 60 42 62 37 64 83 34 33 26 46 43 36 9 69 11 0 43 63 31 26 91 85 25 24 26 50 70 25 36 31 34 14 41 16 55 69 27 59 47 54 37 34 65 78 12 37 58 26 40 41 20 58 41 29 39 78 60 59 77 103 60 34 33 59 91 53 18 17 52 86 60 34 33 59 91 77 59 59 76 103
31 18 34 10 18 28 21 22 92 20 17 11 34 19 111 52 19 111 45 91 62 36 33 42 10 32 29 25 23 88 25 21 98 24 74 21 55 41 22 47 57 19 51 28 39 23 10 4 24 27 47 22 35 38 39 20 54 24 69 38 66 12 32 34 81 104 102 7 23 21 84 54 30 7 64 28 35 41 49 31 44 39 46 42 36 21 99 43 121 36 39 30 54 76 25 20 99 12 31 4 13 9 7 12 3 44 24 28 86 25 21 27 36 27 118 33 19 108 40 60 68 63 68 39 26 31 25 17 24 87 30 14 84 21 69 22 29 38 29 34 75 23 48 20 32 22 17 62 34 22 51 12 46 29 41 18 51 39 62 49 43 0 26 42 63 98 91 29 29 62 84 54 50 11 50 32 30 67 51 40 31 33 49 43 16 56 53 71 117 38 48 22 57 61 46 39 101 30 30 9 63 31 17 46 79 63 30 16 45 79 75 50 43 60 88 94 75 71 82 104 116 102 98 107 124
50 24 46 21 36 53 33 34 117 23 21 35 57 41 135 77 34 135 49 116 82 53 55 25 35 30 10 37 30 110 36 41 108 38 99 12 60 62 23 71 81 24 62 31 14 7 19 28 37 5 58 42 56 34 55 43 60 48 58 63 88 36 6 59 106 129 126 29 40 22 91 72 55 23 72 53 58 57 73 25 54 51 68 66 14 38 124 68 134 51 64 6 66 101 31 45 115 24 56 30 37 23 25 36 26 69 36 38 111 48 46 51 59 51 143 55 45 132 46 85 89 88 92 24 51 35 13 41 26 110 40 34 97 38 94 18 43 59 41 58 100 31 62 30 7 5 22 87 37 13 62 30 71 41 39 42 56 61 51 71 63 26 0 67 86 123 115 42 42 75 94 75 74 29 75 58 50 92 74 31 41 43 72 68 33 82 78 96 128 54 74 6 69 86 71 63 118 31 56 34 46 13 25 59 94 57 36 42 68 99 78 64 67 85 112 102 91 93 107 129 128 119 121 132 150
33 54 46 47 37 18 44 45 55 52 52 34 24 30 74 11 45 72 62 51 51 37 21 78 32 60 70 45 49 63 46 32 92 46 36 60 65 37 55 17 19 52 53 59 80 64 49 39 42 68 59 36 27 67 38 31 64 27 96 8 34 33 73 9 41 68 67 39 38 55 84 49 16 45 66 19 19 41 16 64 60 48 31 25 76 43 61 8 106 42 10 70 54 40 51 25 78 47 22 38 31 47 43 32 41 5 44 48 48 22 22 20 25 18 81 21 23 68 58 29 50 28 32 75 20 55 65 27 55 59 48 36 72 42 29 58 42 35 44 16 34 49 46 51 72 63 51 32 57 62 61 40 5 45 67 29 63 23 91 26 31 42 67 0 32 63 57 44 44 56 80 41 14 41 9 11 30 26 24 72 53 48 29 18 43 15 12 36 104 38 8 63 57 20 11 11 80 57 12 34 97 69 52 54 75 86 53 26 31 60 83 49 15 23 57 90 60 37 41 66 104 79 64 66 84
38 79 48 66 51 47 56 55 65 66 67 60 55 45 83 24 73 51 61 38 81 38 32 89 55 68 92 53 60 85 54 45 68 75 17 76 59 68 68 18 16 65 44 87 97 85 68 60 51 89 91 66 31 73 37 59 57 57 97 29 3 59 92 34 47 78 80 58 48 68 65 80 46 64 53 50 29 37 17 75 91 47 63 56 91 71 68 25 77 42 27 88 43 56 61 52 48 63 54 60 51 71 62 52 62 28 53 54 58 39 45 37 57 37 87 32 49 50 59 53 78 49 10 86 50 62 88 48 66 80 53 53 46 71 21 72 48 67 50 30 27 60 38 78 90 82 66 56 63 85 92 57 30 51 71 57 58 26 93 15 26 63 86 32 0 76 72 50 49 40 58 72 19 58 25 41 37 23 12 80 83 52 59 48 70 26 26 54 76 37 33 81 44 26 39 27 49 66 39 57 103 84 77 86 105 84 59 50 62 87 71 39 22 43 75 68 33 8 38 72 76 48 35 51 80
96 103 109 106 99 71 107 107 13 113 112 88 66 92 14 60 91 70 125 52 54 100 84 139 90 123 123 108 112 27 108 95 144 89 64 119 127 65 117 73 64 113 113 103 136 118 107 97 105 122 85 82 89 129 100 80 126 75 159 71 77 87 128 72 30 8 4 98 100 116 140 63 69 104 126 71 82 103 71 126 88 110 56 57 134 88 14 68 148 104 72 127 114 24 114 79 118 107 68 95 91 100 102 91 99 64 107 110 18 85 82 83 64 81 22 84 80 64 121 39 43 37 67 136 73 118 117 87 117 22 111 97 121 88 56 118 105 67 107 79 52 112 107 97 129 119 112 37 120 114 82 101 60 108 130 81 126 84 154 82 91 98 123 63 76 0 8 107 106 114 134 54 67 101 61 69 92 54 77 134 92 111 51 56 91 55 57 28 148 100 56 120 116 52 55 73 118 120 73 91 159 128 101 79 69 149 116 84 57 41 143 109 75 41 14 143 109 75 41 15 149 116 85 57 42
89 95 102 99 92 64 100 100 13 106 105 81 58 85 22 54 84 71 118 52 46 93 78 131 82 116 115 101 104 22 102 88 140 81 61 111 121 57 109 67 59 106 108 95 128 110 100 90 98 114 77 74 83 122 94 73 120 68 152 65 73 80 120 65 28 16 12 91 93 108 135 55 62 97 120 63 75 97 65 119 80 104 48 50 126 80 18 62 146 98 65 120 108 18 107 71 116 99 60 88 84 93 94 84 92 58 100 104 16 78 75 76 56 74 30 78 73 65 114 31 36 30 64 128 66 111 109 80 110 16 104 90 118 80 52 111 99 59 101 73 49 105 101 90 121 111 104 29 113 106 75 94 54 101 123 74 120 78 147 77 85 91 115 57 72 8 0 101 100 109 130 46 62 94 55 61 86 50 72 127 84 104 44 48 83 50 52 22 146 94 50 112 111 48 48 67 116 113 66 83 152 121 93 71 62 142 109 77 49 35 138 103 69 35 8 139 105 72 40 21 146 114 84 59 48
13 46 6 24 13 41 10 9 99 19 21 35 51 17 118 50 47 101 19 85 84 13 24 39 29 19 50 5 12 104 6 14 70 52 65 30 27 63 20 39 51 18 22 56 50 43 27 27 6 45 75 47 20 24 15 42 26 45 52 37 51 35 46 36 83 112 111 23 9 21 55 77 42 25 35 43 27 16 42 25 72 10 64 59 43 49 104 41 94 10 37 41 26 84 12 37 74 20 49 28 23 37 24 24 26 44 6 5 91 23 29 25 54 27 124 24 33 99 15 71 87 71 58 36 41 13 48 25 18 101 4 17 57 48 63 25 2 60 1 29 70 11 21 49 43 39 20 74 14 46 78 18 48 1 23 39 23 27 47 35 25 29 42 44 50 107 101 0 1 34 56 74 44 19 48 41 16 62 39 31 59 5 65 55 44 55 52 79 89 14 52 37 29 59 53 35 76 16 36 29 55 36 45 72 104 42 10 29 64 98 47 23 36 67 100 65 50 57 80 109 89 78 83 100 124
12 46 6 24 12 40 10 9 98 19 21 34 50 17 117 49 47 100 20 84 83 13 24 40 28 19 50 5 12 103 6 13 70 51 64 30 27 63 20 38 50 18 23 56 50 43 27 26 6 45 74 46 20 25 14 41 26 44 53 36 51 35 46 35 83 111 110 22 8 21 56 76 41 24 36 42 26 16 41 26 72 11 64 58 44 48 104 40 94 10 36 41 26 83 12 37 74 20 48 27 22 36 23 23 26 44 6 5 91 23 28 24 53 27 124 23 32 98 15 71 86 71 57 37 40 13 48 24 18 100 5 17 57 48 63 25 2 60 1 28 69 11 21 48 44 39 20 73 15 45 78 17 47 2 24 38 24 26 48 35 24 29 42 44 49 106 100 1 0 35 56 73 44 18 48 40 15 62 39 31 59 6 65 55 44 55 52 79 89 13 51 37 29 58 53 35 76 17 35 29 55 37 45 72 103 43 11 29 63 97 47 23 35 66 99 65 50 57 79 109 89 78 82 99 124
33 80 29 58 44 63 44 43 103 52 55 65 74 45 122 56 78 85 31 76 105 27 39 66 58 47 83 39 45 118 40 42 38 82 56 63 24 87 53 42 51 52 13 89 82 77 61 59 40 79 104 76 33 49 24 70 23 70 63 49 40 65 79 52 85 117 117 55 39 54 28 101 63 58 14 66 40 21 44 55 102 25 85 79 74 79 107 49 60 26 47 74 10 91 45 63 42 54 71 60 52 70 57 53 59 54 40 37 96 45 53 44 76 47 126 39 59 85 32 84 106 82 49 64 64 41 82 51 50 114 36 49 23 79 60 57 34 85 35 43 66 44 14 81 76 73 54 87 40 80 107 51 58 35 44 66 26 35 61 33 26 62 75 56 40 114 109 34 35 0 24 96 48 52 55 59 35 61 37 56 91 32 84 73 76 60 58 88 55 25 62 70 8 62 67 46 44 46 54 60 74 68 78 100 128 49 40 56 84 116 31 12 42 76 110 35 19 44 77 111 55 47 61 88 119
56 102 51 79 67 87 65 64 123 72 75 88 98 68 141 78 101 95 46 91 129 50 63 80 82 64 103 60 65 141 61 65 15 106 73 82 35 111 72 65 72 72 34 111 99 97 82 81 61 98 128 99 57 63 48 93 35 94 67 73 58 88 97 76 105 136 137 78 62 73 9 125 87 80 22 90 63 45 66 71 126 46 109 103 91 102 126 72 41 49 71 92 31 112 64 87 36 75 95 82 75 92 79 77 81 77 61 58 116 69 77 68 100 71 144 63 82 96 49 107 129 104 67 79 88 59 103 75 69 136 56 71 16 102 79 76 56 109 56 67 84 64 38 104 94 92 74 110 58 100 131 73 80 56 58 90 39 58 68 55 50 84 94 80 58 134 130 56 56 24 0 119 70 74 78 83 58 80 59 70 114 53 108 96 99 81 80 110 35 49 84 89 27 83 90 69 38 63 78 83 82 85 101 124 152 54 59 80 108 140 26 35 65 98 132 11 26 61 95 130 35 42 69 101 134
66 52 78 63 63 34 69 70 54 72 70 44 23 57 68 48 41 98 93 75 10 72 57 95 48 84 72 72 73 37 73 61 132 37 70 74 99 13 75 57 56 72 89 50 87 69 63 54 70 73 31 34 64 91 74 35 98 31 122 48 74 43 79 44 53 62 57 57 66 74 123 11 34 61 104 32 56 77 57 85 35 81 11 17 87 37 61 49 147 75 49 80 91 39 76 38 119 65 26 52 53 53 59 52 56 45 71 76 50 52 46 53 21 50 76 57 41 93 88 25 15 31 68 92 34 82 66 50 77 37 76 59 112 37 61 75 73 16 74 53 63 74 84 47 81 71 70 24 84 64 30 61 42 75 93 38 97 61 115 67 70 54 75 41 72 54 46 74 73 96 119 0 54 61 47 37 63 57 64 94 39 78 13 24 42 48 47 35 145 74 39 73 95 50 33 51 120 82 42 48 117 83 51 25 34 114 80 45 12 26 119 86 56 34 41 130 100 76 61 65 145 119 99 89 91
32 64 44 54 41 30 47 47 57 57 57 44 37 34 76 8 56 62 59 43 63 34 21 81 41 62 79 46 52 71 47 35 82 58 25 66 61 50 59 6 7 56 47 70 86 72 56 47 44 76 73 49 24 68 34 43 59 40 95 13 21 43 80 17 40 71 71 45 39 59 75 62 28 52 59 32 18 37 4 67 73 45 45 38 82 55 62 8 94 39 11 77 47 44 54 36 65 52 36 46 38 56 50 39 49 10 46 48 50 27 30 24 39 23 82 21 33 58 56 38 61 35 19 78 32 56 74 34 58 67 48 41 60 54 20 62 42 49 45 17 27 52 40 62 79 70 56 41 58 71 74 46 12 45 67 41 60 18 91 16 25 50 74 14 19 67 62 44 44 48 70 54 0 47 8 23 29 19 12 74 66 47 41 31 54 13 10 41 92 35 16 70 50 16 22 11 66 59 22 42 98 75 62 67 87 84 54 34 44 71 77 42 9 29 63 80 48 24 36 67 92 66 51 58 80
22 28 24 8 9 31 10 11 95 13 11 18 39 13 113 50 29 107 35 89 70 27 27 38 13 23 35 15 13 94 15 13 88 34 71 20 44 49 16 43 54 12 41 38 40 28 11 9 13 31 57 30 28 30 29 27 43 31 61 36 60 19 34 33 82 107 105 5 13 15 74 62 33 7 53 32 30 32 45 25 54 29 52 48 36 31 101 41 111 26 37 31 44 78 15 24 90 6 37 10 11 18 5 11 8 43 14 18 88 21 20 23 42 24 121 27 22 104 30 64 75 65 64 35 30 22 32 15 16 92 19 6 74 31 66 17 19 46 18 30 73 14 38 30 33 25 11 66 24 29 61 2 45 19 33 24 41 33 55 43 36 11 29 41 58 101 94 19 18 52 74 61 47 0 48 34 23 64 46 34 41 22 54 47 27 55 52 74 107 28 48 24 47 59 48 36 92 21 30 13 58 29 27 55 88 54 20 18 51 86 64 40 39 62 92 83 66 65 81 106 107 94 93 104 124
36 62 49 55 43 26 50 50 51 59 58 43 32 36 70 3 54 63 65 42 56 40 25 84 40 66 78 50 55 64 51 38 90 54 28 67 67 44 62 13 11 58 53 68 87 72 57 47 47 76 67 45 30 72 40 39 66 36 100 13 27 42 80 16 35 65 64 46 43 61 82 55 24 53 66 28 22 43 12 70 68 51 38 32 83 51 57 8 101 44 12 78 54 37 57 33 72 54 31 46 38 55 50 39 49 6 49 52 44 28 29 26 33 24 76 25 32 59 61 30 53 27 23 81 29 60 74 34 61 59 52 43 68 51 20 65 47 43 49 20 26 55 47 59 80 71 58 33 62 70 68 47 6 49 71 38 66 24 95 23 31 50 75 9 25 61 55 48 48 55 78 47 8 48 0 19 33 18 20 78 62 52 34 24 52 8 4 34 100 40 8 70 57 12 15 14 74 63 20 42 102 76 60 62 80 89 58 34 37 63 84 49 15 21 56 88 55 30 33 61 100 73 56 58 77
31 44 43 39 31 8 39 39 61 46 44 24 16 25 80 21 35 82 59 61 47 36 21 71 23 55 61 40 44 64 41 28 96 36 46 52 64 30 49 24 29 45 53 49 71 55 41 30 37 59 51 26 27 61 38 21 63 17 92 12 43 23 64 8 49 74 72 31 33 48 86 43 6 37 67 10 20 41 24 58 51 46 27 20 68 33 68 16 112 40 14 62 55 45 46 15 85 39 14 29 23 37 35 24 32 14 39 43 55 18 14 17 18 14 87 21 14 78 55 31 48 32 41 68 10 51 56 19 49 61 44 29 76 32 39 50 39 28 41 17 44 44 47 41 64 54 44 34 53 52 52 33 15 41 62 19 62 25 86 32 34 32 58 11 41 69 61 41 40 59 83 37 23 34 19 0 28 36 31 66 43 45 26 15 33 25 22 41 110 38 16 54 58 29 14 16 87 52 6 24 91 61 42 46 70 82 48 17 26 59 83 50 21 29 60 93 65 46 50 73 110 87 74 76 92
4 48 17 30 15 30 19 19 84 30 30 31 41 11 103 35 45 87 33 70 73 9 9 53 25 34 57 18 24 91 19 10 72 49 51 40 37 54 32 24 36 29 26 57 61 50 33 27 16 53 70 41 6 39 11 35 36 36 67 22 39 31 56 22 68 97 96 24 12 32 60 68 30 29 41 33 12 14 27 39 68 19 53 47 55 45 89 25 92 13 22 52 29 69 25 29 69 27 38 27 19 38 27 20 28 29 17 20 77 12 19 11 43 14 109 9 25 85 29 58 75 57 44 50 31 28 54 17 31 87 19 18 55 45 48 36 14 52 16 14 55 24 21 48 54 47 30 60 29 51 73 21 33 17 39 32 35 12 63 22 14 30 50 30 37 92 86 16 15 35 58 63 29 23 33 28 0 47 25 46 57 19 53 43 42 40 37 65 89 11 37 45 32 44 39 20 71 31 23 26 70 48 46 66 95 57 25 22 53 86 56 24 20 52 86 68 46 44 65 94 89 72 71 85 109
50 79 62 72 59 43 65 65 43 75 75 60 47 52 61 16 70 46 77 25 65 52 39 100 57 80 96 65 70 64 65 54 91 71 14 84 77 57 77 24 12 74 62 84 104 89 74 64 62 93 82 62 43 86 52 56 76 52 113 29 23 59 97 33 25 56 58 63 58 77 87 67 41 70 73 45 36 53 21 86 83 63 50 45 100 68 47 24 97 57 28 94 62 34 72 50 67 70 46 63 55 72 67 56 66 23 64 66 36 44 47 42 47 41 66 40 49 42 74 35 60 30 14 97 45 75 91 51 77 59 66 59 68 68 4 81 60 57 63 35 9 70 56 76 97 88 74 37 76 88 82 63 22 63 85 55 76 36 109 30 41 67 92 26 23 54 50 62 62 61 80 57 19 64 18 36 47 0 26 92 78 65 45 37 69 12 15 33 97 52 22 87 64 8 28 29 68 78 37 59 117 93 77 76 89 101 72 51 49 68 91 58 27 24 53 90 56 22 18 51 97 66 43 41 62
27 68 38 54 39 37 44 44 67 54 55 48 46 34 86 20 61 62 52 46 74 28 20 78 43 58 80 42 49 82 43 33 70 64 26 65 52 59 57 8 15 54 37 75 85 73 56 48 40 77 81 55 20 63 27 48 50 47 88 19 15 47 80 23 50 81 81 46 36 57 64 72 36 52 49 40 17 28 8 64 80 38 55 48 80 60 71 16 83 32 17 76 37 55 50 41 55 51 44 48 39 59 50 40 50 20 42 43 60 27 33 25 48 26 91 20 38 60 49 49 72 46 19 75 39 51 76 36 55 78 43 41 49 60 26 60 37 58 40 18 32 48 31 66 78 70 54 52 52 73 82 45 23 40 61 46 51 14 84 5 16 51 74 24 12 77 72 39 39 37 59 64 12 46 20 31 25 26 0 69 72 42 52 41 59 23 22 52 81 28 27 69 39 25 33 16 57 55 28 45 93 73 66 76 98 76 49 38 54 82 67 33 10 40 74 69 37 20 43 76 81 57 47 61 87
43 50 32 31 35 64 28 28 127 22 24 50 72 42 146 79 57 131 25 115 102 43 54 11 46 12 40 28 23 127 27 40 82 62 95 22 35 81 19 69 81 22 43 59 31 36 32 40 31 36 84 61 51 8 44 59 35 64 29 65 81 51 32 64 112 139 138 38 35 20 65 94 66 33 49 65 57 44 72 10 81 34 85 81 23 60 133 70 110 38 66 26 47 111 21 58 97 29 70 42 44 44 35 44 38 73 29 27 120 50 53 52 75 54 152 53 55 129 24 97 108 98 88 10 63 18 43 47 18 125 27 37 77 60 94 19 33 78 30 58 100 23 46 55 27 31 24 99 18 42 88 34 76 30 12 57 32 57 23 65 55 40 31 72 80 134 127 31 31 56 70 94 74 34 78 66 46 92 69 0 67 29 88 80 55 85 81 106 104 43 79 28 48 89 80 64 99 15 62 46 25 19 50 84 118 27 21 51 85 119 50 46 65 94 125 76 74 87 110 138 104 102 111 130 154
59 18 64 39 48 36 51 52 89 49 45 26 32 46 105 64 13 123 76 101 43 64 55 65 33 61 37 56 53 74 56 49 128 9 89 45 85 27 51 65 71 49 80 12 52 35 37 33 54 38 18 17 60 67 67 24 84 26 96 54 85 26 45 49 84 99 95 37 52 49 114 33 38 37 94 34 57 70 67 58 14 69 36 37 54 12 97 58 149 65 56 47 83 73 55 31 124 42 32 32 39 25 37 38 34 57 55 59 84 47 40 49 32 47 113 56 35 119 71 57 52 62 84 63 34 61 30 40 53 75 60 43 111 13 81 49 59 26 59 55 85 54 77 13 48 38 46 57 64 29 22 42 57 60 71 27 81 62 89 71 69 31 41 53 83 92 84 59 59 91 114 39 66 41 62 43 57 78 72 67 0 63 42 43 16 67 64 69 145 66 57 41 87 70 51 57 126 59 45 31 87 52 18 19 53 92 61 36 36 61 105 79 62 62 79 123 102 89 89 101 145 127 117 116 126
16 50 4 27 17 45 13 12 102 20 23 39 56 22 122 53 51 103 15 87 88 15 28 38 33 18 51 8 13 108 8 18 67 56 67 31 23 67 21 42 53 20 20 59 50 45 30 30 10 47 79 51 23 22 16 46 22 49 49 41 53 39 47 40 87 116 115 27 13 22 52 81 46 28 32 47 30 16 45 25 76 8 69 63 43 53 108 44 91 10 40 42 24 87 13 42 73 23 53 32 27 40 27 28 30 48 9 5 95 28 33 29 58 31 128 28 37 101 10 75 91 75 60 35 45 11 51 29 18 105 4 21 55 52 66 25 6 65 5 33 73 12 20 52 44 41 22 78 11 48 82 22 51 4 20 43 19 29 44 37 27 33 43 48 52 111 104 5 6 32 53 78 47 22 52 45 19 65 42 29 63 0 70 60 48 59 56 83 87 15 55 38 27 62 57 39 75 15 40 33 52 36 49 76 108 38 9 34 68 102 43 21 39 70 104 62 49 59 83 113 86 77 84 102 127
56 52 68 58 55 25 62 62 48 66 64 39 16 49 65 35 41 87 84 64 22 62 46 90 42 77 72 64 66 40 65 52 121 38 58 70 90 15 69 45 44 66 79 52 85 67 58 48 61 71 39 31 53 84 64 30 88 25 115 36 61 38 77 33 43 58 55 50 57 68 111 22 24 56 93 23 45 67 45 79 42 72 6 7 84 37 56 37 134 66 38 77 81 32 69 30 106 59 18 46 45 50 54 45 50 32 63 67 43 43 37 42 14 40 73 47 34 82 79 16 22 21 56 87 26 74 66 42 70 38 68 51 100 37 48 70 64 16 65 42 51 67 73 46 79 68 64 16 76 63 39 54 30 66 86 32 87 50 109 54 59 49 72 29 59 51 44 65 65 84 108 13 41 54 34 26 53 45 52 88 42 70 0 12 40 35 34 27 133 63 27 70 84 38 20 39 107 75 31 42 112 79 50 33 47 107 72 38 6 33 109 75 44 23 40 118 88 63 51 60 133 107 87 79 85
46 50 58 51 46 16 53 53 50 59 57 33 12 39 68 25 39 81 74 59 34 51 35 83 35 69 69 55 58 49 55 42 109 38 49 64 79 21 62 34 34 58 68 52 81 64 52 42 52 68 46 29 42 75 53 26 78 21 106 24 50 32 73 22 41 62 59 43 48 61 100 32 15 49 82 15 34 56 33 71 47 61 15 9 79 35 57 25 123 55 26 72 70 34 60 24 95 52 13 40 37 46 47 36 44 21 54 58 44 33 28 32 12 29 76 35 25 76 70 18 33 21 46 80 18 65 63 33 62 46 58 43 89 35 40 63 54 21 55 31 44 58 62 45 74 64 57 20 67 60 46 46 19 56 77 26 77 39 100 43 47 43 68 18 48 56 48 55 55 73 96 24 31 47 24 15 43 37 41 80 43 60 12 0 38 26 24 29 121 52 16 65 73 29 10 28 96 66 20 35 104 73 47 40 58 97 63 29 14 44 98 64 32 19 46 107 77 53 46 62 121 96 78 73 84
44 12 49 25 33 26 36 37 87 35 32 12 26 31 104 54 3 114 61 93 49 49 42 54 18 47 32 41 38 78 41 34 113 8 79 34 70 29 38 53 61 35 65 17 46 28 24 18 39 32 31 10 46 53 52 13 69 18 83 42 73 12 38 38 78 98 95 22 37 36 99 40 28 23 79 25 43 55 55 46 28 54 36 34 46 6 94 47 134 50 44 38 68 70 41 19 110 28 25 17 24 12 23 23 19 46 40 44 81 33 26 35 28 34 112 42 22 110 56 54 57 58 73 52 24 47 26 25 40 77 45 28 97 5 71 36 44 27 44 41 77 39 62 8 40 29 32 55 49 23 35 27 47 45 57 14 67 48 77 58 54 16 33 43 70 91 83 44 44 76 99 42 54 27 52 33 42 69 59 55 16 48 40 38 0 58 55 66 130 51 48 31 72 62 44 44 112 46 33 17 76 42 10 30 64 79 46 22 36 67 90 64 49 57 80 108 87 77 82 99 130 113 105 108 122
43 68 56 62 50 32 57 57 45 66 65 49 36 43 64 6 59 57 71 36 56 46 32 91 47 73 85 57 62 60 58 45 93 60 24 74 73 47 69 19 10 65 59 73 94 79 64 54 54 83 71 50 36 79 46 45 72 41 107 20 27 48 87 23 29 59 59 53 50 68 87 57 30 60 71 33 29 49 16 77 72 57 39 34 90 57 50 15 102 51 19 85 59 32 64 39 73 61 35 52 45 62 57 46 56 13 56 59 38 35 36 33 36 31 70 32 38 53 68 28 52 24 21 88 34 67 80 41 68 55 59 50 70 57 15 72 53 46 56 27 20 62 52 65 87 77 65 31 69 77 71 54 11 56 78 44 72 30 102 28 37 56 82 15 26 55 50 55 55 60 81 48 13 55 8 25 40 12 23 85 67 59 35 26 58 0 4 29 101 47 10 77 62 5 17 21 74 70 27 48 109 83 66 65 81 95 65 40 39 62 89 55 21 18 51 91 58 29 26 55 101 73 53 51 70
40 65 53 59 47 29 54 54 48 63 62 46 34 40 67 3 56 60 68 39 56 43 28 88 44 69 82 54 59 61 55 42 91 57 26 71 71 45 65 16 10 62 56 70 91 76 60 51 51 80 69 48 33 76 44 42 69 38 104 17 27 45 84 20 32 61 61 50 46 65 85 56 27 57 69 31 26 46 14 74 70 54 38 33 87 54 53 12 102 48 16 81 57 34 61 36 73 57 33 49 42 59 54 43 52 9 53 56 40 32 33 30 34 28 73 29 35 56 65 29 52 25 22 85 31 64 77 38 65 57 56 47 69 54 17 68 50 44 52 24 23 59 50 62 83 74 62 31 66 74 70 51 8 53 75 41 69 27 99 26 34 53 78 12 26 57 52 52 52 58 80 47 10 52 4 22 37 15 22 81 64 56 34 24 55 4 0 31 101 44 9 74 60 8 15 18 74 67 23 45 106 80 63 63 80 93 61 37 38 62 87 52 18 19 53 90 57 29 30 58 101 73 54 54 73
68 77 81 79 71 44 79 79 22 86 84 62 40 64 40 33 66 66 97 43 40 72 56 111 62 95 97 80 84 32 80 67 121 64 45 92 100 42 89 47 39 85 87 79 109 92 80 70 77 96 65 57 62 101 73 54 99 49 131 43 55 60 101 44 18 34 32 70 72 88 115 45 42 77 100 44 54 76 45 98 68 83 33 32 107 63 29 41 129 77 44 100 88 5 86 52 99 79 41 68 64 74 74 64 72 36 79 83 16 57 54 55 38 53 48 57 53 60 93 12 31 9 47 108 46 90 91 60 89 27 83 69 99 63 35 90 78 43 80 51 34 84 80 72 102 92 84 12 92 88 64 73 33 80 102 55 98 57 126 56 65 71 96 36 54 28 22 79 79 88 110 35 41 74 34 41 65 33 52 106 69 83 27 29 66 29 31 0 129 73 29 93 90 28 27 46 100 92 45 63 131 101 75 59 62 121 88 57 33 37 117 83 48 13 22 120 86 54 29 34 129 98 72 55 58
87 135 84 113 99 115 98 98 136 106 109 119 125 99 152 99 133 94 81 99 155 81 91 115 113 99 137 94 99 160 94 96 23 137 85 117 70 139 106 88 91 106 67 144 133 131 115 114 94 133 158 129 86 98 79 123 70 123 99 98 74 119 132 102 119 149 152 110 94 108 40 152 114 113 57 118 91 76 89 106 156 79 135 129 126 133 138 96 8 81 96 126 64 130 98 116 31 109 123 114 107 125 112 108 114 101 94 91 131 99 107 97 127 100 155 91 112 98 84 129 152 124 83 114 116 94 137 106 103 155 90 104 34 133 94 110 89 137 90 94 97 98 69 136 128 126 108 131 93 134 160 106 104 89 93 120 74 86 101 79 78 117 128 104 76 148 146 89 89 55 35 145 92 107 100 110 89 97 81 104 145 87 133 121 130 101 101 129 0 80 107 124 61 101 113 95 31 98 106 114 115 120 133 154 178 87 93 110 134 162 58 67 90 118 149 30 45 75 108 141 2 34 69 104 138
8 55 11 35 20 41 22 21 91 32 34 40 51 20 110 42 54 88 25 73 84 2 18 52 34 32 62 18 25 100 19 17 63 58 53 43 28 64 33 29 40 31 16 65 63 55 38 35 17 58 80 51 12 36 1 45 26 47 61 30 39 40 59 31 75 105 104 31 16 34 50 78 41 35 31 43 20 4 32 38 78 11 64 57 57 54 96 33 84 5 29 54 19 77 25 39 62 31 49 35 27 46 33 29 35 37 18 18 84 22 30 22 54 24 116 18 35 87 22 67 85 66 46 49 41 25 60 27 31 97 17 24 47 54 53 37 12 62 14 23 59 24 11 56 56 51 33 69 26 57 83 27 41 14 34 42 26 17 57 23 12 38 54 38 37 100 94 14 13 25 49 74 35 28 40 38 11 52 28 43 66 15 63 52 51 47 44 73 80 0 45 49 22 50 48 28 64 29 33 35 66 49 54 76 105 49 23 32 63 96 46 14 26 60 95 58 39 44 70 101 80 66 70 88 114
40 59 53 55 45 22 52 52 48 60 59 40 26 38 67 9 50 67 69 45 48 44 28 85 39 68 76 52 57 57 53 40 97 50 34 67 72 37 63 20 18 59 59 64 86 71 56 46 50 75 61 41 34 74 45 35 71 31 103 15 35 39 79 16 34 61 60 46 45 62 89 48 20 52 72 24 26 48 19 72 62 55 30 25 83 47 54 13 109 48 16 77 60 33 59 30 80 54 25 44 38 53 50 39 48 8 52 55 41 30 29 28 27 26 74 28 29 63 65 23 46 21 30 82 25 63 71 34 63 53 55 43 75 47 25 65 50 36 52 23 29 57 52 56 79 69 58 26 65 68 62 47 5 52 74 35 70 29 98 30 37 48 74 8 33 56 50 52 51 62 84 39 16 48 8 16 37 22 27 79 57 55 27 16 48 10 9 29 107 45 0 70 63 14 7 18 81 65 19 40 104 76 57 55 73 93 60 32 30 56 89 55 20 16 50 95 63 37 34 59 107 81 62 61 77
45 23 41 16 31 50 28 29 114 18 16 32 54 37 132 72 33 131 45 112 80 48 51 24 31 26 14 32 25 108 31 37 103 37 94 8 55 60 18 66 77 19 58 32 17 9 14 24 32 10 58 40 51 30 50 40 55 45 56 59 83 33 11 55 103 126 123 25 35 17 87 71 52 18 68 50 53 52 69 21 54 46 66 63 15 36 121 63 129 46 60 8 61 98 26 42 110 19 53 26 33 20 21 32 22 65 31 33 108 44 42 46 56 47 140 50 41 128 41 82 87 84 87 22 48 31 15 37 21 107 35 29 92 36 89 14 38 57 36 53 96 26 57 29 10 4 17 84 32 14 63 25 67 36 35 39 52 56 49 67 58 22 6 63 81 120 112 37 37 70 89 73 70 24 70 54 45 87 69 28 41 38 70 65 31 77 74 93 124 49 70 0 64 82 68 59 113 27 51 30 46 11 24 59 93 54 31 38 66 98 74 59 62 82 109 97 86 89 103 126 123 114 116 127 146
30 75 24 53 40 62 38 38 106 46 49 61 72 41 125 57 74 91 24 81 104 24 38 59 55 41 77 33 39 119 34 38 42 79 61 57 17 86 46 44 53 46 7 84 75 71 55 54 34 73 101 72 31 41 21 67 16 68 56 49 45 61 73 51 88 119 120 51 35 48 29 100 62 53 10 64 39 18 46 48 99 19 84 78 68 75 110 50 65 22 48 67 4 93 38 61 49 49 70 55 48 65 52 50 55 55 34 31 99 43 51 43 75 46 130 38 56 91 25 85 105 83 54 57 62 35 77 48 44 115 30 44 29 75 64 51 29 83 30 42 70 38 11 77 69 67 48 88 34 74 104 46 58 29 37 63 18 35 54 35 26 57 69 57 44 116 111 29 29 8 27 95 50 47 57 58 32 64 39 48 87 27 84 73 72 62 60 90 61 22 63 64 0 64 67 46 51 39 53 56 67 61 74 98 127 42 33 53 84 116 28 9 43 77 112 37 26 49 81 115 60 54 68 94 124
47 73 60 66 54 36 61 61 42 70 70 53 40 47 61 10 63 53 75 32 58 49 35 95 51 77 89 61 66 60 62 49 94 64 21 78 76 50 73 22 12 70 62 77 98 83 68 58 58 87 74 54 40 83 50 49 75 45 111 24 27 52 92 27 25 56 56 57 54 73 88 59 34 64 74 38 33 52 19 81 75 60 42 37 94 61 47 19 102 54 23 89 62 30 68 43 73 65 39 57 50 66 61 50 60 17 60 63 35 39 41 37 40 36 67 36 42 49 71 29 53 24 20 92 38 71 84 45 72 55 63 54 71 61 11 76 57 49 59 31 16 66 55 69 91 82 69 31 72 81 75 58 15 60 82 48 75 34 106 30 40 61 86 20 26 52 48 59 58 62 83 50 16 59 12 29 44 8 25 89 70 62 38 29 62 5 8 28 101 50 14 82 64 0 20 25 73 74 31 53 113 88 70 68 82 99 68 45 41 62 91 57 24 18 50 92 59 28 22 51 101 72 50 47 66
42 55 55 53 45 19 52 53 47 60 58 37 20 38 66 16 45 72 71 50 42 47 31 85 37 68 73 53 57 53 54 41 102 45 40 66 75 31 63 26 24 59 63 59 84 68 55 44 51 72 55 36 37 75 48 31 74 27 105 18 41 36 77 18 36 60 58 45 46 62 94 41 17 51 76 20 29 51 25 72 56 58 24 18 81 42 54 18 115 51 20 75 64 31 59 27 86 53 20 42 37 50 49 38 46 13 53 56 41 30 28 29 20 26 73 31 27 68 67 19 40 19 37 82 21 64 68 33 63 49 57 43 81 42 31 64 52 30 53 26 35 57 56 51 77 67 58 22 66 65 55 47 10 54 76 31 73 33 99 35 41 46 71 11 39 55 48 53 53 67 90 33 22 48 15 14 39 28 33 80 51 57 20 10 44 17 15 27 113 48 7 68 67 20 0 21 88 66 18 38 105 75 53 49 66 95 62 31 23 50 93 59 25 15 47 100 69 44 38 59 113 87 69 65 79
23 54 36 43 30 22 37 37 64 46 46 34 31 24 83 15 47 73 52 53 61 27 11 71 30 52 68 37 42 74 37 25 82 49 36 55 55 45 49 9 18 46 42 61 75 62 45 36 34 65 66 40 17 58 28 33 53 31 87 4 29 33 69 8 49 78 77 35 30 49 73 58 21 41 55 24 9 30 11 57 65 38 41 34 71 45 70 6 97 31 2 66 43 50 44 26 70 41 29 35 27 46 39 28 38 10 36 39 57 16 19 13 33 13 90 12 23 69 48 40 60 38 30 68 24 47 64 23 48 70 39 30 62 45 31 52 33 43 35 7 37 42 36 52 68 59 45 43 49 61 67 35 13 36 58 31 53 12 82 16 20 39 63 11 27 73 67 35 35 46 69 51 11 36 14 16 20 29 16 64 57 39 39 28 44 21 18 46 95 28 18 59 46 25 21 0 72 50 13 32 89 64 52 61 84 76 44 24 40 71 72 38 6 33 67 79 50 33 46 75 95 72 61 69 90
70 119 72 99 84 93 85 85 106 95 97 101 102 82 122 73 115 64 75 69 129 66 71 110 95 91 125 81 88 132 82 80 37 118 56 106 66 116 95 64 64 94 57 127 125 119 102 98 81 121 137 110 67 92 64 103 65 102 103 75 47 100 122 79 89 119 121 94 79 97 47 128 92 99 53 96 70 62 64 98 136 68 110 104 118 114 108 72 30 67 73 117 53 101 87 96 3 95 100 98 89 109 97 91 98 76 82 80 101 79 87 77 104 79 124 71 92 68 76 101 126 97 54 108 95 85 124 87 93 126 79 88 24 114 65 100 75 114 77 72 68 87 56 119 119 115 96 104 84 121 139 91 78 77 88 100 69 65 102 56 58 101 118 80 49 118 116 76 76 44 38 120 66 92 74 87 71 68 57 99 126 75 107 96 112 74 74 100 31 64 81 113 51 73 88 72 0 89 83 96 116 111 117 132 153 89 83 91 110 135 63 55 66 91 120 41 27 46 77 111 32 5 39 73 108
28 43 19 21 21 51 14 13 112 11 15 39 59 28 131 64 48 116 19 100 91 29 39 24 34 3 40 14 9 114 13 25 77 53 81 19 29 70 10 54 66 11 33 53 37 35 23 29 16 36 76 51 36 10 30 47 29 51 41 51 67 40 35 49 98 125 124 26 21 11 61 83 52 23 42 52 42 30 57 10 73 22 73 68 29 51 118 55 103 25 51 29 36 96 7 45 87 18 57 31 30 35 24 31 27 58 14 12 105 36 39 38 62 40 138 39 42 115 15 83 95 84 73 21 50 5 41 34 7 112 13 24 68 50 79 13 18 67 16 43 85 9 34 47 31 30 14 85 6 39 80 21 61 15 12 45 26 42 35 51 41 30 31 57 66 120 113 16 17 46 63 82 59 21 63 52 31 78 55 15 59 15 75 66 46 70 67 92 98 29 65 27 39 74 66 50 89 0 48 34 40 23 43 75 108 34 7 38 72 106 48 35 51 79 112 71 63 73 95 123 97 91 98 115 139
26 43 38 36 27 10 34 35 65 42 41 23 20 20 84 22 35 82 54 62 52 31 16 67 21 50 59 36 39 69 36 23 92 37 46 49 59 34 45 21 28 41 48 49 68 53 38 28 33 57 54 28 22 57 33 21 58 19 87 10 41 22 61 5 52 78 76 27 28 44 81 47 9 34 62 13 15 36 23 54 53 41 32 25 65 34 72 15 108 35 12 59 50 49 41 15 82 36 18 26 20 36 32 20 30 15 35 39 58 13 10 12 22 9 91 16 12 78 50 36 53 37 41 64 12 46 54 16 45 66 39 25 72 33 40 47 34 32 36 12 45 39 42 41 61 51 40 39 48 51 56 29 16 37 58 19 57 21 82 28 29 30 56 12 39 73 66 36 35 54 78 42 22 30 20 6 23 37 28 62 45 40 31 20 33 27 23 45 106 33 19 51 53 31 18 13 83 48 0 22 87 58 41 49 74 77 44 14 31 64 78 45 18 32 65 88 61 45 52 77 106 84 73 77 95
28 23 34 16 17 20 22 23 85 25 22 6 27 15 103 44 19 103 47 83 57 33 27 49 2 36 37 26 26 82 26 18 97 24 67 29 55 36 28 40 49 24 49 31 47 31 17 7 24 35 46 18 30 43 36 14 54 18 74 30 59 7 40 26 73 97 94 9 22 27 83 49 22 14 63 21 29 39 42 37 44 39 40 35 44 20 91 36 118 34 32 38 53 68 28 12 94 17 24 5 8 14 12 7 9 36 25 30 78 18 13 21 29 20 110 27 11 100 42 53 62 55 61 46 18 34 33 10 29 80 31 13 81 20 61 28 29 33 29 27 67 26 46 23 40 30 22 55 37 29 49 13 38 30 45 11 52 33 68 43 39 9 34 34 57 91 83 29 29 60 83 48 42 13 42 24 26 59 45 46 31 33 42 35 17 48 45 63 114 35 40 30 56 53 38 32 96 34 22 0 70 38 21 43 76 67 33 9 39 73 76 48 36 52 81 92 71 64 74 96 114 97 92 99 116
67 69 56 54 60 88 53 53 151 46 48 73 96 67 170 104 78 154 44 139 125 66 78 22 70 37 53 53 48 151 52 65 92 83 119 43 50 104 43 93 105 46 63 77 38 52 54 64 55 50 104 84 75 31 67 82 52 87 18 90 104 75 44 88 137 164 162 62 60 44 76 115 90 57 64 89 81 66 96 33 100 57 109 105 34 81 157 94 122 62 90 41 66 135 46 82 113 53 94 66 68 65 58 68 62 98 53 51 144 75 77 77 98 79 177 78 79 152 45 121 131 123 111 25 87 43 58 72 42 149 51 62 92 81 118 42 57 101 54 83 124 48 67 74 40 49 48 124 41 58 108 58 101 54 33 80 49 81 15 89 78 63 46 97 103 159 152 55 55 74 82 117 98 58 102 91 70 117 93 25 87 52 112 104 76 109 106 131 115 66 104 46 67 113 105 89 116 40 87 70 0 35 70 104 139 29 45 75 108 142 57 67 90 119 150 86 92 110 134 162 114 119 133 153 178
47 34 40 23 35 58 29 30 122 19 19 41 64 41 141 78 43 135 39 117 91 49 55 13 39 21 22 32 25 118 31 40 98 48 98 10 50 70 17 71 82 19 55 42 14 19 21 32 33 17 69 50 54 23 50 49 50 54 45 64 86 42 14 61 110 134 132 31 37 16 82 81 60 25 63 58 57 51 73 14 65 44 76 72 8 47 129 69 125 45 65 8 59 106 25 50 109 23 62 34 39 31 27 38 30 71 32 32 115 49 48 51 66 52 148 54 49 132 37 90 97 93 91 12 56 27 25 43 19 117 33 34 90 47 94 13 38 67 36 58 101 26 56 40 9 14 19 92 28 24 73 30 74 36 28 48 47 59 39 69 60 31 13 69 84 128 121 36 37 68 85 83 75 29 76 61 48 93 73 19 52 36 79 73 42 83 80 101 120 49 76 11 61 88 75 64 111 23 58 38 35 0 35 70 104 45 29 45 75 108 67 57 66 89 118 92 85 92 109 134 119 113 118 132 153
47 3 51 23 35 35 36 37 97 32 29 18 36 35 114 62 10 123 60 102 57 53 47 48 23 44 23 41 37 87 41 38 115 14 87 28 70 38 34 60 69 32 67 11 37 19 21 20 40 23 35 19 51 50 55 22 69 27 79 50 80 19 29 46 88 107 104 24 39 33 100 47 37 21 80 34 49 58 62 41 31 55 45 44 38 14 104 55 137 52 52 31 71 80 39 27 115 27 35 20 28 9 22 27 20 55 40 44 91 39 33 41 37 41 122 47 29 119 55 63 65 67 81 46 33 46 16 31 37 86 45 30 100 14 80 32 46 35 45 48 85 38 64 5 32 22 30 65 48 14 39 28 56 45 54 23 66 54 72 64 59 17 25 52 77 101 93 45 45 78 101 51 62 27 60 42 46 77 66 50 18 49 50 47 10 66 63 75 133 54 57 24 74 70 53 52 117 43 41 21 70 35 0 35 70 75 45 28 45 75 90 66 56 66 89 110 92 84 91 109 133 118 112 117 131
69 36 77 54 60 39 65 66 79 64 61 38 31 57 92 63 28 120 90 97 27 75 63 83 44 77 55 69 68 59 69 60 138 23 88 62 98 19 67 69 72 64 92 30 70 53 53 47 67 56 7 26 69 83 77 31 97 31 113 58 88 38 63 53 76 86 82 51 64 65 126 17 41 52 106 37 63 80 70 75 10 81 28 32 72 25 86 61 157 77 60 65 94 64 70 38 130 57 32 45 50 41 52 49 48 58 68 72 74 56 48 57 30 54 101 63 42 115 85 48 37 54 85 80 38 76 49 50 69 60 74 56 120 25 79 66 72 20 72 61 83 68 87 30 66 56 62 48 79 47 7 56 57 73 86 35 95 68 106 77 77 46 59 54 86 79 71 72 72 100 124 25 67 55 62 46 66 76 76 84 19 76 33 40 30 65 63 59 154 76 55 59 98 68 49 61 132 75 49 43 104 70 35 0 35 108 75 45 28 45 119 89 66 56 66 134 109 91 84 90 153 132 117 111 116
98 71 108 88 92 66 98 98 74 98 95 70 55 87 81 81 62 127 122 104 25 104 90 117 76 110 89 101 101 43 101 91 166 57 103 97 130 42 101 91 90 98 121 64 105 88 87 80 99 91 37 58 96 117 106 62 129 60 147 81 107 70 97 77 79 76 70 84 96 99 155 28 66 86 135 63 89 109 91 109 41 112 44 50 107 59 80 82 180 107 83 99 124 64 103 67 152 91 57 78 82 75 85 81 82 78 100 105 73 84 76 85 53 82 89 90 72 121 117 55 31 61 101 115 65 109 83 80 103 47 106 87 145 59 93 100 103 44 104 86 94 101 116 65 100 91 95 53 112 82 32 89 76 104 120 66 127 94 140 100 103 79 94 75 105 69 62 104 103 128 152 34 87 88 80 70 95 89 98 118 53 108 47 58 64 81 80 62 178 105 73 93 127 82 66 84 153 108 74 76 139 104 70 35 0 142 108 75 45 28 150 118 89 66 55 162 134 109 90 83 178 153 131 116 110
53 75 40 54 52 82 46 45 140 44 47 72 92 59 159 90 81 133 25 121 124 50 65 35 67 32 66 43 42 146 42 55 64 86 100 48 26 103 42 78 89 44 41 85 56 63 56 62 46 62 109 84 60 26 50 81 27 84 15 78 85 73 58 78 124 153 152 59 50 43 47 116 83 56 37 84 68 48 80 35 106 39 105 100 48 84 145 81 93 45 78 53 42 125 39 77 86 51 89 64 62 68 57 63 61 85 44 40 132 65 70 66 94 69 165 65 74 132 28 113 128 113 93 35 82 33 69 65 39 143 39 56 65 83 101 44 44 100 42 70 108 41 46 80 54 58 47 116 31 68 113 54 89 41 22 78 26 66 14 71 60 63 57 86 84 149 142 42 43 49 54 114 84 54 89 82 57 101 76 27 92 38 107 97 79 95 93 121 87 49 93 54 42 99 95 76 89 34 77 67 29 45 75 108 142 0 35 70 104 139 29 45 75 108 142 57 67 90 119 150 86 92 110 134 162
23 46 12 23 18 48 11 10 107 14 17 38 57 24 127 59 49 110 15 95 89 22 34 30 33 10 45 9 8 111 8 21 72 54 75 24 25 68 14 49 60 14 27 56 43 39 25 29 11 40 77 50 30 15 23 46 25 50 44 46 61 39 40 45 93 121 119 25 16 15 57 82 49 24 37 49 36 24 51 16 74 16 70 65 36 51 113 50 98 18 46 35 31 92 6 43 80 19 55 30 28 37 24 29 28 53 9 6 100 32 36 33 60 36 133 33 39 108 11 79 93 80 67 27 47 3 45 31 11 108 6 21 62 51 73 18 12 65 10 38 80 7 28 49 37 34 17 82 5 42 81 20 56 9 15 43 22 36 39 45 34 30 36 53 59 116 109 10 11 40 59 80 54 20 58 48 25 72 49 21 61 9 72 63 46 65 61 88 93 23 60 31 33 68 62 44 83 7 44 33 45 29 45 75 108 35 0 35 70 104 45 29 45 75 108 67 57 66 89 118 92 85 92 109 134
24 30 33 23 18 14 25 25 78 30 28 11 23 13 96 36 24 96 48 75 55 30 20 55 7 40 45 28 29 77 28 17 94 28 59 36 55 34 33 32 41 29 47 38 55 39 24 14 25 43 48 20 25 47 33 14 54 16 78 23 52 10 47 18 65 90 88 14 21 32 81 48 15 21 61 15 22 36 34 42 47 37 36 31 51 24 84 28 114 32 24 45 50 61 31 8 89 23 20 12 8 22 18 8 16 28 26 31 71 12 5 14 25 13 104 20 5 92 43 46 59 48 53 52 12 37 41 5 34 75 32 14 76 24 53 34 28 31 29 20 59 29 43 29 47 38 28 49 39 37 51 17 30 30 49 11 52 27 72 37 33 16 42 26 50 84 77 29 29 56 80 45 34 18 34 17 22 51 38 51 36 34 38 29 22 40 37 57 110 32 32 38 53 45 31 24 91 38 14 9 75 45 28 45 75 70 35 0 35 70 75 45 28 45 75 90 66 56 66 89 110 92 84 91 109
56 47 67 54 53 23 59 60 54 63 61 35 13 47 70 38 36 92 82 69 21 61 46 87 39 74 67 62 64 44 63 50 121 33 62 66 89 10 66 47 47 63 78 47 81 63 55 45 59 67 34 27 53 81 63 26 87 22 112 37 64 34 73 33 49 63 60 47 55 65 112 19 23 52 93 21 45 66 47 76 36 71 1 6 80 32 61 38 136 65 39 73 80 38 66 28 108 56 16 43 43 46 50 42 47 34 61 65 49 42 35 42 11 39 78 46 31 87 78 21 24 27 59 84 23 72 61 40 67 42 66 49 101 32 52 67 62 11 63 42 55 64 73 41 74 64 61 22 74 58 34 51 32 64 83 28 86 50 106 56 59 45 68 31 62 57 49 64 63 84 108 12 44 51 37 26 53 49 54 85 36 68 6 14 36 39 38 33 134 63 30 66 84 41 23 40 110 72 31 39 108 75 45 28 45 104 70 35 0 35 108 75 45 28 45 119 89 66 56 66 134 109 91 84 90
89 77 101 88 87 57 94 94 47 97 95 69 48 81 54 64 66 101 117 80 19 95 79 120 73 109 97 97 98 16 97 85 152 62 81 99 123 38 100 76 71 97 111 73 112 94 88 79 94 97 49 59 86 116 96 60 121 56 147 68 89 68 104 66 54 49 43 82 90 99 144 29 57 86 126 55 78 99 75 110 54 105 34 40 112 62 53 68 163 98 69 105 113 39 100 62 134 90 50 77 77 78 84 76 81 63 96 100 46 76 69 75 45 72 62 79 66 95 112 34 12 39 81 117 58 106 90 74 102 20 101 84 131 62 71 101 97 41 98 75 71 99 106 71 106 96 95 31 108 88 46 86 60 99 118 63 120 82 140 85 91 79 99 60 87 41 35 98 97 116 140 26 71 86 63 59 86 68 82 119 61 102 33 44 67 62 62 37 162 96 56 98 116 62 50 71 135 106 64 73 142 108 75 45 28 139 104 70 35 0 142 108 75 45 28 150 118 89 66 55 162 134 109 90 83
53 90 42 67 59 86 54 54 133 58 62 81 96 63 152 84 93 115 30 107 129 47 63 60 75 48 87 50 53 145 50 59 35 98 87 67 21 109 57 71 81 58 31 100 80 82 70 72 52 82 121 93 57 45 46 88 22 90 42 75 71 82 80 77 116 147 147 69 55 59 19 123 86 69 18 88 65 43 73 54 118 38 109 103 72 95 137 77 65 44 74 74 30 120 51 83 61 64 94 74 69 81 69 70 72 82 51 47 126 67 74 67 99 70 157 63 79 115 35 112 131 110 80 59 86 45 88 70 54 142 46 64 40 95 91 61 48 106 47 68 97 52 37 94 76 77 61 115 43 86 124 64 85 46 40 85 24 61 43 62 53 75 78 83 71 143 138 47 47 31 26 119 77 64 84 83 56 91 67 50 105 43 109 98 90 89 87 117 58 46 89 74 28 91 93 72 63 48 78 76 57 67 90 119 150 29 45 75 108 142 0 35 70 104 139 29 45 75 108 142 57 67 90 119 150
21 68 18 46 32 53 32 31 99 41 43 53 64 33 118 50 67 88 23 76 96 15 30 57 47 37 72 27 34 111 28 30 49 71 56 52 20 77 41 36 47 40 5 77 71 65 49 47 28 68 93 64 23 39 13 59 19 60 59 41 40 53 68 43 82 112 113 43 28 43 37 91 53 47 18 56 31 10 39 44 91 14 76 70 64 68 103 42 72 15 40 63 6 86 33 52 52 42 61 48 40 58 45 42 47 47 28 26 92 35 43 34 66 37 123 29 48 87 23 77 97 75 48 54 54 31 71 40 39 107 24 37 35 67 58 46 22 75 23 34 64 33 3 69 65 61 42 80 30 68 96 39 51 23 36 55 20 27 56 28 18 50 64 49 39 109 103 23 23 12 35 86 42 40 49 50 24 58 33 46 79 21 75 64 64 55 52 83 67 14 55 59 9 57 59 38 55 35 45 48 67 57 66 89 118 45 29 45 75 108 35 0 35 70 104 45 29 45 75 108 67 57 66 89 118
23 58 36 46 32 27 39 39 65 48 48 39 36 26 84 16 52 69 51 51 65 26 13 73 34 54 72 38 44 77 39 27 78 54 32 58 53 50 51 5 16 48 39 65 78 65 48 40 35 69 71 45 16 59 26 38 51 37 87 9 24 38 72 13 49 79 78 38 31 51 69 63 26 45 52 30 10 28 7 59 71 37 46 39 73 50 70 8 92 30 7 69 40 51 45 31 65 44 34 39 31 50 42 32 42 13 37 40 58 19 24 16 38 17 90 13 28 66 48 43 65 41 26 70 29 48 68 27 50 73 39 33 57 50 29 54 34 48 36 9 35 43 33 57 71 63 48 46 49 65 73 38 16 36 58 36 52 10 82 11 17 43 67 15 22 75 69 36 35 42 65 56 9 39 15 21 20 27 10 65 62 39 44 32 49 21 18 48 90 26 20 62 43 24 25 6 66 51 18 36 90 66 56 66 89 75 45 28 45 75 70 35 0 35 70 75 45 28 45 75 90 66 56 66 89
55 68 68 67 59 33 66 66 33 74 72 51 31 52 52 21 58 65 84 42 42 59 43 99 51 82 87 67 71 43 68 55 110 56 38 80 87 38 77 34 28 73 74 71 98 82 69 58 64 86 62 48 49 89 60 44 86 39 118 30 44 50 91 31 22 46 45 59 60 76 103 45 31 65 87 33 41 63 33 86 64 70 29 25 96 54 40 28 119 64 31 89 75 18 73 41 90 67 32 56 52 64 63 52 60 23 66 70 26 44 42 43 30 40 59 44 41 59 80 11 36 7 37 96 35 78 81 47 77 38 70 57 88 54 28 79 65 38 67 38 29 71 67 64 91 81 72 14 79 78 62 61 20 67 89 44 85 44 113 44 52 60 85 23 43 41 35 67 66 76 98 34 29 62 21 29 52 24 40 94 62 70 23 19 57 18 19 13 118 60 16 82 77 18 15 33 91 79 32 52 119 89 66 56 66 108 75 45 28 45 104 70 35 0 35 108 75 45 28 45 119 89 66 56 66
89 91 102 97 91 62 98 99 20 104 103 78 55 84 27 55 80 78 118 58 40 94 77 129 80 114 111 100 103 15 101 87 143 77 65 109 122 52 107 69 61 104 108 90 125 107 97 87 97 111 71 71 83 121 95 70 120 65 151 65 76 77 117 64 32 22 17 89 93 107 137 49 60 94 121 61 75 97 67 117 75 104 44 47 124 76 25 63 150 98 66 117 109 20 105 69 120 97 57 85 82 89 92 82 89 58 99 103 22 77 73 76 53 73 36 78 71 71 114 29 29 30 67 126 63 110 105 79 108 9 103 89 120 76 56 109 98 55 100 73 53 103 102 86 118 108 102 27 112 103 69 92 54 101 122 71 120 79 146 78 86 88 112 57 75 14 8 100 99 110 132 41 63 92 56 60 86 53 74 125 79 104 40 46 80 51 53 22 149 95 50 109 112 50 47 67 120 112 65 81 150 118 89 66 55 142 108 75 45 28 139 104 70 35 0 142 108 75 45 28 150 118 89 66 55
66 111 60 88 76 97 74 73 132 81 84 98 108 78 150 88 111 101 53 100 139 60 73 87 91 72 111 69 74 151 70 75 7 115 82 90 43 122 80 75 81 80 44 121 106 105 91 91 70 106 137 109 67 70 58 103 43 104 70 83 67 98 105 86 114 145 147 87 72 82 11 135 97 89 30 100 74 55 76 79 136 55 119 113 98 112 135 83 36 59 81 99 40 122 73 97 39 84 105 92 85 101 88 86 91 87 70 67 125 79 87 79 110 81 153 73 92 103 57 117 139 114 77 85 98 67 111 85 77 146 65 81 23 112 88 84 65 119 65 77 93 73 48 113 101 100 83 120 66 109 141 82 91 65 65 100 46 69 71 65 60 94 102 90 68 143 139 65 65 35 11 130 80 83 88 93 68 90 69 76 123 62 118 107 108 91 90 120 30 58 95 97 37 92 100 79 41 71 88 92 86 92 110 134 162 57 67 90 119 150 29 45 75 108 142 0 35 70 104 139 29 45 75 108 142
45 93 46 73 58 70 59 59 97 69 71 76 80 57 115 55 90 70 50 66 110 40 47 85 70 65 99 55 62 118 56 54 36 94 47 80 42 94 69 44 48 68 31 102 99 93 76 72 55 95 113 86 42 67 38 79 41 79 81 53 33 76 96 57 80 111 112 69 54 71 34 107 70 73 30 73 46 36 44 72 112 42 90 84 92 90 100 52 48 41 51 91 28 88 61 72 24 69 78 72 64 83 71 65 73 56 56 54 91 55 63 53 82 56 119 47 68 71 50 85 108 81 42 82 72 59 98 62 67 113 52 62 13 90 54 74 49 92 51 49 58 61 30 94 93 89 70 88 58 95 116 65 59 51 63 76 44 41 79 34 34 75 91 60 33 109 105 50 50 19 26 100 48 66 55 65 46 56 37 74 102 49 88 77 87 58 57 86 45 39 63 86 26 59 69 50 27 63 61 71 92 85 92 109 134 67 57 66 89 118 45 29 45 75 108 35 0 35 70 104 45 29 45 75 108
46 86 55 73 58 53 63 63 63 73 74 67 61 53 81 28 79 44 67 32 84 45 39 96 62 76 99 60 67 86 61 53 70 81 12 84 65 73 75 24 20 73 50 93 104 92 75 68 59 96 96 72 38 80 44 66 63 63 103 35 6 66 99 40 45 76 78 65 55 76 68 84 52 72 58 56 36 44 23 82 96 54 67 61 99 78 66 31 75 49 34 95 48 56 68 59 46 70 59 67 58 78 69 59 69 33 60 61 57 47 52 44 62 44 84 39 56 43 65 56 80 51 8 93 56 69 95 55 74 81 61 60 47 78 20 79 55 72 58 37 24 67 44 85 97 90 73 58 70 92 97 64 35 58 78 64 65 33 100 23 33 71 93 37 8 75 72 57 57 44 61 76 24 65 30 46 44 22 20 87 89 59 63 53 77 29 29 54 75 44 37 89 49 28 44 33 46 73 45 64 110 92 84 91 109 90 66 56 66 89 75 45 28 45 75 70 35 0 35 70 75 45 28 45 75
67 93 80 88 76 56 83 83 29 92 91 74 58 69 46 31 83 38 95 15 67 69 57 117 73 98 110 82 88 58 83 71 104 83 23 100 95 65 94 42 30 91 80 97 120 104 90 80 80 108 90 74 60 104 69 69 93 65 131 46 38 73 113 49 13 42 44 79 75 94 102 72 54 86 90 57 54 71 39 103 92 80 56 53 116 80 31 41 107 74 45 111 79 27 89 64 77 86 58 78 71 87 83 72 82 39 81 84 24 61 62 59 57 57 50 57 63 32 92 37 60 31 29 114 59 92 105 67 94 52 84 76 82 80 18 97 78 65 80 52 12 87 73 89 113 103 91 38 93 102 89 80 37 81 103 68 94 54 126 48 59 82 107 41 38 41 40 80 79 77 95 61 36 81 33 50 65 18 43 110 89 83 51 46 82 26 30 29 108 70 34 103 81 22 38 46 77 95 52 74 134 109 91 84 90 119 89 66 56 66 108 75 45 28 45 104 70 35 0 35 108 75 45 28 45
97 111 110 112 103 77 110 110 12 118 117 95 73 96 12 60 100 57 126 43 66 100 85 143 95 126 130 110 115 41 111 98 139 97 58 124 127 75 121 73 62 117 113 112 142 125 113 102 108 129 96 90 90 132 101 87 125 82 161 73 73 93 135 74 27 10 16 103 103 120 137 75 75 109 124 77 83 103 70 130 99 111 66 65 140 96 5 69 140 105 73 133 113 29 117 85 111 111 75 101 96 107 107 96 105 65 110 113 19 88 86 86 72 84 16 86 86 51 122 46 56 42 63 140 79 121 124 92 121 36 113 101 116 96 52 123 107 76 109 81 47 115 106 106 135 125 116 45 122 122 94 105 62 110 132 88 126 85 156 81 91 104 129 66 72 15 21 109 109 111 130 65 67 106 61 73 94 51 76 138 101 113 60 62 99 55 58 34 141 101 59 126 115 51 59 75 111 123 77 96 162 134 109 90 83 150 118 89 66 55 142 108 75 45 28 139 104 70 35 0 142 108 75 45 28
87 134 83 112 99 115 98 97 137 106 109 119 125 99 153 99 133 95 80 100 155 81 91 115 113 99 137 93 99 160 94 96 23 137 86 116 70 139 106 88 91 105 67 144 133 131 115 113 94 132 157 129 86 98 79 123 69 123 98 98 75 119 131 102 119 149 152 110 94 107 40 152 114 113 56 118 91 76 89 106 156 79 135 129 125 133 138 97 9 81 96 126 63 130 98 116 31 108 123 114 106 124 111 108 114 101 94 91 131 99 107 97 127 100 155 91 112 99 83 129 153 125 83 113 116 93 136 105 103 155 90 103 34 133 94 110 88 137 89 94 98 98 69 135 128 126 108 132 92 134 160 105 104 89 93 120 73 86 100 79 77 116 128 104 76 149 146 89 89 55 35 145 92 107 100 110 89 97 81 104 145 86 133 121 130 101 101 129 2 80 107 123 60 101 113 95 32 97 106 114 114 119 133 153 178 86 92 110 134 162 57 67 90 119 150 29 45 75 108 142 0 35 70 104 139
72 120 74 101 85 93 87 86 104 97 99 102 102 83 119 72 116 61 77 66 128 67 72 113 96 93 127 83 90 130 84 81 41 119 54 108 69 115 98 64 64 96 59 128 127 121 103 99 83 123 137 110 68 95 65 104 68 102 106 75 46 101 124 79 87 116 119 96 81 99 51 128 92 100 56 96 70 63 63 101 136 70 110 104 120 115 105 72 33 69 73 119 56 99 90 96 7 97 100 99 90 110 98 92 100 75 83 82 99 80 88 78 104 80 121 72 92 64 79 100 125 95 53 110 95 87 125 88 95 124 81 89 28 115 63 102 77 114 79 73 66 89 58 120 121 117 98 103 86 122 139 92 78 79 91 101 72 66 106 56 59 102 119 79 48 116 114 78 78 47 42 119 66 94 73 87 72 66 57 102 127 77 107 96 113 73 73 98 34 66 81 114 54 72 87 72 5 91 84 97 119 113 118 132 153 92 85 92 109 134 67 57 66 89 118 45 29 45 75 108 35 0 35 70 104
72 114 80 100 85 81 89 89 73 100 101 95 87 80 86 54 107 27 89 33 107 70 66 121 90 101 127 86 93 102 87 80 73 109 29 110 85 99 102 52 46 99 70 121 131 120 103 95 85 123 123 100 65 104 69 93 83 91 124 63 33 94 126 68 57 84 87 93 82 102 77 109 79 99 74 83 64 68 51 107 123 78 92 86 125 106 73 59 67 74 61 122 68 71 94 87 39 97 86 95 86 106 97 87 97 60 87 87 68 74 80 72 88 72 87 67 84 30 89 77 101 71 33 118 83 94 123 83 100 96 86 87 53 105 39 106 81 98 83 65 38 93 66 112 124 117 100 79 94 120 124 91 61 83 101 91 85 61 121 50 59 98 121 64 35 85 84 83 82 61 69 99 51 93 56 74 71 43 47 111 117 84 87 78 105 53 54 72 69 70 62 116 68 50 69 61 39 98 73 92 133 118 112 117 131 110 92 84 91 109 90 66 56 66 89 75 45 28 45 75 70 35 0 35 70
87 119 98 111 98 83 104 104 47 114 114 100 85 92 55 56 110 13 111 16 94 88 78 138 97 118 136 102 109 80 103 92 106 110 35 123 109 93 116 62 51 113 94 124 144 129 113 104 100 133 117 101 80 123 87 96 107 91 147 69 50 99 137 73 37 54 59 103 96 116 109 99 80 110 101 84 75 88 59 124 119 98 84 80 139 107 44 64 101 92 68 134 93 52 110 90 74 109 85 103 95 112 107 96 106 63 102 104 45 84 87 82 85 81 55 78 89 7 109 65 86 58 43 135 85 112 131 91 115 74 103 99 85 107 38 120 98 93 100 74 32 108 88 116 136 127 113 66 113 128 117 103 62 101 121 95 109 74 144 65 76 107 132 66 51 57 59 100 99 88 101 89 58 104 58 76 85 41 61 130 116 102 79 73 108 51 54 55 104 88 61 127 94 47 65 69 73 115 77 99 153 132 117 111 116 134 109 91 84 90 119 89 66 56 66 108 75 45 28 45 104 70 35 0 35
112 133 124 131 120 97 127 127 38 136 135 116 96 113 33 75 123 45 139 43 93 114 101 161 115 142 152 126 132 68 127 115 140 121 64 143 138 100 138 86 74 135 123 135 163 146 132 122 124 150 122 113 104 148 113 109 136 104 175 89 79 114 155 92 44 36 42 122 119 138 142 101 95 129 132 98 98 115 83 147 125 124 90 89 159 119 31 85 136 118 89 153 122 53 133 105 109 130 97 121 114 129 126 115 124 82 126 128 42 105 105 103 95 101 27 101 106 41 136 70 83 65 70 158 100 136 146 110 138 64 128 119 119 119 62 141 122 101 125 96 55 132 117 129 155 146 134 69 138 143 120 123 80 125 147 109 137 98 170 92 103 124 150 84 80 42 48 124 124 119 134 91 80 124 77 92 109 62 87 154 126 127 85 84 122 70 73 58 138 114 77 146 124 66 79 90 108 139 95 116 178 153 131 116 110 162 134 109 90 83 150 118 89 66 55 142 108 75 45 28 139 104 70 35 0
