0 85 58 16 73 38 42 62 13 44 105 23 37 40 11 27 39 73 80 8 94 96 96 46 25 31 41 42 15 44 80 4 35 15 30 38 65 20 41 49 13 17 59 58 16 16 32 18 73 20 60 31 35 18 30 24 23 58 7 31 47 13 15 35 69 18 46 50 89 46 17 25 16 46 34 36 33 35 45 53 72 26 39 21 58 10 13 48 33 15 77 25 34 30 29 16 47 37 61 12 30 78 56 45 72 21 26 42 41 42 75 23 32 35 1 20 44 57 76 16 63 61 79 42 24 37 41 46 3 43 81 15 28 40 35 48 64 35 46 39 28 32 57 44 12 35 33 13 62 18 32 42 33 12 36 26 17 66 34 31 44 33 25 34 40 21 54 19 56 46 22 45 20 37 19 30 34 22 45 16 75 31 61 25 56 6 46 22 23 29 72 67 25 29 50 14 32 13 53 41 79 65 53 45 43 47 57 70 84 99 72 57 42 32 29 35 48 62 78 95 68 51 35 20 15 25 41 57 74 91 66 49 32 14 4 21 38 56 73 90 68 51 35 20 15 26 41 58 74 91 72 57 43 32 29 35 48 62 78 95 79 65 53 45 43 47 57 70 84 100 87 75 65 59 57 60 68 79 92 106 97 86 78 72 71 74 80 90 101 114 108 98 91 86 85 87 93 101 111 123
85 0 67 70 146 51 45 77 91 65 32 91 92 105 76 111 88 116 129 78 124 108 145 54 81 57 49 49 84 88 123 87 107 75 61 89 139 70 94 114 87 84 129 67 76 82 87 90 20 104 111 97 86 101 57 82 86 141 84 98 59 92 98 67 61 101 41 88 53 45 98 82 76 41 53 72 68 77 68 44 67 84 84 85 110 76 76 65 111 75 114 110 91 58 89 95 99 59 83 95 74 20 60 79 131 66 61 78 82 78 24 87 84 102 85 105 92 100 120 72 101 62 119 57 78 93 91 48 86 73 128 87 98 57 60 86 138 120 43 96 92 74 119 61 90 54 74 89 50 102 102 52 89 97 50 87 87 148 54 85 58 75 110 63 97 103 32 81 46 50 105 60 90 49 83 56 64 89 73 84 67 84 47 85 81 82 81 87 102 85 104 125 75 57 73 91 83 88 85 49 130 126 124 124 127 132 138 147 157 168 117 112 110 110 113 119 126 136 147 159 104 98 96 96 100 106 114 125 137 150 91 84 81 82 86 93 103 115 128 141 78 71 67 68 73 82 93 105 119 134 66 58 53 54 61 71 83 97 112 128 56 45 39 41 49 61 75 91 106 123 47 33 25 28 39 53 69 86 102 119 41 25 12 17 32 49 66 83 100 117 40 23 7 14 31 48 65 82 100 117
58 67 0 51 88 57 49 99 53 15 97 46 37 50 49 80 89 50 64 54 59 47 79 20 37 36 32 30 46 93 57 57 55 44 32 34 83 40 36 105 69 70 72 1 62 44 35 74 69 69 47 46 33 74 41 38 41 95 52 48 15 54 62 24 14 75 52 25 103 30 60 37 43 52 39 23 26 80 14 69 14 37 27 42 47 53 46 11 63 44 127 79 86 55 39 56 39 26 102 69 29 48 8 19 67 41 52 85 25 21 74 42 33 49 58 74 94 35 54 57 36 6 53 21 36 38 91 27 60 82 62 49 50 24 26 24 81 85 35 93 82 27 58 16 69 35 26 69 17 67 52 27 36 66 46 40 47 100 56 35 19 26 75 26 41 78 47 41 74 24 66 16 48 50 42 45 26 76 15 69 18 34 20 39 15 52 20 43 59 36 120 61 34 49 11 53 32 50 97 32 134 121 110 101 95 91 90 93 98 107 124 111 99 89 81 77 76 79 86 95 116 102 89 77 68 63 62 66 74 85 109 94 80 67 56 49 49 54 63 76 104 88 72 57 45 36 35 42 54 68 100 83 66 50 35 23 21 31 46 62 98 81 64 46 29 13 9 25 42 59 98 81 64 47 30 14 11 25 42 59 100 84 67 51 36 25 23 33 47 63 104 88 73 58 46 38 37 43 55 69
16 70 51 0 85 24 26 55 24 36 90 30 41 48 9 42 39 76 86 8 96 93 103 35 26 18 28 29 20 43 84 18 46 12 20 40 77 12 45 56 20 20 70 51 12 20 35 25 58 35 65 39 37 32 15 25 27 73 16 39 38 25 30 28 60 32 31 50 76 33 30 26 14 31 19 31 26 31 38 39 64 28 39 25 63 7 10 41 46 12 78 41 36 16 33 28 51 26 56 26 26 63 47 43 80 10 11 37 40 39 60 28 34 43 16 35 44 59 80 7 65 52 82 32 23 41 41 33 16 36 86 23 37 29 25 48 77 51 32 42 32 28 65 35 22 21 29 22 51 33 41 30 36 27 20 30 24 81 19 33 34 30 40 25 45 35 38 21 43 34 37 36 28 21 23 15 26 27 40 19 67 32 49 29 53 14 44 27 36 31 71 75 22 14 45 25 32 22 49 27 83 72 63 58 57 63 71 83 97 111 74 61 50 44 44 50 61 74 89 105 67 52 39 30 30 39 52 68 84 100 62 46 30 17 17 30 46 63 80 97 61 43 26 9 10 27 44 61 79 96 62 46 30 17 17 30 46 63 80 97 67 52 38 30 30 39 52 67 83 100 74 61 50 43 43 50 61 74 89 105 83 71 62 57 57 62 71 83 96 111 93 83 75 71 71 75 83 93 105 118
73 146 88 85 0 108 108 133 61 83 171 56 54 42 76 62 106 52 44 79 71 89 49 93 65 91 98 97 66 112 51 69 40 75 85 57 8 79 53 100 81 86 17 88 88 67 59 85 139 58 44 50 60 70 93 65 61 34 70 48 89 61 59 79 101 71 112 64 160 101 57 65 73 112 96 74 78 106 80 123 98 63 64 63 43 80 76 84 40 75 139 62 100 100 58 58 50 87 131 72 73 131 92 70 29 83 95 112 66 70 142 60 62 44 72 64 110 56 51 88 59 93 55 89 69 54 107 99 74 114 46 63 49 90 86 64 9 55 104 102 93 73 30 87 78 93 73 79 103 59 45 95 57 66 101 59 62 29 104 61 89 71 58 83 49 72 116 67 127 96 53 87 58 104 65 96 82 89 76 86 101 62 104 61 74 72 69 60 50 61 137 32 72 97 78 61 64 63 122 97 130 113 96 79 61 44 27 12 12 28 130 113 96 78 61 44 27 11 11 27 132 115 98 81 64 48 33 22 22 33 135 118 101 85 70 55 43 35 35 43 139 123 107 92 78 65 55 49 49 55 144 129 114 100 87 76 67 62 62 67 151 136 122 109 97 87 80 76 76 80 159 145 131 119 109 100 93 90 90 93 167 154 141 130 120 112 107 104 103 106 176 164 152 142 133 125 120 117 117 119
38 51 57 24 108 0 10 42 47 44 67 52 60 69 32 62 41 94 105 31 110 103 121 37 45 23 25 27 43 42 102 41 68 33 29 58 100 30 64 65 37 34 92 57 26 42 54 39 36 57 84 60 55 52 18 45 48 96 39 61 43 48 52 40 62 51 11 65 54 29 53 46 35 11 18 45 39 30 48 16 67 48 55 46 82 29 33 48 69 34 74 61 42 9 53 51 70 33 46 46 42 49 51 56 101 26 13 32 55 53 37 49 52 65 38 56 45 76 98 23 81 56 99 37 42 60 43 32 38 28 105 46 59 34 33 63 99 72 25 48 42 43 86 42 41 23 44 40 49 56 63 30 56 49 12 51 47 104 5 52 39 45 62 35 65 54 22 42 21 34 59 42 50 8 44 14 36 39 51 34 69 51 47 49 64 37 58 49 59 51 66 95 40 12 55 48 50 45 43 26 86 78 74 74 77 85 94 106 119 133 74 65 60 60 64 73 84 97 111 126 63 53 46 46 52 62 75 90 105 121 54 41 33 32 40 53 68 83 100 116 47 32 19 19 31 46 63 79 96 114 44 27 10 9 26 43 60 78 95 112 46 30 15 15 28 45 62 79 96 113 51 38 28 27 37 50 66 82 98 115 60 49 42 41 48 59 72 87 103 119 70 61 55 55 60 69 81 94 109 124
42 45 49 26 108 10 0 51 49 38 65 52 58 68 34 67 50 89 101 34 104 96 118 29 43 19 18 20 43 52 97 44 68 34 25 55 100 29 61 74 43 41 92 49 32 41 52 46 32 61 80 59 52 57 15 44 47 98 41 60 35 50 55 35 53 57 5 60 57 21 56 44 35 5 13 40 34 39 42 20 59 46 51 45 79 32 33 42 70 34 84 66 50 15 51 53 66 27 55 51 38 41 43 51 98 25 17 42 51 49 35 48 49 64 42 61 54 72 93 28 76 48 94 30 40 58 52 23 42 38 101 46 59 27 27 58 99 76 16 57 50 39 84 35 46 17 40 45 41 59 63 23 53 53 7 49 47 106 12 49 32 41 66 30 63 59 14 41 25 26 62 35 50 5 43 13 30 46 46 40 61 48 38 47 58 39 52 48 60 48 75 92 37 13 49 49 47 46 52 18 95 87 82 81 83 88 97 107 119 133 83 74 68 66 69 76 85 97 110 125 73 62 55 52 56 64 75 88 103 118 63 50 41 38 43 53 66 81 97 113 56 41 29 24 31 44 59 76 92 109 51 34 18 10 22 38 55 72 90 107 50 33 16 5 20 37 55 72 89 107 54 38 25 19 27 42 58 74 91 108 60 47 37 33 38 50 64 79 95 111 69 58 50 47 51 60 72 86 100 116
62 77 99 55 133 42 51 0 74 86 76 83 95 100 62 74 29 131 140 57 150 144 156 79 80 64 67 69 73 25 139 65 96 66 69 94 125 66 99 52 52 47 119 99 47 74 89 49 57 76 119 91 91 64 58 79 81 111 67 91 84 74 74 79 103 63 50 103 43 71 77 80 68 50 60 84 78 27 89 35 109 82 93 79 117 58 64 90 94 66 38 74 36 44 87 77 105 74 7 61 80 84 93 96 133 63 49 21 93 92 54 81 88 96 62 71 28 114 135 49 119 98 136 78 77 95 30 74 60 19 140 75 89 75 74 101 125 83 67 37 42 81 117 83 55 64 82 54 91 75 93 72 90 67 54 84 77 120 43 87 81 83 77 75 99 63 60 75 32 76 80 83 80 49 76 55 76 45 92 47 111 86 89 83 105 64 97 81 84 86 28 128 76 50 96 75 86 73 15 67 56 57 63 72 84 98 112 128 144 160 42 43 50 62 76 91 106 122 139 155 28 30 40 54 69 85 102 119 135 152 15 17 32 48 65 82 99 116 133 151 7 12 29 46 64 81 98 116 133 150 18 20 33 49 66 82 99 117 134 151 31 33 42 55 70 86 103 119 136 153 45 46 53 64 77 92 108 124 140 156 60 60 66 75 86 100 114 129 145 161 74 74 79 86 96 109 122 136 151 166
13 91 53 24 61 47 49 74 0 40 113 12 27 27 16 27 51 61 68 18 83 86 84 45 17 35 44 44 8 56 68 10 23 16 31 27 54 22 30 58 25 29 47 54 28 11 22 30 81 17 48 19 25 23 35 16 14 51 9 19 45 2 10 32 66 24 53 41 100 49 8 17 15 53 38 31 30 48 40 63 67 17 30 12 46 19 16 44 22 16 89 26 46 39 19 5 35 36 74 19 25 81 53 38 60 25 35 54 33 35 83 13 23 23 13 21 56 47 65 27 53 57 67 41 18 26 53 48 15 55 69 5 16 40 35 39 53 33 49 50 39 27 44 42 23 38 28 24 60 15 19 43 23 14 42 16 7 58 43 21 42 28 23 33 29 27 59 13 67 47 15 42 8 44 12 37 33 34 39 28 70 22 60 16 49 11 38 12 12 20 84 55 21 37 44 1 23 4 65 44 89 74 60 49 42 42 48 59 73 88 83 67 52 38 29 28 37 51 66 82 80 63 46 30 16 16 29 45 62 79 79 61 44 27 10 9 26 43 61 78 80 63 47 31 18 18 30 46 63 80 84 68 53 40 31 31 39 52 67 83 90 75 62 51 45 45 51 61 74 89 98 84 73 64 59 58 63 72 83 97 107 95 84 77 72 72 76 83 93 105 117 106 97 90 86 86 89 96 104 115
44 65 15 36 83 44 38 86 40 0 93 34 29 42 34 67 74 53 66 40 67 59 82 12 24 22 21 20 32 78 61 43 46 30 17 26 77 25 30 91 54 55 67 15 47 30 26 59 63 56 47 36 24 60 28 25 29 85 38 38 7 41 49 9 26 61 41 24 94 21 47 25 28 42 27 10 12 66 4 58 29 25 20 29 46 38 32 5 53 29 113 65 71 42 28 43 35 12 88 55 15 49 13 15 66 26 38 71 18 14 67 30 23 41 43 60 80 36 57 42 39 18 58 9 22 30 77 18 45 69 65 35 39 12 12 22 75 73 26 78 67 14 55 5 55 22 13 55 22 54 42 16 27 53 33 28 34 91 43 24 7 14 62 11 34 64 39 28 63 16 54 5 35 38 29 32 11 62 9 54 32 23 22 27 21 38 17 31 47 25 106 60 20 36 11 40 21 37 83 21 119 107 96 87 82 79 81 86 94 104 110 96 85 75 68 65 67 73 83 94 102 87 74 63 55 52 54 62 72 86 96 80 65 52 42 38 41 51 63 78 91 74 58 43 30 24 29 41 57 73 88 71 54 37 21 10 19 36 52 69 88 71 53 36 19 5 18 35 52 69 90 73 56 41 27 19 25 39 55 71 94 78 63 49 38 33 37 47 61 76 100 85 71 59 51 47 50 58 69 83
105 32 97 90 171 67 65 76 113 93 0 115 119 131 98 129 96 145 159 97 154 139 175 82 107 81 75 76 107 95 153 107 131 98 86 116 164 93 122 123 103 100 155 97 92 106 114 104 33 124 139 122 113 118 79 107 111 162 105 123 88 114 119 94 92 118 60 117 38 73 120 107 99 60 76 100 95 87 97 55 98 109 111 109 138 96 98 95 134 98 112 128 101 75 114 117 127 86 83 112 100 51 90 108 159 89 79 85 110 106 31 112 111 127 105 123 98 129 149 90 131 93 149 85 103 119 98 75 105 80 157 110 123 84 86 115 163 139 69 105 104 100 146 89 107 79 100 106 81 122 127 78 115 116 71 112 111 170 71 112 86 102 129 89 124 120 56 105 53 78 126 89 114 69 107 77 90 103 101 99 98 110 78 111 111 103 109 112 125 111 103 153 100 77 103 113 109 110 88 75 132 132 133 137 144 151 161 171 183 195 118 117 120 124 131 139 150 161 173 186 103 103 106 111 119 128 139 151 164 178 89 89 92 98 107 117 129 142 156 171 75 75 78 86 95 107 120 134 149 164 61 61 65 74 85 98 112 127 142 158 47 47 52 63 76 90 105 121 137 154 33 33 41 53 68 84 100 117 133 150 20 19 31 46 63 80 97 114 131 148 10 9 26 43 61 78 95 113 130 147
23 91 46 30 56 52 52 83 12 34 115 0 15 18 22 36 62 50 58 26 72 76 74 41 11 35 43 43 11 67 58 20 17 19 30 16 49 23 19 69 35 39 41 46 37 11 12 41 83 25 38 9 15 33 37 10 6 52 17 9 40 12 19 27 58 35 56 30 105 47 16 10 17 56 40 24 25 57 33 68 59 9 20 7 35 26 20 37 20 19 100 35 56 45 8 12 24 33 83 30 20 79 46 29 51 27 40 64 23 26 86 5 13 14 23 31 67 36 54 35 42 50 56 37 14 15 63 45 25 64 58 9 8 36 32 29 48 40 49 61 50 21 35 36 34 38 21 35 55 24 12 41 12 25 45 6 7 58 48 11 37 21 31 30 18 37 60 11 72 44 21 37 4 48 9 40 29 45 31 39 62 12 55 7 39 20 29 4 14 10 95 45 17 41 35 11 14 11 75 43 100 85 71 59 50 46 49 57 68 82 94 78 63 49 37 32 36 46 60 75 90 74 57 41 26 18 24 38 54 70 89 71 54 37 20 5 17 34 51 68 89 72 55 38 22 11 19 35 52 69 92 75 59 44 31 25 29 41 56 72 97 81 66 53 43 39 42 51 63 78 103 89 75 64 56 53 55 62 73 86 111 98 86 76 69 67 68 74 83 95 120 108 97 89 83 80 82 87 94 105
37 92 37 41 54 60 58 95 27 29 119 15 0 14 34 50 76 36 45 39 58 61 62 39 16 39 45 44 23 81 44 35 19 30 34 4 48 31 4 84 50 53 38 37 50 22 7 55 87 39 24 10 7 48 43 16 15 59 31 13 36 27 34 26 50 50 62 16 114 47 30 15 27 62 45 20 25 70 27 76 49 14 10 17 22 38 32 31 28 29 114 49 71 54 9 27 10 34 96 45 20 78 40 18 41 35 49 77 13 17 91 15 9 13 37 45 81 21 40 47 27 42 42 36 19 2 78 45 39 76 46 23 15 36 33 15 46 53 51 76 65 20 27 33 48 42 19 49 50 38 16 41 5 40 51 12 21 63 57 9 35 18 45 30 6 52 64 21 81 43 34 33 19 55 20 47 29 59 23 53 52 10 51 13 26 33 18 16 26 10 109 35 21 49 26 26 11 25 88 45 115 100 86 73 63 56 54 57 65 77 109 93 78 63 51 42 40 45 55 68 105 88 72 56 41 30 26 33 46 61 102 85 68 51 34 19 12 24 40 57 101 84 67 49 32 15 4 21 38 55 103 86 69 52 36 22 17 26 41 58 106 89 73 58 44 34 31 37 49 63 111 95 80 66 55 47 45 49 58 71 117 102 89 77 67 60 58 62 69 80 125 111 99 88 79 74 72 75 81 90
40 105 50 48 42 69 68 100 27 42 131 18 14 0 39 45 78 37 42 43 60 68 57 52 25 50 57 56 28 83 43 36 8 36 45 17 35 40 14 81 51 56 25 50 54 28 18 56 99 34 23 10 19 46 53 25 21 47 34 9 49 27 31 38 63 47 72 27 123 60 27 24 34 72 55 33 37 74 40 85 62 22 24 23 20 43 38 44 17 36 115 43 72 62 17 25 15 46 100 44 32 90 53 31 33 44 57 81 26 30 102 20 21 5 39 41 83 26 40 52 32 55 42 48 28 13 79 58 41 81 43 26 12 49 45 27 33 45 63 77 65 32 18 46 49 53 32 50 63 34 9 54 16 38 61 19 24 50 65 20 48 30 39 42 10 49 75 28 89 55 29 47 21 64 26 56 41 60 36 55 65 21 64 21 38 37 30 21 20 20 111 28 31 58 39 26 23 27 92 56 113 97 82 67 55 45 41 44 53 65 109 92 76 60 45 33 27 32 43 58 106 89 72 55 38 23 13 21 36 53 105 88 71 53 36 19 2 17 34 51 106 89 72 56 39 24 16 23 37 54 109 93 77 61 46 35 29 34 45 59 114 98 83 69 56 47 43 46 55 67 120 105 91 78 68 60 57 59 66 76 127 113 100 89 80 74 71 73 78 87 136 123 111 101 92 87 85 86 91 99
11 76 49 9 76 32 34 62 16 34 98 22 34 39 0 37 43 69 78 6 90 89 95 36 19 21 31 32 12 48 77 12 37 5 20 33 69 10 37 57 20 22 61 49 16 12 28 26 65 28 58 30 30 28 20 18 19 66 8 31 38 17 22 26 59 28 38 44 85 36 23 19 8 38 24 28 23 37 36 47 62 21 33 17 55 5 3 39 37 6 82 35 39 24 25 20 44 27 63 22 22 68 46 38 72 11 19 43 34 35 68 20 27 35 10 30 49 53 73 13 59 51 75 32 17 33 46 36 12 43 79 14 28 30 25 42 68 45 36 45 34 24 57 34 21 25 25 21 52 26 33 32 29 22 27 23 16 73 28 26 34 25 34 25 38 31 45 13 52 36 29 35 19 29 15 21 24 29 36 21 66 25 51 21 49 6 39 19 28 24 76 66 17 21 41 16 26 14 55 31 86 73 62 55 52 56 64 75 88 102 78 64 51 42 38 43 53 66 81 96 72 56 41 29 24 31 44 59 75 92 69 52 35 19 10 22 38 55 72 89 68 51 34 17 5 20 37 54 71 89 71 54 38 25 19 27 41 57 74 90 75 60 47 36 33 38 49 63 78 94 83 69 57 49 47 50 59 71 85 100 91 79 69 63 61 64 71 81 93 107 101 91 82 77 75 77 83 92 103 115
27 111 80 42 62 62 67 74 27 67 129 36 50 45 37 0 46 81 84 34 104 111 98 71 44 57 67 68 35 51 86 26 37 40 56 52 55 46 53 39 26 31 53 80 37 37 48 27 98 12 67 41 51 11 56 43 40 38 30 39 71 26 18 58 92 12 71 66 108 72 21 43 40 71 60 57 56 49 67 75 94 44 56 39 64 36 38 71 29 40 77 2 39 54 44 25 57 62 71 17 52 104 79 64 72 47 51 54 59 61 99 39 49 41 27 7 49 69 83 40 75 83 87 67 45 49 46 72 26 57 86 32 36 65 60 64 55 10 72 41 32 54 58 68 22 61 54 24 86 13 37 68 48 15 62 42 34 46 58 47 68 54 6 59 50 11 80 39 78 71 16 69 33 62 39 56 58 30 65 31 97 48 86 42 75 31 64 38 25 46 75 69 47 54 70 28 49 30 62 67 71 54 38 23 16 25 39 55 72 89 69 52 34 17 2 19 36 53 71 88 70 53 36 21 13 22 38 55 72 89 74 58 43 32 27 32 44 59 75 92 80 66 53 44 41 45 54 67 81 96 88 75 65 57 55 58 65 76 89 103 98 86 77 71 69 71 77 86 98 111 108 98 90 85 83 85 90 98 108 120 119 110 103 98 97 98 103 110 119 130 131 123 116 112 111 112 116 122 130 140
39 88 89 39 106 41 50 29 51 74 96 62 76 78 43 46 0 111 119 38 132 131 135 71 62 54 61 63 53 6 119 42 73 48 57 75 99 50 79 27 27 23 94 89 28 54 70 22 70 49 99 70 72 37 49 61 61 83 45 69 75 51 49 67 97 36 51 87 68 66 52 62 50 51 52 70 64 12 77 45 101 63 76 59 96 39 46 79 68 49 39 46 7 37 67 53 85 64 26 35 64 89 84 81 110 49 39 12 77 77 69 61 70 73 39 43 6 95 115 32 101 90 117 69 59 75 3 68 37 17 120 53 66 66 63 85 99 55 63 9 14 66 94 73 30 56 67 28 86 48 70 65 71 41 49 64 56 92 39 68 71 68 49 64 79 35 63 56 45 69 54 73 58 46 57 46 64 18 78 24 104 68 84 63 91 43 82 60 60 67 34 105 59 42 83 52 69 52 16 61 46 38 37 44 55 69 85 101 117 133 36 25 24 33 47 63 80 96 113 130 29 14 11 26 43 60 77 94 111 129 29 13 10 25 42 60 77 94 111 129 35 23 22 32 47 63 79 96 113 130 45 37 36 43 54 68 84 100 116 133 57 50 50 55 64 77 91 105 121 137 69 64 64 68 75 86 99 113 127 143 83 78 78 81 88 97 108 121 135 149 96 92 92 95 100 108 119 130 143 157
73 116 50 76 52 94 89 131 61 53 145 50 36 37 69 81 111 0 15 75 24 38 30 64 51 71 74 72 59 116 9 70 44 65 65 37 50 66 32 117 85 89 41 50 85 58 42 91 115 70 14 43 40 82 76 52 51 74 66 44 58 62 67 55 59 83 93 30 146 74 63 51 63 93 77 49 55 106 49 109 54 49 39 53 17 74 67 51 52 65 150 79 106 88 45 60 27 63 132 80 52 98 56 39 24 69 83 112 39 41 120 51 43 41 72 77 117 18 5 82 15 55 6 62 54 37 113 71 75 112 13 59 47 64 63 32 48 80 78 111 100 51 27 57 83 72 50 85 67 70 45 69 41 74 83 48 56 74 91 44 60 49 75 60 33 85 92 57 114 68 65 57 54 87 55 80 59 94 45 88 57 45 69 49 35 69 37 52 56 46 145 20 56 83 43 60 45 60 124 73 149 133 118 103 89 77 67 61 59 62 144 128 112 96 81 67 56 47 45 49 140 123 107 90 74 59 45 35 31 37 138 121 103 86 70 53 37 23 18 26 137 119 102 85 67 50 33 16 4 20 137 120 103 85 68 51 35 19 11 23 139 122 105 88 72 56 41 29 25 32 142 125 109 93 78 63 51 42 39 43 147 130 115 100 85 73 62 55 52 56 152 137 122 108 95 83 74 68 66 69
80 129 64 86 44 105 101 140 68 66 159 58 45 42 78 84 119 15 0 83 28 48 17 77 61 83 86 85 67 124 9 77 48 75 77 47 44 76 42 122 92 97 37 64 94 67 52 97 128 75 21 50 50 87 87 61 60 71 74 50 72 69 72 67 73 88 105 43 157 87 68 60 72 105 88 61 67 115 62 120 68 59 50 62 24 83 76 65 55 74 156 83 113 99 54 66 36 75 141 86 63 111 70 52 15 80 94 121 51 53 133 59 53 46 80 82 124 31 11 91 28 69 14 75 64 46 120 84 82 121 3 66 53 76 75 44 42 82 91 118 107 62 27 70 90 84 62 91 81 74 50 81 50 80 95 56 64 69 102 54 73 60 78 72 41 90 104 66 125 81 69 70 61 99 64 91 71 101 58 96 71 55 83 58 49 77 50 60 61 55 152 16 66 94 56 67 55 68 132 86 154 137 121 106 91 76 64 54 49 49 150 133 117 100 84 69 54 42 35 36 147 130 113 96 79 63 47 32 22 23 146 129 112 94 77 60 43 26 10 13 146 129 112 94 77 60 43 26 11 13 147 130 113 96 80 63 47 33 23 24 150 133 117 100 84 69 55 43 36 37 154 138 122 106 91 77 65 55 50 50 159 143 128 113 99 87 76 67 63 63 165 150 135 122 109 97 87 80 77 77
8 78 54 8 79 31 34 57 18 40 97 26 39 43 6 34 38 75 83 0 95 94 100 40 24 25 34 35 16 42 82 11 40 11 25 38 71 15 43 52 15 16 64 55 11 17 33 20 65 27 63 35 35 25 23 24 24 65 10 35 43 18 22 31 65 25 38 50 82 40 23 25 13 38 27 33 29 32 41 46 68 26 38 22 60 3 9 44 39 12 77 33 34 23 30 22 49 31 58 18 28 71 51 44 76 15 18 38 40 40 67 25 32 39 8 27 43 58 79 9 64 56 80 37 22 38 40 40 9 38 84 18 32 34 30 48 71 43 39 40 29 30 61 40 16 28 30 16 56 25 36 36 34 19 28 28 20 73 27 31 39 31 32 30 42 28 46 19 49 40 29 40 23 29 20 23 30 23 42 15 71 31 55 26 55 7 45 24 30 30 71 71 23 21 47 19 31 17 50 34 80 67 57 51 50 55 64 76 90 105 72 58 45 37 36 43 54 68 84 100 67 50 35 24 22 32 47 62 79 96 64 46 29 13 10 25 42 59 77 94 64 46 29 13 10 25 42 59 77 94 67 51 36 24 23 32 47 63 79 96 73 58 46 37 36 43 55 69 84 100 81 68 57 51 50 55 65 77 91 106 90 79 70 65 64 68 76 86 99 113 101 91 83 79 78 81 88 97 108 121
94 124 59 96 71 110 104 150 83 67 154 72 58 60 90 104 132 24 28 95 0 24 32 77 71 87 88 86 80 137 21 92 68 85 82 58 71 84 54 140 107 110 63 59 106 79 63 112 127 94 38 65 61 104 93 72 72 97 88 67 71 84 90 71 64 106 108 47 160 87 86 71 83 108 93 66 72 126 63 124 57 70 58 74 40 94 87 64 76 85 171 103 128 106 66 83 49 78 151 102 70 104 66 55 43 87 101 132 57 58 132 72 63 64 94 101 138 38 23 102 32 62 19 75 74 58 134 84 96 131 25 80 70 78 78 49 69 104 92 133 122 69 50 70 105 88 68 106 74 93 68 83 62 97 99 69 78 96 108 65 73 67 98 76 56 108 104 77 129 81 88 70 76 104 76 97 75 116 60 109 59 65 77 70 47 90 53 73 80 66 166 42 74 100 56 83 64 82 144 88 172 156 141 127 113 101 90 81 76 74 166 150 134 119 105 91 79 69 63 61 161 145 129 113 97 82 69 57 49 47 158 141 124 108 91 75 60 47 37 33 155 138 121 104 87 70 54 38 25 20 154 137 120 102 85 68 51 33 17 6 154 137 120 103 85 68 51 34 18 9 156 139 122 105 88 71 55 40 27 23 158 142 125 109 92 77 62 49 39 36 162 146 130 114 99 84 71 60 52 50
96 108 47 93 89 103 96 144 86 59 139 76 61 68 89 111 131 38 48 94 24 0 55 67 71 81 79 77 81 136 40 94 76 84 76 60 88 81 58 143 108 110 78 47 104 80 65 113 114 99 49 70 62 109 87 72 74 111 89 72 61 87 94 66 48 110 99 46 149 76 90 71 82 99 85 62 68 124 56 115 41 70 57 75 51 93 86 55 85 83 170 109 127 101 68 87 54 71 147 105 68 88 54 51 61 84 96 129 55 55 119 74 64 71 95 106 137 42 39 100 36 49 35 67 73 62 133 74 98 127 45 82 75 70 71 48 85 112 81 133 122 66 63 62 107 81 65 108 60 98 75 74 64 100 92 71 80 112 102 66 65 64 105 70 61 113 93 77 120 71 95 62 79 96 77 90 69 117 54 109 41 66 63 71 41 90 50 75 86 67 164 58 72 95 49 86 64 84 141 79 174 160 146 133 122 112 104 98 96 96 166 151 137 124 111 100 91 85 82 83 160 144 129 115 101 89 79 72 68 69 154 138 122 107 93 79 68 59 55 56 150 133 117 101 85 70 57 47 41 42 147 130 113 96 80 63 48 35 27 30 145 127 110 93 76 59 42 26 14 18 144 127 109 92 75 58 40 23 6 13 145 128 110 93 76 59 43 27 16 20 147 130 113 97 80 64 49 37 29 31
96 145 79 103 49 121 118 156 84 82 175 74 62 57 95 98 135 30 17 100 32 55 0 93 77 99 103 101 84 140 22 93 63 91 93 64 52 93 59 136 108 112 48 79 110 83 68 113 145 89 38 66 67 101 104 78 76 80 91 66 88 84 87 84 88 103 122 59 174 103 84 77 89 122 105 78 84 131 78 137 82 75 67 78 40 99 93 81 69 91 172 97 129 116 70 82 52 92 157 101 80 127 86 68 26 96 110 137 67 70 149 76 70 62 96 96 140 47 26 108 44 84 27 91 81 62 136 100 98 137 18 82 69 93 91 61 50 95 107 133 122 79 41 86 106 101 78 107 96 89 66 98 67 95 112 73 80 77 118 71 89 77 92 89 58 105 121 82 142 97 84 87 77 116 81 108 88 117 74 112 84 71 98 74 64 93 66 76 76 72 168 30 83 110 72 83 72 84 149 102 168 152 135 119 103 88 73 60 50 44 165 148 131 114 98 81 66 51 38 31 163 146 129 111 94 77 61 44 29 18 162 145 128 110 93 76 58 41 24 7 163 145 128 111 94 77 59 43 26 13 164 147 130 113 96 80 64 48 35 26 167 150 133 117 101 85 70 57 46 39 171 154 138 122 107 92 79 67 58 53 176 160 144 129 114 101 89 78 70 67 181 166 151 137 123 110 99 90 84 80
46 54 20 35 93 37 29 79 45 12 82 41 39 52 36 71 71 64 77 40 77 67 93 0 31 17 12 10 37 74 72 46 55 32 16 36 87 26 41 90 54 55 77 21 46 35 35 59 52 61 58 45 34 63 22 32 36 93 41 47 7 46 54 15 26 63 32 35 84 11 53 32 31 32 20 19 17 61 15 49 31 33 30 35 57 38 33 14 61 32 108 69 69 36 37 49 46 9 83 57 22 39 14 26 77 25 33 66 28 25 57 37 32 50 45 64 77 47 68 41 50 20 68 4 28 40 74 8 47 63 76 41 47 6 11 33 85 78 15 76 66 21 65 8 56 16 21 56 17 59 51 7 37 56 26 36 39 99 36 33 5 22 67 12 44 66 28 33 54 5 59 7 42 30 35 26 13 61 20 53 34 32 16 35 31 40 28 38 54 33 101 71 25 30 22 45 30 42 78 12 117 106 97 90 86 86 89 95 104 115 107 95 84 77 72 72 76 83 93 105 98 84 73 64 58 58 63 72 83 97 90 75 62 51 45 44 51 61 75 89 84 68 53 40 31 31 39 52 67 83 80 63 47 31 18 18 30 46 63 80 79 61 44 27 9 9 26 44 61 78 80 63 46 30 16 16 29 45 62 79 83 67 52 38 29 28 38 51 66 83 89 74 60 49 42 42 48 60 73 88
25 81 37 26 65 45 43 80 17 24 107 11 16 25 19 44 62 51 61 24 71 71 77 31 0 26 33 33 11 66 59 23 26 14 21 15 58 16 19 73 37 40 49 37 35 9 10 42 74 33 40 16 11 39 29 2 5 63 18 17 30 18 26 17 49 40 48 26 99 37 24 1 12 48 31 14 15 56 24 61 50 3 15 6 38 23 16 28 30 14 100 42 57 39 8 20 26 23 81 34 9 69 37 22 56 20 34 62 17 18 78 7 8 21 24 38 67 35 55 31 40 40 57 27 4 16 64 35 27 61 61 13 17 26 22 24 57 49 39 63 52 11 41 26 36 28 11 37 45 31 21 31 11 31 37 6 10 69 42 7 27 11 39 20 20 43 51 6 66 33 30 27 12 40 6 32 19 46 22 39 54 7 45 5 32 19 22 7 24 6 95 50 7 34 27 17 8 14 74 33 103 89 76 66 58 56 59 66 77 90 96 81 66 54 45 42 46 55 68 82 90 74 59 44 33 28 34 45 60 76 87 70 53 37 22 14 23 39 55 72 86 69 51 34 17 2 19 36 53 71 87 70 53 37 22 15 24 39 55 72 91 74 59 44 33 29 34 46 60 76 96 81 67 55 46 43 46 56 68 82 103 89 77 66 59 57 59 67 77 90 112 99 88 78 73 71 73 79 88 99
31 57 36 18 91 23 19 64 35 22 81 35 39 50 21 57 54 71 83 25 87 81 99 17 26 0 10 11 27 58 79 32 51 19 6 37 83 13 42 74 38 38 74 36 29 25 33 43 49 49 62 41 34 49 6 26 30 85 28 43 22 35 42 17 43 49 23 42 75 15 42 26 20 23 6 22 16 45 25 38 48 28 33 28 60 23 20 26 54 19 92 56 52 20 34 38 48 11 67 42 20 47 31 33 80 10 17 50 33 31 53 31 31 47 31 51 60 53 75 24 58 36 76 16 22 39 57 16 33 47 82 31 42 12 10 40 82 66 15 59 50 21 66 20 40 4 21 40 33 47 46 12 35 43 13 32 31 91 21 31 18 23 55 12 44 52 26 25 43 16 49 20 34 17 26 10 13 44 28 37 50 30 32 30 42 27 35 31 45 30 85 74 19 14 33 35 29 31 62 10 100 89 80 75 73 76 82 91 102 115 90 78 68 61 59 62 70 80 93 107 81 67 56 48 45 49 58 71 85 100 74 59 45 35 31 37 48 63 78 94 69 53 37 23 17 26 41 57 74 91 67 50 33 16 4 20 38 55 72 89 68 51 35 19 12 23 39 56 73 90 72 56 42 30 26 33 45 60 76 93 78 64 52 43 40 44 54 67 82 98 86 74 63 56 54 57 65 76 90 104
41 49 32 28 98 25 18 67 44 21 75 43 45 57 31 67 61 74 86 34 88 79 103 12 33 10 0 2 36 64 82 42 58 29 13 42 91 22 47 82 47 47 81 32 38 34 39 52 43 59 66 49 39 58 13 34 38 94 38 50 18 45 52 20 37 58 21 44 73 6 51 34 29 21 10 26 21 51 25 37 42 35 37 37 65 32 30 25 62 29 98 66 60 25 41 48 53 12 71 52 26 38 26 35 85 20 23 55 36 33 47 39 37 54 41 60 67 56 78 33 60 31 78 13 30 45 64 7 42 52 85 40 50 10 12 43 89 75 6 67 58 26 72 18 49 7 26 49 25 56 54 6 41 52 14 39 40 100 25 38 15 28 64 15 50 61 19 33 42 9 58 18 42 18 35 16 16 53 29 46 45 36 24 37 41 37 37 39 54 37 90 79 26 20 32 44 35 41 67 1 107 97 89 84 83 85 91 99 109 121 96 85 76 71 69 72 78 88 99 112 87 74 64 57 55 58 66 77 90 105 79 64 52 44 41 45 55 68 83 98 72 57 42 31 27 33 46 61 77 93 68 51 35 20 13 24 40 56 73 90 67 50 33 15 4 20 38 55 72 90 69 52 36 22 16 26 41 57 74 91 74 58 44 34 30 36 48 62 78 94 80 67 55 47 44 48 58 70 84 100
42 49 30 29 97 27 20 69 44 20 76 43 44 56 32 68 63 72 85 35 86 77 101 10 33 11 2 0 36 66 80 43 58 29 13 41 90 23 46 84 48 48 81 30 39 34 39 53 44 59 65 48 38 59 15 33 37 94 38 49 16 45 52 19 35 59 22 43 75 5 51 33 29 23 11 24 20 53 24 39 40 35 36 36 63 33 30 23 62 29 100 66 62 27 40 48 52 10 73 53 25 37 24 34 84 21 25 57 35 32 49 39 36 53 42 61 68 55 76 34 58 29 77 11 29 44 65 6 43 54 84 40 49 9 11 41 89 76 7 68 59 25 71 16 50 8 25 50 24 57 53 4 40 53 16 38 39 100 27 37 13 27 65 14 49 62 20 33 44 7 58 16 42 20 35 17 15 54 28 47 43 35 22 37 40 37 35 39 54 36 92 78 26 21 30 44 34 41 69 2 109 99 91 85 84 85 90 98 108 120 98 87 78 72 70 72 78 87 98 111 89 76 65 58 55 58 66 76 89 103 81 66 54 45 41 45 54 67 81 97 74 58 44 32 27 33 45 60 75 92 70 53 37 22 13 23 38 55 72 89 69 52 34 17 2 19 36 53 70 88 71 54 38 23 16 24 39 55 72 89 75 59 45 34 30 35 46 61 76 92 82 68 55 47 44 47 56 68 82 98
15 84 46 20 66 43 43 73 8 32 107 11 23 28 12 35 53 59 67 16 80 81 84 37 11 27 36 36 0 58 67 13 26 10 24 23 58 15 27 62 27 31 50 46 27 3 18 33 75 24 47 19 21 29 28 10 9 58 8 19 37 9 17 24 58 30 47 36 96 41 16 10 8 47 32 24 22 48 33 58 60 11 25 7 45 16 10 36 27 10 91 33 48 35 15 12 33 29 74 24 18 73 45 32 61 18 30 54 27 28 77 9 18 24 14 28 58 43 63 24 49 49 65 34 11 23 55 40 17 54 68 4 17 32 27 34 57 41 42 53 42 19 45 34 26 31 20 27 53 22 21 35 19 21 36 12 4 65 39 16 34 20 31 25 27 33 53 5 63 39 23 35 8 39 5 31 25 36 32 30 63 16 52 11 43 10 32 8 18 15 86 55 13 32 37 8 17 5 66 36 93 79 66 56 50 50 55 65 77 91 86 71 56 44 36 36 43 55 70 85 82 65 49 34 23 22 33 48 64 80 79 62 45 28 12 11 27 44 61 78 79 62 45 28 12 12 27 44 61 78 82 65 49 35 24 23 34 48 64 81 87 71 57 45 37 37 44 56 70 85 93 79 67 57 51 51 56 66 78 92 102 89 78 69 65 64 69 77 87 100 111 100 90 83 79 78 82 88 98 109
44 88 93 43 112 42 52 25 56 78 95 67 81 83 48 51 6 116 124 42 137 136 140 74 66 58 64 66 58 0 124 47 78 53 61 80 104 55 84 29 32 28 100 93 32 59 75 28 70 54 104 75 77 42 52 66 66 88 50 74 79 56 54 71 100 41 53 91 65 69 58 67 55 53 55 74 69 14 81 44 105 68 80 64 101 44 51 83 74 53 35 51 12 40 72 59 90 67 21 41 69 91 88 85 115 53 42 11 82 82 68 66 74 79 45 49 4 100 120 37 106 93 122 73 64 80 5 71 42 16 125 58 71 69 67 90 104 60 66 12 19 71 100 77 35 59 71 34 89 54 75 68 76 47 51 69 61 97 41 73 75 73 55 67 84 41 64 61 44 72 59 77 63 48 62 49 68 24 82 29 107 73 87 68 95 48 86 65 65 72 29 110 64 45 87 57 73 57 11 64 44 38 40 48 60 74 90 106 122 139 33 24 27 38 53 69 85 102 119 136 25 11 16 31 48 65 82 100 117 134 24 8 14 30 48 65 82 99 117 134 30 21 23 36 51 67 84 101 118 135 41 35 36 45 58 73 88 105 121 138 53 49 50 57 67 80 95 110 126 142 67 63 64 69 78 89 102 117 132 147 80 77 78 82 90 100 111 125 139 153 94 91 92 95 102 111 121 134 147 161
80 123 57 84 51 102 97 139 68 61 153 58 44 43 77 86 119 9 9 82 21 40 22 72 59 79 82 80 67 124 0 77 50 73 73 45 51 74 40 124 92 96 43 57 93 66 50 98 124 77 21 50 48 88 84 60 58 77 74 51 66 69 73 63 66 89 101 38 154 82 69 59 71 102 85 58 64 114 57 117 61 57 47 61 23 82 75 59 58 73 157 85 113 96 52 67 34 71 140 86 60 105 64 47 22 77 91 120 47 49 128 58 51 47 80 84 124 26 4 90 23 62 5 70 62 44 120 79 82 120 6 66 54 72 71 40 48 85 87 118 107 59 30 65 90 81 59 92 74 76 51 77 49 81 92 55 64 76 99 52 68 57 81 68 41 92 100 64 122 76 71 66 61 96 63 88 67 102 53 96 63 53 77 57 43 76 46 59 63 54 152 21 64 91 51 68 53 68 132 82 155 139 124 109 94 81 70 61 57 58 151 134 118 102 87 72 59 49 43 44 147 131 114 97 81 65 50 37 30 31 145 128 111 94 77 60 43 28 16 19 145 127 110 93 75 58 41 23 6 12 145 128 111 94 76 59 43 27 14 18 147 130 113 96 80 64 49 36 28 29 150 134 117 101 86 71 58 47 41 42 155 139 123 108 93 80 68 59 55 56 160 145 130 115 102 90 80 72 68 69
4 87 57 18 69 41 44 65 10 43 107 20 35 36 12 26 42 70 77 11 92 94 93 46 23 32 42 43 13 47 77 0 32 15 31 35 62 21 39 50 16 20 55 58 19 15 30 21 75 18 57 28 33 18 31 22 21 55 6 28 47 10 12 35 69 18 48 48 92 47 13 23 15 48 35 35 32 39 44 56 71 24 37 19 55 12 13 47 30 15 80 24 37 33 26 13 44 37 64 12 29 79 56 44 69 22 28 45 39 40 77 20 30 32 4 19 47 55 74 19 61 60 76 42 22 34 44 47 5 46 78 12 25 40 36 46 61 34 47 42 30 31 53 44 14 36 32 15 62 15 28 43 31 11 38 24 15 63 37 28 44 32 23 34 37 21 56 17 59 47 19 44 17 39 17 32 34 25 43 19 74 29 61 23 55 6 44 19 20 27 75 64 24 31 49 11 30 10 56 42 81 67 54 45 41 45 54 67 81 96 75 59 44 32 27 32 44 59 75 91 71 54 37 22 13 22 38 54 71 88 69 52 35 18 2 18 35 53 70 87 71 54 38 23 16 24 38 55 72 89 76 60 46 34 30 35 46 60 76 92 82 68 56 47 44 47 56 68 82 97 90 78 67 60 58 60 67 78 90 104 100 89 80 74 72 74 80 88 100 112 111 101 93 88 86 87 92 100 110 121
35 107 55 46 40 68 68 96 23 46 131 17 19 8 37 37 73 44 48 40 68 76 63 55 26 51 58 58 26 78 50 32 0 35 46 22 33 39 21 74 46 51 25 56 50 27 21 51 99 27 31 11 23 39 53 25 21 40 31 9 53 23 25 41 69 40 72 34 121 62 21 25 33 72 56 37 39 70 44 84 68 24 29 23 28 41 36 49 10 35 109 36 67 60 19 20 22 48 96 38 34 94 58 37 38 43 55 76 31 35 102 20 24 7 35 34 78 34 47 49 40 60 50 52 29 18 74 60 37 77 49 23 9 51 47 34 32 37 64 71 60 34 22 50 43 54 35 45 68 27 5 56 20 32 61 20 22 45 64 23 51 34 31 45 17 43 76 27 88 58 22 50 19 64 25 56 44 55 41 50 71 24 68 22 45 33 36 20 14 23 105 33 33 57 45 22 26 24 87 58 106 90 74 60 47 38 35 41 52 66 102 86 69 53 37 25 21 30 44 60 101 83 66 49 32 15 8 23 40 57 101 83 66 49 32 16 9 23 40 57 103 86 69 53 38 25 22 30 44 60 106 90 75 60 47 38 36 41 52 66 112 97 82 69 58 51 50 54 63 75 119 105 91 80 71 65 63 67 74 84 127 114 102 91 83 78 77 80 86 95 136 124 113 104 96 92 91 93 99 106
15 75 44 12 75 33 34 66 16 30 98 19 30 36 5 40 48 65 75 11 85 84 91 32 14 19 29 29 10 53 73 15 35 0 17 29 68 7 33 62 25 27 59 44 21 9 23 31 65 31 54 27 25 32 19 14 16 66 10 28 33 17 24 21 55 32 38 39 87 34 23 15 3 38 23 23 19 42 31 49 58 17 28 14 51 10 3 34 37 1 87 38 44 26 22 20 39 23 67 26 17 66 42 33 69 9 21 48 29 30 68 17 22 32 14 33 54 48 69 17 54 47 71 28 12 29 50 33 16 47 75 13 26 26 22 37 66 47 34 50 39 19 54 30 26 22 20 26 48 28 31 29 25 25 27 19 14 73 30 21 30 20 36 20 34 35 44 10 54 32 30 31 17 30 11 21 20 34 31 26 61 21 47 17 44 9 34 16 27 20 81 63 12 22 36 16 21 13 60 28 91 78 67 59 55 57 64 74 87 100 83 69 56 46 41 44 52 64 79 94 77 61 46 34 27 31 42 57 72 89 73 56 40 24 13 20 35 52 68 86 72 55 38 20 3 15 33 50 67 85 74 57 41 25 16 22 36 52 69 86 78 62 48 36 30 33 44 58 73 89 84 70 58 48 44 46 54 66 80 95 93 80 69 61 58 60 66 76 88 102 102 91 81 75 72 73 78 87 98 110
30 61 32 20 85 29 25 69 31 17 86 30 34 45 20 56 57 65 77 25 82 76 93 16 21 6 13 13 24 61 73 31 46 17 0 31 78 11 37 75 39 40 69 32 31 22 28 44 54 47 56 36 28 48 11 21 25 81 26 38 19 33 40 11 41 48 29 36 81 18 39 21 17 29 12 16 10 49 20 44 44 23 27 24 55 23 18 22 50 17 96 55 55 25 28 35 42 7 72 42 14 50 28 28 74 10 21 54 27 25 58 26 25 42 30 49 63 48 69 26 52 33 70 13 17 34 60 17 32 52 76 27 37 10 6 34 77 63 19 61 52 15 60 16 40 8 16 40 32 45 41 12 30 41 19 27 27 88 27 26 15 17 53 7 39 51 31 21 49 16 46 16 30 23 22 15 7 46 23 38 47 24 31 25 36 25 29 26 41 25 89 68 14 19 27 31 23 28 66 13 102 91 81 75 72 73 78 86 97 109 93 80 69 61 58 59 65 75 87 101 85 71 58 48 44 46 54 65 79 94 79 63 48 36 30 33 43 57 72 89 75 58 41 26 16 21 35 51 68 85 73 56 38 21 4 15 32 49 66 84 74 57 41 25 14 20 34 51 68 85 78 62 47 34 28 31 42 56 72 88 84 69 56 46 42 44 52 64 78 93 92 79 67 59 56 57 64 74 86 100
38 89 34 40 57 58 55 94 27 26 116 16 4 17 33 52 75 37 47 38 58 60 64 36 15 37 42 41 23 80 45 35 22 29 31 0 51 30 6 84 50 53 41 34 49 22 6 55 85 41 26 13 4 49 41 15 15 62 31 15 33 28 35 23 47 51 60 14 112 45 32 14 26 60 43 17 22 70 23 74 46 13 7 17 24 38 31 27 30 28 114 50 71 52 9 28 12 31 95 46 17 74 36 15 43 33 47 76 10 14 89 15 7 16 37 47 81 21 41 46 26 39 43 33 18 5 77 42 40 75 47 24 18 33 30 13 50 55 48 76 65 17 30 30 49 39 17 50 47 39 19 39 5 41 49 12 21 66 55 8 32 15 47 28 9 53 61 20 79 40 36 30 20 53 19 45 27 59 20 52 50 8 48 13 24 33 15 16 28 9 109 37 20 47 23 27 9 25 88 42 115 101 87 75 65 58 57 61 69 80 109 93 78 65 53 45 43 48 58 71 104 88 72 56 42 32 29 36 48 63 101 84 67 51 34 20 16 26 42 58 100 83 66 48 31 14 5 22 39 57 101 84 67 50 34 19 14 26 41 58 104 87 71 56 41 31 28 35 48 63 109 93 78 64 52 44 42 47 57 70 115 100 86 74 63 57 55 59 67 79 122 108 96 85 76 71 69 72 79 89
65 139 83 77 8 100 100 125 54 77 164 49 48 35 69 55 99 50 44 71 71 88 52 87 58 83 91 90 58 104 51 62 33 68 78 51 0 72 47 93 74 79 11 83 80 59 52 77 132 50 41 43 54 62 86 58 54 29 62 41 83 53 52 73 96 64 105 59 153 94 49 58 66 105 89 68 71 99 74 116 93 56 58 56 39 72 68 78 32 67 131 54 92 93 51 50 44 81 123 64 66 125 87 65 29 76 88 105 60 64 135 53 55 37 65 56 103 52 50 80 55 88 54 83 62 47 100 92 66 107 47 55 42 83 79 59 3 49 97 95 85 66 26 80 70 86 66 72 97 51 38 88 51 58 94 52 54 26 96 54 82 65 50 77 43 64 109 60 120 90 45 81 51 97 58 88 76 81 70 78 96 56 98 54 69 65 64 53 42 54 129 30 65 89 72 53 57 56 114 91 124 106 89 72 55 38 22 11 20 35 123 106 89 71 54 37 20 4 16 34 124 107 90 73 57 40 26 17 23 38 127 110 94 78 62 48 37 31 35 45 131 115 99 84 70 58 49 45 47 56 137 121 106 92 80 69 62 59 61 67 143 129 115 102 91 81 75 73 74 79 151 137 124 112 102 94 89 86 88 92 160 147 134 123 114 107 102 100 101 105 169 157 145 135 127 120 116 114 115 118
20 70 40 12 79 30 29 66 22 25 93 23 31 40 10 46 50 66 76 15 84 81 93 26 16 13 22 23 15 55 74 21 39 7 11 30 72 0 35 66 29 31 63 40 23 13 25 35 60 37 55 31 26 38 14 16 19 72 16 32 28 23 30 17 50 38 33 38 83 27 29 17 7 33 17 20 15 43 27 46 53 18 27 17 53 13 8 30 42 7 89 44 47 24 24 26 41 17 67 32 15 60 37 31 71 4 18 49 28 28 63 20 23 36 20 39 56 48 70 19 54 42 71 23 12 31 53 27 22 47 76 18 30 20 16 36 71 53 28 53 43 16 56 25 30 16 17 31 42 35 35 22 26 31 22 21 19 79 27 23 24 18 43 15 36 41 38 13 50 26 36 25 22 25 15 17 15 37 28 30 56 22 41 20 41 15 32 20 33 21 83 65 11 19 33 22 21 19 61 22 94 82 72 64 61 63 69 79 91 104 86 72 60 51 47 50 58 69 82 97 79 64 50 39 33 37 47 60 75 91 74 57 42 27 19 25 38 54 70 87 72 54 37 20 6 17 34 51 68 85 72 55 38 22 10 19 35 51 69 86 75 59 44 31 24 28 41 56 72 88 81 66 53 42 38 41 50 63 77 93 88 75 64 55 52 54 61 72 85 99 97 85 75 69 66 67 73 82 94 107
41 94 36 45 53 64 61 99 30 30 122 19 4 14 37 53 79 32 42 43 54 58 59 41 19 42 47 46 27 84 40 39 21 33 37 6 47 35 0 87 54 57 37 37 53 26 10 59 90 42 21 13 9 52 46 20 19 60 35 15 37 31 37 28 50 53 65 14 117 50 33 19 31 65 48 22 27 74 28 79 48 17 11 21 19 42 35 31 29 33 118 52 74 58 13 30 7 36 100 49 23 79 40 18 38 38 52 80 13 17 94 19 12 15 41 49 85 17 36 50 23 42 38 38 23 5 81 47 43 80 42 27 18 38 36 14 45 55 53 80 68 22 25 34 52 44 22 53 50 41 18 44 9 44 54 16 25 64 60 13 37 20 48 33 5 56 66 25 84 45 37 35 23 58 23 50 32 63 23 56 52 13 52 17 25 37 17 20 28 14 113 32 25 53 26 29 14 29 92 47 118 103 89 76 65 58 55 57 64 75 113 97 81 67 54 45 41 44 53 65 108 92 75 59 45 32 27 32 43 58 106 89 71 55 38 22 13 21 37 53 105 88 70 53 36 19 2 17 34 52 106 89 72 55 39 24 16 23 38 54 109 93 76 61 46 35 30 34 45 59 114 98 83 69 56 47 44 47 55 67 120 105 91 78 68 60 58 60 67 77 127 113 101 89 80 74 71 73 79 88
49 114 105 56 100 65 74 52 58 91 123 69 84 81 57 39 27 117 122 52 140 143 136 90 73 74 82 84 62 29 124 50 74 62 75 84 93 66 87 0 37 36 91 106 45 64 79 32 97 48 104 75 82 36 70 71 70 71 55 74 93 57 51 82 115 35 76 98 93 88 55 72 64 76 73 84 80 38 92 71 119 73 87 68 101 53 60 95 67 62 40 40 24 60 76 58 92 82 46 39 78 114 102 94 111 66 60 39 89 90 96 70 80 77 49 41 26 104 120 50 110 107 123 88 72 83 25 89 47 44 123 61 71 85 81 96 93 45 85 19 25 80 96 91 37 76 81 37 106 48 73 85 80 44 71 73 64 79 63 78 89 81 44 81 85 32 87 67 72 89 53 91 65 69 67 67 81 30 93 37 122 78 105 73 104 54 94 69 62 77 41 107 73 64 98 58 79 60 38 82 32 17 11 24 41 57 75 92 109 126 31 14 7 23 40 57 74 91 109 126 36 23 20 29 44 60 76 93 110 127 45 36 34 40 51 65 81 97 113 130 57 49 48 52 61 74 87 102 118 134 69 63 62 65 73 83 96 110 124 140 82 77 76 79 85 94 105 118 132 146 95 91 90 92 98 106 116 127 140 154 109 105 104 106 111 118 127 137 149 162 123 119 118 120 124 130 138 148 159 171
13 87 69 20 81 37 43 52 25 54 103 35 50 51 20 26 27 85 92 15 107 108 108 54 37 38 47 48 27 32 92 16 46 25 39 50 74 29 54 37 0 5 68 69 12 29 45 6 72 25 72 43 47 16 35 36 35 62 20 43 57 24 23 46 79 15 47 62 83 53 26 37 27 47 39 47 43 25 55 49 82 38 51 33 70 17 23 58 42 25 65 26 22 29 41 27 59 45 50 11 41 82 66 57 84 29 27 31 53 54 73 35 44 47 13 21 32 70 89 16 76 71 91 51 35 49 29 53 11 33 93 27 40 48 44 61 73 36 51 27 15 43 68 54 4 41 44 3 70 23 43 49 45 16 39 39 30 71 33 43 53 45 27 44 52 17 56 31 52 54 29 54 32 38 31 34 44 10 56 5 85 43 69 38 68 18 58 34 33 41 60 79 36 31 61 25 44 25 42 47 67 53 43 38 41 50 63 77 92 108 60 44 31 24 28 40 55 71 88 105 56 39 22 10 18 34 51 68 85 102 55 38 21 6 16 33 50 68 85 102 58 42 28 19 24 38 53 70 87 104 64 50 39 33 37 46 60 75 91 107 72 60 51 47 50 57 69 82 97 112 82 72 65 62 63 69 79 91 104 118 94 84 78 76 77 82 90 100 113 126 105 97 92 90 91 95 102 111 122 135
17 84 70 20 86 34 41 47 29 55 100 39 53 56 22 31 23 89 97 16 110 110 112 55 40 38 47 48 31 28 96 20 51 27 40 53 79 31 57 36 5 0 73 70 10 32 48 6 69 30 76 47 50 20 34 39 39 67 23 47 58 29 28 47 80 19 44 65 78 52 31 40 29 44 38 49 45 20 57 46 83 41 54 37 74 18 25 60 47 28 61 30 18 27 45 31 63 46 46 15 44 81 67 60 88 30 26 27 56 56 70 39 48 51 17 26 28 73 93 15 79 72 95 52 38 53 25 53 15 28 97 31 44 49 45 63 78 40 50 24 13 45 72 55 9 41 46 8 70 28 47 49 49 21 37 42 33 75 31 46 54 47 32 45 56 21 54 34 48 54 34 55 36 36 35 33 45 7 58 2 86 46 69 41 70 21 61 38 38 45 56 83 39 29 63 30 47 29 37 47 64 52 43 40 45 54 67 82 97 113 57 42 30 26 33 45 60 76 93 109 52 35 20 12 23 39 56 73 90 107 50 33 16 4 20 37 55 72 89 106 53 37 23 17 26 41 57 74 91 108 59 45 35 31 37 48 63 78 94 111 68 56 48 45 49 58 71 85 100 115 78 68 62 60 62 70 80 93 107 121 89 81 75 74 76 82 91 102 115 129 101 94 89 88 90 95 103 112 124 137
59 129 72 70 17 92 92 119 47 67 155 41 38 25 61 53 94 41 37 64 63 78 48 77 49 74 81 81 50 100 43 55 25 59 69 41 11 63 37 91 68 73 0 72 74 51 43 72 123 46 31 34 44 58 77 49 45 35 55 32 73 46 46 63 85 60 96 48 145 84 43 48 57 96 80 58 62 93 64 108 82 47 47 47 29 65 60 68 26 59 129 52 88 85 41 43 34 71 118 59 56 115 76 54 23 67 80 99 50 54 126 44 45 28 58 53 99 41 41 73 45 77 45 73 53 37 95 82 60 101 39 47 34 73 70 48 9 48 87 91 81 56 16 70 65 77 56 67 87 46 29 78 41 53 85 43 46 34 88 44 72 55 48 67 33 61 100 51 112 80 41 71 43 88 49 80 66 76 60 73 86 46 88 45 59 57 53 44 36 45 126 22 56 81 62 46 47 48 109 81 123 106 89 72 56 40 27 22 28 42 121 104 87 69 52 35 19 8 20 37 121 104 86 69 52 35 18 7 20 36 123 106 89 72 56 40 27 21 28 41 126 109 93 77 62 49 38 35 39 49 130 114 99 84 71 59 51 48 52 60 136 121 107 93 81 71 64 62 65 71 143 129 115 103 92 84 78 76 78 84 151 138 125 114 104 96 92 90 91 96 160 147 136 125 116 109 105 104 105 109
58 67 1 51 88 57 49 99 54 15 97 46 37 50 49 80 89 50 64 55 59 47 79 21 37 36 32 30 46 93 57 58 56 44 32 34 83 40 37 106 69 70 72 0 62 44 36 74 69 69 47 46 33 75 41 38 41 96 52 48 15 55 63 24 14 75 52 25 103 30 60 37 43 52 40 23 26 80 14 69 14 38 28 42 47 53 47 11 63 44 127 79 86 55 39 56 39 26 102 69 29 48 8 19 67 41 52 85 25 21 74 42 33 50 58 74 95 35 54 57 36 6 53 21 36 38 91 27 60 83 62 49 50 24 27 24 81 85 35 93 82 27 59 17 69 35 26 70 17 68 52 27 37 67 46 40 47 100 56 35 19 27 76 26 41 78 47 42 74 24 66 16 48 50 42 45 26 77 16 69 17 34 20 39 15 53 20 43 59 36 120 62 34 49 12 53 32 51 97 32 134 122 111 102 95 91 90 93 99 107 125 111 99 89 82 77 76 80 86 96 116 102 89 78 69 63 63 67 74 85 109 94 80 67 56 50 49 54 63 76 104 88 72 58 45 36 35 42 54 68 100 83 67 50 35 24 22 31 46 62 98 81 64 47 30 13 9 25 42 59 98 81 64 47 30 14 10 25 42 59 100 84 67 51 36 25 23 32 47 62 104 88 73 58 46 38 36 43 54 68
16 76 62 12 88 26 32 47 28 47 92 37 50 54 16 37 28 85 94 11 106 104 110 46 35 29 38 39 27 32 93 19 50 21 31 49 80 23 53 45 12 10 74 62 0 28 44 15 61 33 73 45 46 26 25 34 35 72 20 45 49 28 30 39 71 26 36 60 74 43 32 35 23 35 29 42 37 21 50 39 75 37 49 33 71 12 19 52 48 21 67 36 24 18 41 31 59 38 47 21 37 71 58 53 87 22 16 28 50 50 62 35 43 49 16 31 33 69 89 6 75 63 91 43 32 49 30 44 15 28 94 28 42 40 37 58 80 47 41 31 21 39 71 47 15 32 40 14 62 32 46 40 45 25 28 38 30 80 22 42 45 41 37 37 53 28 45 29 42 45 36 47 33 27 30 23 37 16 51 9 78 41 60 37 64 18 54 35 39 40 61 81 32 20 56 29 42 27 39 38 72 60 52 49 52 60 71 85 99 115 63 50 39 35 39 49 63 78 93 110 56 41 27 21 27 41 56 73 89 106 53 36 19 7 19 36 53 70 87 104 53 36 20 8 19 36 53 70 87 104 57 41 28 22 28 41 57 73 90 106 64 50 40 36 40 50 63 78 94 110 73 61 53 50 53 61 72 85 100 115 83 74 67 64 67 73 82 94 108 122 95 86 81 79 80 85 94 104 116 130
16 82 44 20 67 42 41 74 11 30 106 11 22 28 12 37 54 58 67 17 79 80 83 35 9 25 34 34 3 59 66 15 27 9 22 22 59 13 26 64 29 32 51 44 28 0 17 34 73 27 46 19 19 31 27 8 8 60 10 20 35 12 20 22 56 32 46 34 95 39 18 9 7 46 30 21 19 48 30 57 57 10 23 6 44 16 10 34 29 9 93 36 49 34 14 14 32 26 74 27 15 71 43 30 61 17 29 55 25 26 76 8 16 24 16 31 59 42 62 25 48 47 64 31 8 22 56 38 19 55 67 6 18 29 25 32 58 43 40 55 44 17 45 31 28 29 18 29 50 25 22 33 18 23 35 11 6 67 38 15 32 18 33 23 26 35 51 3 62 36 25 32 9 38 3 29 22 38 29 31 61 15 50 10 40 11 30 8 20 13 87 55 11 31 34 11 16 8 66 34 95 81 68 58 52 52 57 66 78 92 88 73 58 46 39 38 45 56 70 85 83 66 50 36 25 25 34 48 64 80 80 63 46 29 14 12 27 44 61 78 80 62 45 28 12 10 26 43 60 77 82 65 49 34 22 21 32 47 63 80 86 71 56 43 35 34 42 54 68 84 93 78 65 55 49 48 54 63 76 90 101 88 76 67 62 62 66 74 85 98 110 98 88 80 76 76 79 86 96 107
32 87 35 35 59 54 52 89 22 26 114 12 7 18 28 48 70 42 52 33 63 65 68 35 10 33 39 39 18 75 50 30 21 23 28 6 52 25 10 79 45 48 43 36 44 17 0 50 82 37 31 11 3 45 37 10 10 61 26 13 32 23 30 21 48 46 56 19 107 42 27 9 21 56 39 16 19 64 24 70 48 7 9 12 29 32 25 28 28 23 109 46 65 48 5 23 17 29 90 41 14 73 37 17 47 29 43 71 12 15 85 10 3 16 32 42 76 26 46 40 32 40 48 31 13 7 72 40 34 70 52 18 15 31 28 17 51 51 45 71 60 14 33 29 43 36 14 44 47 35 17 36 2 36 45 7 16 66 51 3 31 13 43 25 12 49 58 15 74 38 33 29 15 49 14 40 24 54 20 47 52 4 47 7 27 28 17 11 24 4 103 41 15 43 24 22 5 20 83 39 110 96 82 70 61 56 56 61 70 82 104 88 73 60 49 42 42 49 60 74 99 82 66 51 38 29 29 38 52 67 96 79 62 45 29 16 16 30 46 63 95 78 61 43 26 9 10 27 44 62 96 79 62 46 30 17 18 31 47 63 99 83 67 52 39 30 31 39 53 68 104 89 74 61 50 44 44 51 61 75 111 97 83 72 63 58 58 63 72 83 119 106 93 83 76 71 71 75 83 93
18 90 74 25 85 39 46 49 30 59 104 41 55 56 26 27 22 91 97 20 112 113 113 59 42 43 52 53 33 28 98 21 51 31 44 55 77 35 59 32 6 6 72 74 15 34 50 0 74 28 78 49 53 17 39 41 41 64 25 48 62 29 27 51 84 15 50 68 82 57 30 42 32 49 43 53 49 23 61 50 87 44 57 39 75 22 28 64 46 31 60 26 16 32 47 32 65 51 47 13 47 86 71 63 88 34 31 28 59 60 75 41 50 52 19 23 27 75 94 20 81 76 96 56 41 55 24 58 16 31 98 33 45 53 50 66 77 37 55 21 10 49 73 59 8 46 50 7 75 27 48 54 51 20 42 44 35 72 36 49 58 51 29 49 58 16 60 36 53 58 32 60 37 41 37 38 49 5 61 7 90 49 74 43 74 24 64 40 38 47 55 83 42 35 67 31 49 31 38 52 61 48 38 35 40 51 65 80 96 112 54 39 26 21 29 43 58 75 92 109 50 33 17 7 21 38 55 72 90 107 51 34 17 9 22 38 55 72 90 107 55 40 27 23 30 43 59 75 92 109 62 49 40 37 41 52 65 80 96 112 71 60 53 51 54 63 74 88 102 118 82 73 67 65 67 74 84 96 110 124 94 86 80 79 81 87 95 106 118 132 106 99 94 93 95 100 107 117 128 140
73 20 69 58 139 36 32 57 81 63 33 83 87 99 65 98 70 115 128 65 127 114 145 52 74 49 43 44 75 70 124 75 99 65 54 85 132 60 90 97 72 69 123 69 61 73 82 74 0 92 108 90 81 87 47 75 78 130 73 91 58 81 87 62 66 87 28 86 37 42 87 75 67 28 44 68 63 60 67 26 73 77 80 77 107 64 65 65 102 66 94 97 73 44 82 85 95 54 64 81 68 32 62 77 127 57 48 59 79 75 6 79 79 95 73 91 73 98 120 58 101 65 120 54 71 88 72 45 73 54 127 78 90 53 55 85 131 107 38 79 75 68 114 59 76 46 69 75 54 90 94 47 83 84 39 80 78 138 40 80 56 70 97 58 93 89 24 73 27 48 94 59 82 37 75 45 59 73 71 69 74 78 51 78 82 71 79 79 92 79 85 121 68 45 73 81 77 78 66 43 111 107 106 108 113 120 128 139 151 163 98 93 92 94 100 107 117 129 141 155 84 79 78 81 87 96 107 119 133 147 71 65 64 67 75 85 97 111 125 140 59 52 50 54 63 75 89 103 119 135 47 38 36 42 53 66 82 97 114 130 38 25 22 30 44 60 77 93 110 127 32 15 8 23 40 57 74 91 109 126 32 16 9 23 40 57 74 91 109 126 38 26 22 31 45 60 77 93 110 127
20 104 69 35 58 57 61 76 17 56 124 25 39 34 28 12 49 70 75 27 94 99 89 61 33 49 59 59 24 54 77 18 27 31 47 41 50 37 42 48 25 30 46 69 33 27 37 28 92 0 57 30 39 13 48 32 29 39 21 28 61 15 7 48 82 14 65 54 107 64 10 33 30 65 52 47 46 49 56 72 83 33 45 28 54 29 29 60 21 31 83 10 43 49 32 14 46 52 74 15 41 96 69 53 64 39 45 55 47 50 94 28 38 30 20 8 53 58 73 35 64 73 76 57 34 38 50 63 20 58 76 21 25 55 51 53 50 17 64 46 35 43 49 58 21 52 44 22 76 3 26 58 36 9 55 31 23 47 53 36 58 43 7 49 39 16 73 29 75 62 6 58 22 56 28 49 48 31 54 29 86 37 76 31 63 23 53 27 15 35 81 60 37 48 59 17 38 20 64 58 80 63 48 34 26 28 39 53 69 85 76 59 42 26 13 16 31 48 65 82 76 58 41 24 7 12 30 47 64 81 77 61 44 29 19 21 34 50 66 83 82 66 52 39 32 34 43 56 71 87 88 74 61 51 46 47 54 65 78 93 96 83 72 64 60 61 66 75 87 100 106 94 84 77 74 74 79 87 97 109 116 105 97 91 88 88 92 99 108 119 127 118 110 104 102 102 105 111 119 129
60 111 47 65 44 84 80 119 48 47 139 38 24 23 58 67 99 14 21 63 38 49 38 58 40 62 66 65 47 104 21 57 31 54 56 26 41 55 21 104 72 76 31 47 73 46 31 78 108 57 0 30 30 68 66 40 39 63 54 31 53 49 53 47 59 69 84 24 137 67 49 39 51 85 68 41 47 94 43 99 55 38 30 41 3 62 55 46 39 53 137 66 93 78 33 47 15 55 120 66 42 94 53 32 21 59 73 100 30 34 113 38 32 27 60 64 104 13 17 70 15 53 20 55 43 25 100 65 62 100 22 46 34 56 54 25 39 67 71 98 87 42 15 51 70 64 41 72 64 56 31 62 29 61 74 36 44 64 81 33 53 40 61 52 21 72 85 45 104 62 51 51 41 78 43 70 51 81 38 76 58 34 65 37 32 56 31 39 43 34 132 15 45 73 38 47 34 48 112 66 136 120 104 90 76 64 56 52 53 60 131 114 98 82 67 54 43 38 40 49 127 110 94 77 61 45 32 24 28 39 126 108 91 74 57 40 23 11 17 33 125 108 91 73 56 39 22 6 15 32 127 109 92 75 59 43 28 19 23 36 129 113 96 80 65 50 39 32 35 45 134 117 102 87 73 60 51 46 48 55 139 124 109 95 82 71 64 60 61 67 146 131 117 104 93 83 77 74 75 80
31 97 46 39 50 60 59 91 19 36 122 9 10 10 30 41 70 43 50 35 65 70 66 45 16 41 49 48 19 75 50 28 11 27 36 13 43 31 13 75 43 47 34 46 45 19 11 49 90 30 30 0 13 40 44 16 12 50 25 3 43 20 25 31 59 41 63 26 113 52 21 15 25 63 47 26 29 66 34 76 58 14 19 14 27 34 29 38 18 27 108 39 64 53 9 18 17 38 92 37 24 83 48 27 42 35 48 72 22 25 93 11 14 6 31 36 75 29 46 43 35 50 49 41 20 9 71 50 33 72 50 17 6 41 37 25 41 43 54 69 58 24 27 39 41 44 24 43 57 28 7 46 10 32 52 10 15 55 56 12 41 23 35 34 10 44 67 18 80 48 25 40 12 55 17 47 34 52 31 47 62 14 58 12 36 28 27 12 16 12 103 37 23 49 35 18 16 19 83 48 107 91 77 64 53 46 45 51 61 74 102 85 70 55 41 33 32 40 52 67 98 81 65 48 32 20 19 30 46 62 97 80 62 45 28 11 8 25 42 60 98 81 63 47 30 16 14 28 44 61 100 84 67 52 38 28 27 36 49 65 105 89 74 60 48 41 40 47 58 71 111 96 82 70 60 55 54 59 68 80 118 105 92 81 73 68 68 72 79 89 127 114 103 93 86 82 82 85 91 100
35 86 33 37 60 55 52 91 25 24 113 15 7 19 30 51 72 40 50 35 61 62 67 34 11 34 39 38 21 77 48 33 23 25 28 4 54 26 9 82 47 50 44 33 46 19 3 53 81 39 30 13 0 47 38 12 12 63 28 16 30 26 33 20 46 49 56 16 108 42 30 11 23 56 39 15 19 66 22 70 46 10 6 14 28 34 27 26 31 25 111 49 68 49 7 26 15 28 92 44 14 72 35 15 47 30 44 73 9 12 85 13 4 18 34 45 78 24 44 42 29 37 46 30 14 7 74 39 37 72 50 21 18 30 27 15 52 54 45 73 62 14 33 27 46 36 13 47 45 38 20 35 4 39 46 10 19 68 52 5 29 12 45 24 12 51 58 17 75 37 35 28 18 49 16 41 23 56 18 49 49 5 46 10 25 30 15 14 27 6 106 41 16 44 22 25 5 23 85 39 113 98 85 73 64 59 58 63 71 83 106 91 76 63 52 45 44 50 61 74 101 85 69 54 41 32 31 39 52 67 98 81 64 48 32 19 18 30 45 62 97 79 62 45 28 10 8 25 43 60 98 80 63 47 30 16 15 28 44 61 100 84 68 52 38 29 28 37 50 65 105 89 74 60 49 42 41 48 59 72 111 96 83 71 61 55 55 60 69 81 119 105 93 82 74 69 69 73 80 90
18 101 74 32 70 52 57 64 23 60 118 33 48 46 28 11 37 82 87 25 104 109 101 63 39 49 58 59 29 42 88 18 39 32 48 49 62 38 52 36 16 20 58 75 26 31 45 17 87 13 68 40 47 0 47 38 36 48 23 38 64 22 15 52 86 2 61 63 98 64 19 39 33 61 51 52 49 39 61 65 88 39 52 34 65 27 30 64 33 32 71 11 31 44 41 22 56 54 62 7 46 95 73 60 76 39 41 44 55 57 88 35 45 41 18 7 41 68 85 30 74 77 87 60 39 47 38 64 17 47 88 27 35 57 53 61 62 21 63 33 23 48 61 61 12 52 49 13 79 13 37 59 45 9 52 38 29 56 48 44 61 49 13 52 50 5 70 34 67 63 18 62 30 52 33 46 51 20 60 20 91 44 78 38 71 23 60 34 26 42 68 72 41 44 65 23 45 25 53 58 68 52 38 28 26 35 49 64 80 97 64 47 31 16 13 27 43 60 77 94 63 46 29 12 8 25 42 59 76 94 65 49 33 21 19 30 45 61 78 95 71 56 43 34 32 40 52 67 82 99 78 65 54 47 46 52 62 74 89 104 87 75 66 61 60 64 72 84 96 111 97 87 79 75 74 77 84 94 105 118 109 99 93 89 88 91 97 105 116 127 120 112 106 103 102 104 109 117 126 137
30 57 41 15 93 18 15 58 35 28 79 37 43 53 20 56 49 76 87 23 93 87 104 22 29 6 13 15 28 52 84 31 53 19 11 41 86 14 46 70 35 34 77 41 25 27 37 39 47 48 66 44 38 47 0 29 32 85 28 45 27 36 42 22 48 47 20 47 71 19 42 29 21 20 4 27 21 39 31 33 53 31 38 31 65 21 20 32 55 20 87 55 48 15 37 39 52 16 61 40 24 49 36 39 84 11 11 44 37 36 50 33 35 49 30 49 55 58 80 20 63 41 81 21 25 43 52 20 31 42 87 32 44 18 16 45 85 65 17 54 45 26 69 25 37 7 26 37 38 46 48 16 39 41 9 35 32 92 16 35 23 28 54 17 48 49 25 27 38 21 49 26 35 12 29 4 18 40 34 33 56 34 36 33 47 26 40 33 46 34 79 78 22 9 38 35 33 32 56 13 95 84 77 72 72 75 83 93 105 118 85 73 64 58 58 62 71 83 96 110 76 62 51 44 44 50 61 74 88 104 69 53 40 31 30 39 52 67 82 99 64 47 31 18 17 29 45 62 79 96 62 45 27 10 8 25 43 60 77 95 64 47 31 17 16 29 45 61 78 96 68 53 39 30 29 37 51 66 82 98 75 61 50 43 43 49 59 73 88 103 84 72 62 57 56 61 70 82 95 109
24 82 38 25 65 45 44 79 16 25 107 10 16 25 18 43 61 52 61 24 72 72 78 32 2 26 34 33 10 66 60 22 25 14 21 15 58 16 20 71 36 39 49 38 34 8 10 41 75 32 40 16 12 38 29 0 4 62 17 17 31 17 25 18 50 39 48 27 99 37 23 2 11 48 31 15 16 55 25 61 51 3 16 4 38 23 16 29 30 14 100 41 56 39 9 18 26 24 80 33 10 69 38 23 56 20 33 61 18 19 78 6 9 21 23 37 66 35 56 31 41 42 58 28 4 16 63 36 26 61 61 11 17 27 23 25 57 48 40 62 51 12 41 27 35 29 12 36 46 30 21 31 12 30 37 6 9 68 42 8 28 12 38 20 21 42 51 5 66 34 29 28 11 40 5 32 20 45 23 38 55 8 46 4 34 18 23 6 23 7 94 50 8 34 28 16 9 13 73 33 102 88 75 64 57 55 58 66 77 89 95 80 65 53 44 41 45 55 67 82 90 73 58 43 31 27 33 45 60 76 86 69 52 36 21 13 23 39 55 72 85 68 51 34 16 3 19 37 54 71 87 70 53 37 22 16 25 40 56 73 90 74 59 45 34 30 35 47 61 77 96 81 67 55 47 44 48 57 69 83 103 89 77 67 60 58 61 68 78 91 112 99 88 79 73 72 74 80 89 100
23 86 41 27 61 48 47 81 14 29 111 6 15 21 19 40 61 51 60 24 72 74 76 36 5 30 38 37 9 66 58 21 21 16 25 15 54 19 19 70 35 39 45 41 35 8 10 41 78 29 39 12 12 36 32 4 0 58 16 13 34 15 22 22 54 37 52 28 102 41 20 5 14 52 35 19 20 56 28 64 54 4 17 3 36 24 17 32 26 15 100 38 56 41 7 15 25 28 82 32 14 73 41 25 54 23 36 62 19 22 82 2 10 18 23 34 67 35 55 32 41 45 57 32 8 14 63 40 25 62 60 9 13 31 27 26 53 45 43 62 50 15 38 31 34 33 16 35 50 27 17 35 11 28 40 4 7 64 45 8 32 15 35 24 19 40 55 7 68 38 26 32 7 44 5 35 24 45 26 38 58 9 50 3 35 18 25 3 19 7 94 48 12 37 31 13 10 11 74 37 101 87 73 62 54 51 54 62 73 86 95 79 64 51 41 37 41 51 64 79 90 73 57 42 29 23 29 42 57 73 87 70 53 36 20 9 20 36 53 70 87 70 53 35 18 6 19 36 53 70 89 72 56 40 26 19 26 40 56 72 93 77 62 48 38 33 38 48 62 77 99 84 71 59 51 47 50 59 70 84 107 93 81 71 64 61 64 70 80 92 115 103 92 83 77 75 77 83 91 102
58 141 95 73 34 96 98 111 51 85 162 52 59 47 66 38 83 74 71 65 97 111 80 93 63 85 94 94 58 88 77 55 40 66 81 62 29 72 60 71 62 67 35 96 72 60 61 64 130 39 63 50 63 48 85 62 58 0 58 48 92 50 44 79 109 49 103 74 145 98 43 62 65 103 89 76 77 86 84 110 108 61 68 58 60 67 66 88 33 66 110 38 76 87 58 47 60 85 108 52 72 130 97 77 56 75 83 91 71 75 132 56 63 46 58 42 86 71 75 73 76 100 79 89 65 58 83 97 58 94 74 54 47 88 84 73 31 28 99 77 69 72 48 88 58 88 73 60 107 41 44 92 59 48 92 58 55 9 92 62 89 72 36 82 56 48 110 61 113 95 37 89 52 94 60 86 81 67 81 67 111 63 107 59 85 60 76 56 40 61 110 56 69 86 84 51 65 54 98 93 99 82 65 48 31 14 8 23 40 58 101 84 68 51 36 23 20 30 44 61 105 89 73 58 45 36 34 40 52 66 110 95 80 67 56 49 48 52 62 74 117 103 89 78 68 63 62 65 73 84 125 112 100 89 81 76 75 78 85 94 134 122 111 101 94 90 89 92 97 105 144 132 122 114 108 104 103 105 110 117 154 144 134 127 121 118 117 119 123 129 166 156 147 140 135 132 131 132 136 142
7 84 52 16 70 39 41 67 9 38 105 17 31 34 8 30 45 66 74 10 88 89 91 41 18 28 38 38 8 50 74 6 31 10 26 31 62 16 35 55 20 23 55 52 20 10 26 25 73 21 54 25 28 23 28 17 16 58 0 25 42 9 15 29 63 24 46 43 91 43 15 18 10 46 31 30 27 41 38 54 66 19 32 14 52 10 9 42 30 10 84 29 40 31 22 13 40 32 67 18 24 75 50 39 67 18 26 47 34 35 75 16 25 30 7 24 51 51 70 19 57 55 72 37 17 30 47 42 9 48 75 9 23 35 31 41 61 38 43 46 35 26 51 39 19 31 26 20 57 19 27 38 26 16 35 20 11 65 35 24 38 27 27 29 34 27 52 12 58 42 22 39 14 36 12 29 29 29 38 22 69 24 56 19 50 3 39 15 20 22 79 62 19 29 43 9 25 7 59 38 86 72 59 50 46 48 56 68 81 96 79 63 49 38 32 35 45 59 74 90 74 58 41 27 18 23 37 53 70 86 72 55 38 20 5 16 33 50 67 85 73 56 39 23 11 19 34 51 68 85 76 60 45 32 25 29 41 56 72 88 82 67 54 44 39 42 51 63 78 93 90 76 65 57 53 55 62 72 85 99 99 87 77 70 67 69 74 83 94 107 109 98 89 84 81 82 87 95 105 116
31 98 48 39 48 61 60 91 19 38 123 9 13 9 31 39 69 44 50 35 67 72 66 47 17 43 50 49 19 74 51 28 9 28 38 15 41 32 15 74 43 47 32 48 45 20 13 48 91 28 31 3 16 38 45 17 13 48 25 0 44 19 23 33 61 40 64 28 114 54 20 17 26 65 48 28 31 65 36 76 61 15 21 15 28 35 29 41 16 28 107 37 64 53 10 17 19 40 91 36 25 85 50 30 42 35 48 72 24 28 94 12 16 5 30 35 74 31 47 43 37 52 50 43 21 12 71 52 33 72 51 17 4 43 39 28 40 41 56 68 57 26 27 41 40 45 26 42 59 27 5 47 12 31 53 12 15 53 57 14 43 25 33 36 12 42 68 19 81 50 23 42 12 56 17 48 35 52 33 46 64 16 60 13 39 28 29 12 14 14 102 37 24 50 37 18 18 18 83 50 106 90 75 62 51 44 43 49 60 73 101 84 68 53 40 30 30 38 51 66 98 81 64 47 31 18 17 29 45 62 97 79 62 45 27 10 8 26 43 60 98 80 63 47 31 17 16 29 45 62 101 84 68 53 39 30 29 38 51 66 105 90 75 61 50 43 42 49 59 73 112 97 83 72 62 57 56 61 70 81 119 106 93 83 75 70 70 74 81 91 128 116 104 95 88 84 84 87 93 102
47 59 15 38 89 43 35 84 45 7 88 40 36 49 38 71 75 58 72 43 71 61 88 7 30 22 18 16 37 79 66 47 53 33 19 33 83 28 37 93 57 58 73 15 49 35 32 62 58 61 53 43 30 64 27 31 34 92 42 44 0 46 54 14 23 65 38 30 90 17 52 30 32 38 25 17 16 66 10 55 26 31 26 35 52 41 35 8 59 33 113 70 73 41 35 48 41 12 88 59 21 42 10 21 73 28 38 71 24 20 63 36 29 47 47 65 81 42 63 44 44 15 62 7 28 36 78 14 49 68 71 40 45 10 13 28 82 78 21 80 70 20 61 4 58 21 19 58 16 59 49 13 34 57 31 34 39 97 42 31 5 20 67 13 41 68 34 33 60 11 59 3 41 36 34 31 14 64 15 57 29 29 16 33 25 42 22 36 53 31 106 66 25 35 16 45 27 42 83 18 121 109 99 91 87 85 87 92 101 111 111 98 87 79 73 71 74 80 89 101 102 89 76 66 59 57 60 68 79 91 95 80 66 54 46 43 48 57 69 84 90 73 58 44 33 29 35 47 62 78 86 69 52 36 22 16 25 40 57 74 85 67 50 33 15 3 20 37 55 72 86 69 52 35 20 14 24 40 56 73 89 73 57 43 31 28 34 46 61 77 94 79 65 53 44 41 46 55 68 83
13 92 54 25 61 48 50 74 2 41 114 12 27 27 17 26 51 62 69 18 84 87 84 46 18 35 45 45 9 56 69 10 23 17 33 28 53 23 31 57 24 29 46 55 28 12 23 29 81 15 49 20 26 22 36 17 15 50 9 19 46 0 9 33 67 23 54 42 100 50 7 18 16 54 39 32 31 48 41 63 68 18 31 13 46 19 17 45 22 17 88 25 45 40 19 4 36 38 74 18 26 82 54 39 60 26 35 54 34 36 84 14 24 23 13 20 56 47 65 27 54 58 68 42 19 26 52 49 14 55 69 6 16 41 36 40 53 32 50 50 39 28 44 43 22 39 29 23 62 13 19 44 24 13 43 17 8 57 44 22 43 29 22 34 29 26 60 14 67 48 14 44 9 45 13 37 34 33 40 28 72 23 61 17 50 12 39 13 12 21 84 55 22 38 45 2 24 5 65 45 88 73 59 48 41 41 48 59 73 88 83 66 51 37 27 27 37 51 66 82 79 62 45 29 15 15 29 45 62 79 78 61 44 27 10 9 27 44 61 78 80 63 47 31 19 19 31 47 63 80 84 68 54 41 32 32 40 53 68 84 90 76 63 52 46 46 52 62 75 90 98 85 74 65 60 59 64 73 84 97 107 95 85 78 74 73 77 84 94 106 118 107 98 91 87 87 90 97 105 116
15 98 62 30 59 52 55 74 10 49 119 19 34 31 22 18 49 67 72 22 90 94 87 54 26 42 52 52 17 54 73 12 25 24 40 35 52 30 37 51 23 28 46 63 30 20 30 27 87 7 53 25 33 15 42 25 22 44 15 23 54 9 0 41 75 17 59 49 103 57 4 26 24 59 46 40 39 47 49 67 76 26 39 21 51 23 23 53 20 24 85 17 43 44 26 8 42 45 73 14 34 89 62 47 62 33 40 54 41 44 89 21 32 27 15 12 54 53 70 30 60 66 73 50 27 33 50 56 15 55 73 14 20 48 44 47 51 24 57 47 36 36 47 51 20 46 37 21 69 5 22 52 30 8 49 25 16 52 48 30 51 37 14 42 35 19 66 22 71 55 8 51 16 50 21 43 42 31 48 27 80 30 69 25 57 17 47 20 12 28 81 58 30 43 53 10 32 13 64 52 83 67 53 40 33 34 43 56 71 86 78 62 45 30 19 21 34 49 66 82 76 59 42 25 8 12 29 46 63 80 77 60 43 27 13 15 30 47 64 81 80 64 48 35 26 27 37 52 68 84 86 71 57 46 39 40 48 60 74 89 93 79 67 58 53 54 60 69 82 96 102 89 79 71 67 67 72 80 91 104 111 100 91 84 81 81 85 92 102 113 122 112 104 98 95 95 98 104 113 123
35 67 24 28 79 40 35 79 32 9 94 27 26 38 26 58 67 55 67 31 71 66 84 15 17 17 20 19 24 71 63 35 41 21 11 23 73 17 28 82 46 47 63 24 39 22 21 51 62 48 47 31 20 52 22 18 22 79 29 33 14 33 41 0 35 52 39 26 91 22 39 18 20 39 22 6 3 58 11 54 37 19 18 22 45 30 23 13 47 21 105 57 63 36 23 35 33 9 82 46 8 53 21 17 66 18 31 64 17 14 67 23 18 36 35 52 72 37 59 35 42 26 60 11 15 26 69 20 37 62 66 27 33 11 8 24 71 65 25 70 59 7 52 10 46 18 7 46 29 46 37 16 23 44 29 22 26 85 37 19 11 8 54 5 31 56 39 20 59 18 46 11 28 33 21 26 5 54 13 46 40 18 29 20 26 30 19 24 40 19 98 59 12 30 17 32 16 29 76 20 111 98 87 79 74 72 75 81 91 102 102 88 76 66 60 58 62 69 80 93 95 80 66 54 47 44 49 58 71 85 89 73 58 44 33 31 37 49 63 79 85 68 52 35 22 17 27 42 58 75 84 66 49 32 14 4 21 39 56 73 84 67 50 34 19 13 24 40 57 74 88 71 56 41 30 27 34 47 62 78 93 78 63 51 43 41 45 56 69 83 100 86 73 63 56 55 58 66 77 91
69 61 14 60 101 62 53 103 66 26 92 58 50 63 59 92 97 59 73 65 64 48 88 26 49 43 37 35 58 100 66 69 69 55 41 47 96 50 50 115 79 80 85 14 71 56 48 84 66 82 59 59 46 86 48 50 54 109 63 61 23 67 75 35 0 87 55 38 102 33 72 50 54 55 46 35 37 87 26 71 7 50 41 54 59 63 57 22 76 55 134 91 95 62 52 68 52 34 108 80 41 41 14 32 79 50 59 92 38 34 72 55 46 63 69 86 102 47 63 66 46 9 62 28 48 51 99 31 71 89 72 61 63 32 35 37 94 98 37 102 92 39 71 26 80 41 38 80 13 80 65 33 50 78 51 53 59 113 61 48 27 39 88 35 54 90 47 53 76 29 79 25 60 55 54 52 36 86 28 79 8 47 16 52 27 64 33 56 72 49 126 73 46 56 25 65 45 62 103 37 142 131 121 113 107 104 103 106 111 118 132 120 109 100 94 90 89 92 98 107 123 110 98 88 80 76 76 79 86 95 115 101 88 76 67 62 62 66 74 85 108 93 78 66 55 49 48 53 63 76 103 86 71 56 44 35 34 42 54 68 99 82 65 49 34 22 21 32 47 63 97 80 63 45 28 12 10 26 43 60 97 80 63 46 29 14 12 27 43 60 100 83 66 51 36 25 24 34 48 64
18 101 75 32 71 51 57 63 24 61 118 35 50 47 28 12 36 83 88 25 106 110 103 63 40 49 58 59 30 41 89 18 40 32 48 51 64 38 53 35 15 19 60 75 26 32 46 15 87 14 69 41 49 2 47 39 37 49 24 40 65 23 17 52 87 0 61 64 97 64 21 40 33 60 51 53 50 37 62 64 89 40 53 35 67 27 30 65 34 32 70 12 29 43 42 24 58 54 61 7 47 95 73 61 77 39 41 43 56 58 88 36 46 43 18 8 40 69 86 29 76 78 89 60 40 49 36 64 17 46 89 28 36 57 53 63 64 22 63 32 22 49 62 62 11 52 49 12 79 14 39 60 46 10 52 40 30 57 47 45 61 50 14 52 51 4 70 34 67 64 20 62 31 52 34 46 52 19 61 19 92 45 79 39 72 24 61 35 27 43 67 73 42 44 66 24 46 26 51 58 67 51 37 27 27 36 50 65 82 98 63 46 29 15 14 28 45 61 79 96 62 44 27 10 9 26 43 61 78 95 64 48 32 20 20 31 47 63 80 97 69 54 42 33 33 41 53 68 84 100 77 64 53 47 47 52 63 75 90 105 86 75 66 61 60 65 73 85 98 112 96 86 79 75 74 78 85 95 107 120 108 99 92 89 88 91 97 106 117 129 120 112 106 103 102 105 110 118 127 138
46 41 52 31 112 11 5 50 53 41 60 56 62 72 38 71 51 93 105 38 108 99 122 32 48 23 21 22 47 53 101 48 72 38 29 60 105 33 65 76 47 44 96 52 36 46 56 50 28 65 84 63 56 61 20 48 52 103 46 64 38 54 59 39 55 61 0 64 53 23 60 49 40 1 18 44 38 40 45 17 60 50 55 50 83 37 38 45 74 38 84 70 52 18 56 57 71 31 55 55 43 39 45 55 103 30 21 43 55 52 31 53 53 69 46 65 56 75 97 32 79 50 98 33 44 62 54 25 46 38 105 51 63 30 31 62 104 80 18 59 53 44 88 38 50 21 44 49 42 63 68 26 58 57 12 54 51 110 14 54 35 45 70 34 67 63 12 46 22 28 66 38 55 10 48 17 34 49 49 44 62 53 39 52 61 43 56 53 65 53 75 96 41 17 52 54 52 51 53 21 96 89 85 84 87 93 101 112 124 137 84 76 71 70 73 80 90 102 115 129 73 63 57 56 60 68 80 93 107 122 63 51 43 42 47 58 71 85 101 117 54 40 30 28 36 49 64 80 96 113 49 32 18 14 27 42 59 76 93 110 47 30 13 6 23 40 58 75 92 110 50 34 20 17 28 43 60 77 94 111 56 42 32 30 38 50 65 81 97 113 64 53 46 44 49 59 72 87 102 118
50 88 25 50 64 65 60 103 41 24 117 30 16 27 44 66 87 30 43 50 47 46 59 35 26 42 44 43 36 91 38 48 34 39 36 14 59 38 14 98 62 65 48 25 60 34 19 68 86 54 24 26 16 63 47 27 28 74 43 28 30 42 49 26 38 64 64 0 116 45 45 26 37 64 47 20 26 80 20 79 35 25 12 30 23 48 41 23 43 39 126 64 82 60 23 41 15 33 105 59 24 71 30 10 44 41 55 86 10 12 91 28 18 28 49 60 92 13 34 56 16 30 35 32 28 17 89 42 52 85 42 37 31 34 33 2 57 68 49 88 77 22 34 28 61 43 22 62 41 53 32 40 19 55 54 25 34 77 62 20 31 20 60 31 18 67 62 32 84 39 50 28 33 58 31 51 30 71 16 64 39 20 43 25 12 45 8 29 41 21 120 38 28 54 15 40 19 38 98 44 128 114 100 88 78 71 68 69 74 83 121 106 91 78 67 58 54 55 62 72 116 99 84 69 56 45 40 42 50 62 111 95 78 62 47 34 26 29 40 55 109 92 75 58 41 25 13 18 33 50 108 91 74 57 39 22 5 14 31 48 110 93 76 59 42 27 17 21 35 51 113 96 80 64 50 37 31 33 43 57 117 101 86 72 59 49 45 46 54 65 123 108 94 81 70 62 58 60 66 75
89 53 103 76 160 54 57 43 100 94 38 105 114 123 85 108 68 146 157 82 160 149 174 84 99 75 73 75 96 65 154 92 121 87 81 112 153 83 117 93 83 78 145 103 74 95 107 82 37 107 137 113 108 98 71 99 102 145 91 114 90 100 103 91 102 97 53 116 0 74 105 99 89 53 70 97 91 61 98 38 109 101 108 100 135 81 86 97 121 87 76 108 74 61 107 103 123 83 49 93 95 69 96 107 154 80 66 57 107 105 32 103 105 119 89 103 68 128 150 73 132 100 150 85 95 114 69 77 88 53 157 98 112 83 84 114 152 118 69 77 79 96 139 90 87 74 96 85 89 105 117 78 109 98 63 104 100 153 58 105 87 98 110 86 118 98 56 95 34 80 110 90 103 59 97 67 87 79 102 78 110 104 87 103 114 89 109 102 111 104 67 148 93 65 105 100 103 98 56 73 97 99 104 112 121 132 145 158 172 187 83 85 91 100 110 122 136 150 165 180 68 72 78 88 100 114 128 143 158 174 54 58 67 78 91 106 121 137 153 169 40 45 56 69 84 100 116 132 149 165 26 34 47 62 78 95 112 129 146 163 12 25 41 58 75 92 110 127 144 161 7 23 40 57 75 92 109 126 144 161 19 29 44 60 77 93 110 128 145 162 33 40 51 66 81 97 114 130 147 164
46 45 30 33 101 29 21 71 49 21 73 47 47 60 36 72 66 74 87 40 87 76 103 11 37 15 6 5 41 69 82 47 62 34 18 45 94 27 50 88 53 52 84 30 43 39 42 57 42 64 67 52 42 64 19 37 41 98 43 54 17 50 57 22 33 64 23 45 74 0 56 37 34 23 15 28 23 56 25 40 39 39 39 41 66 38 35 24 66 33 102 71 65 30 44 52 55 14 75 57 29 33 23 36 87 25 28 60 38 34 47 43 39 57 46 66 72 57 78 38 60 28 78 13 34 48 69 4 48 57 86 44 53 12 15 43 93 80 5 72 63 29 74 17 55 12 29 55 21 61 57 7 44 57 19 42 44 104 29 40 15 30 69 18 53 67 18 37 44 6 63 17 47 22 39 21 19 58 30 51 41 39 19 41 41 42 37 43 58 40 94 80 30 25 32 49 38 45 71 6 112 102 95 90 88 90 95 102 112 124 101 90 82 76 74 76 82 91 102 114 91 79 69 62 60 63 70 80 92 106 83 69 57 49 46 50 58 70 84 99 76 60 47 36 32 37 48 62 77 93 71 54 38 24 18 26 40 56 73 90 69 51 34 17 4 19 36 54 71 88 69 52 36 20 11 22 38 54 72 89 73 57 42 30 25 31 44 59 75 91 79 64 52 42 39 43 53 66 80 96
17 98 60 30 57 53 56 77 8 47 120 16 30 27 23 21 52 63 68 23 86 90 84 53 24 42 51 51 16 58 69 13 21 23 39 32 49 29 33 55 26 31 43 60 32 18 27 30 87 10 49 21 30 19 42 23 20 43 15 20 52 7 4 39 72 21 60 45 105 56 0 23 23 60 46 38 37 50 47 68 73 23 35 19 47 25 23 51 17 23 89 20 46 45 23 5 38 44 76 18 32 88 60 44 58 32 41 57 38 41 90 18 29 23 16 16 57 50 66 32 56 64 69 49 25 29 54 55 18 58 69 12 16 47 43 44 48 26 57 50 39 34 43 49 23 45 35 24 68 8 19 51 27 12 49 21 14 51 49 27 49 34 16 41 31 23 67 20 72 54 7 50 13 51 19 44 40 34 45 30 77 27 68 22 54 17 44 18 8 25 85 54 28 43 50 8 29 11 67 51 87 71 56 44 35 34 42 54 68 84 82 66 49 34 22 21 31 46 62 79 80 63 46 29 12 9 25 43 60 77 80 63 46 29 14 12 26 43 60 77 83 67 51 36 25 24 34 48 64 80 88 73 59 47 39 38 44 56 70 85 95 81 68 58 52 52 57 66 78 92 103 91 80 71 66 66 69 77 88 100 113 101 91 84 80 79 83 89 98 109 123 113 104 97 94 93 96 102 110 120
25 82 37 26 65 46 44 80 17 25 107 10 15 24 19 43 62 51 60 25 71 71 77 32 1 26 34 33 10 67 59 23 25 15 21 14 58 17 19 72 37 40 48 37 35 9 9 42 75 33 39 15 11 39 29 2 5 62 18 17 30 18 26 18 50 40 49 26 99 37 23 0 12 49 32 15 15 56 24 62 51 2 15 5 37 24 17 28 30 14 101 42 57 39 8 19 25 24 81 34 10 69 37 22 55 20 34 62 17 19 79 6 8 21 24 37 67 34 55 32 40 41 57 28 5 15 64 36 27 62 61 12 17 27 23 24 56 49 40 63 52 11 40 27 36 29 12 37 46 31 20 32 11 31 38 6 10 68 43 7 28 11 39 20 20 43 52 7 66 34 30 28 11 41 6 33 19 46 22 39 54 7 46 4 33 19 22 7 23 6 95 49 8 35 27 16 8 14 74 34 103 89 76 65 58 55 58 65 76 89 96 81 66 54 45 41 45 54 67 81 91 74 59 44 32 27 33 45 59 75 87 70 53 37 22 14 23 38 55 71 86 69 52 35 17 2 18 36 53 70 88 71 54 38 23 15 24 39 55 72 91 75 59 45 34 29 34 46 60 76 97 82 67 55 47 43 47 56 68 82 104 90 77 67 60 57 60 67 77 90 112 99 88 79 73 71 73 79 88 99
16 76 43 14 73 35 35 68 15 28 99 17 27 34 8 40 50 63 72 13 83 82 89 31 12 20 29 29 8 55 71 15 33 3 17 26 66 7 31 64 27 29 57 43 23 7 21 32 67 30 51 25 23 33 21 11 14 65 10 26 32 16 24 20 54 33 40 37 89 34 23 12 0 40 24 21 17 44 29 51 56 14 26 11 49 12 5 33 35 3 89 38 46 28 19 19 37 22 70 27 15 66 41 31 67 11 23 50 27 28 70 14 20 30 15 33 56 46 67 20 52 45 68 28 10 27 53 33 18 50 72 12 24 26 21 35 65 47 35 52 41 17 51 29 27 23 18 27 47 28 29 29 23 25 29 16 12 72 32 19 29 19 36 20 31 36 45 7 56 32 30 30 15 31 9 23 19 35 30 28 60 18 47 15 42 10 32 14 26 18 83 61 10 24 35 15 19 12 62 29 93 80 68 60 55 57 63 72 85 98 85 70 57 47 41 43 51 63 76 92 79 63 48 35 28 30 40 55 70 86 76 59 42 26 14 18 33 49 66 83 75 57 40 23 5 13 30 48 65 82 76 59 43 27 17 20 34 50 67 84 80 64 50 37 30 32 42 56 71 87 86 72 59 49 44 45 53 64 78 93 94 81 70 62 58 59 65 74 86 100 104 92 82 75 72 73 77 86 96 108
46 41 52 31 112 11 5 50 53 42 60 56 62 72 38 71 51 93 105 38 108 99 122 32 48 23 21 23 47 53 102 48 72 38 29 60 105 33 65 76 47 44 96 52 35 46 56 49 28 65 85 63 56 61 20 48 52 103 46 65 38 54 59 39 55 60 1 64 53 23 60 49 40 0 18 45 39 40 46 17 61 51 56 50 83 37 38 45 74 38 84 70 52 18 56 57 71 31 55 55 43 39 45 55 103 30 21 42 55 53 31 53 54 69 46 65 56 76 98 32 80 50 98 33 45 62 54 26 46 38 105 51 63 30 31 62 104 80 18 58 52 44 89 38 50 22 44 49 42 63 68 26 58 57 12 54 51 111 14 54 35 46 70 34 67 63 12 46 22 28 66 38 55 10 48 17 35 49 49 43 63 53 40 52 62 43 56 53 65 53 75 97 42 17 53 54 52 51 53 21 96 89 85 84 87 93 101 112 124 137 84 76 71 70 73 80 90 102 115 129 73 63 57 56 60 68 80 93 107 123 62 51 43 42 47 58 71 86 101 117 54 40 30 28 36 49 64 80 96 113 49 32 18 14 27 43 59 76 93 111 47 30 12 6 23 41 58 75 93 110 49 33 20 17 28 44 60 77 94 111 56 42 32 31 38 50 65 81 97 114 64 53 46 44 50 60 73 87 102 118
34 53 39 19 96 18 13 60 38 27 76 40 45 55 24 60 52 77 88 27 93 85 105 20 31 6 10 11 32 55 85 35 56 23 12 43 89 17 48 73 39 38 80 40 29 30 39 43 44 52 68 47 39 51 4 31 35 89 31 48 25 39 46 22 46 51 18 47 70 15 46 32 24 18 0 28 22 42 30 32 51 34 39 33 66 25 23 31 59 23 89 59 51 16 39 43 54 15 63 44 26 45 34 39 86 14 14 47 38 36 47 36 36 52 34 53 57 59 81 24 63 39 82 19 28 45 55 16 35 44 88 35 47 16 15 46 87 68 13 58 49 27 71 24 41 5 27 41 35 50 51 14 41 45 7 37 35 96 17 37 21 29 58 17 50 53 21 30 37 18 52 24 39 11 31 6 18 44 34 37 53 36 33 35 47 30 40 36 50 36 81 79 24 11 37 39 35 36 58 10 98 88 80 76 76 79 86 96 107 120 87 76 67 62 62 66 74 85 98 112 78 65 55 48 48 53 63 76 90 105 70 56 43 35 34 42 54 68 84 100 65 49 33 22 21 32 47 63 80 96 62 45 28 11 9 26 43 60 78 95 63 46 29 14 13 27 44 61 78 95 66 51 36 26 25 35 49 64 81 97 73 59 47 39 39 45 57 71 86 102 81 69 59 53 52 58 67 79 93 108
36 72 23 31 74 45 40 84 31 10 100 24 20 33 28 57 70 49 61 33 66 62 78 19 14 22 26 24 24 74 58 35 37 23 16 17 68 20 22 84 47 49 58 23 42 21 16 53 68 47 41 26 15 52 27 15 19 76 30 28 17 32 40 6 35 53 44 20 97 28 38 15 21 45 28 0 7 62 10 60 37 15 12 19 40 32 25 14 43 22 108 56 66 40 19 33 28 15 86 47 6 58 23 12 60 22 36 68 11 9 73 20 13 31 36 51 75 32 54 38 36 27 54 16 13 21 72 25 38 66 61 26 29 16 14 18 66 63 31 72 61 5 47 13 47 24 4 48 32 45 33 22 18 44 34 18 24 81 42 15 15 4 53 11 26 56 44 19 65 23 44 14 25 39 19 31 10 56 9 48 40 13 32 17 22 30 13 21 37 15 102 54 12 35 14 30 11 28 80 25 113 100 88 79 72 70 71 77 85 97 105 91 78 67 59 56 58 64 75 87 98 83 68 56 46 42 44 53 65 79 93 77 61 46 34 28 32 43 57 73 90 73 56 39 24 14 21 36 52 69 89 71 54 37 20 2 16 33 51 68 90 73 56 40 25 15 22 36 53 69 93 77 61 47 35 29 33 44 58 74 99 83 69 57 47 43 46 54 66 80 106 91 79 68 60 57 59 66 76 88
33 68 26 26 78 39 34 78 30 12 95 25 25 37 23 56 64 55 67 29 72 68 84 17 15 16 21 20 22 69 64 32 39 19 10 22 71 15 27 80 43 45 62 26 37 19 19 49 63 46 47 29 19 49 21 16 20 77 27 31 16 31 39 3 37 50 38 26 91 23 37 15 17 39 22 7 0 56 13 54 40 17 17 19 45 27 21 16 45 18 103 54 61 34 21 33 33 10 80 44 6 55 24 18 65 17 30 62 17 15 67 21 17 34 32 49 70 38 60 33 42 29 60 13 12 25 67 21 34 60 67 25 31 12 9 24 70 62 26 68 57 6 52 13 44 18 6 44 31 44 35 17 21 42 28 20 24 83 36 18 13 8 52 6 30 53 39 17 59 19 44 13 26 33 19 25 5 51 14 44 43 16 31 18 28 27 19 21 38 17 96 59 9 29 19 29 15 26 74 20 108 96 85 76 71 70 73 80 89 101 100 86 74 64 57 56 60 68 79 92 93 78 64 52 44 42 47 57 70 85 87 71 55 41 31 28 35 48 63 79 84 67 50 34 19 15 26 42 58 75 83 65 48 31 13 5 22 39 57 74 84 67 50 34 20 16 27 42 59 75 88 71 56 42 32 29 36 49 63 79 93 78 64 53 45 43 48 58 71 85 100 87 74 65 58 57 61 69 80 93
35 77 80 31 106 30 39 27 48 66 87 57 70 74 37 49 12 106 115 32 126 124 131 61 56 45 51 53 48 14 114 39 70 42 49 70 99 43 74 38 25 20 93 80 21 48 64 23 60 49 94 66 66 39 39 55 56 86 41 65 66 48 47 58 87 37 40 80 61 56 50 56 44 40 42 62 56 0 68 34 92 57 69 54 92 33 40 70 67 42 48 48 14 26 62 51 80 55 26 35 57 78 75 73 107 40 29 7 70 70 59 56 63 70 36 45 16 90 110 25 95 80 112 60 53 70 14 58 34 9 115 49 63 56 54 78 98 59 53 20 18 59 91 64 29 46 60 27 76 48 67 55 66 41 38 59 51 94 28 62 62 61 51 55 74 38 51 50 35 59 54 64 54 35 51 36 55 19 70 21 95 62 74 58 83 38 74 55 58 61 41 102 52 32 75 49 62 48 19 51 57 50 48 52 61 73 87 102 117 133 46 36 33 39 51 65 80 96 112 129 37 24 19 28 43 59 75 92 109 126 32 15 6 22 39 56 73 90 108 125 33 18 11 23 40 57 74 91 108 125 40 28 25 32 45 61 77 93 110 127 50 41 39 44 54 67 82 98 114 130 61 55 53 56 65 76 90 104 119 135 74 68 67 70 77 86 98 112 126 141 87 82 81 83 89 98 108 120 134 148
45 68 14 38 80 48 42 89 40 4 97 33 27 40 36 67 77 49 62 41 63 56 78 15 24 25 25 24 33 81 57 44 44 31 20 23 74 27 28 92 55 57 64 14 50 30 24 61 67 56 43 34 22 61 31 25 28 84 38 36 10 41 49 11 26 62 45 20 98 25 47 24 29 46 30 10 13 68 0 62 28 24 17 29 42 40 33 5 51 31 115 65 74 45 27 43 32 16 92 56 15 52 14 11 63 29 41 74 15 11 71 29 21 39 44 60 82 32 54 45 35 17 54 13 23 27 79 22 47 72 61 35 38 16 16 19 72 72 30 80 69 14 51 8 56 25 13 56 24 54 41 20 25 53 37 27 33 89 46 23 11 13 62 14 31 65 43 28 67 20 53 9 35 41 29 35 14 64 5 56 31 21 25 26 17 39 13 30 46 23 108 57 20 39 8 40 20 37 86 25 121 108 97 88 81 78 79 84 91 101 112 98 86 76 68 64 65 71 80 91 105 90 76 64 55 51 52 59 69 82 99 83 68 54 43 37 39 47 60 74 94 78 61 45 32 23 26 38 53 69 92 75 58 41 24 10 16 32 49 66 92 75 57 40 23 8 14 31 48 65 94 77 60 44 30 21 24 36 52 68 98 82 66 52 41 35 36 46 58 73 104 89 75 62 53 48 50 57 67 81
53 44 69 39 123 16 20 35 63 58 55 68 76 85 47 75 45 109 120 46 124 115 137 49 61 38 37 39 58 44 117 56 84 49 44 74 116 46 79 71 49 46 108 69 39 57 70 50 26 72 99 76 70 65 33 61 64 110 54 76 55 63 67 54 71 64 17 79 38 40 68 62 51 17 32 60 54 34 62 0 77 63 70 62 97 44 48 61 84 49 71 74 48 24 69 67 85 47 41 59 57 49 62 71 116 42 29 34 70 68 25 65 67 81 53 69 48 91 113 37 95 67 114 50 57 76 47 42 52 29 120 61 75 47 47 77 115 85 35 53 50 58 102 55 53 37 59 52 58 70 79 43 71 63 26 67 62 118 20 67 52 60 75 49 81 66 26 58 6 45 74 55 66 22 60 30 50 49 65 45 79 66 56 65 78 52 72 64 74 66 62 110 55 27 69 63 66 61 41 38 87 82 81 84 90 98 109 121 135 149 73 68 67 70 77 87 99 113 127 142 61 54 53 57 66 77 91 105 120 136 49 41 39 44 55 68 83 99 115 132 39 27 25 33 46 62 78 95 111 128 32 16 11 24 41 58 75 92 109 127 31 14 7 23 40 57 74 92 109 126 36 23 20 29 44 60 77 94 111 128 45 36 34 40 52 66 81 97 114 130 56 49 48 52 62 74 88 103 118 134
72 67 14 64 98 67 59 109 67 29 98 59 49 62 62 94 101 54 68 68 57 41 82 31 50 48 42 40 60 105 61 71 68 58 44 46 93 53 48 119 82 83 82 14 75 57 48 87 73 83 55 58 46 88 53 51 54 108 66 61 26 68 76 37 7 89 60 35 109 39 73 51 56 61 51 37 40 92 28 77 0 51 40 55 56 66 60 24 76 57 139 92 99 67 52 69 49 38 113 83 42 47 17 31 75 54 63 97 37 34 79 56 46 62 71 87 107 43 58 70 42 12 56 32 50 50 104 36 73 94 66 62 63 36 39 35 91 99 43 105 95 41 68 29 83 46 40 83 20 81 65 37 49 80 56 53 60 111 67 48 30 40 89 39 52 92 53 55 82 34 80 28 61 60 56 56 39 90 29 82 4 47 23 52 24 66 32 56 72 49 131 69 47 61 24 67 45 64 108 42 146 134 124 115 108 104 102 103 108 114 137 124 113 103 95 90 88 90 95 102 128 114 102 91 82 76 74 76 82 91 120 106 92 80 70 63 60 63 70 80 114 98 83 70 58 50 47 50 58 70 109 92 76 61 47 37 33 37 48 62 105 88 72 55 39 25 19 26 40 56 104 87 69 52 35 18 5 19 36 53 104 87 70 53 36 20 10 21 37 54 106 90 73 57 42 29 24 30 43 58
26 84 37 28 63 48 46 82 17 25 109 9 14 22 21 44 63 49 59 26 70 70 75 33 3 28 35 35 11 68 57 24 24 17 23 13 56 18 17 73 38 41 47 38 37 10 7 44 77 33 38 14 10 39 31 3 4 61 19 15 31 18 26 19 50 40 50 25 101 39 23 2 14 51 34 15 17 57 24 63 51 0 14 6 36 25 18 28 29 16 102 42 59 41 6 19 23 25 83 35 11 71 38 21 53 22 36 64 16 18 80 5 7 19 25 38 69 33 53 33 39 41 55 29 7 13 65 37 28 63 59 13 15 28 24 23 55 48 41 64 53 12 39 28 37 31 13 38 46 31 19 33 9 31 39 4 10 67 44 6 29 12 39 22 18 43 53 8 68 35 29 28 11 43 7 34 21 47 22 40 54 5 47 2 32 21 22 6 22 4 96 48 10 37 27 17 7 15 76 35 104 90 77 66 58 55 57 64 74 87 97 82 67 54 45 41 44 53 65 79 92 76 60 45 33 27 31 43 58 73 89 72 55 38 23 13 21 36 53 70 88 71 54 36 19 2 17 34 51 69 90 73 56 40 25 16 23 37 54 70 93 77 61 47 35 30 34 45 59 75 99 83 69 57 48 44 47 55 67 81 106 92 79 68 61 58 60 67 77 89 114 101 90 81 74 72 73 79 88 99
39 84 27 39 64 55 51 93 30 20 111 20 10 24 33 56 76 39 50 38 58 57 67 30 15 33 37 36 25 80 47 37 29 28 27 7 58 27 11 87 51 54 47 28 49 23 9 57 80 45 30 19 6 52 38 16 17 68 32 21 26 31 39 18 41 53 55 12 108 39 35 15 26 56 39 12 17 69 17 70 40 14 0 19 28 37 30 21 36 28 115 55 71 50 13 31 16 26 94 48 14 68 30 9 48 31 45 75 3 7 84 18 8 23 38 50 81 21 43 45 27 32 44 27 17 11 78 36 41 74 50 26 23 28 25 10 56 60 43 77 66 13 36 24 50 35 12 51 40 43 25 33 10 44 45 15 23 73 52 9 26 11 51 23 15 56 56 21 75 34 41 24 23 49 20 41 22 60 13 53 44 9 41 15 19 34 9 19 33 11 109 42 17 45 16 30 8 28 87 37 117 103 90 78 70 64 63 67 75 85 110 95 81 68 57 51 49 54 64 76 104 88 73 58 46 37 36 42 54 68 101 84 67 51 36 24 22 32 46 62 99 81 64 47 30 14 10 25 42 59 99 81 64 47 30 14 10 25 42 59 101 84 67 51 36 24 22 32 46 62 104 88 73 58 46 37 36 42 54 68 110 95 81 68 57 51 49 54 64 76 117 103 90 78 70 64 63 67 75 85
21 85 42 25 63 46 45 79 12 29 109 7 17 23 17 39 59 53 62 22 74 75 78 35 6 28 37 36 7 64 61 19 23 14 24 17 56 17 21 68 33 37 47 42 33 6 12 39 77 28 41 14 14 34 31 4 3 58 14 15 35 13 21 22 54 35 50 30 100 41 19 5 11 50 33 19 19 54 29 62 55 6 19 0 39 22 15 33 26 13 97 37 54 39 9 14 27 27 79 30 14 73 42 26 56 21 34 60 21 23 80 3 12 20 20 33 64 37 57 30 43 45 59 32 8 17 61 39 23 60 62 8 14 30 26 28 54 44 42 59 48 16 40 31 32 31 16 33 50 26 18 35 13 26 39 6 5 64 43 10 32 16 34 24 21 38 54 5 66 38 25 32 7 42 3 33 23 42 27 36 59 10 50 5 37 16 27 3 19 9 92 50 11 35 32 12 12 10 72 36 99 85 72 61 53 51 55 63 74 88 92 77 62 49 40 37 42 52 66 81 88 71 55 40 28 23 31 44 59 76 85 68 51 34 18 10 22 39 55 73 85 68 50 33 16 6 21 38 55 72 87 70 54 38 25 20 28 42 58 75 91 75 60 47 37 34 39 50 64 79 97 82 69 58 50 48 51 60 72 86 105 91 79 70 63 62 64 72 82 94 114 101 91 82 77 75 78 84 93 104
58 110 47 63 43 82 79 117 46 46 138 35 22 20 55 64 96 17 24 60 40 51 40 57 38 60 65 63 45 101 23 55 28 51 55 24 39 53 19 101 70 74 29 47 71 44 29 75 107 54 3 27 28 65 65 38 36 60 52 28 52 46 51 45 59 67 83 23 135 66 47 37 49 83 66 40 45 92 42 97 56 36 28 39 0 60 53 45 36 51 134 63 91 76 30 44 13 54 118 64 41 93 52 32 21 57 71 98 29 33 112 36 31 24 57 61 102 13 20 68 17 53 23 54 41 23 98 64 60 98 24 44 31 55 53 24 37 64 70 96 84 40 14 50 68 62 40 69 63 53 29 60 27 58 73 33 41 62 79 31 53 38 59 50 18 69 83 43 102 61 49 50 39 76 41 68 49 79 38 73 59 32 65 35 33 54 30 37 40 32 130 15 43 71 38 45 32 45 110 64 133 117 102 87 73 62 54 50 52 60 128 112 95 80 65 51 41 36 40 49 125 108 91 74 58 43 29 22 28 40 123 106 89 71 54 37 21 9 18 35 123 106 89 71 54 37 20 6 17 34 125 107 91 74 57 41 27 20 26 39 128 111 95 79 63 50 39 34 37 47 132 116 100 86 72 60 51 48 50 58 138 122 108 94 82 71 64 61 63 70 145 130 116 104 93 84 78 75 77 82
10 76 53 7 80 29 32 58 19 38 96 26 38 43 5 36 39 74 83 3 94 93 99 38 23 23 32 33 16 44 82 12 41 10 23 38 72 13 42 53 17 18 65 53 12 16 32 22 64 29 62 34 34 27 21 23 24 67 10 35 41 19 23 30 63 27 37 48 81 38 25 24 12 37 25 32 27 33 40 44 66 25 37 22 60 0 8 42 40 10 78 35 35 21 30 23 48 29 58 20 26 69 50 42 76 13 17 39 39 39 66 24 31 39 10 29 44 58 78 9 63 55 80 35 21 38 41 38 11 39 83 18 32 32 28 47 71 45 37 41 30 28 61 38 18 26 29 18 54 27 36 34 34 21 26 27 20 75 25 30 37 30 34 28 42 30 44 18 48 38 30 38 23 28 19 21 28 24 40 17 69 30 53 26 53 8 43 24 30 29 72 71 21 20 46 19 30 17 51 32 82 69 59 53 52 56 65 77 91 106 74 59 47 39 38 44 55 69 84 100 68 52 37 26 24 33 47 63 79 96 64 47 30 15 11 26 42 59 76 94 64 47 29 13 9 25 42 59 76 93 67 50 35 23 21 31 46 62 78 95 72 57 44 36 34 41 53 67 83 99 80 67 56 49 48 53 63 75 89 104 89 77 68 63 62 66 74 85 97 111 99 89 81 77 76 79 86 95 107 119
13 76 46 10 76 33 33 64 16 32 98 20 32 38 3 38 46 67 76 9 87 86 93 33 16 20 30 30 10 51 75 13 36 3 18 31 68 8 35 60 23 25 60 47 19 10 25 28 65 29 55 29 27 30 20 16 17 66 9 29 35 17 23 23 57 30 38 41 86 35 23 17 5 38 23 25 21 40 33 48 60 18 30 15 53 8 0 36 37 3 85 37 42 25 23 20 41 25 65 24 19 67 44 35 70 10 20 46 32 32 68 18 24 34 12 31 52 50 71 15 56 49 73 30 14 31 48 34 14 45 77 13 27 28 23 39 67 46 35 48 37 21 55 32 23 23 22 24 50 27 31 30 27 23 27 20 14 73 29 23 31 23 35 22 35 34 44 11 53 34 30 33 18 29 13 21 22 31 34 24 63 23 49 19 46 8 36 17 27 22 79 65 14 22 39 16 23 13 58 29 89 76 65 57 54 56 64 74 87 101 81 66 53 44 40 43 52 65 79 95 75 59 44 32 26 31 43 58 74 90 71 54 37 22 12 21 36 53 70 87 70 53 36 19 3 17 35 52 69 86 72 56 39 25 17 24 38 54 71 88 77 61 47 36 31 35 46 60 76 92 84 70 57 49 45 48 56 68 82 97 92 79 69 62 59 61 68 78 90 104 102 91 82 75 73 75 80 89 100 113
48 65 11 41 84 48 42 90 44 5 95 37 31 44 39 71 79 51 65 44 64 55 81 14 28 26 25 23 36 83 59 47 49 34 22 27 78 30 31 95 58 60 68 11 52 34 28 64 65 60 46 38 26 64 32 29 32 88 42 41 8 45 53 13 22 65 45 23 97 24 51 28 33 45 31 14 16 70 5 61 24 28 21 33 45 42 36 0 56 34 117 69 76 46 31 47 35 16 93 59 19 49 10 14 66 31 42 75 18 14 70 33 25 43 48 64 84 35 56 47 37 13 55 12 26 31 81 21 50 73 63 39 42 15 17 22 76 76 28 82 72 18 55 7 59 26 17 59 20 58 45 19 29 57 37 31 37 93 47 27 10 17 66 16 35 68 41 32 66 18 57 7 39 41 33 36 16 66 8 59 27 26 21 30 17 42 16 34 50 27 110 60 24 40 9 44 24 41 87 24 123 111 100 92 85 83 83 88 95 104 114 101 89 79 72 69 70 75 83 94 106 92 79 67 59 55 56 62 72 85 100 84 70 57 46 41 43 51 63 77 95 79 63 47 34 27 30 40 55 70 92 75 58 41 25 13 18 33 50 67 91 74 57 39 22 5 14 31 48 65 93 76 59 42 27 17 21 35 51 67 96 80 64 49 37 30 33 43 56 72 101 86 72 59 49 44 46 53 65 78
33 111 63 46 40 69 70 94 22 53 134 20 28 17 37 29 68 52 55 39 76 85 69 61 30 54 62 62 27 74 58 30 10 37 50 30 32 42 29 67 42 47 26 63 48 29 28 46 102 21 39 18 31 33 55 30 26 33 30 16 59 22 20 47 76 34 74 43 121 66 17 30 35 74 59 43 45 67 51 84 76 29 36 26 36 40 37 56 0 36 104 28 62 61 25 18 31 53 92 34 39 99 65 45 44 45 56 73 39 43 104 24 31 15 33 28 73 43 55 48 49 68 58 57 33 26 69 65 34 75 57 24 14 56 52 42 32 28 68 66 55 40 29 56 39 57 41 41 74 21 12 61 27 27 63 25 24 39 65 29 57 40 24 50 25 36 79 30 88 63 15 56 21 66 28 58 49 50 48 47 79 30 75 27 54 33 44 24 10 29 100 40 37 58 52 21 32 24 83 62 99 83 67 51 38 29 29 38 52 67 96 79 62 46 29 16 16 30 46 63 95 78 61 44 26 9 9 27 44 61 97 80 63 46 30 18 18 31 46 63 100 83 67 52 39 30 31 39 52 68 105 89 75 61 50 44 44 50 61 75 111 97 84 72 63 58 58 63 72 83 119 106 94 83 76 72 71 75 83 93 128 116 105 96 89 85 85 89 95 104 138 127 117 108 102 99 99 102 107 115
15 75 44 12 75 34 34 66 16 29 98 19 29 36 6 40 49 65 74 12 85 83 91 32 14 19 29 29 10 53 73 15 35 1 17 28 67 7 33 62 25 28 59 44 21 9 23 31 66 31 53 27 25 32 20 14 15 66 10 28 33 17 24 21 55 32 38 39 87 33 23 14 3 38 23 22 18 42 31 49 57 16 28 13 51 10 3 34 36 0 88 38 45 26 21 20 39 23 67 26 17 66 42 33 69 10 21 48 29 29 68 16 22 32 15 33 54 48 69 18 54 46 70 28 11 29 51 33 17 48 74 13 26 26 21 37 66 47 34 51 40 18 53 30 26 22 19 26 48 28 30 28 25 25 27 19 13 73 30 21 29 20 37 20 33 36 44 9 54 32 30 30 17 30 11 22 20 34 31 27 61 20 47 17 43 9 34 16 27 20 82 63 11 23 36 16 21 13 60 28 91 78 67 59 55 57 64 74 86 100 83 69 56 46 41 44 52 64 78 93 77 61 47 34 27 31 42 56 72 88 74 57 40 24 14 20 35 51 68 85 72 55 38 21 3 15 32 50 67 84 74 57 41 26 16 21 36 52 69 86 78 63 48 36 30 33 44 58 73 89 85 70 58 48 44 46 54 66 80 94 93 80 69 61 58 59 66 76 88 102 102 91 81 75 72 73 78 87 97 110
77 114 127 78 139 74 84 38 89 113 112 100 114 115 82 77 39 150 156 77 171 170 172 108 100 92 98 100 91 35 157 80 109 87 96 114 131 89 118 40 65 61 129 127 67 93 109 60 94 83 137 108 111 71 87 100 100 110 84 107 113 88 85 105 134 70 84 126 76 102 89 101 89 84 89 108 103 48 115 71 139 102 115 97 134 78 85 117 104 88 0 77 44 73 106 90 124 102 31 71 103 120 122 120 146 87 76 43 116 116 91 100 108 111 78 77 34 134 153 71 140 127 155 107 98 113 37 104 75 46 157 92 104 104 101 124 132 84 99 39 50 105 131 111 67 93 106 66 123 83 107 102 110 77 84 103 94 119 74 107 109 107 82 102 117 68 95 95 69 106 89 111 96 81 95 83 102 56 117 62 142 107 121 102 130 82 121 99 96 105 10 142 98 79 122 90 107 90 32 98 23 33 48 64 80 97 114 131 148 165 11 27 43 61 78 95 112 130 147 164 11 27 44 61 78 95 112 130 147 164 24 34 48 64 81 97 114 131 148 165 38 45 56 70 86 101 118 134 151 168 52 57 66 79 92 107 123 139 155 171 66 70 78 88 101 115 129 144 160 176 80 83 90 99 110 123 137 151 166 181 94 97 103 111 121 132 145 159 173 188 108 111 116 123 132 143 155 167 181 195
25 110 79 41 62 61 66 74 26 65 128 35 49 43 35 2 46 79 83 33 103 109 97 69 42 56 66 66 33 51 85 24 36 38 55 50 54 44 52 40 26 30 52 79 36 36 46 26 97 10 66 39 49 11 55 41 38 38 29 37 70 25 17 57 91 12 70 64 108 71 20 42 38 70 59 56 54 48 65 74 92 42 55 37 63 35 37 69 28 38 77 0 39 53 42 24 56 60 71 16 50 103 78 63 71 46 50 54 57 60 98 37 48 40 26 6 50 68 82 39 74 82 85 66 43 48 46 71 25 57 84 30 34 63 59 63 55 11 71 41 32 52 57 67 22 59 53 23 85 12 35 66 46 14 61 40 32 47 57 46 67 53 5 57 49 11 78 38 77 70 15 67 32 61 37 55 57 30 64 30 96 46 85 41 73 30 63 37 24 44 76 68 46 53 69 26 48 29 62 66 72 55 39 25 18 25 39 55 72 89 70 52 35 18 4 18 35 53 70 87 70 53 37 21 11 21 37 54 71 88 74 58 43 31 25 31 43 58 74 91 80 65 53 43 39 43 53 65 80 95 88 75 64 56 53 56 64 74 87 102 97 85 76 70 67 70 76 85 96 110 107 97 89 83 81 83 88 96 107 118 119 109 102 97 95 97 101 108 117 128 130 122 115 111 109 111 114 121 129 139
34 91 86 36 100 42 50 36 46 71 101 56 71 72 39 39 7 106 113 34 128 127 129 69 57 52 60 62 48 12 113 37 67 44 55 71 92 47 74 24 22 18 88 86 24 49 65 16 73 43 93 64 68 31 48 56 56 76 40 64 73 45 43 63 95 29 52 82 74 65 46 57 46 52 51 66 61 14 74 48 99 59 71 54 91 35 42 76 62 45 44 39 0 37 62 48 80 61 32 29 61 90 82 77 104 46 37 17 73 73 72 56 65 68 34 37 11 91 110 29 97 87 112 67 55 70 8 67 32 22 114 48 61 64 61 81 92 49 63 7 8 62 89 70 24 55 63 22 85 42 64 63 66 35 48 59 51 85 39 64 69 64 43 61 73 29 63 51 48 68 48 71 53 46 52 45 61 12 75 19 102 63 83 59 87 38 78 55 54 62 39 99 56 41 80 46 64 46 23 60 48 38 34 38 49 63 78 94 110 127 39 26 20 27 41 57 73 90 107 124 35 18 6 19 36 54 71 88 105 123 35 19 10 21 37 54 71 88 106 123 41 29 24 30 43 58 74 91 108 125 51 41 38 42 52 65 80 95 112 128 62 55 52 55 63 74 87 102 117 133 75 68 66 68 75 84 96 109 124 139 87 82 80 82 87 96 106 118 131 146 101 96 94 96 101 108 117 128 140 154
30 58 55 16 100 9 15 44 39 42 75 45 54 62 24 54 37 88 99 23 106 101 116 36 39 20 25 27 35 40 96 33 60 26 25 52 93 24 58 60 29 27 85 55 18 34 48 32 44 49 78 53 49 44 15 39 41 87 31 53 41 40 44 36 62 43 18 60 61 30 45 39 28 18 16 40 34 26 45 24 67 41 50 39 76 21 25 46 61 26 73 53 37 0 47 43 64 30 47 38 37 55 50 52 94 20 6 31 50 49 45 42 46 58 30 48 42 71 93 15 76 55 94 35 35 54 39 32 30 28 99 38 52 32 30 58 92 64 27 43 36 38 79 39 33 21 39 32 50 47 56 30 49 41 12 44 39 95 5 46 37 40 54 31 59 46 28 35 28 34 51 40 42 10 37 11 32 32 48 26 69 45 48 42 61 29 53 42 51 44 65 88 33 7 52 40 44 37 42 25 83 74 68 67 70 76 86 98 112 126 72 61 54 53 56 65 76 89 104 119 62 50 41 38 44 54 67 82 98 114 55 40 28 24 32 45 61 77 93 110 50 33 17 11 23 40 57 74 91 108 49 32 15 6 22 39 56 73 91 108 52 37 24 19 28 43 59 75 92 109 59 46 36 33 39 51 65 80 96 112 68 57 49 47 51 61 73 87 102 117 79 69 63 61 65 72 82 95 109 123
29 89 39 33 58 53 51 87 19 28 114 8 9 17 25 44 67 45 54 30 66 68 70 37 8 34 41 40 15 72 52 26 19 22 28 9 51 24 13 76 41 45 41 39 41 14 5 47 82 32 33 9 7 41 37 9 7 58 22 10 35 19 26 23 52 42 56 23 107 44 23 8 19 56 39 19 21 62 27 69 52 6 13 9 30 30 23 31 25 21 106 42 62 47 0 19 19 30 88 37 16 75 40 21 48 28 41 68 16 19 86 7 7 14 28 38 73 29 49 38 35 43 51 33 12 8 69 42 31 68 54 15 11 33 29 21 49 47 46 68 56 16 33 31 40 36 16 41 50 31 15 38 5 32 45 3 12 63 50 5 33 15 38 26 13 45 59 13 74 40 28 32 11 48 11 40 25 50 24 44 56 6 50 5 31 25 21 7 20 4 100 42 15 42 28 18 8 17 80 40 107 92 78 66 57 52 53 59 69 82 100 85 70 56 45 38 40 48 60 74 96 79 63 47 34 25 27 38 52 68 93 76 59 42 26 12 15 31 47 64 93 76 59 41 24 8 13 29 47 64 95 78 61 45 30 20 22 34 50 66 99 82 67 52 40 33 35 43 56 71 104 89 75 62 52 47 48 55 65 79 111 97 84 73 65 61 61 67 76 87 119 106 95 85 78 75 75 79 87 97
16 95 56 28 58 51 53 77 5 43 117 12 27 25 20 25 53 60 66 22 83 87 82 49 20 38 48 48 12 59 67 13 20 20 35 28 50 26 30 58 27 31 43 56 31 14 23 32 85 14 47 18 26 22 39 18 15 47 13 17 48 4 8 35 68 24 57 41 103 52 5 19 19 57 43 33 33 51 43 67 69 19 31 14 44 23 20 47 18 20 90 24 48 43 19 0 35 40 76 20 28 85 56 40 57 29 39 57 34 37 87 14 25 21 16 20 58 46 63 31 53 59 66 45 21 26 55 51 17 58 67 8 14 43 39 40 49 30 53 52 41 30 42 45 24 42 30 26 64 12 17 47 23 14 46 17 10 54 47 23 45 30 20 37 28 26 63 16 71 50 11 45 9 48 15 41 36 36 41 31 73 23 63 18 50 15 40 13 8 21 86 52 24 41 46 4 25 8 68 47 89 74 60 48 39 38 44 55 69 84 84 68 52 37 26 24 33 47 63 79 82 64 47 31 15 11 26 42 59 76 81 64 47 30 13 8 24 41 59 76 83 66 50 35 22 20 30 45 61 78 88 72 57 44 35 34 41 53 67 82 94 79 66 55 49 48 53 62 75 89 102 88 77 68 62 61 65 73 84 97 111 99 88 81 76 75 78 85 94 106 121 110 101 94 90 89 92 97 106 116
47 99 39 51 50 70 66 105 35 35 127 24 10 15 44 57 85 27 36 49 49 54 52 46 26 48 53 52 33 90 34 44 22 39 42 12 44 41 7 92 59 63 34 39 59 32 17 65 95 46 15 17 15 56 52 26 25 60 40 19 41 36 42 33 52 58 71 15 123 55 38 25 37 71 54 28 33 80 32 85 49 23 16 27 13 48 41 35 31 39 124 56 80 64 19 35 0 42 106 54 29 83 43 21 33 44 59 86 18 21 100 25 18 17 46 53 91 13 30 56 19 44 32 42 29 11 87 52 49 86 36 33 22 43 41 15 43 58 58 85 74 28 20 39 57 50 27 59 54 45 21 49 15 49 60 22 30 63 67 19 41 26 51 38 7 60 71 31 90 49 41 39 28 64 29 56 37 68 27 62 53 20 55 23 26 43 20 25 32 20 119 26 31 59 28 35 20 34 98 52 124 108 94 80 68 59 54 55 60 70 118 102 86 71 58 47 40 41 49 60 114 97 81 65 49 36 27 28 38 52 112 95 77 60 43 27 14 16 31 47 111 94 76 59 42 25 8 11 28 46 112 95 78 61 45 29 18 20 33 48 115 99 82 66 52 39 31 32 41 55 120 104 88 74 61 51 45 45 52 63 126 110 96 83 72 63 59 59 64 73 133 119 105 93 83 76 72 73 77 85
37 59 26 26 87 33 27 74 36 12 86 33 34 46 27 62 64 63 75 31 78 71 92 9 23 11 12 10 29 67 71 37 48 23 7 31 81 17 36 82 45 46 71 26 38 26 29 51 54 52 55 38 28 54 16 24 28 85 32 40 12 38 45 9 34 54 31 33 83 14 44 24 22 31 15 15 10 55 16 47 38 25 26 27 54 29 25 16 53 23 102 60 61 30 30 40 42 0 77 48 15 46 21 25 74 17 26 60 25 22 58 29 26 44 36 55 69 45 67 33 49 26 68 6 20 34 66 12 38 57 75 32 40 4 2 32 79 69 17 68 58 15 61 10 47 10 15 47 26 50 44 8 31 47 22 29 31 91 31 27 8 17 58 4 39 58 30 25 52 11 51 10 34 26 26 20 5 53 19 45 41 25 25 27 32 31 26 30 46 27 94 68 17 24 23 36 24 33 72 11 109 97 88 81 77 78 82 89 99 110 99 87 76 68 63 64 69 77 88 101 91 77 65 55 50 50 56 66 79 93 84 69 55 43 36 36 45 57 72 87 79 63 47 32 22 23 35 50 66 83 77 60 43 26 10 13 29 46 63 80 77 60 43 26 11 13 29 46 63 80 80 63 47 33 23 24 35 50 66 83 85 69 55 44 37 37 45 58 72 87 92 78 65 56 50 51 57 67 80 94
61 83 102 56 131 46 55 7 74 88 83 83 96 100 63 71 26 132 141 58 151 147 157 83 81 67 71 73 74 21 140 64 96 67 72 95 123 67 100 46 50 46 118 102 47 74 90 47 64 74 120 92 92 62 61 80 82 108 67 91 88 74 73 82 108 61 55 105 49 75 76 81 70 55 63 86 80 26 92 41 113 83 94 79 118 58 65 93 92 67 31 71 32 47 88 76 106 77 0 60 82 90 96 98 133 65 51 20 95 95 61 82 89 96 62 68 23 115 136 50 120 102 137 82 78 96 26 77 60 21 141 75 89 78 77 103 123 80 71 32 39 83 117 86 54 68 84 52 95 73 92 76 91 66 57 85 77 117 47 88 84 85 74 78 100 61 65 76 38 80 79 86 80 53 77 58 78 43 94 46 115 87 93 84 107 64 99 81 83 87 22 128 77 53 99 74 88 74 10 71 49 50 57 67 80 95 110 126 142 158 35 37 45 58 73 88 105 121 138 155 21 24 36 51 67 84 101 118 135 152 8 14 30 47 65 82 99 116 134 151 11 15 31 48 65 82 99 117 134 151 24 26 38 52 68 85 101 118 135 152 38 39 48 60 74 90 106 122 138 155 52 53 59 70 82 96 111 127 143 159 66 67 72 81 92 104 118 133 148 164 81 81 85 92 102 114 127 140 155 170
12 95 69 26 72 46 51 61 19 55 112 30 45 44 22 17 35 80 86 18 102 105 101 57 34 42 52 53 24 41 86 12 38 26 42 46 64 32 49 39 11 15 59 69 21 27 41 13 81 15 66 37 44 7 40 33 32 52 18 36 59 18 14 46 80 7 55 59 93 57 18 34 27 55 44 47 44 35 56 59 83 35 48 30 64 20 24 59 34 26 71 16 29 38 37 20 54 48 60 0 41 88 67 56 76 33 35 41 51 52 82 31 41 40 12 11 40 65 83 23 71 72 85 54 34 44 36 57 10 43 87 23 33 51 47 58 64 27 57 33 22 43 60 55 7 46 44 8 73 14 36 53 41 7 45 35 25 61 42 40 55 44 17 46 47 10 63 29 62 57 19 56 27 46 29 40 45 17 55 15 86 40 72 34 66 17 56 30 25 38 68 71 36 38 60 20 41 21 51 52 70 55 42 33 32 40 52 67 83 99 65 49 33 20 19 30 45 62 79 96 63 45 28 11 8 25 42 59 77 94 64 47 30 16 14 27 44 60 77 95 68 52 38 28 26 35 49 64 81 97 74 60 48 41 40 46 57 71 86 102 83 70 61 55 54 59 68 80 93 108 92 82 73 69 68 72 79 89 102 115 103 94 87 82 82 85 91 100 111 124 115 106 100 96 96 98 104 112 122 133
30 74 29 26 73 42 38 80 25 15 100 20 20 32 22 52 64 52 63 28 70 68 80 22 9 20 26 25 18 69 60 29 34 17 14 17 66 15 23 78 41 44 56 29 37 15 14 47 68 41 42 24 14 46 24 10 14 72 24 25 21 26 34 8 41 47 43 24 95 29 32 10 15 43 26 6 6 57 15 57 42 11 14 14 41 26 19 19 39 17 103 50 61 37 16 28 29 15 82 41 0 60 28 17 60 18 32 63 14 14 72 16 11 29 30 46 70 35 56 33 40 32 57 18 8 20 66 27 32 62 63 21 26 18 14 22 64 58 32 67 56 2 47 17 41 22 3 42 36 39 29 23 16 38 32 15 19 77 39 12 18 4 48 11 25 50 44 13 62 25 39 18 21 36 14 28 10 50 15 43 46 11 36 13 27 24 18 16 32 12 97 54 6 31 20 25 10 22 75 25 107 94 82 73 67 65 68 74 84 96 99 85 72 61 53 51 54 63 74 87 93 77 63 50 40 37 42 52 65 80 88 72 55 40 28 23 30 43 59 75 86 68 51 34 18 9 21 38 55 72 85 68 51 34 17 6 20 37 54 72 87 71 54 39 25 20 28 42 58 74 92 76 61 47 37 34 39 50 64 79 98 83 70 58 50 48 51 60 72 86 105 92 80 70 64 62 64 71 82 94
78 20 48 63 131 49 41 84 81 49 51 79 78 90 68 104 89 98 111 71 104 88 127 39 69 47 38 37 73 91 105 79 94 66 50 74 125 60 79 114 82 81 115 48 71 71 73 86 32 96 94 83 72 95 49 69 73 130 75 85 42 82 89 53 41 95 39 71 69 33 88 69 66 39 45 58 55 78 52 49 47 71 68 73 93 69 67 49 99 66 120 103 90 55 75 85 83 46 90 88 60 0 42 63 114 57 56 80 66 62 38 75 70 88 78 97 94 82 102 67 83 43 101 43 66 78 92 34 79 76 110 77 85 43 47 70 123 112 32 97 90 60 103 45 85 44 59 84 31 94 89 39 75 89 44 74 76 137 52 72 43 61 101 50 82 97 27 70 52 36 95 45 79 45 71 49 50 86 56 80 47 70 29 72 63 73 64 75 91 71 111 108 62 52 56 81 68 78 90 38 134 127 122 120 120 122 127 134 142 153 122 114 109 106 106 109 114 122 131 142 109 101 95 92 92 95 101 110 120 132 98 88 81 78 78 82 89 99 110 123 87 76 68 64 64 69 77 88 101 115 77 65 55 50 50 56 66 79 93 108 69 55 43 36 37 45 57 71 87 103 63 47 33 22 23 35 50 66 82 99 60 43 26 10 13 29 46 63 80 97 60 43 26 11 13 29 46 63 80 97
56 60 8 47 92 51 43 93 53 13 90 46 40 53 46 79 84 56 70 51 66 54 86 14 37 31 26 24 45 88 64 56 58 42 28 36 87 37 40 102 66 67 76 8 58 43 37 71 62 69 53 48 35 73 36 38 41 97 50 50 10 54 62 21 14 73 45 30 96 23 60 37 41 45 34 23 24 75 14 62 17 38 30 42 52 50 44 10 65 42 122 78 82 50 40 56 43 21 96 67 28 42 0 22 73 37 47 80 27 23 67 42 34 52 56 73 90 41 60 53 42 6 60 16 35 40 87 20 58 77 69 48 51 19 22 29 85 85 28 89 79 26 63 12 67 29 26 67 11 67 54 21 38 65 40 40 46 102 50 36 14 26 75 22 44 76 40 41 67 18 66 12 48 44 41 40 22 73 17 66 20 35 13 39 22 50 24 43 59 37 115 67 32 44 15 52 33 50 92 26 130 118 108 100 94 92 92 96 103 112 120 107 96 87 81 78 79 83 91 101 111 98 85 75 67 64 65 71 80 91 104 89 75 63 54 50 52 58 69 82 98 82 67 53 42 36 38 47 60 75 93 77 60 45 31 22 26 38 53 69 91 74 57 40 23 9 16 32 49 66 91 74 57 40 23 8 15 32 49 66 93 76 60 44 30 21 25 37 53 69 97 81 66 52 41 35 37 46 59 74
45 79 19 43 70 56 51 96 38 15 108 29 18 31 38 64 81 39 52 44 55 51 68 26 22 33 35 34 32 85 47 44 37 33 28 15 65 31 18 94 57 60 54 19 53 30 17 63 77 53 32 27 15 60 39 23 25 77 39 30 21 39 47 17 32 61 55 10 107 36 44 22 31 55 39 12 18 73 11 71 31 21 9 26 32 42 35 14 45 33 120 63 77 52 21 40 21 25 98 56 17 63 22 0 52 34 47 79 6 4 82 26 16 31 45 58 86 22 43 49 25 24 44 23 22 19 83 33 47 78 51 33 32 25 24 8 63 68 40 83 72 15 41 19 57 34 14 58 33 51 34 30 18 52 45 23 31 81 54 18 22 13 59 22 22 64 53 27 76 30 49 19 31 50 27 42 21 66 7 59 35 17 35 22 11 40 2 27 41 19 113 46 22 46 8 37 15 35 91 35 123 110 97 86 78 73 72 74 81 91 116 101 87 75 65 59 58 61 69 80 109 94 79 65 53 46 44 49 58 71 104 88 72 57 43 33 30 37 49 64 101 84 67 51 35 21 16 27 42 59 100 83 66 48 31 14 5 22 39 57 101 84 67 50 33 19 14 25 41 58 104 87 71 55 41 30 27 34 47 62 108 92 77 63 51 43 41 46 56 69 114 99 85 73 63 56 55 59 67 78
72 131 67 80 29 101 98 133 60 66 159 51 41 33 72 72 110 24 15 76 43 61 26 77 56 80 85 84 61 115 22 69 38 69 74 43 29 71 38 111 84 88 23 67 87 61 47 88 127 64 21 42 47 76 84 56 54 56 67 42 73 60 62 66 79 77 103 44 154 87 58 55 67 103 86 60 65 107 63 116 75 53 48 56 21 76 70 66 44 69 146 71 104 94 48 57 33 74 133 76 60 114 73 52 0 75 89 113 50 53 132 53 50 38 72 71 115 33 22 85 34 73 26 74 59 41 111 84 74 114 18 59 45 76 73 45 27 69 90 108 97 60 16 70 81 82 59 82 84 64 41 81 45 70 92 51 57 55 97 50 73 58 67 70 36 79 104 60 121 81 58 71 54 95 58 87 69 92 58 87 77 51 86 52 53 70 51 53 51 51 143 7 62 90 58 59 51 60 124 85 142 126 109 93 77 62 49 39 36 40 140 122 105 89 72 56 40 27 22 29 138 121 104 86 69 52 35 18 8 20 138 121 103 86 69 52 35 18 7 20 139 122 105 88 72 55 40 26 20 28 142 125 109 92 77 62 48 38 34 39 146 130 114 98 84 70 59 51 48 51 151 136 120 106 92 80 70 64 62 64 158 143 128 115 102 91 83 77 75 77 165 151 137 124 113 103 96 91 89 91
21 66 41 10 83 26 25 63 25 26 89 27 35 44 11 47 49 69 80 15 87 84 96 25 20 10 20 21 18 53 77 22 43 9 10 33 76 4 38 66 29 30 67 41 22 17 29 34 57 39 59 35 30 39 11 20 23 75 18 35 28 26 33 18 50 39 30 41 80 25 32 20 11 30 14 22 17 40 29 42 54 22 31 21 57 13 10 31 45 10 87 46 46 20 28 29 44 17 65 33 18 57 37 34 75 0 15 46 31 30 60 24 27 40 21 41 54 52 73 17 57 42 74 22 16 35 51 25 23 45 80 22 34 19 16 39 75 56 25 52 42 19 60 25 31 14 20 31 42 37 39 21 30 33 18 25 22 82 23 26 24 21 45 16 40 42 35 17 46 25 39 26 25 21 19 13 16 36 30 29 57 25 40 23 44 17 35 24 36 25 80 69 14 15 35 25 25 22 58 20 93 81 72 65 63 66 73 83 95 108 84 71 60 52 49 53 61 73 86 101 77 62 49 39 35 40 51 64 79 95 71 55 40 27 21 29 42 58 74 91 68 51 34 18 7 21 37 54 72 89 69 51 34 18 8 21 37 54 72 89 71 55 40 27 22 29 42 58 74 91 77 62 49 39 36 40 51 64 79 95 84 71 60 52 50 53 62 73 87 101 94 82 72 66 64 66 73 83 95 109
26 61 52 11 95 13 17 49 35 38 79 40 49 57 19 51 39 83 94 18 101 96 110 33 34 17 23 25 30 42 91 28 55 21 21 47 88 18 52 60 27 26 80 52 16 29 43 31 48 45 73 48 44 41 11 33 36 83 26 48 38 35 40 31 59 41 21 55 66 28 41 34 23 21 14 36 30 29 41 29 63 36 45 34 71 17 20 42 56 21 76 50 37 6 41 39 59 26 51 35 32 56 47 47 89 15 0 34 45 44 49 37 41 53 26 45 44 66 88 12 71 52 89 32 30 49 41 30 26 31 94 33 47 28 26 53 87 60 26 44 36 33 74 36 30 18 34 30 48 43 51 27 44 37 12 39 34 91 9 40 34 35 50 27 54 43 30 30 33 31 47 36 37 12 32 8 28 31 43 25 66 40 46 37 57 24 49 37 46 39 68 83 28 4 48 35 39 32 46 23 84 75 68 65 67 73 82 93 107 121 74 63 54 51 53 60 71 85 99 114 65 52 41 37 40 49 62 77 93 109 58 43 30 23 28 40 55 72 88 105 54 37 21 9 18 35 52 69 86 103 54 37 20 7 17 34 51 68 86 103 58 42 28 21 26 39 55 71 88 105 64 50 40 35 38 48 61 76 92 108 73 61 52 49 51 59 70 83 98 113 83 73 66 63 65 71 80 92 106 120
42 78 85 37 112 32 42 21 54 71 85 64 77 81 43 54 12 112 121 38 132 129 137 66 62 50 55 57 54 11 120 45 76 48 54 76 105 49 80 39 31 27 99 85 28 55 71 28 59 55 100 72 73 44 44 61 62 91 47 72 71 54 54 64 92 43 43 86 57 60 57 62 50 42 47 68 62 7 74 34 97 64 75 60 98 39 46 75 73 48 43 54 17 31 68 57 86 60 20 41 63 80 80 79 113 46 34 0 76 76 58 62 70 76 42 50 15 96 116 31 101 85 118 65 59 76 14 62 40 6 122 55 69 61 59 84 104 64 56 21 23 65 98 69 35 51 65 33 80 54 73 60 72 47 42 65 57 100 31 69 67 67 57 60 80 44 54 56 34 64 60 69 60 38 58 41 60 25 76 27 99 68 78 64 89 45 80 62 64 67 35 108 58 36 80 55 68 54 13 55 54 49 49 55 65 78 92 108 123 139 42 35 35 43 56 70 86 102 119 135 32 21 22 34 49 65 82 99 116 133 26 10 11 28 45 62 80 97 114 131 27 12 14 29 46 63 80 97 114 132 35 25 26 36 50 66 83 99 116 133 46 39 39 47 58 72 88 104 120 136 58 53 53 59 68 81 94 109 125 141 71 67 67 71 79 90 103 117 131 146 85 81 81 85 91 101 112 125 139 153
41 82 25 40 66 55 51 93 33 18 110 23 13 26 34 59 77 39 51 40 57 55 67 28 17 33 36 35 27 82 47 39 31 29 27 10 60 28 13 89 53 56 50 25 50 25 12 59 79 47 30 22 9 55 37 18 19 71 34 24 24 34 41 17 38 56 55 10 107 38 38 17 27 55 38 11 17 70 15 70 37 16 3 21 29 39 32 18 39 29 116 57 73 50 16 34 18 25 95 51 14 66 27 6 50 31 45 76 0 4 83 20 10 25 40 53 83 21 43 46 26 29 44 25 18 14 79 35 43 75 50 28 26 26 24 9 58 63 41 79 68 13 37 22 52 34 12 53 38 46 28 32 13 47 45 17 26 76 53 12 24 10 54 22 17 59 55 23 75 32 44 22 26 49 22 41 21 62 10 55 41 11 39 17 17 36 6 21 35 13 110 43 18 45 14 32 10 30 88 36 119 105 92 81 72 67 66 70 77 87 112 97 83 70 60 53 52 57 66 77 106 90 75 60 48 40 38 44 55 69 102 85 68 53 38 27 25 33 47 63 99 82 65 48 31 16 12 25 42 59 99 82 64 47 30 13 7 24 41 58 100 83 67 50 35 22 19 30 45 61 104 88 72 57 44 35 33 40 52 66 109 94 79 66 55 48 47 52 61 74 116 101 88 76 67 61 60 64 72 83
42 78 21 39 70 53 49 92 35 14 106 26 17 30 35 61 77 41 53 40 58 55 70 25 18 31 33 32 28 82 49 40 35 30 25 14 64 28 17 90 54 56 54 21 50 26 15 60 75 50 34 25 12 57 36 19 22 75 35 28 20 36 44 14 34 58 52 12 105 34 41 19 28 53 36 9 15 70 11 68 34 18 7 23 33 39 32 14 43 29 116 60 73 49 19 37 21 22 95 52 14 62 23 4 53 30 44 76 4 0 80 23 13 29 42 55 83 24 45 46 28 26 46 22 19 18 80 32 44 74 53 30 29 23 22 10 62 66 38 80 69 12 41 18 54 32 11 54 34 48 32 29 16 49 43 20 28 80 51 15 21 10 56 19 21 61 52 24 73 29 47 18 28 47 24 40 19 63 7 55 37 14 35 19 15 37 5 24 39 16 110 47 18 43 10 34 12 32 88 33 120 106 94 83 75 71 70 74 81 91 112 98 84 72 62 57 56 61 69 81 106 90 75 62 50 43 42 48 59 72 101 85 69 53 39 30 29 37 50 65 98 81 64 47 31 17 16 28 44 61 97 80 63 45 28 11 8 25 42 59 98 81 64 48 32 18 16 29 44 61 101 85 69 54 40 31 30 38 51 66 106 91 76 62 51 44 43 49 60 73 113 98 84 73 63 58 57 61 70 81
75 24 74 60 142 37 35 54 83 67 31 86 91 102 68 99 69 120 133 67 132 119 149 57 78 53 47 49 77 68 128 77 102 68 58 89 135 63 94 96 73 70 126 74 62 76 85 75 6 94 113 93 85 88 50 78 82 132 75 94 63 84 89 67 72 88 31 91 32 47 90 79 70 31 47 73 67 59 71 25 79 80 84 80 112 66 68 70 104 68 91 98 72 45 86 87 100 58 61 82 72 38 67 82 132 60 49 58 83 80 0 83 83 99 75 93 72 103 124 60 106 71 124 59 74 91 71 50 75 53 132 81 93 57 59 89 134 109 42 77 75 72 118 64 77 50 73 76 60 92 98 52 87 86 42 84 81 140 41 83 61 74 98 62 96 90 29 76 25 52 96 63 85 39 78 47 63 73 76 69 79 82 57 82 87 73 83 83 95 83 81 125 71 47 78 84 81 81 63 48 109 106 106 108 114 121 131 142 154 167 95 92 92 95 101 109 120 132 145 159 81 77 77 81 88 98 110 123 137 151 68 63 63 68 77 88 101 115 129 145 55 49 49 55 66 78 93 108 123 140 43 35 36 44 56 71 86 102 119 135 32 22 22 34 49 65 82 99 116 133 26 10 12 28 45 62 80 97 114 131 27 12 13 29 46 63 80 97 114 132 34 25 25 36 50 66 83 99 116 133
23 87 42 28 60 49 48 81 13 30 112 5 15 20 20 39 61 51 59 25 72 74 76 37 7 31 39 39 9 66 58 20 20 17 26 15 53 20 19 70 35 39 44 42 35 8 10 41 79 28 38 11 13 35 33 6 2 56 16 12 36 14 21 23 55 36 53 28 103 43 18 6 14 53 36 20 21 56 29 65 56 5 18 3 36 24 18 33 24 16 100 37 56 42 7 14 25 29 82 31 16 75 42 26 53 24 37 62 20 23 83 0 11 17 22 33 67 35 54 33 41 46 57 33 10 14 63 41 25 62 60 9 11 32 28 27 52 44 45 62 50 17 38 32 34 34 17 35 51 26 16 37 11 27 42 4 6 62 45 9 34 17 34 26 18 39 57 8 69 40 25 33 6 45 6 36 25 44 27 38 59 9 51 4 36 19 26 1 17 8 94 47 13 38 32 12 11 11 74 39 101 86 73 61 53 50 53 60 72 85 94 79 64 50 40 36 40 50 63 78 90 73 57 42 28 22 28 41 56 73 88 70 53 36 20 8 19 36 53 70 88 70 53 36 19 7 19 35 52 70 90 73 57 41 27 21 27 40 56 72 94 78 63 50 39 35 39 49 62 77 100 85 72 60 52 49 52 60 71 84 108 94 82 72 65 63 65 71 81 93 117 104 93 85 79 77 78 84 92 103
32 84 33 34 62 52 49 88 23 23 111 13 9 21 27 49 70 43 53 32 63 64 70 32 8 31 37 36 18 74 51 30 24 22 25 7 55 23 12 80 44 48 45 33 43 16 3 50 79 38 32 14 4 45 35 9 10 63 25 16 29 24 32 18 46 46 53 18 105 39 29 8 20 54 36 13 17 63 21 67 46 7 8 12 31 31 24 25 31 22 108 48 65 46 7 25 18 26 89 41 11 70 34 16 50 27 41 70 10 13 83 11 0 19 32 43 75 27 47 39 32 37 49 28 11 9 72 37 34 69 53 19 17 28 25 17 54 53 42 71 59 11 36 26 44 33 11 44 44 36 20 33 5 37 43 8 16 68 49 3 28 10 44 22 14 49 55 14 72 35 34 27 16 46 13 38 21 54 18 47 50 2 45 8 26 27 16 12 26 4 103 44 13 41 22 23 2 21 82 36 110 96 83 71 63 58 59 64 73 85 104 88 74 61 50 45 45 52 63 76 98 82 66 51 39 31 32 41 54 70 95 78 61 45 29 18 19 32 48 65 94 76 59 42 25 7 11 28 46 63 95 77 60 44 27 14 17 31 47 64 97 81 65 49 36 28 29 39 53 68 102 87 72 58 47 41 42 49 61 75 109 94 80 69 60 55 55 61 71 83 116 103 91 80 73 69 69 74 82 92
35 102 49 43 44 65 64 96 23 41 127 14 13 5 35 41 73 41 46 39 64 71 62 50 21 47 54 53 24 79 47 32 7 32 42 16 37 36 15 77 47 51 28 50 49 24 16 52 95 30 27 6 18 41 49 21 18 46 30 5 47 23 27 36 63 43 69 28 119 57 23 21 30 69 52 31 34 70 39 81 62 19 23 20 24 39 34 43 15 32 111 40 68 58 14 21 17 44 96 40 29 88 52 31 38 40 53 76 25 29 99 17 19 0 35 37 78 29 44 48 35 54 47 46 25 12 75 55 37 77 47 22 8 46 43 28 36 42 60 72 61 29 22 44 44 49 29 46 62 30 5 51 14 34 58 16 20 51 61 17 46 28 35 40 11 45 72 24 85 53 25 45 17 61 22 52 39 56 35 50 65 19 63 17 39 32 30 17 16 18 106 33 28 54 39 22 20 23 87 54 109 93 78 64 52 43 41 46 56 69 104 88 71 56 41 30 27 34 47 62 102 85 67 51 34 19 14 25 41 57 101 84 66 49 32 14 4 21 39 56 102 85 68 51 35 21 16 26 41 58 105 89 72 57 43 33 30 36 48 63 110 94 79 65 54 46 44 48 58 70 116 101 88 75 65 59 57 61 69 80 124 110 97 87 78 73 71 74 80 90 132 120 108 98 91 86 85 87 93 101
1 85 58 16 72 38 42 62 13 43 105 23 37 39 10 27 39 72 80 8 94 95 96 45 24 31 41 42 14 45 80 4 35 14 30 37 65 20 41 49 13 17 58 58 16 16 32 19 73 20 60 31 34 18 30 23 23 58 7 30 47 13 15 35 69 18 46 49 89 46 16 24 15 46 34 36 32 36 44 53 71 25 38 20 57 10 12 48 33 15 78 26 34 30 28 16 46 36 62 12 30 78 56 45 72 21 26 42 40 42 75 22 32 35 0 20 45 57 76 16 63 60 78 42 23 36 41 46 3 43 81 14 28 39 35 48 64 35 46 40 28 32 56 44 12 34 32 13 61 18 31 42 33 12 36 26 17 66 34 30 43 33 25 34 40 22 54 18 57 46 22 44 19 37 19 30 34 22 44 16 75 30 61 25 56 6 46 22 23 29 73 67 25 29 49 13 31 13 53 41 79 65 53 45 43 47 57 70 84 99 72 57 43 32 29 35 47 62 78 94 68 51 35 21 15 25 41 57 74 91 67 49 32 15 4 21 38 55 73 90 68 51 35 21 15 25 41 57 74 91 72 57 43 32 29 35 47 62 78 94 79 65 53 45 43 47 57 69 84 99 88 75 65 58 57 60 68 79 92 106 97 86 78 72 71 73 80 89 101 114 108 98 91 86 85 87 92 100 111 123
20 105 74 35 64 56 61 71 21 60 123 31 45 41 30 7 43 77 82 27 101 106 96 64 38 51 60 61 28 49 84 19 34 33 49 47 56 39 49 41 21 26 53 74 31 31 42 23 91 8 64 36 45 7 49 37 34 42 24 35 65 20 12 52 86 8 65 60 103 66 16 37 33 65 53 51 49 45 60 69 87 38 50 33 61 29 31 64 28 33 77 6 37 48 38 20 53 55 68 11 46 97 73 58 71 41 45 50 53 55 93 33 43 37 20 0 47 65 80 34 71 77 83 60 38 44 44 65 19 53 83 26 31 58 54 59 56 16 65 39 30 47 56 61 17 54 48 18 80 8 33 61 42 9 55 36 28 50 52 42 61 48 7 52 46 9 73 33 73 65 13 62 28 56 32 49 52 26 59 26 91 42 79 37 69 24 59 32 22 40 74 67 41 48 64 22 44 24 59 60 73 56 41 28 23 29 43 58 74 91 69 52 35 19 9 21 37 54 71 88 69 52 35 18 6 19 36 54 71 88 72 55 39 26 20 27 41 57 73 90 77 62 48 38 34 39 49 63 78 94 84 70 59 51 48 51 60 71 85 100 93 81 71 64 62 64 71 81 93 107 103 92 83 78 76 78 84 92 103 115 114 104 97 92 90 92 96 104 114 125 125 117 110 106 104 105 109 116 125 135
44 92 94 44 110 45 54 28 56 80 98 67 81 83 49 49 6 117 124 43 138 137 140 77 67 60 67 68 58 4 124 47 78 54 63 81 103 56 85 26 32 28 99 95 33 59 76 27 73 53 104 75 78 41 55 66 67 86 51 74 81 56 54 72 102 40 56 92 68 72 57 67 56 56 57 75 70 16 82 48 107 69 81 64 102 44 52 84 73 54 34 50 11 42 73 58 91 69 23 40 70 94 90 86 115 54 44 15 83 83 72 67 75 78 45 47 0 101 120 38 107 95 123 75 65 80 4 73 42 20 125 59 71 71 69 91 103 58 68 10 18 72 99 79 35 62 73 33 92 53 75 70 77 46 54 70 61 95 44 74 77 74 53 69 84 39 67 61 48 75 59 79 63 51 62 52 69 23 84 29 110 74 90 69 97 49 87 66 65 72 29 110 65 47 89 57 74 57 14 67 41 35 36 45 58 72 88 104 121 137 31 21 23 35 51 67 84 101 118 135 24 8 13 30 47 64 82 99 116 134 25 11 15 31 48 65 82 99 116 134 33 24 26 38 52 68 85 101 118 135 44 38 40 48 60 74 89 105 122 138 57 52 53 59 70 82 96 111 127 143 70 66 67 72 81 92 104 118 133 148 84 81 81 85 92 102 114 126 140 155 97 95 95 99 105 113 124 136 149 162
57 100 35 59 56 76 72 114 47 36 129 36 21 26 53 69 95 18 31 58 38 42 47 47 35 53 56 55 43 100 26 55 34 48 48 21 52 48 17 104 70 73 41 35 69 42 26 75 98 58 13 29 24 68 58 35 35 71 51 31 42 47 53 37 47 69 75 13 128 57 50 34 46 76 59 32 38 90 32 91 43 33 21 37 13 58 50 35 43 48 134 68 91 71 29 46 13 45 115 65 35 82 41 22 33 52 66 96 21 24 103 35 27 29 57 65 101 0 22 65 7 40 23 44 37 21 97 54 59 95 30 43 34 46 45 14 50 70 61 96 85 33 26 40 68 55 33 70 52 57 33 52 25 60 66 32 41 73 73 28 43 31 64 42 19 72 74 40 96 51 53 40 39 70 39 62 42 79 28 72 46 28 54 33 20 53 20 36 44 29 129 27 38 65 27 46 28 45 108 56 135 120 105 92 80 71 64 62 65 72 129 113 98 83 70 59 51 49 52 61 124 108 92 76 61 48 38 35 40 51 121 104 87 71 54 39 26 21 29 43 120 102 85 68 51 33 17 8 21 38 120 102 85 68 51 34 17 8 21 38 121 104 87 71 54 39 26 22 29 43 124 108 92 76 61 48 38 35 40 51 129 113 98 84 70 59 52 49 53 61 135 120 106 92 81 71 65 63 66 73
76 120 54 80 51 98 93 135 65 57 149 54 40 40 73 83 115 5 11 79 23 39 26 68 55 75 78 76 63 120 4 74 47 69 69 41 50 70 36 120 89 93 41 54 89 62 46 94 120 73 17 46 44 85 80 56 55 75 70 47 63 65 70 59 63 86 97 34 150 78 66 55 67 98 81 54 60 110 54 113 58 53 43 57 20 78 71 56 55 69 153 82 110 93 49 63 30 67 136 83 56 102 60 43 22 73 88 116 43 45 124 54 47 44 76 80 120 22 0 86 19 59 4 66 58 41 117 75 78 116 9 62 50 68 67 36 48 82 83 115 103 55 28 61 87 77 55 88 71 73 48 73 45 77 88 51 60 75 95 48 64 53 78 64 37 88 96 60 118 73 68 62 57 92 59 84 63 98 49 92 60 49 73 53 39 73 42 55 59 50 148 20 60 87 47 64 49 64 128 78 152 136 121 106 92 79 68 60 57 59 147 131 115 99 84 69 57 48 43 46 144 127 110 94 77 62 47 35 30 33 142 124 107 90 73 56 40 25 16 22 141 123 106 89 71 54 37 20 3 16 141 124 107 90 72 56 39 23 13 20 143 126 109 93 76 60 45 33 26 31 146 130 113 97 82 67 54 44 40 43 151 135 119 104 90 76 65 57 54 56 156 141 126 112 99 87 77 70 68 69
16 72 57 7 88 23 28 49 27 42 90 35 47 52 13 40 32 82 91 9 102 100 108 41 31 24 33 34 24 37 90 19 49 17 26 46 80 19 50 50 16 15 73 57 6 25 40 20 58 35 70 43 42 30 20 31 32 73 19 43 44 27 30 35 66 29 32 56 73 38 32 32 20 32 24 38 33 25 45 37 70 33 45 30 68 9 15 47 48 18 71 39 29 15 38 31 56 33 50 23 33 67 53 49 85 17 12 31 46 46 60 33 39 48 16 34 38 65 86 0 71 58 88 38 29 46 35 39 16 30 92 27 41 35 32 54 79 49 36 36 26 34 69 42 19 26 35 18 56 33 45 35 42 26 23 35 28 81 19 38 40 36 39 32 50 32 41 26 41 39 37 42 31 23 28 18 32 21 46 14 73 38 55 34 59 16 50 32 38 37 65 79 28 16 51 27 38 26 43 32 77 66 57 54 55 62 72 85 99 114 68 55 44 39 42 51 63 77 93 108 61 46 33 25 29 41 55 71 88 104 56 40 23 12 18 34 51 68 85 102 55 38 21 5 15 32 50 67 84 101 58 42 27 18 23 37 52 69 86 103 64 50 38 32 35 45 59 74 90 106 72 60 50 46 48 56 67 81 95 111 82 71 64 60 62 68 77 89 103 117 93 83 77 74 75 80 89 99 111 125
63 101 36 65 59 81 76 119 53 39 131 42 27 32 59 75 101 15 28 64 32 36 44 50 40 58 60 58 49 106 23 61 40 54 52 26 55 54 23 110 76 79 45 36 75 48 32 81 101 64 15 35 29 74 63 41 41 76 57 37 44 54 60 42 46 76 79 16 132 60 56 40 52 80 63 36 42 95 35 95 42 39 27 43 17 63 56 37 49 54 140 74 97 76 35 53 19 49 120 71 40 83 42 25 34 57 71 101 26 28 106 41 32 35 63 71 107 7 19 71 0 41 19 48 43 28 103 57 65 100 27 49 40 50 49 18 53 76 64 102 91 38 30 43 75 59 37 76 53 63 39 55 31 66 70 38 47 77 78 34 46 36 70 47 26 78 78 46 100 54 59 43 45 74 45 67 46 85 31 78 44 34 55 39 21 59 24 42 50 35 134 28 44 70 29 52 33 51 113 59 141 126 112 98 86 76 69 66 68 73 135 119 104 89 76 65 56 52 54 61 130 114 98 82 67 54 43 39 41 50 127 110 93 76 60 45 32 25 29 40 125 108 90 73 56 39 23 11 18 34 124 107 90 72 55 38 21 5 16 33 126 108 91 74 58 42 27 18 23 37 128 112 95 79 63 49 38 32 35 45 132 116 101 85 71 59 50 45 48 55 138 123 108 94 81 70 63 59 61 67
61 62 6 52 93 56 48 98 57 18 93 50 42 55 51 83 90 55 69 56 62 49 84 20 40 36 31 29 49 93 62 60 60 47 33 39 88 42 42 107 71 72 77 6 63 47 40 76 65 73 53 50 37 77 41 42 45 100 55 52 15 58 66 26 9 78 50 30 100 28 64 41 45 50 39 27 29 80 17 67 12 41 32 45 53 55 49 13 68 46 127 82 87 55 43 59 44 26 102 72 32 43 6 24 73 42 52 85 29 26 71 46 37 54 60 77 95 40 59 58 41 0 58 21 39 43 92 25 62 82 67 52 54 24 27 30 86 89 33 94 84 30 64 17 71 35 30 72 13 71 57 26 41 70 45 44 50 105 55 39 19 30 79 27 46 81 44 45 72 23 70 17 51 49 45 45 27 78 20 71 15 38 15 43 21 55 25 47 63 40 120 67 37 49 16 56 36 54 97 31 135 123 113 104 98 95 95 98 104 112 125 113 101 92 85 81 81 85 91 101 117 103 90 80 72 67 67 72 80 90 109 94 80 68 59 54 54 59 69 81 103 87 72 58 47 40 40 47 59 73 98 82 65 50 36 26 27 37 51 66 96 79 61 45 28 14 15 29 46 62 95 78 61 43 26 9 10 27 44 62 97 80 63 47 31 20 20 32 47 64 100 84 68 53 41 33 33 41 54 69
79 119 53 82 55 99 94 136 67 58 149 56 42 42 75 87 117 6 14 80 19 35 27 68 57 76 78 77 65 122 5 76 50 71 70 43 54 71 38 123 91 95 45 53 91 64 48 96 120 76 20 49 46 87 81 58 57 79 72 50 62 68 73 60 62 89 98 35 150 78 69 57 68 98 82 54 60 112 54 114 56 55 44 59 23 80 73 55 58 70 155 85 112 94 51 66 32 68 137 85 57 101 60 44 26 74 89 118 44 46 124 57 49 47 78 83 123 23 4 88 19 58 0 66 60 43 119 75 81 118 11 64 53 68 67 37 51 86 83 117 106 56 32 61 89 77 55 90 70 76 51 73 47 80 88 53 62 79 96 50 64 54 81 65 39 91 96 62 119 72 71 62 60 92 61 85 64 100 49 94 58 50 72 55 39 75 42 57 62 51 150 24 61 88 47 66 50 66 130 78 155 139 124 109 95 83 72 64 61 62 150 134 117 102 87 73 61 51 47 49 146 129 113 96 80 65 51 39 34 36 143 126 109 92 75 59 43 29 20 24 142 125 108 90 73 56 39 22 7 16 142 125 108 91 73 56 39 23 9 17 144 127 110 93 76 60 44 31 23 27 147 130 113 97 81 66 53 42 37 39 151 135 119 103 89 75 63 54 50 52 156 140 125 111 97 85 75 67 64 65
42 57 21 32 89 37 30 78 41 9 85 37 36 48 32 67 69 62 75 37 75 67 91 4 27 16 13 11 34 73 70 42 52 28 13 33 83 23 38 88 51 52 73 21 43 31 31 56 54 57 55 41 30 60 21 28 32 89 37 43 7 42 50 11 28 60 33 32 85 13 49 28 28 33 19 16 13 60 13 50 32 29 27 32 54 35 30 12 57 28 107 66 67 35 33 45 42 6 82 54 18 43 16 23 74 22 32 65 25 22 59 33 28 46 42 60 75 44 66 38 48 21 66 0 25 36 72 10 44 62 74 37 44 4 7 31 81 74 17 74 64 18 62 5 52 14 17 53 20 55 47 8 33 52 25 32 36 95 36 29 3 19 63 9 41 63 30 29 55 8 56 6 38 30 31 25 9 58 17 51 35 28 19 31 29 37 25 34 50 29 100 68 21 29 20 41 26 38 77 13 115 103 94 87 83 82 85 92 101 112 105 92 82 73 69 68 72 80 90 102 96 82 70 61 55 54 59 68 80 94 89 74 60 48 41 41 47 58 72 87 84 67 52 38 28 27 36 50 65 81 80 63 46 30 16 14 28 44 61 78 80 62 45 28 11 8 25 43 60 77 81 64 48 32 20 19 30 46 62 79 85 69 54 41 32 32 40 52 67 83 91 77 63 53 46 45 51 62 74 89
24 78 36 23 69 42 40 77 18 22 103 14 19 28 17 45 59 54 64 22 74 73 81 28 4 22 30 29 11 64 62 22 29 12 17 18 62 12 23 72 35 38 53 36 32 8 13 41 71 34 43 20 14 39 25 4 8 65 17 21 28 19 27 15 48 40 44 28 95 34 25 5 10 45 28 13 12 53 23 57 50 7 17 8 41 21 14 26 33 11 98 43 55 35 12 21 29 20 78 34 8 66 35 22 59 16 30 59 18 19 74 10 11 25 23 38 65 37 58 29 43 39 60 25 0 19 62 32 26 58 64 13 20 23 19 26 60 51 36 61 50 9 45 24 35 25 10 36 43 32 25 28 15 31 33 10 12 71 38 11 25 10 40 17 24 43 48 6 62 31 32 25 14 37 7 28 16 44 22 37 53 10 43 8 33 18 23 10 26 9 93 53 4 31 27 18 10 15 71 30 101 88 76 66 60 58 62 70 80 93 94 79 65 54 46 44 49 59 71 85 88 72 57 43 33 30 37 49 64 79 85 68 51 35 21 17 27 42 58 75 83 66 48 31 14 5 22 39 56 74 84 67 50 34 19 13 25 41 58 75 87 71 55 41 30 27 34 47 62 78 93 77 63 51 43 41 46 56 69 84 100 86 73 63 56 55 59 67 78 91 108 95 84 75 70 69 72 78 88 100
37 93 38 41 54 60 58 95 26 30 119 15 2 13 33 49 75 37 46 38 58 62 62 40 16 39 45 44 23 80 44 34 18 29 34 5 47 31 5 83 49 53 37 38 49 22 7 55 88 38 25 9 7 47 43 16 14 58 30 12 36 26 33 26 51 49 62 17 114 48 29 15 27 62 45 21 25 70 27 76 50 13 11 17 23 38 31 31 26 29 113 48 70 54 8 26 11 34 96 44 20 78 40 19 41 35 49 76 14 18 91 14 9 12 36 44 80 21 41 46 28 43 43 36 19 0 77 46 39 76 46 22 14 37 34 16 46 52 51 75 64 20 27 34 48 42 20 49 51 37 15 42 5 39 51 11 20 62 57 9 36 18 44 31 5 51 64 20 81 43 33 34 18 55 19 47 30 58 24 52 53 10 52 13 28 32 19 15 25 10 108 35 21 49 27 25 11 24 88 45 114 99 85 72 62 55 53 57 65 76 108 92 77 62 50 41 39 44 54 68 104 87 71 55 40 29 25 33 46 61 101 84 67 50 33 18 12 24 40 57 101 84 66 49 32 15 5 22 39 56 102 85 68 52 36 23 18 27 42 58 106 89 73 58 45 35 32 38 50 64 111 95 80 67 55 48 46 50 59 72 117 103 89 77 67 61 59 63 70 81 125 111 99 88 80 75 73 76 82 91
41 91 91 41 107 43 52 30 53 77 98 63 78 79 46 46 3 113 120 40 134 133 136 74 64 57 64 65 55 5 120 44 74 50 60 77 100 53 81 25 29 25 95 91 30 56 72 24 72 50 100 71 74 38 52 63 63 83 47 71 78 52 50 69 99 36 54 89 69 69 54 64 53 54 55 72 67 14 79 47 104 65 78 61 98 41 48 81 69 51 37 46 8 39 69 55 87 66 26 36 66 92 87 83 111 51 41 14 79 80 71 63 72 75 41 44 4 97 117 35 103 92 119 72 62 77 0 70 39 19 121 55 68 68 65 87 99 55 66 8 15 68 96 75 31 59 69 30 89 49 71 68 73 43 51 66 57 92 41 70 74 70 50 66 80 36 65 58 47 72 55 76 60 48 59 49 66 20 80 25 106 70 87 65 93 45 84 62 61 69 32 107 62 45 85 54 71 53 16 64 44 36 36 43 55 70 85 101 118 134 34 23 22 33 48 64 80 97 114 131 28 11 11 27 44 61 78 95 113 130 28 13 12 27 44 61 78 96 113 130 35 25 24 34 49 65 81 98 115 132 46 38 38 45 57 71 86 102 118 135 58 52 52 57 67 79 93 108 123 139 71 66 66 70 78 89 101 115 130 145 84 80 80 83 90 99 111 123 137 151 98 94 94 97 103 111 121 133 145 159
46 48 27 33 99 32 23 74 48 18 75 45 45 58 36 72 68 71 84 40 84 74 100 8 35 16 7 6 40 71 79 47 60 33 17 42 92 27 47 89 53 53 82 27 44 38 40 58 45 63 65 50 39 64 20 36 40 97 42 52 14 49 56 20 31 64 25 42 77 4 55 36 33 26 16 25 21 58 22 42 36 37 36 39 64 38 34 21 65 33 104 71 67 32 42 51 52 12 77 57 27 34 20 33 84 25 30 62 35 32 50 41 37 55 46 65 73 54 75 39 57 25 75 10 32 46 70 0 48 59 83 43 52 10 13 40 90 80 8 73 64 27 71 14 55 13 26 55 19 61 56 5 42 57 21 41 43 103 31 38 12 28 69 16 50 67 21 36 47 3 62 14 45 25 38 22 17 59 27 52 38 37 17 39 38 41 35 42 57 38 96 78 29 26 29 48 35 44 74 7 114 104 95 90 88 89 93 100 110 121 103 92 83 76 74 75 80 89 99 112 93 81 70 63 60 62 68 78 90 103 85 71 59 50 46 48 56 68 81 96 78 63 49 37 32 35 46 59 75 90 74 57 41 26 18 24 37 53 70 87 72 54 37 20 4 16 33 51 68 85 73 55 39 23 12 19 35 52 69 86 76 60 45 32 25 30 41 56 72 89 82 67 54 44 39 42 51 64 78 93
3 86 60 16 74 38 42 60 15 45 105 25 39 41 12 26 37 75 82 9 96 98 98 47 27 33 42 43 17 42 82 5 37 16 32 40 66 22 43 47 11 15 60 60 15 19 34 16 73 20 62 33 37 17 31 26 25 58 9 33 49 14 15 37 71 17 46 52 88 48 18 27 18 46 35 38 34 34 47 52 73 28 41 23 60 11 14 50 34 17 75 25 32 30 31 17 49 38 60 10 32 79 58 47 74 23 26 40 43 44 75 25 34 37 3 19 42 59 78 16 65 62 81 44 26 39 39 48 0 41 83 17 30 41 37 50 66 35 47 37 26 34 58 46 10 36 35 11 63 18 33 43 35 11 36 28 19 66 34 33 45 35 24 36 42 20 54 21 56 47 22 46 21 37 21 31 36 20 47 14 77 33 62 27 58 8 48 24 25 31 70 69 27 29 52 15 34 15 51 42 77 63 51 43 42 47 57 70 85 101 70 54 40 30 28 35 48 63 79 96 66 49 33 18 14 26 42 59 76 93 65 47 30 13 6 23 40 58 75 92 66 50 34 20 17 28 43 60 76 93 71 56 42 32 30 37 50 65 80 97 78 64 53 46 44 49 59 72 86 102 87 75 65 59 58 62 70 81 94 108 97 86 78 73 72 75 82 91 103 116 108 98 91 87 86 89 94 103 113 125
43 73 82 36 114 28 38 19 55 69 80 64 76 81 43 57 17 112 121 38 131 127 137 63 61 47 52 54 54 16 120 46 77 47 52 75 107 47 80 44 33 28 101 83 28 55 70 31 54 58 100 72 72 47 42 61 62 94 48 72 68 55 55 62 89 46 38 85 53 57 58 62 50 38 44 66 60 9 72 29 94 63 74 60 98 39 45 73 75 48 46 57 22 28 68 58 86 57 21 43 62 76 77 78 114 45 31 6 75 74 53 62 69 77 43 53 20 95 116 30 100 82 118 62 58 76 19 59 41 0 121 56 70 59 57 83 106 67 53 26 27 63 98 67 37 48 64 36 77 56 74 57 72 49 38 65 58 103 28 68 64 65 59 58 80 47 49 56 28 61 62 67 61 35 57 38 58 28 74 29 96 68 75 64 87 45 79 62 65 67 38 109 57 34 79 56 68 54 15 52 59 54 54 60 69 81 95 110 125 141 47 40 40 47 59 73 88 104 120 137 35 26 27 37 51 67 83 100 116 133 27 13 15 29 46 63 80 97 114 132 26 9 11 28 45 62 79 97 114 131 31 20 21 33 48 65 81 98 115 132 41 34 34 43 55 70 86 102 118 135 53 48 48 54 65 77 92 107 123 139 66 62 62 67 75 87 100 114 129 144 80 76 76 80 87 97 109 122 136 151
81 128 62 86 46 105 101 140 69 65 157 58 46 43 79 86 120 13 3 84 25 45 18 76 61 82 85 84 68 125 6 78 49 75 76 47 47 76 42 123 93 97 39 62 94 67 52 98 127 76 22 50 50 88 87 61 60 74 75 51 71 69 73 66 72 89 105 42 157 86 69 61 72 105 88 61 67 115 61 120 66 59 50 62 24 83 77 63 57 74 157 84 114 99 54 67 36 75 141 87 63 110 69 51 18 80 94 122 50 53 132 60 53 47 81 83 125 30 9 92 27 67 11 74 64 46 121 83 83 121 0 67 54 76 74 43 44 84 90 119 108 62 29 69 91 84 61 92 79 76 51 81 50 81 95 57 65 72 102 54 72 60 80 71 42 91 104 66 125 80 70 69 62 99 65 91 71 102 57 96 69 55 81 58 48 77 49 60 62 55 153 18 66 94 55 68 55 68 133 85 155 139 123 107 93 79 66 57 52 52 151 134 118 102 86 70 56 45 38 38 148 131 114 97 81 64 48 34 25 25 147 129 112 95 78 61 44 27 12 14 146 129 112 95 77 60 43 26 9 11 148 130 113 96 79 63 46 31 20 21 150 133 116 100 84 68 53 41 33 34 154 137 121 105 90 76 63 53 47 47 158 143 127 112 98 85 74 65 60 61 164 149 134 120 107 95 85 78 74 74
15 87 49 23 63 46 46 75 5 35 110 9 23 26 14 32 53 59 66 18 80 82 82 41 13 31 40 40 4 58 66 12 23 13 27 24 55 18 27 61 27 31 47 49 28 6 18 33 78 21 46 17 21 27 32 11 9 54 9 17 40 6 14 27 61 28 51 37 98 44 12 12 12 51 35 26 25 49 35 61 62 13 26 8 44 18 13 39 24 13 92 30 48 38 15 8 33 32 75 23 21 77 48 33 59 22 33 55 28 30 81 9 19 22 14 26 59 43 62 27 49 52 64 37 13 22 55 43 17 56 67 0 15 35 31 35 54 38 46 53 42 22 43 37 26 34 23 27 56 19 19 39 19 19 40 12 3 61 42 17 37 23 28 29 26 31 56 8 65 42 19 38 6 42 7 34 28 36 34 30 66 17 56 12 44 11 34 8 15 16 87 53 16 35 39 5 19 2 67 40 92 78 64 54 47 46 51 62 74 89 86 70 55 42 33 32 40 52 67 83 82 65 49 33 21 19 30 45 62 78 80 63 46 28 11 8 25 42 59 77 81 64 47 30 16 13 27 43 60 77 84 68 52 38 27 26 35 49 64 80 89 74 60 48 41 40 46 57 71 86 96 82 70 60 54 54 58 67 79 93 105 92 81 73 68 67 71 79 89 101 115 103 93 86 82 81 84 91 100 111
28 98 50 37 49 59 59 89 16 39 123 8 15 12 28 36 66 47 53 32 70 75 69 47 17 42 50 49 17 71 54 25 9 26 37 18 42 30 18 71 40 44 34 50 42 18 15 45 90 25 34 6 18 35 44 17 13 47 23 4 45 16 20 33 63 36 63 31 112 53 16 17 24 63 47 29 31 63 38 75 63 15 23 14 31 32 27 42 14 26 104 34 61 52 11 14 22 40 89 33 26 85 51 32 45 34 47 69 26 29 93 11 17 8 28 31 71 34 50 41 40 54 53 44 20 14 68 52 30 70 54 15 0 43 39 30 41 38 56 65 54 26 29 42 37 45 27 39 61 24 5 48 14 27 52 12 13 52 55 15 43 26 30 36 15 39 67 18 79 50 20 43 10 55 16 47 35 49 35 43 66 17 61 13 41 25 31 11 11 15 99 40 24 48 39 15 19 16 80 49 102 87 72 59 48 42 42 50 61 75 98 81 65 50 36 28 29 39 53 68 95 77 60 44 28 15 17 31 47 64 94 76 59 42 25 7 11 28 46 63 95 78 61 45 29 17 19 32 48 65 98 82 66 51 38 30 31 41 54 69 103 88 73 60 50 44 45 52 63 76 110 96 83 71 62 58 58 64 73 85 118 105 93 83 76 72 72 76 84 95 127 115 104 95 89 86 86 89 96 105
40 57 24 29 90 34 27 75 40 12 84 36 36 49 30 65 66 64 76 34 78 70 93 6 26 12 10 9 32 69 72 40 51 26 10 33 83 20 38 85 48 49 73 24 40 29 31 53 53 55 56 41 30 57 18 27 31 88 35 43 10 41 48 11 32 57 30 34 83 12 47 27 26 30 16 16 12 56 16 47 36 28 28 30 55 32 28 15 56 26 104 63 64 32 33 43 43 4 78 51 18 43 19 25 76 19 28 61 26 23 57 32 28 46 39 58 71 46 68 35 50 24 68 4 23 37 68 10 41 59 76 35 43 0 5 33 81 72 15 70 61 17 63 9 50 11 17 50 23 53 47 6 33 50 22 32 34 94 32 29 6 19 61 7 41 61 29 28 52 8 54 9 37 27 29 21 8 55 20 48 39 28 22 30 32 34 27 33 49 29 96 69 20 26 23 39 26 36 73 10 111 100 91 84 80 81 84 91 101 112 101 89 78 71 67 67 71 80 91 103 93 79 67 58 53 53 59 69 81 95 86 71 57 45 39 39 47 59 73 88 80 64 48 34 25 26 37 51 67 83 77 60 43 27 12 15 30 46 63 81 77 60 42 25 9 12 28 46 63 80 79 62 46 31 20 22 34 49 65 82 83 68 53 41 34 34 43 56 71 86 90 76 63 53 47 48 54 65 78 92
35 60 26 25 86 33 27 74 35 12 86 32 33 45 25 60 63 63 75 30 78 71 91 11 22 10 12 11 27 67 71 36 47 22 6 30 79 16 36 81 44 45 70 27 37 25 28 50 55 51 54 37 27 53 16 23 27 84 31 39 13 36 44 8 35 53 31 33 84 15 43 23 21 31 15 14 9 54 16 47 39 24 25 26 53 28 23 17 52 21 101 59 61 30 29 39 41 2 77 47 14 47 22 24 73 16 26 59 24 22 59 28 25 43 35 54 69 45 67 32 49 27 67 7 19 34 65 13 37 57 74 31 39 5 0 31 78 68 18 67 57 14 60 11 46 10 14 46 27 49 43 9 30 46 22 28 30 90 31 26 9 16 57 3 38 56 31 23 52 12 50 11 32 26 25 20 4 52 19 44 42 24 26 26 32 30 26 29 44 25 94 67 16 24 23 35 23 32 71 12 108 96 87 80 76 76 80 88 98 109 99 86 75 67 62 62 67 76 87 100 90 76 64 54 48 49 55 65 78 93 84 68 54 42 34 35 44 56 71 87 79 62 46 31 21 22 34 49 66 82 77 60 42 25 9 12 29 46 63 80 77 60 43 26 12 14 29 46 63 81 80 64 48 34 24 25 36 51 67 83 85 70 56 45 38 39 46 58 73 88 92 78 66 57 52 52 58 68 81 95
48 86 24 48 64 63 58 101 39 22 115 29 15 27 42 64 85 32 44 48 49 48 61 33 24 40 43 41 34 90 40 46 34 37 34 13 59 36 14 96 61 63 48 24 58 32 17 66 85 53 25 25 15 61 45 25 26 73 41 28 28 40 47 24 37 63 62 2 114 43 44 24 35 62 46 18 24 78 19 77 35 23 10 28 24 47 39 22 42 37 124 63 81 58 21 40 15 32 103 58 22 70 29 8 45 39 53 84 9 10 89 27 17 28 48 59 91 14 36 54 18 30 37 31 26 16 87 40 50 83 43 35 30 33 31 0 57 68 47 87 75 21 35 26 60 41 20 61 40 52 31 38 17 53 52 24 33 77 60 18 29 18 59 29 18 65 61 30 82 38 49 27 32 56 30 49 28 69 14 62 38 18 41 24 12 43 6 28 40 20 118 39 26 52 14 39 17 37 96 42 127 112 99 87 77 71 68 69 75 84 119 104 90 77 65 57 54 56 63 73 114 98 82 68 55 45 40 43 51 64 110 93 76 60 45 33 26 30 42 56 107 90 73 56 39 23 12 20 35 52 107 89 72 55 37 20 4 16 33 50 108 91 74 57 41 26 17 23 37 53 111 94 78 62 48 36 31 34 45 58 115 100 85 70 58 49 44 47 55 67 122 107 93 80 69 62 58 60 66 76
64 138 81 77 9 99 99 125 53 75 163 48 46 33 68 55 99 48 42 71 69 85 50 85 57 82 89 89 57 104 48 61 32 66 77 50 3 71 45 93 73 78 9 81 80 58 51 77 131 50 39 41 52 62 85 57 53 31 61 40 82 53 51 71 94 64 104 57 152 93 48 56 65 104 87 66 70 98 72 115 91 55 56 54 37 71 67 76 32 66 132 55 92 92 49 49 43 79 123 64 64 123 85 63 27 75 87 104 58 62 134 52 54 36 64 56 103 50 48 79 53 86 51 81 60 46 99 90 66 106 44 54 41 81 78 57 0 49 95 95 85 64 24 79 70 85 65 72 95 51 37 87 49 58 93 51 53 28 95 53 81 63 51 75 41 64 108 58 119 88 45 79 50 95 57 87 74 81 68 78 94 54 97 53 67 64 62 52 42 53 130 28 64 88 70 52 56 55 114 89 124 107 90 73 56 39 24 14 21 36 124 106 89 72 54 37 20 3 16 33 124 107 90 73 56 40 25 15 22 36 127 110 94 77 62 47 35 29 33 44 131 115 99 83 69 57 47 43 45 54 136 121 106 91 79 68 60 57 58 65 143 128 114 101 89 80 73 70 72 77 150 136 123 111 101 92 87 84 85 90 159 145 133 122 112 105 100 98 99 103 168 155 144 134 125 118 114 112 113 116
35 120 85 51 55 72 76 83 33 73 139 40 53 45 45 10 55 80 82 43 104 112 95 78 49 66 75 76 41 60 85 34 37 47 63 55 49 53 55 45 36 40 48 85 47 43 51 37 107 17 67 43 54 21 65 48 45 28 38 41 78 32 24 65 98 22 80 68 118 80 26 49 47 80 68 63 62 59 72 85 99 48 60 44 64 45 46 76 28 47 84 11 49 64 47 30 58 69 80 27 58 112 85 68 69 56 60 64 63 66 109 44 53 42 35 16 58 70 82 49 76 89 86 74 51 52 55 80 35 67 84 38 38 72 68 68 49 0 80 49 42 59 55 74 32 69 60 34 93 19 38 75 51 24 71 46 39 37 68 51 75 60 11 66 52 21 89 45 88 79 20 75 38 71 44 65 65 40 70 41 102 52 93 47 78 39 68 43 28 50 83 66 53 64 75 33 54 36 71 75 76 59 41 25 10 15 31 48 65 82 75 58 41 24 9 14 30 47 64 82 78 61 45 31 21 24 36 51 67 84 83 67 53 41 35 36 45 58 72 88 89 75 63 54 49 50 56 67 80 94 98 85 74 67 63 63 69 77 89 102 107 96 87 80 77 77 81 89 99 111 118 108 99 93 91 91 95 101 110 121 129 120 112 107 104 105 108 114 121 131 141 132 126 121 118 119 121 126 133 142
46 43 35 32 104 25 16 67 49 26 69 49 51 63 36 72 63 78 91 39 92 81 107 15 39 15 6 7 42 66 87 47 64 34 19 48 97 28 53 85 51 50 87 35 41 40 45 55 38 64 71 54 45 63 17 40 43 99 43 56 21 50 57 25 37 63 18 49 69 5 57 40 35 18 13 31 26 53 30 35 43 41 43 42 70 37 35 28 68 34 99 71 63 27 46 53 58 17 71 57 32 32 28 40 90 25 26 56 41 38 42 45 42 60 46 65 68 61 83 36 64 33 83 17 36 51 66 8 47 53 90 46 56 15 18 47 95 80 0 69 61 32 77 22 54 12 32 53 25 62 60 10 47 57 15 45 45 106 26 43 19 33 70 21 56 66 14 39 40 11 64 22 48 18 41 18 22 56 34 49 45 42 23 43 45 42 42 45 60 43 90 84 32 22 36 49 41 46 68 7 109 100 93 89 88 91 96 105 115 127 98 87 80 75 74 77 84 93 105 118 88 76 67 61 60 64 72 83 96 110 79 65 54 47 46 51 61 74 88 103 71 56 43 34 32 39 52 66 82 98 66 50 34 21 19 29 44 61 77 94 64 47 29 12 7 24 41 58 76 93 65 48 31 16 13 26 42 59 76 93 69 53 39 28 26 34 48 63 80 96 75 61 49 41 40 46 56 70 85 101
39 96 93 42 102 48 57 37 50 78 105 61 76 77 45 41 9 111 118 40 133 133 133 76 63 59 67 68 53 12 118 42 71 50 61 76 95 53 80 19 27 24 91 93 31 55 71 21 79 46 98 69 73 33 54 62 62 77 46 68 80 50 47 70 102 32 59 88 77 72 50 63 52 58 58 72 68 20 80 53 105 64 77 59 96 41 48 82 66 51 39 41 7 43 68 52 85 68 32 33 67 97 89 83 108 52 44 21 79 80 77 62 71 72 40 39 10 96 115 36 102 94 117 74 61 75 8 73 37 26 119 53 65 70 67 87 95 49 69 0 12 69 93 77 28 61 70 27 91 45 68 70 72 39 55 65 56 86 45 69 76 70 45 67 79 31 70 57 53 74 51 77 58 52 58 52 67 18 81 25 108 69 90 64 94 44 84 61 58 68 35 104 62 48 86 51 70 52 23 67 41 31 29 36 49 64 79 96 112 129 33 19 15 26 42 59 76 93 110 127 30 13 5 22 40 57 74 92 109 126 34 20 16 27 42 59 76 93 110 127 42 32 30 37 49 64 80 96 113 129 53 45 44 49 58 71 86 101 117 133 65 59 58 61 70 81 94 108 123 138 78 73 72 75 82 91 103 116 130 144 91 87 86 88 94 102 113 125 138 152 105 101 100 102 107 114 124 135 147 160
28 92 82 32 93 42 50 42 39 67 104 50 65 65 34 32 14 100 107 29 122 122 122 66 52 50 58 59 42 19 107 30 60 39 52 65 85 43 68 25 15 13 81 82 21 44 60 10 75 35 87 58 62 23 45 51 50 69 35 57 70 39 36 59 92 22 53 77 79 63 39 52 41 52 49 61 57 18 69 50 95 53 66 48 84 30 37 72 55 40 50 32 8 36 56 41 74 58 39 22 56 90 79 72 97 42 36 23 68 69 75 50 59 61 28 30 18 85 103 26 91 84 106 64 50 64 15 64 26 27 108 42 54 61 57 75 85 42 61 12 0 58 82 67 17 52 59 16 82 35 57 61 60 28 47 54 44 78 39 58 66 59 36 57 67 22 63 46 52 65 41 67 47 45 46 43 57 6 70 14 98 58 81 53 83 33 73 49 47 56 46 93 51 40 75 40 59 40 30 58 52 40 33 34 43 56 71 87 103 120 45 30 19 21 34 50 66 83 100 117 41 24 7 12 29 47 64 81 98 116 42 26 13 16 31 48 65 82 99 116 48 35 26 28 38 53 68 85 101 118 57 46 40 41 49 61 75 90 106 122 68 59 54 55 61 70 83 97 111 127 79 72 68 69 73 82 92 105 119 133 92 85 82 82 86 93 103 114 127 141 105 99 96 96 100 106 114 125 136 149
32 74 27 28 73 43 39 81 27 14 100 21 20 32 24 54 66 51 62 30 69 66 79 21 11 21 26 25 19 71 59 31 34 19 15 17 66 16 22 80 43 45 56 27 39 17 14 49 68 43 42 24 14 48 26 12 15 72 26 26 20 28 36 7 39 49 44 22 96 29 34 11 17 44 27 5 6 59 14 58 41 12 13 16 40 28 21 18 40 18 105 52 62 38 16 30 28 15 83 43 2 60 26 15 60 19 33 65 13 12 72 17 11 29 32 47 72 33 55 34 38 30 56 18 9 20 68 27 34 63 62 22 26 17 14 21 64 59 32 69 58 0 46 16 43 23 1 44 35 41 30 23 16 40 33 15 20 78 40 12 18 3 49 11 25 52 45 15 63 24 40 17 22 37 15 29 10 52 13 44 44 11 35 14 26 26 16 17 34 12 99 54 8 33 18 27 9 24 77 26 109 96 84 75 68 66 68 75 84 96 101 87 74 63 55 52 55 63 74 87 95 79 64 52 42 38 42 52 65 80 90 73 57 42 30 24 30 43 58 74 87 70 53 36 20 10 21 37 54 71 87 69 52 35 18 5 19 36 53 70 89 72 55 39 25 19 26 40 56 72 92 77 61 47 37 33 37 48 62 77 98 83 70 58 50 46 50 58 70 84 106 92 80 70 63 60 63 70 80 92
57 119 58 65 30 86 84 117 44 55 146 35 27 18 57 58 94 27 27 61 50 63 41 65 41 66 72 71 45 100 30 53 22 54 60 30 26 56 25 96 68 72 16 59 71 45 33 73 114 49 15 27 33 61 69 41 38 48 51 27 61 44 47 52 71 62 88 34 139 74 43 40 51 89 71 47 52 91 51 102 68 39 36 40 14 61 55 55 29 53 131 57 89 79 33 42 20 61 117 60 47 103 63 41 16 60 74 98 37 41 118 38 36 22 56 56 99 26 28 69 30 64 32 62 45 27 96 71 58 98 29 43 29 63 60 35 24 55 77 93 82 46 0 59 65 68 46 67 74 48 25 68 31 54 77 36 41 49 82 35 61 44 52 57 22 64 90 45 106 69 43 59 38 81 43 73 56 77 47 72 71 36 75 37 44 54 40 38 36 36 127 11 47 75 48 43 37 44 109 71 128 111 95 79 65 51 41 37 41 50 124 107 91 74 58 42 29 23 29 41 123 105 88 71 54 37 20 9 19 36 122 105 88 70 53 36 19 5 18 35 124 107 90 73 56 40 26 19 26 39 127 110 94 78 62 49 38 33 37 47 131 115 99 85 71 59 50 47 50 58 137 121 107 93 81 70 63 61 63 69 144 129 115 103 92 83 77 74 76 82 151 138 125 113 103 95 90 88 90 94
44 61 16 35 87 42 35 83 42 5 89 36 33 46 34 68 73 57 70 40 70 62 86 8 26 20 18 16 34 77 65 44 50 30 16 30 80 25 34 91 54 55 70 17 47 31 29 59 59 58 51 39 27 61 25 27 31 88 39 41 4 43 51 10 26 62 38 28 90 17 49 27 29 38 24 13 13 64 8 55 29 28 24 31 50 38 32 7 56 30 111 67 70 39 31 45 39 10 86 55 17 45 12 19 70 25 36 69 22 18 64 32 26 44 44 61 79 40 61 42 43 17 61 5 24 34 75 14 46 67 69 37 42 9 11 26 79 74 22 77 67 16 59 0 55 19 16 55 19 56 45 13 31 54 30 31 36 94 40 27 3 17 64 10 38 65 35 29 60 12 56 1 37 35 31 29 11 61 13 54 32 26 19 30 24 39 21 33 49 28 104 64 21 33 15 41 24 38 81 18 118 106 96 88 83 82 84 89 98 108 109 96 84 75 70 68 71 77 87 98 100 86 73 63 56 54 57 65 76 90 93 78 64 51 43 40 45 55 68 82 88 72 56 42 30 26 33 45 61 77 85 68 51 35 19 12 23 39 56 73 85 67 50 33 15 4 20 38 55 72 86 69 53 37 23 17 26 41 57 74 90 74 59 45 34 31 37 48 63 78 96 81 67 55 47 45 49 58 70 85
12 90 69 22 78 41 46 55 23 55 107 34 48 49 21 22 30 83 90 16 105 107 106 56 36 40 49 50 26 35 90 14 43 26 40 49 70 30 52 37 4 9 65 69 15 28 43 8 76 21 70 41 46 12 37 35 34 58 19 40 58 22 20 46 80 11 50 61 87 55 23 36 27 50 41 47 44 29 56 53 83 37 50 32 68 18 23 59 39 26 67 22 24 33 40 24 57 47 54 7 41 85 67 57 81 31 30 35 52 54 77 34 44 44 12 17 35 68 87 19 75 71 89 52 35 48 31 55 10 37 91 26 37 50 46 60 70 32 54 28 17 43 65 55 0 43 44 2 72 20 41 51 44 12 42 37 28 67 37 42 54 45 23 45 51 13 59 30 56 55 25 55 30 41 31 36 45 12 56 9 86 42 71 37 68 17 58 33 30 40 63 76 36 34 61 23 43 24 45 49 67 53 42 36 37 46 59 73 89 105 61 45 31 22 24 36 52 68 84 101 58 41 24 9 14 31 48 65 82 99 58 41 24 10 15 31 48 65 82 100 61 46 32 23 25 37 52 68 85 102 68 54 43 37 38 47 59 74 89 105 76 64 55 50 52 58 69 81 96 111 86 76 68 65 65 71 79 91 104 118 97 88 82 79 79 83 91 101 113 126 109 101 95 93 93 97 103 112 123 135
35 54 35 21 93 23 17 64 38 22 79 38 42 53 25 61 56 72 84 28 88 81 101 16 28 4 7 8 31 59 81 36 54 22 8 39 86 16 44 76 41 41 77 35 32 29 36 46 46 52 64 44 36 52 7 29 33 88 31 45 21 39 46 18 41 52 21 43 74 12 45 29 23 22 5 24 18 46 25 37 46 31 35 31 62 26 23 26 57 22 93 59 55 21 36 42 50 10 68 46 22 44 29 34 82 14 18 51 34 32 50 34 33 49 34 54 62 55 77 26 59 35 77 14 25 42 59 13 36 48 84 34 45 11 10 41 85 69 12 61 52 23 68 19 43 0 23 43 31 50 49 9 38 46 12 34 34 95 22 34 17 25 58 13 47 55 23 28 42 14 52 19 37 16 30 11 14 47 29 40 49 32 29 32 42 30 36 34 48 33 86 76 22 15 33 38 31 35 63 7 102 91 83 78 77 79 85 94 105 117 92 80 70 64 63 66 73 83 95 109 82 69 58 51 49 52 61 73 87 102 75 60 47 37 35 40 51 65 80 96 70 53 38 25 21 29 43 59 75 92 67 50 33 16 7 22 39 56 73 90 67 50 33 17 9 22 39 56 73 90 70 54 39 27 23 31 44 60 76 93 76 61 49 39 37 42 53 66 81 97 84 71 60 53 51 55 63 75 88 103
33 74 26 29 73 44 40 82 28 13 100 21 19 32 25 54 67 50 62 30 68 65 78 21 11 21 26 25 20 71 59 32 35 20 16 17 66 17 22 81 44 46 56 26 40 18 14 50 69 44 41 24 13 49 26 12 16 73 26 26 19 29 37 7 38 49 44 22 96 29 35 12 18 44 27 4 6 60 13 59 40 13 12 16 40 29 22 17 41 19 106 53 63 39 16 30 27 15 84 44 3 59 26 14 59 20 34 65 12 11 73 17 11 29 32 48 73 33 55 35 37 30 55 17 10 20 69 26 35 64 61 23 27 17 14 20 65 60 32 70 59 1 46 16 44 23 0 45 34 42 30 23 16 41 34 16 21 78 41 13 17 2 50 11 25 53 45 16 64 24 41 16 22 38 16 30 11 53 12 45 43 11 35 14 25 27 15 18 34 13 100 53 9 33 17 27 9 25 78 26 110 97 85 76 69 67 69 75 84 96 102 88 75 64 56 53 55 63 74 87 96 80 65 52 43 39 42 52 65 79 91 74 58 43 31 25 30 43 57 74 88 71 54 37 21 11 20 36 53 70 87 70 53 36 18 4 18 35 52 69 89 72 56 40 25 18 25 39 55 72 93 77 62 48 37 32 36 47 61 76 99 84 70 58 49 46 49 57 69 83 106 92 80 70 62 60 62 69 79 91
13 89 69 22 79 40 45 54 24 55 106 35 49 50 21 24 28 85 91 16 106 108 107 56 37 40 49 50 27 34 92 15 45 26 40 50 72 31 53 37 3 8 67 70 14 29 44 7 75 22 72 43 47 13 37 36 35 60 20 42 58 23 21 46 80 12 49 62 85 55 24 37 27 49 41 48 44 27 56 52 83 38 51 33 69 18 24 59 41 26 66 23 22 32 41 26 59 47 52 8 42 84 67 58 82 31 30 33 53 54 76 35 44 46 13 18 33 70 88 18 76 72 90 53 36 49 30 55 11 36 92 27 39 50 46 61 72 34 53 27 16 44 67 55 2 43 45 0 72 21 42 51 45 14 41 38 29 68 36 43 54 45 25 45 52 14 59 31 55 55 27 56 31 41 31 36 45 10 57 8 86 43 71 38 68 18 58 34 32 41 61 77 37 33 62 25 44 25 43 49 66 53 42 36 38 47 60 75 90 107 60 44 30 22 26 38 53 69 86 103 56 39 23 9 16 32 49 66 84 101 56 39 23 8 16 32 49 66 84 101 60 44 30 22 26 38 53 69 86 103 66 52 41 36 38 47 60 75 90 106 75 63 54 50 51 58 69 82 97 112 85 75 67 64 65 71 80 91 104 118 96 87 81 78 79 83 91 101 113 126 108 100 94 92 93 97 103 112 123 135
62 50 17 51 103 49 41 91 60 22 81 55 50 63 52 86 86 67 81 56 74 60 96 17 45 33 25 24 53 89 74 62 68 48 32 47 97 42 50 106 70 70 87 17 62 50 47 75 54 76 64 57 45 79 38 46 50 107 57 59 16 62 69 29 13 79 42 41 89 21 68 46 47 42 35 32 31 76 24 58 20 46 40 50 63 54 50 20 74 48 123 85 85 50 50 64 54 26 95 73 36 31 11 33 84 42 48 80 38 34 60 51 44 62 61 80 92 52 71 56 53 13 70 20 43 51 89 19 63 77 79 56 61 23 27 40 95 93 25 91 82 35 74 19 72 31 34 72 0 74 64 22 48 72 39 50 54 112 50 46 19 35 83 28 54 83 34 48 63 17 74 19 56 43 49 40 28 77 28 69 21 44 3 48 32 56 34 52 68 46 115 78 40 45 26 60 42 57 92 25 132 121 113 106 102 101 102 107 114 123 121 110 100 93 88 87 89 94 102 112 112 99 88 80 74 73 75 81 90 102 103 89 77 67 61 59 62 69 80 93 96 81 67 55 47 45 49 58 70 85 90 74 59 45 34 31 37 48 63 78 86 69 53 37 23 17 26 41 57 74 85 67 50 33 15 4 20 38 55 72 85 68 51 35 19 12 23 39 56 73 88 72 56 42 30 26 33 46 61 77
18 102 67 33 59 56 59 75 15 54 122 24 38 34 26 13 48 70 74 25 93 98 89 59 31 47 56 57 22 54 76 15 27 28 45 39 51 35 41 48 23 28 46 68 32 25 35 27 90 3 56 28 38 13 46 30 27 41 19 27 59 13 5 46 80 14 63 53 105 61 8 31 28 63 50 45 44 48 54 70 81 31 43 26 53 27 27 58 21 28 83 12 42 47 31 12 45 50 73 14 39 94 67 51 64 37 43 54 46 48 92 26 36 30 18 8 53 57 73 33 63 71 76 55 32 37 49 61 18 56 76 19 24 53 49 52 51 19 62 45 35 41 48 56 20 50 42 21 74 0 25 56 35 8 53 29 21 49 51 34 56 42 9 47 38 16 71 27 73 60 6 56 21 54 26 47 46 31 53 28 84 35 74 29 62 21 52 25 14 33 80 59 35 46 57 15 37 18 64 56 80 64 49 36 28 30 40 54 70 86 76 59 43 27 15 18 32 49 65 82 75 58 41 23 6 12 30 47 64 81 77 60 43 28 17 20 33 49 66 83 81 65 50 37 30 32 41 55 70 86 87 72 59 49 44 45 52 64 77 92 95 82 70 62 58 59 64 74 86 99 104 92 82 75 72 72 77 85 95 108 114 104 95 89 86 86 90 97 106 117 125 116 108 102 100 100 103 109 117 128
32 102 52 41 45 63 63 93 19 42 127 12 16 9 33 37 70 45 50 36 68 75 66 51 21 46 54 53 21 75 51 28 5 31 41 19 38 35 18 73 43 47 29 52 46 22 17 48 94 26 31 7 20 37 48 21 17 44 27 5 49 19 22 37 65 39 68 32 117 57 19 20 29 68 51 33 35 67 41 79 65 19 25 18 29 36 31 45 12 30 107 35 64 56 15 17 21 44 92 36 29 89 54 34 41 39 51 73 28 32 98 16 20 5 31 33 75 33 48 45 39 57 51 47 25 15 71 56 33 74 51 19 5 47 43 31 37 38 60 68 57 30 25 45 41 49 30 42 64 25 0 51 16 30 56 15 17 49 60 18 47 29 31 40 15 41 72 22 83 54 21 46 14 59 20 51 39 52 37 47 68 20 64 17 42 29 33 16 12 18 103 36 28 52 41 18 22 20 84 54 105 89 74 59 48 40 39 46 57 70 100 84 67 52 37 27 26 35 49 64 98 81 64 47 30 15 13 27 43 60 97 80 63 46 28 11 8 25 42 60 99 82 65 49 33 21 19 31 46 62 102 86 70 55 42 34 33 40 53 67 108 92 78 65 54 47 46 52 62 75 114 100 87 75 66 61 60 64 73 84 122 109 97 87 79 75 74 77 84 94 132 119 108 99 92 88 88 91 97 105
42 52 27 30 95 30 23 72 43 16 78 41 41 54 32 68 65 69 81 36 83 74 98 7 31 12 6 4 35 68 77 43 56 29 12 39 88 22 44 85 49 49 78 27 40 33 36 54 47 58 62 46 35 59 16 31 35 92 38 47 13 44 52 16 33 60 26 40 78 7 51 32 29 26 14 22 17 55 20 43 37 33 33 35 60 34 30 19 61 28 102 66 63 30 38 47 49 8 76 53 23 39 21 30 81 21 27 60 32 29 52 37 33 51 42 61 70 52 73 35 55 26 73 8 28 42 68 5 43 57 81 39 48 6 9 38 87 75 10 70 61 23 68 13 51 9 23 51 22 56 51 0 38 53 19 36 38 99 30 34 10 24 64 12 47 63 23 32 48 5 58 13 41 23 33 19 13 56 24 48 40 33 20 35 36 37 32 37 53 34 94 75 24 24 27 43 32 40 71 6 111 100 92 86 83 84 89 96 106 118 100 89 79 72 69 71 76 85 96 108 91 78 67 59 55 57 64 74 86 100 83 69 56 46 41 44 52 64 78 94 77 61 46 34 27 31 42 56 72 88 74 57 40 24 14 20 35 51 68 85 72 55 38 21 3 15 32 50 67 84 74 57 41 26 16 22 36 52 69 86 78 63 48 36 30 33 44 58 73 89 85 70 58 48 44 46 54 66 80 95
33 89 36 36 57 56 53 90 23 27 115 12 5 16 29 48 71 41 50 34 62 64 67 37 11 35 41 40 19 76 49 31 20 25 30 5 51 26 9 80 45 49 41 37 45 18 2 51 83 36 29 10 4 45 39 12 11 59 26 12 34 24 30 23 50 46 58 19 109 44 27 11 23 58 41 18 21 66 25 71 49 9 10 13 27 34 27 29 27 25 110 46 66 49 5 23 15 31 91 41 16 75 38 18 45 30 44 72 13 16 87 11 5 14 33 42 77 25 45 42 31 41 47 33 15 5 73 42 35 72 50 19 14 33 30 17 49 51 47 72 60 16 31 31 44 38 16 45 48 35 16 38 0 37 47 7 17 64 53 5 32 15 42 27 10 49 60 16 76 40 32 31 15 51 15 42 26 55 22 48 53 6 49 8 28 29 18 12 24 6 104 39 17 45 26 22 7 21 84 41 111 96 82 70 61 55 55 59 69 80 105 89 74 60 49 41 41 47 58 72 100 83 67 52 38 28 27 36 50 65 97 80 63 46 30 16 15 28 44 61 97 79 62 45 27 10 9 26 43 60 98 81 64 47 32 19 18 30 46 62 101 85 69 54 41 32 31 39 52 67 106 91 76 63 52 45 45 51 61 74 113 98 85 73 64 59 59 63 72 83 121 107 95 85 77 73 72 76 83 93
12 97 66 27 66 49 53 67 14 53 116 25 40 38 22 15 41 74 80 19 97 100 95 56 31 43 52 53 21 47 81 11 32 25 41 41 58 31 44 44 16 21 53 67 25 23 36 20 84 9 61 32 39 9 41 30 28 48 16 31 57 13 8 44 78 10 57 55 98 57 12 31 25 57 45 44 42 41 53 63 80 31 44 26 58 21 23 57 27 25 77 14 35 41 32 14 49 47 66 7 38 89 65 52 70 33 37 47 47 49 86 27 37 34 12 9 46 60 77 26 66 70 80 52 31 39 43 57 11 49 81 19 27 50 46 53 58 24 57 39 28 40 54 54 12 46 41 14 72 8 30 53 37 0 47 30 21 56 45 35 53 41 13 44 42 13 65 26 66 57 13 54 22 48 25 42 44 24 52 21 83 36 71 30 62 16 52 26 19 34 74 65 33 40 57 15 37 17 57 52 76 60 46 35 31 36 47 61 77 93 71 54 38 24 17 25 40 56 73 89 69 52 34 17 3 19 36 53 71 88 70 53 36 20 12 22 38 54 71 89 73 58 43 31 26 32 44 59 75 91 80 65 52 43 40 44 53 66 81 96 87 75 64 56 54 57 64 75 88 103 97 85 76 70 68 70 76 86 97 110 107 97 89 84 82 84 89 97 107 119 119 109 102 97 96 97 102 109 118 129
36 50 46 20 101 12 7 54 42 33 71 45 51 61 27 62 49 83 95 28 99 92 112 26 37 13 14 16 36 51 92 38 61 27 19 49 94 22 54 71 39 37 85 46 28 35 45 42 39 55 74 52 46 52 9 37 40 92 35 53 31 43 49 29 51 52 12 54 63 19 49 38 29 12 7 34 28 38 37 26 56 39 45 39 73 26 27 37 63 27 84 61 48 12 45 46 60 22 57 45 32 44 40 45 92 18 12 42 45 43 42 42 43 58 36 55 54 66 88 23 70 45 88 25 33 51 51 21 36 38 95 40 52 22 22 52 93 71 15 55 47 33 77 30 42 12 34 41 39 53 56 19 47 47 0 43 40 100 11 43 28 35 60 24 56 54 19 35 31 23 56 30 43 5 37 6 25 43 40 36 58 42 37 41 53 33 47 41 54 42 76 86 31 8 44 43 41 40 53 14 94 85 79 76 77 82 90 101 113 126 83 73 65 62 64 70 79 91 104 118 73 61 52 48 50 57 69 82 96 112 65 51 40 34 37 46 60 75 90 107 59 43 29 20 25 38 53 70 86 103 56 38 21 7 16 33 50 67 84 102 56 39 23 10 17 33 50 67 85 102 60 44 31 24 27 40 55 71 87 104 67 53 43 38 40 49 62 76 92 108 76 64 55 52 53 60 71 84 98 113
26 87 40 30 59 51 49 84 16 28 112 6 12 19 23 42 64 48 56 28 69 71 73 36 6 32 39 38 12 69 55 24 20 19 27 12 52 21 16 73 39 42 43 40 38 11 7 44 80 31 36 10 10 38 35 6 4 58 20 12 34 17 25 22 53 40 54 25 104 42 21 6 16 54 37 18 20 59 27 67 53 4 15 6 33 27 20 31 25 19 103 40 59 44 3 17 22 29 85 35 15 74 40 23 51 25 39 65 17 20 84 4 8 16 26 36 70 32 51 35 38 44 53 32 10 11 66 41 28 65 57 12 12 32 28 24 51 46 45 65 54 15 36 31 37 34 16 38 50 29 15 36 7 30 43 0 10 63 47 6 32 15 37 25 15 42 57 10 71 39 27 32 9 46 8 38 24 48 25 41 57 7 50 2 33 22 23 5 19 5 98 45 13 40 29 16 8 14 77 39 104 89 76 64 56 52 54 60 71 84 98 82 67 54 43 38 40 49 62 76 93 77 60 45 32 24 28 40 54 70 91 73 56 39 23 10 17 33 50 67 90 73 56 39 21 6 15 32 49 67 92 75 59 43 28 19 24 37 53 69 96 80 65 50 39 33 36 46 59 74 102 87 73 60 51 47 49 56 68 81 109 95 82 72 64 61 62 68 78 90 117 105 93 84 78 75 76 81 89 99
17 87 47 24 62 47 47 77 7 34 111 7 21 24 16 34 56 56 64 20 78 80 80 39 10 31 40 39 4 61 64 15 22 14 27 21 54 19 25 64 30 33 46 47 30 6 16 35 78 23 44 15 19 29 32 9 7 55 11 15 39 8 16 26 59 30 51 34 100 44 14 10 12 51 35 24 24 51 33 62 60 10 23 5 41 20 14 37 24 13 94 32 51 39 12 10 30 31 77 25 19 76 46 31 57 22 34 57 26 28 81 6 16 20 17 28 61 41 60 28 47 50 62 36 12 20 57 43 19 58 65 3 13 34 30 33 53 39 45 56 44 20 41 36 28 34 21 29 54 21 17 38 17 21 40 10 0 61 43 15 36 21 29 28 24 33 56 7 66 41 21 36 4 43 6 34 27 39 32 32 64 15 54 9 42 13 31 5 15 13 89 51 15 36 37 7 16 5 69 39 95 80 67 56 49 47 52 61 73 87 89 73 58 45 35 33 40 51 66 81 84 68 51 36 23 19 29 44 60 77 82 65 48 31 14 7 23 40 57 75 83 66 49 32 16 11 24 41 58 75 86 69 53 39 27 24 33 46 62 78 91 75 61 49 40 38 44 55 68 83 97 83 71 60 54 52 56 65 77 90 106 93 82 73 67 66 69 76 87 99 115 103 93 86 81 80 83 89 97 108
66 148 100 81 29 104 106 120 58 91 170 58 63 50 73 46 92 74 69 73 96 112 77 99 69 91 100 100 65 97 76 63 45 73 88 66 26 79 64 79 71 75 34 100 80 67 66 72 138 47 64 55 68 56 92 68 64 9 65 53 97 57 52 85 113 57 110 77 153 104 51 68 72 111 96 81 83 94 89 118 111 67 73 64 62 75 73 93 39 73 119 47 85 95 63 54 63 91 117 61 77 137 102 81 55 82 91 100 76 80 140 62 68 51 66 50 95 73 75 81 77 105 79 95 71 62 92 103 66 103 72 61 52 94 90 77 28 37 106 86 78 78 49 94 67 95 78 68 112 49 49 99 64 56 100 63 61 0 99 67 95 77 44 88 60 57 117 68 122 101 45 94 58 101 66 94 87 76 85 75 115 68 113 65 88 68 80 62 47 67 119 55 75 94 89 58 70 61 107 100 108 90 73 56 39 23 10 18 34 50 110 93 76 60 45 31 24 28 40 55 114 97 82 67 53 43 38 40 49 62 119 104 89 76 64 55 52 53 60 71 126 111 98 86 76 69 65 67 72 81 134 120 108 97 88 82 79 80 85 93 143 130 119 109 101 95 93 94 98 105 152 140 130 121 114 109 107 108 111 117 163 152 142 133 127 123 121 121 124 130 173 163 154 146 140 137 135 135 138 142
34 54 56 19 104 5 12 43 43 43 71 48 57 65 28 58 39 91 102 27 108 102 118 36 42 21 25 27 39 41 99 37 64 30 27 55 96 27 60 63 33 31 88 56 22 38 51 36 40 53 81 56 52 48 16 42 45 92 35 57 42 44 48 37 61 47 14 62 58 29 49 43 32 14 17 42 36 28 46 20 67 44 52 43 79 25 29 47 65 30 74 57 39 5 50 47 67 31 47 42 39 52 50 54 97 23 9 31 53 51 41 45 49 61 34 52 44 73 95 19 78 55 96 36 38 57 41 31 34 28 102 42 55 32 31 60 95 68 26 45 39 40 82 40 37 22 41 36 50 51 60 30 53 45 11 47 43 99 0 49 38 43 58 33 62 50 25 38 24 33 55 40 46 8 40 12 33 35 49 30 69 48 47 46 62 33 55 45 55 47 66 91 36 8 53 44 47 41 43 25 84 76 71 70 73 80 90 102 115 130 73 63 57 56 60 69 80 93 108 123 63 51 43 42 48 58 71 86 101 117 54 40 30 28 36 49 64 80 96 113 49 32 18 15 27 43 59 76 94 111 47 29 12 6 23 41 58 75 93 110 49 33 20 17 28 43 60 77 94 111 55 42 32 30 38 50 65 81 97 114 64 53 45 44 49 59 72 87 102 118 75 65 59 58 62 70 81 94 109 124
31 85 35 33 61 52 49 87 21 24 112 11 9 20 26 47 68 44 54 31 65 66 71 33 7 31 38 37 16 73 52 28 23 21 26 8 54 23 13 78 43 46 44 35 42 15 3 49 80 36 33 12 5 44 35 8 8 62 24 14 31 22 30 19 48 45 54 20 105 40 27 7 19 54 37 15 18 62 23 67 48 6 9 10 31 30 23 27 29 21 107 46 64 46 5 23 19 27 88 40 12 72 36 18 50 26 40 69 12 15 83 9 3 17 30 42 74 28 48 38 34 39 50 29 11 9 70 38 33 68 54 17 15 29 26 18 53 51 43 69 58 12 35 27 42 34 13 43 46 34 18 34 5 35 43 6 15 67 49 0 29 11 42 23 14 48 56 13 72 36 32 28 14 46 12 38 22 52 20 45 52 2 46 6 28 26 18 10 24 2 101 43 13 41 24 21 4 19 81 37 109 94 81 70 61 56 57 63 72 84 102 87 72 59 48 43 44 51 62 76 97 81 65 50 37 29 30 40 54 69 94 77 60 43 28 16 18 32 48 65 93 76 58 41 24 7 12 29 46 64 94 77 60 44 28 16 19 32 48 65 97 81 65 50 37 29 31 40 54 70 102 87 72 59 49 43 44 51 63 76 109 95 81 70 61 57 57 63 73 85 117 104 92 82 74 71 71 76 84 94
44 58 19 34 89 39 32 81 42 7 86 37 35 48 34 68 71 60 73 39 73 65 89 5 27 18 15 13 34 75 68 44 51 30 15 32 82 24 37 89 53 54 72 19 45 32 31 58 56 58 53 41 29 61 23 28 32 89 38 43 5 43 51 11 27 61 35 31 87 15 49 28 29 35 21 15 13 62 11 52 30 29 26 32 53 37 31 10 57 29 109 67 69 37 33 45 41 8 84 55 18 43 14 22 73 24 34 67 24 21 61 34 28 46 43 61 77 43 64 40 46 19 64 3 25 36 74 12 45 64 72 37 43 6 9 29 81 75 19 76 66 18 61 3 54 17 17 54 19 56 47 10 32 53 28 32 36 95 38 29 0 18 64 10 40 64 32 30 57 9 56 3 38 32 31 27 10 60 16 53 33 28 19 31 27 38 23 34 50 29 102 67 22 31 18 42 26 39 79 15 116 105 95 88 83 83 85 91 100 111 107 94 83 75 70 69 72 79 89 101 98 84 72 62 56 55 59 67 79 92 91 76 62 50 42 41 46 57 70 85 86 70 54 40 29 27 35 48 63 79 83 65 49 32 18 14 26 42 59 76 82 64 47 30 13 6 23 41 58 75 83 66 50 34 20 17 28 43 60 77 87 71 56 42 33 31 38 50 65 81 93 78 65 53 46 45 50 60 72 87
33 75 26 30 71 45 41 83 28 14 102 21 18 30 25 54 68 49 60 31 67 64 77 22 11 23 28 27 20 73 57 32 34 20 17 15 65 18 20 81 45 47 55 27 41 18 13 51 70 43 40 23 12 49 28 12 15 72 27 25 20 29 37 8 39 50 45 20 98 30 34 11 19 46 29 4 8 61 13 60 40 12 11 16 38 30 23 17 40 20 107 53 64 40 15 30 26 17 85 44 4 61 26 13 58 21 35 67 10 10 74 17 10 28 33 48 74 31 53 36 36 30 54 19 10 18 70 28 35 65 60 23 26 19 16 18 63 60 33 70 59 3 44 17 45 25 2 45 35 42 29 24 15 41 35 15 21 77 43 11 18 0 50 13 23 53 46 16 65 26 41 17 22 39 16 31 12 53 12 46 43 10 36 14 24 28 14 18 34 11 101 52 9 35 17 27 8 25 79 27 111 98 86 76 69 66 68 74 83 94 103 89 75 64 56 52 54 62 72 85 97 81 66 53 43 38 41 50 63 78 92 75 59 44 31 24 29 41 56 72 89 72 55 38 22 10 19 35 52 69 89 72 54 37 20 5 17 34 51 68 91 74 57 41 27 19 24 38 54 70 94 78 63 49 38 33 36 46 60 75 100 85 71 59 50 46 49 57 68 82 108 94 81 71 63 60 62 69 78 90
25 110 75 40 58 62 66 77 23 62 129 31 45 39 34 6 49 75 78 32 98 105 92 67 39 55 64 65 31 55 81 23 31 36 53 47 50 43 48 44 27 32 48 76 37 33 43 29 97 7 61 35 45 13 54 38 35 36 27 33 67 22 14 54 88 14 70 60 110 69 16 39 36 70 58 53 52 51 62 75 89 39 51 34 59 34 35 66 24 37 82 5 43 54 38 20 51 58 74 17 48 101 75 59 67 45 50 57 54 56 98 34 44 35 25 7 53 64 78 39 70 79 81 63 40 44 50 69 24 59 80 28 30 61 57 59 51 11 70 45 36 49 52 64 23 58 50 25 83 9 31 64 42 13 60 37 29 44 58 42 64 50 0 55 45 14 78 35 79 68 11 65 29 61 34 54 55 32 61 32 93 43 82 37 69 28 59 33 20 41 79 63 43 53 65 23 45 26 65 64 76 60 44 29 20 23 36 52 68 85 74 57 40 22 7 15 31 49 66 83 74 57 40 24 11 17 32 49 66 83 77 61 46 32 24 27 39 54 70 86 83 68 54 43 38 40 48 61 75 91 90 77 65 56 52 53 60 70 83 97 99 87 77 69 66 67 72 81 92 105 109 98 89 83 80 81 85 93 102 114 120 110 102 96 94 94 98 105 113 124 131 122 115 110 108 108 111 117 125 135
34 63 26 25 83 35 30 75 33 11 89 30 30 42 25 59 64 60 72 30 76 70 89 12 20 12 15 14 25 67 68 34 45 20 7 28 77 15 33 81 44 45 67 26 37 23 25 49 58 49 52 34 24 52 17 20 24 82 29 36 13 34 42 5 35 52 34 31 86 18 41 20 20 34 17 11 6 55 14 49 39 22 23 24 50 28 22 16 50 20 102 57 61 31 26 37 38 4 78 46 11 50 22 22 70 16 27 60 22 19 62 26 22 40 34 52 69 42 64 32 47 27 65 9 17 31 66 16 36 58 71 29 36 7 3 29 75 66 21 67 57 11 57 10 45 13 11 45 28 47 40 12 27 44 24 25 28 88 33 23 10 13 55 0 36 55 34 21 54 14 47 11 30 28 23 21 1 51 17 44 42 22 28 23 30 29 23 26 42 23 95 64 13 25 21 33 20 30 72 15 108 96 86 79 74 74 78 85 95 107 99 86 74 66 61 60 65 73 85 98 91 77 64 53 47 47 52 63 76 90 85 69 54 42 33 33 41 53 68 84 81 64 48 32 20 20 31 47 63 80 79 62 44 27 10 9 26 43 61 78 80 62 45 29 14 14 28 45 62 79 83 66 51 37 27 26 36 50 65 82 88 73 59 47 40 40 47 58 72 87 95 81 69 59 54 54 59 68 80 94
40 97 41 45 49 65 63 99 29 34 124 18 6 10 38 50 79 33 41 42 56 61 58 44 20 44 50 49 27 84 41 37 17 34 39 9 43 36 5 85 52 56 33 41 53 26 12 58 93 39 21 10 12 50 48 21 19 56 34 12 41 29 35 31 54 51 67 18 118 53 31 20 31 67 50 26 30 74 31 81 52 18 15 21 18 42 35 35 25 33 117 49 73 59 13 28 7 39 100 47 25 82 44 22 36 40 54 80 17 21 96 18 14 11 40 46 84 19 37 50 26 46 39 41 24 5 80 50 42 80 42 26 15 41 38 18 41 52 56 79 67 25 22 38 51 47 25 52 54 38 15 47 10 42 56 15 24 60 62 14 40 23 45 36 0 53 69 25 85 48 34 38 21 60 23 52 35 62 27 55 56 15 56 17 29 36 21 19 25 15 112 30 26 54 30 28 16 28 92 50 117 101 87 73 62 54 50 53 60 72 111 95 79 64 51 41 36 40 50 63 107 91 74 58 42 29 23 28 41 56 105 88 71 54 37 20 9 19 35 52 105 88 71 54 36 19 6 18 35 52 107 90 73 57 41 27 20 26 40 55 110 94 78 63 49 39 34 38 48 62 116 100 85 72 60 51 48 51 59 70 122 108 94 82 72 65 62 64 70 80 130 116 104 93 84 78 76 77 83 91
21 103 78 35 72 54 59 63 27 64 120 37 52 49 31 11 35 85 90 28 108 113 105 66 43 52 61 62 33 41 92 21 43 35 51 53 64 41 56 32 17 21 61 78 28 35 49 16 89 16 72 44 51 5 49 42 40 48 27 42 68 26 19 56 90 4 63 67 98 67 23 43 36 63 53 56 53 38 65 66 92 43 56 38 69 30 34 68 36 36 68 11 29 46 45 26 60 58 61 10 50 97 76 64 79 42 43 44 59 61 90 39 49 45 22 9 39 72 88 32 78 81 91 63 43 51 36 67 20 47 91 31 39 61 56 65 64 21 66 31 22 52 64 65 13 55 53 14 83 16 41 63 49 13 54 42 33 57 50 48 64 53 14 55 53 0 72 38 68 67 22 65 34 54 37 49 55 20 64 21 95 48 82 42 75 27 64 38 30 46 66 75 45 47 69 27 49 29 51 61 64 48 34 24 24 35 50 66 82 99 61 44 27 12 13 28 45 62 80 97 61 43 26 10 12 28 45 62 79 97 64 48 33 22 23 34 49 65 82 98 69 55 43 36 36 44 56 71 86 102 78 65 55 49 50 55 66 78 92 108 87 76 68 63 63 68 76 88 100 114 98 88 81 77 77 81 88 98 109 122 109 101 95 91 91 94 101 109 120 131 122 114 108 105 105 108 113 121 130 141
54 32 47 38 116 22 14 60 59 39 56 60 64 75 45 80 63 92 104 46 104 93 121 28 51 26 19 20 53 64 100 56 76 44 31 61 109 38 66 87 56 54 100 47 45 51 58 60 24 73 85 67 58 70 25 51 55 110 52 68 34 60 66 39 47 70 12 62 56 18 67 52 45 12 21 44 39 51 43 26 53 53 56 54 83 44 44 41 79 44 95 78 63 28 59 63 71 30 65 63 44 27 40 53 104 35 30 54 55 52 29 57 55 72 54 73 67 74 96 41 78 44 96 30 48 64 65 21 54 49 104 56 67 29 31 61 108 89 14 70 63 45 90 35 59 23 45 59 34 71 72 23 60 65 19 57 56 117 25 56 32 46 78 34 69 72 0 50 30 24 73 35 59 19 52 24 35 59 47 53 55 55 31 55 58 50 55 57 70 55 86 97 44 26 49 60 53 56 64 19 108 100 96 94 95 100 107 116 127 140 95 87 82 80 82 87 95 106 118 131 84 74 68 66 68 74 84 96 109 123 73 62 54 52 55 62 74 87 101 116 64 51 41 38 42 52 65 79 95 111 57 42 29 23 30 43 58 74 91 107 53 36 19 9 21 37 54 71 88 105 52 35 18 6 19 36 53 71 88 105 55 40 26 20 27 41 56 73 90 107 62 48 38 34 38 49 63 78 94 110
19 81 41 21 67 42 41 75 13 28 105 11 21 28 13 39 56 57 66 19 77 77 82 33 6 25 33 33 5 61 64 17 27 10 21 20 60 13 25 67 31 34 51 42 29 3 15 36 73 29 45 18 17 34 27 5 7 61 12 19 33 14 22 20 53 34 46 32 95 37 20 7 7 46 30 19 17 50 28 58 55 8 21 5 43 18 11 32 30 9 95 38 51 35 13 16 31 25 76 29 13 70 41 27 60 17 30 56 23 24 76 8 14 24 18 33 61 40 60 26 46 45 62 29 6 20 58 36 21 56 66 8 18 28 23 30 58 45 39 57 46 15 45 29 30 28 16 31 48 27 22 32 16 26 35 10 7 68 38 13 30 16 35 21 25 38 50 0 62 35 27 30 10 38 2 29 21 40 27 33 58 13 48 8 38 13 28 7 22 11 89 54 9 31 32 12 13 10 68 33 97 83 70 60 54 53 58 67 78 92 90 75 61 49 41 40 46 56 70 85 85 68 53 38 28 26 34 48 63 80 82 65 48 31 16 13 26 43 59 77 81 64 46 29 12 7 24 41 59 76 83 66 49 34 21 19 30 45 61 78 87 71 56 43 34 32 39 52 66 82 93 78 65 54 47 46 51 61 74 88 101 87 76 66 61 60 64 72 83 96 110 98 87 79 75 74 77 84 93 105
56 46 74 43 127 21 25 32 67 63 53 72 81 89 52 78 45 114 125 49 129 120 142 54 66 43 42 44 63 44 122 59 88 54 49 79 120 50 84 72 52 48 112 74 42 62 74 53 27 75 104 80 75 67 38 66 68 113 58 81 60 67 71 59 76 67 22 84 34 44 72 66 56 22 37 65 59 35 67 6 82 68 75 66 102 48 53 66 88 54 69 77 48 28 74 71 90 52 38 62 62 52 67 76 121 46 33 34 75 73 25 69 72 85 57 73 48 96 118 41 100 72 119 55 62 81 47 47 56 28 125 65 79 52 52 82 119 88 40 53 52 63 106 60 56 42 64 55 63 73 83 48 76 66 31 71 66 122 24 72 57 65 79 54 85 68 30 62 0 50 78 60 70 27 64 35 55 51 70 48 84 71 60 69 83 56 77 69 78 71 60 115 60 32 74 67 71 65 40 43 85 82 82 85 92 101 113 125 139 153 72 67 68 72 80 91 103 117 132 147 59 53 54 59 69 81 95 110 125 141 46 39 40 47 59 73 88 104 120 137 35 26 26 37 51 67 83 100 116 133 27 13 14 29 46 63 80 97 114 132 26 9 11 28 45 62 79 97 114 131 32 21 21 33 48 65 81 98 115 133 42 34 35 43 55 70 86 102 118 135 54 48 48 54 65 78 92 107 123 139
46 50 24 34 96 34 26 76 47 16 78 44 43 55 36 71 69 68 81 40 81 71 97 5 33 16 9 7 39 72 76 47 58 32 16 40 90 26 45 89 54 54 80 24 45 36 38 58 48 62 62 48 37 63 21 34 38 95 42 50 11 48 55 18 29 64 28 39 80 6 54 34 32 28 18 23 19 59 20 45 34 35 34 38 61 38 34 18 63 32 106 70 68 34 40 50 49 11 80 57 25 36 18 30 81 25 31 64 32 29 52 40 35 53 46 65 75 51 73 39 54 23 72 8 31 43 72 3 47 61 80 42 50 8 12 38 88 79 11 74 65 24 69 12 55 14 24 55 17 60 54 5 40 57 23 39 41 101 33 36 9 26 68 14 48 67 24 35 50 0 61 11 44 27 36 24 15 60 24 53 36 35 16 37 35 41 32 40 56 36 98 75 27 28 26 47 33 43 75 9 115 104 96 90 87 88 92 99 108 119 105 93 83 77 73 74 79 87 97 109 95 82 71 63 59 60 66 75 87 101 87 73 60 50 45 47 54 65 79 93 81 65 50 38 31 33 43 57 72 88 76 60 43 28 18 21 35 50 67 84 75 57 40 23 6 13 30 48 65 82 75 58 42 25 13 17 32 49 66 83 79 63 47 34 26 29 40 54 70 86 85 70 56 46 40 42 50 62 76 91
22 105 66 37 53 59 62 80 15 54 126 21 34 29 29 16 54 65 69 29 88 95 84 59 30 49 58 58 23 59 71 19 22 30 46 36 45 36 37 53 29 34 41 66 36 25 33 32 94 6 51 25 35 18 49 29 26 37 22 23 59 14 8 46 79 20 66 50 110 63 7 30 30 66 52 44 44 54 53 74 80 29 41 25 49 30 30 57 15 30 89 15 48 51 28 11 41 51 79 19 39 95 66 49 58 39 47 60 44 47 96 25 34 25 22 13 59 53 68 37 59 70 71 56 32 33 55 62 22 62 70 19 20 54 50 49 45 20 64 51 41 40 43 56 25 52 41 27 74 6 21 58 32 13 56 27 21 45 55 32 56 41 11 47 34 22 73 27 78 61 0 56 19 57 26 50 47 36 51 33 83 33 74 28 59 24 49 24 9 31 86 54 35 50 56 15 35 18 69 58 85 69 53 39 29 27 36 49 64 80 82 65 48 32 17 14 27 43 60 77 81 64 46 29 12 7 24 41 59 76 82 66 49 33 20 17 29 44 61 77 86 70 55 42 32 31 38 51 66 81 92 77 64 53 46 44 50 60 73 87 100 86 74 65 59 58 62 71 82 95 109 96 86 78 73 72 76 82 92 104 119 107 98 91 87 86 89 95 103 114 129 119 111 104 101 100 102 107 115 124
45 60 16 36 87 42 35 83 42 5 89 37 33 47 35 69 73 57 70 40 70 62 87 7 27 20 18 16 35 77 66 44 50 31 16 30 81 25 35 91 54 55 71 16 47 32 29 60 59 58 51 40 28 62 26 28 32 89 39 42 3 44 51 11 25 62 38 28 90 17 50 28 30 38 24 14 13 64 9 55 28 28 24 32 50 38 33 7 56 30 111 67 71 40 32 45 39 10 86 56 18 45 12 19 71 26 36 69 22 18 63 33 27 45 44 62 79 40 62 42 43 17 62 6 25 34 76 14 46 67 69 38 43 9 11 27 79 75 22 77 67 17 59 1 55 19 16 56 19 56 46 13 31 54 30 32 36 94 40 28 3 17 65 11 38 65 35 30 60 11 56 0 38 35 31 29 11 62 13 54 31 27 19 30 24 39 21 34 50 28 104 65 22 34 15 42 25 39 81 18 118 107 97 89 84 82 85 90 98 109 109 96 85 76 70 68 71 78 87 99 101 87 74 63 57 55 58 66 77 90 94 78 64 52 43 41 45 55 68 82 89 72 56 42 31 27 33 46 61 77 85 68 51 35 20 13 24 40 56 73 84 67 50 33 15 4 20 38 55 72 86 69 52 36 22 16 26 41 57 74 90 74 58 44 34 30 36 48 62 78 95 80 67 55 47 44 48 58 70 84
20 90 48 28 58 50 50 80 8 35 114 4 19 21 19 33 58 54 61 23 76 79 77 42 12 34 42 42 8 63 61 17 19 17 30 20 51 22 23 65 32 36 43 48 33 9 15 37 82 22 41 12 18 30 35 11 7 52 14 12 41 9 16 28 60 31 55 33 103 47 13 11 15 55 39 25 26 54 35 66 61 11 23 7 39 23 18 39 21 17 96 32 53 42 11 9 28 34 80 27 21 79 48 31 54 25 37 60 26 28 85 6 16 17 19 28 63 39 57 31 45 51 60 38 14 18 60 45 21 61 62 6 10 37 32 32 50 38 48 58 47 22 38 37 30 37 22 31 56 21 14 41 15 22 43 9 4 58 46 14 38 22 29 30 21 34 59 10 70 44 19 38 0 46 8 38 29 41 33 35 65 15 56 9 42 16 31 5 13 13 91 48 17 39 37 7 17 7 72 42 96 81 68 56 48 45 49 58 70 84 91 75 59 45 35 31 36 48 62 78 87 70 53 37 23 17 26 40 57 73 85 68 51 33 16 4 20 37 54 72 86 69 52 35 20 12 23 39 55 72 89 73 57 42 30 26 32 45 60 76 94 79 64 52 43 40 44 54 67 82 101 87 74 63 56 54 57 65 76 89 109 96 85 76 70 68 70 77 86 98 118 107 96 88 83 82 84 89 97 108
37 49 50 21 104 8 5 49 44 38 69 48 55 64 29 62 46 87 99 29 104 96 116 30 40 17 18 20 39 48 96 39 64 30 23 53 97 25 58 69 38 36 88 50 27 38 49 41 37 56 78 55 49 52 12 40 44 94 36 56 36 45 50 33 55 52 10 58 59 22 51 41 31 10 11 39 33 35 41 22 60 43 49 42 76 28 29 41 66 30 81 61 46 10 48 48 64 26 53 46 36 45 44 50 95 21 12 38 49 47 39 45 46 61 37 56 51 70 92 23 74 49 92 30 37 55 48 25 37 35 99 42 55 27 26 56 95 71 18 52 45 37 81 35 41 16 38 41 43 54 59 23 51 48 5 46 43 101 8 46 32 39 61 28 60 54 19 38 27 27 57 35 46 0 39 9 29 41 45 35 62 45 40 44 58 34 51 44 56 45 72 89 34 8 48 45 45 42 50 19 91 83 77 76 78 83 92 103 115 129 80 70 64 61 64 71 81 93 107 122 70 58 50 47 51 59 71 85 100 115 61 47 37 33 38 49 63 78 94 111 54 39 25 19 27 41 57 73 90 107 51 34 17 5 20 37 54 71 88 106 52 35 19 10 21 38 55 72 89 106 56 41 29 24 30 43 59 75 91 108 64 51 41 38 42 52 66 80 96 112 73 62 55 52 55 63 74 88 102 117
19 83 42 23 65 44 43 76 12 29 107 9 20 26 15 39 57 55 64 20 76 77 81 35 6 26 35 35 5 62 63 17 25 11 22 19 58 15 23 67 31 35 49 42 30 3 14 37 75 28 43 17 16 33 29 5 5 60 12 17 34 13 21 21 54 34 48 31 97 39 19 6 9 48 31 19 19 51 29 60 56 7 20 3 41 19 13 33 28 11 95 37 52 37 11 15 29 26 77 29 14 71 41 27 58 19 32 58 22 24 78 6 13 22 19 32 62 39 59 28 45 45 61 31 7 19 59 38 21 57 65 7 16 29 25 30 57 44 41 58 46 15 43 31 31 30 16 31 49 26 20 33 15 25 37 8 6 66 40 12 31 16 34 23 23 37 52 2 64 36 26 31 8 39 0 31 22 41 27 34 59 12 49 7 38 14 28 5 20 10 90 52 10 33 32 12 13 9 69 35 97 83 70 60 53 52 56 65 77 90 91 75 61 48 40 38 44 55 68 83 86 69 53 39 27 24 33 46 62 78 83 66 49 32 16 11 24 41 58 75 82 65 48 31 14 7 23 40 57 75 84 68 51 36 23 20 29 44 60 77 89 73 58 45 35 33 40 51 66 81 95 80 67 56 49 47 52 61 73 88 103 89 77 68 62 61 65 72 83 96 112 99 89 81 76 75 78 84 93 105
30 56 45 15 96 14 13 55 37 32 77 40 47 56 21 56 46 80 91 23 97 90 108 26 32 10 16 17 31 49 88 32 56 21 15 45 88 17 50 67 34 33 80 45 23 29 40 38 45 49 70 47 41 46 4 32 35 86 29 48 31 37 43 26 52 46 17 51 67 21 44 33 23 17 6 31 25 36 35 30 56 34 41 33 68 21 21 36 58 22 83 55 45 11 40 41 56 20 58 40 28 49 40 42 87 13 8 41 41 40 47 36 38 52 30 49 52 62 84 18 67 45 85 25 28 47 49 22 31 38 91 34 47 21 20 49 87 65 18 52 43 29 73 29 36 11 30 36 40 47 51 19 42 42 6 38 34 94 12 38 27 31 54 21 52 49 24 29 35 24 50 29 38 9 31 0 22 38 38 32 59 37 39 36 51 27 44 36 48 37 75 81 26 5 42 37 36 34 53 16 92 82 75 71 72 76 84 95 107 121 82 70 62 57 58 64 73 85 99 113 72 59 49 43 44 52 63 77 92 107 65 50 37 29 31 41 55 70 86 102 60 43 28 16 19 33 49 66 82 100 58 41 24 6 12 29 47 64 81 99 60 43 27 15 18 32 49 65 82 100 65 50 37 29 31 41 54 70 86 102 72 59 48 43 44 51 63 76 91 107 81 70 61 57 58 63 73 85 98 113
34 64 26 26 82 36 30 76 33 11 90 29 29 41 24 58 64 59 71 30 75 69 88 13 19 13 16 15 25 68 67 34 44 20 7 27 76 15 32 81 44 45 66 26 37 22 24 49 59 48 51 34 23 51 18 20 24 81 29 35 14 34 42 5 36 52 34 30 87 19 40 19 19 35 18 10 5 55 14 50 39 21 22 23 49 28 22 16 49 20 102 57 61 32 25 36 37 5 78 45 10 50 22 21 69 16 28 60 21 19 63 25 21 39 34 52 69 42 63 32 46 27 64 9 16 30 66 17 36 58 71 28 35 8 4 28 74 65 22 67 57 10 56 11 45 14 11 45 28 46 39 13 26 44 25 24 27 87 33 22 10 12 55 1 35 55 35 21 55 15 47 11 29 29 22 22 0 51 16 44 42 21 28 23 30 29 23 25 41 22 95 63 13 26 21 32 19 29 73 16 108 96 86 78 74 73 77 84 94 106 99 86 74 65 60 60 64 72 84 97 91 77 64 53 46 46 51 62 75 89 85 70 55 42 33 32 40 53 67 83 81 64 48 32 20 19 30 46 62 79 80 62 45 28 11 9 25 43 60 77 80 63 46 30 15 14 28 44 61 78 83 67 52 38 28 27 36 50 65 81 89 74 60 48 41 40 47 58 71 86 96 82 70 60 55 54 59 68 80 94
22 89 76 27 89 39 46 45 34 62 103 45 59 60 29 30 18 94 101 23 116 117 117 61 46 44 53 54 36 24 102 25 55 34 46 59 81 37 63 30 10 7 76 77 16 38 54 5 73 31 81 52 56 20 40 45 45 67 29 52 64 33 31 54 86 19 49 71 79 58 34 46 35 49 44 56 51 19 64 49 90 47 60 42 79 24 31 66 50 34 56 30 12 32 50 36 68 53 43 17 50 86 73 66 92 36 31 25 62 63 73 44 54 56 22 26 23 79 98 21 85 78 100 58 44 58 20 59 20 28 102 36 49 55 52 69 81 40 56 18 6 52 77 61 12 47 53 10 77 31 52 56 55 24 43 48 39 76 35 52 60 53 32 51 62 20 59 40 51 60 36 62 41 41 41 38 51 0 64 8 93 52 75 47 77 27 67 44 42 51 51 87 45 35 69 35 53 35 34 53 58 45 37 36 42 54 68 84 99 116 51 36 24 22 32 46 62 79 96 113 47 30 13 10 25 42 59 76 94 111 47 30 14 10 25 42 59 76 94 111 51 36 25 23 33 47 63 79 96 113 59 46 38 37 43 55 69 84 100 116 68 58 52 51 56 65 77 91 106 121 79 71 65 65 69 76 87 99 113 127 91 84 79 79 82 88 97 109 121 135 104 97 93 93 95 101 109 119 131 143
45 73 15 40 76 51 46 92 39 9 101 31 23 36 36 65 78 45 58 42 60 54 74 20 22 28 29 28 32 82 53 43 41 31 23 20 70 28 23 93 56 58 60 16 51 29 20 61 71 54 38 31 18 60 34 23 26 81 38 33 15 40 48 13 28 61 49 16 102 30 45 22 30 49 34 9 14 70 5 65 29 22 13 27 38 40 34 8 48 31 117 64 75 48 24 41 27 19 94 55 15 56 17 7 58 30 43 76 10 7 76 27 18 35 44 59 84 28 49 46 31 20 49 17 22 24 80 27 47 74 57 34 35 20 19 14 68 70 34 81 70 13 47 13 56 29 12 57 28 53 37 24 22 52 40 25 32 85 49 20 16 12 61 17 27 64 47 27 70 24 51 13 33 45 27 38 16 64 0 57 32 19 29 24 14 39 8 28 44 21 110 52 20 42 6 38 17 36 88 29 122 109 97 87 80 76 76 80 87 97 113 99 86 75 67 62 62 67 75 86 106 91 77 64 54 48 48 54 65 77 101 85 69 55 42 35 35 43 55 70 97 80 64 47 32 21 22 33 48 64 95 78 61 44 26 10 11 27 45 62 96 78 61 44 27 12 13 28 45 62 98 81 65 49 35 25 25 35 50 66 102 86 71 57 45 38 38 45 57 72 108 93 79 67 57 52 52 57 67 79
16 84 69 19 86 34 40 47 28 54 99 39 53 55 21 31 24 88 96 15 109 109 112 53 39 37 46 47 30 29 96 19 50 26 38 52 78 30 56 37 5 2 73 69 9 31 47 7 69 29 76 47 49 20 33 38 38 67 22 46 57 28 27 46 79 19 44 64 78 51 30 39 28 43 37 48 44 21 56 45 82 40 53 36 73 17 24 59 47 27 62 30 19 26 44 31 62 45 46 15 43 80 66 59 87 29 25 27 55 55 69 38 47 50 16 26 29 72 92 14 78 71 94 51 37 52 25 52 14 29 96 30 43 48 44 62 78 41 49 25 14 44 72 54 9 40 45 8 69 28 47 48 48 21 36 41 32 75 30 45 53 46 32 44 55 21 53 33 48 53 33 54 35 35 34 32 44 8 57 0 85 45 68 40 69 20 60 37 38 44 57 82 37 28 62 29 46 28 38 46 65 53 44 41 45 54 67 82 97 113 58 43 31 27 33 45 60 76 92 109 53 36 21 13 23 38 55 72 89 106 51 34 17 3 19 37 54 71 88 106 54 37 23 17 25 40 56 73 90 107 59 45 35 31 36 47 62 77 93 110 68 56 47 45 48 57 69 84 99 114 78 68 61 59 61 69 79 92 106 120 89 80 75 73 75 81 90 101 114 128 101 93 89 87 89 94 101 111 123 136
75 67 18 67 101 69 61 111 70 32 98 62 52 65 66 97 104 57 71 71 59 41 84 34 54 50 45 43 63 107 63 74 71 61 47 50 96 56 52 122 85 86 86 17 78 61 52 90 74 86 58 62 49 91 56 55 58 111 69 64 29 72 80 40 8 92 62 39 110 41 77 54 60 63 53 40 43 95 31 79 4 54 44 59 59 69 63 27 79 61 142 96 102 69 56 73 53 41 115 86 46 47 20 35 77 57 66 99 41 37 79 59 50 65 75 91 110 46 60 73 44 15 58 35 53 53 106 38 77 96 69 66 66 39 42 38 94 102 45 108 98 44 71 32 86 49 43 86 21 84 68 40 53 83 58 57 64 115 69 52 33 43 93 42 56 95 55 58 84 36 83 31 65 62 59 59 42 93 32 85 0 51 24 56 27 69 35 60 75 53 134 72 51 63 28 70 49 67 111 44 149 138 127 118 112 107 106 107 111 117 140 127 116 106 98 94 92 93 98 105 131 117 105 94 86 80 78 80 85 93 123 108 95 83 73 66 64 66 72 82 116 101 86 73 61 53 50 53 61 72 111 94 79 64 50 40 36 40 50 63 107 90 73 57 42 28 22 28 41 57 105 87 70 53 36 20 8 19 36 53 105 87 70 53 36 19 6 19 36 53 106 89 73 56 40 27 20 27 40 56
31 84 34 32 62 51 48 86 22 23 110 12 10 21 25 48 68 45 55 31 65 66 71 32 7 30 36 35 16 73 53 29 24 21 24 8 56 22 13 78 43 46 46 34 41 15 4 49 78 37 34 14 5 44 34 8 9 63 24 16 29 23 30 18 47 45 53 20 104 39 27 7 18 53 36 13 16 62 21 66 47 5 9 10 32 30 23 26 30 20 107 46 63 45 6 23 20 25 87 40 11 70 35 17 51 25 40 68 11 14 82 9 2 19 30 42 74 28 49 38 34 38 50 28 10 10 70 37 33 68 55 17 17 28 24 18 54 52 42 69 58 11 36 26 42 32 11 43 44 35 20 33 6 36 42 7 15 68 48 2 28 10 43 22 15 48 55 13 71 35 33 27 15 45 12 37 21 52 19 45 51 0 45 6 27 26 17 10 25 3 101 45 12 40 23 21 2 19 80 36 109 95 81 70 62 58 58 64 74 86 102 87 72 59 49 44 45 52 64 77 97 81 65 50 37 30 32 42 55 71 94 77 60 43 28 16 20 33 49 66 92 75 58 40 23 6 13 30 47 64 93 76 59 42 27 14 18 32 49 66 96 80 64 49 36 28 30 40 54 70 101 86 71 58 47 42 43 51 62 76 108 93 80 68 60 55 56 62 72 84 116 102 90 80 73 69 70 75 83 94
61 47 20 49 104 47 38 89 60 22 78 55 51 64 51 86 84 69 83 55 77 63 98 16 45 32 24 22 52 87 77 61 68 47 31 48 98 41 52 105 69 69 88 20 60 50 47 74 51 76 65 58 46 78 36 46 50 107 56 60 16 61 69 29 16 79 39 43 87 19 68 46 47 40 33 32 31 74 25 56 23 47 41 50 65 53 49 21 75 47 121 85 83 48 50 63 55 25 93 72 36 29 13 35 86 40 46 78 39 35 57 51 45 63 61 79 90 54 73 55 55 15 72 19 43 52 87 17 62 75 81 56 61 22 26 41 97 93 23 90 81 35 75 19 71 29 35 71 3 74 64 20 49 71 37 50 54 113 47 46 19 36 82 28 56 82 31 48 60 16 74 19 56 40 49 39 28 75 29 68 24 45 0 49 34 56 36 52 68 47 112 80 40 43 28 60 43 57 90 24 130 120 111 105 101 101 103 108 115 125 120 108 99 92 88 87 89 95 103 114 110 97 87 79 74 73 76 83 92 104 101 87 75 66 60 59 63 71 82 95 93 78 65 54 46 45 50 60 73 87 87 71 56 43 33 31 38 51 65 81 83 66 50 34 21 18 28 44 60 77 82 64 47 30 13 6 23 41 58 75 82 65 48 32 17 13 26 42 59 76 86 69 54 39 29 27 35 48 63 79
25 85 39 29 61 49 47 83 16 27 111 7 13 21 21 42 63 49 58 26 70 71 74 35 5 30 37 37 11 68 57 23 22 17 25 13 54 20 17 73 38 41 45 39 37 10 7 43 78 31 37 12 10 38 33 4 3 59 19 13 33 17 25 20 52 39 52 25 103 41 22 4 15 52 35 17 18 58 26 65 52 2 15 5 35 26 19 30 27 17 102 41 59 42 5 18 23 27 84 34 13 72 39 22 52 23 37 64 17 19 82 4 8 17 25 37 69 33 53 34 39 43 55 31 8 13 65 39 27 64 58 12 13 30 26 24 53 47 43 64 53 14 37 30 37 32 14 38 48 29 17 35 8 30 41 2 9 65 46 6 31 14 37 23 17 42 55 8 69 37 28 30 9 44 7 36 23 47 24 40 56 6 49 0 33 21 23 5 21 4 97 46 11 38 29 16 8 14 76 37 103 89 76 65 56 53 55 62 73 86 97 81 67 54 44 39 42 51 64 78 92 76 60 44 32 25 30 41 56 72 89 72 55 38 22 11 19 35 52 69 89 72 54 37 20 4 16 34 51 68 90 74 57 41 26 18 24 38 54 70 94 78 63 48 37 32 35 46 59 75 100 85 71 59 50 46 48 56 68 81 107 93 81 70 63 60 61 68 78 90 116 103 92 82 76 74 75 80 89 99
56 81 15 53 74 64 58 105 49 21 111 39 26 38 49 75 91 35 49 55 47 41 64 31 32 42 41 40 43 95 43 55 45 44 36 24 69 41 25 104 68 70 59 15 64 40 27 74 82 63 32 36 25 71 47 34 35 85 50 39 25 50 57 26 27 72 61 12 114 41 54 33 42 62 47 22 28 83 17 78 24 32 19 37 33 53 46 17 54 43 130 73 87 61 31 50 26 32 107 66 27 63 22 11 53 44 57 89 17 15 87 36 26 39 56 69 97 20 39 59 21 21 39 29 33 28 93 38 58 87 48 44 41 32 32 12 67 78 45 94 83 26 44 24 68 42 25 68 32 62 42 36 28 62 53 33 42 88 62 28 27 24 69 30 29 75 58 38 83 35 59 24 42 58 38 51 30 77 14 69 27 27 34 33 0 51 11 37 51 29 123 47 32 55 10 48 26 46 101 41 134 121 108 97 88 82 79 80 84 92 126 112 98 86 76 68 65 66 72 81 120 104 89 76 64 55 51 53 60 70 114 98 82 67 54 43 37 40 48 61 110 94 77 61 45 32 24 27 39 54 108 91 74 57 40 23 10 17 33 50 108 91 74 56 39 22 7 15 32 49 110 93 76 59 43 29 20 24 37 52 113 97 80 65 51 39 33 36 45 59 118 102 87 73 61 52 47 49 56 67
6 82 52 14 72 37 39 64 11 38 103 20 33 37 6 31 43 69 77 7 90 90 93 40 19 27 37 37 10 48 76 6 33 9 25 33 65 15 37 54 18 21 57 53 18 11 28 24 71 23 56 28 30 23 26 18 18 60 3 28 42 12 17 30 64 24 43 45 89 42 17 19 10 43 30 30 27 38 39 52 66 21 34 16 54 8 8 42 33 9 82 30 38 29 25 15 43 31 64 17 24 73 50 40 70 17 24 45 36 37 73 19 27 32 6 24 49 53 73 16 59 55 75 37 18 32 45 41 8 45 77 11 25 34 30 43 64 39 42 44 33 26 54 39 17 30 27 18 56 21 29 37 29 16 33 22 13 68 33 26 38 28 28 29 36 27 50 13 56 41 24 39 16 34 14 27 29 27 39 20 69 26 56 21 51 0 41 18 23 24 76 64 19 27 44 12 26 10 56 36 84 70 58 50 47 50 58 70 84 99 77 62 48 37 33 37 48 62 77 93 72 55 40 26 19 26 40 56 72 89 70 52 35 18 5 19 36 53 70 87 70 53 36 20 10 20 37 53 71 88 74 57 42 30 24 30 42 58 74 90 79 65 52 42 38 42 52 65 79 95 87 74 63 55 52 55 63 74 87 101 96 84 75 68 66 68 75 84 96 109 106 96 88 82 80 82 87 95 106 118
46 81 20 44 69 58 52 97 38 17 109 29 18 30 39 64 82 37 50 45 53 50 66 28 22 35 37 35 32 86 46 44 36 34 29 15 64 32 17 94 58 61 53 20 54 30 17 64 79 53 31 27 15 60 40 23 25 76 39 29 22 39 47 19 33 61 56 8 109 37 44 22 32 56 40 13 19 74 13 72 32 22 9 27 30 43 36 16 44 34 121 63 78 53 21 40 20 26 99 56 18 64 24 2 51 35 49 80 6 5 83 26 16 30 46 59 87 20 42 50 24 25 42 25 23 19 84 35 48 79 49 34 31 27 26 6 62 68 42 84 73 16 40 21 58 36 15 58 34 52 33 32 18 52 47 23 31 80 55 18 23 14 59 23 21 64 55 28 77 32 49 21 31 51 28 44 23 67 8 60 35 17 36 23 11 41 0 27 41 19 114 45 23 48 9 38 16 36 92 36 124 110 98 87 78 72 71 73 80 89 117 102 88 76 66 59 57 60 68 79 110 95 80 66 54 46 43 47 57 70 106 89 73 57 43 33 29 35 48 62 103 86 69 52 36 21 16 25 41 57 102 84 67 50 32 15 3 21 38 55 102 85 68 51 35 20 14 24 40 57 105 89 72 57 42 31 28 34 46 61 110 94 79 65 52 44 41 46 56 69 116 101 87 74 64 57 55 59 67 78
22 87 43 27 60 49 48 81 12 31 112 4 16 21 19 38 60 52 60 24 73 75 76 38 7 31 39 39 8 65 59 19 20 16 26 16 53 20 20 69 34 38 44 43 35 8 11 40 79 27 39 12 14 34 33 6 3 56 15 12 36 13 20 24 56 35 53 29 102 43 18 7 14 53 36 21 21 55 30 64 56 6 19 3 37 24 17 34 24 16 99 37 55 42 7 13 25 30 81 30 16 75 43 27 53 24 37 62 21 24 83 1 12 17 22 32 66 36 55 32 42 47 57 34 10 15 62 42 24 62 60 8 11 33 29 28 52 43 45 61 49 17 38 33 33 34 18 34 52 25 16 37 12 26 41 5 5 62 45 10 34 18 33 26 19 38 57 7 69 40 24 34 5 44 5 36 25 44 28 37 60 10 52 5 37 18 27 0 17 8 94 48 13 38 33 11 12 10 73 39 100 85 72 60 52 49 52 60 72 85 94 78 63 49 39 35 39 50 63 78 89 72 56 41 27 21 28 41 57 73 87 70 52 35 19 7 19 36 53 70 87 70 52 35 19 8 20 36 53 70 89 72 56 41 27 22 28 41 57 73 94 78 63 50 39 35 40 50 63 78 100 85 72 60 52 49 52 60 72 85 108 94 82 72 66 63 66 72 82 94 116 104 93 85 79 77 79 85 93 104
23 102 59 36 50 59 60 84 12 47 125 14 26 20 28 25 60 56 61 30 80 86 76 54 24 45 54 54 18 65 63 20 14 27 41 28 42 33 28 62 33 38 36 59 39 20 24 38 92 15 43 16 27 26 46 23 19 40 20 14 53 12 12 40 72 27 65 41 111 58 8 23 26 65 50 37 38 58 46 74 72 22 33 19 40 30 27 50 10 27 96 24 54 51 20 8 32 46 83 25 32 91 59 41 51 36 46 64 35 39 95 17 26 16 23 22 65 44 59 38 50 63 62 50 26 25 61 57 25 65 62 15 11 49 44 40 42 28 60 58 47 34 36 49 30 48 34 32 68 14 12 53 24 19 54 19 15 47 55 24 50 34 20 42 25 30 70 22 78 56 9 50 13 56 20 48 41 42 44 38 75 25 68 21 51 23 41 17 0 23 92 47 29 49 48 12 27 15 74 54 93 77 62 48 38 33 37 48 61 77 89 72 56 40 26 19 26 39 55 72 87 70 53 36 19 5 18 35 52 70 88 71 54 37 20 10 20 36 53 70 90 74 58 43 30 24 29 42 57 73 95 80 65 52 42 38 41 51 64 79 102 87 74 63 55 52 54 62 73 86 109 96 84 75 68 66 68 74 83 95 119 106 96 87 82 80 81 86 94 105 129 117 108 100 95 94 95 99 106 116
29 85 36 31 61 51 48 86 20 25 111 10 10 20 24 46 67 46 55 30 66 67 72 33 6 30 37 36 15 72 54 27 23 20 25 9 54 21 14 77 41 45 45 36 40 13 4 47 79 35 34 12 6 42 34 7 7 61 22 14 31 21 28 19 49 43 53 21 104 40 25 6 18 53 36 15 17 61 23 66 49 4 11 9 32 29 22 27 29 20 105 44 62 44 4 21 20 27 87 38 12 71 37 19 51 25 39 67 13 16 83 8 4 18 29 40 72 29 50 37 35 40 51 29 9 10 69 38 31 67 55 16 15 29 25 20 53 50 43 68 56 12 36 28 40 33 13 41 46 33 18 34 6 34 42 5 13 67 47 2 29 11 41 23 15 46 55 11 71 36 31 28 13 45 10 37 22 51 21 44 53 3 47 4 29 24 19 8 23 0 100 45 12 40 25 19 4 18 79 37 107 93 80 68 60 56 57 63 73 85 101 85 70 57 47 42 43 51 63 77 96 79 63 48 35 28 30 41 55 70 93 75 59 42 26 14 19 33 50 66 92 74 57 40 22 5 13 31 48 65 93 76 59 42 27 16 20 34 50 67 96 80 64 49 37 30 32 42 56 71 101 86 71 59 48 43 45 52 64 78 108 94 81 70 61 57 58 64 74 86 116 103 91 81 74 71 72 77 85 96
72 104 120 71 137 66 75 28 84 106 103 95 109 111 76 75 34 145 152 71 166 164 168 101 95 85 90 92 86 29 152 75 105 81 89 109 129 83 113 41 60 56 126 120 61 87 103 55 85 81 132 103 106 68 79 94 94 110 79 102 106 84 81 98 126 67 75 120 67 94 85 95 83 75 81 102 96 41 108 62 131 96 109 92 130 72 79 110 100 82 10 76 39 65 100 86 119 94 22 68 97 111 115 113 143 80 68 35 110 110 81 94 103 106 73 74 29 129 148 65 134 120 150 100 93 108 32 96 70 38 153 87 99 96 94 118 130 83 90 35 46 99 127 104 63 86 100 61 115 80 103 94 104 74 76 98 89 119 66 101 102 101 79 95 112 66 86 89 60 98 86 104 91 72 90 75 95 51 110 57 134 101 112 97 123 76 114 94 92 100 0 138 92 71 115 85 102 85 23 90 31 38 50 65 80 97 113 130 147 164 17 28 43 59 76 93 110 128 145 162 6 23 40 57 75 92 109 127 144 161 14 26 42 59 76 93 110 127 144 162 28 35 48 63 79 96 112 129 146 163 42 47 58 71 85 101 117 133 149 166 56 60 69 80 93 107 122 138 154 170 71 74 81 90 102 115 129 144 159 175 85 87 93 102 112 124 137 151 166 181 99 101 106 114 123 134 146 159 173 188
67 125 61 75 32 95 92 128 55 60 153 45 35 28 66 69 105 20 16 71 42 58 30 71 50 74 79 78 55 110 21 64 33 63 68 37 30 65 32 107 79 83 22 62 81 55 41 83 121 60 15 37 41 72 78 50 48 56 62 37 66 55 58 59 73 73 96 38 148 80 54 49 61 97 79 54 59 102 57 110 69 48 42 50 15 71 65 60 40 63 142 68 99 88 42 52 26 68 128 71 54 108 67 46 7 69 83 108 43 47 125 47 44 33 67 67 110 27 20 79 28 67 24 68 53 35 107 78 69 109 18 53 40 69 67 39 28 66 84 104 93 54 11 64 76 76 53 77 78 59 36 75 39 65 86 45 51 55 91 43 67 52 63 64 30 75 97 54 115 75 54 65 48 89 52 81 63 87 52 82 72 45 80 46 47 64 45 48 47 45 138 0 56 84 52 54 45 55 119 78 139 122 106 90 75 61 49 41 40 46 135 118 101 85 69 53 39 28 26 35 133 116 99 82 65 48 31 16 13 26 133 116 98 81 64 46 29 12 7 24 134 117 100 83 66 49 33 20 18 29 136 120 103 86 71 55 42 33 31 38 140 124 108 92 78 64 53 46 45 50 145 130 114 100 86 74 65 59 58 62 151 136 122 109 96 86 78 73 72 75 159 144 131 118 107 98 91 86 86 88
25 75 34 22 72 40 37 76 21 20 100 17 21 31 17 47 59 56 66 23 74 72 83 25 7 19 26 26 13 64 64 24 33 12 14 20 65 11 25 73 36 39 56 34 32 11 15 42 68 37 45 23 16 41 22 8 12 69 19 24 25 22 30 12 46 42 41 28 93 30 28 8 10 42 24 12 9 52 20 55 47 10 17 11 43 21 14 24 37 11 98 46 56 33 15 24 31 17 77 36 6 62 32 22 62 14 28 58 18 18 71 13 13 28 25 41 65 38 60 28 44 37 61 21 4 21 62 29 27 57 66 16 24 20 16 26 64 53 32 62 51 8 47 21 36 22 9 37 40 35 28 24 17 33 31 13 15 75 36 13 22 9 43 13 26 45 44 9 60 27 35 22 17 34 10 26 13 45 20 37 51 12 40 11 32 19 23 13 29 12 92 56 0 28 25 21 11 18 71 26 102 89 77 68 62 61 65 73 84 96 94 80 67 56 49 48 52 62 74 88 88 72 58 44 35 34 40 52 66 82 84 67 51 35 23 20 30 45 61 77 82 65 47 30 13 8 24 41 58 75 82 65 48 31 16 11 25 42 59 76 85 68 53 38 27 24 33 47 62 79 90 74 60 48 39 38 44 55 69 84 97 82 70 59 53 52 56 65 77 91 105 92 81 72 67 66 69 77 87 99
29 57 49 14 97 12 13 50 37 36 77 41 49 58 21 54 42 83 94 21 100 95 110 30 34 14 20 21 32 45 91 31 57 22 19 47 89 19 53 64 31 29 81 49 20 31 43 35 45 48 73 49 44 44 9 34 37 86 29 50 35 38 43 30 56 44 17 54 65 25 43 35 24 17 11 35 29 32 39 27 61 37 45 35 71 20 22 40 58 23 79 53 41 7 42 41 59 24 53 38 31 52 44 46 90 15 4 36 45 43 47 38 41 54 29 48 47 65 87 16 70 49 88 29 31 49 45 26 29 34 94 35 48 26 24 52 88 64 22 48 40 33 75 33 34 15 33 33 45 46 52 24 45 40 8 40 36 94 8 41 31 35 53 25 54 47 26 31 32 28 50 34 39 8 33 5 26 35 42 28 63 40 43 38 55 27 48 38 49 40 71 84 28 0 46 37 39 34 48 20 88 78 71 69 70 76 84 96 108 122 77 66 58 55 56 63 74 86 100 115 68 55 45 41 43 52 64 78 94 109 61 46 33 26 30 42 56 72 89 105 56 39 23 13 20 35 52 69 86 103 55 37 20 4 16 33 50 68 85 102 57 41 26 17 23 37 53 69 86 103 63 48 37 31 34 45 59 74 90 106 71 58 49 45 47 55 67 81 96 111 81 70 62 59 61 67 77 89 103 117
50 73 11 45 78 55 49 96 44 11 103 35 26 39 41 70 83 43 56 47 56 49 72 22 27 33 32 30 37 87 51 49 45 36 27 23 72 33 26 98 61 63 62 12 56 34 24 67 73 59 38 35 22 65 38 28 31 84 43 37 16 45 53 17 25 66 52 15 105 32 50 27 35 53 37 14 19 75 8 69 24 27 16 32 38 46 39 9 52 36 122 69 80 52 28 46 28 23 99 60 20 56 15 8 58 35 48 80 14 10 78 32 22 39 49 64 89 27 47 51 29 16 47 20 27 27 85 29 52 79 55 39 39 23 23 14 70 75 36 86 75 18 48 15 61 33 17 62 26 57 41 27 26 57 44 29 37 89 53 24 18 17 65 21 30 69 49 32 74 26 56 15 37 48 32 42 21 69 6 62 28 23 28 29 10 44 9 33 48 25 115 52 25 46 0 43 21 41 93 32 127 114 102 92 84 80 79 82 88 97 118 104 92 80 72 66 65 69 76 87 111 96 82 69 59 53 51 56 65 77 106 90 74 60 47 39 38 44 55 69 101 85 68 52 37 26 24 33 47 62 99 82 65 48 31 15 11 25 42 59 99 82 64 47 30 13 8 24 41 58 101 84 67 51 35 23 20 30 45 61 104 88 72 57 44 35 34 40 52 67 109 94 80 66 56 49 47 52 62 74
14 91 53 25 61 48 49 75 1 40 113 11 26 26 16 28 52 60 67 19 83 86 83 45 17 35 44 44 8 57 68 11 22 16 31 27 53 22 29 58 25 30 46 53 29 11 22 31 81 17 47 18 25 23 35 16 13 51 9 18 45 2 10 32 65 24 54 40 100 49 8 16 15 54 39 30 29 49 40 63 67 17 30 12 45 19 16 44 21 16 90 26 46 40 18 4 35 36 74 20 25 81 52 37 59 25 35 55 32 34 84 12 23 22 13 22 57 46 64 27 52 56 66 41 18 25 54 48 15 56 68 5 15 39 35 39 52 33 49 51 40 27 43 41 23 38 27 25 60 15 18 43 22 15 43 16 7 58 44 21 42 27 23 33 28 27 60 12 67 47 15 42 7 45 12 37 32 35 38 29 70 21 60 16 48 12 38 11 12 19 85 54 21 37 43 0 23 4 66 44 90 75 61 50 42 42 48 59 72 87 84 68 52 39 29 28 37 50 66 82 81 64 47 30 17 15 28 44 61 78 80 62 45 28 10 8 25 43 60 77 81 64 47 32 19 17 30 45 62 79 85 69 54 40 31 31 39 52 67 82 91 76 63 52 45 44 50 61 74 88 98 85 73 64 59 58 63 71 83 96 107 95 85 77 72 72 76 83 93 105 117 106 97 90 86 86 89 95 104 114
32 83 32 32 64 50 47 86 23 21 109 14 11 23 26 49 69 45 55 31 64 64 72 30 8 29 35 34 17 73 53 30 26 21 23 9 57 21 14 79 44 47 47 32 42 16 5 49 77 38 34 16 5 45 33 9 10 65 25 18 27 24 32 16 45 46 52 19 103 38 29 8 19 52 35 11 15 62 20 66 45 7 8 12 32 30 23 24 32 21 107 48 64 44 8 25 20 24 88 41 10 68 33 15 51 25 39 68 10 12 81 11 2 20 31 44 74 28 49 38 33 36 50 26 10 11 71 35 34 68 55 19 19 26 23 17 56 54 41 70 59 9 37 24 43 31 9 44 42 37 22 32 7 37 41 8 16 70 47 4 26 8 45 20 16 49 53 13 71 33 35 25 17 45 13 36 19 53 17 46 49 2 43 8 26 26 16 12 27 4 102 45 11 39 21 23 0 21 80 35 110 96 83 72 64 59 60 66 75 87 103 88 73 61 51 46 47 54 65 78 97 81 66 51 39 32 34 43 56 71 94 77 60 44 29 18 21 34 50 67 92 75 58 41 23 7 13 30 47 64 93 76 59 42 26 13 17 32 48 65 96 79 63 48 34 26 28 39 53 69 100 85 70 56 46 40 41 49 61 75 107 92 79 67 58 54 55 61 71 83 114 101 89 79 71 67 68 73 82 92
13 88 50 22 63 45 46 73 4 37 110 11 25 27 14 30 52 60 68 17 82 84 84 42 14 31 41 41 5 57 68 10 24 13 28 25 56 19 29 60 25 29 48 51 27 8 20 31 78 20 48 19 23 25 32 13 11 54 7 18 42 5 13 29 62 26 51 38 98 45 11 14 12 51 36 28 26 48 37 61 64 15 28 10 45 17 13 41 24 13 90 29 46 37 17 8 34 33 74 21 22 78 50 35 60 22 32 54 30 32 81 11 21 23 13 24 57 45 64 26 51 54 66 38 15 24 53 44 15 54 68 2 16 36 32 37 55 36 46 52 40 24 44 38 24 35 25 25 57 18 20 40 21 17 40 14 5 61 41 19 39 25 26 30 28 29 56 10 65 43 18 39 7 42 9 34 29 35 36 28 67 19 57 14 46 10 36 10 15 18 85 55 18 34 41 4 21 0 65 40 90 76 63 52 45 45 51 62 75 89 84 69 54 40 32 31 40 53 68 83 80 64 47 31 19 18 31 46 63 80 79 62 44 27 10 9 26 43 61 78 80 63 46 30 16 15 29 45 62 79 83 67 51 38 28 28 37 51 66 82 89 74 60 49 42 41 48 59 73 87 96 82 70 61 55 55 60 69 81 95 105 92 82 74 69 69 73 81 91 103 114 103 94 87 83 83 86 93 102 113
53 85 97 49 122 43 52 15 65 83 88 75 88 92 55 62 16 124 132 50 144 141 149 78 74 62 67 69 66 11 132 56 87 60 66 88 114 61 92 38 42 37 109 97 39 66 83 38 66 64 112 83 85 53 56 73 74 98 59 83 83 65 64 76 103 51 53 98 56 71 67 74 62 53 58 80 74 19 86 41 108 76 87 72 110 51 58 87 83 60 32 62 23 42 80 68 98 72 10 51 75 90 92 91 124 58 46 13 88 88 63 74 82 87 53 59 14 108 128 43 113 97 130 77 71 88 16 74 51 15 133 67 80 73 71 96 114 71 68 23 30 77 109 81 45 63 78 43 92 64 84 71 84 57 53 77 69 107 43 81 79 79 65 72 92 51 64 68 40 75 69 81 72 50 69 53 73 34 88 38 111 80 90 76 101 56 92 73 74 79 23 119 71 48 93 66 80 65 0 67 46 44 49 58 71 85 100 116 132 149 33 30 36 49 63 79 95 112 129 146 21 16 26 42 58 75 92 109 126 143 14 4 22 39 56 73 91 108 125 143 20 15 26 41 58 75 92 109 126 143 31 29 35 48 63 78 95 111 128 145 45 43 47 57 70 84 100 116 132 149 58 57 60 68 79 92 106 121 137 153 72 71 74 80 90 101 114 129 143 159 86 85 88 93 101 112 124 137 151 165
41 49 32 27 97 26 18 67 44 21 75 43 45 56 31 67 61 73 86 34 88 79 102 12 33 10 1 2 36 64 82 42 58 28 13 42 91 22 47 82 47 47 81 32 38 34 39 52 43 58 66 48 39 58 13 33 37 93 38 50 18 45 52 20 37 58 21 44 73 6 51 34 29 21 10 25 20 51 25 38 42 35 37 36 64 32 29 24 62 28 98 66 60 25 40 47 52 11 71 52 25 38 26 35 85 20 23 55 36 33 48 39 36 54 41 60 67 56 78 32 59 31 78 13 30 45 64 7 42 52 85 40 49 10 12 42 89 75 7 67 58 26 71 18 49 7 26 49 25 56 54 6 41 52 14 39 39 100 25 37 15 27 64 15 50 61 19 33 43 9 58 18 42 19 35 16 16 53 29 46 44 36 24 37 41 36 36 39 54 37 90 78 26 20 32 44 35 40 67 0 107 97 89 84 83 85 90 99 109 121 97 85 76 71 69 71 78 87 99 112 87 74 64 57 55 58 66 77 90 104 79 65 52 44 41 45 55 68 82 98 72 57 42 31 27 33 46 61 77 93 69 52 35 20 13 24 39 56 73 90 67 50 33 16 3 20 37 55 72 89 69 53 37 22 17 26 41 57 74 91 74 59 45 34 30 36 48 62 78 94 81 67 55 47 44 48 58 70 84 99
79 130 134 83 130 86 95 56 89 119 132 100 115 113 86 71 46 149 154 80 172 174 168 117 103 100 107 109 93 44 155 81 106 91 102 115 124 94 118 32 67 64 123 134 72 95 110 61 111 80 136 107 113 68 95 102 101 99 86 106 121 88 83 111 142 67 96 128 97 112 87 103 93 96 98 113 108 57 121 87 146 104 117 99 133 82 89 123 99 91 23 72 48 83 107 89 124 109 49 70 107 134 130 123 142 93 84 54 119 120 109 101 110 109 79 73 41 135 152 77 141 135 155 115 101 114 44 114 77 59 155 92 102 111 108 127 124 76 109 41 52 109 128 118 67 102 110 66 132 80 105 111 111 76 94 104 95 108 84 109 116 111 76 108 117 64 108 97 85 115 85 118 96 91 97 92 108 58 122 65 149 109 130 103 134 84 124 100 93 107 31 139 102 88 127 90 110 90 46 107 0 18 35 52 70 87 104 122 139 156 15 23 38 54 71 88 105 122 140 157 29 34 45 60 75 91 108 125 142 159 43 47 55 68 82 97 113 129 145 162 58 60 67 77 90 104 119 134 150 166 72 74 80 88 99 112 126 140 156 171 86 88 93 100 110 122 134 148 162 177 100 102 106 112 121 132 144 156 170 184 115 116 119 125 133 143 154 166 179 192 129 130 133 138 145 154 164 176 188 201
65 126 121 72 113 78 87 57 74 107 132 85 100 97 73 54 38 133 137 67 156 160 152 106 89 89 97 99 79 38 139 67 90 78 91 101 106 82 103 17 53 52 106 122 60 81 96 48 107 63 120 91 98 52 84 88 87 82 72 90 109 73 67 98 131 51 89 114 99 102 71 89 80 89 88 100 96 50 108 82 134 90 103 85 117 69 76 111 83 78 33 55 38 74 92 74 108 97 50 55 94 127 118 110 126 81 75 49 105 106 106 86 96 93 65 56 35 120 136 66 126 123 139 103 88 99 36 104 63 54 139 78 87 100 96 112 107 59 100 31 40 96 111 106 53 91 97 53 121 64 89 100 96 60 85 89 80 90 76 94 105 98 60 96 101 48 100 83 82 104 69 107 81 83 83 82 96 45 109 53 138 95 120 89 121 70 110 85 77 93 38 122 89 78 114 75 96 76 44 97 18 0 18 35 52 70 87 104 122 139 23 15 23 38 54 71 88 105 122 140 34 29 34 45 60 75 91 108 125 142 47 43 46 55 67 82 97 112 129 145 60 57 60 67 77 90 104 118 134 150 74 72 73 79 88 99 112 126 140 155 88 86 87 92 100 110 121 134 148 162 102 100 101 105 112 121 131 143 156 170 116 114 115 119 125 133 142 153 165 178 130 128 129 132 138 145 154 164 175 187
53 124 110 63 96 74 82 63 60 96 133 71 86 82 62 38 37 118 121 57 141 146 135 97 76 80 89 91 66 40 124 54 74 67 81 87 89 72 89 11 43 43 89 111 52 68 82 38 106 48 104 77 85 38 77 75 73 65 59 75 99 59 53 87 121 37 85 100 104 95 56 76 68 85 80 88 85 48 97 81 124 77 90 72 102 59 65 100 67 67 48 39 34 68 78 60 94 88 57 42 82 122 108 97 109 72 68 49 92 94 106 73 83 78 53 41 36 105 121 57 112 113 124 94 76 85 36 95 51 54 123 64 72 91 87 99 90 41 93 29 33 84 95 96 42 83 85 42 113 49 74 92 82 46 79 76 67 73 71 81 95 86 44 86 87 34 96 70 82 96 53 97 68 77 70 75 86 37 97 44 127 81 111 76 108 58 98 72 62 80 50 106 77 71 102 61 83 63 49 89 35 18 0 18 35 52 70 87 104 122 38 23 15 23 38 54 71 88 105 122 45 34 29 34 45 60 75 91 108 125 55 46 43 46 55 67 81 97 112 129 67 60 57 60 67 77 90 104 118 134 80 73 71 73 79 88 99 112 126 140 93 87 85 87 92 99 109 121 134 148 106 101 99 101 105 112 121 131 143 156 119 115 114 115 118 124 132 142 153 165 133 129 128 129 132 137 144 153 163 175
45 124 101 58 79 74 81 72 49 87 137 59 73 67 55 23 44 103 106 51 127 133 119 90 66 75 84 85 56 48 109 45 60 59 75 75 72 64 76 24 38 40 72 102 49 58 70 35 108 34 90 64 73 28 72 64 62 48 50 62 91 48 40 79 113 27 84 88 112 90 44 65 60 84 76 79 76 52 88 84 115 66 78 61 87 53 57 92 51 59 64 25 38 67 66 48 80 81 67 33 73 120 100 86 93 65 65 55 81 83 108 61 71 64 45 28 45 92 106 54 98 104 109 87 66 72 43 90 43 60 107 54 59 84 80 87 73 25 89 36 34 75 79 88 36 78 76 36 106 36 59 86 70 35 76 64 56 56 70 70 88 76 29 79 73 24 94 60 85 90 39 89 56 76 60 71 78 36 87 41 118 70 105 65 97 50 87 60 48 68 65 90 68 69 92 50 72 52 58 84 52 35 18 0 18 35 52 70 87 104 54 38 23 15 23 38 54 71 88 105 60 45 34 29 33 45 59 75 91 108 68 55 46 43 46 55 67 81 97 112 77 67 60 57 59 66 77 89 103 118 88 79 73 71 73 79 88 99 112 125 100 92 87 85 87 91 99 109 121 134 112 105 101 99 100 105 111 120 131 143 125 119 115 113 114 118 124 132 141 152 138 132 129 127 128 131 137 144 153 163
43 127 95 57 61 77 83 84 42 82 144 50 63 55 52 16 55 89 91 50 113 122 103 86 58 73 83 84 50 60 94 41 47 55 72 65 55 61 65 41 41 45 56 95 52 52 61 40 113 26 76 53 64 26 72 57 54 31 46 51 87 41 33 74 107 27 87 78 121 88 35 58 55 87 76 72 71 61 81 90 108 58 70 53 73 52 54 85 38 55 80 18 49 70 57 39 68 77 80 32 67 120 94 78 77 63 67 65 72 75 114 53 63 52 43 23 58 80 92 55 86 98 95 83 60 62 55 88 42 69 93 47 48 80 76 77 56 10 88 49 43 68 65 83 37 77 69 38 102 28 48 83 61 31 77 56 49 39 73 61 83 69 20 74 62 24 95 54 92 87 29 84 48 78 53 72 74 42 80 45 112 62 101 56 88 47 78 52 38 60 80 75 62 70 84 42 64 45 71 83 70 52 35 18 0 18 35 52 70 87 71 54 38 23 15 23 38 54 71 88 75 60 45 33 29 33 45 59 75 91 82 67 55 46 43 46 55 67 81 96 90 77 67 59 57 59 66 77 89 103 99 88 79 73 71 73 78 87 99 111 110 100 92 87 85 86 91 99 109 120 121 112 105 100 99 100 104 111 120 130 133 125 118 114 113 114 117 123 131 141 145 138 132 128 127 127 131 136 143 152
47 132 91 63 44 85 88 98 42 79 151 46 56 45 56 25 69 77 76 55 101 112 88 86 56 76 85 85 50 74 81 45 38 57 73 58 38 63 58 57 50 54 40 91 60 52 56 51 120 28 64 46 59 35 75 55 51 14 48 44 85 41 34 72 104 36 93 71 132 90 34 55 57 93 79 70 70 73 78 98 104 55 64 51 62 56 56 83 29 57 97 25 63 76 52 38 59 78 95 40 65 122 92 73 62 66 73 78 67 71 121 50 58 43 47 29 72 71 79 62 76 95 83 82 58 55 70 89 47 81 79 46 42 81 76 71 39 15 91 64 56 66 51 82 46 79 67 47 101 30 40 84 55 36 82 52 47 23 80 56 83 66 23 74 54 35 100 53 101 88 27 82 45 83 52 76 73 54 76 54 107 58 101 53 82 50 72 49 33 56 97 61 61 76 80 42 59 45 85 85 87 70 52 35 18 0 18 35 52 70 88 71 54 38 23 14 23 38 54 71 91 75 60 45 33 28 33 45 59 75 97 82 67 55 46 42 46 55 67 81 104 90 77 66 59 56 59 66 76 89 112 99 88 79 73 70 72 78 87 98 122 110 99 91 86 84 86 91 98 108 132 121 112 105 100 98 99 104 110 119 143 133 124 118 114 112 113 117 123 131 154 145 137 131 127 126 127 130 135 143
57 138 90 71 27 94 97 112 48 81 161 49 54 41 64 39 85 67 64 64 90 104 73 89 59 82 91 90 55 90 70 54 35 64 78 57 22 69 55 75 63 67 27 90 71 57 56 65 128 39 56 45 58 49 83 58 54 8 56 43 87 48 43 75 103 50 101 68 145 95 42 58 63 101 86 71 73 87 79 109 102 57 63 55 54 65 64 83 29 64 114 39 78 86 53 44 54 82 110 52 68 127 92 72 49 73 82 92 66 70 131 53 59 41 57 43 88 64 68 72 69 95 72 85 62 53 85 93 57 95 66 51 42 84 80 68 24 31 96 79 71 68 41 84 59 85 69 60 102 40 39 89 55 47 90 54 52 10 90 57 85 68 36 78 50 50 107 58 113 92 36 85 49 92 56 84 77 68 76 67 106 58 103 55 79 58 71 52 37 57 113 49 65 84 79 48 60 51 100 90 104 87 70 52 35 18 0 18 35 52 105 88 71 54 38 23 14 23 38 54 108 91 75 59 45 33 28 33 45 59 113 97 81 67 55 46 42 46 54 67 119 104 90 77 66 59 56 59 66 76 126 112 99 88 78 72 70 72 78 87 134 121 109 99 91 86 84 85 90 98 144 131 121 111 104 99 98 99 103 110 154 142 132 124 117 113 112 113 116 122 164 154 144 137 131 127 125 126 130 135
70 147 93 83 12 106 107 128 59 86 171 57 57 44 75 55 101 61 54 76 81 98 60 95 66 91 99 98 65 106 61 67 41 74 86 61 11 79 57 92 77 82 22 93 85 66 61 80 139 53 52 51 63 64 93 66 62 23 68 49 92 59 56 81 106 65 112 69 158 102 54 65 72 112 96 77 80 102 84 121 103 64 67 63 50 77 74 88 38 74 131 55 94 98 59 55 55 89 126 67 74 134 96 74 39 83 93 108 70 74 142 60 64 46 70 58 104 62 60 85 66 98 64 92 70 57 101 100 70 110 57 62 50 91 88 69 14 48 105 96 87 75 37 89 73 94 75 75 107 54 46 96 59 61 101 60 61 18 102 63 91 74 52 85 53 66 116 67 125 99 49 90 58 103 65 95 84 84 80 82 107 64 108 62 80 70 73 60 48 63 130 41 73 96 82 59 66 62 116 99 122 104 87 70 52 35 18 0 18 35 122 105 88 71 54 38 23 14 23 38 125 108 91 75 59 45 33 28 33 45 129 112 97 81 67 55 46 42 45 54 134 118 104 89 77 66 59 56 58 65 140 126 112 99 87 78 72 70 72 77 148 134 121 109 99 91 85 83 85 90 156 143 131 120 111 104 99 97 99 103 166 153 142 132 123 117 113 111 112 116 176 164 153 144 136 130 126 125 126 129
84 157 98 97 12 119 119 144 73 94 183 68 65 53 88 72 117 59 49 90 76 96 50 104 77 102 109 108 77 122 57 81 52 87 97 69 20 91 64 109 92 97 28 99 99 78 70 96 151 69 53 61 71 80 105 77 73 40 81 60 101 73 71 91 111 82 124 74 172 112 68 76 85 124 107 85 89 117 91 135 108 74 75 74 52 91 87 95 52 86 148 72 110 112 69 69 60 99 142 83 84 142 103 81 36 95 107 123 77 81 154 72 73 56 84 74 121 65 57 99 68 104 61 101 80 65 118 110 85 125 52 74 61 101 98 75 21 65 115 112 103 84 41 98 89 105 84 90 114 70 57 106 69 77 113 71 73 34 115 72 100 83 68 95 60 82 127 78 139 108 64 98 70 115 77 107 94 99 87 97 111 74 115 73 84 84 80 72 61 73 147 40 84 108 88 72 75 75 132 109 139 122 104 87 70 52 35 18 0 18 140 122 105 88 71 54 38 23 14 23 142 125 108 91 75 59 45 33 28 33 145 129 112 97 81 67 54 45 42 45 150 134 118 103 89 76 66 58 55 58 156 140 126 112 99 87 78 72 69 71 162 148 134 121 109 98 90 85 83 85 170 156 143 131 120 110 103 99 97 98 179 165 153 141 131 123 116 112 110 112 188 175 163 153 143 135 130 126 124 125
99 168 107 111 28 133 133 160 88 104 195 82 77 65 102 89 133 62 49 105 74 96 44 115 90 115 121 120 91 139 58 96 66 100 109 80 35 104 75 126 108 113 42 107 115 92 82 112 163 85 60 74 83 97 118 89 86 58 96 73 111 88 86 102 118 98 137 83 187 124 84 89 98 137 120 97 101 133 101 149 114 87 85 88 60 106 101 104 67 100 165 89 127 126 82 84 70 110 158 99 96 153 112 91 40 108 121 139 87 91 167 85 85 69 99 91 137 72 59 114 73 112 62 112 93 76 134 121 101 141 52 89 75 112 109 84 36 82 127 129 120 96 50 108 105 117 96 107 123 86 70 118 80 93 126 84 87 50 130 84 111 94 85 107 72 99 140 92 153 119 80 109 84 129 90 121 106 116 97 113 117 86 125 86 92 99 89 85 77 85 164 46 96 122 97 87 87 89 149 121 156 139 122 104 87 70 52 35 18 0 157 140 122 105 88 71 54 38 23 14 159 142 125 108 91 75 59 45 33 28 162 145 129 112 96 81 67 54 45 42 166 150 134 118 103 89 76 65 58 55 171 155 140 125 111 98 87 77 71 69 177 162 148 134 120 108 98 90 85 83 184 170 156 143 130 119 110 103 98 96 192 178 165 152 141 131 122 116 112 110 201 187 175 163 152 143 135 129 125 124
72 117 124 74 130 74 83 42 83 110 118 94 109 109 78 69 36 144 150 72 166 166 165 107 96 90 96 98 86 33 151 75 102 83 93 109 123 86 113 31 60 57 121 125 63 88 104 54 98 76 131 102 106 64 85 95 95 101 79 101 111 83 78 102 132 63 84 121 83 101 82 96 85 84 87 105 100 46 112 73 137 97 110 92 128 74 81 114 96 83 11 70 39 72 100 84 118 99 35 65 99 122 120 116 140 84 74 42 112 112 95 94 104 104 72 69 31 129 147 68 135 125 150 105 94 108 34 103 70 47 151 86 98 101 99 119 124 75 98 33 45 101 124 109 61 92 102 60 121 76 100 100 105 71 83 98 89 110 73 102 107 103 74 99 111 61 95 90 72 105 82 109 91 80 91 82 99 51 113 58 140 102 120 97 126 77 117 94 89 101 17 135 94 77 118 84 103 84 33 97 15 23 38 54 71 88 105 122 140 157 0 18 35 52 70 87 104 122 139 156 15 23 38 54 71 88 105 122 140 157 29 34 45 60 75 91 108 125 142 159 43 47 55 68 82 97 113 129 145 162 58 60 67 77 90 104 119 134 150 166 72 74 80 88 99 112 126 140 156 171 86 88 93 100 110 122 134 148 162 177 100 102 106 112 121 132 144 156 170 184 115 116 119 125 133 143 154 166 179 192
57 112 111 61 113 65 74 43 67 96 117 78 93 92 64 52 25 128 133 58 150 151 148 95 81 78 85 87 71 24 134 59 86 69 80 93 106 72 97 14 44 42 104 111 50 73 88 39 93 59 114 85 91 47 73 80 79 84 63 84 98 66 62 88 120 46 76 106 85 90 66 81 70 76 76 91 86 36 98 68 124 82 95 77 112 59 66 101 79 69 27 52 26 61 85 68 102 87 37 49 85 114 107 101 122 71 63 35 97 98 92 79 88 88 57 52 21 113 131 55 119 113 134 92 79 92 23 92 54 40 134 70 81 89 86 104 106 58 87 19 30 87 107 96 45 80 88 44 110 59 84 89 89 54 73 82 73 93 63 87 94 89 57 86 95 44 87 75 67 93 65 96 75 70 75 70 86 36 99 43 127 87 108 81 112 62 102 78 72 85 28 118 80 66 104 68 88 69 30 85 23 15 23 38 54 71 88 105 122 140 18 0 18 35 52 70 87 104 122 139 23 15 23 38 54 71 88 105 122 140 34 29 34 45 60 75 91 108 125 142 47 43 46 55 67 82 97 112 129 145 60 57 60 67 77 90 104 118 134 150 74 72 73 79 88 99 112 126 140 155 88 86 87 92 100 110 121 134 148 162 102 100 101 105 112 121 131 143 156 170 116 114 115 119 125 133 142 153 165 178
42 110 99 50 96 60 68 50 52 85 120 63 78 76 51 34 24 112 117 45 134 137 131 84 66 68 76 78 56 27 118 44 69 56 69 78 89 60 81 7 31 30 87 99 39 58 73 26 92 42 98 70 76 31 64 65 64 68 49 68 87 51 45 76 109 29 71 91 91 82 49 66 57 71 67 78 74 33 86 67 113 67 81 62 95 47 53 89 62 56 43 35 20 54 70 52 86 76 45 33 72 109 96 87 105 60 54 35 83 84 92 64 74 71 43 35 23 98 115 44 104 101 117 82 65 77 22 83 40 40 118 55 65 78 75 90 89 41 80 15 19 74 91 84 31 70 75 30 100 43 67 79 74 38 65 67 58 76 57 72 83 75 40 74 79 27 82 61 68 83 48 85 59 64 61 62 74 24 86 31 116 72 99 67 98 48 88 63 56 70 43 101 67 58 92 52 73 54 36 76 38 23 15 23 38 54 71 88 105 122 35 18 0 18 35 52 70 87 104 122 38 23 15 23 38 54 71 88 105 122 45 34 29 34 45 60 75 91 108 125 55 46 43 46 55 67 81 97 112 129 67 60 57 60 67 77 90 104 118 134 80 73 71 73 79 88 99 112 126 140 93 87 85 87 92 99 109 121 134 148 106 101 99 101 105 112 121 131 143 156 119 115 114 115 118 124 132 142 153 165
32 110 89 44 78 60 66 62 38 75 124 49 63 60 42 17 33 96 100 37 119 124 114 77 54 61 71 72 44 38 102 32 53 46 61 65 71 51 67 23 24 26 69 89 35 46 60 21 94 26 82 55 63 16 58 53 51 51 38 53 79 37 30 66 100 15 70 78 100 76 34 54 47 70 62 67 64 39 76 70 103 54 68 49 80 39 44 79 46 46 61 18 27 53 56 37 71 68 58 20 61 106 87 75 89 52 51 43 70 72 95 50 61 56 32 19 35 83 99 39 89 92 102 73 54 62 33 76 30 47 102 42 50 71 67 77 72 24 75 26 21 63 74 75 22 64 64 22 93 27 52 72 60 24 62 54 45 60 56 59 75 64 22 66 64 12 80 49 72 77 32 76 45 61 48 57 65 22 75 27 106 59 92 54 86 37 76 49 40 57 59 85 56 55 80 39 61 40 49 71 54 38 23 15 23 38 54 71 88 105 52 35 18 0 18 35 52 70 87 104 54 38 23 15 23 38 54 71 88 105 60 45 34 29 33 45 59 75 91 108 68 55 46 43 46 55 67 81 97 112 77 67 60 57 59 66 77 89 103 118 88 79 73 71 73 79 88 99 112 125 100 92 87 85 87 91 99 109 121 134 112 105 101 99 100 105 111 120 131 143 125 119 115 113 114 118 124 132 141 152
29 113 81 44 61 64 69 76 29 68 131 37 51 45 38 2 47 81 84 36 105 111 98 72 45 59 69 70 36 53 87 27 37 41 58 53 54 47 54 40 28 33 52 82 39 39 49 29 100 13 67 41 52 13 58 44 41 36 32 40 73 27 19 60 94 14 73 67 110 74 22 45 41 73 62 59 57 51 68 77 95 45 57 40 65 38 40 72 29 41 78 4 41 56 45 26 58 63 73 19 53 106 81 65 72 49 53 56 60 62 101 40 50 41 29 9 51 70 84 42 76 85 87 69 46 50 48 74 28 59 86 33 36 67 62 65 54 9 74 42 34 55 58 70 24 63 56 26 88 15 37 69 49 17 64 43 35 45 60 48 70 56 7 61 51 13 82 41 80 73 17 70 35 64 40 58 60 32 67 33 98 49 88 44 76 33 66 39 26 47 76 69 49 56 72 29 51 32 63 69 71 54 38 23 15 23 38 54 71 88 70 52 35 18 0 18 35 52 70 87 71 54 38 23 15 23 38 54 71 88 75 60 45 33 29 33 45 59 75 91 82 67 55 46 43 46 55 67 81 96 90 77 67 59 57 59 66 77 89 103 99 88 79 73 71 73 78 87 99 111 110 100 92 87 85 86 91 99 109 120 121 112 105 100 99 100 104 111 120 130 133 125 118 114 113 114 117 123 131 141
35 119 77 50 44 73 76 91 28 65 139 32 42 33 43 19 63 67 69 43 91 100 81 72 42 62 72 72 36 69 72 32 25 44 59 45 37 50 45 57 40 45 35 77 49 38 42 43 107 16 54 33 45 27 62 41 37 23 35 30 71 27 21 58 90 28 80 58 122 76 21 41 43 80 66 56 56 65 64 87 90 41 51 37 51 44 43 69 16 44 95 18 57 65 38 24 47 64 88 30 51 109 78 59 56 53 60 70 53 57 109 36 45 30 35 21 67 59 69 51 65 81 73 68 44 41 64 75 35 73 70 32 28 67 62 57 37 14 77 59 50 52 42 68 36 66 53 38 87 18 27 71 41 25 70 38 33 31 69 43 69 52 15 60 41 28 87 40 91 74 14 68 31 71 38 64 60 46 62 45 94 44 87 39 68 37 59 35 19 42 93 53 48 63 66 28 46 31 79 71 88 71 54 38 23 14 23 38 54 71 87 70 52 35 18 0 18 35 52 70 88 71 54 38 23 14 23 38 54 71 91 75 60 45 33 28 33 45 59 75 97 82 67 55 46 42 46 55 67 81 104 90 77 66 59 56 59 66 76 89 112 99 88 79 73 70 72 78 87 98 122 110 99 91 86 84 86 91 98 108 132 121 112 105 100 98 99 104 110 119 143 133 124 118 114 112 113 117 123 131
48 126 76 61 27 84 85 106 37 67 150 36 40 27 53 36 80 56 54 54 79 91 66 76 46 70 78 78 43 85 59 44 21 52 65 43 20 58 41 74 55 60 19 76 63 45 42 58 117 31 43 32 44 43 71 45 41 20 45 30 74 37 34 62 89 45 90 54 136 82 31 45 51 90 74 58 60 80 65 99 88 44 49 42 41 55 52 70 16 52 112 35 73 76 40 33 40 69 105 45 54 114 79 58 40 61 71 86 52 56 120 40 45 27 47 37 84 51 57 63 56 81 61 72 49 39 80 80 48 88 56 40 29 71 67 54 20 30 84 76 66 55 29 71 52 73 55 53 89 32 26 76 41 40 79 40 40 24 80 44 72 54 31 65 36 45 95 46 103 79 27 71 36 81 44 73 64 62 62 60 92 45 89 42 65 48 57 39 26 43 110 39 52 74 65 37 47 40 95 78 105 88 71 54 38 23 14 23 38 54 104 87 70 52 35 18 0 18 35 52 105 88 71 54 38 23 14 23 38 54 108 91 75 59 45 33 28 33 45 59 113 97 81 67 55 46 42 46 54 67 119 104 90 77 66 59 56 59 66 76 126 112 99 88 78 72 70 72 78 87 134 121 109 99 91 86 84 85 90 98 144 131 121 111 104 99 98 99 103 110 154 142 132 124 117 113 112 113 116 122
62 136 79 74 11 97 97 122 51 73 161 46 45 32 66 53 96 47 42 68 69 85 51 83 55 80 88 87 55 102 49 59 30 64 75 48 4 69 44 91 71 76 8 80 78 56 49 75 129 48 38 40 50 60 83 55 51 30 59 38 80 51 49 69 92 61 102 55 150 91 46 54 63 102 85 64 68 96 71 113 90 53 54 52 36 69 65 75 30 64 130 53 90 89 48 47 41 77 121 62 63 122 83 61 27 73 85 102 57 61 132 50 52 34 62 54 101 49 48 77 52 85 51 80 59 44 97 89 63 104 45 52 39 80 76 56 3 47 93 93 83 63 23 77 68 83 63 69 94 49 35 85 47 56 91 49 51 28 93 51 79 62 49 73 40 62 106 56 117 87 43 78 48 93 55 85 72 79 67 76 93 52 95 51 66 62 60 50 39 51 128 28 62 86 69 50 54 53 112 87 122 105 88 71 54 38 23 14 23 38 122 104 87 70 52 35 18 0 18 35 122 105 88 71 54 38 23 14 23 38 125 108 91 75 59 45 33 28 33 45 129 112 97 81 67 55 46 42 45 54 134 118 104 89 77 66 59 56 58 65 140 126 112 99 87 78 72 70 72 77 148 134 121 109 99 91 85 83 85 90 156 143 131 120 111 104 99 97 99 103 166 153 142 132 123 117 113 111 112 116
78 147 86 89 11 111 110 139 66 83 173 60 55 43 81 71 113 45 35 84 63 82 38 93 68 93 99 98 70 119 43 75 44 79 87 58 16 82 53 109 88 93 20 86 93 70 60 92 141 65 40 52 61 77 96 67 64 44 74 51 89 66 66 80 98 79 115 62 165 102 62 67 76 115 98 75 79 112 80 127 95 65 64 66 40 84 79 83 46 78 147 70 107 104 60 63 49 88 138 79 74 131 91 69 22 86 99 119 66 69 145 63 63 47 78 71 118 52 43 93 54 91 47 90 71 54 114 99 79 120 38 67 53 91 87 63 16 64 105 110 100 74 29 87 84 95 74 86 102 65 49 96 58 73 104 62 66 40 108 62 89 72 66 85 50 80 118 70 132 97 60 87 62 107 68 99 84 96 75 92 98 64 103 64 72 77 68 63 55 63 145 26 74 100 76 66 65 68 129 99 140 122 105 88 71 54 38 23 14 23 139 122 104 87 70 52 35 18 0 18 140 122 105 88 71 54 38 23 14 23 142 125 108 91 75 59 45 33 28 33 145 129 112 97 81 67 54 45 42 45 150 134 118 103 89 76 66 58 55 58 156 140 126 112 99 87 78 72 69 71 162 148 134 121 109 98 90 85 83 85 170 156 143 131 120 110 103 99 97 98 179 165 153 141 131 123 116 112 110 112
95 159 95 105 27 126 125 155 82 94 186 75 68 58 96 88 130 49 36 100 61 83 31 105 82 107 112 111 85 136 44 91 60 94 101 71 34 97 65 126 105 109 37 96 110 85 74 109 155 82 49 67 74 94 110 82 79 61 90 66 101 82 82 93 107 96 129 72 180 114 79 81 92 129 112 87 92 129 91 142 102 79 76 81 49 100 95 94 63 93 164 87 124 119 74 79 60 101 155 96 87 142 101 80 29 101 114 135 77 81 159 78 76 62 94 88 135 61 46 108 61 101 49 102 85 68 131 112 96 137 38 83 68 103 100 73 33 82 118 127 117 87 41 98 101 109 87 103 112 82 64 108 72 89 118 76 81 55 123 76 101 85 83 98 63 97 131 85 147 109 77 99 78 122 83 113 97 113 86 109 105 77 114 78 81 93 79 78 72 77 162 35 88 115 87 82 78 83 146 112 157 140 122 105 88 71 54 38 23 14 156 139 122 104 87 70 52 35 18 0 157 140 122 105 88 71 54 38 23 14 159 142 125 108 91 75 59 45 33 28 162 145 129 112 96 81 67 54 45 42 166 150 134 118 103 89 76 65 58 55 171 155 140 125 111 98 87 77 71 69 177 162 148 134 120 108 98 90 85 83 184 170 156 143 130 119 110 103 98 96 192 178 165 152 141 131 122 116 112 110
68 104 116 67 132 63 73 28 80 102 103 90 105 106 72 70 29 140 147 67 161 160 163 98 90 81 87 89 82 25 147 71 101 77 85 104 124 79 108 36 56 52 121 116 56 83 99 50 84 76 127 98 101 63 76 90 90 105 74 98 102 79 76 95 123 62 73 116 68 91 80 91 79 73 78 98 93 37 105 61 128 92 104 88 125 68 75 106 95 77 11 70 35 62 96 82 114 91 21 63 93 109 111 109 138 77 65 32 106 106 81 90 98 102 68 69 24 124 144 61 130 117 146 96 88 104 28 93 66 35 148 82 95 93 90 114 124 78 88 30 41 95 123 100 58 82 96 56 112 75 98 91 100 69 73 93 84 114 63 97 98 97 74 91 107 61 84 85 59 95 81 101 87 70 86 72 91 47 106 53 131 97 110 92 120 72 110 89 87 96 6 133 88 68 111 81 97 80 21 87 29 34 45 60 75 91 108 125 142 159 15 23 38 54 71 88 105 122 140 157 0 18 35 52 70 87 104 122 139 156 15 23 38 54 71 88 105 122 140 157 29 34 45 60 75 91 108 125 142 159 43 47 55 68 82 97 113 129 145 162 58 60 67 77 90 104 119 134 150 166 72 74 80 88 99 112 126 140 156 171 86 88 93 100 110 122 134 148 162 177 100 102 106 112 121 132 144 156 170 184
51 98 102 52 115 53 62 30 63 87 103 74 88 89 56 53 14 123 130 50 145 144 146 84 74 67 74 76 65 11 131 54 83 61 71 88 107 64 92 23 39 35 104 102 41 66 82 33 79 58 110 81 85 46 62 73 73 89 58 81 89 62 59 80 110 44 63 99 72 79 63 74 63 63 65 83 78 24 90 54 114 76 88 71 108 52 59 92 78 61 27 53 18 50 79 64 97 77 24 45 77 101 98 94 121 62 52 21 90 90 77 73 82 85 51 52 8 108 127 46 114 103 129 82 72 87 11 81 49 26 131 65 77 79 76 98 107 61 76 13 24 79 105 86 41 69 80 39 99 58 81 78 83 52 61 77 68 97 51 81 84 81 57 77 91 43 74 68 53 82 64 87 70 58 69 59 77 30 91 36 117 81 97 76 104 55 95 72 70 79 23 116 72 55 96 64 81 64 16 74 34 29 34 45 60 75 91 108 125 142 23 15 23 38 54 71 88 105 122 140 18 0 18 35 52 70 87 104 122 139 23 15 23 38 54 71 88 105 122 140 34 29 34 45 60 75 91 108 125 142 47 43 46 55 67 82 97 112 129 145 60 57 60 67 77 90 104 118 134 150 74 72 73 79 88 99 112 126 140 155 88 86 87 92 100 110 121 134 148 162 102 100 101 105 112 121 131 143 156 170
35 96 89 39 98 46 55 40 46 74 106 57 72 72 41 36 11 107 113 35 129 129 129 73 59 56 64 65 49 16 114 37 66 46 58 72 90 50 75 20 22 20 86 89 27 50 66 17 78 41 94 65 69 29 51 58 57 73 41 64 76 45 42 66 98 27 57 84 78 69 46 59 48 57 55 68 64 19 76 53 102 60 73 55 91 37 44 79 61 47 44 37 6 41 63 47 81 65 36 28 63 95 85 79 104 49 41 22 75 75 77 57 66 67 35 35 13 92 110 33 98 90 113 70 57 71 11 70 33 27 114 49 60 67 64 82 90 45 67 5 7 64 88 73 24 58 65 23 88 41 64 67 67 34 52 60 51 82 43 65 72 66 40 64 74 26 68 53 54 71 46 74 53 50 53 49 64 13 77 21 105 65 87 60 89 40 80 56 53 63 40 99 58 45 82 47 66 47 26 64 45 34 29 34 45 60 75 91 108 125 38 23 15 23 38 54 71 88 105 122 35 18 0 18 35 52 70 87 104 122 38 23 15 23 38 54 71 88 105 122 45 34 29 34 45 60 75 91 108 125 55 46 43 46 55 67 81 97 112 129 67 60 57 60 67 77 90 104 118 134 80 73 71 73 79 88 99 112 126 140 93 87 85 87 92 99 109 121 134 148 106 101 99 101 105 112 121 131 143 156
20 96 77 30 81 46 52 54 30 63 111 41 56 55 29 21 26 90 96 24 113 115 111 64 44 48 57 58 34 31 97 22 49 34 48 56 73 39 59 29 10 12 69 78 21 36 51 7 81 24 77 48 54 12 44 43 42 58 27 47 66 29 25 54 88 10 56 69 88 62 29 44 35 56 48 56 52 28 64 57 91 45 58 40 74 26 32 67 44 34 61 21 19 38 47 31 65 55 51 11 50 92 75 65 86 39 37 34 60 62 81 42 51 51 21 18 30 76 94 25 82 80 96 61 43 55 27 63 18 37 97 33 44 58 54 68 73 31 61 22 12 52 71 63 9 51 52 9 80 23 47 59 52 17 48 45 36 67 42 50 62 53 24 53 58 10 66 38 59 63 29 63 37 47 39 43 53 10 64 13 94 50 79 44 76 26 66 41 36 48 57 82 44 41 69 30 51 31 42 57 60 45 34 29 33 45 59 75 91 108 54 38 23 15 23 38 54 71 88 105 52 35 18 0 18 35 52 70 87 104 54 38 23 15 23 38 54 71 88 105 60 45 34 29 33 45 59 75 91 108 68 55 46 43 46 55 67 81 97 112 77 67 60 57 59 66 77 89 103 118 88 79 73 71 73 79 88 99 112 125 100 92 87 85 87 91 99 109 121 134 112 105 101 99 100 105 111 120 131 143
15 100 68 30 64 52 56 69 16 55 119 26 41 38 24 13 43 74 79 22 97 101 94 58 33 45 55 55 23 48 81 13 32 27 44 42 57 33 45 44 18 23 52 69 27 25 38 21 87 7 61 32 41 8 44 31 29 45 18 31 59 15 8 47 80 9 60 56 100 60 12 32 28 60 48 46 44 43 55 66 82 33 46 28 58 24 26 59 26 27 78 11 36 44 34 15 49 50 67 8 40 92 67 53 69 35 40 49 48 50 88 28 39 34 15 6 47 61 77 29 67 72 80 55 33 40 44 60 14 51 81 21 28 53 48 55 56 21 60 40 29 42 54 56 14 49 43 16 74 6 30 55 38 3 50 32 23 53 48 37 56 43 11 47 42 12 68 28 69 59 12 57 23 51 27 44 46 25 54 23 86 37 74 32 64 19 54 27 19 35 75 65 35 43 59 17 39 19 58 55 75 60 45 33 29 33 45 59 75 91 71 54 38 23 15 23 38 54 71 88 70 52 35 18 0 18 35 52 70 87 71 54 38 23 15 23 38 54 71 88 75 60 45 33 29 33 45 59 75 91 82 67 55 46 43 46 55 67 81 96 90 77 67 59 57 59 66 77 89 103 99 88 79 73 71 73 78 87 99 111 110 100 92 87 85 86 91 99 109 120 121 112 105 100 99 100 104 111 120 130
25 106 63 39 48 62 64 85 16 52 128 18 30 23 31 22 60 59 63 32 82 89 77 58 28 49 58 58 22 65 65 22 15 31 46 32 40 37 32 60 34 39 35 63 41 25 29 38 96 12 45 20 32 25 50 27 23 36 23 18 57 15 12 44 76 26 68 45 114 63 9 27 30 68 53 42 42 59 51 77 76 27 37 23 43 33 31 55 9 31 95 21 54 54 25 11 36 50 84 25 37 95 64 46 52 40 49 65 40 43 98 22 31 19 25 19 64 48 62 41 54 67 65 54 30 29 61 62 26 67 64 19 15 53 49 45 40 24 64 57 47 38 37 54 31 52 39 32 73 12 15 57 28 19 57 24 19 43 58 29 55 38 17 47 29 28 74 26 81 60 7 55 17 59 24 52 46 42 48 38 80 30 73 25 55 26 46 21 5 28 92 48 34 52 53 15 32 18 75 58 91 75 60 45 33 28 33 45 59 75 88 71 54 38 23 14 23 38 54 71 87 70 52 35 18 0 18 35 52 70 88 71 54 38 23 14 23 38 54 71 91 75 60 45 33 28 33 45 59 75 97 82 67 55 46 42 46 55 67 81 104 90 77 66 59 56 59 66 76 89 112 99 88 79 73 70 72 78 87 98 122 110 99 91 86 84 86 91 98 108 132 121 112 105 100 98 99 104 110 119
41 114 62 52 33 75 75 102 29 54 139 24 26 13 44 38 77 45 47 47 69 79 61 63 34 58 66 66 33 82 50 38 8 42 54 29 26 47 27 76 51 56 18 63 56 34 29 55 107 30 32 19 31 42 61 33 29 34 37 17 60 29 29 49 76 43 80 40 128 70 25 33 40 80 63 44 47 75 52 91 74 31 36 31 29 47 43 56 9 42 112 37 71 67 27 26 27 56 101 42 42 101 65 44 35 51 62 82 38 42 110 28 32 14 41 36 82 38 47 55 43 67 51 59 37 25 78 68 42 83 48 30 17 59 55 40 25 36 72 74 64 42 20 57 48 61 42 49 75 30 13 64 27 36 69 28 29 38 71 30 59 41 32 52 23 45 84 34 95 66 24 58 26 71 33 63 51 59 48 55 78 32 76 30 51 40 43 28 18 30 109 31 40 64 51 28 34 31 92 66 108 91 75 59 45 33 28 33 45 59 105 88 71 54 38 23 14 23 38 54 104 87 70 52 35 18 0 18 35 52 105 88 71 54 38 23 14 23 38 54 108 91 75 59 45 33 28 33 45 59 113 97 81 67 55 46 42 46 54 67 119 104 90 77 66 59 56 59 66 76 126 112 99 88 78 72 70 72 78 87 134 121 109 99 91 86 84 85 90 98 144 131 121 111 104 99 98 99 103 110
57 125 66 68 22 90 88 119 45 62 151 38 33 21 59 55 94 35 32 62 57 72 44 72 45 71 77 76 48 100 37 54 23 57 65 36 17 60 32 93 68 73 7 67 73 48 38 72 119 47 24 30 39 59 74 45 42 40 53 29 68 45 46 58 79 61 93 42 143 80 43 45 55 93 76 53 57 92 59 105 76 43 42 44 22 63 58 62 27 56 130 54 88 82 38 42 28 66 118 59 52 110 71 49 18 64 77 99 44 48 123 41 41 25 57 54 99 35 35 71 39 72 39 68 49 33 95 78 59 100 34 45 31 69 65 43 15 51 83 92 81 52 9 65 65 73 52 66 81 47 27 74 36 53 82 40 44 40 86 40 67 50 49 63 28 62 96 48 110 75 41 66 40 85 46 77 62 76 54 72 80 42 83 41 53 56 47 41 35 41 127 16 52 78 56 44 43 46 109 77 125 108 91 75 59 45 33 28 33 45 122 105 88 71 54 38 23 14 23 38 122 104 87 70 52 35 18 0 18 35 122 105 88 71 54 38 23 14 23 38 125 108 91 75 59 45 33 28 33 45 129 112 97 81 67 55 46 42 45 54 134 118 104 89 77 66 59 56 58 65 140 126 112 99 87 78 72 70 72 77 148 134 121 109 99 91 85 83 85 90 156 143 131 120 111 104 99 97 99 103
74 137 74 84 22 105 103 135 62 72 164 54 46 36 75 72 111 31 22 79 49 68 29 83 60 85 90 89 64 117 30 71 40 72 79 48 23 75 43 110 85 90 20 74 89 64 52 90 133 64 28 46 52 76 88 60 57 52 70 45 79 62 63 71 86 78 107 50 158 92 60 59 70 107 90 65 70 109 69 120 82 58 54 59 28 79 74 72 44 72 147 71 105 98 52 59 38 79 135 77 65 120 80 58 8 79 93 116 55 59 137 56 54 41 74 71 116 40 30 88 41 80 34 80 64 46 113 90 76 116 25 62 47 81 78 51 22 67 96 109 98 65 19 76 82 87 65 84 90 64 43 86 50 71 96 54 60 49 101 54 79 63 66 76 41 79 109 63 125 87 59 77 57 100 62 92 75 94 65 89 85 55 92 56 60 72 57 57 52 55 144 13 66 94 65 61 56 63 126 90 142 125 108 91 75 59 45 33 28 33 140 122 105 88 71 54 38 23 14 23 139 122 104 87 70 52 35 18 0 18 140 122 105 88 71 54 38 23 14 23 142 125 108 91 75 59 45 33 28 33 145 129 112 97 81 67 54 45 42 45 150 134 118 103 89 76 66 58 55 58 156 140 126 112 99 87 78 72 69 71 162 148 134 121 109 98 90 85 83 85 170 156 143 131 120 110 103 99 97 98
91 150 85 100 33 121 118 152 79 86 178 70 61 53 92 89 129 37 23 96 47 69 18 97 76 100 105 103 80 134 31 88 57 89 94 63 38 91 58 127 102 107 36 85 106 80 67 107 147 81 39 62 67 94 104 76 73 66 86 62 91 79 80 85 95 95 122 62 174 106 77 75 86 123 105 79 85 126 82 136 91 73 68 76 40 96 90 85 61 88 164 88 123 114 68 76 52 93 152 94 80 132 91 71 20 95 109 133 69 72 151 73 70 57 91 88 134 51 33 104 50 90 36 94 79 61 130 103 93 133 25 78 64 95 93 64 36 84 110 126 116 80 36 90 99 102 79 101 102 81 60 100 65 88 112 70 77 62 117 69 92 78 83 90 56 97 123 80 141 101 76 90 73 115 78 107 89 111 77 106 93 71 104 72 70 89 70 73 70 70 161 26 82 109 77 78 71 80 143 104 159 142 125 108 91 75 59 45 33 28 157 140 122 105 88 71 54 38 23 14 156 139 122 104 87 70 52 35 18 0 157 140 122 105 88 71 54 38 23 14 159 142 125 108 91 75 59 45 33 28 162 145 129 112 96 81 67 54 45 42 166 150 134 118 103 89 76 65 58 55 171 155 140 125 111 98 87 77 71 69 177 162 148 134 120 108 98 90 85 83 184 170 156 143 130 119 110 103 98 96
66 91 109 62 135 54 63 15 79 96 89 89 102 105 69 74 29 138 146 64 158 154 162 90 87 74 79 81 79 24 145 69 101 73 79 101 127 74 106 45 55 50 123 109 53 80 96 51 71 77 126 97 98 65 69 86 87 110 72 97 95 78 77 89 115 64 63 111 54 83 80 87 76 62 70 93 87 32 99 49 120 89 101 85 123 64 71 100 97 74 24 74 35 55 93 81 112 84 8 64 88 98 104 104 138 71 58 26 102 101 68 88 95 101 67 72 25 121 142 56 127 109 143 89 85 101 28 85 65 27 147 80 94 86 84 110 127 83 79 34 42 90 122 93 58 75 91 56 103 77 97 83 97 70 65 91 82 119 54 94 91 92 77 85 105 64 73 82 46 87 82 94 85 61 83 65 85 47 101 51 123 94 101 89 114 70 106 87 88 93 14 133 84 61 106 80 94 79 14 79 43 47 55 68 82 97 113 129 145 162 29 34 45 60 75 91 108 125 142 159 15 23 38 54 71 88 105 122 140 157 0 18 35 52 70 87 104 122 139 156 15 23 38 54 71 88 105 122 140 157 29 34 45 60 75 91 108 125 142 159 43 47 55 68 82 97 113 129 145 162 58 60 67 77 90 104 119 134 150 166 72 74 80 88 99 112 126 140 156 171 86 88 93 100 110 122 134 148 162 177
49 84 94 46 118 41 50 17 61 80 89 71 85 88 52 58 13 121 129 46 141 138 145 75 70 59 64 66 62 8 128 52 83 56 63 84 110 57 89 36 38 33 106 94 36 63 79 34 65 61 108 80 81 49 53 69 70 95 55 79 80 61 60 73 101 48 51 95 58 69 63 70 59 51 56 77 71 15 83 41 106 72 84 68 106 47 54 84 80 57 34 58 19 40 76 64 95 69 14 47 72 88 89 88 121 55 43 10 85 85 63 70 78 84 49 55 11 104 124 40 110 94 126 74 68 84 13 71 47 13 129 63 76 71 68 93 110 67 65 20 26 73 105 78 41 60 74 39 89 60 80 69 80 53 51 73 65 104 40 77 76 75 61 69 88 48 62 65 39 73 66 78 68 47 66 50 70 30 85 34 108 77 87 72 98 52 89 70 71 75 26 116 67 46 90 62 77 62 4 65 47 43 46 55 67 82 97 112 129 145 34 29 34 45 60 75 91 108 125 142 23 15 23 38 54 71 88 105 122 140 18 0 18 35 52 70 87 104 122 139 23 15 23 38 54 71 88 105 122 140 34 29 34 45 60 75 91 108 125 142 47 43 46 55 67 82 97 112 129 145 60 57 60 67 77 90 104 118 134 150 74 72 73 79 88 99 112 126 140 155 88 86 87 92 100 110 121 134 148 162
32 81 80 30 101 33 41 32 44 65 92 54 68 71 35 43 10 103 112 29 124 122 128 62 53 45 52 54 45 14 111 35 66 40 48 67 94 42 71 34 21 16 89 80 19 46 62 17 64 44 91 62 64 33 40 52 53 80 38 62 66 44 43 58 88 32 43 78 67 57 46 53 42 43 43 61 55 6 68 39 92 55 67 51 89 30 37 70 63 40 48 43 10 28 59 47 77 55 30 30 55 81 75 72 103 40 30 11 68 69 63 53 61 66 32 39 15 87 107 23 93 80 109 60 51 67 12 59 30 15 112 46 59 57 54 76 94 53 54 16 13 57 88 64 24 47 58 23 77 43 63 56 63 36 40 56 48 89 30 60 62 59 46 54 71 33 54 48 40 60 49 64 51 37 49 37 55 14 69 17 95 60 75 55 82 35 73 52 54 59 42 98 51 33 74 45 60 44 22 52 55 46 43 46 55 67 81 97 112 129 45 34 29 34 45 60 75 91 108 125 38 23 15 23 38 54 71 88 105 122 35 18 0 18 35 52 70 87 104 122 38 23 15 23 38 54 71 88 105 122 45 34 29 34 45 60 75 91 108 125 55 46 43 46 55 67 81 97 112 129 67 60 57 60 67 77 90 104 118 134 80 73 71 73 79 88 99 112 126 140 93 87 85 87 92 99 109 121 134 148
14 82 67 17 85 32 38 48 27 52 98 37 51 53 19 32 25 86 94 13 108 107 110 51 37 35 44 45 28 30 94 18 49 24 36 51 78 27 55 40 6 4 72 67 7 29 45 9 67 29 74 45 48 21 31 36 36 67 20 45 54 27 27 44 76 20 42 62 78 49 29 37 26 42 35 46 41 22 54 44 80 38 51 34 71 15 22 57 46 24 64 31 21 24 42 30 60 43 47 16 40 78 63 57 86 27 23 28 53 53 68 36 45 49 15 26 31 71 90 12 76 68 92 48 35 50 27 50 13 29 95 28 42 45 42 60 77 41 47 27 16 42 70 51 10 37 43 8 67 28 46 46 46 20 34 39 31 76 28 43 50 44 32 42 54 22 52 31 47 50 33 52 33 33 32 29 42 10 55 3 83 43 66 38 67 18 57 35 37 42 59 81 35 26 60 28 44 27 39 44 68 55 46 43 46 55 67 81 97 112 60 45 34 29 33 45 59 75 91 108 54 38 23 15 23 38 54 71 88 105 52 35 18 0 18 35 52 70 87 104 54 38 23 15 23 38 54 71 88 105 60 45 34 29 33 45 59 75 91 108 68 55 46 43 46 55 67 81 97 112 77 67 60 57 59 66 77 89 103 118 88 79 73 71 73 79 88 99 112 125 100 92 87 85 87 91 99 109 121 134
4 86 56 17 70 40 43 65 10 42 107 20 34 36 10 27 42 70 77 10 91 93 93 45 22 31 41 41 12 48 77 2 32 13 30 34 62 19 38 51 16 20 56 56 19 14 29 22 75 19 57 28 32 19 30 21 20 56 5 27 46 10 13 33 67 20 47 47 91 46 14 22 14 47 34 34 31 39 43 55 70 23 36 18 54 11 12 46 30 14 81 25 37 32 26 13 43 36 65 14 28 78 54 43 69 21 28 45 38 39 77 20 29 32 4 20 48 54 73 18 60 59 75 41 21 33 44 46 6 46 78 11 25 39 34 45 62 35 46 42 31 30 53 43 15 35 31 16 61 17 28 41 30 12 37 23 14 64 36 28 42 31 24 33 37 23 55 16 59 45 20 43 16 38 16 31 33 25 42 19 73 28 60 22 54 5 43 19 20 26 76 64 23 30 47 10 29 10 56 41 82 67 55 46 43 46 55 67 81 96 75 60 45 33 29 33 45 59 75 91 71 54 38 23 15 23 38 54 71 88 70 52 35 18 0 18 35 52 70 87 71 54 38 23 15 23 38 54 71 88 75 60 45 33 29 33 45 59 75 91 82 67 55 46 43 46 55 67 81 96 90 77 67 59 57 59 66 77 89 103 99 88 79 73 71 73 78 87 99 111 110 100 92 87 85 86 91 99 109 120
21 93 49 30 55 53 53 82 9 38 117 5 19 19 22 32 60 53 60 25 75 79 76 44 14 37 45 45 11 65 60 18 16 20 33 20 48 25 22 65 33 37 40 50 36 12 16 38 85 21 40 11 19 30 39 13 9 49 16 10 43 9 15 31 62 31 58 34 106 50 12 14 18 58 42 28 28 56 37 68 63 13 24 10 37 26 21 41 18 20 97 31 54 45 12 8 27 36 82 27 23 82 50 33 52 29 40 62 27 30 88 8 18 14 21 27 65 39 56 34 45 54 59 41 17 18 61 48 23 63 61 8 7 39 35 33 47 36 51 59 48 24 36 40 31 40 25 32 59 20 11 44 16 22 46 10 7 55 49 16 41 24 27 33 20 34 62 13 73 47 17 41 4 49 11 41 32 42 35 37 66 16 59 11 43 19 33 7 10 14 93 46 20 42 39 8 18 9 73 45 97 82 67 55 46 42 46 55 67 81 91 75 60 45 33 28 33 45 59 75 88 71 54 38 23 14 23 38 54 71 87 70 52 35 18 0 18 35 52 70 88 71 54 38 23 14 23 38 54 71 91 75 60 45 33 28 33 45 59 75 97 82 67 55 46 42 46 55 67 81 104 90 77 66 59 56 59 66 76 89 112 99 88 79 73 70 72 78 87 98 122 110 99 91 86 84 86 91 98 108
38 103 49 46 43 68 66 99 26 41 129 17 12 2 38 44 77 37 43 42 60 68 58 51 23 48 55 54 27 82 43 35 9 35 43 16 37 38 13 81 50 55 27 49 53 27 16 55 97 34 23 8 18 45 52 23 20 48 33 8 48 27 30 37 62 47 71 26 121 58 26 23 33 71 54 32 35 73 39 83 60 21 22 22 21 42 36 43 18 35 114 43 71 61 15 24 14 45 99 44 30 89 52 30 35 42 55 80 25 29 101 19 19 4 38 41 82 26 40 51 32 54 43 47 27 12 78 56 40 80 44 25 11 47 44 26 35 45 61 76 65 30 19 45 48 51 30 49 62 33 8 52 15 38 60 17 23 52 64 18 46 29 39 41 9 49 74 26 88 54 29 45 20 63 24 55 40 59 35 54 64 20 63 19 37 36 29 19 20 19 110 29 30 56 38 25 21 26 91 55 113 97 81 67 55 46 42 46 54 67 108 91 75 59 45 33 28 33 45 59 105 88 71 54 38 23 14 23 38 54 104 87 70 52 35 18 0 18 35 52 105 88 71 54 38 23 14 23 38 54 108 91 75 59 45 33 28 33 45 59 113 97 81 67 55 46 42 46 54 67 119 104 90 77 66 59 56 59 66 76 126 112 99 88 78 72 70 72 78 87 134 121 109 99 91 86 84 85 90 98
56 115 54 63 35 83 81 116 43 51 142 34 24 17 55 59 94 23 26 59 47 59 41 61 39 63 68 67 44 99 28 53 23 52 57 26 31 54 21 97 68 72 21 54 70 44 30 72 111 50 11 25 30 61 67 39 36 52 50 26 57 44 47 49 66 63 85 29 137 70 43 38 49 86 68 43 48 90 47 99 63 36 32 39 9 59 53 51 31 51 131 58 88 77 31 41 16 57 116 60 43 99 58 37 18 58 72 97 33 37 115 36 32 21 55 57 99 21 25 68 25 59 29 58 42 24 96 68 58 97 27 42 28 59 56 30 29 58 74 93 82 43 5 55 65 65 43 66 69 49 25 64 28 54 75 33 40 53 80 32 57 41 54 53 19 65 87 43 104 65 44 55 37 78 41 70 53 76 43 71 66 33 71 35 40 53 35 36 36 33 127 12 45 72 44 43 34 43 108 68 129 112 97 81 67 55 46 42 45 54 125 108 91 75 59 45 33 28 33 45 122 105 88 71 54 38 23 14 23 38 122 104 87 70 52 35 18 0 18 35 122 105 88 71 54 38 23 14 23 38 125 108 91 75 59 45 33 28 33 45 129 112 97 81 67 55 46 42 45 54 134 118 104 89 77 66 59 56 58 65 140 126 112 99 87 78 72 70 72 77 148 134 121 109 99 91 85 83 85 90
73 128 63 80 35 100 97 133 61 63 156 51 40 34 72 75 111 18 10 77 37 55 24 75 55 78 83 81 61 117 16 70 40 68 72 42 35 70 37 113 85 89 28 63 87 61 46 90 125 66 17 42 45 78 82 55 53 62 67 43 69 61 64 63 74 80 101 40 153 84 60 55 66 101 84 57 63 108 60 115 70 53 46 55 18 76 70 63 46 68 148 74 106 93 47 59 31 72 134 77 59 110 69 49 7 74 88 114 47 50 129 53 48 39 73 73 116 29 16 85 29 69 20 72 58 40 113 81 75 114 12 59 46 73 71 42 33 72 88 110 99 58 18 68 82 80 57 84 80 66 42 78 44 71 90 50 57 60 96 48 70 56 70 68 35 82 101 59 120 79 61 68 54 94 58 86 67 94 55 88 72 49 82 52 48 70 48 53 53 50 144 7 61 89 55 60 50 61 125 82 145 129 112 97 81 67 54 45 42 45 142 125 108 91 75 59 45 33 28 33 140 122 105 88 71 54 38 23 14 23 139 122 104 87 70 52 35 18 0 18 140 122 105 88 71 54 38 23 14 23 142 125 108 91 75 59 45 33 28 33 145 129 112 97 81 67 54 45 42 45 150 134 118 103 89 76 66 58 55 58 156 140 126 112 99 87 78 72 69 71 162 148 134 121 109 98 90 85 83 85
90 141 76 97 43 116 113 151 78 78 171 68 57 51 89 92 129 26 13 94 33 56 7 89 72 94 98 97 78 134 19 87 57 86 89 58 45 87 53 130 102 106 41 76 104 78 63 107 140 83 33 60 62 95 99 72 70 74 85 60 84 78 81 79 85 97 117 55 169 99 77 71 83 117 100 73 79 125 74 132 80 70 62 73 35 94 87 77 63 85 165 91 123 110 64 76 47 87 151 95 75 123 82 64 20 91 105 131 63 65 145 70 65 56 90 90 134 43 22 102 40 81 24 87 75 57 130 96 92 132 14 77 63 88 87 56 44 88 103 127 116 74 35 82 100 96 74 101 93 83 60 94 61 89 107 67 75 71 113 65 85 72 86 84 52 98 116 77 137 93 77 82 72 111 75 102 83 111 70 106 82 66 95 69 61 87 62 70 70 66 162 24 77 105 69 77 67 78 143 98 162 145 129 112 96 81 67 54 45 42 159 142 125 108 91 75 59 45 33 28 157 140 122 105 88 71 54 38 23 14 156 139 122 104 87 70 52 35 18 0 157 140 122 105 88 71 54 38 23 14 159 142 125 108 91 75 59 45 33 28 162 145 129 112 96 81 67 54 45 42 166 150 134 118 103 89 76 65 58 55 171 155 140 125 111 98 87 77 71 69 177 162 148 134 120 108 98 90 85 83
68 78 104 61 139 47 56 7 80 91 75 89 101 106 68 80 35 137 146 64 155 150 163 84 86 69 72 74 79 30 145 71 103 72 75 100 131 72 105 57 58 53 126 104 53 80 95 55 59 82 125 98 97 71 64 85 87 117 73 98 90 80 80 85 108 69 54 109 40 76 83 86 75 54 65 90 84 33 94 39 114 88 99 85 123 64 70 95 100 72 38 80 41 50 93 83 111 79 11 68 86 87 98 101 139 68 54 27 99 98 55 88 94 102 68 77 33 120 141 55 125 103 142 84 83 101 35 78 66 26 146 81 95 80 79 107 131 89 71 42 48 87 124 88 61 70 88 60 96 81 99 77 97 73 59 90 83 126 49 93 86 89 83 81 105 69 64 81 35 81 86 89 86 54 82 60 81 51 97 54 116 92 93 89 110 70 103 87 90 92 28 134 82 56 101 81 92 80 20 72 58 60 67 77 90 104 119 134 150 166 43 47 55 68 82 97 113 129 145 162 29 34 45 60 75 91 108 125 142 159 15 23 38 54 71 88 105 122 140 157 0 18 35 52 70 87 104 122 139 156 15 23 38 54 71 88 105 122 140 157 29 34 45 60 75 91 108 125 142 159 43 47 55 68 82 97 113 129 145 162 58 60 67 77 90 104 119 134 150 166 72 74 80 88 99 112 126 140 156 171
51 71 88 43 123 32 41 12 63 74 75 72 84 89 51 66 23 119 129 46 138 133 145 68 69 53 57 58 62 21 127 54 86 55 58 83 115 54 88 49 42 37 109 88 36 62 78 40 52 66 108 81 79 56 47 68 70 103 56 80 73 63 64 68 93 54 40 92 45 60 67 69 57 40 49 73 67 18 78 27 98 71 81 68 106 47 53 79 83 55 45 65 29 33 76 66 94 63 15 52 68 76 82 84 122 51 37 12 82 81 49 70 76 85 51 62 24 102 123 38 108 87 125 67 66 84 25 63 50 9 129 64 78 64 62 90 115 75 56 32 35 70 107 72 46 53 71 44 81 65 82 61 79 58 43 73 66 111 32 76 70 72 68 64 88 55 51 64 26 65 70 72 69 39 65 43 64 36 80 37 101 75 78 72 94 53 86 70 74 74 35 117 65 39 85 64 75 63 15 57 60 57 60 67 77 90 104 118 134 150 47 43 46 55 67 82 97 112 129 145 34 29 34 45 60 75 91 108 125 142 23 15 23 38 54 71 88 105 122 140 18 0 18 35 52 70 87 104 122 139 23 15 23 38 54 71 88 105 122 140 34 29 34 45 60 75 91 108 125 142 47 43 46 55 67 82 97 112 129 145 60 57 60 67 77 90 104 118 134 150 74 72 73 79 88 99 112 126 140 155
35 67 72 26 107 19 29 29 47 58 78 55 67 72 34 53 22 102 112 29 121 117 128 53 51 37 42 44 45 23 110 38 69 38 41 66 99 37 70 48 28 23 93 72 20 45 61 27 50 52 91 63 62 43 31 51 53 89 39 63 58 47 48 52 78 42 30 75 56 47 51 52 40 30 33 56 50 11 61 25 83 54 64 50 89 29 36 63 67 38 56 53 24 17 59 50 76 47 31 38 51 68 67 67 105 34 21 14 65 64 49 53 59 68 35 48 26 85 106 21 90 72 108 52 48 66 24 49 34 11 112 47 61 48 46 73 99 63 43 30 26 53 90 56 32 38 54 30 67 50 65 46 62 43 29 56 49 98 18 58 54 55 54 48 71 43 41 46 26 50 55 56 52 25 48 28 48 25 64 23 86 58 65 54 77 36 69 52 58 57 48 100 47 23 68 47 58 46 26 42 67 60 57 60 67 77 90 104 118 134 55 46 43 46 55 67 81 97 112 129 45 34 29 34 45 60 75 91 108 125 38 23 15 23 38 54 71 88 105 122 35 18 0 18 35 52 70 87 104 122 38 23 15 23 38 54 71 88 105 122 45 34 29 34 45 60 75 91 108 125 55 46 43 46 55 67 81 97 112 129 67 60 57 60 67 77 90 104 118 134 80 73 71 73 79 88 99 112 126 140
20 68 57 9 92 19 24 46 31 43 86 38 49 56 17 44 32 85 94 13 104 101 111 40 34 23 31 32 28 36 93 23 53 20 26 48 84 20 53 52 19 17 77 58 8 28 43 23 54 39 73 47 45 34 18 34 35 78 23 47 44 31 35 35 66 33 28 58 69 36 36 35 23 28 22 39 34 23 45 33 70 36 47 33 71 13 19 47 52 21 70 43 30 11 41 35 59 32 48 28 34 64 53 51 88 18 9 29 48 47 55 36 42 51 21 38 38 68 89 5 73 58 90 38 31 49 34 37 20 28 95 30 45 34 31 56 83 54 34 37 28 36 73 42 23 25 37 22 55 37 49 34 45 31 20 39 32 86 15 41 40 38 43 32 54 36 38 29 37 38 42 42 35 19 31 16 32 23 47 17 73 40 54 37 61 20 52 35 43 40 63 83 30 13 52 32 41 30 41 31 77 67 60 57 59 66 77 89 103 118 68 55 46 43 46 55 67 81 97 112 60 45 34 29 33 45 59 75 91 108 54 38 23 15 23 38 54 71 88 105 52 35 18 0 18 35 52 70 87 104 54 38 23 15 23 38 54 71 88 105 60 45 34 29 33 45 59 75 91 108 68 55 46 43 46 55 67 81 97 112 77 67 60 57 59 66 77 89 103 118 88 79 73 71 73 79 88 99 112 125
15 73 45 10 78 31 31 64 18 30 95 22 32 39 5 41 47 67 77 10 87 85 94 31 17 17 27 27 12 51 75 16 38 3 16 31 70 6 36 61 24 26 62 45 19 12 26 30 63 32 56 30 28 32 17 16 18 68 11 31 33 19 26 22 55 33 36 41 84 32 25 17 5 36 21 24 19 40 32 46 58 19 30 16 54 9 3 34 39 3 86 39 43 23 24 22 42 22 65 26 18 64 42 35 72 7 18 46 31 31 66 19 25 35 15 34 52 51 71 15 56 47 73 28 14 32 49 32 17 45 77 16 29 25 21 39 69 49 32 49 38 20 56 30 25 21 21 26 47 30 33 27 27 26 25 21 16 76 27 24 29 22 38 20 36 36 42 12 51 31 32 31 20 27 14 19 20 33 32 25 61 23 46 20 45 10 36 19 30 22 79 66 13 20 37 19 23 16 58 27 90 77 67 59 57 59 66 77 89 103 82 67 55 46 43 46 55 67 81 96 75 60 45 33 29 33 45 59 75 91 71 54 38 23 15 23 38 54 71 88 70 52 35 18 0 18 35 52 70 87 71 54 38 23 15 23 38 54 71 88 75 60 45 33 29 33 45 59 75 91 82 67 55 46 43 46 55 67 81 96 90 77 67 59 57 59 66 77 89 103 99 88 79 73 71 73 78 87 99 111
26 82 36 27 65 46 44 81 18 24 107 11 15 24 20 45 63 50 60 25 70 70 77 31 2 26 33 33 12 67 58 24 25 15 21 14 58 17 19 74 38 41 49 36 36 10 9 43 75 34 39 16 10 40 29 3 6 63 19 17 29 19 27 17 49 41 49 25 100 37 24 2 13 49 32 14 15 57 23 62 50 2 14 6 37 25 17 27 30 15 101 43 58 40 8 20 25 23 82 35 9 69 36 21 55 21 35 63 16 17 78 7 7 21 25 39 68 33 54 32 39 40 56 27 5 15 65 35 28 62 60 13 17 26 22 23 57 50 39 64 53 10 40 26 37 29 11 38 45 32 21 31 10 32 38 6 11 69 43 7 27 10 40 20 19 44 52 7 67 33 31 27 12 41 7 33 19 47 21 40 53 6 45 4 32 20 21 8 24 5 96 49 8 35 26 17 7 15 75 33 104 90 77 66 59 56 59 66 76 89 97 82 67 55 46 42 46 55 67 81 91 75 60 45 33 28 33 45 59 75 88 71 54 38 23 14 23 38 54 71 87 70 52 35 18 0 18 35 52 70 88 71 54 38 23 14 23 38 54 71 91 75 60 45 33 28 33 45 59 75 97 82 67 55 46 42 46 55 67 81 104 90 77 66 59 56 59 66 76 89 112 99 88 79 73 70 72 78 87 98
41 93 35 44 55 63 59 98 30 29 120 19 4 16 37 54 79 33 43 42 54 57 59 39 19 41 46 45 27 84 41 38 22 33 35 5 49 34 2 87 53 57 38 35 53 26 10 59 89 43 22 14 8 52 45 19 19 62 34 16 35 31 37 27 48 53 64 13 116 48 34 18 30 64 47 21 26 74 26 78 47 17 10 21 20 42 35 30 31 32 118 53 74 57 13 30 8 35 99 49 21 77 38 16 40 37 52 80 12 16 93 19 11 16 41 49 85 17 37 50 23 40 39 36 22 5 81 46 43 79 43 27 19 37 34 12 47 56 52 80 68 21 26 33 52 43 20 53 49 41 19 42 9 44 53 15 24 65 59 12 35 19 48 31 6 56 65 24 83 43 38 33 23 57 23 49 30 63 22 56 50 13 50 16 24 37 16 20 29 13 112 33 24 52 24 30 13 29 92 46 119 104 90 77 66 59 56 59 66 76 113 97 81 67 55 46 42 46 54 67 108 91 75 59 45 33 28 33 45 59 105 88 71 54 38 23 14 23 38 54 104 87 70 52 35 18 0 18 35 52 105 88 71 54 38 23 14 23 38 54 108 91 75 59 45 33 28 33 45 59 113 97 81 67 55 46 42 46 54 67 119 104 90 77 66 59 56 59 66 76 126 112 99 88 78 72 70 72 78 87
58 105 42 61 49 79 76 116 46 41 134 35 21 23 54 67 96 16 26 59 38 47 43 52 36 57 61 60 44 101 23 55 30 50 51 22 45 51 17 102 70 74 35 42 70 43 27 75 103 56 6 28 25 67 62 37 36 65 51 29 47 47 52 42 53 68 80 18 132 62 48 36 48 80 63 36 42 91 38 95 50 34 25 38 6 59 52 40 39 50 134 65 91 74 29 45 11 50 117 64 38 88 47 27 26 54 69 97 25 28 108 35 28 26 57 63 101 8 20 67 11 47 22 50 39 22 98 59 60 97 26 43 32 51 49 20 43 67 66 96 85 37 19 45 68 59 36 69 58 55 31 56 26 59 70 32 41 67 76 29 48 35 61 47 18 71 79 41 100 57 51 46 39 73 40 66 46 79 33 73 53 30 60 34 27 53 25 36 42 31 129 20 41 69 33 45 30 45 109 61 134 118 104 89 77 66 59 56 58 65 129 112 97 81 67 55 46 42 45 54 125 108 91 75 59 45 33 28 33 45 122 105 88 71 54 38 23 14 23 38 122 104 87 70 52 35 18 0 18 35 122 105 88 71 54 38 23 14 23 38 125 108 91 75 59 45 33 28 33 45 129 112 97 81 67 55 46 42 45 54 134 118 104 89 77 66 59 56 58 65 140 126 112 99 87 78 72 70 72 77
74 119 54 79 49 96 92 133 63 57 149 52 38 37 71 81 113 4 11 77 25 41 26 67 53 74 77 75 61 118 6 72 44 67 68 39 47 68 34 118 87 91 39 54 87 60 44 92 119 71 15 44 43 82 79 54 53 73 68 45 62 63 68 58 63 84 96 33 149 77 64 53 65 96 80 52 58 108 53 111 58 51 42 55 17 76 69 55 52 67 151 80 108 91 47 61 28 66 134 81 55 101 60 42 20 72 86 114 42 44 123 52 46 41 74 78 118 21 3 84 18 59 7 65 56 39 115 75 76 114 9 60 48 67 66 35 45 80 82 113 101 54 26 61 85 75 53 86 70 70 46 72 43 75 86 49 58 72 94 46 63 52 75 63 35 86 95 59 116 72 66 61 55 90 57 82 62 96 48 90 61 47 73 51 39 71 41 53 57 48 146 18 58 86 47 62 47 62 126 77 150 134 118 103 89 76 66 58 55 58 145 129 112 97 81 67 54 45 42 45 142 125 108 91 75 59 45 33 28 33 140 122 105 88 71 54 38 23 14 23 139 122 104 87 70 52 35 18 0 18 140 122 105 88 71 54 38 23 14 23 142 125 108 91 75 59 45 33 28 33 145 129 112 97 81 67 54 45 42 45 150 134 118 103 89 76 66 58 55 58 156 140 126 112 99 87 78 72 69 71
91 134 68 96 55 114 109 150 80 73 164 69 55 54 89 96 130 20 13 94 20 42 13 83 71 91 93 92 78 135 12 89 60 85 85 57 56 85 52 134 104 108 49 68 104 77 62 109 135 87 32 61 60 99 96 71 70 84 85 62 78 80 84 75 76 100 113 50 165 93 80 70 82 113 96 69 75 125 69 128 70 69 59 72 34 93 86 70 68 84 168 95 125 108 64 78 46 83 151 97 72 115 75 59 28 89 103 132 59 61 140 70 63 58 91 94 135 38 16 101 34 73 16 81 74 56 132 90 93 131 11 77 65 83 82 52 54 94 98 129 118 71 39 77 102 92 70 103 85 86 62 88 60 91 103 67 75 81 111 64 79 69 91 80 52 102 111 76 133 88 81 77 72 107 75 100 79 113 64 107 72 64 87 68 54 88 57 70 73 65 163 29 75 103 62 79 64 79 143 93 166 150 134 118 103 89 76 65 58 55 162 145 129 112 96 81 67 54 45 42 159 142 125 108 91 75 59 45 33 28 157 140 122 105 88 71 54 38 23 14 156 139 122 104 87 70 52 35 18 0 157 140 122 105 88 71 54 38 23 14 159 142 125 108 91 75 59 45 33 28 162 145 129 112 96 81 67 54 45 42 166 150 134 118 103 89 76 65 58 55 171 155 140 125 111 98 87 77 71 69
72 66 100 62 144 44 51 18 84 88 61 92 103 109 71 88 45 137 147 67 154 147 164 80 87 67 68 70 82 41 145 76 106 74 73 101 137 72 106 69 64 59 130 100 57 82 96 62 47 88 127 100 98 78 62 87 89 125 76 101 86 84 86 84 103 77 49 108 26 71 88 88 76 49 62 89 83 40 92 32 109 90 99 87 125 67 72 92 105 74 52 88 51 49 95 88 112 77 24 74 85 77 93 100 142 69 54 35 99 97 43 90 95 105 72 84 44 120 141 58 124 98 142 80 84 102 46 74 71 31 148 84 98 77 77 107 136 98 66 53 57 87 127 85 68 67 87 66 90 87 102 74 98 80 56 92 86 134 47 94 83 89 90 79 107 78 57 83 27 76 92 85 89 51 84 58 80 59 95 59 111 93 87 90 108 74 102 89 95 93 42 136 82 55 99 85 93 83 31 69 72 74 80 88 99 112 126 140 156 171 58 60 67 77 90 104 119 134 150 166 43 47 55 68 82 97 113 129 145 162 29 34 45 60 75 91 108 125 142 159 15 23 38 54 71 88 105 122 140 157 0 18 35 52 70 87 104 122 139 156 15 23 38 54 71 88 105 122 140 157 29 34 45 60 75 91 108 125 142 159 43 47 55 68 82 97 113 129 145 162 58 60 67 77 90 104 119 134 150 166
57 58 83 46 129 27 34 20 68 71 61 75 86 93 54 75 37 120 130 51 137 130 147 63 70 50 51 53 65 35 128 60 90 57 56 84 121 55 89 63 50 45 114 83 41 65 79 49 38 74 109 84 80 65 45 70 72 112 60 84 69 68 71 66 86 64 32 91 34 54 73 71 59 32 45 71 65 28 75 16 92 73 81 70 107 50 56 75 89 57 57 75 41 32 78 72 95 60 26 60 68 65 77 83 125 51 37 25 82 80 35 73 77 89 57 70 38 102 124 42 107 82 125 63 67 85 38 57 56 20 130 68 82 60 60 89 121 85 50 45 46 69 110 68 54 50 70 52 74 72 86 57 81 65 38 75 69 120 29 77 65 72 77 62 90 65 42 66 13 60 77 68 73 34 68 41 62 46 78 45 94 76 71 74 91 57 84 72 80 76 47 120 65 37 82 69 76 67 29 52 74 72 73 79 88 99 112 126 140 155 60 57 60 67 77 90 104 118 134 150 47 43 46 55 67 82 97 112 129 145 34 29 34 45 60 75 91 108 125 142 23 15 23 38 54 71 88 105 122 140 18 0 18 35 52 70 87 104 122 139 23 15 23 38 54 71 88 105 122 140 34 29 34 45 60 75 91 108 125 142 47 43 46 55 67 82 97 112 129 145 60 57 60 67 77 90 104 118 134 150
43 53 66 30 114 10 18 33 53 54 65 59 69 77 38 65 36 103 113 36 120 113 130 47 53 33 35 37 49 36 111 46 75 41 38 67 106 38 72 62 39 35 99 67 28 49 62 40 36 61 92 67 63 54 27 53 56 100 45 68 52 54 57 49 71 53 18 74 47 38 59 54 43 18 28 54 48 25 58 11 76 56 64 54 91 35 39 58 75 41 66 64 38 15 61 57 78 43 38 48 51 55 60 66 109 34 20 26 64 63 36 57 60 72 43 59 40 85 107 27 90 65 108 46 50 68 38 41 42 21 113 52 66 43 42 72 106 74 34 44 40 52 94 51 43 33 53 41 59 59 70 40 64 52 21 59 53 108 12 60 49 54 65 44 73 55 29 49 14 43 64 51 57 17 51 24 45 38 61 35 79 59 56 57 74 42 67 56 65 59 58 103 48 20 65 54 59 51 35 35 80 73 71 73 79 88 99 112 126 140 67 60 57 60 67 77 90 104 118 134 55 46 43 46 55 67 81 97 112 129 45 34 29 34 45 60 75 91 108 125 38 23 15 23 38 54 71 88 105 122 35 18 0 18 35 52 70 87 104 122 38 23 15 23 38 54 71 88 105 122 45 34 29 34 45 60 75 91 108 125 55 46 43 46 55 67 81 97 112 129 67 60 57 60 67 77 90 104 118 134
32 54 50 17 100 9 10 49 40 37 74 44 52 61 25 57 43 85 96 24 102 96 113 31 37 16 20 22 35 45 94 34 60 25 21 50 92 22 55 65 33 31 84 50 22 34 46 37 42 51 75 52 47 47 10 37 40 89 32 53 36 41 46 32 56 47 14 57 62 24 47 38 27 14 11 37 31 32 41 24 61 40 47 38 74 23 25 41 61 26 79 56 42 6 45 44 61 26 52 41 34 50 45 48 92 18 7 36 47 45 44 41 44 57 32 51 48 68 90 18 72 50 91 30 34 52 45 26 32 33 96 38 51 27 25 55 91 67 21 49 41 35 78 35 37 16 36 36 45 49 55 24 47 43 7 43 39 97 6 44 32 37 56 27 57 49 23 34 29 28 53 35 42 5 36 6 28 37 44 31 64 42 43 41 57 30 50 41 52 42 71 86 31 4 48 40 42 38 48 20 88 79 73 71 73 79 88 99 112 125 77 67 60 57 59 66 77 89 103 118 68 55 46 43 46 55 67 81 97 112 60 45 34 29 33 45 59 75 91 108 54 38 23 15 23 38 54 71 88 105 52 35 18 0 18 35 52 70 87 104 54 38 23 15 23 38 54 71 88 105 60 45 34 29 33 45 59 75 91 108 68 55 46 43 46 55 67 81 97 112 77 67 60 57 59 66 77 89 103 118
29 61 35 17 87 26 22 66 31 21 85 31 36 46 19 55 54 68 80 23 85 80 96 18 22 4 13 13 24 58 76 30 47 16 4 34 80 10 39 73 37 37 71 35 28 22 30 41 53 46 59 38 30 46 8 22 26 81 25 39 22 32 39 14 44 47 27 39 78 18 39 23 17 27 9 20 13 45 24 41 47 25 30 25 57 21 17 25 50 16 92 53 52 22 30 35 45 10 68 40 17 50 31 31 77 8 17 50 30 28 56 27 27 43 29 48 60 51 72 23 55 36 73 16 19 36 57 18 30 48 79 27 38 12 9 37 79 63 19 58 49 18 62 19 38 7 18 38 34 44 42 14 32 40 16 28 27 88 23 28 18 20 52 10 41 50 30 21 46 18 46 20 30 20 23 12 11 43 26 36 50 27 33 26 40 24 32 27 42 27 85 71 16 16 31 31 26 28 63 13 99 88 79 73 71 73 78 87 99 111 90 77 67 59 57 59 66 77 89 103 82 67 55 46 43 46 55 67 81 96 75 60 45 33 29 33 45 59 75 91 71 54 38 23 15 23 38 54 71 88 70 52 35 18 0 18 35 52 70 87 71 54 38 23 15 23 38 54 71 88 75 60 45 33 29 33 45 59 75 91 82 67 55 46 43 46 55 67 81 96 90 77 67 59 57 59 66 77 89 103
35 71 23 30 76 43 38 82 31 10 98 25 22 35 27 58 68 51 63 32 68 63 80 18 15 20 24 23 23 73 59 35 38 22 15 19 69 19 24 83 46 48 59 24 41 21 17 52 66 47 43 28 16 52 25 16 19 76 29 30 16 32 40 4 35 52 42 22 95 26 38 15 20 43 26 2 5 61 10 58 37 16 14 20 41 31 24 13 44 21 107 56 65 39 20 34 29 13 85 46 6 56 22 14 62 21 34 66 13 11 71 21 14 33 35 51 74 34 56 37 38 26 56 14 13 23 71 24 37 65 63 26 30 15 12 20 68 63 29 71 61 5 49 12 47 22 4 47 31 45 34 20 19 44 33 19 24 82 41 16 14 5 53 9 27 55 43 19 63 21 44 13 26 37 20 29 9 55 10 47 40 14 31 18 23 30 15 22 38 16 101 55 11 33 15 31 13 28 78 24 112 99 88 79 73 70 72 78 87 98 104 90 77 66 59 56 59 66 76 89 97 82 67 55 46 42 46 55 67 81 91 75 60 45 33 28 33 45 59 75 88 71 54 38 23 14 23 38 54 71 87 70 52 35 18 0 18 35 52 70 88 71 54 38 23 14 23 38 54 71 91 75 60 45 33 28 33 45 59 75 97 82 67 55 46 42 46 55 67 81 104 90 77 66 59 56 59 66 76 89
48 83 21 46 67 60 55 99 39 19 112 29 17 29 41 65 84 35 47 47 51 48 64 30 24 38 40 38 34 88 43 46 36 36 32 14 62 35 16 96 60 63 51 22 57 32 18 65 82 54 28 27 15 62 43 25 26 75 41 29 25 40 48 21 34 63 59 5 112 40 44 24 34 59 43 16 22 77 16 75 33 23 10 28 27 46 38 18 44 36 123 64 80 56 22 41 18 29 101 57 20 66 26 5 48 37 51 83 7 8 86 27 17 30 47 60 89 17 39 52 21 27 39 28 25 18 86 37 50 81 46 35 31 30 29 4 60 69 44 86 75 19 38 23 59 39 18 60 37 52 33 35 18 53 50 24 33 79 58 19 26 17 60 26 20 66 58 30 80 35 50 24 32 54 29 47 25 69 11 62 36 18 38 24 10 42 3 28 41 20 117 42 25 50 11 39 17 37 95 39 126 112 99 88 78 72 70 72 78 87 119 104 90 77 66 59 56 59 66 76 113 97 81 67 55 46 42 46 54 67 108 91 75 59 45 33 28 33 45 59 105 88 71 54 38 23 14 23 38 54 104 87 70 52 35 18 0 18 35 52 105 88 71 54 38 23 14 23 38 54 108 91 75 59 45 33 28 33 45 59 113 97 81 67 55 46 42 46 54 67 119 104 90 77 66 59 56 59 66 76
62 97 31 63 62 78 72 117 52 36 127 41 26 34 57 76 100 19 33 63 33 35 48 46 39 55 56 55 48 105 27 60 41 52 49 26 59 51 23 110 75 78 48 31 73 47 31 80 97 65 19 36 28 74 60 40 40 78 56 38 40 53 60 39 42 75 76 14 129 56 56 39 50 76 60 33 39 93 32 92 37 37 25 42 20 62 54 33 50 52 139 74 95 73 34 53 20 46 118 71 37 79 38 22 38 54 68 99 24 25 102 40 31 36 62 71 105 8 23 69 5 37 23 44 41 27 102 53 65 98 31 49 41 46 46 16 57 77 61 101 90 36 33 39 74 56 35 75 48 64 40 51 30 66 67 37 46 80 75 32 42 34 70 43 26 78 74 45 97 50 60 40 45 71 44 64 43 84 27 77 40 32 51 38 17 58 21 41 51 34 133 33 42 68 25 52 32 51 111 56 140 126 112 99 87 78 72 70 72 77 134 118 104 89 77 66 59 56 58 65 129 112 97 81 67 55 46 42 45 54 125 108 91 75 59 45 33 28 33 45 122 105 88 71 54 38 23 14 23 38 122 104 87 70 52 35 18 0 18 35 122 105 88 71 54 38 23 14 23 38 125 108 91 75 59 45 33 28 33 45 129 112 97 81 67 55 46 42 45 54 134 118 104 89 77 66 59 56 58 65
78 112 46 80 62 95 90 134 67 52 142 56 41 45 74 89 116 11 23 79 17 27 35 63 55 72 73 72 64 121 14 76 52 69 66 41 61 69 38 124 91 94 52 46 90 63 47 96 114 78 23 49 44 89 77 56 56 85 72 51 57 68 74 56 54 90 93 31 146 73 70 55 67 93 78 51 57 110 49 109 48 54 42 58 26 78 71 50 61 69 155 87 112 91 50 67 33 63 135 86 54 93 53 39 34 72 86 116 41 42 119 56 47 48 78 85 122 21 13 86 16 51 9 61 58 42 118 70 80 115 20 64 54 63 63 33 58 89 77 117 106 53 37 56 89 73 52 90 63 77 53 68 46 81 84 53 62 85 93 48 59 51 83 61 40 92 91 61 114 67 73 56 60 88 60 81 60 100 45 93 50 49 65 54 33 74 38 57 64 50 149 31 59 85 42 67 48 66 128 73 156 140 126 112 99 87 78 72 69 71 150 134 118 103 89 76 66 58 55 58 145 129 112 97 81 67 54 45 42 45 142 125 108 91 75 59 45 33 28 33 140 122 105 88 71 54 38 23 14 23 139 122 104 87 70 52 35 18 0 18 140 122 105 88 71 54 38 23 14 23 142 125 108 91 75 59 45 33 28 33 145 129 112 97 81 67 54 45 42 45 150 134 118 103 89 76 66 58 55 58
95 128 62 97 67 112 107 151 83 69 158 72 58 59 90 103 133 23 24 96 6 30 26 80 72 89 90 89 81 138 18 92 66 86 84 58 67 86 54 140 107 111 60 62 106 80 63 112 130 93 36 65 61 104 95 73 72 94 88 66 74 84 89 73 68 105 110 48 163 90 85 72 84 111 95 68 74 127 66 127 62 70 59 75 39 95 88 67 75 86 171 102 128 108 66 82 48 80 152 102 72 108 69 57 39 89 103 133 58 59 135 72 64 63 94 100 138 38 20 103 33 66 17 78 75 58 135 87 97 132 21 80 69 81 80 50 65 102 94 133 122 70 47 73 105 90 69 106 78 92 67 85 62 96 102 69 78 93 110 65 76 68 97 78 55 108 107 78 132 84 87 73 76 106 77 99 77 116 62 110 63 66 81 70 50 90 55 73 79 67 166 38 76 102 59 82 65 82 145 90 171 155 140 125 111 98 87 77 71 69 166 150 134 118 103 89 76 65 58 55 162 145 129 112 96 81 67 54 45 42 159 142 125 108 91 75 59 45 33 28 157 140 122 105 88 71 54 38 23 14 156 139 122 104 87 70 52 35 18 0 157 140 122 105 88 71 54 38 23 14 159 142 125 108 91 75 59 45 33 28 162 145 129 112 96 81 67 54 45 42 166 150 134 118 103 89 76 65 58 55
79 56 98 67 151 46 50 31 90 88 47 97 106 114 75 98 57 139 150 73 154 145 167 79 91 68 67 69 87 53 147 82 112 78 74 104 143 75 109 82 72 68 136 98 64 86 99 71 38 96 129 105 100 87 64 90 93 134 82 105 85 90 93 84 99 86 47 110 12 69 95 91 80 47 63 90 84 50 92 31 105 93 101 91 128 72 77 91 111 78 66 97 62 52 99 94 115 77 38 83 87 69 91 101 146 71 58 46 100 98 32 94 97 110 79 93 57 121 143 64 126 96 144 80 87 106 58 72 78 41 150 89 103 77 77 108 143 107 64 65 68 89 131 85 76 67 89 75 86 95 108 72 101 87 56 96 91 143 49 97 82 91 99 80 110 87 53 87 26 75 100 84 94 52 89 60 80 68 96 68 107 96 83 94 108 79 102 94 102 96 56 140 85 57 99 91 96 89 45 67 86 88 93 100 110 122 134 148 162 177 72 74 80 88 99 112 126 140 156 171 58 60 67 77 90 104 119 134 150 166 43 47 55 68 82 97 113 129 145 162 29 34 45 60 75 91 108 125 142 159 15 23 38 54 71 88 105 122 140 157 0 18 35 52 70 87 104 122 139 156 15 23 38 54 71 88 105 122 140 157 29 34 45 60 75 91 108 125 142 159 43 47 55 68 82 97 113 129 145 162
65 45 81 52 136 30 33 33 75 71 47 81 89 98 60 86 50 122 133 58 137 127 150 61 74 51 50 52 71 49 130 68 97 62 57 87 129 59 93 77 60 56 121 81 50 71 83 60 25 83 113 89 84 75 47 74 77 122 67 90 67 76 79 67 82 75 30 93 25 51 81 75 64 30 46 73 67 41 75 14 88 77 84 75 111 57 61 74 97 63 70 85 55 37 82 79 99 60 39 70 71 55 74 84 130 55 42 39 83 81 22 78 81 94 65 81 52 104 126 50 108 79 127 62 71 89 52 54 64 34 133 74 88 60 60 91 128 96 47 59 59 72 115 67 64 50 72 63 69 82 92 55 85 75 39 80 75 130 33 81 64 74 87 62 94 76 36 71 9 57 86 67 79 35 73 43 63 58 78 56 90 80 66 78 91 65 85 78 87 80 60 124 68 41 82 76 79 74 43 50 88 86 87 92 100 110 121 134 148 162 74 72 73 79 88 99 112 126 140 155 60 57 60 67 77 90 104 118 134 150 47 43 46 55 67 82 97 112 129 145 34 29 34 45 60 75 91 108 125 142 23 15 23 38 54 71 88 105 122 140 18 0 18 35 52 70 87 104 122 139 23 15 23 38 54 71 88 105 122 140 34 29 34 45 60 75 91 108 125 142 47 43 46 55 67 82 97 112 129 145
53 39 64 38 122 15 16 42 62 53 52 66 73 83 47 77 50 105 117 46 120 110 133 44 59 35 33 34 57 50 113 56 82 48 41 71 115 44 76 76 51 48 107 64 40 56 67 53 22 72 96 74 68 66 31 59 62 111 54 75 50 63 67 50 65 66 13 76 41 34 68 59 50 12 29 56 50 39 57 7 72 61 67 60 95 44 47 57 84 48 78 76 52 24 67 66 82 43 48 61 54 43 57 67 114 40 28 39 67 64 22 63 65 79 53 71 53 87 109 38 91 61 110 45 55 73 52 37 53 34 116 60 73 42 43 74 114 87 29 58 54 55 99 50 55 33 56 54 53 70 78 38 69 64 23 65 61 119 20 65 47 57 77 45 78 68 19 56 11 40 74 50 64 19 58 27 46 52 61 47 73 64 50 63 74 52 68 63 74 64 69 108 53 26 64 63 63 60 47 33 93 87 85 87 92 99 109 121 134 148 80 73 71 73 79 88 99 112 126 140 67 60 57 60 67 77 90 104 118 134 55 46 43 46 55 67 81 97 112 129 45 34 29 34 45 60 75 91 108 125 38 23 15 23 38 54 71 88 105 122 35 18 0 18 35 52 70 87 104 122 38 23 15 23 38 54 71 88 105 122 45 34 29 34 45 60 75 91 108 125 55 46 43 46 55 67 81 97 112 129
45 41 46 30 109 15 5 55 51 36 63 53 58 69 36 71 55 88 100 37 103 93 117 27 44 19 15 17 45 57 96 47 69 36 25 56 102 31 61 79 47 45 93 47 36 43 52 51 30 64 80 60 52 61 17 45 48 101 44 61 33 52 58 34 49 61 6 59 58 17 58 45 37 6 14 40 34 44 40 23 55 47 51 47 79 36 36 39 72 36 88 70 55 19 52 55 66 26 60 55 39 36 40 50 98 27 21 47 50 48 34 50 49 65 45 64 59 71 93 32 74 45 93 28 41 58 57 20 46 43 100 48 60 25 26 57 101 80 12 61 55 39 85 33 50 17 40 50 37 62 65 21 54 56 10 50 49 109 17 50 30 41 69 29 63 63 9 43 28 23 65 33 52 10 45 15 30 51 44 45 57 49 34 48 56 42 51 50 63 49 80 92 38 17 47 52 48 49 57 16 100 92 87 85 87 91 99 109 121 134 88 79 73 71 73 79 88 99 112 125 77 67 60 57 59 66 77 89 103 118 68 55 46 43 46 55 67 81 97 112 60 45 34 29 33 45 59 75 91 108 54 38 23 15 23 38 54 71 88 105 52 35 18 0 18 35 52 70 87 104 54 38 23 15 23 38 54 71 88 105 60 45 34 29 33 45 59 75 91 108 68 55 46 43 46 55 67 81 97 112
43 49 29 30 97 28 20 70 45 19 76 43 44 56 33 69 64 72 84 36 85 76 101 9 33 12 4 2 37 67 80 44 58 30 14 41 91 24 46 85 50 49 81 30 40 35 39 54 44 60 65 48 38 60 16 34 38 94 39 50 15 46 53 19 34 60 23 42 75 4 52 34 30 23 13 25 20 54 23 40 39 35 36 37 63 34 31 22 63 30 101 67 63 28 40 49 52 11 74 54 25 37 23 33 84 22 26 58 35 32 49 39 36 54 43 62 70 54 76 35 58 28 76 11 30 45 67 4 44 55 84 41 50 9 12 41 89 77 7 70 61 25 71 15 52 9 25 51 23 58 54 3 41 54 17 39 40 101 28 37 13 27 66 14 49 63 21 34 45 6 59 15 43 21 35 18 15 56 27 48 42 36 21 37 39 38 35 39 55 37 93 78 27 23 30 45 34 42 70 3 110 100 92 87 85 86 91 99 109 120 99 88 79 73 71 73 78 87 99 111 90 77 67 59 57 59 66 77 89 103 82 67 55 46 43 46 55 67 81 96 75 60 45 33 29 33 45 59 75 91 71 54 38 23 15 23 38 54 71 88 70 52 35 18 0 18 35 52 70 87 71 54 38 23 15 23 38 54 71 88 75 60 45 33 29 33 45 59 75 91 82 67 55 46 43 46 55 67 81 96
47 61 13 39 87 45 37 86 45 5 90 39 34 47 38 71 77 56 69 43 68 59 85 9 29 23 20 19 37 80 64 47 51 33 20 31 81 28 35 94 57 58 71 13 50 34 30 63 60 61 50 41 29 64 29 30 33 90 42 43 3 46 54 13 22 65 40 27 92 19 52 29 32 41 27 15 16 67 8 57 25 30 24 34 50 41 35 5 58 33 115 70 74 43 33 48 39 13 90 59 20 45 9 19 70 29 39 72 22 18 65 35 28 46 47 64 82 39 60 45 42 14 60 8 27 35 79 16 49 70 68 40 44 12 14 26 80 77 24 81 70 19 59 4 58 22 18 58 17 59 47 15 32 57 33 33 38 95 43 29 6 19 67 14 39 68 37 32 62 13 58 4 40 38 33 32 14 65 12 57 28 28 18 32 22 42 20 35 52 30 107 64 24 37 13 44 26 41 84 20 122 110 99 91 86 84 86 91 98 108 112 99 88 79 73 70 72 78 87 98 104 90 77 66 59 56 59 66 76 89 97 82 67 55 46 42 46 55 67 81 91 75 60 45 33 28 33 45 59 75 88 71 54 38 23 14 23 38 54 71 87 70 52 35 18 0 18 35 52 70 88 71 54 38 23 14 23 38 54 71 91 75 60 45 33 28 33 45 59 75 97 82 67 55 46 42 46 55 67 81
57 75 9 52 80 62 55 103 51 18 105 42 31 43 49 77 91 41 55 55 51 42 70 26 34 39 38 36 44 95 49 56 50 44 34 28 75 41 30 105 69 71 64 9 63 42 31 74 77 66 39 40 28 72 45 35 38 89 51 42 20 52 60 24 21 73 58 17 110 36 57 34 42 58 44 22 27 82 14 74 19 34 22 39 39 53 46 14 58 44 129 76 87 59 35 53 31 29 106 68 28 57 16 14 59 42 55 88 19 16 82 39 29 44 57 71 96 26 45 59 27 15 44 25 34 32 93 33 59 86 53 46 45 28 29 17 73 81 41 94 83 26 50 20 69 39 25 69 26 64 46 32 31 64 50 36 44 93 60 31 23 24 72 28 34 76 54 39 79 30 62 20 44 55 40 49 28 77 13 69 22 30 28 35 7 52 14 40 54 32 122 53 33 53 8 50 28 48 100 37 134 121 109 99 91 86 84 85 90 98 126 112 99 88 78 72 70 72 78 87 119 104 90 77 66 59 56 59 66 76 113 97 81 67 55 46 42 46 54 67 108 91 75 59 45 33 28 33 45 59 105 88 71 54 38 23 14 23 38 54 104 87 70 52 35 18 0 18 35 52 105 88 71 54 38 23 14 23 38 54 108 91 75 59 45 33 28 33 45 59 113 97 81 67 55 46 42 46 54 67
70 91 25 67 76 79 72 119 61 35 121 51 37 46 63 86 105 29 43 69 34 26 57 44 46 56 55 53 56 110 36 68 54 58 51 35 73 56 34 118 82 85 62 25 78 54 39 88 93 75 32 47 37 84 61 47 48 92 63 49 37 62 69 40 32 85 75 21 127 54 66 46 56 75 61 36 42 98 31 92 26 45 32 50 34 67 60 31 63 58 144 85 102 75 43 62 32 46 122 80 42 71 32 25 51 58 71 104 30 29 99 49 39 48 69 81 111 22 33 74 18 29 31 43 47 38 108 51 72 102 41 57 52 46 46 23 70 89 58 108 97 40 47 38 81 56 39 82 41 74 52 50 39 75 67 46 55 94 77 40 41 38 81 45 38 88 71 52 97 48 71 38 54 72 51 65 44 91 28 84 28 40 44 46 15 65 24 50 62 42 138 46 47 69 24 61 39 59 116 55 148 134 121 109 99 91 85 83 85 90 140 126 112 99 87 78 72 70 72 77 134 118 104 89 77 66 59 56 58 65 129 112 97 81 67 55 46 42 45 54 125 108 91 75 59 45 33 28 33 45 122 105 88 71 54 38 23 14 23 38 122 104 87 70 52 35 18 0 18 35 122 105 88 71 54 38 23 14 23 38 125 108 91 75 59 45 33 28 33 45 129 112 97 81 67 55 46 42 45 54
84 106 42 83 76 96 89 136 74 52 137 63 49 55 78 98 121 25 36 84 18 14 46 61 60 73 72 70 70 126 28 82 63 73 68 48 74 72 45 132 97 100 65 42 94 68 53 102 110 87 35 58 50 96 78 61 62 97 78 59 55 75 82 57 47 98 92 35 144 71 78 60 71 93 78 53 59 114 48 109 40 59 46 64 37 83 76 48 72 73 160 96 117 92 56 75 41 63 138 93 58 87 49 41 48 74 88 120 45 44 116 62 53 58 84 93 127 29 26 90 23 46 23 60 62 50 123 68 86 118 33 71 63 63 63 37 72 99 76 123 111 56 50 55 96 73 55 97 57 86 62 67 52 88 85 59 68 98 94 54 58 54 92 62 48 100 88 66 114 65 82 55 67 89 66 82 61 106 45 99 41 54 60 59 32 79 40 63 73 56 154 45 62 86 41 74 53 73 132 72 162 148 134 121 109 98 90 85 83 85 156 140 126 112 99 87 78 72 69 71 150 134 118 103 89 76 66 58 55 58 145 129 112 97 81 67 54 45 42 45 142 125 108 91 75 59 45 33 28 33 140 122 105 88 71 54 38 23 14 23 139 122 104 87 70 52 35 18 0 18 140 122 105 88 71 54 38 23 14 23 142 125 108 91 75 59 45 33 28 33 145 129 112 97 81 67 54 45 42 45
100 123 59 100 80 113 107 153 89 69 154 78 63 67 94 111 137 32 37 100 9 18 39 78 76 90 90 88 85 142 29 97 75 89 85 63 79 88 59 146 112 115 71 59 110 84 68 118 127 100 45 71 65 111 96 77 77 105 93 73 72 90 96 74 63 112 110 51 161 88 92 76 87 110 95 69 75 130 65 126 56 75 62 79 47 99 92 65 83 89 176 110 133 109 71 89 55 80 155 108 74 103 66 58 51 91 105 136 61 61 133 77 68 70 99 107 143 43 31 106 37 62 27 77 78 64 139 85 102 135 34 86 76 80 81 53 77 111 93 138 127 72 58 72 111 90 72 112 74 99 75 84 67 103 102 74 83 105 111 70 75 70 105 79 62 114 105 82 131 82 95 72 82 106 81 100 78 121 62 114 57 70 77 75 49 95 57 78 86 71 170 50 79 103 58 88 69 87 149 89 177 162 148 134 120 108 98 90 85 83 171 155 140 125 111 98 87 77 71 69 166 150 134 118 103 89 76 65 58 55 162 145 129 112 96 81 67 54 45 42 159 142 125 108 91 75 59 45 33 28 157 140 122 105 88 71 54 38 23 14 156 139 122 104 87 70 52 35 18 0 157 140 122 105 88 71 54 38 23 14 159 142 125 108 91 75 59 45 33 28 162 145 129 112 96 81 67 54 45 42
87 47 98 74 159 51 54 45 98 90 33 103 111 120 83 108 69 142 154 81 156 144 171 80 96 72 69 71 93 67 150 90 119 84 78 109 151 81 114 95 82 78 143 98 73 93 104 82 32 106 134 111 105 97 68 96 99 144 90 112 86 98 102 88 97 96 50 113 7 69 103 97 86 49 66 93 88 61 94 36 104 99 104 97 132 80 84 93 119 85 80 107 75 59 104 102 120 80 52 92 92 63 91 104 151 77 64 58 104 101 26 100 102 116 88 103 70 124 146 72 128 95 147 81 93 111 71 73 87 53 154 96 110 79 80 111 150 118 65 78 79 92 137 86 86 70 93 85 85 104 114 74 106 97 60 102 97 152 55 102 83 94 109 83 116 98 52 93 32 75 109 86 101 56 95 65 83 79 98 78 105 101 82 100 110 87 105 100 109 101 71 145 90 63 101 98 100 96 58 69 100 102 106 112 121 132 144 156 170 184 86 88 93 100 110 122 134 148 162 177 72 74 80 88 99 112 126 140 156 171 58 60 67 77 90 104 119 134 150 166 43 47 55 68 82 97 113 129 145 162 29 34 45 60 75 91 108 125 142 159 15 23 38 54 71 88 105 122 140 157 0 18 35 52 70 87 104 122 139 156 15 23 38 54 71 88 105 122 140 157 29 34 45 60 75 91 108 125 142 159
75 33 81 61 145 38 38 46 84 73 33 89 95 105 69 98 64 125 138 68 139 127 154 63 81 56 52 54 79 63 134 78 105 70 62 93 137 66 98 91 72 68 129 81 61 78 89 73 15 94 117 96 89 87 53 81 84 132 76 97 69 85 89 71 80 86 34 96 23 52 91 82 72 33 51 77 71 55 77 23 87 83 88 82 116 67 70 76 106 70 83 97 68 46 89 88 104 63 53 82 76 47 74 87 136 62 50 53 88 85 10 85 87 101 75 92 66 108 130 60 112 78 130 64 77 95 66 55 75 48 137 82 96 62 64 94 136 108 48 73 72 77 121 69 76 54 77 75 67 92 100 57 91 85 44 87 83 140 42 87 66 78 98 66 100 88 35 78 21 58 96 69 87 41 80 50 67 71 81 68 87 86 64 85 93 74 89 85 96 86 74 130 74 48 84 85 85 82 57 53 102 100 101 105 112 121 131 143 156 170 88 86 87 92 100 110 121 134 148 162 74 72 73 79 88 99 112 126 140 155 60 57 60 67 77 90 104 118 134 150 47 43 46 55 67 82 97 112 129 145 34 29 34 45 60 75 91 108 125 142 23 15 23 38 54 71 88 105 122 140 18 0 18 35 52 70 87 104 122 139 23 15 23 38 54 71 88 105 122 140 34 29 34 45 60 75 91 108 125 142
65 25 64 50 131 28 25 53 73 56 41 75 80 91 57 90 64 109 122 57 122 109 138 46 67 42 36 38 67 64 117 67 91 58 47 78 124 53 83 90 65 62 115 64 53 65 74 67 8 84 102 82 74 79 39 67 71 122 65 83 52 74 79 56 63 79 20 80 40 36 80 67 59 20 36 61 56 53 60 20 69 69 73 69 100 56 57 59 94 58 90 89 66 36 75 77 88 47 59 73 61 33 57 71 120 49 40 53 72 69 12 72 72 88 65 83 67 92 113 50 95 61 113 48 63 80 66 39 65 48 121 70 83 46 48 78 123 99 31 72 68 61 107 53 68 39 62 67 50 82 87 41 76 76 31 73 71 130 32 72 50 63 89 51 85 81 18 65 21 42 86 52 74 29 67 37 52 65 65 61 70 71 47 71 76 63 72 72 84 71 81 114 60 37 67 73 70 70 60 37 106 101 99 101 105 112 121 131 143 156 93 87 85 87 92 99 109 121 134 148 80 73 71 73 79 88 99 112 126 140 67 60 57 60 67 77 90 104 118 134 55 46 43 46 55 67 81 97 112 129 45 34 29 34 45 60 75 91 108 125 38 23 15 23 38 54 71 88 105 122 35 18 0 18 35 52 70 87 104 122 38 23 15 23 38 54 71 88 105 122 45 34 29 34 45 60 75 91 108 125
59 28 47 43 119 27 19 64 64 41 53 64 66 78 49 85 68 93 106 51 105 92 122 30 55 30 22 23 57 69 101 60 80 48 34 64 112 42 69 92 62 60 103 47 50 55 61 65 23 77 87 70 60 75 30 55 59 114 57 72 35 65 71 41 45 75 17 64 57 20 71 55 49 17 26 47 42 56 44 29 52 57 58 58 86 49 49 42 83 48 99 83 68 33 62 68 74 33 70 69 47 22 40 55 106 39 35 59 57 54 28 60 58 75 58 78 72 76 97 46 79 43 97 32 51 67 70 23 59 54 105 60 71 31 34 62 111 93 16 75 69 47 93 37 65 27 48 64 33 75 75 26 63 70 24 60 60 121 30 59 34 49 83 37 72 77 6 54 33 25 78 36 63 24 56 29 38 65 49 59 53 58 30 59 59 55 57 60 75 59 90 100 48 31 51 64 56 61 68 22 112 105 101 99 100 105 111 120 131 143 100 92 87 85 87 91 99 109 121 134 88 79 73 71 73 79 88 99 112 125 77 67 60 57 59 66 77 89 103 118 68 55 46 43 46 55 67 81 97 112 60 45 34 29 33 45 59 75 91 108 54 38 23 15 23 38 54 71 88 105 52 35 18 0 18 35 52 70 87 104 54 38 23 15 23 38 54 71 88 105 60 45 34 29 33 45 59 75 91 108
57 39 30 43 109 37 27 77 59 27 68 56 55 68 47 83 75 78 91 50 88 75 107 16 46 26 16 16 51 78 86 58 71 44 28 52 102 38 56 98 63 62 92 30 53 49 50 67 40 74 73 60 49 74 29 47 51 108 53 62 20 60 67 30 28 74 28 50 75 11 66 47 44 28 25 35 32 65 30 44 35 48 46 50 72 48 45 27 76 44 110 81 75 39 52 62 61 23 82 68 37 23 23 41 92 36 38 68 44 40 45 52 47 65 57 76 81 61 82 48 63 26 81 20 43 55 78 12 58 65 90 54 62 20 24 48 101 91 13 82 73 37 81 23 65 23 37 65 15 72 66 16 52 68 27 51 54 114 38 49 20 38 80 27 60 77 19 47 48 13 73 22 56 30 49 31 28 69 35 61 36 47 13 50 43 52 42 52 68 48 102 86 39 34 35 59 46 55 79 17 121 112 105 100 99 100 104 111 120 130 110 100 92 87 85 86 91 99 109 120 99 88 79 73 71 73 78 87 99 111 90 77 67 59 57 59 66 77 89 103 82 67 55 46 43 46 55 67 81 96 75 60 45 33 29 33 45 59 75 91 71 54 38 23 15 23 38 54 71 88 70 52 35 18 0 18 35 52 70 87 71 54 38 23 15 23 38 54 71 88 75 60 45 33 29 33 45 59 75 91
60 53 14 50 100 50 42 92 58 19 84 53 47 60 50 85 86 63 77 55 71 58 92 16 43 33 26 24 51 89 71 60 65 46 31 44 94 41 47 106 69 70 84 14 61 48 44 74 57 74 60 55 42 77 37 44 47 104 55 57 14 59 67 27 12 78 43 37 92 22 66 43 45 44 35 29 29 76 21 60 18 44 37 48 60 53 48 17 72 46 123 83 84 51 47 61 51 24 96 72 34 35 8 30 80 40 48 81 35 31 62 49 41 59 60 78 92 48 67 56 49 9 66 19 41 48 89 19 62 77 76 54 58 22 25 36 92 91 26 91 82 33 70 17 71 31 32 71 4 72 61 22 45 70 40 47 52 109 50 43 17 33 81 26 51 81 36 46 65 17 72 16 54 43 47 41 27 76 25 69 20 42 6 46 29 55 31 49 66 43 115 74 38 45 23 58 40 55 92 26 132 121 112 105 100 98 99 104 110 119 122 110 99 91 86 84 86 91 98 108 112 99 88 79 73 70 72 78 87 98 104 90 77 66 59 56 59 66 76 89 97 82 67 55 46 42 46 55 67 81 91 75 60 45 33 28 33 45 59 75 88 71 54 38 23 14 23 38 54 71 87 70 52 35 18 0 18 35 52 70 88 71 54 38 23 14 23 38 54 71 91 75 60 45 33 28 33 45 59 75
68 69 11 61 93 66 58 108 63 25 100 55 45 57 59 90 99 51 65 65 55 40 79 29 46 45 41 39 56 102 58 67 63 54 42 42 89 50 44 116 79 80 78 10 72 54 44 84 74 79 51 54 41 84 51 48 50 103 62 56 24 64 72 34 10 85 60 31 109 38 69 47 53 60 49 33 36 90 24 77 5 47 36 51 51 63 56 21 71 54 137 88 96 65 48 65 45 35 111 79 39 50 15 27 70 51 61 94 33 30 80 52 42 57 68 84 104 38 54 67 38 10 53 30 46 46 101 35 70 92 63 58 58 34 36 31 87 95 42 103 92 37 63 26 79 44 36 80 20 77 60 36 45 76 55 49 56 107 65 44 28 36 85 36 48 88 53 51 81 32 76 26 57 59 52 54 36 87 25 79 8 43 23 48 20 63 28 52 68 45 129 65 44 59 20 63 41 60 106 41 144 131 121 111 104 99 98 99 103 110 134 121 109 99 91 86 84 85 90 98 126 112 99 88 78 72 70 72 78 87 119 104 90 77 66 59 56 59 66 76 113 97 81 67 55 46 42 46 54 67 108 91 75 59 45 33 28 33 45 59 105 88 71 54 38 23 14 23 38 54 104 87 70 52 35 18 0 18 35 52 105 88 71 54 38 23 14 23 38 54 108 91 75 59 45 33 28 33 45 59
79 86 25 74 90 82 74 124 72 39 117 62 49 59 71 98 113 42 55 77 40 23 67 45 56 60 57 55 66 117 47 78 67 66 56 47 86 63 47 127 91 93 76 25 85 63 51 96 91 87 46 59 48 94 66 57 59 105 72 61 40 73 80 47 26 95 77 33 126 54 77 56 64 77 64 44 49 104 36 94 19 55 42 60 48 75 68 35 75 66 151 96 109 80 55 73 45 50 127 89 50 66 32 34 64 64 76 109 40 38 97 60 49 61 79 92 118 35 44 81 32 27 42 46 56 50 115 52 81 107 53 67 64 49 51 34 84 101 59 116 105 48 61 41 91 60 47 91 38 85 64 52 51 86 71 56 65 108 81 51 43 46 93 50 51 98 71 61 98 49 82 41 65 75 61 70 50 99 35 92 19 51 41 56 24 74 34 60 74 52 144 59 55 74 30 71 49 69 121 57 156 143 131 120 111 104 99 97 99 103 148 134 121 109 99 91 85 83 85 90 140 126 112 99 87 78 72 70 72 77 134 118 104 89 77 66 59 56 58 65 129 112 97 81 67 55 46 42 45 54 125 108 91 75 59 45 33 28 33 45 122 105 88 71 54 38 23 14 23 38 122 104 87 70 52 35 18 0 18 35 122 105 88 71 54 38 23 14 23 38 125 108 91 75 59 45 33 28 33 45
92 102 42 89 90 98 91 140 83 55 133 73 58 66 85 108 127 39 50 91 27 6 58 62 68 76 74 72 78 132 41 90 74 80 72 57 88 77 55 140 104 107 78 42 100 76 61 110 109 97 48 68 59 105 82 69 70 110 85 70 56 84 91 62 43 107 94 43 144 72 88 68 78 94 81 58 63 119 52 111 36 67 54 72 50 89 82 51 83 80 166 107 124 96 65 84 52 66 143 102 64 82 49 47 62 79 92 125 52 51 114 71 61 69 92 103 133 40 40 95 35 44 37 62 69 59 130 69 94 123 47 79 73 65 67 45 85 110 76 130 119 62 63 57 104 76 61 104 55 95 73 69 61 97 87 68 77 111 97 63 60 60 102 65 59 109 88 74 115 66 92 57 76 91 73 86 65 113 50 106 36 62 58 68 37 87 46 72 83 64 159 58 69 90 45 83 61 81 137 74 170 156 143 131 120 110 103 99 97 98 162 148 134 121 109 98 90 85 83 85 156 140 126 112 99 87 78 72 69 71 150 134 118 103 89 76 66 58 55 58 145 129 112 97 81 67 54 45 42 45 142 125 108 91 75 59 45 33 28 33 140 122 105 88 71 54 38 23 14 23 139 122 104 87 70 52 35 18 0 18 140 122 105 88 71 54 38 23 14 23 142 125 108 91 75 59 45 33 28 33
106 119 59 105 93 115 108 156 97 71 150 86 71 76 100 120 143 43 50 106 23 13 53 79 82 93 91 89 92 147 42 104 84 95 88 70 92 93 67 154 118 121 84 59 115 90 75 124 126 109 55 80 72 118 98 83 84 117 99 81 73 97 104 78 60 120 111 57 161 89 100 82 93 111 97 74 79 135 68 128 53 81 68 86 58 104 97 67 93 94 181 118 139 112 79 97 63 83 159 115 79 99 66 62 64 95 108 141 66 66 131 84 75 80 106 115 148 51 43 111 45 62 39 79 84 72 145 86 108 139 47 93 85 82 83 58 90 121 93 144 133 77 69 74 118 93 76 118 72 108 84 86 74 110 104 81 90 117 114 76 77 75 114 82 70 122 105 88 133 83 104 74 89 108 88 102 81 127 66 120 53 76 75 81 52 101 61 85 95 78 175 62 84 106 61 96 75 95 153 91 184 170 156 143 130 119 110 103 98 96 177 162 148 134 120 108 98 90 85 83 171 155 140 125 111 98 87 77 71 69 166 150 134 118 103 89 76 65 58 55 162 145 129 112 96 81 67 54 45 42 159 142 125 108 91 75 59 45 33 28 157 140 122 105 88 71 54 38 23 14 156 139 122 104 87 70 52 35 18 0 157 140 122 105 88 71 54 38 23 14 159 142 125 108 91 75 59 45 33 28
97 41 100 83 167 60 60 60 107 94 20 111 117 127 91 119 83 147 159 90 158 145 176 83 103 78 74 75 102 80 155 100 127 93 84 115 160 88 120 109 94 89 151 100 83 101 111 94 32 116 139 118 111 109 75 103 107 154 99 119 89 107 111 93 97 108 56 117 19 73 113 104 94 56 73 99 93 74 98 45 104 106 110 105 138 89 92 96 128 93 94 119 87 68 111 111 126 85 66 103 98 60 93 108 158 84 73 71 109 106 27 108 109 124 97 114 84 129 151 82 132 97 151 85 100 117 84 76 97 66 158 105 118 83 85 115 159 129 69 91 92 98 144 90 97 76 99 96 85 114 122 78 113 107 67 109 106 163 64 109 87 100 120 88 122 109 55 101 42 79 119 90 109 64 103 72 89 91 102 89 105 108 82 107 113 96 110 108 119 108 85 151 97 71 104 107 107 105 72 74 115 116 119 125 133 143 154 166 179 192 100 102 106 112 121 132 144 156 170 184 86 88 93 100 110 122 134 148 162 177 72 74 80 88 99 112 126 140 156 171 58 60 67 77 90 104 119 134 150 166 43 47 55 68 82 97 113 129 145 162 29 34 45 60 75 91 108 125 142 159 15 23 38 54 71 88 105 122 140 157 0 18 35 52 70 87 104 122 139 156 15 23 38 54 71 88 105 122 140 157
86 25 84 71 154 49 47 60 95 78 19 98 102 113 79 110 78 130 143 79 142 128 160 67 89 64 58 59 89 77 139 89 114 80 69 100 147 75 105 105 84 81 138 84 74 88 97 86 16 105 124 105 96 99 61 89 93 144 87 106 73 95 100 78 80 99 42 101 29 57 101 90 81 42 59 83 78 68 82 36 87 92 95 91 122 77 79 80 116 80 97 109 82 57 97 99 110 69 67 94 83 43 76 92 143 71 61 67 94 91 12 94 94 110 86 104 81 113 135 71 116 80 135 69 86 103 80 60 86 62 143 92 105 68 70 100 145 120 53 87 85 83 129 74 88 61 84 87 68 104 109 63 98 97 53 95 93 152 53 95 71 85 110 73 108 101 40 87 34 63 107 74 96 51 89 59 74 84 86 80 87 93 65 93 97 84 94 94 106 94 87 136 82 58 88 95 92 92 71 59 116 114 115 119 125 133 142 153 165 178 102 100 101 105 112 121 131 143 156 170 88 86 87 92 100 110 121 134 148 162 74 72 73 79 88 99 112 126 140 155 60 57 60 67 77 90 104 118 134 150 47 43 46 55 67 82 97 112 129 145 34 29 34 45 60 75 91 108 125 142 23 15 23 38 54 71 88 105 122 140 18 0 18 35 52 70 87 104 122 139 23 15 23 38 54 71 88 105 122 140
78 12 67 62 141 42 37 66 84 63 31 86 89 100 69 103 78 115 128 70 125 110 144 52 77 52 44 45 78 78 123 80 102 69 56 86 134 64 91 104 78 75 125 67 67 76 83 80 9 97 109 92 83 93 50 77 81 134 77 93 57 85 91 63 63 92 32 86 44 42 91 77 70 32 47 69 64 67 66 34 70 79 81 79 108 68 69 64 105 69 103 102 80 49 84 88 96 55 72 87 70 26 60 77 128 60 52 67 79 76 13 82 80 97 78 97 81 98 119 64 101 63 119 54 73 89 80 45 78 62 127 81 93 53 56 85 133 112 39 86 82 70 115 59 82 49 70 81 51 95 97 48 85 89 43 82 82 142 45 81 56 71 102 59 94 95 26 76 35 47 98 58 85 41 77 48 60 79 71 75 70 80 48 81 80 75 79 82 96 81 93 122 70 49 72 85 79 82 74 45 119 115 114 115 118 124 132 142 153 165 106 101 99 101 105 112 121 131 143 156 93 87 85 87 92 99 109 121 134 148 80 73 71 73 79 88 99 112 126 140 67 60 57 60 67 77 90 104 118 134 55 46 43 46 55 67 81 97 112 129 45 34 29 34 45 60 75 91 108 125 38 23 15 23 38 54 71 88 105 122 35 18 0 18 35 52 70 87 104 122 38 23 15 23 38 54 71 88 105 122
72 17 51 57 130 41 33 75 77 49 46 76 77 89 63 98 81 100 113 65 109 93 129 38 66 43 34 34 69 82 108 74 91 61 46 74 123 55 78 106 76 74 114 51 64 67 72 79 23 91 95 81 71 89 43 67 71 127 70 83 43 78 84 51 46 89 30 72 60 30 84 67 62 31 39 57 53 70 52 40 53 68 68 70 94 63 62 49 96 61 111 97 82 47 73 81 83 44 81 82 58 10 44 63 115 52 49 71 66 62 29 72 69 87 72 92 85 84 104 60 85 47 103 41 63 77 83 32 73 67 112 73 83 41 45 70 122 107 28 88 82 58 103 45 79 39 58 78 35 89 87 36 73 84 38 72 73 133 44 70 42 59 96 47 82 91 20 66 43 34 91 44 76 38 68 43 48 79 57 73 53 68 32 70 65 68 65 72 87 70 102 109 59 45 57 77 67 74 80 34 125 119 115 113 114 118 124 132 141 152 112 105 101 99 100 105 111 120 131 143 100 92 87 85 87 91 99 109 121 134 88 79 73 71 73 79 88 99 112 125 77 67 60 57 59 66 77 89 103 118 68 55 46 43 46 55 67 81 97 112 60 45 34 29 33 45 59 75 91 108 54 38 23 15 23 38 54 71 88 105 52 35 18 0 18 35 52 70 87 104 54 38 23 15 23 38 54 71 88 105
71 32 36 57 120 48 38 86 72 38 63 69 67 80 61 97 88 85 99 64 92 76 114 29 59 40 30 30 65 90 93 72 83 58 42 63 114 52 68 111 77 76 104 36 67 62 63 81 40 88 82 73 61 88 43 60 64 121 67 75 31 74 81 43 29 88 38 59 77 25 80 60 58 38 39 47 45 77 41 52 36 61 57 63 82 62 59 37 89 58 121 95 87 51 65 76 72 37 92 82 50 13 30 51 102 50 51 79 55 51 46 65 60 78 71 90 92 70 90 62 71 31 89 32 56 67 90 25 72 75 98 68 76 34 38 58 112 104 26 94 86 50 92 34 79 37 49 79 19 86 79 30 64 82 40 64 67 127 49 61 33 50 94 40 72 91 27 61 55 26 87 34 70 42 62 44 41 82 45 75 36 60 17 63 51 66 52 66 82 61 112 96 53 47 44 72 58 69 90 30 133 125 118 114 113 114 117 123 131 141 121 112 105 100 99 100 104 111 120 130 110 100 92 87 85 86 91 99 109 120 99 88 79 73 71 73 78 87 99 111 90 77 67 59 57 59 66 77 89 103 82 67 55 46 43 46 55 67 81 96 75 60 45 33 29 33 45 59 75 91 71 54 38 23 15 23 38 54 71 88 70 52 35 18 0 18 35 52 70 87 71 54 38 23 15 23 38 54 71 88
74 49 25 62 112 59 50 100 72 33 80 67 60 74 64 98 97 73 87 68 77 59 101 28 57 44 36 35 64 100 80 74 78 60 44 57 107 54 60 118 82 82 96 25 73 62 58 87 57 88 71 68 55 91 49 58 61 118 69 70 28 73 81 41 14 91 50 49 93 31 79 57 59 50 45 43 43 86 35 66 20 58 51 62 71 66 61 30 85 59 132 97 96 61 61 75 63 37 104 85 48 29 21 43 91 53 59 90 48 44 63 63 55 73 73 92 102 59 76 68 59 20 75 32 55 61 99 30 75 87 85 67 72 34 39 49 105 105 34 102 93 46 83 31 83 42 46 83 12 86 75 33 59 84 49 61 66 123 59 57 31 46 94 40 65 94 41 60 70 29 86 30 68 52 61 51 40 88 38 81 19 55 13 60 39 68 44 63 80 57 124 86 52 55 35 72 54 69 101 36 143 133 124 118 114 112 113 117 123 131 132 121 112 105 100 98 99 104 110 119 122 110 99 91 86 84 86 91 98 108 112 99 88 79 73 70 72 78 87 98 104 90 77 66 59 56 59 66 76 89 97 82 67 55 46 42 46 55 67 81 91 75 60 45 33 28 33 45 59 75 88 71 54 38 23 14 23 38 54 71 87 70 52 35 18 0 18 35 52 70 88 71 54 38 23 14 23 38 54 71
80 66 23 71 107 72 64 114 76 37 97 68 58 71 71 103 108 62 76 76 62 43 89 38 59 54 48 46 69 111 68 80 77 66 52 55 102 61 58 127 90 91 92 23 82 66 58 95 74 92 64 68 55 97 59 61 64 117 74 70 34 77 85 45 12 97 65 45 110 44 83 60 65 65 57 46 48 98 36 81 10 60 49 64 64 74 68 33 85 66 145 101 106 73 61 78 59 45 118 91 51 46 25 41 83 62 70 103 47 43 80 65 55 71 80 96 114 52 65 77 50 20 63 40 59 59 111 41 82 100 74 71 72 43 46 44 100 108 48 113 103 50 77 37 91 53 49 91 23 90 74 44 59 89 62 62 69 121 72 57 38 49 98 47 62 101 56 64 86 40 89 36 70 66 65 63 47 97 38 90 6 56 26 61 33 75 41 66 81 58 137 78 56 67 34 76 55 73 114 48 154 142 132 124 117 113 112 113 116 122 144 131 121 111 104 99 98 99 103 110 134 121 109 99 91 86 84 85 90 98 126 112 99 88 78 72 70 72 78 87 119 104 90 77 66 59 56 59 66 76 113 97 81 67 55 46 42 46 54 67 108 91 75 59 45 33 28 33 45 59 105 88 71 54 38 23 14 23 38 54 104 87 70 52 35 18 0 18 35 52 105 88 71 54 38 23 14 23 38 54
90 83 33 83 104 87 79 129 83 47 114 74 62 73 81 110 121 55 67 86 49 27 78 51 67 67 62 61 77 125 59 88 80 76 64 59 100 72 60 137 100 102 90 32 94 74 63 106 91 99 60 72 60 105 73 68 70 119 83 74 46 84 92 56 27 106 81 46 128 59 89 67 74 81 71 54 58 112 46 97 21 67 54 72 61 85 78 43 89 76 159 108 118 87 67 85 59 58 133 100 60 63 37 46 77 73 83 117 52 49 97 71 61 74 89 104 126 49 57 89 45 32 54 52 67 63 123 56 91 114 65 79 76 56 58 47 98 114 63 125 114 58 74 48 101 66 57 101 39 97 77 58 63 97 76 68 76 121 87 63 50 57 105 58 64 109 73 72 102 54 95 48 77 80 72 76 58 109 45 101 19 62 42 68 36 84 46 72 86 64 151 73 65 81 40 83 61 81 129 62 166 153 142 132 123 117 113 111 112 116 156 143 131 120 111 104 99 97 99 103 148 134 121 109 99 91 85 83 85 90 140 126 112 99 87 78 72 70 72 77 134 118 104 89 77 66 59 56 58 65 129 112 97 81 67 55 46 42 45 54 125 108 91 75 59 45 33 28 33 45 122 105 88 71 54 38 23 14 23 38 122 104 87 70 52 35 18 0 18 35 122 105 88 71 54 38 23 14 23 38
101 100 47 96 103 103 95 145 93 61 131 83 69 78 93 119 135 52 63 99 39 16 70 66 77 82 78 76 87 139 55 100 86 88 78 67 101 85 67 149 113 115 91 47 108 85 72 118 109 108 61 79 69 116 88 78 80 123 94 81 61 94 102 69 43 117 97 54 145 75 98 77 86 97 86 66 71 126 58 114 37 77 64 82 63 97 90 56 95 88 173 117 131 102 76 94 64 72 148 111 72 80 53 56 75 87 98 131 61 60 114 81 71 80 101 114 140 53 54 103 48 47 50 67 78 70 137 72 103 129 60 89 84 71 73 55 99 121 80 138 127 70 76 63 113 81 69 113 56 106 84 73 72 107 92 78 87 124 102 73 65 68 113 72 70 120 90 83 118 70 103 62 86 96 83 91 71 121 57 114 36 72 59 78 45 96 56 82 94 74 166 72 77 96 52 93 71 91 143 78 179 165 153 141 131 123 116 112 110 112 170 156 143 131 120 110 103 99 97 98 162 148 134 121 109 98 90 85 83 85 156 140 126 112 99 87 78 72 69 71 150 134 118 103 89 76 66 58 55 58 145 129 112 97 81 67 54 45 42 45 142 125 108 91 75 59 45 33 28 33 140 122 105 88 71 54 38 23 14 23 139 122 104 87 70 52 35 18 0 18 140 122 105 88 71 54 38 23 14 23
114 117 63 111 106 119 111 161 105 76 148 95 80 87 107 130 149 56 63 113 36 20 67 83 90 98 94 92 100 153 56 112 95 102 93 79 105 99 77 162 126 129 96 62 122 98 83 132 126 119 67 89 81 127 103 91 92 129 107 91 77 106 113 83 60 129 113 65 162 91 109 90 100 114 102 80 85 141 73 130 54 89 76 94 70 111 104 72 104 102 188 128 146 117 87 106 73 87 164 124 86 97 69 69 77 101 113 146 74 73 132 93 83 90 114 125 155 61 56 117 55 64 52 83 91 81 151 89 116 144 61 101 95 86 88 67 103 131 96 152 141 84 82 78 126 97 83 126 73 117 94 89 83 119 108 90 99 130 118 85 81 82 124 87 80 131 107 96 135 86 114 78 98 112 96 107 86 135 72 128 53 84 76 90 59 109 69 94 105 86 181 75 91 111 67 105 83 103 159 94 192 178 165 152 141 131 122 116 112 110 184 170 156 143 130 119 110 103 98 96 177 162 148 134 120 108 98 90 85 83 171 155 140 125 111 98 87 77 71 69 166 150 134 118 103 89 76 65 58 55 162 145 129 112 96 81 67 54 45 42 159 142 125 108 91 75 59 45 33 28 157 140 122 105 88 71 54 38 23 14 156 139 122 104 87 70 52 35 18 0 157 140 122 105 88 71 54 38 23 14
108 40 104 93 176 70 69 74 117 100 10 120 125 136 101 131 96 152 165 101 162 147 181 89 112 86 80 82 111 94 160 111 136 102 92 122 169 97 127 123 105 101 160 104 95 110 119 106 38 127 146 127 119 120 84 112 115 166 109 128 94 118 122 100 100 120 64 123 33 79 123 112 104 64 81 106 100 87 104 56 106 114 117 114 145 99 102 101 138 102 108 130 101 79 119 121 133 92 81 115 105 60 97 114 165 94 83 85 116 113 34 117 116 132 108 125 97 135 156 93 138 100 156 91 108 125 98 82 108 80 164 115 127 90 92 122 168 141 75 105 105 106 151 96 109 84 106 108 88 125 132 85 121 119 76 117 115 173 75 117 93 108 131 95 130 122 62 110 54 85 129 95 118 73 112 81 96 104 108 101 106 116 86 116 118 106 116 116 129 116 99 159 105 81 109 117 114 114 86 81 129 130 133 138 145 154 164 176 188 201 115 116 119 125 133 143 154 166 179 192 100 102 106 112 121 132 144 156 170 184 86 88 93 100 110 122 134 148 162 177 72 74 80 88 99 112 126 140 156 171 58 60 67 77 90 104 119 134 150 166 43 47 55 68 82 97 113 129 145 162 29 34 45 60 75 91 108 125 142 159 15 23 38 54 71 88 105 122 140 157 0 18 35 52 70 87 104 122 139 156
98 23 88 83 164 61 58 74 106 85 9 108 111 123 91 123 92 137 150 91 146 130 166 74 99 74 67 68 100 91 145 101 124 91 79 108 157 85 113 119 97 94 147 88 86 98 106 99 26 118 131 114 105 112 72 99 103 156 98 116 79 107 112 86 83 112 53 108 40 64 113 99 92 53 69 91 87 82 89 49 90 101 103 101 130 89 91 86 127 91 111 122 96 69 106 110 119 78 81 106 92 43 81 99 151 82 73 81 101 98 25 104 103 120 98 117 95 120 141 83 123 84 140 77 95 111 94 67 98 76 149 103 115 76 78 107 155 132 61 101 99 92 138 81 101 71 92 100 72 116 119 70 107 109 64 105 103 163 65 104 78 94 122 81 116 114 48 98 48 70 119 80 107 62 99 70 82 97 93 93 89 102 69 103 102 96 101 104 117 103 101 144 92 70 94 106 101 103 85 67 130 128 129 132 138 145 154 164 175 187 116 114 115 119 125 133 142 153 165 178 102 100 101 105 112 121 131 143 156 170 88 86 87 92 100 110 121 134 148 162 74 72 73 79 88 99 112 126 140 155 60 57 60 67 77 90 104 118 134 150 47 43 46 55 67 82 97 112 129 145 34 29 34 45 60 75 91 108 125 142 23 15 23 38 54 71 88 105 122 140 18 0 18 35 52 70 87 104 122 139
91 7 73 75 152 55 50 79 97 71 26 97 99 111 82 116 92 122 135 83 130 113 151 60 88 63 55 55 90 92 130 93 113 81 67 96 145 75 101 118 92 89 136 73 81 88 93 94 22 110 117 103 93 106 62 88 92 147 89 104 65 98 104 73 66 106 46 94 51 52 104 88 82 46 59 79 74 81 75 48 73 90 90 91 116 81 82 72 117 81 116 115 94 63 95 101 105 65 85 100 80 26 66 85 137 72 66 81 88 84 25 93 91 108 91 110 95 106 126 77 108 68 125 63 84 99 94 54 91 76 134 93 104 63 66 93 144 126 49 100 96 80 125 67 95 60 80 94 56 108 108 58 95 102 55 93 93 154 59 92 65 81 115 69 104 108 38 87 48 56 111 67 96 55 89 61 70 93 79 89 73 90 54 92 87 88 87 93 108 91 106 131 81 62 80 97 89 94 88 55 133 129 128 129 132 137 144 153 163 175 119 115 114 115 118 124 132 142 153 165 106 101 99 101 105 112 121 131 143 156 93 87 85 87 92 99 109 121 134 148 80 73 71 73 79 88 99 112 126 140 67 60 57 60 67 77 90 104 118 134 55 46 43 46 55 67 81 97 112 129 45 34 29 34 45 60 75 91 108 125 38 23 15 23 38 54 71 88 105 122 35 18 0 18 35 52 70 87 104 122
86 14 58 71 142 55 47 86 90 59 43 89 88 101 77 112 95 108 122 79 114 97 137 49 78 56 47 47 83 95 115 88 104 75 59 85 135 69 89 120 90 88 125 58 79 80 83 93 31 104 104 93 82 103 57 79 83 140 84 95 53 91 98 63 51 103 44 81 66 42 97 79 75 44 53 68 65 83 62 52 57 81 78 82 104 77 75 59 108 75 123 111 96 61 85 94 93 56 92 96 70 11 52 73 124 66 63 85 76 73 36 85 80 98 86 106 99 92 112 74 94 53 111 53 75 88 97 44 87 80 120 86 95 53 57 80 134 121 41 102 96 70 113 55 93 53 70 92 42 102 99 48 85 97 52 84 86 146 58 82 53 71 110 59 93 105 34 79 54 46 104 55 88 52 81 57 60 93 67 87 56 80 39 82 73 82 74 85 100 81 114 118 72 59 66 90 79 87 93 47 138 132 129 127 128 131 137 144 153 163 125 119 115 113 114 118 124 132 141 152 112 105 101 99 100 105 111 120 131 143 100 92 87 85 87 91 99 109 121 134 88 79 73 71 73 79 88 99 112 125 77 67 60 57 59 66 77 89 103 118 68 55 46 43 46 55 67 81 97 112 60 45 34 29 33 45 59 75 91 108 54 38 23 15 23 38 54 71 88 105 52 35 18 0 18 35 52 70 87 104
85 31 46 71 133 60 51 96 86 51 61 83 79 92 75 111 100 95 109 78 99 80 123 42 73 54 44 44 79 102 102 86 96 72 56 76 127 66 80 124 91 90 116 46 80 76 76 95 45 102 93 86 74 102 56 73 77 135 81 88 44 87 95 56 36 102 49 70 81 39 94 73 72 50 52 60 58 89 53 62 42 74 70 77 93 76 73 49 102 72 132 109 101 65 78 90 83 50 102 96 64 13 41 63 113 64 65 91 67 63 50 79 73 91 85 104 105 81 99 75 81 41 97 46 70 80 103 39 86 87 107 82 89 47 52 69 125 118 40 107 100 63 103 47 93 51 62 93 30 100 92 44 77 96 53 78 81 140 62 74 46 63 108 54 84 105 38 75 65 40 101 47 83 55 76 58 55 95 57 89 40 73 29 76 61 80 64 79 95 74 123 107 67 61 56 86 71 83 101 44 145 138 132 128 127 127 131 136 143 152 133 125 118 114 113 114 117 123 131 141 121 112 105 100 99 100 104 111 120 130 110 100 92 87 85 86 91 99 109 120 99 88 79 73 71 73 78 87 99 111 90 77 67 59 57 59 66 77 89 103 82 67 55 46 43 46 55 67 81 96 75 60 45 33 29 33 45 59 75 91 71 54 38 23 15 23 38 54 71 88 70 52 35 18 0 18 35 52 70 87
87 48 38 75 125 69 60 109 86 47 78 80 74 87 77 112 108 83 97 81 84 64 110 42 71 57 48 47 78 111 90 87 92 73 57 71 120 67 74 130 95 95 109 38 85 76 71 100 60 102 83 82 69 104 61 72 75 132 82 84 41 87 95 55 25 105 59 62 97 43 93 71 73 60 58 57 57 98 48 74 29 72 64 75 84 79 75 44 99 73 143 111 108 72 75 89 76 51 114 98 62 29 35 56 103 66 71 101 61 58 66 77 69 86 87 105 113 71 87 80 70 33 85 45 69 75 111 42 89 97 95 81 86 48 52 62 118 119 46 114 106 60 95 45 97 55 60 97 26 100 88 46 73 97 60 75 80 137 70 71 45 60 108 54 78 108 49 74 78 42 100 44 82 63 75 63 54 101 52 94 27 69 27 74 52 82 57 77 94 71 134 98 66 67 49 86 67 83 112 48 154 145 137 131 127 126 127 130 135 143 143 133 124 118 114 112 113 117 123 131 132 121 112 105 100 98 99 104 110 119 122 110 99 91 86 84 86 91 98 108 112 99 88 79 73 70 72 78 87 98 104 90 77 66 59 56 59 66 76 89 97 82 67 55 46 42 46 55 67 81 91 75 60 45 33 28 33 45 59 75 88 71 54 38 23 14 23 38 54 71 87 70 52 35 18 0 18 35 52 70
93 65 37 83 120 81 72 122 89 50 95 82 72 85 83 116 119 74 87 88 71 49 99 48 73 65 58 56 82 121 80 92 91 78 64 69 116 73 71 138 102 103 105 36 94 79 71 107 77 105 77 82 69 109 70 74 77 131 87 84 46 90 98 58 24 110 72 58 114 53 96 73 77 73 67 59 61 108 50 88 24 73 63 78 78 86 80 46 99 78 155 114 117 82 75 92 72 57 127 104 64 46 37 55 96 73 80 112 60 57 83 78 69 85 92 109 124 65 77 89 63 33 75 51 72 73 121 51 94 109 85 84 86 54 58 58 114 121 56 124 114 63 90 49 103 63 62 103 33 103 88 54 72 102 71 76 83 135 81 71 50 62 111 59 76 113 63 77 92 50 102 48 84 74 78 73 59 109 52 101 20 70 35 75 47 87 55 79 95 72 146 91 69 77 47 89 68 86 124 58 164 154 144 137 131 127 125 126 130 135 154 142 132 124 117 113 112 113 116 122 144 131 121 111 104 99 98 99 103 110 134 121 109 99 91 86 84 85 90 98 126 112 99 88 78 72 70 72 78 87 119 104 90 77 66 59 56 59 66 76 113 97 81 67 55 46 42 46 54 67 108 91 75 59 45 33 28 33 45 59 105 88 71 54 38 23 14 23 38 54 104 87 70 52 35 18 0 18 35 52
101 82 43 93 117 94 86 136 96 58 113 87 75 86 92 122 130 68 80 97 60 37 90 60 79 76 70 68 88 134 72 100 93 87 74 72 114 82 73 148 111 112 104 43 104 86 75 117 93 111 74 85 73 117 82 80 83 132 95 87 55 97 104 66 34 118 87 60 130 66 102 79 86 87 79 66 69 120 57 103 30 79 67 84 75 95 89 53 102 87 167 121 128 95 79 97 73 67 140 112 71 63 46 59 91 83 92 125 64 61 99 84 74 87 100 116 136 63 70 99 59 41 67 62 78 76 133 64 103 122 78 91 89 65 68 60 112 126 70 135 125 70 88 58 112 75 69 112 46 109 91 66 76 109 84 81 89 135 94 76 60 69 117 68 77 121 78 84 107 62 107 58 89 88 84 85 68 119 57 111 27 75 48 80 49 95 59 85 99 77 159 86 77 89 52 95 73 93 137 70 176 164 153 144 136 130 126 125 126 129 166 153 142 132 123 117 113 111 112 116 156 143 131 120 111 104 99 97 99 103 148 134 121 109 99 91 85 83 85 90 140 126 112 99 87 78 72 70 72 77 134 118 104 89 77 66 59 56 58 65 129 112 97 81 67 55 46 42 45 54 125 108 91 75 59 45 33 28 33 45 122 105 88 71 54 38 23 14 23 38 122 104 87 70 52 35 18 0 18 35
111 100 55 105 117 109 100 151 104 69 130 94 81 91 103 130 143 66 77 108 52 29 84 73 88 90 84 82 98 147 68 110 99 98 86 79 115 94 79 159 122 124 105 54 116 96 83 128 110 119 75 91 80 126 95 89 91 136 105 93 68 105 113 77 48 127 102 66 147 80 110 88 96 102 93 76 80 134 67 118 43 88 75 93 77 107 100 65 107 97 181 129 140 109 87 106 77 80 155 122 82 80 59 67 89 95 106 139 72 70 116 92 82 93 111 125 149 66 68 111 61 54 64 74 88 82 145 78 113 136 74 100 96 78 81 66 113 133 85 147 136 80 90 70 123 88 79 123 61 117 97 80 83 118 98 89 97 138 109 84 72 78 125 80 83 130 94 93 123 76 115 70 97 102 93 98 80 131 67 123 40 83 63 89 56 106 67 93 106 85 173 86 87 103 62 104 82 102 151 84 188 175 163 153 143 135 130 126 124 125 179 165 153 141 131 123 116 112 110 112 170 156 143 131 120 110 103 99 97 98 162 148 134 121 109 98 90 85 83 85 156 140 126 112 99 87 78 72 69 71 150 134 118 103 89 76 66 58 55 58 145 129 112 97 81 67 54 45 42 45 142 125 108 91 75 59 45 33 28 33 140 122 105 88 71 54 38 23 14 23 139 122 104 87 70 52 35 18 0 18
123 117 69 118 119 124 116 166 115 83 147 105 90 99 115 140 157 69 77 121 50 31 80 88 99 104 100 98 109 161 69 121 106 110 100 89 118 107 88 171 135 137 109 68 130 107 93 140 127 129 80 100 90 137 109 100 102 142 116 102 83 116 123 91 64 138 118 75 164 96 120 99 108 118 108 88 93 148 81 134 58 99 85 104 82 119 113 78 115 110 195 139 154 123 97 116 85 94 170 133 94 97 74 78 91 109 120 153 83 81 133 103 92 101 123 135 162 73 69 125 67 69 65 89 100 91 159 93 125 151 74 111 105 92 95 76 116 142 101 160 149 92 94 85 135 103 91 135 77 128 105 95 93 129 113 99 108 142 124 94 87 90 135 94 91 141 110 105 139 91 124 84 108 117 105 113 94 143 79 136 56 94 79 99 67 118 78 104 116 96 188 88 99 117 74 114 92 113 165 99 201 187 175 163 152 143 135 129 125 124 192 178 165 152 141 131 122 116 112 110 184 170 156 143 130 119 110 103 98 96 177 162 148 134 120 108 98 90 85 83 171 155 140 125 111 98 87 77 71 69 166 150 134 118 103 89 76 65 58 55 162 145 129 112 96 81 67 54 45 42 159 142 125 108 91 75 59 45 33 28 157 140 122 105 88 71 54 38 23 14 156 139 122 104 87 70 52 35 18 0
