0 47 39 32 19 65 21 68 77 32 24 17 51 56 35 85 63 72 16 59 37 44 56 22 41 50 56 34 64 49 41 60 36 58 51 37 56 44 66 20 66 76 52 52 40 21 50 8 34 19 17 56 41 40 21 40 43 27 43 42 33 66 71 61 28 47 55 68 35 78 66 61 63 74 14 90 28 50 83 31 62 37 58 30 58 8 32 57 68 71 61 14 52 52 41 16 30 41 58 49 33 69 32 27 9 51 30 60 50 9 17 59 55 32 39 61 12 58 23 56 46 12 40 22 40 42 41 35 54 52 25 51 36 46 16 37 48 16 49 55 48 71 37 60 23 4 47 27 57 22 14 26 21 28 23 21 48 4 33 60 16 84 52 52 37 32 5 27 9 67 61 63 41 69 2 92 23 47 89 32 59 31 53 78 49 25 23 26 60 44 66 32 43 57 30 39 22 13 46 52 100 75 60 64 83 86 55 33 39 67 80 46 11 25 59 84 52 28 35 64 96 70 55 58 79
47 0 35 28 29 22 41 30 34 71 27 34 29 21 14 39 18 119 32 29 13 14 15 28 30 93 91 69 22 51 11 37 48 30 46 11 24 64 26 30 43 104 84 70 60 27 8 40 20 29 47 103 35 16 31 22 17 21 43 25 27 23 25 64 67 15 22 58 28 31 42 14 31 101 61 43 21 26 100 23 26 32 12 21 26 54 32 77 21 31 18 41 11 9 56 62 19 24 54 49 15 34 72 23 40 8 37 22 14 39 34 94 26 22 12 17 52 105 27 20 16 58 13 26 22 82 73 71 17 53 23 25 43 27 60 12 2 62 8 41 35 98 75 86 55 45 10 44 36 63 58 72 33 20 29 36 20 43 45 83 63 50 6 62 75 32 52 50 50 26 37 18 18 93 49 45 27 27 102 27 22 29 9 40 11 28 27 71 17 8 24 72 16 12 47 77 27 41 51 23 56 28 28 57 90 52 19 19 53 88 63 39 39 63 94 82 65 65 82 107 105 93 93 105 125
39 35 0 46 30 40 19 36 67 47 20 23 16 55 26 61 50 102 31 26 35 22 49 36 53 87 94 71 38 18 38 68 15 62 15 32 25 76 37 35 74 112 89 84 71 29 31 36 40 27 27 89 2 43 20 13 45 33 9 51 10 40 56 31 66 46 25 85 48 55 73 44 29 110 50 65 31 17 66 41 31 52 39 20 59 44 49 90 52 40 38 44 31 33 70 48 24 49 24 16 29 35 49 35 38 32 10 32 47 35 23 65 22 17 23 51 34 90 20 28 21 49 39 30 47 80 78 72 28 20 33 55 11 54 42 34 33 49 41 17 61 107 75 96 31 38 27 55 20 60 41 62 19 27 20 18 50 36 14 94 51 49 38 28 75 7 42 59 46 38 68 41 17 104 39 67 36 14 68 45 30 46 33 45 43 40 35 63 51 27 39 70 44 36 59 77 25 27 17 21 70 56 61 83 111 50 28 38 68 100 42 8 28 62 97 52 31 41 69 101 72 59 65 85 113
32 28 46 0 19 49 40 56 48 63 27 29 49 26 23 64 38 100 21 53 16 34 29 12 10 69 64 43 49 62 17 29 53 26 60 19 49 37 53 15 35 76 57 43 32 19 34 25 8 23 42 83 47 13 30 38 14 14 54 10 36 50 46 76 43 19 47 41 4 56 35 39 55 74 43 69 15 47 107 6 52 7 39 26 27 38 5 51 43 58 45 20 37 36 29 47 23 10 69 61 19 60 63 12 23 35 42 48 22 25 30 89 49 30 29 35 42 86 27 45 37 39 15 17 10 58 46 46 42 65 13 20 50 14 48 17 29 47 24 59 18 71 50 59 50 29 34 17 57 41 46 52 31 19 28 34 18 29 49 56 46 76 32 70 50 40 36 24 30 53 30 45 35 66 34 70 11 45 111 1 48 2 36 67 23 9 12 50 33 30 51 47 15 40 20 52 23 34 60 46 83 52 29 38 67 79 44 9 26 61 84 53 31 39 67 97 72 58 63 83 116 96 86 89 104
19 29 30 19 0 48 22 51 59 46 11 11 38 39 17 67 45 90 4 45 18 27 38 7 28 65 67 44 47 45 23 46 36 43 45 19 41 47 49 6 52 84 61 54 42 2 32 12 18 4 24 74 32 23 12 26 26 9 38 27 22 49 53 59 41 30 40 59 22 59 52 42 48 82 32 71 9 37 88 16 46 25 40 14 41 26 21 61 49 54 44 16 35 34 40 34 13 26 53 44 15 54 47 10 12 33 24 44 32 11 12 72 40 17 22 43 25 76 10 40 30 29 22 4 25 56 50 46 38 48 8 35 33 31 33 19 29 34 31 45 36 78 50 67 32 16 30 25 45 36 31 44 13 10 11 16 32 15 31 65 35 70 34 52 49 24 23 29 22 50 47 45 25 75 21 74 8 34 93 19 43 19 35 62 31 11 7 43 42 26 49 46 26 39 29 52 6 16 43 38 83 56 44 56 82 72 39 16 38 71 71 38 13 37 70 81 54 41 53 80 98 78 69 77 97
65 22 40 49 48 0 54 12 36 84 42 49 26 36 31 22 21 136 51 20 34 22 28 49 51 113 112 90 2 53 32 54 55 46 45 31 17 85 7 50 58 125 105 91 81 46 16 59 41 47 61 121 39 38 46 29 37 41 46 46 37 2 22 63 87 34 15 76 50 16 56 15 18 122 79 26 41 24 100 45 12 53 11 36 41 72 53 99 20 11 5 62 14 14 77 79 36 44 51 50 34 18 86 43 60 15 46 9 32 58 50 104 20 35 26 25 67 122 43 12 21 76 34 45 43 103 94 92 13 54 44 42 50 47 75 33 20 80 27 37 55 119 96 108 67 63 19 65 30 83 74 90 47 39 44 49 38 61 53 104 81 31 18 64 96 41 70 72 69 7 53 6 27 114 67 28 48 27 100 48 11 51 14 20 29 49 47 90 26 22 3 92 36 10 69 98 44 57 53 20 36 18 43 76 110 33 12 41 75 109 51 40 56 84 115 75 68 78 100 127 102 97 104 121 144
21 41 19 40 22 54 0 53 74 31 16 11 34 57 29 75 59 84 20 43 35 32 54 28 49 69 77 55 52 28 40 67 16 62 30 34 41 63 53 26 73 97 73 71 58 22 41 21 38 18 8 70 21 42 12 25 45 29 22 48 17 54 66 40 49 48 41 80 43 68 73 54 46 95 31 79 28 34 67 37 47 46 50 21 60 26 42 77 62 57 51 30 42 43 59 29 24 46 38 28 30 52 32 30 24 42 10 47 50 20 10 54 39 20 30 58 16 71 15 43 33 31 39 23 45 62 62 56 42 31 28 55 15 52 24 35 41 30 46 35 57 92 58 81 14 22 37 43 39 42 23 43 10 25 14 7 51 20 12 80 32 67 46 32 57 14 25 45 30 53 67 53 28 89 22 81 29 30 72 40 45 40 44 63 47 32 28 45 57 35 54 53 45 47 47 60 18 9 25 37 86 67 63 77 101 69 42 36 56 87 60 26 12 46 80 64 34 25 51 83 78 57 52 68 94
68 30 36 56 51 12 53 0 47 83 44 51 21 47 36 28 32 136 54 12 40 25 38 54 59 116 118 95 10 46 40 64 51 57 39 37 12 92 5 55 68 132 111 99 88 50 23 62 48 50 60 122 35 46 48 28 46 47 41 55 36 11 33 55 92 43 13 86 57 24 67 26 9 129 81 30 46 20 92 51 6 61 21 39 51 74 60 106 31 4 14 66 20 22 85 80 39 53 43 44 39 7 84 49 63 22 44 9 42 61 51 100 15 36 30 36 67 123 45 12 22 79 42 49 51 107 100 97 15 47 49 52 46 56 76 40 28 81 36 29 64 126 101 115 66 66 23 71 22 87 74 93 48 43 45 49 48 64 50 111 82 21 27 58 100 40 72 78 73 5 63 17 27 121 69 33 53 24 92 56 9 58 21 11 38 55 52 93 37 27 9 97 45 19 75 103 47 57 47 16 34 28 53 85 119 23 13 47 82 117 40 35 57 88 121 65 62 77 101 131 92 90 100 120 146
77 34 67 48 59 36 74 47 0 104 59 66 58 22 46 31 18 147 62 54 41 46 21 55 43 115 108 89 37 83 36 31 81 26 77 41 50 76 42 58 32 114 100 80 74 57 37 69 43 60 80 130 67 37 64 55 35 50 76 39 61 37 14 95 90 30 48 52 46 27 30 24 54 111 89 35 50 56 132 46 47 47 30 54 23 83 50 87 17 45 35 67 38 36 68 92 51 39 84 81 46 53 104 50 68 36 70 43 27 68 67 128 53 55 46 17 83 132 60 44 47 86 38 56 38 104 90 92 43 85 52 29 77 36 91 41 35 92 29 70 41 109 96 98 88 74 41 63 64 88 89 99 66 51 61 69 30 73 78 93 92 64 30 95 96 66 81 70 77 43 30 32 51 102 78 35 54 57 133 47 45 49 35 52 28 53 54 97 18 41 38 94 34 34 65 97 58 73 83 51 53 21 22 54 88 66 44 44 66 96 86 71 71 86 110 110 98 98 109 129 136 126 126 134 151
32 71 47 63 46 84 31 83 104 0 45 38 63 85 58 106 89 57 44 72 64 63 83 52 72 56 72 56 83 45 68 91 34 88 52 63 71 72 83 49 97 95 71 79 68 48 72 39 64 44 25 47 48 69 41 56 72 55 45 72 48 85 96 51 48 76 71 100 66 99 97 84 75 94 28 110 55 63 59 61 77 68 81 51 87 28 63 83 92 86 81 46 73 74 71 21 53 71 55 47 59 81 3 56 41 73 39 77 78 39 38 27 69 51 61 87 22 47 45 73 64 31 67 49 70 55 63 55 72 47 54 81 38 76 17 64 71 23 75 60 80 91 55 83 17 35 68 58 65 41 18 32 39 53 43 36 78 35 34 84 25 94 76 40 54 44 30 57 38 83 92 84 58 91 30 112 53 60 67 63 75 62 74 92 76 55 52 37 87 66 84 50 72 78 61 57 46 31 42 67 116 98 90 95 111 95 73 62 69 91 80 51 34 47 75 73 38 7 33 67 76 44 23 39 71
24 27 20 27 11 42 16 44 59 45 0 8 29 42 14 63 44 94 12 36 20 20 39 17 36 73 77 54 41 36 24 52 27 47 35 19 33 57 42 16 58 94 71 64 52 10 28 19 23 8 21 79 21 27 5 17 30 14 28 33 11 43 51 49 49 32 32 67 30 55 58 40 39 92 37 67 13 27 81 23 38 34 36 6 45 31 30 71 47 47 38 25 29 30 51 38 9 32 43 34 14 45 46 16 21 29 15 37 35 18 9 69 32 8 17 43 26 81 1 33 22 35 24 11 31 65 60 55 31 38 14 40 24 37 34 20 26 38 31 35 44 88 59 77 29 23 24 35 35 44 33 49 7 10 2 10 35 21 23 75 39 61 32 43 58 14 29 40 30 43 53 40 17 85 26 69 17 24 84 27 35 28 30 54 32 20 16 49 42 21 43 54 30 34 39 61 5 15 34 29 76 53 48 64 92 63 32 21 48 81 61 27 14 46 80 71 46 39 58 88 90 71 67 79 103
17 34 23 29 11 49 11 51 66 38 8 0 35 48 21 70 51 87 10 43 26 28 45 17 38 66 72 49 48 36 30 56 26 52 37 25 40 54 50 16 62 90 66 62 50 11 35 13 27 7 14 72 25 32 4 23 34 18 29 37 16 50 58 49 44 38 39 69 32 63 62 47 46 88 30 74 18 34 78 26 45 35 44 14 50 24 31 68 54 54 46 22 37 37 49 30 16 36 45 35 21 52 39 19 16 36 15 44 40 12 1 63 38 15 24 50 18 73 7 40 30 29 30 13 35 59 55 50 38 39 17 45 23 41 27 26 34 31 37 39 46 84 53 74 23 16 32 33 41 38 25 42 4 15 6 6 40 14 21 72 32 68 39 42 53 16 22 37 24 50 57 48 24 82 19 77 18 30 83 29 42 29 38 61 38 21 17 43 49 29 50 48 35 42 37 55 8 8 34 36 84 61 53 66 91 69 39 25 47 78 65 30 7 40 75 72 44 33 51 81 89 67 60 72 95
51 29 16 49 38 26 34 21 58 63 29 35 0 50 27 47 41 117 40 10 35 17 43 43 55 100 105 82 24 27 37 66 30 59 20 32 10 84 23 43 72 122 99 91 79 37 23 47 43 36 42 104 15 42 31 13 44 37 21 51 19 27 46 37 78 43 12 86 51 42 70 35 13 119 64 50 36 4 75 44 16 55 29 25 55 57 53 98 42 25 25 53 22 24 77 63 28 50 26 24 31 19 64 39 49 24 25 18 43 46 35 79 7 22 22 43 49 105 30 15 14 63 38 37 48 93 88 84 16 28 38 53 26 54 57 35 28 63 37 12 62 116 87 105 46 50 20 62 8 72 56 76 31 32 30 32 48 48 29 102 65 34 31 39 86 20 56 67 58 23 66 28 15 112 53 53 42 5 76 49 16 51 24 30 39 46 42 76 43 22 25 82 43 25 66 89 33 40 27 8 54 43 57 84 115 35 15 41 74 108 35 14 41 74 108 53 43 57 84 115 78 71 80 101 128
56 21 55 26 39 36 57 47 22 85 42 48 50 0 30 44 18 126 42 49 23 35 9 35 22 94 87 68 37 72 18 18 67 10 67 24 44 56 42 37 22 96 80 61 54 38 28 49 23 42 62 109 55 17 46 43 14 30 63 18 46 37 23 85 68 10 42 40 25 37 21 22 50 93 68 48 31 47 120 25 45 26 26 38 5 63 29 68 22 46 33 46 30 28 48 72 34 17 75 70 28 53 85 30 48 28 55 40 8 48 49 110 46 40 32 13 64 111 43 39 37 65 19 36 17 83 69 71 37 74 32 9 63 16 71 22 23 71 14 62 22 90 75 79 70 53 31 41 57 67 69 78 48 33 44 51 9 53 63 74 72 67 21 82 75 51 60 49 56 43 17 31 39 84 58 49 33 47 122 26 41 28 28 55 12 33 34 76 12 29 39 73 14 29 44 76 40 54 71 44 65 31 8 40 75 69 38 24 46 78 83 60 52 65 90 103 85 79 88 108 126 112 107 114 130
35 14 26 23 17 31 29 36 46 58 14 21 27 30 0 51 31 106 20 31 10 12 26 18 29 82 82 60 30 43 13 43 37 37 39 7 26 58 33 19 49 97 76 65 54 15 16 28 16 17 34 90 26 18 18 15 19 12 34 26 17 32 38 56 57 21 25 61 25 43 48 27 33 95 48 55 11 24 90 18 31 29 24 8 34 42 27 72 34 38 27 31 18 18 51 50 6 24 48 41 5 39 59 14 29 17 25 28 23 27 21 82 26 10 6 30 39 92 14 24 15 46 14 14 23 72 64 62 22 45 13 30 33 29 47 9 14 50 18 37 37 92 66 80 42 32 13 37 34 53 45 60 20 8 16 23 25 31 34 77 51 55 19 52 65 22 39 43 39 34 43 29 12 87 37 57 18 22 93 23 27 24 19 47 20 20 17 59 29 10 33 62 19 22 41 67 14 28 41 24 66 41 37 59 89 57 23 15 48 83 61 32 26 53 86 76 55 52 69 97 97 82 80 92 113
85 39 61 64 67 22 75 28 31 106 63 70 47 44 51 0 27 156 70 39 51 44 37 67 63 131 128 106 24 73 48 59 76 52 66 49 38 99 25 68 61 138 121 104 95 65 36 78 57 67 82 141 60 52 67 51 51 60 67 59 59 22 22 82 105 46 37 81 64 8 59 26 37 135 99 5 59 45 120 61 32 66 27 57 47 92 68 111 23 24 25 80 34 34 90 100 56 57 71 71 53 33 107 61 79 35 68 30 43 77 71 126 40 56 47 31 88 143 64 34 43 96 50 64 56 120 110 109 34 74 62 52 72 58 96 50 38 100 40 57 65 132 113 121 89 83 39 81 49 102 95 110 68 58 65 71 49 81 75 117 101 37 34 85 113 63 90 88 88 25 58 23 48 126 87 7 65 49 119 64 32 66 33 27 42 67 65 109 33 42 23 110 49 29 84 115 64 77 74 41 23 13 48 82 117 39 34 57 88 121 64 61 76 101 131 91 89 100 120 146 119 117 125 142 164
63 18 50 38 45 21 59 32 18 89 44 51 41 18 31 27 0 135 48 38 27 29 11 43 37 106 102 81 22 66 23 34 65 27 60 27 33 72 27 45 38 112 95 77 69 43 20 56 32 46 64 118 50 26 49 38 25 37 58 32 44 22 8 78 80 20 31 57 38 20 36 7 38 109 77 32 36 38 115 35 31 40 13 38 22 70 42 85 5 31 19 56 20 18 64 79 36 31 67 64 31 38 89 37 56 19 53 27 17 55 52 112 36 39 29 5 69 121 45 28 30 73 25 42 30 95 84 84 26 68 39 25 60 31 77 27 18 79 15 53 38 106 88 95 72 61 24 55 47 78 75 87 50 37 46 53 23 60 62 90 79 51 13 77 88 49 68 62 65 28 34 16 34 100 65 33 42 40 116 38 29 40 18 39 16 42 42 86 7 24 24 85 23 17 58 89 43 58 66 34 48 14 23 57 92 53 27 32 61 94 70 53 56 77 105 93 81 83 97 121 119 109 110 121 140
72 119 102 100 90 136 84 136 147 57 94 87 117 126 106 156 135 0 87 126 108 114 127 92 107 41 63 66 134 102 112 125 91 125 108 109 124 86 136 90 130 82 68 89 85 92 121 79 104 90 76 18 103 110 90 108 113 99 101 109 100 136 142 106 61 117 124 123 102 149 130 132 130 84 59 160 99 117 102 101 131 102 130 100 126 65 98 88 139 140 132 80 123 123 90 57 101 109 112 103 104 136 55 98 79 122 93 130 121 80 86 59 122 101 110 132 69 15 93 126 115 62 110 93 109 52 70 63 124 103 97 119 94 113 61 108 119 57 120 116 112 82 59 81 72 74 118 87 121 60 62 48 89 99 92 87 117 76 90 85 56 150 124 96 58 97 67 81 70 136 126 134 110 87 70 163 94 114 112 100 128 98 124 146 120 94 94 51 131 115 136 58 113 128 86 59 93 80 99 120 169 146 128 118 117 151 125 103 91 90 136 106 81 64 64 126 93 62 38 38 122 87 52 18 19
16 32 31 21 4 51 20 54 62 44 12 10 40 42 20 70 48 87 0 47 22 30 41 9 30 63 65 42 50 45 26 49 35 45 45 22 44 46 52 7 55 82 60 53 41 6 35 9 20 5 22 71 33 26 12 28 29 12 38 29 23 52 56 58 38 33 42 60 24 63 55 46 50 80 29 75 12 39 87 18 49 27 43 16 44 23 22 60 52 57 47 14 38 37 40 31 15 28 54 44 18 56 44 12 10 36 24 46 36 7 11 69 43 19 25 46 23 73 11 43 32 26 25 7 27 54 48 44 40 48 11 38 32 33 30 22 33 31 34 47 38 77 48 66 30 13 33 24 47 33 28 40 13 13 12 16 34 12 31 64 32 72 37 52 47 25 20 28 19 53 49 48 28 73 18 77 10 36 92 21 45 20 38 65 34 13 9 40 45 29 52 43 29 42 28 49 8 14 43 40 86 60 47 57 82 74 41 19 38 70 72 38 11 34 68 81 53 38 50 77 98 76 66 74 94
59 29 26 53 45 20 43 12 54 72 36 43 10 49 31 39 38 126 47 0 38 20 42 48 58 108 112 89 18 35 39 66 39 59 27 34 5 89 15 49 71 128 106 95 84 43 22 54 46 43 51 113 24 44 39 20 45 42 30 54 27 19 41 44 85 44 8 87 55 35 70 31 4 125 72 41 41 10 82 48 8 59 25 32 54 66 57 103 38 16 20 60 20 22 81 71 33 52 32 32 35 10 74 44 56 22 34 12 43 53 43 88 5 29 25 40 58 114 37 11 17 71 40 43 50 100 94 91 13 35 44 53 35 56 66 37 27 72 37 18 64 122 94 110 55 58 21 67 11 80 65 84 39 37 37 40 49 56 39 108 74 26 29 47 94 29 64 73 65 15 66 23 20 118 61 44 48 13 81 53 9 55 22 20 39 51 47 85 41 24 18 90 44 22 71 96 40 48 36 8 44 37 56 86 118 27 12 44 79 113 34 23 49 81 115 56 51 66 92 123 83 79 89 110 137
37 13 35 16 18 34 35 40 41 64 20 26 35 23 10 51 27 108 22 38 0 19 20 16 21 81 79 57 33 52 5 34 46 28 48 4 33 52 37 18 40 92 72 59 48 17 18 29 9 20 40 92 35 9 24 24 11 10 43 17 25 35 35 65 55 13 31 52 18 43 39 25 40 89 50 55 10 32 99 11 36 21 25 16 26 44 20 66 31 42 29 30 21 20 45 52 12 15 57 50 6 44 64 11 29 19 33 32 15 28 27 88 33 18 14 25 43 94 21 29 22 47 5 15 14 70 60 59 27 54 12 21 41 20 50 1 14 52 13 45 28 86 63 75 48 34 18 32 42 52 49 61 26 11 22 29 16 33 42 71 53 61 17 61 63 30 41 38 39 38 34 30 21 81 39 57 15 31 102 16 32 18 21 51 13 16 15 59 24 15 36 60 10 24 36 65 18 33 50 31 69 39 28 50 81 63 28 7 42 77 69 41 30 51 82 85 64 58 71 95 106 90 86 95 114
44 14 22 34 27 22 32 25 46 63 20 28 17 35 12 44 29 114 30 20 19 0 28 30 39 92 94 71 21 38 21 50 36 43 33 16 15 70 23 31 56 109 87 76 65 25 10 38 27 26 39 99 22 26 25 9 28 23 30 35 16 23 35 51 67 27 13 70 36 37 55 23 22 106 57 47 22 14 87 29 19 40 19 15 39 51 38 84 31 27 19 42 10 12 62 58 15 33 41 36 16 27 64 25 39 11 26 17 27 37 28 84 15 13 6 30 45 101 21 13 3 55 22 25 32 83 76 73 11 40 25 37 31 38 54 19 12 58 21 28 46 103 77 92 46 42 6 48 24 63 52 69 25 19 22 27 32 40 33 89 59 44 17 49 76 21 48 54 49 23 50 21 5 99 45 50 29 13 89 34 16 36 12 35 24 32 28 69 30 6 23 72 27 15 52 78 23 35 38 12 57 36 42 68 100 46 12 25 60 94 51 26 34 64 97 69 53 57 78 107 92 80 83 99 122
56 15 49 29 38 28 54 38 21 83 39 45 43 9 26 37 11 127 41 42 20 28 0 35 27 97 92 71 29 66 16 26 62 19 61 21 37 62 34 37 30 102 85 67 59 36 20 48 23 40 59 110 49 17 43 37 15 29 58 22 41 29 17 78 71 10 34 48 28 30 29 14 42 99 69 42 29 40 114 26 36 30 18 34 13 63 32 75 15 38 25 47 22 20 54 72 31 21 68 63 25 44 84 30 48 20 50 32 7 48 46 107 39 35 26 7 62 112 39 31 30 65 17 35 20 86 74 74 29 68 31 15 58 21 70 20 16 71 8 55 28 96 79 85 67 53 24 45 49 69 68 79 45 30 41 48 13 52 59 80 72 59 13 76 78 46 60 52 57 34 25 23 33 90 58 43 33 41 116 28 33 31 20 47 8 33 34 77 5 23 31 76 14 21 48 80 37 52 65 37 58 24 15 48 82 61 30 24 51 84 75 53 50 67 95 96 80 77 89 111 120 107 105 114 132
22 28 36 12 7 49 28 54 55 52 17 17 43 35 18 67 43 92 9 48 16 30 35 0 21 65 65 42 48 52 20 40 42 37 51 18 44 41 51 3 46 80 58 49 37 7 33 14 13 11 30 76 38 19 18 31 21 8 44 21 27 50 50 65 39 26 43 52 16 59 46 41 51 77 34 71 8 41 95 10 49 19 40 18 36 29 14 56 47 56 44 14 36 35 35 38 15 20 59 51 15 56 52 6 14 34 31 46 29 14 18 78 44 21 24 40 31 78 16 42 33 31 18 7 19 55 46 44 40 55 6 30 39 25 37 17 29 37 28 51 29 74 48 63 38 19 31 19 50 36 35 45 20 12 17 23 27 18 38 60 37 73 33 59 48 30 26 25 23 52 41 45 29 70 24 73 2 38 100 12 45 12 36 64 28 4 2 43 39 28 50 44 22 39 24 50 12 22 50 41 84 55 39 49 75 75 41 12 32 66 76 43 19 35 68 87 61 46 55 79 105 84 74 80 98
41 30 53 10 28 51 49 59 43 72 36 38 55 22 29 63 37 107 30 58 21 39 27 21 0 73 66 46 51 70 20 20 62 19 68 24 53 36 55 24 26 76 59 41 33 27 37 34 14 31 51 89 55 14 38 44 14 22 62 5 44 52 43 84 48 18 51 33 6 56 26 39 60 73 51 68 23 53 115 13 55 5 40 34 21 47 9 49 41 60 47 28 40 38 28 55 30 7 76 69 25 64 72 20 32 38 50 51 20 34 39 98 54 37 34 33 51 92 36 49 42 47 18 26 8 62 48 49 46 73 22 14 59 7 56 21 32 55 25 66 9 70 54 59 59 38 38 21 63 47 55 59 40 27 37 43 15 38 58 54 54 80 33 78 54 48 44 28 38 56 21 46 41 64 43 69 20 51 119 10 52 10 39 69 23 18 21 56 31 35 53 52 15 42 23 55 31 43 68 51 83 50 22 30 61 82 48 16 25 59 90 60 40 44 69 105 81 67 69 87 125 105 94 96 109
50 93 87 69 65 113 69 116 115 56 73 66 100 94 82 131 106 41 63 108 81 92 97 65 73 0 23 28 112 94 84 90 81 91 98 82 105 47 114 63 94 45 27 49 46 67 97 55 75 67 62 26 89 81 70 89 82 72 90 77 82 114 114 103 26 87 104 84 70 123 95 105 112 45 38 135 72 99 114 71 111 69 104 78 94 44 66 47 111 119 108 52 99 99 52 41 77 77 104 95 79 118 53 70 53 98 78 109 91 56 66 74 104 80 87 103 54 29 72 105 94 38 82 68 78 13 30 25 102 97 70 87 82 80 48 81 93 40 92 103 77 43 20 40 62 51 95 53 106 30 48 27 70 74 72 70 86 53 79 44 38 133 98 93 20 81 45 46 44 115 91 109 89 47 48 137 66 96 122 69 107 67 100 127 91 65 66 25 101 91 114 22 84 103 51 20 70 61 91 101 148 119 95 79 77 135 104 75 53 50 128 94 60 30 24 126 92 57 24 15 131 98 67 42 38
56 91 94 64 67 112 77 118 108 72 77 72 105 87 82 128 102 63 65 112 79 94 92 65 66 23 0 24 112 104 81 79 92 82 107 81 108 33 115 64 82 23 8 32 35 69 97 59 72 70 72 48 96 77 75 93 78 72 99 71 87 113 109 115 29 83 106 69 65 120 83 103 115 23 48 133 72 103 131 68 113 63 103 81 86 53 61 28 107 120 108 52 99 98 40 53 79 72 114 104 79 120 70 70 57 97 85 110 86 60 72 94 107 84 88 98 65 52 76 106 96 47 79 69 72 18 19 22 104 107 70 79 91 72 61 79 92 52 88 110 68 21 19 18 74 56 95 48 112 35 60 41 76 76 76 76 80 58 88 23 50 137 95 105 20 88 53 41 48 116 80 108 92 24 56 134 65 100 138 65 109 63 99 129 87 63 66 36 96 92 114 25 79 103 45 17 73 68 101 104 147 115 87 64 55 139 105 72 42 28 136 101 67 32 4 139 105 72 43 28 147 116 87 64 56
34 69 71 43 44 90 55 95 89 56 54 49 82 68 60 106 81 66 42 89 57 71 71 42 46 28 24 0 89 82 59 62 70 64 85 59 85 21 92 41 66 42 18 26 19 46 74 36 50 47 50 48 73 55 52 70 57 49 77 50 64 91 88 94 9 62 83 58 44 99 67 81 92 41 29 111 50 80 113 46 90 42 81 58 67 32 40 28 85 97 85 29 77 76 25 35 56 51 92 82 56 97 54 47 34 75 63 87 65 37 49 80 84 61 65 77 44 52 53 83 73 27 57 46 51 16 8 4 81 85 47 60 69 53 42 57 70 34 67 88 50 37 8 28 54 34 72 27 89 15 41 26 53 53 53 54 60 36 66 28 31 114 73 85 9 65 32 20 26 93 63 86 69 36 34 113 43 77 120 44 86 41 77 106 66 41 43 21 76 69 91 9 58 80 24 9 50 46 79 81 125 94 68 53 58 116 82 50 26 35 113 79 44 10 27 118 85 54 33 41 128 99 74 60 65
64 22 38 49 47 2 52 10 37 83 41 48 24 37 30 24 22 134 50 18 33 21 29 48 51 112 112 89 0 51 32 54 53 47 44 31 15 85 6 49 58 125 105 91 81 45 15 58 41 46 59 119 37 37 45 27 37 41 44 46 35 3 24 61 86 34 14 76 49 18 57 16 17 122 77 27 40 22 99 44 11 53 11 35 41 71 53 98 21 10 5 61 13 14 77 78 35 44 49 48 33 17 84 43 59 15 44 7 32 56 49 102 18 34 25 26 66 121 42 10 19 75 34 44 43 102 93 91 11 52 43 43 48 47 74 33 20 78 27 35 55 119 95 107 66 62 18 64 28 82 73 89 46 38 43 48 39 60 51 104 79 30 18 63 95 39 69 71 68 6 54 7 25 114 66 30 47 25 99 48 9 50 13 19 29 49 46 89 27 21 3 91 36 10 68 97 43 55 51 18 37 20 43 76 110 33 11 40 74 109 49 38 54 83 114 73 66 77 99 126 100 95 102 119 143
49 51 18 62 45 53 28 46 83 45 36 36 27 72 43 73 66 102 45 35 52 38 66 52 70 94 104 82 51 0 55 85 13 79 8 49 36 90 49 50 91 124 100 98 85 45 47 48 57 42 33 91 17 60 34 30 62 49 9 67 27 53 71 14 76 63 38 102 65 68 90 60 37 122 57 76 48 29 49 58 42 69 55 37 76 52 65 104 68 50 52 57 46 48 85 54 41 66 11 3 46 42 48 51 51 48 22 44 64 47 36 56 34 34 40 67 41 91 36 41 37 58 56 46 64 89 89 83 42 3 49 72 14 71 47 52 50 55 58 18 78 119 85 108 33 49 43 69 25 69 46 68 33 44 35 31 67 47 17 107 57 52 54 12 84 23 52 72 57 49 85 55 34 117 49 78 52 27 51 62 42 63 49 53 60 55 51 70 67 44 52 80 61 51 73 87 40 37 4 34 77 70 78 99 126 53 41 55 83 114 35 13 39 73 107 37 16 40 73 108 55 44 58 84 115
41 11 38 17 23 32 40 40 36 68 24 30 37 18 13 48 23 112 26 39 5 21 16 20 20 84 81 59 32 55 0 30 50 24 52 7 34 53 36 22 36 93 74 59 49 21 18 33 10 25 44 95 39 6 29 27 7 14 47 15 29 34 31 69 58 8 32 49 18 40 36 22 41 90 54 53 14 34 103 13 36 21 23 20 21 48 21 67 28 41 28 33 21 19 45 56 17 13 60 53 11 45 69 15 33 19 38 32 11 32 31 93 35 22 16 21 47 98 25 30 24 51 2 20 12 73 62 61 27 58 16 17 45 18 55 5 13 56 9 48 26 87 66 76 53 38 19 33 44 55 53 64 31 16 26 34 12 37 46 72 57 61 15 65 66 34 45 40 42 37 31 28 23 82 43 54 19 33 106 17 32 19 20 51 9 19 19 63 20 16 34 63 6 23 37 67 23 37 54 32 67 36 24 48 80 63 29 10 43 77 71 44 35 54 84 88 68 62 75 98 110 94 90 99 117
60 37 68 29 46 54 67 64 31 91 52 56 66 18 43 59 34 125 49 66 34 50 26 40 20 90 79 62 54 85 30 0 79 8 82 37 61 47 59 43 7 84 71 50 45 45 44 53 30 50 69 107 69 26 56 57 24 39 77 20 59 55 38 99 65 23 59 23 26 53 6 39 67 81 70 63 39 63 132 31 62 24 43 49 13 66 29 57 38 64 50 48 47 44 39 75 45 21 90 83 40 70 91 38 52 44 66 57 24 53 57 117 63 52 46 30 70 111 53 56 53 66 30 44 22 78 62 65 53 88 40 14 75 16 76 34 39 74 30 77 13 78 70 68 78 57 47 38 73 65 74 78 58 43 54 61 19 57 75 63 74 84 38 95 70 64 63 44 57 60 2 48 53 71 62 64 39 63 136 29 58 30 45 73 27 37 40 75 28 44 56 69 24 46 39 71 49 62 84 60 81 46 12 24 58 86 55 32 38 65 99 74 59 62 81 118 97 86 88 103 140 123 114 115 126
36 48 15 53 36 55 16 51 81 34 27 26 30 67 37 76 65 91 35 39 46 36 62 42 62 81 92 70 53 13 50 79 0 73 18 43 39 79 52 41 85 112 87 86 74 36 46 37 50 32 20 79 16 53 24 27 56 41 11 60 22 55 71 25 63 58 40 94 57 70 84 59 43 110 45 79 40 32 54 49 46 60 54 30 71 39 56 92 67 55 53 46 46 47 74 41 34 58 24 14 40 48 37 43 40 46 13 47 59 36 25 50 37 28 37 65 28 79 27 43 36 45 50 37 57 76 77 70 43 16 41 66 5 64 34 46 47 42 54 26 70 107 73 96 20 37 41 58 32 57 34 55 23 36 26 20 61 35 5 95 44 60 52 17 72 16 39 61 45 52 79 55 31 105 37 82 43 28 58 53 44 54 48 59 56 46 42 58 64 41 54 67 55 50 62 75 31 25 10 36 83 70 73 91 116 62 43 48 72 102 47 17 28 60 95 48 19 29 61 95 63 45 50 73 103
58 30 62 26 43 46 62 57 26 88 47 52 59 10 37 52 27 125 45 59 28 43 19 37 19 91 82 64 47 79 24 8 73 0 75 31 54 50 52 40 13 89 75 54 48 41 37 51 25 46 66 108 63 21 51 51 18 34 71 17 53 47 31 92 66 17 52 30 24 46 12 32 60 86 69 57 35 56 127 27 54 23 36 44 6 64 27 61 31 56 43 46 39 37 42 73 40 18 83 77 34 62 88 34 49 37 61 50 17 50 53 114 56 46 40 23 67 111 48 49 46 65 24 40 18 79 65 67 46 82 35 8 69 13 73 28 32 72 23 71 15 83 72 72 74 55 40 39 66 65 72 78 53 38 49 56 13 55 70 67 72 77 30 89 72 58 61 45 56 52 7 41 47 76 60 58 36 56 130 26 51 28 38 65 20 34 36 74 21 38 49 70 19 39 40 73 44 58 78 53 74 40 5 31 65 79 48 27 41 70 92 68 55 62 85 111 92 83 88 105 134 118 111 114 127
51 46 15 60 45 45 30 39 77 52 35 37 20 67 39 66 60 108 45 27 48 33 61 51 68 98 107 85 44 8 52 82 18 75 0 45 29 91 41 50 87 126 102 98 86 44 41 50 55 41 37 97 14 56 34 25 58 47 9 65 25 46 65 18 79 59 31 100 63 61 87 54 30 124 61 68 46 22 56 56 34 67 48 34 71 55 64 105 61 43 45 58 40 42 85 58 38 63 9 6 43 35 54 49 52 42 22 37 60 49 36 64 27 31 36 62 44 97 35 34 31 61 52 45 62 92 91 85 35 9 48 68 16 68 51 48 45 59 54 10 75 121 88 110 38 51 37 69 18 72 51 72 33 42 35 32 63 49 20 108 61 44 49 20 87 21 55 73 59 41 82 48 29 118 52 71 51 21 57 60 35 61 43 45 56 54 50 74 62 39 44 83 58 44 73 90 39 39 10 27 69 63 74 97 126 45 35 53 82 115 30 8 41 75 110 38 24 47 79 112 59 52 65 91 121
37 11 32 19 19 31 34 37 41 63 19 25 32 24 7 49 27 109 22 34 4 16 21 18 24 82 81 59 31 49 7 37 43 31 45 0 30 55 34 20 43 95 75 62 51 17 16 30 12 20 39 93 32 12 23 21 13 11 41 20 23 32 34 62 57 15 28 55 21 41 42 24 37 92 51 54 11 29 97 14 33 25 23 14 28 44 24 69 31 39 27 31 18 17 48 53 11 19 54 47 5 41 64 13 30 17 31 29 17 29 26 87 30 16 11 25 43 95 19 26 19 48 8 16 17 72 63 61 23 51 13 24 39 23 50 3 12 53 13 42 31 89 65 78 47 35 15 34 39 53 49 62 25 10 20 28 19 33 40 74 53 58 16 59 65 28 42 41 40 35 37 28 17 84 39 56 17 28 99 19 29 21 18 48 14 19 17 61 24 11 33 62 13 22 38 67 17 32 48 27 66 38 31 53 85 60 25 11 45 80 66 38 30 53 84 82 62 57 72 97 104 88 85 95 115
56 24 25 49 41 17 41 12 50 71 33 40 10 44 26 38 33 124 44 5 33 15 37 44 53 105 108 85 15 36 34 61 39 54 29 30 0 84 13 45 66 123 102 91 80 39 17 51 41 39 49 110 24 39 36 17 40 38 30 49 25 17 37 47 81 39 3 82 50 32 65 27 7 121 69 40 37 8 84 43 7 54 21 28 49 63 53 98 34 16 16 56 15 17 77 69 29 47 35 34 31 13 73 40 53 17 32 8 38 50 40 89 3 25 21 36 56 112 34 6 12 68 35 39 45 97 90 87 8 37 39 49 35 51 64 33 23 69 32 21 59 117 91 106 54 55 16 63 14 76 63 81 36 33 34 38 44 53 38 103 71 29 24 48 90 28 61 69 62 13 61 19 16 113 58 43 44 12 85 48 6 50 17 22 34 46 43 82 36 19 16 86 39 17 67 92 36 46 37 5 46 34 51 81 113 31 7 40 74 109 39 24 46 77 111 61 52 65 90 120 86 80 89 108 134
44 64 76 37 47 85 63 92 76 72 57 54 84 56 58 99 72 86 46 89 52 70 62 41 36 47 33 21 85 90 53 47 79 50 91 55 84 0 89 42 50 40 25 8 5 48 70 42 44 50 61 69 78 48 57 71 49 47 83 41 68 86 78 103 28 53 82 38 36 91 51 74 91 38 45 103 48 81 127 41 88 33 75 59 54 45 33 15 77 94 81 33 73 72 9 51 56 42 99 89 54 96 70 45 40 71 69 84 56 43 55 98 84 62 64 68 56 72 56 81 73 41 51 47 43 35 17 24 78 93 46 48 77 42 56 53 65 50 60 91 36 35 28 23 66 43 70 22 91 32 55 46 58 52 57 60 50 44 75 20 48 112 68 95 28 70 44 18 36 89 48 81 69 29 45 105 42 79 133 37 84 35 72 103 58 39 42 41 66 66 87 29 50 76 18 28 52 54 87 81 119 86 55 33 40 114 80 45 11 25 117 84 52 27 35 126 96 69 54 58 140 114 92 81 84
66 26 37 53 49 7 53 5 42 83 42 50 23 42 33 25 27 136 52 15 37 23 34 51 55 114 115 92 6 49 36 59 52 52 41 34 13 89 0 52 64 129 108 95 85 47 19 60 45 48 60 121 36 42 46 28 42 44 43 51 36 6 29 58 89 39 12 81 53 21 62 21 13 126 79 28 43 21 96 48 7 57 16 37 46 73 57 103 26 6 10 64 16 18 81 79 37 49 46 46 37 12 84 46 61 18 44 6 37 59 50 101 16 35 28 31 67 122 43 11 21 77 38 47 48 105 97 94 12 49 46 48 47 52 75 37 24 80 32 32 60 123 98 111 66 64 20 68 25 85 74 91 47 40 44 49 43 62 51 108 81 25 23 60 98 40 71 75 71 1 59 12 26 118 68 30 50 24 95 52 8 54 17 15 34 52 50 91 32 24 4 94 40 14 72 100 45 57 50 17 34 23 48 81 115 28 11 44 78 113 44 37 56 86 118 69 64 77 100 129 96 93 101 120 145
20 30 35 15 6 50 26 55 58 49 16 16 43 37 19 68 45 90 7 49 18 31 37 3 24 63 64 41 49 50 22 43 41 40 50 20 45 42 52 0 49 79 58 49 37 7 34 12 15 9 28 74 37 21 17 31 24 9 43 23 26 51 53 64 38 28 43 54 18 61 49 43 52 77 32 73 10 41 93 13 49 21 42 18 39 26 16 56 49 57 46 12 37 36 35 35 16 23 58 49 16 57 49 8 11 35 29 47 31 11 17 75 44 21 25 43 28 76 15 43 33 29 21 6 22 53 46 43 40 53 7 32 38 28 35 19 31 35 30 50 32 74 47 62 36 17 32 20 50 34 33 43 19 12 16 21 29 16 36 60 35 74 35 57 46 29 24 25 21 53 43 47 29 70 21 75 4 38 98 15 46 14 37 65 30 7 4 41 41 29 51 43 24 41 24 49 11 20 48 41 85 57 41 51 77 76 42 14 33 66 76 43 16 34 67 86 59 44 53 78 104 82 72 77 96
66 43 74 35 52 58 73 68 32 97 58 62 72 22 49 61 38 130 55 71 40 56 30 46 26 94 82 66 58 91 36 7 85 13 87 43 66 50 64 49 0 85 74 51 49 52 49 59 36 56 76 112 75 32 62 63 30 45 83 26 65 59 40 104 70 29 64 20 32 55 2 43 72 82 76 66 46 68 138 37 66 30 48 55 18 72 34 58 41 68 54 53 52 49 43 81 52 27 96 89 46 74 97 44 57 49 73 62 29 59 63 124 68 58 52 33 76 115 59 61 58 72 36 50 28 82 66 69 58 94 46 19 81 22 82 40 45 80 35 83 19 79 74 70 84 63 52 43 78 70 80 83 64 49 60 67 25 63 81 64 79 88 43 101 74 70 69 49 63 64 6 52 59 72 68 66 45 68 142 35 63 36 50 77 33 43 46 80 32 50 60 73 30 51 44 75 55 68 90 66 83 49 16 23 57 90 60 38 41 66 105 80 65 67 84 124 103 92 93 106 146 129 120 120 131
76 104 112 76 84 125 97 132 114 95 94 90 122 96 97 138 112 82 82 128 92 109 102 80 76 45 23 42 125 124 93 84 112 89 126 95 123 40 129 79 85 0 25 35 44 85 110 77 84 87 92 69 114 88 93 110 89 86 118 80 105 126 118 136 49 93 122 68 76 131 87 114 130 4 70 143 87 120 153 81 127 73 115 97 93 73 72 28 116 134 121 69 113 111 49 75 95 82 134 124 93 135 92 84 74 111 104 124 96 78 90 117 123 100 103 107 85 73 93 121 112 68 91 85 83 40 35 42 118 127 85 87 111 81 82 93 105 74 99 128 75 6 41 18 95 75 109 61 129 56 82 63 94 91 93 95 90 77 108 22 72 152 108 126 42 106 73 55 68 129 85 121 108 13 76 144 80 117 161 77 124 75 112 143 98 77 81 59 106 106 127 46 90 116 57 39 89 88 121 120 159 125 93 64 43 154 119 85 51 20 154 120 85 52 21 159 126 94 65 45 169 138 110 86 72
52 84 89 57 61 105 73 111 100 71 71 66 99 80 76 121 95 68 60 106 72 87 85 58 59 27 8 18 105 100 74 71 87 75 102 75 102 25 108 58 74 25 0 25 27 63 90 54 65 64 68 52 91 70 69 87 71 65 94 63 82 107 101 111 25 75 100 62 58 113 76 95 109 24 45 126 66 98 129 61 106 55 96 75 78 49 54 21 99 113 101 46 93 92 33 51 73 64 110 100 72 114 68 63 51 91 81 103 78 55 67 94 101 78 82 91 61 56 70 100 90 44 72 63 65 18 12 18 97 103 63 72 87 65 58 73 85 49 81 105 60 21 17 14 71 51 89 41 106 32 57 40 70 69 70 71 73 54 84 18 47 131 89 102 18 82 49 34 44 109 73 101 86 22 51 127 59 95 136 58 103 56 92 122 80 57 60 35 89 85 107 22 72 96 37 15 67 64 97 98 140 108 79 56 50 133 99 65 35 24 131 96 62 28 11 135 102 70 43 35 145 114 87 67 62
52 70 84 43 54 91 71 99 80 79 64 62 91 61 65 104 77 89 53 95 59 76 67 49 41 49 32 26 91 98 59 50 86 54 98 62 91 8 95 49 51 35 25 0 13 55 76 50 51 57 68 72 85 54 64 79 54 54 91 46 75 92 83 110 34 59 89 38 42 96 53 79 98 32 52 108 55 88 135 48 94 39 81 66 58 53 39 8 82 100 87 41 79 78 15 58 63 47 106 97 61 103 77 52 47 77 77 91 61 51 63 105 91 69 71 73 63 76 64 88 79 49 57 54 48 38 21 29 85 100 53 53 85 46 64 59 71 57 65 99 40 29 32 19 74 50 76 30 98 39 62 52 66 59 64 68 55 52 82 14 55 119 73 102 33 77 51 26 44 96 51 86 76 23 53 110 49 86 141 44 91 41 79 109 63 46 50 46 71 73 93 34 56 82 25 31 60 62 95 88 124 91 59 32 33 121 86 52 17 18 124 91 59 33 34 134 103 77 59 59 148 121 99 86 86
40 60 71 32 42 81 58 88 74 68 52 50 79 54 54 95 69 85 41 84 48 65 59 37 33 46 35 19 81 85 49 45 74 48 86 51 80 5 85 37 49 44 27 13 0 43 66 38 40 45 56 67 73 44 52 67 45 43 78 37 63 82 75 98 25 50 78 39 32 88 50 70 87 42 41 100 44 77 123 37 83 29 71 54 52 41 28 20 73 90 77 29 69 67 6 47 52 38 94 85 50 92 67 40 35 67 64 80 52 39 50 94 79 57 60 65 51 71 51 77 68 37 47 42 39 34 18 23 74 88 41 45 72 38 52 49 61 46 56 87 34 39 27 27 62 38 65 18 86 29 51 43 53 48 52 55 47 40 70 24 44 108 64 90 27 65 39 13 32 85 46 77 65 34 41 101 37 74 128 33 80 31 68 99 54 34 38 38 63 62 83 27 46 72 13 27 47 50 83 77 115 82 52 34 44 110 76 41 8 30 112 79 47 24 37 121 91 65 51 58 136 109 89 79 83
21 27 29 19 2 46 22 50 57 48 10 11 37 38 15 65 43 92 6 43 17 25 36 7 27 67 69 46 45 45 21 45 36 41 44 17 39 48 47 7 52 85 63 55 43 0 30 14 17 5 25 76 31 22 12 25 24 8 37 26 20 47 51 58 43 28 38 59 22 58 51 40 46 83 34 70 8 35 89 15 44 25 38 12 40 28 21 62 47 52 42 17 33 32 41 36 11 25 52 44 13 52 48 8 14 31 24 42 31 13 12 73 39 15 20 41 27 78 10 38 28 31 20 2 24 58 51 48 36 48 6 34 32 30 34 17 27 36 29 44 36 80 52 68 33 18 28 26 44 38 32 45 13 8 10 16 30 17 31 66 37 68 32 52 51 23 25 31 24 48 46 43 24 76 23 72 8 32 93 18 41 19 33 60 29 11 7 45 40 24 47 47 25 37 30 54 5 17 43 36 81 54 43 56 82 70 37 15 39 72 70 37 14 39 72 81 54 42 55 82 98 78 70 79 99
50 8 31 34 32 16 41 23 37 72 28 35 23 28 16 36 20 121 35 22 18 10 20 33 37 97 97 74 15 47 18 44 46 37 41 16 17 70 19 34 49 110 90 76 66 30 0 43 26 32 48 106 31 23 32 19 24 26 39 33 25 17 26 59 72 22 15 65 35 28 48 14 24 107 64 40 25 20 96 29 19 38 9 22 32 57 38 84 22 24 12 46 3 2 62 65 21 31 49 45 18 27 73 28 44 1 35 15 21 42 36 93 19 21 12 21 53 107 29 13 11 61 20 29 29 87 78 76 10 49 28 32 41 34 61 18 6 65 15 35 42 104 80 93 55 48 5 50 30 68 60 75 33 23 30 36 27 46 43 89 66 43 8 58 80 30 55 56 54 20 44 13 15 99 52 42 32 21 97 33 15 36 3 33 17 34 32 74 21 7 18 77 23 7 54 82 29 42 47 17 51 26 35 64 97 45 11 25 60 94 56 34 41 68 100 76 62 66 85 112 100 90 92 106 129
8 40 36 25 12 59 21 62 69 39 19 13 47 49 28 78 56 79 9 54 29 38 48 14 34 55 59 36 58 48 33 53 37 51 50 30 51 42 60 12 59 77 54 50 38 14 43 0 27 12 19 63 38 33 16 35 35 20 42 34 29 60 63 61 31 40 50 63 28 71 59 53 57 75 21 83 20 46 87 24 56 30 51 24 50 15 25 56 60 65 55 10 45 45 38 24 23 34 57 48 26 63 38 19 3 44 28 54 43 2 14 65 50 26 33 54 18 65 18 50 40 18 32 15 33 46 42 37 48 51 18 44 35 38 23 30 41 23 41 52 41 72 41 61 27 5 41 23 53 26 21 32 17 21 18 18 41 5 33 59 24 79 45 53 40 29 12 25 12 60 54 56 35 69 10 85 16 42 92 25 53 24 46 72 41 17 15 32 52 37 60 36 36 50 26 43 16 13 46 47 94 68 53 58 80 81 49 25 36 66 78 43 10 28 62 84 54 34 42 70 99 74 61 66 86
34 20 40 8 18 41 38 48 43 64 23 27 43 23 16 57 32 104 20 46 9 27 23 13 14 75 72 50 41 57 10 30 50 25 55 12 41 44 45 15 36 84 65 51 40 17 26 27 0 21 41 87 41 7 27 31 9 10 49 11 31 43 39 71 49 14 39 45 9 49 35 32 48 82 46 62 10 40 103 4 44 13 32 21 24 41 12 58 36 50 37 25 29 28 37 50 17 9 63 56 12 53 64 9 26 27 38 40 17 26 28 89 41 24 22 29 42 90 23 38 30 43 8 15 8 64 53 52 35 60 11 18 46 15 49 9 22 49 17 53 21 78 57 67 49 31 26 24 50 46 47 57 29 14 25 32 15 31 46 63 50 69 24 66 57 35 38 31 34 46 30 37 28 73 36 64 11 38 107 8 40 10 29 59 17 11 12 55 27 23 43 54 10 32 28 58 20 33 56 39 76 45 27 43 73 71 36 3 34 69 77 47 30 45 75 92 69 58 67 89 112 94 86 92 109
19 29 27 23 4 47 18 50 60 44 8 7 36 42 17 67 46 90 5 43 20 26 40 11 31 67 70 47 46 42 25 50 32 46 41 20 39 50 48 9 56 87 64 57 45 5 32 12 21 0 21 74 28 26 8 24 28 12 34 30 18 48 54 55 42 32 38 63 26 60 55 43 46 84 32 71 11 34 85 19 45 29 40 12 44 26 25 64 50 53 43 18 34 34 44 33 12 29 50 41 16 52 45 13 14 33 21 43 35 11 8 69 38 15 21 44 23 76 7 39 28 30 24 6 28 58 52 48 36 44 11 38 29 34 31 20 30 34 32 42 40 81 52 70 29 16 29 28 43 38 29 44 10 10 7 12 34 15 28 68 34 68 35 48 51 20 23 32 23 49 50 45 23 78 20 74 12 31 89 22 41 23 35 61 33 15 11 43 43 26 48 47 29 39 33 54 4 13 39 36 82 57 47 59 85 70 38 19 42 74 68 34 11 39 73 77 50 38 53 81 95 74 66 76 97
17 47 27 42 24 61 8 60 80 25 21 14 42 62 34 82 64 76 22 51 40 39 59 30 51 62 72 50 59 33 44 69 20 66 37 39 49 61 60 28 76 92 68 68 56 25 48 19 41 21 0 63 28 46 16 33 48 32 29 50 25 62 72 44 43 52 48 81 45 75 75 60 54 90 25 86 31 41 68 39 55 48 57 27 64 19 43 74 68 64 58 29 49 50 57 22 29 49 43 33 35 60 26 33 22 49 17 54 54 19 14 49 47 27 37 63 8 64 20 50 40 25 44 26 48 56 57 51 49 36 31 58 21 54 16 40 47 23 51 42 59 87 53 77 9 19 44 42 46 37 15 36 15 29 19 12 54 17 17 76 25 75 52 35 52 22 19 43 25 61 70 60 35 85 17 88 31 38 73 42 52 41 50 70 52 34 30 38 62 42 61 48 49 54 45 55 22 8 30 45 94 74 67 77 99 76 49 39 55 83 66 33 12 41 75 68 36 19 43 76 80 56 46 60 87
56 103 89 83 74 121 70 122 130 47 79 72 104 109 90 141 118 18 71 113 92 99 110 76 89 26 48 48 119 91 95 107 79 108 97 93 110 69 121 74 112 69 52 72 67 76 106 63 87 74 63 0 90 94 75 94 96 82 89 92 86 121 126 97 43 101 110 106 85 133 113 116 116 70 43 145 83 103 100 84 116 85 114 85 109 49 81 71 123 125 117 63 108 108 73 42 85 92 101 92 89 122 44 81 63 107 80 115 104 64 71 57 108 86 95 116 55 4 78 111 101 45 94 77 92 35 52 45 109 93 80 102 81 95 47 92 103 41 104 104 95 68 41 65 59 58 102 70 108 43 48 31 74 83 77 73 100 60 77 69 40 137 108 87 41 84 51 64 54 121 109 118 95 72 54 147 77 100 109 83 113 81 108 132 103 77 77 34 114 99 121 41 97 112 69 42 77 65 88 106 155 130 111 100 101 138 110 87 73 75 126 94 65 46 49 119 85 51 21 27 118 84 50 18 25
41 35 2 47 32 39 21 35 67 48 21 25 15 55 26 60 50 103 33 24 35 22 49 38 55 89 96 73 37 17 39 69 16 63 14 32 24 78 36 37 75 114 91 85 73 31 31 38 41 28 28 90 0 43 22 13 45 34 9 52 11 39 56 30 68 46 24 86 50 55 74 44 27 112 52 63 33 16 66 42 30 53 39 21 59 46 50 92 52 39 37 46 31 32 72 50 25 50 22 15 30 33 50 36 40 32 12 31 47 37 24 66 21 18 24 51 36 91 22 27 21 51 39 32 48 82 79 74 27 19 34 56 12 55 44 35 33 51 42 15 62 109 77 98 32 40 27 56 18 62 43 64 21 28 22 20 51 38 15 96 53 47 38 28 77 9 44 60 48 36 69 40 17 106 41 66 38 12 68 47 29 48 33 44 44 41 37 65 51 27 38 72 45 35 60 79 26 28 16 20 68 55 62 84 112 48 27 39 69 102 41 6 30 64 99 51 31 43 71 103 72 59 66 87 115
40 16 43 13 23 38 42 46 37 69 27 32 42 17 18 52 26 110 26 44 9 26 17 19 14 81 77 55 37 60 6 26 53 21 56 12 39 48 42 21 32 88 70 54 44 22 23 33 7 26 46 94 43 0 31 32 3 14 51 10 33 39 33 73 55 8 37 44 13 44 31 26 46 85 53 57 15 39 107 10 42 16 27 24 19 47 17 62 31 47 33 31 26 25 40 56 20 8 65 58 14 50 69 14 32 24 41 38 11 32 33 94 40 26 21 23 48 96 28 35 29 49 5 20 6 70 58 58 32 62 16 13 49 12 55 9 18 56 12 53 20 82 62 71 54 37 24 29 50 52 53 63 33 18 29 36 9 37 49 67 56 66 20 69 62 38 44 36 41 42 26 33 28 77 42 58 18 39 110 12 38 15 25 56 11 17 18 61 21 21 40 59 4 28 33 64 24 38 58 38 71 39 21 42 74 68 34 8 38 72 77 49 36 51 80 93 72 64 73 95 114 98 92 98 115
21 31 20 30 12 46 12 48 64 41 5 4 31 46 18 67 49 90 12 39 24 25 43 18 38 70 75 52 45 34 29 56 24 51 34 23 36 57 46 17 62 93 69 64 52 12 32 16 27 8 16 75 22 31 0 20 34 18 27 37 13 47 56 47 47 37 35 70 33 60 62 45 42 91 34 71 17 30 78 26 42 36 41 11 49 27 32 71 52 51 43 24 34 34 51 34 13 35 42 33 19 48 41 19 19 33 13 41 39 15 4 64 35 12 21 47 21 76 5 37 26 32 28 13 34 62 58 53 35 37 17 44 21 41 30 25 31 34 35 36 46 87 56 76 24 20 29 35 37 41 28 45 2 14 3 6 40 17 20 75 35 64 36 41 56 14 25 39 27 47 56 45 21 84 22 74 19 27 82 29 39 30 35 58 37 22 18 46 47 26 47 52 34 39 40 58 8 11 32 32 80 58 52 67 93 66 36 25 49 81 62 28 10 43 78 70 43 35 54 84 87 67 62 75 99
40 22 13 38 26 29 25 28 55 56 17 23 13 43 15 51 38 108 28 20 24 9 37 31 44 89 93 70 27 30 27 57 27 51 25 21 17 71 28 31 63 110 87 79 67 25 19 35 31 24 33 94 13 32 20 0 34 25 21 41 9 30 44 42 66 34 16 76 40 44 62 32 23 107 53 54 24 11 78 33 23 44 27 13 47 47 42 86 40 32 26 41 19 20 65 53 16 39 33 27 20 29 57 27 37 19 18 22 35 34 24 76 15 10 12 39 39 95 18 18 9 52 28 25 38 81 76 72 17 32 26 44 23 44 48 24 21 53 29 22 52 104 75 93 39 39 14 50 20 61 47 65 20 20 18 22 39 37 25 90 55 45 26 40 75 13 45 55 46 28 57 29 5 100 42 57 30 8 80 37 20 39 21 39 32 33 30 65 38 15 29 71 33 24 54 77 21 30 29 13 61 44 50 74 104 46 17 30 62 96 47 17 30 62 96 62 44 50 74 104 84 72 75 93 118
43 17 45 14 26 37 45 46 35 72 30 34 44 14 19 51 25 113 29 45 11 28 15 21 14 82 78 57 37 62 7 24 56 18 58 13 40 49 42 24 30 89 71 54 45 24 24 35 9 28 48 96 45 3 34 34 0 17 53 9 35 38 32 75 56 6 38 43 13 43 29 26 47 86 55 55 17 41 109 12 42 16 27 26 16 49 18 62 29 47 33 33 27 25 41 58 22 7 67 60 16 51 72 17 34 24 43 38 9 34 35 97 41 29 23 21 51 98 30 36 30 51 6 23 6 71 59 59 33 64 18 11 51 11 58 11 19 58 11 55 19 83 64 71 57 40 25 30 51 54 56 65 35 20 31 39 6 39 52 67 58 67 20 71 64 40 47 38 43 43 24 33 30 77 45 57 20 40 112 14 39 16 26 56 10 19 20 63 20 22 40 61 2 28 34 65 27 41 60 39 70 38 19 41 74 69 35 10 38 72 78 51 38 53 81 95 74 66 75 97 116 100 94 100 117
27 21 33 14 9 41 29 47 50 55 14 18 37 30 12 60 37 99 12 42 10 23 29 8 22 72 72 49 41 49 14 39 41 34 47 11 38 47 44 9 45 86 65 54 43 8 26 20 10 12 32 82 34 14 18 25 17 0 41 20 23 43 44 63 46 21 36 54 16 52 45 34 45 84 40 64 2 35 94 9 42 20 33 13 33 34 17 61 41 49 37 21 28 28 40 43 10 18 56 48 8 50 56 3 20 27 29 39 24 19 19 80 37 17 18 34 34 85 14 35 26 37 13 6 17 62 53 51 33 52 3 27 37 24 42 10 22 43 22 46 30 80 55 69 40 25 24 26 44 43 40 51 20 6 16 23 23 24 37 66 43 66 26 57 55 27 32 32 29 45 39 38 23 76 29 66 7 33 98 13 38 14 28 58 22 9 6 50 33 21 43 51 17 32 30 57 11 24 47 35 76 48 35 51 79 68 34 8 38 72 71 40 22 43 75 84 60 50 61 87 103 85 78 85 105
43 43 9 54 38 46 22 41 76 45 28 29 21 63 34 67 58 101 38 30 43 30 58 44 62 90 99 77 44 9 47 77 11 71 9 41 30 83 43 43 83 118 94 91 78 37 39 42 49 34 29 89 9 51 27 21 53 41 0 59 19 46 64 22 70 55 31 94 57 62 82 52 33 116 53 70 40 23 57 49 36 61 47 28 67 47 57 97 60 45 45 50 39 41 77 50 32 57 16 7 38 38 47 43 45 40 14 38 56 41 29 59 28 26 32 59 36 90 28 35 29 53 48 38 56 84 83 77 35 11 41 64 8 63 43 43 42 51 50 15 70 113 80 102 30 43 35 62 21 64 43 64 25 36 27 24 59 41 12 101 53 50 46 20 79 15 47 65 51 43 77 48 26 110 44 73 44 20 59 54 36 55 41 48 52 48 43 66 59 35 45 75 53 43 66 82 32 31 8 27 73 63 70 91 119 51 35 47 75 107 38 7 33 67 102 44 23 40 71 104 64 51 60 84 113
42 25 51 10 27 46 48 55 39 72 33 37 51 18 26 59 32 109 29 54 17 35 22 21 5 77 71 50 46 67 15 20 60 17 65 20 49 41 51 23 26 80 63 46 37 26 33 34 11 30 50 92 52 10 37 41 9 20 59 0 41 47 39 81 51 13 47 35 7 51 26 34 55 78 53 63 20 49 114 12 51 8 36 31 18 48 12 54 37 56 42 30 35 34 32 57 27 2 73 66 22 59 72 18 33 33 48 47 16 34 38 98 49 34 30 28 51 95 34 45 38 49 14 25 4 65 52 53 42 70 20 11 56 5 57 17 27 56 20 62 11 74 58 63 58 38 34 24 59 50 55 62 39 24 35 42 10 38 56 59 56 75 28 76 58 46 45 31 40 51 21 41 37 69 43 65 20 47 117 10 47 11 34 65 18 18 20 59 26 30 48 55 11 37 27 59 30 42 66 47 79 46 20 33 65 77 43 13 30 64 86 57 39 47 73 102 79 67 72 91 122 104 95 98 112
33 27 10 36 22 37 17 36 61 48 11 16 19 46 17 59 44 100 23 27 25 16 41 27 44 82 87 64 35 27 29 59 22 53 25 23 25 68 36 26 65 105 82 75 63 20 25 29 31 18 25 86 11 33 13 9 35 23 19 41 0 38 50 40 59 37 24 76 39 52 64 38 30 102 46 62 22 18 74 32 31 43 34 10 50 39 40 82 47 40 34 36 26 27 61 45 14 39 33 25 20 36 49 25 31 26 10 30 38 28 16 69 23 7 16 44 31 87 12 26 17 44 30 21 38 74 70 66 25 29 24 46 17 45 40 25 26 45 33 24 52 99 69 88 31 32 21 46 25 54 39 57 13 18 12 14 41 30 18 86 47 52 31 36 68 6 37 50 40 36 59 36 11 96 34 65 27 14 77 36 28 37 28 46 35 30 26 58 43 20 37 64 35 31 50 71 16 22 25 21 70 51 53 73 102 54 25 29 59 92 50 17 22 56 90 62 39 42 66 97 82 66 68 84 110
66 23 40 50 49 2 54 11 37 85 43 50 27 37 32 22 22 136 52 19 35 23 29 50 52 114 113 91 3 53 34 55 55 47 46 32 17 86 6 51 59 126 107 92 82 47 17 60 43 48 62 121 39 39 47 30 38 43 46 47 38 0 23 63 88 35 16 77 51 16 57 16 18 123 80 25 42 24 100 46 12 54 12 37 42 73 54 100 20 10 6 63 15 15 78 80 37 45 51 50 35 17 86 44 61 16 47 9 33 59 51 104 20 36 27 26 68 123 44 13 22 77 36 46 44 104 95 93 13 54 45 44 50 48 76 34 22 81 28 37 56 120 97 109 68 64 20 66 29 84 75 91 48 40 45 50 39 62 53 105 82 30 19 65 97 42 71 73 70 6 54 7 27 115 68 28 49 27 100 50 11 52 15 19 30 51 48 91 27 23 2 93 37 11 70 99 45 57 53 20 35 18 44 77 111 32 13 42 76 110 50 40 56 85 116 75 69 79 101 128 101 97 104 121 145
71 25 56 46 53 22 66 33 14 96 51 58 46 23 38 22 8 142 56 41 35 35 17 50 43 114 109 88 24 71 31 38 71 31 65 34 37 78 29 53 40 118 101 83 75 51 26 63 39 54 72 126 56 33 56 44 32 44 64 39 50 23 0 83 88 27 35 60 45 15 39 12 40 115 84 26 44 43 120 43 34 47 17 45 26 78 49 91 4 31 21 63 26 24 70 86 43 38 72 69 39 40 97 45 64 25 60 30 24 63 59 118 40 46 36 11 76 128 52 32 36 81 33 49 37 103 90 91 30 73 46 31 66 37 84 34 25 86 23 57 44 112 95 101 79 68 30 62 51 85 82 95 57 44 53 60 29 67 68 96 87 51 20 83 95 55 75 69 73 29 37 18 40 106 73 27 49 45 121 45 32 47 24 39 23 50 49 93 13 31 25 92 31 21 65 97 51 65 71 39 43 9 27 61 96 53 31 40 68 100 73 59 64 84 112 97 87 90 105 128 123 115 117 129 148
61 64 31 76 59 63 40 55 95 51 49 49 37 85 56 82 78 106 58 44 65 51 78 65 84 103 115 94 61 14 69 99 25 92 18 62 47 103 58 64 104 136 111 110 98 58 59 61 71 55 44 97 30 73 47 42 75 63 22 81 40 63 83 0 87 76 48 116 78 78 104 71 46 134 68 84 62 40 38 71 51 82 66 50 89 63 79 116 79 59 62 70 58 60 98 63 54 79 12 16 60 50 54 65 64 60 35 54 77 60 49 55 44 47 53 79 51 97 49 52 49 69 69 59 78 99 101 94 53 11 63 85 27 84 56 65 62 65 71 26 92 131 96 120 42 61 55 82 34 80 56 77 46 57 48 44 80 59 29 120 67 56 66 11 95 36 63 85 69 58 99 65 46 129 61 87 66 39 39 75 52 76 60 59 73 69 65 80 79 56 61 91 75 62 86 98 54 49 16 44 83 80 91 113 140 56 52 69 96 126 32 26 52 84 118 24 14 47 82 116 42 37 58 88 121
28 67 66 43 41 87 49 92 90 48 49 44 78 68 57 105 80 61 38 85 55 67 71 39 48 26 29 9 86 76 58 65 63 66 79 57 81 28 89 38 70 49 25 34 25 43 72 31 49 42 43 43 68 55 47 66 56 46 70 51 59 88 88 87 0 62 80 63 44 97 70 80 88 48 21 110 47 76 105 45 86 44 79 54 68 25 40 36 85 94 83 26 74 73 30 27 53 52 86 76 54 94 46 45 29 73 57 84 65 32 44 72 80 56 62 77 37 47 48 80 70 19 56 43 52 16 16 8 78 79 44 61 63 54 34 55 68 25 66 82 52 45 10 36 47 28 70 28 84 7 33 18 47 50 48 48 60 30 60 37 23 110 72 77 9 59 25 21 20 90 66 84 65 44 27 112 40 73 112 43 83 41 74 102 65 39 41 13 76 66 89 5 58 78 26 12 46 40 73 78 122 93 70 58 66 112 79 49 30 44 108 73 38 4 32 111 77 46 26 41 120 91 66 54 62
47 15 46 19 30 34 48 43 30 76 32 38 43 10 21 46 20 117 33 44 13 27 10 26 18 87 83 62 34 63 8 23 58 17 59 15 39 53 39 28 29 93 75 59 50 28 22 40 14 32 52 101 46 8 37 34 6 21 55 13 37 35 27 76 62 0 36 44 18 38 28 21 45 90 60 51 21 40 111 17 40 21 23 28 13 54 23 66 24 44 30 38 24 22 45 63 25 12 67 61 19 48 76 21 39 22 45 35 4 39 39 100 40 30 23 16 55 103 33 34 30 56 9 27 11 76 64 64 31 65 23 10 53 13 62 13 17 63 8 54 22 87 69 76 60 44 24 35 50 59 60 70 38 23 34 42 5 44 54 72 63 64 16 73 69 42 51 43 48 39 23 29 30 81 49 52 25 40 114 19 36 21 23 53 5 24 25 68 15 21 36 66 4 25 39 70 30 45 62 38 66 33 16 43 76 66 33 15 43 76 77 51 42 58 86 95 76 70 80 102 118 102 98 105 122
55 22 25 47 40 15 41 13 48 71 32 39 12 42 25 37 31 124 42 8 31 13 34 43 51 104 106 83 14 38 32 59 40 52 31 28 3 82 12 43 64 122 100 89 78 38 15 50 39 38 48 110 24 37 35 16 38 36 31 47 24 16 35 48 80 36 0 80 48 31 63 24 9 119 68 40 35 9 86 42 7 52 19 27 47 62 51 96 32 16 14 55 13 15 75 68 28 45 37 35 29 14 73 38 51 15 32 7 36 49 39 89 5 24 19 34 55 111 33 4 11 67 33 38 43 95 89 85 6 39 38 46 35 49 64 31 20 69 30 23 57 116 89 104 54 54 14 61 16 75 62 80 36 31 33 37 41 52 39 101 70 31 22 50 89 28 60 67 61 13 59 18 15 111 57 42 42 12 86 46 5 48 15 23 32 45 41 81 34 17 15 85 37 15 65 91 35 45 38 5 46 32 49 79 111 33 5 38 72 107 41 25 45 76 110 63 53 65 89 119 88 82 89 108 134
68 58 85 41 59 76 80 86 52 100 67 69 86 40 61 81 57 123 60 87 52 70 48 52 33 84 69 58 76 102 49 23 94 30 100 55 82 38 81 54 20 68 62 38 39 59 65 63 45 63 81 106 86 44 70 76 43 54 94 35 76 77 60 116 63 44 80 0 38 75 22 61 88 65 75 85 55 83 147 45 83 34 65 66 36 72 39 43 60 86 72 55 68 66 34 81 62 37 108 101 57 91 99 52 60 65 82 79 45 63 70 126 83 69 65 52 80 109 67 77 73 71 48 58 39 72 55 61 74 105 54 34 90 32 83 52 60 79 51 97 25 63 66 54 89 65 67 42 93 66 82 80 72 59 68 75 39 66 90 49 78 106 59 110 66 80 70 45 63 82 24 70 72 56 70 86 52 82 151 41 80 41 66 95 48 49 53 75 51 64 78 66 44 68 40 65 63 73 100 81 103 69 34 6 37 108 76 47 34 49 120 92 70 61 71 137 113 95 89 96 157 136 122 117 122
35 28 48 4 22 50 43 57 46 66 30 32 51 25 25 64 38 102 24 55 18 36 28 16 6 70 65 44 49 65 18 26 57 24 63 21 50 36 53 18 32 76 58 42 32 22 35 28 9 26 45 85 50 13 33 40 13 16 57 7 39 51 45 78 44 18 48 38 0 56 32 38 57 73 46 68 17 49 110 8 53 4 39 29 25 41 5 50 42 59 45 23 38 36 28 50 25 8 71 63 21 61 66 14 26 36 45 49 21 28 33 92 50 32 31 34 45 88 30 46 39 42 16 20 8 59 46 47 44 68 16 18 53 11 51 18 30 49 24 61 14 70 51 59 53 32 35 18 59 43 49 55 35 22 31 38 16 32 52 55 49 78 32 73 51 43 38 25 33 54 26 45 37 65 37 70 15 47 114 4 49 5 37 68 23 12 15 52 32 32 52 49 15 40 21 53 26 37 63 48 83 51 26 35 64 80 45 11 26 60 86 55 34 41 68 100 75 61 65 84 119 99 89 91 106
78 31 55 56 59 16 68 24 27 99 55 63 42 37 43 8 20 149 63 35 43 37 30 59 56 123 120 99 18 68 40 53 70 46 61 41 32 91 21 61 55 131 113 96 88 58 28 71 49 60 75 133 55 44 60 44 43 52 62 51 52 16 15 78 97 38 31 75 56 0 54 18 33 128 91 13 51 40 116 53 27 59 20 49 40 85 60 104 15 21 18 72 27 26 83 92 48 50 66 66 45 30 100 53 71 27 61 24 36 70 64 119 35 49 39 24 81 135 56 28 36 88 42 57 49 113 102 101 28 69 54 44 66 50 89 43 31 93 33 52 57 125 106 114 82 75 32 73 45 94 88 102 61 50 57 63 42 74 68 110 94 38 26 80 105 56 82 80 81 21 52 16 41 119 79 15 58 43 115 56 27 58 26 26 34 59 58 101 26 34 17 102 42 22 76 107 56 70 69 35 29 7 41 76 111 40 28 49 80 114 63 56 69 94 123 89 84 93 112 138 116 112 119 134 156
66 42 73 35 52 56 73 67 30 97 58 62 70 21 48 59 36 130 55 70 39 55 29 46 26 95 83 67 57 90 36 6 84 12 87 42 65 51 62 49 2 87 76 53 50 51 48 59 35 55 75 113 74 31 62 62 29 45 82 26 64 57 39 104 70 28 63 22 32 54 0 42 71 83 76 64 45 67 138 37 65 30 46 55 16 72 35 60 39 66 53 53 50 48 44 81 51 27 95 88 45 73 97 43 57 48 72 60 28 59 63 123 67 57 51 32 76 116 58 60 57 72 35 50 28 82 67 70 57 93 45 19 80 22 82 39 43 80 34 82 19 81 75 71 84 63 51 44 77 71 80 84 64 49 59 67 24 63 80 66 80 87 41 100 75 69 69 50 63 63 6 51 58 74 68 64 45 67 141 35 62 36 48 75 32 43 46 80 31 49 59 74 30 49 45 76 55 68 89 64 82 47 14 25 59 89 59 37 42 68 103 79 65 67 85 123 103 92 94 107 145 128 120 121 132
61 14 44 39 42 15 54 26 24 84 40 47 35 22 27 26 7 132 46 31 25 23 14 41 39 105 103 81 16 60 22 39 59 32 54 24 27 74 21 43 43 114 95 79 70 40 14 53 32 43 60 116 44 26 45 32 26 34 52 34 38 16 12 71 80 21 24 61 38 18 42 0 31 111 74 31 34 32 109 35 25 41 6 34 26 68 42 87 9 25 12 54 14 12 66 76 32 32 61 57 28 32 85 36 54 13 48 20 19 53 48 106 29 34 24 11 65 118 41 21 24 71 24 39 31 95 84 83 19 61 37 29 54 34 73 25 14 76 15 46 41 108 88 96 68 58 18 55 40 77 72 85 46 33 42 48 25 57 56 92 77 45 9 71 88 43 65 62 63 21 39 10 28 102 63 33 40 33 110 38 22 41 12 34 16 41 40 84 11 19 17 84 24 10 59 89 40 54 60 28 45 15 28 62 96 47 20 31 63 97 64 47 53 76 105 87 75 78 95 120 112 103 105 118 139
63 31 29 55 48 18 46 9 54 75 39 46 13 50 33 37 38 130 50 4 40 22 42 51 60 112 115 92 17 37 41 67 43 60 30 37 7 91 13 52 72 130 109 98 87 46 24 57 48 46 54 116 27 46 42 23 47 45 33 55 30 18 40 46 88 45 9 88 57 33 71 31 0 128 75 39 44 13 84 50 7 61 25 34 55 69 60 105 37 13 20 63 21 23 84 75 36 54 34 35 38 7 77 47 59 23 37 11 44 56 46 91 8 32 28 41 61 117 40 12 19 74 42 46 52 103 97 94 14 38 46 55 38 57 69 39 29 75 38 20 65 124 97 113 59 61 22 70 13 83 68 87 42 40 41 43 50 59 42 110 77 23 30 49 97 33 67 75 68 13 67 22 23 120 64 41 50 17 83 55 10 57 23 17 40 53 50 88 41 26 16 93 46 22 74 99 43 52 39 11 41 36 57 87 120 24 13 47 81 116 34 26 52 84 118 57 53 69 96 126 84 81 92 113 140
74 101 110 74 82 122 95 129 111 94 92 88 119 93 95 135 109 84 80 125 89 106 99 77 73 45 23 41 122 122 90 81 110 86 124 92 121 38 126 77 82 4 24 32 42 83 107 75 82 84 90 70 112 85 91 107 86 84 116 78 102 123 115 134 48 90 119 65 73 128 83 111 128 0 69 140 85 117 152 79 125 70 112 95 90 72 70 25 113 131 118 67 110 109 46 74 92 79 132 122 91 133 92 81 72 108 102 121 93 76 88 116 121 98 101 105 84 73 91 118 109 67 88 83 80 40 33 41 115 125 82 85 109 78 81 90 103 73 97 126 72 4 40 15 94 73 107 59 126 55 80 63 92 88 91 93 87 75 106 19 70 149 105 125 41 104 72 53 66 127 82 118 106 10 74 141 78 115 160 74 121 72 110 140 95 75 79 58 103 103 124 45 87 113 54 38 87 86 119 118 156 123 90 61 40 151 117 82 48 16 152 118 84 50 21 158 125 93 65 47 168 137 109 86 73
14 61 50 43 32 79 31 81 89 28 37 30 64 68 48 99 77 59 29 72 50 57 69 34 51 38 48 29 77 57 54 70 45 69 61 51 69 45 79 32 76 70 45 52 41 34 64 21 46 32 25 43 52 53 34 53 55 40 53 53 46 80 84 68 21 60 68 75 46 91 76 74 75 69 0 103 41 63 85 43 75 47 72 43 69 7 42 55 81 84 75 23 66 66 44 7 43 52 67 58 46 81 26 40 21 64 41 74 63 22 30 54 68 45 53 74 17 45 36 69 59 4 52 35 52 32 37 28 67 60 38 63 45 56 13 50 61 5 62 66 58 65 29 56 26 16 61 34 69 15 12 12 33 41 36 33 60 18 41 57 4 97 66 58 29 44 9 31 13 80 71 76 54 65 12 105 36 60 92 44 72 42 66 91 62 36 36 14 73 57 80 24 56 70 35 32 35 24 54 65 113 88 72 70 84 99 68 45 43 64 91 57 24 20 51 91 57 26 22 52 100 70 48 46 66
90 43 65 69 71 26 79 30 35 110 67 74 50 48 55 5 32 160 75 41 55 47 42 71 68 135 133 111 27 76 53 63 79 57 68 54 40 103 28 73 66 143 126 108 100 70 40 83 62 71 86 145 63 57 71 54 55 64 70 63 62 25 26 84 110 51 40 85 68 13 64 31 39 140 103 0 64 48 122 65 34 71 32 61 52 97 73 116 27 26 29 84 38 38 95 104 60 62 72 73 57 35 111 66 83 39 71 33 48 82 75 129 43 60 51 36 92 147 68 37 46 100 55 69 61 125 114 114 38 76 66 56 75 62 100 55 43 104 45 59 69 137 118 126 93 87 43 85 51 106 99 114 72 62 69 74 54 86 78 122 105 37 38 88 118 66 94 92 93 28 63 27 52 131 91 3 70 52 120 68 35 71 37 27 46 71 70 114 38 46 26 115 54 33 89 120 68 82 77 44 19 18 52 87 121 38 38 62 93 126 64 64 80 106 136 92 92 103 124 150 120 119 129 146 168
28 21 31 15 9 41 28 46 50 55 13 18 36 31 11 59 36 99 12 41 10 22 29 8 23 72 72 50 40 48 14 39 40 35 46 11 37 48 43 10 46 87 66 55 44 8 25 20 10 11 31 83 33 15 17 24 17 2 40 20 22 42 44 62 47 21 35 55 17 51 45 34 44 85 41 64 0 34 94 10 41 21 32 12 33 35 18 63 40 48 36 22 28 27 41 43 9 19 55 47 7 49 55 4 20 26 28 38 24 19 19 80 36 15 17 34 34 85 14 34 25 38 13 6 18 63 54 52 32 51 3 28 36 24 41 10 21 43 22 45 31 81 56 70 40 25 23 27 43 43 40 52 19 5 15 22 23 24 36 67 43 65 26 56 56 26 32 33 30 44 40 37 22 77 29 66 8 32 97 14 37 16 28 57 22 10 7 51 33 20 42 52 18 32 31 58 10 24 46 33 76 48 36 52 81 67 33 8 39 73 70 38 21 43 75 83 59 49 62 87 102 84 77 85 105
50 26 17 47 37 24 34 20 56 63 27 34 4 47 24 45 38 117 39 10 32 14 40 41 53 99 103 80 22 29 34 63 32 56 22 29 8 81 21 41 68 120 98 88 77 35 20 46 40 34 41 103 16 39 30 11 41 35 23 49 18 24 43 40 76 40 9 83 49 40 67 32 13 117 63 48 34 0 78 42 15 53 26 23 52 57 51 96 39 24 23 52 19 21 74 62 26 47 29 27 28 19 65 37 48 20 25 16 40 44 34 81 6 20 19 40 49 105 28 13 11 62 35 35 45 91 86 82 13 30 36 50 27 51 57 32 24 63 34 15 59 114 86 103 47 49 17 60 11 71 56 75 30 30 29 31 45 47 30 100 64 34 28 41 85 20 55 65 57 21 63 26 13 110 52 51 40 4 78 46 14 48 21 29 36 43 39 76 40 19 23 81 40 22 64 88 31 39 30 5 53 41 54 81 113 36 13 38 72 106 38 17 40 73 107 56 45 57 83 114 81 73 81 101 127
83 100 66 107 88 100 67 92 132 59 81 78 75 120 90 120 115 102 87 82 99 87 114 95 115 114 131 113 99 49 103 132 54 127 56 97 84 127 96 93 138 153 129 135 123 89 96 87 103 85 68 100 66 107 78 78 109 94 57 114 74 100 120 38 105 111 86 147 110 116 138 109 84 152 85 122 94 78 0 103 89 113 103 83 124 83 109 139 116 96 100 96 95 97 124 79 87 112 50 52 93 87 62 96 89 97 66 92 112 86 77 44 82 81 89 116 72 98 81 89 86 87 103 90 111 114 121 113 91 48 94 120 58 117 72 99 99 80 107 64 124 149 113 140 61 85 92 109 71 99 73 91 76 90 79 73 115 84 58 141 83 91 103 39 112 69 84 110 91 96 133 103 82 149 83 124 96 76 10 107 90 107 97 96 109 99 95 95 116 92 99 108 109 99 113 115 85 75 50 82 119 118 127 143 166 91 90 101 122 148 63 62 78 104 134 37 36 60 91 124 20 16 51 85 120
31 23 41 6 16 45 37 51 46 61 23 26 44 25 18 61 35 101 18 48 11 29 26 10 13 71 68 46 44 58 13 31 49 27 56 14 43 41 48 13 37 81 61 48 37 15 29 24 4 19 39 84 42 10 26 33 12 9 49 12 32 46 43 71 45 17 42 45 8 53 37 35 50 79 43 65 10 42 103 0 47 12 35 22 27 38 10 55 40 53 40 21 32 31 34 47 18 10 64 56 14 55 61 7 23 30 37 43 20 23 27 87 44 25 24 32 40 87 23 40 32 40 11 14 10 60 50 49 37 60 9 20 46 16 47 12 25 47 21 54 21 75 53 64 47 28 29 21 52 43 45 53 28 14 24 31 17 28 45 60 47 72 28 66 53 36 35 28 31 49 32 40 30 70 33 67 9 40 107 5 43 7 32 62 20 8 10 51 31 25 46 50 13 35 25 55 19 31 56 41 79 48 29 42 72 74 39 4 31 66 79 48 28 42 71 93 68 56 64 86 112 93 84 89 106
62 26 31 52 46 12 47 6 47 77 38 45 16 45 31 32 31 131 49 8 36 19 36 49 55 111 113 90 11 42 36 62 46 54 34 33 7 88 7 49 66 127 106 94 83 44 19 56 44 45 55 116 30 42 42 23 42 42 36 51 31 12 34 51 86 40 7 83 53 27 65 25 7 125 75 34 41 15 89 47 0 57 19 33 49 69 56 102 31 10 13 61 16 18 80 75 34 49 40 39 34 9 79 44 58 18 39 5 39 55 46 95 9 31 25 35 62 118 39 7 17 73 38 44 48 102 95 92 10 43 44 49 41 52 70 36 24 75 33 26 61 121 96 110 60 60 19 67 18 82 69 87 42 38 40 44 45 58 44 107 77 25 24 54 95 34 67 73 67 7 61 16 22 117 63 37 48 18 89 51 4 53 17 17 35 50 47 87 35 22 10 91 41 16 71 97 41 52 43 11 39 30 51 82 116 27 8 43 78 112 40 30 52 83 116 63 58 71 96 125 90 86 95 115 140
37 32 52 7 25 53 46 61 47 68 34 35 55 26 29 66 40 102 27 59 21 40 30 19 5 69 63 42 53 69 21 24 60 23 67 25 54 33 57 21 30 73 55 39 29 25 38 30 13 29 48 85 53 16 36 44 16 20 61 8 43 54 47 82 44 21 52 34 4 59 30 41 61 70 47 71 21 53 113 12 57 0 42 33 25 43 5 46 44 62 48 24 41 40 25 51 29 9 75 67 25 65 68 18 28 39 48 53 23 30 36 95 54 36 34 36 47 88 34 50 43 43 19 24 10 58 44 45 47 71 20 18 57 11 53 22 33 51 27 65 12 67 50 56 56 34 39 16 63 43 51 55 38 26 34 41 18 34 56 52 50 81 35 76 50 47 40 23 34 58 25 48 41 62 39 72 18 51 117 7 53 7 40 71 25 15 19 52 34 35 55 48 18 43 19 51 29 40 67 51 86 53 26 31 61 83 49 15 22 57 90 59 37 40 65 104 79 63 65 83 123 102 91 92 105
58 12 39 39 40 11 50 21 30 81 36 44 29 26 24 27 13 130 43 25 25 19 18 40 40 104 103 81 11 55 23 43 54 36 48 23 21 75 16 42 48 115 96 81 71 38 9 51 32 40 57 114 39 27 41 27 27 33 47 36 34 12 17 66 79 23 19 65 39 20 46 6 25 112 72 32 32 26 103 35 19 42 0 31 31 66 43 88 14 21 7 53 9 8 67 73 29 34 55 52 26 27 82 35 52 9 44 15 21 50 45 102 23 30 20 16 62 116 37 15 19 69 24 37 33 94 84 83 13 56 35 32 49 36 70 24 12 73 16 41 44 109 87 98 64 56 14 55 34 75 69 83 42 31 38 45 28 55 51 94 74 41 8 66 87 39 63 62 62 17 43 6 24 104 60 34 39 28 104 39 17 41 7 30 18 40 39 82 16 16 14 84 26 5 59 89 37 51 54 22 45 18 33 65 99 44 15 31 64 99 59 42 50 75 106 81 70 75 93 119 106 98 101 115 137
30 21 20 26 14 36 21 39 54 51 6 14 25 38 8 57 38 100 16 32 16 15 34 18 34 78 81 58 35 37 20 49 30 44 34 14 28 59 37 18 55 97 75 66 54 12 22 24 21 12 27 85 21 24 11 13 26 13 28 31 10 37 45 50 54 28 27 66 29 49 55 34 34 95 43 61 12 23 83 22 33 33 31 0 41 37 30 73 42 41 32 29 23 24 52 44 4 30 43 35 10 40 52 16 25 23 18 31 30 23 15 74 27 4 11 37 32 87 7 27 17 41 20 12 28 69 63 60 25 39 14 37 26 35 40 16 21 44 26 33 42 91 63 80 35 28 18 37 32 49 39 55 12 8 8 15 32 26 26 78 45 57 26 46 63 15 34 42 35 37 50 34 12 88 31 63 18 21 87 26 30 27 24 49 27 21 17 55 37 16 37 59 26 28 41 65 9 21 35 24 71 47 44 63 92 58 26 19 50 84 59 27 20 50 84 71 48 45 64 93 91 75 72 85 108
58 26 59 27 41 41 60 51 23 87 45 50 55 5 34 47 22 126 44 54 26 39 13 36 21 94 86 67 41 76 21 13 71 6 71 28 49 54 46 39 18 93 78 58 52 40 32 50 24 44 64 109 59 19 49 47 16 33 67 18 50 42 26 89 68 13 47 36 25 40 16 26 55 90 69 52 33 52 124 27 49 25 31 41 0 64 29 66 25 51 37 47 35 32 46 73 37 18 79 74 31 57 88 32 49 32 58 44 12 50 51 113 51 43 36 17 66 112 46 44 41 66 21 39 18 82 68 70 41 78 34 8 66 15 73 26 28 73 18 66 19 87 74 76 73 55 35 41 61 67 71 79 51 36 47 54 10 54 67 72 73 71 25 86 74 55 62 48 57 47 13 36 43 81 60 53 35 52 126 26 46 28 33 60 16 34 36 76 16 33 43 72 16 34 43 75 43 57 75 49 69 34 3 36 71 73 43 26 44 75 87 64 54 64 88 107 89 82 89 107 130 115 110 115 130
8 54 44 38 26 72 26 74 83 28 31 24 57 63 42 92 70 65 23 66 44 51 63 29 47 44 53 32 71 52 48 66 39 64 55 44 63 45 73 26 72 73 49 53 41 28 57 15 41 26 19 49 46 47 27 47 49 34 47 48 39 73 78 63 25 54 62 72 41 85 72 68 69 72 7 97 35 57 83 38 69 43 66 37 64 0 38 57 75 77 68 19 59 59 43 9 37 47 62 52 40 75 27 34 16 58 35 67 57 16 23 55 61 38 46 68 12 51 30 63 53 6 46 29 47 37 39 32 61 55 32 58 40 52 12 44 55 9 56 60 54 69 34 59 23 10 54 31 63 18 10 19 27 35 29 26 55 11 36 59 9 90 60 53 33 38 3 29 10 73 67 70 47 67 6 99 30 53 89 39 66 37 60 85 56 31 30 20 67 51 73 29 50 64 33 36 29 18 49 59 107 82 67 68 84 92 62 40 42 66 85 51 18 22 56 87 53 25 28 58 97 69 50 52 72
32 32 49 5 21 53 42 60 50 63 30 31 53 29 27 68 42 98 22 57 20 38 32 14 9 66 61 40 53 65 21 29 56 27 64 24 53 33 57 16 34 72 54 39 28 21 38 25 12 25 43 81 50 17 32 42 18 17 57 12 40 54 49 79 40 23 51 39 5 60 35 42 60 70 42 73 18 51 109 10 56 5 43 30 29 38 0 46 46 62 49 19 41 40 25 47 26 12 72 64 23 64 63 15 23 39 44 52 26 25 32 90 53 33 33 38 43 84 30 49 41 38 19 20 12 54 42 42 46 68 17 22 53 15 48 21 33 46 28 63 17 67 47 55 51 29 38 13 61 39 46 51 34 23 31 37 21 29 52 52 46 81 36 73 47 43 35 21 29 57 30 49 39 61 34 74 14 49 113 5 52 3 40 71 27 10 15 48 37 34 55 44 19 44 17 48 26 35 63 50 87 55 31 35 63 83 48 13 22 57 88 56 32 36 64 101 75 59 61 80 119 98 86 87 101
57 77 90 51 61 99 77 106 87 83 71 68 98 68 72 111 85 88 60 103 66 84 75 56 49 47 28 28 98 104 67 57 92 61 105 69 98 15 103 56 58 28 21 8 20 62 84 56 58 64 74 71 92 62 71 86 62 61 97 54 82 100 91 116 36 66 96 43 50 104 60 87 105 25 55 116 63 96 139 55 102 46 88 73 66 57 46 0 89 108 94 47 87 85 22 62 70 55 113 103 68 110 81 59 53 85 83 98 69 57 69 108 98 76 78 80 68 75 70 95 87 53 65 61 56 37 21 30 92 107 60 60 91 54 68 67 79 60 73 106 47 22 32 12 79 56 84 37 105 42 66 54 72 67 71 74 63 58 88 6 58 127 81 108 33 84 56 32 49 103 58 94 84 16 58 117 56 93 146 51 98 49 86 117 71 53 57 48 79 80 101 35 63 89 32 31 66 68 101 95 132 98 66 38 31 129 94 59 25 11 131 98 65 36 29 140 109 81 60 55 153 125 102 86 83
68 21 52 43 49 20 62 31 17 92 47 54 42 22 34 23 5 139 52 38 31 31 15 47 41 111 107 85 21 68 28 38 67 31 61 31 34 77 26 49 41 116 99 82 73 47 22 60 36 50 68 123 52 31 52 40 29 41 60 37 47 20 4 79 85 24 32 60 42 15 39 9 37 113 81 27 40 39 116 40 31 44 14 42 25 75 46 89 0 29 18 60 22 20 68 83 39 35 68 65 35 37 93 42 60 21 56 26 21 59 55 114 36 42 32 9 72 125 48 28 32 78 30 46 35 100 88 88 27 69 43 30 62 36 80 31 21 83 20 54 43 110 93 99 75 65 26 59 47 82 79 92 53 40 49 56 27 64 64 95 83 49 16 79 93 52 72 66 69 26 37 15 36 104 69 29 46 41 117 42 29 45 20 37 20 47 46 90 11 27 22 90 28 18 63 94 47 62 68 35 44 10 27 61 96 51 27 37 66 99 70 55 60 81 109 93 83 86 102 125 119 111 113 125 145
71 31 40 58 54 11 57 4 45 86 47 54 25 46 38 24 31 140 57 16 42 27 38 56 60 119 120 97 10 50 41 64 55 56 43 39 16 94 6 57 68 134 113 100 90 52 24 65 50 53 64 125 39 47 51 32 47 49 45 56 40 10 31 59 94 44 16 86 59 21 66 25 13 131 84 26 48 24 96 53 10 62 21 41 51 77 62 108 29 0 14 69 21 23 86 84 42 54 47 48 42 10 88 51 66 23 48 11 42 63 54 104 18 40 32 35 71 127 48 15 25 82 43 52 53 110 102 99 17 51 51 52 50 56 79 42 29 84 36 33 65 128 103 116 70 69 25 73 26 90 78 96 51 45 49 53 48 67 54 113 86 21 28 62 103 43 75 80 76 5 63 16 31 123 72 29 55 27 95 57 12 59 22 10 39 57 55 96 36 29 8 99 45 19 77 105 50 61 51 20 30 25 53 86 119 23 16 49 83 118 42 39 60 90 123 68 66 80 105 134 96 94 104 124 149
61 18 38 45 44 5 51 14 35 81 38 46 25 33 27 25 19 132 47 20 29 19 25 44 47 108 108 85 5 52 28 50 53 43 45 27 16 81 10 46 54 121 101 87 77 42 12 55 37 43 58 117 37 33 43 26 33 37 45 42 34 6 21 62 83 30 14 72 45 18 53 12 20 118 75 29 36 23 100 40 13 48 7 32 37 68 49 94 18 14 0 57 10 10 73 76 32 40 51 49 30 21 83 39 56 11 43 9 28 54 46 102 19 31 22 22 63 119 39 11 18 72 30 41 39 99 89 88 10 53 39 39 48 43 72 29 16 76 23 37 51 115 92 103 64 59 15 61 30 79 70 86 44 34 40 46 34 58 50 100 77 35 14 63 91 38 66 67 65 10 49 4 23 110 63 31 43 25 100 44 11 46 9 24 25 45 43 86 23 18 7 88 32 6 64 93 40 53 52 18 40 19 39 72 106 37 11 36 70 105 52 39 52 79 111 76 67 75 96 123 102 95 101 117 140
14 41 44 20 16 62 30 66 67 46 25 22 53 46 31 80 56 80 14 60 30 42 47 14 28 52 52 29 61 57 33 48 46 46 58 31 56 33 64 12 53 69 46 41 29 17 46 10 25 18 29 63 46 31 24 41 33 21 50 30 36 63 63 70 26 38 55 55 23 72 53 54 63 67 23 84 22 52 96 21 61 24 53 29 47 19 19 47 60 69 57 0 49 48 29 28 27 30 66 57 28 69 45 19 7 47 36 58 41 10 22 72 55 32 37 53 26 66 25 55 45 20 31 18 29 42 35 31 52 60 19 40 44 34 30 30 42 27 41 60 35 64 35 53 36 11 44 14 60 23 28 33 25 24 25 27 38 12 42 51 27 85 47 62 35 37 16 16 11 64 48 58 40 60 16 86 15 49 101 21 58 19 49 77 41 14 15 30 51 41 63 31 34 53 17 37 21 22 55 53 97 68 49 50 71 87 53 24 27 57 86 51 19 22 55 93 63 41 43 66 108 83 68 69 85
52 11 31 37 35 14 42 20 38 73 29 37 22 30 18 34 20 123 38 20 21 10 22 36 40 99 99 77 13 46 21 47 46 39 40 18 15 73 16 37 52 113 93 79 69 33 3 45 29 34 49 108 31 26 34 19 27 28 39 35 26 15 26 58 74 24 13 68 38 27 50 14 21 110 66 38 28 19 95 32 16 41 9 23 35 59 41 87 22 21 10 49 0 3 65 66 23 34 48 44 21 24 74 30 47 3 35 12 24 44 37 94 17 22 13 22 55 109 30 10 10 63 23 32 32 90 81 79 7 48 30 34 41 37 63 21 9 67 17 34 45 107 83 96 56 50 6 52 28 70 61 77 35 25 31 37 29 48 43 92 68 40 10 58 83 31 57 59 56 17 46 11 15 102 54 40 35 20 96 36 12 39 3 30 20 37 34 77 22 9 15 79 26 6 56 85 31 44 46 15 49 26 37 67 100 42 9 28 63 97 53 34 43 70 102 74 61 67 87 114 99 89 93 108 131
52 9 33 36 34 14 43 22 36 74 30 37 24 28 18 34 18 123 37 22 20 12 20 35 38 99 98 76 14 48 19 44 47 37 42 17 17 72 18 36 49 111 92 78 67 32 2 45 28 34 50 108 32 25 34 20 25 28 41 34 27 15 24 60 73 22 15 66 36 26 48 12 23 109 66 38 27 21 97 31 18 40 8 24 32 59 40 85 20 23 10 48 3 0 64 67 23 32 50 46 20 26 75 29 46 2 37 14 21 44 38 95 19 23 13 20 55 109 30 12 12 63 21 31 30 89 80 78 9 50 30 32 42 35 63 20 7 67 15 36 43 106 82 94 57 50 6 51 30 70 62 77 35 25 32 38 27 48 44 91 68 42 7 60 82 32 57 58 56 18 44 11 17 101 54 40 34 22 98 35 14 37 1 32 18 36 33 76 20 9 16 78 24 5 55 84 31 44 48 17 49 25 35 65 98 44 11 27 61 96 56 35 43 70 101 76 63 67 87 114 101 91 94 108 131
41 56 70 29 40 77 59 85 68 71 51 49 77 48 51 90 64 90 40 81 45 62 54 35 28 52 40 25 77 85 45 39 74 42 85 48 77 9 81 35 43 49 33 15 6 41 62 38 37 44 57 73 72 40 51 65 41 40 77 32 61 78 70 98 30 45 75 34 28 83 44 66 84 46 44 95 41 74 124 34 80 25 67 52 46 43 25 22 68 86 73 29 65 64 0 50 49 34 93 84 47 88 69 38 35 63 64 76 48 39 50 97 77 56 57 60 53 76 50 73 65 40 43 41 35 40 23 28 71 88 39 40 72 33 55 45 57 49 51 85 28 43 33 31 63 39 62 16 84 33 53 47 53 45 51 55 42 40 70 27 47 105 60 90 33 64 41 14 34 82 41 73 62 37 42 96 35 72 129 29 76 27 65 95 50 32 36 42 58 59 79 33 42 68 12 33 46 50 82 74 111 78 47 28 43 107 72 38 3 33 110 77 47 28 43 121 91 67 56 64 136 111 92 84 89
16 62 48 47 34 79 29 80 92 21 38 30 63 72 50 100 79 57 31 71 52 58 72 38 55 41 53 35 78 54 56 75 41 73 58 53 69 51 79 35 81 75 51 58 47 36 65 24 50 33 22 42 50 56 34 53 58 43 50 57 45 80 86 63 27 63 68 81 50 92 81 76 75 74 7 104 43 62 79 47 75 51 73 44 73 9 47 62 83 84 76 28 66 67 50 0 45 56 64 54 48 81 20 42 24 66 39 74 66 24 30 48 67 45 54 77 14 43 37 70 59 10 55 37 56 37 43 34 68 56 41 66 42 61 8 53 63 2 64 64 62 71 35 62 22 19 61 39 67 21 8 15 33 43 36 32 64 20 38 63 4 96 68 53 34 43 12 37 18 80 76 77 54 71 14 106 39 59 86 48 72 46 67 91 65 40 39 18 76 59 80 30 59 71 41 37 36 24 51 65 113 90 75 76 90 97 69 49 49 70 88 54 24 26 56 86 52 20 22 55 94 64 42 43 66
30 19 24 23 13 36 24 39 51 53 9 16 28 34 6 56 36 101 15 33 12 15 31 15 30 77 79 56 35 41 17 45 34 40 38 11 29 56 37 16 52 95 73 63 52 11 21 23 17 12 29 85 25 20 13 16 22 10 32 27 14 37 43 54 53 25 28 62 25 48 51 32 36 92 43 60 9 26 87 18 34 29 29 4 37 37 26 70 39 42 32 27 23 23 49 45 0 26 47 39 7 42 54 12 24 22 22 32 27 22 16 77 29 7 10 35 33 87 9 28 18 41 17 10 24 68 61 58 25 43 11 33 30 31 42 12 19 45 23 37 38 89 62 78 37 28 18 34 35 48 40 55 15 4 11 18 28 26 30 75 46 58 24 50 61 19 35 40 34 38 46 34 14 85 32 62 15 23 91 22 31 24 24 50 24 18 14 54 34 15 37 58 22 27 39 64 9 23 39 26 71 46 40 60 89 60 27 15 47 81 62 30 21 49 82 75 52 47 65 92 95 78 75 87 109
41 24 49 10 26 44 46 53 39 71 32 36 50 17 24 57 31 109 28 52 15 33 21 20 7 77 72 51 44 66 13 21 58 18 63 19 47 42 49 23 27 82 64 47 38 25 31 34 9 29 49 92 50 8 35 39 7 18 57 2 39 45 38 79 52 12 45 37 8 50 27 32 54 79 52 62 19 47 112 10 49 9 34 30 18 47 12 55 35 54 40 30 34 32 34 56 26 0 71 64 20 57 71 17 32 31 46 45 15 33 37 97 48 32 29 27 50 95 32 43 36 49 12 23 2 66 53 54 40 68 19 11 55 6 56 16 25 56 18 60 13 76 59 65 57 38 32 25 57 50 54 61 37 23 33 40 9 38 54 61 56 73 27 75 58 44 45 32 40 49 22 40 35 70 43 63 19 46 116 9 45 11 32 63 16 17 19 59 25 28 47 56 9 35 28 60 28 41 64 45 77 44 20 35 67 75 41 11 31 65 84 55 38 48 74 100 77 66 72 91 120 102 94 98 113
58 54 24 69 53 51 38 43 84 55 43 45 26 75 48 71 67 112 54 32 57 41 68 59 76 104 114 92 49 11 60 90 24 83 9 54 35 99 46 58 96 134 110 106 94 52 49 57 63 50 43 101 22 65 42 33 67 56 16 73 33 51 72 12 86 67 37 108 71 66 95 61 34 132 67 72 55 29 50 64 40 75 55 43 79 62 72 113 68 47 51 66 48 50 93 64 47 71 0 10 52 38 58 58 60 49 30 43 68 56 44 64 33 40 44 69 51 101 43 41 39 68 61 53 70 99 99 93 42 9 56 77 23 76 57 57 53 65 62 15 84 128 95 118 43 59 45 77 22 79 57 78 41 50 43 39 72 57 27 116 67 45 56 18 94 30 62 81 67 46 90 54 37 126 59 75 59 28 50 68 41 70 50 47 64 63 58 81 69 47 50 90 66 51 82 97 48 46 14 34 71 69 82 106 134 45 41 61 91 123 25 17 49 83 117 29 22 51 84 118 52 48 66 94 125
49 49 16 61 44 50 28 44 81 47 34 35 24 70 41 71 64 103 44 32 50 36 63 51 69 95 104 82 48 3 53 83 14 77 6 47 34 89 46 49 89 124 100 97 85 44 45 48 56 41 33 92 15 58 33 27 60 48 7 66 25 50 69 16 76 61 35 101 63 66 88 57 35 122 58 73 47 27 52 56 39 67 52 35 74 52 64 103 65 48 49 57 44 46 84 54 39 64 10 0 44 40 49 50 51 45 21 42 62 47 35 58 31 32 38 65 41 92 35 39 34 58 54 45 63 89 89 83 39 5 48 70 13 69 47 50 48 56 56 15 76 119 85 108 34 49 41 68 23 70 47 68 32 42 34 30 65 47 17 107 58 50 52 15 85 21 52 72 57 46 83 52 31 116 49 76 51 24 53 60 39 61 46 50 58 54 50 71 65 41 49 80 59 48 72 87 39 37 5 31 75 67 76 98 125 51 39 54 82 113 34 11 39 73 107 37 19 42 74 108 57 47 60 86 116
33 15 29 19 15 34 30 39 46 59 14 21 31 28 5 53 31 104 18 35 6 16 25 15 25 79 79 56 33 46 11 40 40 34 43 5 31 54 37 16 46 93 72 61 50 13 18 26 12 16 35 89 30 14 19 20 16 8 38 22 20 35 39 60 54 19 29 57 21 45 45 28 38 91 46 57 7 28 93 14 34 25 26 10 31 40 23 68 35 42 30 28 21 20 47 48 7 20 52 44 0 43 59 10 27 19 28 31 21 25 22 83 31 13 10 29 38 91 15 28 19 44 11 12 19 69 61 58 25 49 10 27 36 25 46 6 15 48 17 41 33 88 62 76 43 31 17 33 38 50 44 58 21 6 16 24 22 29 36 73 49 59 20 55 62 25 38 39 36 37 40 31 16 83 35 59 14 27 96 18 31 20 21 50 18 16 14 57 28 13 36 59 16 25 37 64 13 28 45 28 69 42 34 55 85 61 27 10 44 79 65 35 26 50 82 80 58 53 68 94 101 84 80 91 111
69 34 35 60 54 18 52 7 53 81 45 52 19 53 39 33 38 136 56 10 44 27 44 56 64 118 120 97 17 42 45 70 48 62 35 41 13 96 12 57 74 135 114 103 92 52 27 63 53 52 60 122 33 50 48 29 51 50 38 59 36 17 40 50 94 48 14 91 61 30 73 32 7 133 81 35 49 19 87 55 9 65 27 40 57 75 64 110 37 10 21 69 24 26 88 81 42 57 38 40 43 0 83 52 65 27 43 13 47 62 52 97 14 38 33 42 67 123 46 15 24 80 46 52 56 109 102 99 18 43 51 58 44 61 76 44 33 81 41 25 69 130 103 118 65 67 27 75 18 89 74 93 49 45 47 50 53 65 48 115 83 17 33 54 102 39 73 81 74 11 69 23 29 125 70 37 56 23 86 60 13 62 26 11 44 58 55 94 43 30 16 99 49 24 79 105 48 58 44 17 36 34 59 91 124 19 17 51 86 121 33 32 58 90 123 59 58 75 102 132 86 86 98 119 146
32 72 49 63 47 86 32 84 104 3 46 39 64 85 59 107 89 55 44 74 64 64 84 52 72 53 70 54 84 48 69 91 37 88 54 64 73 70 84 49 97 92 68 77 67 48 73 38 64 45 26 44 50 69 41 57 72 56 47 72 49 86 97 54 46 76 73 99 66 100 97 85 77 92 26 111 55 65 62 61 79 68 82 52 88 27 63 81 93 88 83 45 74 75 69 20 54 71 58 49 59 83 0 56 40 74 41 79 79 39 38 28 70 52 62 88 22 44 45 75 65 30 68 50 71 53 61 52 74 50 54 81 40 76 16 64 72 21 76 62 79 89 52 80 19 35 69 58 67 39 18 30 40 54 44 37 78 34 36 82 23 96 77 43 51 45 29 56 37 85 92 85 60 89 30 113 53 61 70 63 77 62 75 93 77 55 52 34 87 67 86 48 72 79 60 54 47 32 45 69 118 99 90 94 110 98 74 62 68 89 82 53 34 45 72 75 41 8 30 65 78 46 24 37 68
27 23 35 12 10 43 30 49 50 56 16 19 39 30 14 61 37 98 12 44 11 25 30 6 20 70 70 47 43 51 15 38 43 34 49 13 40 45 46 8 44 84 63 52 40 8 28 19 9 13 33 81 36 14 19 27 17 3 43 18 25 44 45 65 45 21 38 52 14 53 43 36 47 81 40 66 4 37 96 7 44 18 35 16 32 34 15 59 42 51 39 19 30 29 38 42 12 17 58 50 10 52 56 0 19 28 31 41 24 19 20 81 40 19 20 35 34 84 16 37 28 36 13 7 16 60 51 49 35 54 3 26 39 22 41 11 24 42 23 48 28 78 53 67 41 24 26 23 47 41 40 50 21 8 17 24 22 23 38 64 43 68 28 59 53 29 31 29 28 47 38 40 25 74 29 68 5 35 100 11 40 12 30 60 23 7 5 49 34 23 45 50 17 34 28 55 12 25 49 37 78 50 35 49 77 70 36 7 35 70 73 42 22 41 73 86 61 50 60 85 105 86 78 85 104
9 40 38 23 12 60 24 63 68 41 21 16 49 48 29 79 56 79 10 56 29 39 48 14 32 53 57 34 59 51 33 52 40 49 52 30 53 40 61 11 57 74 51 47 35 14 44 3 26 14 22 63 40 32 19 37 34 20 45 33 31 61 64 64 29 39 51 60 26 71 57 54 59 72 21 83 20 48 89 23 58 28 52 25 49 16 23 53 60 66 56 7 47 46 35 24 24 32 60 51 27 65 40 19 0 45 31 56 42 4 16 67 52 28 34 53 20 65 20 52 42 18 32 15 32 44 40 35 49 54 18 42 38 37 25 30 41 24 41 55 40 69 38 58 29 6 42 20 56 24 23 32 20 22 20 21 40 7 36 57 24 81 46 56 38 32 13 22 10 62 52 57 37 66 11 85 15 45 95 24 55 22 47 74 41 16 15 31 52 38 61 34 35 51 24 40 17 15 48 49 95 68 51 56 77 83 51 25 33 63 80 46 12 25 60 87 57 36 42 68 102 77 63 67 85
51 8 32 35 33 15 42 22 36 73 29 36 24 28 17 35 19 122 36 22 19 11 20 34 38 98 97 75 15 48 19 44 46 37 42 17 17 71 18 35 49 111 91 77 67 31 1 44 27 33 49 107 32 24 33 19 24 27 40 33 26 16 25 60 73 22 15 65 36 27 48 13 23 108 64 39 26 20 97 30 18 39 9 23 32 58 39 85 21 23 11 47 3 2 63 66 22 31 49 45 19 27 74 28 45 0 36 14 21 43 37 94 19 22 12 20 54 108 29 12 11 62 20 30 30 88 79 77 9 49 29 32 41 35 62 19 6 66 15 35 43 105 81 93 56 49 6 50 30 69 61 76 34 24 31 37 27 47 44 90 67 43 8 59 81 31 56 57 55 19 44 12 16 100 53 41 33 22 98 34 15 36 2 33 18 35 32 75 20 8 17 77 23 6 54 83 30 43 47 17 50 26 35 65 98 45 11 26 60 95 56 35 42 69 100 76 63 67 86 113 101 90 93 107 130
30 37 10 42 24 46 10 44 70 39 15 15 25 55 25 68 53 93 24 34 33 26 50 31 50 78 85 63 44 22 38 66 13 61 22 31 32 69 44 29 73 104 81 77 64 24 35 28 38 21 17 80 12 41 13 18 43 29 14 48 10 47 60 35 57 45 32 82 45 61 72 48 37 102 41 71 28 25 66 37 39 48 44 18 58 35 44 83 56 48 43 36 35 37 64 39 22 46 30 21 28 43 41 31 31 36 0 39 47 27 15 59 30 16 25 53 25 81 15 35 26 40 38 25 45 71 70 64 34 24 29 54 9 52 33 33 36 40 42 26 58 99 67 88 22 30 31 48 29 51 32 52 12 24 14 10 49 28 9 87 42 58 41 29 66 5 34 51 38 45 67 46 21 96 31 74 31 21 70 41 37 42 37 54 44 35 30 54 53 30 46 62 43 40 52 69 19 18 19 28 78 61 61 79 105 59 34 36 61 93 51 16 19 54 89 58 31 33 60 92 75 57 58 77 104
60 22 32 48 44 9 47 9 43 77 37 44 18 40 28 30 27 130 46 12 32 17 32 46 51 109 110 87 7 44 32 57 47 50 37 29 8 84 6 47 62 124 103 91 80 42 15 54 40 43 54 115 31 38 41 22 38 39 38 47 30 9 30 54 84 35 7 79 49 24 60 20 11 121 74 33 38 16 92 43 5 53 15 31 44 67 52 98 26 11 9 58 12 14 76 74 32 45 43 42 31 13 79 41 56 14 39 0 34 53 44 96 11 29 22 30 61 117 38 5 15 72 34 41 44 99 92 89 7 45 41 45 42 48 69 32 20 74 28 29 56 118 93 107 60 58 15 63 22 79 68 85 41 35 38 43 40 57 45 103 75 29 20 56 93 34 65 70 65 7 57 12 20 113 62 36 45 19 92 47 3 50 13 19 31 47 44 85 31 19 8 89 37 11 67 95 39 51 45 12 40 26 47 78 111 31 6 39 74 108 44 32 50 80 113 68 60 71 95 123 94 88 96 114 139
50 14 47 22 32 32 50 42 27 78 35 40 43 8 23 43 17 121 36 43 15 27 7 29 20 91 86 65 32 64 11 24 59 17 60 17 38 56 37 31 29 96 78 61 52 31 21 43 17 35 54 104 47 11 39 35 9 24 56 16 38 33 24 77 65 4 36 45 21 36 28 19 44 93 63 48 24 40 112 20 39 23 21 30 12 57 26 69 21 42 28 41 24 21 48 66 27 15 68 62 21 47 79 24 42 21 47 34 0 42 41 103 40 32 24 13 57 106 35 33 30 59 11 29 14 79 67 68 30 66 25 11 55 15 65 15 16 65 7 55 23 90 72 79 63 47 24 38 50 62 63 73 41 26 36 44 7 46 56 74 66 62 15 74 72 44 54 46 51 38 23 27 31 84 52 49 27 40 115 22 35 24 22 51 4 27 28 71 11 22 34 69 8 24 42 73 33 47 63 37 64 30 15 44 78 64 32 18 45 79 76 52 45 61 88 96 77 72 83 105 118 104 100 108 125
9 39 35 25 11 58 20 61 68 39 18 12 46 48 27 77 55 80 7 53 28 37 48 14 34 56 60 37 56 47 32 53 36 50 49 29 50 43 59 11 59 78 55 51 39 13 42 2 26 11 19 64 37 32 15 34 34 19 41 34 28 59 63 60 32 39 49 63 28 70 59 53 56 76 22 82 19 44 86 23 55 30 50 23 50 16 25 57 59 63 54 10 44 44 39 24 22 33 56 47 25 62 39 19 4 43 27 53 42 0 13 65 49 25 32 53 18 66 17 49 39 19 31 14 33 47 43 38 47 50 17 43 34 38 24 29 40 24 41 51 41 73 42 62 27 6 39 24 52 27 22 33 16 20 16 17 40 5 32 60 25 78 44 52 41 28 13 26 13 59 54 55 34 70 11 84 15 41 91 25 52 24 45 71 41 17 15 33 52 36 59 37 35 49 27 44 14 12 45 46 92 67 52 59 81 80 48 25 37 67 77 42 9 29 63 83 53 34 43 71 98 74 61 67 87
17 34 23 30 12 50 10 51 67 38 9 1 35 49 21 71 52 86 11 43 27 28 46 18 39 66 72 49 49 36 31 57 25 53 36 26 40 55 50 17 63 90 67 63 50 12 36 14 28 8 14 71 24 33 4 24 35 19 29 38 16 51 59 49 44 39 39 70 33 64 63 48 46 88 30 75 19 34 77 27 46 36 45 15 51 23 32 69 55 54 46 22 37 38 50 30 16 37 44 35 22 52 38 20 16 37 15 44 41 13 0 62 38 16 25 50 18 73 8 40 30 28 31 14 36 59 56 50 38 38 18 46 22 42 26 27 34 30 38 39 47 85 53 74 22 16 32 34 40 38 25 42 4 16 7 5 41 14 21 72 32 68 40 41 53 16 22 37 24 51 58 48 24 82 19 77 19 30 82 30 43 30 39 62 39 22 18 42 49 30 51 49 36 42 38 55 9 7 33 36 84 61 54 67 92 69 39 26 48 79 65 30 6 40 75 72 43 32 51 81 88 66 59 71 95
59 94 65 89 72 104 54 100 128 27 69 63 79 110 82 126 112 59 69 88 88 84 107 78 98 74 94 80 102 56 93 117 50 114 64 87 89 98 101 75 124 117 94 105 94 73 93 65 89 69 49 57 66 94 64 76 97 80 59 98 69 104 118 55 72 100 89 126 92 119 123 106 91 116 54 129 80 81 44 87 95 95 102 74 113 55 90 108 114 104 102 72 94 95 97 48 77 97 64 58 83 97 28 81 67 94 59 96 103 65 62 0 86 73 83 111 48 55 68 92 84 57 92 75 96 77 88 79 92 56 79 107 54 102 44 88 94 49 99 73 106 114 78 106 41 62 89 85 80 67 45 55 63 78 67 60 103 61 52 108 50 107 99 46 77 64 57 83 64 101 118 104 79 115 57 131 79 78 53 89 94 89 96 107 100 81 78 60 110 88 103 74 97 99 87 80 71 57 54 85 132 119 115 122 137 108 92 87 96 115 87 66 60 72 96 70 42 32 52 82 63 29 8 42 76
55 26 22 49 40 20 39 15 53 69 32 38 7 46 26 40 36 122 43 5 33 15 39 44 54 104 107 84 18 34 35 63 37 56 27 30 3 84 16 44 68 123 101 91 79 39 19 50 41 38 47 108 21 40 35 15 41 37 28 49 23 20 40 44 80 40 5 83 50 35 67 29 8 121 68 43 36 6 82 44 9 54 23 27 51 61 53 98 36 18 19 55 17 19 77 67 29 48 33 31 31 14 70 40 52 19 30 11 40 49 38 86 0 24 21 38 54 110 32 9 12 66 36 39 46 95 89 86 10 35 39 50 32 52 62 33 24 68 33 18 60 117 90 106 52 54 17 62 12 75 61 80 35 33 33 36 45 52 36 103 69 30 26 46 89 26 59 68 61 16 62 22 16 113 56 46 43 9 82 48 9 50 19 24 36 46 43 80 38 20 18 85 40 19 67 92 35 44 34 3 48 37 53 82 114 32 9 40 74 109 37 21 44 77 110 58 49 63 88 119 84 78 86 106 132
32 22 17 30 17 35 20 36 55 51 8 15 22 40 10 56 39 101 19 29 18 13 35 21 37 80 84 61 34 34 22 52 28 46 31 16 25 62 35 21 58 100 78 69 57 15 21 26 24 15 27 86 18 26 12 10 29 17 26 34 7 36 46 47 56 30 24 69 32 49 57 34 32 98 45 60 15 20 81 25 31 36 30 4 43 38 33 76 42 40 31 32 22 23 56 45 7 32 40 32 13 38 52 19 28 22 16 29 32 25 16 73 24 0 10 38 33 88 9 25 15 43 23 16 31 72 66 62 23 36 17 39 24 38 41 18 21 45 27 30 45 94 66 83 34 30 17 40 29 51 40 57 13 11 10 15 34 28 24 81 47 54 26 43 65 12 36 45 37 36 52 33 9 91 33 62 21 18 84 29 28 31 24 47 29 24 20 57 38 15 36 61 28 27 45 68 11 22 32 22 69 47 46 66 96 56 24 22 53 87 55 24 21 53 87 68 46 45 66 95 89 73 72 86 110
39 12 23 29 22 26 30 30 46 61 17 24 22 32 6 47 29 110 25 25 14 6 26 24 34 87 88 65 25 40 16 46 37 40 36 11 21 64 28 25 52 103 82 71 60 20 12 33 22 21 37 95 24 21 21 12 23 18 32 30 16 27 36 53 62 23 19 65 31 39 51 24 28 101 53 51 17 19 89 24 25 34 20 11 36 46 33 78 32 32 22 37 13 13 57 54 10 29 44 38 10 33 62 20 34 12 25 22 24 32 25 83 21 10 0 29 42 97 18 18 9 51 17 20 27 78 70 67 16 43 19 33 32 33 50 14 11 54 19 32 41 97 71 86 44 37 8 43 29 58 49 65 22 13 19 25 28 36 33 83 55 49 16 51 71 21 44 49 44 28 46 24 8 93 41 53 24 18 91 28 21 30 14 41 21 26 23 64 28 5 27 67 22 18 47 73 18 31 39 18 61 37 39 63 94 51 17 20 54 89 56 28 30 59 91 72 54 55 74 102 95 81 82 95 118
61 17 51 35 43 25 58 36 17 87 43 50 43 13 30 31 5 132 46 40 25 30 7 40 33 103 98 77 26 67 21 30 65 23 62 25 36 68 31 43 33 107 91 73 65 41 21 54 29 44 63 116 51 23 47 39 21 34 59 28 44 26 11 79 77 16 34 52 34 24 32 11 41 105 74 36 34 40 116 32 35 36 16 37 17 68 38 80 9 35 22 53 22 20 60 77 35 27 69 65 29 42 88 35 53 20 53 30 13 53 50 111 38 38 29 0 67 118 43 30 31 71 22 40 26 92 80 80 28 69 36 21 60 27 75 25 18 77 13 55 34 102 85 90 71 58 25 51 49 75 73 85 49 35 45 52 19 57 62 86 77 55 14 78 84 49 66 58 62 32 29 20 34 96 63 37 39 41 118 34 32 37 20 44 13 39 39 83 2 25 27 82 20 19 54 86 42 57 67 37 53 18 19 53 87 57 29 29 57 90 74 55 54 73 101 96 82 82 95 117 120 110 109 119 137
12 52 34 42 25 67 16 67 83 22 26 18 49 64 39 88 69 69 23 58 43 45 62 31 51 54 65 44 66 41 47 70 28 67 44 43 56 56 67 28 76 85 61 63 51 27 53 18 42 23 8 55 36 48 21 39 51 34 36 51 31 68 76 51 37 55 55 80 45 81 76 65 61 84 17 92 34 49 72 40 62 47 62 32 66 12 43 68 72 71 63 26 55 55 53 14 33 50 51 41 38 67 22 34 20 54 25 61 57 18 18 48 54 33 42 67 0 57 25 57 47 18 46 28 49 49 51 44 55 43 33 60 29 55 9 43 52 15 55 50 59 81 46 71 11 15 49 39 54 30 8 28 20 33 24 18 56 14 25 71 17 82 57 41 45 29 13 39 20 67 71 65 41 79 11 94 32 45 78 42 59 41 56 77 55 34 31 30 66 47 67 40 51 59 42 48 26 11 37 51 100 79 69 75 95 84 56 41 51 78 74 40 13 34 68 75 42 17 36 68 85 58 44 54 79
58 105 90 86 76 122 71 123 132 47 81 73 105 111 92 143 121 15 73 114 94 101 112 78 92 29 52 52 121 91 98 111 79 111 97 95 112 72 122 76 115 73 56 76 71 78 107 65 90 76 64 4 91 96 76 95 98 85 90 95 87 123 128 97 47 103 111 109 88 135 116 118 117 73 45 147 85 105 98 87 118 88 116 87 112 51 84 75 125 127 119 66 109 109 76 43 87 95 101 92 91 123 44 84 65 108 81 117 106 66 73 55 110 88 97 118 57 0 80 112 102 48 96 79 95 39 56 49 111 93 82 105 82 98 48 94 105 43 106 104 98 72 45 69 60 61 104 73 109 46 49 34 76 85 79 74 103 62 78 73 42 138 110 86 44 85 53 67 56 123 112 120 97 76 56 149 80 101 107 86 115 84 110 133 106 80 79 37 117 101 123 44 99 114 72 46 79 66 88 108 156 132 114 104 105 139 112 89 77 79 126 95 67 49 53 118 84 51 24 30 117 82 48 15 24
23 27 20 27 10 43 15 45 60 45 1 7 30 43 14 64 45 93 11 37 21 21 39 16 36 72 76 53 42 36 25 53 27 48 35 19 34 56 43 15 59 93 70 64 51 10 29 18 23 7 20 78 22 28 5 18 30 14 28 34 12 44 52 49 48 33 33 67 30 56 58 41 40 91 36 68 14 28 81 23 39 34 37 7 46 30 30 70 48 48 39 25 30 30 50 37 9 32 43 35 15 46 45 16 20 29 15 38 35 17 8 68 32 9 18 43 25 80 0 33 23 35 25 11 31 64 59 54 32 39 14 40 24 38 33 21 27 37 31 36 44 88 58 76 28 22 25 35 36 43 32 48 6 10 2 9 36 20 23 74 38 62 32 43 57 14 28 39 29 44 53 41 18 84 25 70 17 25 84 27 36 27 31 55 33 20 16 48 43 22 44 53 30 35 39 60 5 14 34 30 77 54 48 64 91 64 33 21 48 81 62 28 13 45 79 72 46 39 57 87 90 71 66 78 102
56 20 28 45 40 12 43 12 44 73 33 40 15 39 24 34 28 126 43 11 29 13 31 42 49 105 106 83 10 41 30 56 43 49 34 26 6 81 11 43 61 121 100 88 77 38 13 50 38 39 50 111 27 35 37 18 36 35 35 45 26 13 32 52 80 34 4 77 46 28 60 21 12 118 69 37 34 13 89 40 7 50 15 27 44 63 49 95 28 15 11 55 10 12 73 70 28 43 41 39 28 15 75 37 52 12 35 5 33 49 40 92 9 25 18 30 57 112 33 0 11 67 31 38 41 95 88 85 3 42 37 44 38 46 65 29 18 70 27 26 54 115 89 103 56 54 12 60 20 76 64 81 37 31 34 39 39 53 41 100 71 32 19 53 89 30 61 66 61 11 56 14 16 110 58 40 41 15 90 45 3 47 12 23 29 44 41 81 31 15 12 85 35 11 64 91 35 47 42 8 44 29 46 76 109 34 2 36 71 106 44 29 46 76 109 66 57 67 90 119 92 85 92 110 135
46 16 21 37 30 21 33 22 47 64 22 30 14 37 15 43 30 115 32 17 22 3 30 33 42 94 96 73 19 37 24 53 36 46 31 19 12 73 21 33 58 112 90 79 68 28 11 40 30 28 40 101 21 29 26 9 30 26 29 38 17 22 36 49 70 30 11 73 39 36 57 24 19 109 59 46 25 11 86 32 17 43 19 17 41 53 41 87 32 25 18 45 10 12 65 59 18 36 39 34 19 24 65 28 42 11 26 15 30 39 30 84 12 15 9 31 47 102 23 11 0 57 25 28 35 85 79 75 9 38 28 40 31 41 55 22 14 60 24 26 49 106 79 94 47 44 7 51 21 65 54 71 27 21 24 29 34 42 33 92 61 41 18 48 79 21 50 57 51 21 52 20 6 102 47 49 32 11 87 37 14 39 13 33 26 35 31 71 31 9 21 75 29 15 55 81 25 36 36 9 55 35 44 71 103 43 10 28 63 97 48 24 36 66 100 66 52 58 80 109 90 80 84 100 124
12 58 49 39 29 76 31 79 86 31 35 29 63 65 46 96 73 62 26 71 47 55 65 31 47 38 47 27 75 58 51 66 45 65 61 48 68 41 77 29 72 68 44 49 37 31 61 18 43 30 25 45 51 49 32 52 51 37 53 49 44 77 81 69 19 56 67 71 42 88 72 71 74 67 4 100 38 62 87 40 73 43 69 41 66 6 38 53 78 82 72 20 63 63 40 10 41 49 68 58 44 80 30 36 18 62 40 72 59 19 28 57 66 43 51 71 18 48 35 67 57 0 49 32 48 32 34 26 65 60 35 59 45 53 16 47 58 9 59 66 54 63 28 54 28 14 58 30 68 12 14 15 32 39 34 32 57 15 42 54 8 96 63 59 27 43 7 27 9 78 67 74 52 62 10 103 32 58 94 40 70 38 64 89 59 33 32 14 70 55 77 23 52 68 31 30 33 23 55 64 111 85 68 66 81 97 66 42 39 61 90 56 23 17 50 92 59 29 25 53 102 73 52 50 68
40 13 39 15 22 34 39 42 38 67 24 30 38 19 14 50 25 110 25 40 5 22 17 18 18 82 79 57 34 56 2 30 50 24 52 8 35 51 38 21 36 91 72 57 47 20 20 32 8 24 44 94 39 5 28 28 6 13 48 14 30 36 33 69 56 9 33 48 16 42 35 24 42 88 52 55 13 35 103 11 38 19 24 20 21 46 19 65 30 43 30 31 23 21 43 55 17 12 61 54 11 46 68 13 32 20 38 34 11 31 31 92 36 23 17 22 46 96 25 31 25 49 0 19 10 71 60 60 29 58 15 17 46 16 54 5 15 55 10 49 24 85 64 74 52 37 20 31 45 53 52 63 30 15 26 33 12 36 46 70 55 63 17 65 64 34 44 38 41 39 30 30 24 80 41 56 17 34 106 15 34 17 22 52 10 17 17 61 21 17 36 61 6 25 35 65 22 36 55 34 69 38 24 47 78 65 30 8 41 75 73 45 34 52 82 89 68 62 73 96 111 94 89 97 116
22 26 30 17 4 45 23 49 56 49 11 13 37 36 14 64 42 93 7 43 15 25 35 7 26 68 69 46 44 46 20 44 37 40 45 16 39 47 47 6 50 85 63 54 42 2 29 15 15 6 26 77 32 20 13 25 23 6 38 25 21 46 49 59 43 27 38 58 20 57 50 39 46 83 35 69 6 35 90 14 44 24 37 12 39 29 20 61 46 52 41 18 32 31 41 37 10 23 53 45 12 52 50 7 15 30 25 41 29 14 14 75 39 16 20 40 28 79 11 38 28 32 19 0 22 58 51 48 35 49 5 33 34 29 36 16 26 37 27 45 34 79 52 68 35 19 27 25 44 39 34 46 15 7 11 18 29 18 33 66 38 68 31 53 52 24 26 30 25 47 45 42 23 76 24 71 7 33 94 17 40 17 32 60 28 10 6 45 39 24 46 48 23 36 30 54 6 19 44 36 80 53 41 54 81 70 36 13 38 72 70 37 16 39 72 81 55 44 56 83 100 80 72 80 100
40 22 47 10 25 43 45 51 38 70 31 35 48 17 23 56 30 109 27 50 14 32 20 19 8 78 72 51 43 64 12 22 57 18 62 17 45 43 48 22 28 83 65 48 39 24 29 33 8 28 48 92 48 6 34 38 6 17 56 4 38 44 37 78 52 11 43 39 8 49 28 31 52 80 52 61 18 45 111 10 48 10 33 28 18 47 12 56 35 53 39 29 32 30 35 56 24 2 70 63 19 56 71 16 32 30 45 44 14 33 36 96 46 31 27 26 49 95 31 41 35 48 10 22 0 66 54 54 38 67 18 11 53 7 56 14 24 55 17 59 14 77 59 66 56 37 30 25 55 50 54 61 36 22 32 39 9 37 53 62 55 72 25 73 59 43 44 32 39 48 23 38 34 71 42 63 18 44 114 9 44 11 31 62 15 16 19 59 25 27 45 56 8 34 28 60 27 40 63 44 76 44 20 37 68 74 40 10 32 66 82 54 37 48 75 98 76 65 72 92 119 101 93 97 113
42 82 80 58 56 103 62 107 104 55 65 59 93 83 72 120 95 52 54 100 70 83 86 55 62 13 18 16 102 89 73 78 76 79 92 72 97 35 105 53 82 40 18 38 34 58 87 46 64 58 56 35 82 70 62 81 71 62 84 65 74 104 103 99 16 76 95 72 59 113 82 95 103 40 32 125 63 91 114 60 102 58 94 69 82 37 54 37 100 110 99 42 90 89 40 37 68 66 99 89 69 109 53 60 44 88 71 99 79 47 59 77 95 72 78 92 49 39 64 95 85 32 71 58 66 0 18 13 93 92 60 75 77 68 44 71 83 35 81 97 65 37 8 31 58 43 85 42 99 21 44 24 62 65 63 62 75 45 73 35 33 125 87 89 8 74 38 35 35 105 79 99 81 39 41 127 56 88 122 58 98 56 90 118 80 54 56 20 90 82 104 11 72 94 39 8 61 54 86 93 138 108 83 67 67 127 94 64 41 41 122 87 53 20 20 123 89 55 26 26 130 99 70 50 50
41 73 78 46 50 94 62 100 90 63 60 55 88 69 64 110 84 70 48 94 60 76 74 46 48 30 19 8 93 89 62 62 77 65 91 63 90 17 97 46 66 35 12 21 18 51 78 42 53 52 57 52 79 58 58 76 59 53 83 52 70 95 90 101 16 64 89 55 46 102 67 84 97 33 37 114 54 86 121 50 95 44 84 63 68 39 42 21 88 102 89 35 81 80 23 43 61 53 99 89 61 102 61 51 40 79 70 92 67 43 56 88 89 66 70 80 51 56 59 88 79 34 60 51 54 18 0 9 85 92 52 61 76 54 49 61 74 41 70 94 50 30 12 20 61 40 77 30 94 23 48 33 59 58 59 60 62 43 73 21 39 119 77 92 13 71 39 23 33 97 63 90 74 29 41 116 47 83 128 47 91 44 81 110 68 45 48 28 78 73 95 15 61 84 26 11 55 53 86 87 128 97 69 50 51 121 87 54 25 28 120 85 51 18 22 125 92 62 39 41 136 106 81 66 67
35 71 72 46 46 92 56 97 92 55 55 50 84 71 62 109 84 63 44 91 59 73 74 44 49 25 22 4 91 83 61 65 70 67 85 61 87 24 94 43 69 42 18 29 23 48 76 37 52 48 51 45 74 58 53 72 59 51 77 53 66 93 91 94 8 64 85 61 47 101 70 83 94 41 28 114 52 82 113 49 92 45 83 60 70 32 42 30 88 99 88 31 79 78 28 34 58 54 93 83 58 99 52 49 35 77 64 89 68 38 50 79 86 62 67 80 44 49 54 85 75 26 60 48 54 13 9 0 83 86 49 63 70 56 41 60 72 33 69 89 53 38 5 29 54 35 75 30 90 14 40 24 54 55 54 55 63 37 67 30 31 116 76 85 5 66 32 23 27 95 67 88 71 37 34 115 45 79 120 46 88 44 79 108 68 43 45 19 78 71 94 6 61 83 27 6 51 47 80 83 127 97 71 56 60 117 84 53 29 37 114 80 45 10 25 118 85 53 31 38 128 98 72 58 62
54 17 28 42 38 13 42 15 43 72 31 38 16 37 22 34 26 124 40 13 27 11 29 40 46 102 104 81 11 42 27 53 43 46 35 23 8 78 12 40 58 118 97 85 74 36 10 48 35 36 49 109 27 32 35 17 33 33 35 42 25 13 30 53 78 31 6 74 44 28 57 19 14 115 67 38 32 13 91 37 10 47 13 25 41 61 46 92 27 17 10 52 7 9 71 68 25 40 42 39 25 18 74 35 49 9 34 7 30 47 38 92 10 23 16 28 55 111 32 3 9 65 29 35 38 93 85 83 0 43 34 41 38 43 64 26 15 68 24 28 52 112 87 101 55 52 9 57 22 73 62 79 35 29 32 37 36 51 41 97 69 35 16 54 86 29 59 64 59 13 53 13 15 107 56 40 39 16 91 42 6 44 9 26 27 41 38 79 28 13 13 83 32 9 61 89 33 45 42 9 46 28 44 73 106 37 2 34 68 103 47 29 44 74 107 68 57 66 89 117 93 86 91 109 133
52 53 20 65 48 54 31 47 85 47 38 39 28 74 45 74 68 103 48 35 54 40 68 55 73 97 107 85 52 3 58 88 16 82 9 51 37 93 49 53 94 127 103 100 88 48 49 51 60 44 36 93 19 62 37 32 64 52 11 70 29 54 73 11 79 65 39 105 68 69 93 61 38 125 60 76 51 30 48 60 43 71 56 39 78 55 68 107 69 51 53 60 48 50 88 56 43 68 9 5 49 43 50 54 54 49 24 45 66 50 38 56 35 36 43 69 43 93 39 42 38 60 58 49 67 92 92 86 43 0 52 75 16 74 49 54 52 57 61 18 81 122 88 111 35 52 45 72 26 72 49 70 36 46 38 33 69 50 19 110 60 51 56 12 87 25 54 75 60 49 88 56 36 119 52 79 55 28 49 65 43 65 50 52 63 58 54 73 69 46 52 83 64 52 76 90 43 40 6 35 77 71 81 102 129 52 43 58 85 117 33 15 42 76 110 34 16 43 76 110 53 44 59 86 117
25 23 33 13 8 44 28 49 52 54 14 17 38 32 13 62 39 97 11 44 12 25 31 6 22 70 70 47 43 49 16 40 41 35 48 13 39 46 46 7 46 85 63 53 41 6 28 18 11 11 31 80 34 16 17 26 18 3 41 20 24 45 46 63 44 23 38 54 16 54 45 37 46 82 38 66 3 36 94 9 44 20 35 14 34 32 17 60 43 51 39 19 30 30 39 41 11 19 56 48 10 51 54 3 18 29 29 41 25 17 18 79 39 17 19 36 33 82 14 37 28 35 15 5 18 60 52 49 34 52 0 28 37 24 40 12 24 41 24 47 30 79 53 67 39 23 26 24 45 41 38 49 19 7 15 22 24 22 37 65 41 68 28 57 53 27 30 30 27 46 40 40 24 75 27 68 5 34 98 13 40 14 31 59 24 8 4 48 35 22 45 49 19 34 28 55 10 23 47 36 79 51 37 51 79 70 36 9 36 70 72 40 20 41 73 85 59 48 59 85 103 84 76 83 103
51 25 55 20 35 42 55 52 29 81 40 45 53 9 30 52 25 119 38 53 21 37 15 30 14 87 79 60 43 72 17 14 66 8 68 24 49 48 48 32 19 87 72 53 45 34 32 44 18 38 58 102 56 13 44 44 11 27 64 11 46 44 31 85 61 10 46 34 18 44 19 29 55 85 63 56 28 50 120 20 49 18 32 37 8 58 22 60 30 52 39 40 34 32 40 66 33 11 77 70 27 58 81 26 42 32 54 45 11 43 46 107 50 39 33 21 60 105 40 44 40 59 17 33 11 75 61 63 41 75 28 0 62 8 66 21 27 66 17 64 14 82 67 71 67 48 34 34 60 60 65 72 46 31 42 49 6 48 62 66 66 73 26 82 67 51 55 41 50 48 14 37 40 75 53 57 29 50 123 20 46 21 33 62 15 27 29 69 19 31 45 65 11 34 36 68 37 51 71 47 73 39 10 34 68 75 42 20 38 70 87 61 48 57 82 105 85 76 82 100 127 111 104 108 122
36 43 11 50 33 50 15 46 77 38 24 23 26 63 33 72 60 94 32 35 41 31 58 39 59 82 91 69 48 14 45 75 5 69 16 39 35 77 47 38 81 111 87 85 72 32 41 35 46 29 21 81 12 49 21 23 51 37 8 56 17 50 66 27 63 53 35 90 53 66 80 54 38 109 45 75 36 27 58 46 41 57 49 26 66 40 53 91 62 50 48 44 41 42 72 42 30 55 23 13 36 44 40 39 38 41 9 42 55 34 22 54 32 24 32 60 29 82 24 38 31 45 46 34 53 77 76 70 38 16 37 62 0 60 36 41 42 43 50 23 67 106 73 95 22 36 36 56 28 57 35 56 20 32 23 18 57 34 5 94 45 57 47 20 72 12 39 59 44 48 75 51 26 103 36 77 40 24 61 50 40 50 43 55 52 43 39 58 60 36 49 67 51 46 60 75 28 24 11 31 79 66 69 87 114 58 38 44 70 101 46 13 26 60 95 50 23 32 63 96 67 50 55 77 106
46 27 54 14 31 47 52 56 36 76 37 41 54 16 29 58 31 113 33 56 20 38 21 25 7 80 72 53 47 71 18 16 64 13 68 23 51 42 52 28 22 81 65 46 38 30 34 38 15 34 54 95 55 12 41 44 11 24 63 5 45 48 37 84 54 13 49 32 11 50 22 34 57 78 56 62 24 51 117 16 52 11 36 35 15 52 15 54 36 56 43 34 37 35 33 61 31 6 76 69 25 61 76 22 37 35 52 48 15 38 42 102 52 38 33 27 55 98 38 46 41 53 16 29 7 68 54 56 43 74 24 8 60 0 61 20 29 60 21 65 9 75 60 64 63 42 36 27 61 53 59 65 43 28 39 46 9 42 60 60 60 76 29 80 60 49 49 34 44 52 16 42 40 69 47 64 24 50 121 14 49 15 36 66 18 22 25 62 25 33 49 58 12 38 29 61 34 46 69 49 78 45 16 31 64 79 45 17 31 64 88 60 43 50 75 105 83 71 75 93 126 108 99 102 116
16 60 42 48 33 75 24 76 91 17 34 27 57 71 47 96 77 61 30 66 50 54 70 37 56 48 61 42 74 47 55 76 34 73 51 50 64 56 75 35 82 82 58 64 52 34 61 23 49 31 16 47 44 55 30 48 58 42 43 57 40 76 84 56 34 62 64 83 51 89 82 73 69 81 13 100 41 57 72 47 70 53 70 40 73 12 48 68 80 79 72 30 63 63 55 8 42 56 57 47 46 76 16 41 25 62 33 69 65 24 26 44 62 41 50 75 9 48 33 65 55 16 54 36 56 44 49 41 64 49 40 66 36 61 0 51 60 9 63 58 64 78 42 69 15 19 58 42 61 27 2 22 29 41 32 27 63 19 32 69 11 90 65 46 41 37 14 41 21 76 77 74 49 77 14 103 38 53 79 48 68 47 64 86 63 40 38 25 74 55 76 37 58 68 44 44 34 19 44 60 109 87 75 79 96 92 64 48 53 76 81 48 21 32 63 79 45 14 28 61 87 58 39 46 71
37 12 34 17 19 33 35 40 41 64 20 26 35 22 9 50 27 108 22 37 1 19 20 17 21 81 79 57 33 52 5 34 46 28 48 3 33 53 37 19 40 93 73 59 49 17 18 30 9 20 40 92 35 9 25 24 11 10 43 17 25 34 34 65 55 13 31 52 18 43 39 25 39 90 50 55 10 32 99 12 36 22 24 16 26 44 21 67 31 42 29 30 21 20 45 53 12 16 57 50 6 44 64 11 30 19 33 32 15 29 27 88 33 18 14 25 43 94 21 29 22 47 5 16 14 71 61 60 26 54 12 21 41 20 51 0 13 52 12 45 28 87 64 75 48 34 18 32 42 52 49 61 26 11 22 29 16 33 42 72 53 60 17 61 64 30 42 39 39 37 34 29 20 82 39 57 16 31 102 16 32 18 20 51 13 17 16 60 24 14 35 60 10 24 36 65 18 33 50 30 68 39 28 50 82 62 28 8 43 77 69 40 31 52 82 85 64 58 71 96 106 90 86 95 114
48 2 33 29 29 20 41 28 35 71 26 34 28 23 14 38 18 119 33 27 14 12 16 29 32 93 92 70 20 50 13 39 47 32 45 12 23 65 24 31 45 105 85 71 61 27 6 41 22 30 47 103 33 18 31 21 19 22 42 27 26 22 25 62 68 17 20 60 30 31 43 14 29 103 61 43 21 24 99 25 24 33 12 21 28 55 33 79 21 29 16 42 9 7 57 63 19 25 53 48 15 33 72 24 41 6 36 20 16 40 34 94 24 21 11 18 52 105 27 18 14 58 15 26 24 83 74 72 15 52 24 27 42 29 60 13 0 63 10 39 37 99 77 88 55 45 8 45 34 64 58 72 33 20 28 35 22 44 44 84 64 48 6 61 76 31 52 52 51 25 39 17 17 94 49 45 28 25 101 29 20 31 8 38 12 30 28 71 18 7 22 73 17 11 49 78 27 41 49 22 55 28 30 59 92 51 17 21 55 89 61 37 39 64 95 80 64 65 82 108 104 92 92 105 126
16 62 49 47 34 80 30 81 92 23 38 31 63 71 50 100 79 57 31 72 52 58 71 37 55 40 52 34 78 55 56 74 42 72 59 53 69 50 80 35 80 74 49 57 46 36 65 23 49 34 23 41 51 56 34 53 58 43 51 56 45 81 86 65 25 63 69 79 49 93 80 76 75 73 5 104 43 63 80 47 75 51 73 44 73 9 46 60 83 84 76 27 67 67 49 2 45 56 65 56 48 81 21 42 24 66 40 74 65 24 30 49 68 45 54 77 15 43 37 70 60 9 55 37 55 35 41 33 68 57 41 66 43 60 9 52 63 0 64 65 62 70 33 61 23 19 62 38 68 19 9 13 34 43 36 32 63 20 40 61 3 97 68 54 32 44 12 35 17 80 75 78 54 69 14 107 39 59 88 47 73 45 68 91 64 39 38 16 75 59 80 28 59 72 40 36 37 24 52 65 114 90 75 75 89 98 69 48 48 68 89 55 25 24 55 88 54 21 21 53 96 66 43 43 65
49 8 41 24 31 27 46 36 29 75 31 37 37 14 18 40 15 120 34 37 13 21 8 28 25 92 88 67 27 58 9 30 54 23 54 13 32 60 32 30 35 99 81 65 56 29 15 41 17 32 51 104 42 12 35 29 11 22 50 20 33 28 23 71 66 8 30 51 24 33 34 15 38 97 62 45 22 34 107 21 33 27 16 26 18 56 28 73 20 36 23 41 17 15 51 64 23 18 62 56 17 41 76 23 41 15 42 28 7 41 38 99 33 27 19 13 55 106 31 27 24 59 10 27 17 81 70 69 24 61 24 17 50 21 63 12 10 64 0 49 29 94 74 82 59 46 18 41 44 63 61 73 37 23 33 40 12 45 51 78 65 56 9 69 74 39 53 48 50 32 30 22 25 88 51 47 27 34 109 24 29 26 16 46 3 27 27 71 12 16 29 71 10 18 44 75 30 44 58 31 60 28 21 50 84 59 26 18 49 83 70 46 42 62 91 89 72 69 83 106 113 99 97 107 126
55 41 17 59 45 37 35 29 70 60 35 39 12 62 37 57 53 116 47 18 45 28 55 51 66 103 110 88 35 18 48 77 26 71 10 42 21 91 32 50 83 128 105 99 87 44 35 52 53 42 42 104 15 53 36 22 55 46 15 62 24 37 57 26 82 54 23 97 61 52 82 46 20 126 66 59 45 15 64 54 26 65 41 33 66 60 63 106 54 33 37 60 34 36 85 64 37 60 15 15 41 25 62 48 55 35 26 29 55 51 39 73 18 30 32 55 50 104 36 26 26 66 49 45 59 97 94 89 28 18 47 64 23 65 58 45 39 65 49 0 73 123 92 112 45 55 32 70 8 76 57 78 35 40 36 35 59 53 27 110 67 35 43 29 91 23 59 74 62 32 77 40 25 120 56 61 51 15 64 58 26 60 36 35 51 54 50 79 55 34 35 87 54 37 74 94 40 43 20 19 60 54 69 95 125 36 27 51 83 116 26 10 44 79 113 41 33 54 85 118 66 61 74 99 128
48 35 61 18 36 55 57 64 41 80 44 46 62 22 37 65 38 112 38 64 28 46 28 29 9 77 68 50 55 78 26 13 70 15 75 31 59 36 60 32 19 75 60 40 34 36 42 41 21 40 59 95 62 20 46 52 19 30 70 11 52 56 44 92 52 22 57 25 14 57 19 41 65 72 58 69 31 59 124 21 61 12 44 42 19 54 17 47 43 65 51 35 45 43 28 62 38 13 84 76 33 69 79 28 40 43 58 56 23 41 47 106 60 45 41 34 59 98 44 54 49 54 24 34 14 65 50 53 52 81 30 14 67 9 64 28 37 62 29 73 0 69 58 58 67 45 44 25 69 52 62 65 48 35 45 51 17 45 66 53 61 85 37 86 58 56 51 32 45 60 15 50 48 63 50 70 29 58 127 18 57 18 44 74 26 26 29 62 32 41 57 56 20 46 27 58 40 51 76 57 86 52 19 23 55 87 53 23 26 57 96 68 48 49 70 112 89 75 75 90 133 113 102 102 114
71 98 107 71 78 119 92 126 109 91 88 84 116 90 92 132 106 82 77 122 86 103 96 74 70 43 21 37 119 119 87 78 107 83 121 89 117 35 123 74 79 6 21 29 39 80 104 72 78 81 87 68 109 82 87 104 83 80 113 74 99 120 112 131 45 87 116 63 70 125 81 108 124 4 65 137 81 114 149 75 121 67 109 91 87 69 67 22 110 128 115 64 107 106 43 71 89 76 128 119 88 130 89 78 69 105 99 118 90 73 85 114 117 94 97 102 81 72 88 115 106 63 85 79 77 37 30 38 112 122 79 82 106 75 78 87 99 70 94 123 69 0 37 12 91 70 103 55 123 52 77 60 88 85 88 90 84 72 103 16 67 146 102 121 38 100 68 50 63 123 79 115 102 8 71 138 74 112 157 71 118 69 106 137 92 72 75 55 100 100 121 42 84 110 51 35 84 83 116 114 153 119 87 58 39 148 114 79 45 14 149 114 80 47 19 154 122 90 63 46 165 134 107 85 73
37 75 75 50 50 96 58 101 96 55 59 53 87 75 66 113 88 59 48 94 63 77 79 48 54 20 19 8 95 85 66 70 73 72 88 65 91 28 98 47 74 41 17 32 27 52 80 41 57 52 53 41 77 62 56 75 64 55 80 58 69 97 95 96 10 69 89 66 51 106 75 88 97 40 29 118 56 86 113 53 96 50 87 63 74 34 47 32 93 103 92 35 83 82 33 35 62 59 95 85 62 103 52 53 38 81 67 93 72 42 53 78 90 66 71 85 46 45 58 89 79 28 64 52 59 8 12 5 87 88 53 67 73 60 42 64 77 33 74 92 58 37 0 29 55 38 79 34 93 16 41 24 57 59 58 57 67 40 69 31 31 119 80 86 1 69 34 27 30 99 71 93 75 37 37 120 49 83 120 51 92 48 83 112 73 47 49 19 83 75 98 6 65 87 32 3 55 50 82 87 131 101 76 60 62 121 88 57 34 38 117 83 48 14 23 120 86 54 28 33 129 98 71 55 57
60 86 96 59 67 108 81 115 98 83 77 74 105 79 80 121 95 81 66 110 75 92 85 63 59 40 18 28 107 108 76 68 96 72 110 78 106 23 111 62 70 18 14 19 27 68 93 61 67 70 77 65 98 71 76 93 71 69 102 63 88 109 101 120 36 76 104 54 59 114 71 96 113 15 56 126 70 103 140 64 110 56 98 80 76 59 55 12 99 116 103 53 96 94 31 62 78 65 118 108 76 118 80 67 58 93 88 107 79 62 74 106 106 83 86 90 71 69 76 103 94 54 74 68 66 31 20 29 101 111 67 71 95 64 69 75 88 61 82 112 58 12 29 0 81 59 92 44 112 42 68 52 77 74 77 79 72 62 92 6 58 135 90 111 30 89 58 38 52 112 69 103 91 9 61 127 63 100 147 60 106 57 95 125 81 60 64 47 89 88 110 33 73 98 40 27 73 72 106 103 141 108 77 49 37 137 102 68 34 10 138 103 70 37 19 144 112 81 56 46 155 126 100 80 74
23 55 31 50 32 67 14 66 88 17 29 23 46 70 42 89 72 72 30 55 48 46 67 38 59 62 74 54 66 33 53 78 20 74 38 47 54 66 66 36 84 95 71 74 62 33 55 27 49 29 9 59 32 54 24 39 57 40 30 58 31 68 79 42 47 60 54 89 53 82 84 68 59 94 26 93 40 47 61 47 60 56 64 35 73 23 51 79 75 70 64 36 56 57 63 22 37 57 43 34 43 65 19 41 29 56 22 60 63 27 22 41 52 34 44 71 11 60 28 56 47 28 52 35 56 58 61 54 55 35 39 67 22 63 15 48 55 23 59 45 67 91 55 81 0 25 51 49 50 40 15 36 23 38 27 20 63 24 18 81 26 78 60 32 55 27 23 49 31 66 78 67 41 90 22 95 39 43 67 50 58 49 57 75 60 42 38 39 70 49 67 50 57 61 52 58 31 17 30 50 99 81 75 85 105 80 56 47 62 88 67 35 20 44 77 65 31 11 41 76 75 48 38 55 84
4 45 38 29 16 63 22 66 74 35 23 16 50 53 32 83 61 74 13 58 34 42 53 19 38 51 56 34 62 49 38 57 37 55 51 35 55 43 64 17 63 75 51 50 38 18 48 5 31 16 19 58 40 37 20 39 40 25 43 38 32 64 68 61 28 44 54 65 32 75 63 58 61 73 16 87 25 49 85 28 60 34 56 28 55 10 29 56 65 69 59 11 50 50 39 19 28 38 59 49 31 67 35 24 6 49 30 58 47 6 16 62 54 30 37 58 15 61 22 54 44 14 37 19 37 43 40 35 52 52 23 48 36 42 19 34 45 19 46 55 45 70 38 59 25 0 45 25 56 22 17 28 20 25 21 20 45 3 33 59 19 83 50 53 37 32 8 25 8 65 58 61 39 68 6 89 20 46 91 29 57 28 51 76 46 21 20 27 57 42 64 33 40 54 28 40 20 13 47 51 98 72 57 61 81 85 53 30 37 65 80 45 11 25 59 85 54 31 38 66 98 73 58 61 81
47 10 27 34 30 19 37 23 41 68 24 32 20 31 13 39 24 118 33 21 18 6 24 31 38 95 95 72 18 43 19 47 41 40 37 15 16 70 20 32 52 109 89 76 65 28 5 41 26 29 44 102 27 24 29 14 25 24 35 34 21 20 30 55 70 24 14 67 35 32 51 18 22 107 61 43 23 17 92 29 19 39 14 18 35 54 38 84 26 25 15 44 6 6 62 61 18 32 45 41 17 27 69 26 42 6 31 15 24 39 32 89 17 17 8 25 49 104 25 12 7 58 20 27 30 85 77 75 9 45 26 34 36 36 58 18 8 62 18 32 44 103 79 92 51 45 0 49 27 65 56 72 30 21 26 32 29 43 38 89 63 43 12 54 78 26 52 55 51 21 47 17 11 99 49 46 30 17 93 33 15 35 7 34 20 33 30 72 25 4 20 75 24 11 53 80 26 39 43 14 54 31 38 66 98 45 11 25 60 94 53 30 38 66 98 73 58 62 82 109 96 86 88 103 126
27 44 55 17 25 65 43 71 63 58 35 33 62 41 37 81 55 87 24 67 32 48 45 19 21 53 48 27 64 69 33 38 58 39 69 34 63 22 68 20 43 61 41 30 18 26 50 23 24 28 42 70 56 29 35 50 30 26 62 24 46 66 62 82 28 35 61 42 18 73 44 55 70 59 34 85 27 60 109 21 67 16 55 37 41 31 13 37 59 73 61 14 52 51 16 39 34 25 77 68 33 75 58 23 20 50 48 63 38 24 34 85 62 40 43 51 39 73 35 60 51 30 31 25 25 42 30 30 57 72 24 34 56 27 42 32 45 38 41 70 25 55 34 44 49 25 49 0 69 27 41 40 37 30 35 39 34 26 54 41 37 91 48 75 34 48 29 8 22 69 39 61 48 51 29 87 20 57 114 17 63 15 52 82 39 17 21 37 49 45 67 32 32 55 5 35 30 35 67 60 99 68 42 37 58 93 59 25 14 47 95 62 32 24 51 105 76 54 50 67 121 97 81 78 89
57 36 20 57 45 30 39 22 64 65 35 41 8 57 34 49 47 121 47 11 42 24 49 50 63 106 112 89 28 25 44 73 32 66 18 39 14 91 25 50 78 129 106 98 86 44 30 53 50 43 46 108 18 50 37 20 51 44 21 59 25 29 51 34 84 50 16 93 59 45 77 40 13 126 69 51 43 11 71 52 18 63 34 32 61 63 61 105 47 26 30 60 28 30 84 67 35 57 22 23 38 18 67 47 56 30 29 22 50 52 40 80 12 29 29 49 54 109 36 20 21 68 45 44 55 99 94 90 22 26 45 60 28 61 61 42 34 68 44 8 69 123 93 112 50 56 27 69 0 78 61 81 37 39 36 37 55 54 32 109 70 29 37 37 93 25 61 74 64 25 73 33 22 119 58 54 50 12 71 56 19 58 30 28 46 53 49 82 49 29 28 89 50 30 73 95 40 45 27 13 52 47 64 91 123 31 20 48 81 115 28 15 46 80 115 47 41 60 89 121 73 69 81 104 132
22 63 60 41 36 83 42 87 88 41 44 38 72 67 53 102 78 60 33 80 52 63 69 36 47 30 35 15 82 69 55 65 57 65 72 53 76 32 85 34 70 56 32 39 29 38 68 26 46 38 37 43 62 52 41 61 54 43 64 50 54 84 85 80 7 59 75 66 43 94 71 77 83 55 15 106 43 71 99 43 82 43 75 49 67 18 39 42 82 90 79 23 70 70 33 21 48 50 79 70 50 89 39 41 24 69 51 79 62 27 38 67 75 51 58 75 30 46 43 76 65 12 53 39 50 21 23 14 73 72 41 60 57 53 27 52 64 19 63 76 52 52 16 42 40 22 65 27 78 0 26 14 42 45 43 42 59 24 53 43 17 105 69 71 15 54 18 22 15 86 66 80 60 51 21 108 37 68 106 42 78 39 71 98 62 36 37 10 73 62 85 11 55 74 27 18 41 34 66 73 118 90 69 61 71 107 74 46 33 50 102 67 33 6 38 104 71 40 24 44 114 84 61 51 63
14 58 41 46 31 74 23 74 89 18 33 25 56 69 45 95 75 62 28 65 49 52 68 35 55 48 60 41 73 46 53 74 34 72 51 49 63 55 74 33 80 82 57 62 51 32 60 21 47 29 15 48 43 53 28 47 56 40 43 55 39 75 82 56 33 60 62 82 49 88 80 72 68 80 12 99 40 56 73 45 69 51 69 39 71 10 46 66 79 78 70 28 61 62 53 8 40 54 57 47 44 74 18 40 23 61 32 68 63 22 25 45 61 40 49 73 8 49 32 64 54 14 52 34 54 44 48 40 62 49 38 65 35 59 2 49 58 9 61 57 62 77 41 68 15 17 56 41 61 26 0 22 27 39 31 26 61 17 31 68 11 89 63 46 40 36 12 39 20 74 75 72 48 76 13 101 36 52 80 46 66 45 63 84 61 38 36 25 72 54 74 36 56 66 43 43 32 18 43 59 108 85 74 77 94 91 63 46 52 75 80 47 19 31 63 79 46 15 29 62 88 59 41 47 72
26 72 62 52 44 90 43 93 99 32 49 42 76 78 60 110 87 48 40 84 61 69 79 45 59 27 41 26 89 68 64 78 55 78 72 62 81 46 91 43 83 63 40 52 43 45 75 32 57 44 36 31 64 63 45 65 65 51 64 62 57 91 95 77 18 70 80 80 55 102 84 85 87 63 12 114 52 75 91 53 87 55 83 55 79 19 51 54 92 96 86 33 77 77 47 15 55 61 78 68 58 93 30 50 32 76 52 85 73 33 42 55 80 57 65 85 28 34 48 81 71 15 63 46 61 24 33 24 79 70 49 72 56 65 22 61 72 13 73 78 65 60 24 52 36 28 72 40 81 14 22 0 45 53 48 45 70 29 52 54 11 109 77 67 23 56 21 35 23 92 79 88 66 60 24 117 46 71 98 53 84 51 78 103 72 46 46 6 83 69 91 19 66 82 40 26 47 36 65 77 125 99 81 74 84 110 80 56 47 61 102 68 36 19 43 100 66 32 11 41 107 75 49 38 54
21 33 19 31 13 47 10 48 66 39 7 4 31 48 20 68 50 89 13 39 26 25 45 20 40 70 76 53 46 33 31 58 23 53 33 25 36 58 47 19 64 94 70 66 53 13 33 17 29 10 15 74 21 33 2 20 35 20 25 39 13 48 57 46 47 38 36 72 35 61 64 46 42 92 33 72 19 30 76 28 42 38 42 12 51 27 34 72 53 51 44 25 35 35 53 33 15 37 41 32 21 49 40 21 20 34 12 41 41 16 4 63 35 13 22 49 20 76 6 37 27 32 30 15 36 62 59 54 35 36 19 46 20 43 29 26 33 34 37 35 48 88 57 77 23 20 30 37 37 42 27 45 0 16 5 4 41 18 18 76 35 64 38 39 56 13 25 40 28 48 58 46 21 85 22 75 21 27 80 31 40 32 36 58 38 24 20 46 48 27 48 52 35 40 41 59 9 10 30 32 81 59 54 68 94 66 36 27 50 82 61 27 10 44 79 69 41 33 54 85 86 66 61 74 98
28 20 27 19 10 39 25 43 51 53 10 15 32 33 8 58 37 99 13 37 11 19 30 12 27 74 76 53 38 44 16 43 36 38 42 10 33 52 40 12 49 91 69 59 48 8 23 21 14 10 29 83 28 18 14 20 20 6 36 24 18 40 44 57 50 23 31 59 22 50 49 33 40 88 41 62 5 30 90 14 38 26 31 8 36 35 23 67 40 45 34 24 25 25 45 43 4 23 50 42 6 45 54 8 22 24 24 35 26 20 16 78 33 11 13 35 33 85 10 31 21 39 15 7 22 65 58 55 29 46 7 31 32 28 41 11 20 43 23 40 35 85 59 74 38 25 21 30 39 45 39 53 16 0 11 19 26 24 32 71 44 62 25 52 58 22 32 36 31 41 43 36 18 81 30 64 11 27 93 19 34 20 26 54 23 14 10 52 34 17 40 54 20 30 35 60 8 22 42 30 74 47 39 56 85 64 30 12 43 77 66 34 20 46 79 79 55 47 62 89 98 80 75 85 106
23 29 20 28 11 44 14 45 61 43 2 6 30 44 16 65 46 92 12 37 22 22 41 17 37 72 76 53 43 35 26 54 26 49 35 20 34 57 44 16 60 93 70 64 52 10 30 18 25 7 19 77 22 29 3 18 31 16 27 35 12 45 53 48 48 34 33 68 31 57 59 42 41 91 36 69 15 29 79 24 40 34 38 8 47 29 31 71 49 49 40 25 31 32 51 36 11 33 43 34 16 47 44 17 20 31 14 38 36 16 7 67 33 10 19 45 24 79 2 34 24 34 26 11 32 63 59 54 32 38 15 42 23 39 32 22 28 36 33 36 45 88 58 77 27 21 26 35 36 43 31 48 5 11 0 8 37 19 22 75 38 62 34 42 57 14 27 39 29 45 54 42 19 84 24 71 18 25 83 28 37 28 32 56 34 21 17 48 44 23 45 53 31 36 39 60 6 13 33 30 78 55 49 65 92 64 33 23 48 81 61 27 12 45 79 71 45 37 57 86 89 70 65 77 101
21 36 18 34 16 49 7 49 69 36 10 6 32 51 23 71 53 87 16 40 29 27 48 23 43 70 76 54 48 31 34 61 20 56 32 28 38 60 49 21 67 95 71 68 55 16 36 18 32 12 12 73 20 36 6 22 39 23 24 42 14 50 60 44 48 42 37 75 38 63 67 48 43 93 33 74 22 31 73 31 44 41 45 15 54 26 37 74 56 53 46 27 37 38 55 32 18 40 39 30 24 50 37 24 21 37 10 43 44 17 5 60 36 15 25 52 18 74 9 39 29 32 33 18 39 62 60 55 37 33 22 49 18 46 27 29 35 32 40 35 51 90 57 79 20 20 32 39 37 42 26 45 4 19 8 0 45 18 16 77 34 65 41 37 57 12 25 42 28 49 61 48 23 87 22 77 24 27 77 34 41 34 39 59 41 27 23 46 51 30 50 53 39 42 43 60 13 9 28 34 82 62 57 71 97 66 38 30 53 84 60 26 10 45 79 67 38 30 53 84 83 62 58 72 97
48 20 50 18 32 38 51 48 30 78 35 40 48 9 25 49 23 117 34 49 16 32 13 27 15 86 80 60 39 67 12 19 61 13 63 19 44 50 43 29 25 90 73 55 47 30 27 41 15 34 54 100 51 9 40 39 6 23 59 10 41 39 29 80 60 5 41 39 16 42 24 25 50 87 60 54 23 45 115 17 45 18 28 32 10 55 21 63 27 48 34 38 29 27 42 64 28 9 72 65 22 53 78 22 40 27 49 40 7 40 41 103 45 34 28 19 56 103 36 39 34 57 12 29 9 75 62 63 36 69 24 6 57 9 63 16 22 63 12 59 17 84 67 72 63 45 29 34 55 59 61 70 41 26 37 45 0 45 57 68 63 68 21 77 67 46 52 41 48 44 19 33 35 78 50 55 25 45 118 18 41 20 28 57 10 24 26 67 17 26 41 65 7 30 36 68 33 47 66 42 70 36 13 38 72 70 38 16 39 72 82 56 44 57 83 100 80 72 80 100 122 106 100 106 121
4 43 36 29 15 61 20 64 73 35 21 14 48 53 31 81 60 76 12 56 33 40 52 18 38 53 58 36 60 47 37 57 35 55 49 33 53 44 62 16 63 77 54 52 40 17 46 5 31 15 17 60 38 37 17 37 39 24 41 38 30 62 67 59 30 44 52 66 32 74 63 57 59 75 18 86 24 47 84 28 58 34 55 26 54 11 29 58 64 67 58 12 48 48 40 20 26 38 57 47 29 65 34 23 7 47 28 57 46 5 14 61 52 28 36 57 14 62 20 53 42 15 36 18 37 45 43 37 51 50 22 48 34 42 19 33 44 20 45 53 45 72 40 62 24 3 43 26 54 24 17 29 18 24 19 18 45 0 31 61 20 81 49 51 39 30 9 27 10 63 58 59 37 70 6 88 20 44 90 29 55 28 49 75 45 21 19 29 56 40 62 35 40 53 29 42 18 11 44 49 96 71 57 62 83 83 52 29 39 67 78 43 9 27 61 83 52 30 39 68 96 71 57 62 83
33 45 14 49 31 53 12 50 78 34 23 21 29 63 34 75 62 90 31 39 42 33 59 38 58 79 88 66 51 17 46 75 5 70 20 40 38 75 51 36 81 108 84 82 70 31 43 33 46 28 17 77 15 49 20 25 52 37 12 56 18 53 68 29 60 54 39 90 52 68 80 56 42 106 41 78 36 30 58 45 44 56 51 26 67 36 52 88 64 54 50 42 43 44 70 38 30 54 27 17 36 48 36 38 36 44 9 45 56 32 21 52 36 24 33 62 25 78 23 41 33 42 46 33 53 73 73 67 41 19 37 62 5 60 32 42 44 40 51 27 66 103 69 92 18 33 38 54 32 53 31 52 18 32 22 16 57 31 0 91 42 61 49 21 68 13 36 57 41 51 75 53 28 101 33 80 39 27 62 49 43 49 45 58 53 42 38 55 61 38 52 64 51 48 58 71 27 21 14 34 83 68 70 86 112 62 41 44 68 98 50 17 24 57 91 52 23 28 59 92 68 49 51 73 102
60 83 94 56 65 104 80 111 93 84 75 72 102 74 77 117 90 85 64 108 71 89 80 60 54 44 23 28 104 107 72 63 95 67 108 74 103 20 108 60 64 22 18 14 24 66 89 59 63 68 76 69 96 67 75 90 67 66 101 59 86 105 96 120 37 72 101 49 55 110 66 92 110 19 57 122 67 100 141 60 107 52 94 78 72 59 52 6 95 113 100 51 92 91 27 63 75 61 116 107 73 115 82 64 57 90 87 103 74 60 72 108 103 81 83 86 71 73 74 100 92 54 70 66 62 35 21 30 97 110 65 66 94 60 69 72 84 61 78 110 53 16 31 6 81 59 89 41 109 43 68 54 76 71 75 77 68 61 91 0 59 131 86 111 32 88 58 36 51 108 64 100 88 10 60 123 60 98 148 56 103 54 91 122 76 57 61 49 85 85 106 35 69 95 37 30 70 71 104 100 137 104 72 44 33 134 99 64 30 8 135 102 68 38 24 143 111 82 59 51 155 127 102 84 79
16 63 51 46 35 81 32 82 92 25 39 32 65 72 51 101 79 56 32 74 53 59 72 37 54 38 50 31 79 57 57 74 44 72 61 53 71 48 81 35 79 72 47 55 44 37 66 24 50 34 25 40 53 56 35 55 58 43 53 56 47 82 87 67 23 63 70 78 49 94 80 77 77 70 4 105 43 64 83 47 77 50 74 45 73 9 46 58 83 86 77 27 68 68 47 4 46 56 67 58 49 83 23 43 24 67 42 75 66 25 32 50 69 47 55 77 17 42 38 71 61 8 55 38 55 33 39 31 69 60 41 66 45 60 11 53 64 3 65 67 61 67 31 58 26 19 63 37 70 17 11 11 35 44 38 34 63 20 42 59 0 98 68 57 30 45 12 34 17 82 75 79 56 67 15 107 39 61 90 47 74 45 69 93 65 39 39 14 76 60 82 26 59 72 39 33 38 26 54 67 115 91 75 73 87 100 70 49 47 66 91 57 26 22 53 90 56 23 20 51 98 68 45 43 64
84 50 49 76 70 31 67 21 64 94 61 68 34 67 55 37 51 150 72 26 61 44 59 73 80 133 137 114 30 52 61 84 60 77 44 58 29 112 25 74 88 152 131 119 108 68 43 79 69 68 75 137 47 66 64 45 67 66 50 75 52 30 51 56 110 64 31 106 78 38 87 45 23 149 97 37 65 34 91 72 25 81 41 57 71 90 81 127 49 21 35 85 40 42 105 96 58 73 45 50 59 17 96 68 81 43 58 29 62 78 68 107 30 54 49 55 82 138 62 32 41 96 63 68 72 125 119 116 35 51 68 73 57 76 90 60 48 97 56 35 85 146 119 135 78 83 43 91 29 105 89 109 64 62 62 65 68 81 61 131 98 0 48 62 119 54 89 97 90 25 84 36 45 141 86 39 72 38 88 76 29 78 41 12 59 75 72 110 56 47 28 115 65 39 95 121 65 73 54 33 29 43 73 106 140 3 33 68 102 137 30 44 74 106 140 58 66 89 117 148 86 92 109 133 161
52 6 38 32 34 18 46 27 30 76 32 39 31 21 19 34 13 124 37 29 17 17 13 33 33 98 95 73 18 54 15 38 52 30 49 16 24 68 23 35 43 108 89 73 64 32 8 45 24 35 52 108 38 20 36 26 20 26 46 28 31 19 20 66 72 16 22 59 32 26 41 9 30 105 66 38 26 28 103 28 24 35 8 26 25 60 36 81 16 28 14 47 10 7 60 68 24 27 56 52 20 33 77 28 46 8 41 20 15 44 40 99 26 26 16 14 57 110 32 19 18 63 17 31 25 87 77 76 16 56 28 26 47 29 65 17 6 68 9 43 37 102 80 90 60 50 12 48 37 69 63 77 38 25 34 41 21 49 49 86 68 48 0 65 80 36 57 55 55 24 37 14 21 96 54 40 32 28 105 31 21 34 8 37 11 33 32 76 13 12 20 77 18 9 52 82 32 46 54 24 52 23 28 59 92 50 18 24 57 91 63 42 44 68 98 83 69 70 87 112 108 97 97 110 131
52 62 28 70 52 64 32 58 95 40 43 42 39 82 52 85 77 96 52 47 61 49 76 59 78 93 105 85 63 12 65 95 17 89 20 59 48 95 60 57 101 126 102 102 90 52 58 53 66 48 35 87 28 69 41 40 71 57 20 76 36 65 83 11 77 73 50 110 73 80 100 71 49 125 58 88 56 41 39 66 54 76 66 46 86 53 73 108 79 62 63 62 58 60 90 53 50 75 18 15 55 54 43 59 56 59 29 56 74 52 41 46 46 43 51 78 41 86 43 53 48 59 65 53 73 89 92 85 54 12 57 82 20 80 46 61 61 54 69 29 86 121 86 111 32 53 54 75 37 71 46 67 39 52 42 37 77 51 21 111 57 62 65 0 86 31 54 77 60 61 95 66 44 120 51 90 59 39 42 70 54 70 60 64 71 63 58 70 78 54 63 81 71 62 79 89 48 41 12 45 88 81 89 107 132 63 53 64 88 118 42 25 44 75 108 34 5 37 71 106 47 33 49 78 110
37 75 75 50 49 96 57 100 96 54 58 53 86 75 65 113 88 58 47 94 63 76 78 48 54 20 20 9 95 84 66 70 72 72 87 65 90 28 98 46 74 42 18 33 27 51 80 40 57 51 52 41 77 62 56 75 64 55 79 58 68 97 95 95 9 69 89 66 51 105 75 88 97 41 29 118 56 85 112 53 95 50 87 63 74 33 47 33 93 103 91 35 83 82 33 34 61 58 94 85 62 102 51 53 38 81 66 93 72 41 53 77 89 65 71 84 45 44 57 89 79 27 64 52 59 8 13 5 86 87 53 67 72 60 41 64 76 32 74 91 58 38 1 30 55 37 78 34 93 15 40 23 56 58 57 57 67 39 68 32 30 119 80 86 0 68 33 27 29 99 71 92 74 38 36 120 49 82 119 51 92 48 83 111 73 47 49 18 83 75 97 5 65 86 32 4 55 49 81 86 131 101 76 60 63 121 88 57 34 39 116 82 47 13 23 119 85 53 28 33 128 97 70 54 57
32 32 7 40 24 41 14 40 66 44 14 16 20 51 22 63 49 97 25 29 30 21 46 30 48 81 88 65 39 23 34 64 16 58 21 28 28 70 40 29 70 106 82 77 65 23 30 29 35 20 22 84 9 38 14 13 40 27 15 46 6 42 55 36 59 42 28 80 43 56 69 43 33 104 44 66 26 20 69 36 34 47 39 15 55 38 43 84 52 43 38 37 31 32 64 43 19 44 30 21 25 39 45 29 32 31 5 34 44 28 16 64 26 12 21 49 29 85 14 30 21 43 34 24 43 74 71 66 29 25 27 51 12 49 37 30 31 44 39 23 56 100 69 89 27 32 26 48 25 54 36 56 13 22 14 12 46 30 13 88 45 54 36 31 68 0 36 52 40 40 64 41 16 97 33 69 30 17 72 40 32 41 33 49 40 34 29 57 49 25 41 64 40 36 52 71 18 21 21 24 73 56 58 77 105 55 29 33 61 94 49 14 22 56 91 58 34 38 64 96 77 61 63 81 108
5 52 42 36 23 70 25 72 81 30 29 22 56 60 39 90 68 67 20 64 41 48 60 26 44 45 53 32 69 52 45 63 39 61 55 42 61 44 71 24 69 73 49 51 39 25 55 12 38 23 19 51 44 44 25 45 47 32 47 45 37 71 75 63 25 51 60 70 38 82 69 65 67 72 9 94 32 55 84 35 67 40 63 34 62 3 35 56 72 75 66 16 57 57 41 12 35 45 62 52 38 73 29 31 13 56 34 65 54 13 22 57 59 36 44 66 13 53 28 61 50 7 44 26 44 38 39 32 59 54 30 55 39 49 14 42 52 12 53 59 51 68 34 58 23 8 52 29 61 18 12 21 25 32 27 25 52 9 36 58 12 89 57 54 33 36 0 27 8 71 64 67 45 67 4 96 27 51 90 36 63 34 58 83 53 28 27 21 64 49 71 29 47 61 31 36 26 16 49 57 104 79 64 65 83 90 60 37 40 65 84 49 16 22 56 87 54 26 31 60 98 70 52 54 75
27 50 59 24 29 72 45 78 70 57 40 37 67 49 43 88 62 81 28 73 38 54 52 25 28 46 41 20 71 72 40 44 61 45 73 41 69 18 75 25 49 55 34 26 13 31 56 25 31 32 43 64 60 36 39 55 38 32 65 31 50 73 69 85 21 43 67 45 25 80 50 62 75 53 31 92 33 65 110 28 73 23 62 42 48 29 21 32 66 80 67 16 59 58 14 37 40 32 81 72 39 81 56 29 22 57 51 70 46 26 37 83 68 45 49 58 39 67 39 66 57 27 38 30 32 35 23 23 64 75 30 41 59 34 41 39 52 35 48 74 32 50 27 38 49 25 55 8 74 22 39 35 40 36 39 42 41 27 57 36 34 97 55 77 27 52 27 0 20 75 46 68 53 46 28 94 26 62 116 25 69 22 59 88 47 23 26 31 57 51 73 25 39 62 6 28 35 37 70 65 106 75 49 40 56 99 65 32 13 42 100 66 34 18 44 108 78 53 45 60 123 97 78 73 83
9 50 46 30 22 69 30 73 77 38 30 24 58 56 39 88 65 70 19 65 39 49 57 23 38 44 48 26 68 57 42 57 45 56 59 40 62 36 71 21 63 68 44 44 32 24 54 12 34 23 25 54 48 41 27 46 43 29 51 40 40 70 73 69 20 48 61 63 33 81 63 63 68 66 13 93 30 57 91 31 67 34 62 35 57 10 29 49 69 76 65 11 56 56 34 18 34 40 67 57 36 74 37 28 10 55 38 65 51 13 24 64 61 37 44 62 20 56 29 61 51 9 41 25 39 35 33 27 59 60 27 50 44 44 21 39 51 17 50 62 45 63 30 52 31 8 51 22 64 15 20 23 28 31 29 28 48 10 41 51 17 90 55 60 29 40 8 20 0 71 58 67 46 61 9 95 24 53 97 31 64 29 57 83 50 24 24 21 61 48 71 25 44 60 24 32 27 21 54 58 104 77 59 58 75 92 60 34 33 58 88 53 19 17 52 92 60 34 33 59 105 78 59 59 76
67 26 38 53 50 7 53 5 43 83 43 50 23 43 34 25 28 136 53 15 38 23 34 52 56 115 116 93 6 49 37 60 52 52 41 35 13 89 1 53 64 129 109 96 85 48 20 60 46 49 61 121 36 42 47 28 43 45 43 51 36 6 29 58 90 39 13 82 54 21 63 21 13 127 80 28 44 21 96 49 7 58 17 37 47 73 57 103 26 5 10 64 17 18 82 80 38 49 46 46 37 11 85 47 62 19 45 7 38 59 51 101 16 36 28 32 67 123 44 11 21 78 39 47 48 105 97 95 13 49 46 48 48 52 76 37 25 80 32 32 60 123 99 112 66 65 21 69 25 86 74 92 48 41 45 49 44 63 51 108 82 25 24 61 99 40 71 75 71 0 59 12 27 118 68 30 51 25 95 53 9 55 18 14 35 53 50 92 32 24 5 95 41 15 73 101 45 57 50 17 34 24 49 82 115 27 12 45 79 114 44 37 56 86 119 69 64 77 101 130 96 93 102 120 145
61 37 68 30 47 53 67 63 30 92 53 57 66 17 43 58 34 126 49 66 34 50 25 41 21 91 80 63 54 85 31 2 79 7 82 37 61 48 59 43 6 85 73 51 46 46 44 54 30 50 70 109 69 26 56 57 24 39 77 21 59 54 37 99 66 23 59 24 26 52 6 39 67 82 71 63 40 63 133 32 61 25 43 50 13 67 30 58 37 63 49 48 46 44 41 76 46 22 90 83 40 69 92 38 52 44 67 57 23 54 58 118 62 52 46 29 71 112 53 56 52 67 30 45 23 79 63 67 53 88 40 14 75 16 77 34 39 75 30 77 15 79 71 69 78 58 47 39 73 66 75 79 58 43 54 61 19 58 75 64 75 84 37 95 71 64 64 46 58 59 0 48 53 72 63 63 40 63 136 29 58 30 45 72 27 38 41 76 28 44 56 70 25 46 40 72 49 62 84 60 80 46 11 25 59 86 55 32 39 66 99 74 59 63 83 118 98 87 89 104 140 123 115 116 128
63 18 41 45 45 6 53 17 32 84 40 48 28 31 29 23 16 134 48 23 30 21 23 45 46 109 108 86 7 55 28 48 55 41 48 28 19 81 12 47 52 121 101 86 77 43 13 56 37 45 60 118 40 33 45 29 33 38 48 41 36 7 18 65 84 29 18 70 45 16 51 10 22 118 76 27 37 26 103 40 16 48 6 34 36 70 49 94 15 16 4 58 11 11 73 77 34 40 54 52 31 23 85 40 57 12 46 12 27 55 48 104 22 33 24 20 65 120 41 14 20 74 30 42 38 99 90 88 13 56 40 37 51 42 74 29 17 78 22 40 50 115 93 103 67 61 17 61 33 80 72 88 46 36 42 48 33 59 53 100 79 36 14 66 92 41 67 68 67 12 48 0 26 109 65 29 44 28 103 44 14 47 10 25 24 46 44 87 21 19 8 89 31 7 65 94 42 55 55 21 39 16 37 70 104 38 14 37 70 104 55 42 54 80 111 79 70 78 98 124 105 98 104 119 142
41 18 17 35 25 27 28 27 51 58 17 24 15 39 12 48 34 110 28 20 21 5 33 29 41 89 92 69 25 34 23 53 31 47 29 17 16 69 26 29 59 108 86 76 65 24 15 35 28 23 35 95 17 28 21 5 30 23 26 37 11 27 40 46 65 30 15 72 37 41 58 28 23 106 54 52 22 13 82 30 22 41 24 12 43 47 39 84 36 31 23 40 15 17 62 54 14 35 37 31 16 29 60 25 37 16 21 20 31 34 24 79 16 9 8 34 41 97 18 16 6 52 24 23 34 81 74 71 15 36 24 40 26 40 49 20 17 54 25 25 48 102 75 91 41 39 11 48 22 60 48 66 21 18 19 23 35 37 28 88 56 45 21 44 74 16 45 53 46 27 53 26 0 98 42 54 28 11 84 34 19 36 17 38 27 31 28 66 34 10 27 70 29 20 52 76 20 31 33 13 60 40 46 70 101 47 15 26 60 94 49 21 30 62 95 65 48 52 75 104 88 76 78 94 119
69 93 104 66 75 114 89 121 102 91 85 82 112 84 87 126 100 87 73 118 81 99 90 70 64 47 24 36 114 117 82 71 105 76 118 84 113 29 118 70 72 13 22 23 34 76 99 69 73 78 85 72 106 77 84 100 77 76 110 69 96 115 106 129 44 81 111 56 65 119 74 102 120 10 65 131 77 110 149 70 117 62 104 88 81 67 61 16 104 123 110 60 102 101 37 71 85 70 126 116 83 125 89 74 66 100 96 113 84 70 82 115 113 91 93 96 79 76 84 110 102 62 80 76 71 39 29 37 107 119 75 75 103 69 77 82 94 69 88 120 63 8 37 9 90 68 99 51 119 51 76 60 85 81 84 87 78 70 101 10 67 141 96 120 38 97 67 46 61 118 72 109 98 0 69 132 70 108 156 66 113 64 101 132 86 67 71 55 94 95 116 42 79 104 47 35 80 80 114 110 147 114 81 51 33 143 109 74 40 7 145 111 78 46 24 152 120 90 64 51 164 135 108 88 78
2 49 39 34 21 67 22 69 78 30 26 19 53 58 37 87 65 70 18 61 39 45 58 24 43 48 56 34 66 49 43 62 37 60 52 39 58 45 68 21 68 76 51 53 41 23 52 10 36 20 17 54 41 42 22 42 45 29 44 43 34 68 73 61 27 49 57 70 37 79 68 63 64 74 12 91 29 52 83 33 63 39 60 31 60 6 34 58 69 72 63 16 54 54 42 14 32 43 59 49 35 70 30 29 11 53 31 62 52 11 19 57 56 33 41 63 11 56 25 58 47 10 41 24 42 41 41 34 56 52 27 53 36 47 14 39 49 14 51 56 50 71 37 61 22 6 49 29 58 21 13 24 22 30 24 22 50 6 33 60 15 86 54 51 36 33 4 28 9 68 63 65 42 69 0 93 25 48 89 34 60 33 55 79 51 26 25 24 62 46 68 32 45 58 31 39 24 13 46 54 101 77 62 65 84 87 57 35 41 67 81 46 13 24 59 84 52 26 33 63 96 69 53 57 78
92 45 67 70 74 28 81 33 35 112 69 77 53 49 57 7 33 163 77 44 57 50 43 73 69 137 134 113 30 78 54 64 82 58 71 56 43 105 30 75 66 144 127 110 101 72 42 85 64 74 88 147 66 58 74 57 57 66 73 65 65 28 27 87 112 52 42 86 70 15 64 33 41 141 105 3 66 51 124 67 37 72 34 63 53 99 74 117 29 29 31 86 40 40 96 106 62 63 75 76 59 37 113 68 85 41 74 36 49 84 77 131 46 62 53 37 94 149 70 40 49 103 56 71 63 127 116 115 40 79 68 57 77 64 103 57 45 107 47 61 70 138 120 127 95 89 46 87 54 108 101 117 75 64 71 77 55 88 80 123 107 39 40 90 120 69 96 94 95 30 63 29 54 132 93 0 72 54 123 70 38 72 39 30 48 73 72 116 39 48 28 116 56 36 90 121 70 84 79 47 19 19 53 88 122 40 40 63 94 127 67 67 83 108 137 94 94 106 126 152 122 122 131 148 170
23 27 36 11 8 48 29 53 54 53 17 18 42 33 18 65 42 94 10 48 15 29 33 2 20 66 65 43 47 52 19 39 43 36 51 17 44 42 50 4 45 80 59 49 37 8 32 16 11 12 31 77 38 18 19 30 20 7 44 20 27 49 49 66 40 25 42 52 15 58 45 40 50 78 36 70 8 40 96 9 48 18 39 18 35 30 14 56 46 55 43 15 35 34 35 39 15 19 59 51 14 56 53 5 15 33 31 45 27 15 19 79 43 21 24 39 32 80 17 41 32 32 17 7 18 56 47 45 39 55 5 29 40 24 38 16 28 39 27 51 29 74 49 63 39 20 30 20 50 37 36 46 21 11 18 24 25 20 39 60 39 72 32 59 49 30 27 26 24 51 40 44 28 70 25 72 0 38 100 11 44 11 35 64 27 4 1 45 38 27 49 45 21 38 24 51 12 23 50 40 83 54 38 48 75 74 40 10 32 66 76 44 20 37 68 88 61 48 56 81 106 85 76 81 99
47 27 14 45 34 27 30 24 57 60 24 30 5 47 22 49 40 114 36 13 31 13 41 38 51 96 100 77 25 27 33 63 28 56 21 28 12 79 24 38 68 117 95 86 74 32 21 42 38 31 38 100 12 39 27 8 40 33 20 47 14 27 45 39 73 40 12 82 47 43 67 33 17 115 60 52 32 4 76 40 18 51 28 21 52 53 49 93 41 27 25 49 20 22 72 59 23 46 28 24 27 23 61 35 45 22 21 19 40 41 30 78 9 18 18 41 45 101 25 15 11 58 34 33 44 88 83 79 16 28 34 50 24 50 53 31 25 59 34 15 58 112 83 100 43 46 17 57 12 68 52 71 27 27 25 27 45 44 27 98 61 38 28 39 82 17 51 62 53 25 63 28 11 108 48 54 38 0 77 45 17 46 22 33 36 41 37 72 41 19 26 78 39 24 62 84 28 36 27 8 57 43 54 80 111 40 15 37 70 104 39 14 36 69 104 56 42 54 80 111 80 70 78 97 124
89 102 68 111 93 100 72 92 133 67 84 83 76 122 93 119 116 112 92 81 102 89 116 100 119 122 138 120 99 51 106 136 58 130 57 99 85 133 95 98 142 161 136 141 128 93 97 92 107 89 73 109 68 110 82 80 112 98 59 117 77 100 121 39 112 114 86 151 114 115 141 110 83 160 92 120 97 78 10 107 89 117 104 87 126 89 113 146 117 95 100 101 96 98 129 86 91 116 50 53 96 86 70 100 95 98 70 92 115 91 82 53 82 84 91 118 78 107 84 90 87 94 106 94 114 122 128 120 91 49 98 123 61 121 79 102 101 88 109 64 127 157 120 147 67 91 93 114 71 106 80 98 80 93 83 77 118 90 62 148 90 88 105 42 119 72 90 116 97 95 136 103 84 156 89 123 100 77 0 111 90 111 99 94 111 103 99 103 118 94 99 115 112 100 118 123 89 80 52 83 116 118 129 148 172 88 90 105 128 155 60 64 83 111 141 32 39 67 99 132 10 25 60 94 129
32 27 45 1 19 48 40 56 47 63 27 29 49 26 23 64 38 100 21 53 16 34 28 12 10 69 65 44 48 62 17 29 53 26 60 19 48 37 52 15 35 77 58 44 33 18 33 25 8 22 42 83 47 12 29 37 14 13 54 10 36 50 45 75 43 19 46 41 4 56 35 38 55 74 44 68 14 46 107 5 51 7 39 26 26 39 5 51 42 57 44 21 36 35 29 48 22 9 68 60 18 60 63 11 24 34 41 47 22 25 30 89 48 29 28 34 42 86 27 45 37 40 15 17 9 58 47 46 42 65 13 20 50 14 48 16 29 47 24 58 18 71 51 60 50 29 33 17 56 42 46 53 31 19 28 34 18 29 49 56 47 76 31 70 51 40 36 25 31 53 29 44 34 66 34 70 11 45 111 0 47 3 36 66 22 9 12 50 33 30 50 48 15 39 21 52 23 34 60 45 83 51 29 38 67 78 43 9 27 61 83 52 31 40 68 97 72 58 63 84 116 96 86 89 104
59 22 30 48 43 11 45 9 45 75 35 42 16 41 27 32 29 128 45 9 32 16 33 45 52 107 109 86 9 42 32 58 44 51 35 29 6 84 8 46 63 124 103 91 80 41 15 53 40 41 52 113 29 38 39 20 39 38 36 47 28 11 32 52 83 36 5 80 49 27 62 22 10 121 72 35 37 14 90 43 4 53 17 30 46 66 52 98 29 12 11 58 12 14 76 72 31 45 41 39 31 13 77 40 55 15 37 3 35 52 43 94 9 28 21 32 59 115 36 3 14 70 34 40 44 98 91 88 6 43 40 46 40 49 68 32 20 73 29 26 57 118 92 106 58 57 15 63 19 78 66 84 40 34 37 41 41 55 43 103 74 29 21 54 92 32 63 69 64 9 58 14 19 113 60 38 44 17 90 47 0 50 14 20 32 47 44 84 32 18 10 88 37 13 67 94 38 49 43 9 42 29 48 79 112 31 5 39 74 108 43 30 49 79 112 65 58 69 93 122 91 86 94 112 137
31 29 46 2 19 51 40 58 49 62 28 29 51 28 24 66 40 98 20 55 18 36 31 12 10 67 63 41 50 63 19 30 54 28 61 21 50 35 54 14 36 75 56 41 31 19 36 24 10 23 41 81 48 15 30 39 16 14 55 11 37 52 47 76 41 21 48 41 5 58 36 41 57 72 42 71 16 48 107 7 53 7 41 27 28 37 3 49 45 59 46 19 39 37 27 46 24 11 70 61 20 62 62 12 22 36 42 50 24 24 30 89 50 31 30 37 41 84 27 47 39 38 17 17 11 56 44 44 44 65 14 21 50 15 47 18 31 45 26 60 18 69 48 57 49 28 35 15 58 39 45 51 32 20 28 34 20 28 49 54 45 78 34 70 48 41 34 22 29 55 30 47 36 64 33 72 11 46 111 3 50 0 38 68 25 8 12 48 35 32 53 46 17 41 19 50 23 33 61 47 85 54 30 37 66 80 45 11 25 59 85 53 30 37 65 98 72 57 61 81 117 96 85 87 102
53 9 33 36 35 14 44 21 35 74 30 38 24 28 19 33 18 124 38 22 21 12 20 36 39 100 99 77 13 49 20 45 48 38 43 18 17 72 17 37 50 112 92 79 68 33 3 46 29 35 50 108 33 25 35 21 26 28 41 34 28 15 24 60 74 23 15 66 37 26 48 12 23 110 66 37 28 21 97 32 17 40 7 24 33 60 40 86 20 22 9 49 3 1 65 67 24 32 50 46 21 26 75 30 47 2 37 13 22 45 39 96 19 24 14 20 56 110 31 12 13 64 22 32 31 90 81 79 9 50 31 33 43 36 64 20 8 68 16 36 44 106 83 95 57 51 7 52 30 71 63 78 36 26 32 39 28 49 45 91 69 41 8 60 83 33 58 59 57 18 45 10 17 101 55 39 35 22 99 36 14 38 0 31 18 36 34 77 20 9 15 79 24 4 56 85 32 45 48 17 48 24 35 65 99 44 11 28 62 97 55 36 44 71 102 76 64 68 88 114 101 92 95 109 132
78 40 45 67 62 20 63 11 52 92 54 61 30 55 47 27 39 146 65 20 51 35 47 64 69 127 129 106 19 53 51 73 59 65 45 48 22 103 15 65 77 143 122 109 99 60 33 72 59 61 70 132 44 56 58 39 56 58 48 65 46 19 39 59 102 53 23 95 68 26 75 34 17 140 91 27 57 29 96 62 17 71 30 49 60 85 71 117 37 10 24 77 30 32 95 91 50 63 47 50 50 11 93 60 74 33 54 19 51 71 62 107 24 47 41 44 77 133 55 23 33 89 52 60 62 118 110 108 26 52 59 62 55 66 86 51 38 91 46 35 74 137 112 125 75 76 34 82 28 98 84 103 58 54 56 59 57 75 58 122 93 12 37 64 111 49 83 88 83 14 72 25 38 132 79 30 64 33 94 66 20 68 31 0 48 66 63 103 45 38 17 107 55 28 86 113 57 68 54 26 25 32 62 95 129 14 24 58 93 127 38 42 68 99 132 65 68 86 112 142 93 95 108 130 156
49 11 43 23 31 29 47 38 28 76 32 38 39 12 20 42 16 120 34 39 13 24 8 28 23 91 87 66 29 60 9 27 56 20 56 14 34 58 34 30 33 98 80 63 54 29 17 41 17 33 52 103 44 11 37 32 10 22 52 18 35 30 23 73 65 5 32 48 23 34 32 16 40 95 62 46 22 36 109 20 35 25 18 27 16 56 27 71 20 39 25 41 20 18 50 65 24 16 64 58 18 44 77 23 41 18 44 31 4 41 39 100 36 29 21 13 55 106 33 29 26 59 10 28 15 80 68 68 27 63 24 15 52 18 63 13 12 64 3 51 26 92 73 81 60 46 20 39 46 62 61 72 38 23 34 41 10 45 53 76 65 59 11 71 73 40 53 47 50 35 27 24 27 86 51 48 27 36 111 22 32 25 18 48 0 27 27 71 12 18 31 70 8 20 43 74 30 45 60 33 61 29 19 48 81 61 28 17 47 81 73 48 43 61 90 92 74 70 83 105 115 101 98 107 125
25 28 40 9 11 49 32 55 53 55 20 21 46 33 20 67 42 94 13 51 16 32 33 4 18 65 63 41 49 55 19 37 46 34 54 19 46 39 52 7 43 77 57 46 34 11 34 17 11 15 34 77 41 17 22 33 19 9 48 18 30 51 50 69 39 24 45 49 12 59 43 41 53 75 36 71 10 43 99 8 50 15 40 21 34 31 10 53 47 57 45 14 37 36 32 40 18 17 63 54 16 58 55 7 16 35 35 47 27 17 22 81 46 24 26 39 34 80 20 44 35 33 17 10 16 54 45 43 41 58 8 27 43 22 40 17 30 39 27 54 26 72 47 60 42 21 33 17 53 36 38 46 24 14 21 27 24 21 42 57 39 75 33 63 47 34 28 23 24 53 38 46 31 67 26 73 4 41 103 9 47 8 36 66 27 0 5 44 38 29 51 44 20 40 21 49 16 26 53 43 84 55 36 45 72 77 43 10 29 63 79 47 23 35 66 91 65 50 57 79 109 88 78 82 99
23 27 35 12 7 47 28 52 54 52 16 17 42 34 17 65 42 94 9 47 15 28 34 2 21 66 66 43 46 51 19 40 42 36 50 17 43 42 50 4 46 81 60 50 38 7 32 15 12 11 30 77 37 18 18 30 20 6 43 20 26 48 49 65 41 25 41 53 15 58 46 40 50 79 36 70 7 39 95 10 47 19 39 17 36 30 15 57 46 55 43 15 34 33 36 39 14 19 58 50 14 55 52 5 15 32 30 44 28 15 18 78 43 20 23 39 31 79 16 41 31 32 17 6 19 56 48 45 38 54 4 29 39 25 38 16 28 38 27 50 29 75 49 64 38 20 30 21 49 37 36 46 20 10 17 23 26 19 38 61 39 72 32 58 49 29 27 26 24 50 41 44 28 71 25 72 1 37 99 12 44 12 34 63 27 5 0 45 38 26 49 46 21 38 25 51 11 22 49 40 82 54 38 49 76 74 40 11 33 67 75 43 19 37 69 87 61 47 56 81 105 84 75 81 99
26 71 63 50 43 90 45 93 97 37 49 43 76 76 59 109 86 51 40 85 59 69 77 43 56 25 36 21 89 70 63 75 58 74 74 61 82 41 91 41 80 59 35 46 38 45 74 32 55 43 38 34 65 61 46 65 63 50 66 59 58 91 93 80 13 68 81 75 52 101 80 84 88 58 14 114 51 76 95 51 87 52 82 55 76 20 48 48 90 96 86 30 77 76 42 18 54 59 81 71 57 94 34 49 31 75 54 85 71 33 42 60 80 57 64 83 30 37 48 81 71 14 61 45 59 20 28 19 79 73 48 69 58 62 25 60 71 16 71 79 62 55 19 47 39 27 72 37 82 10 25 6 46 52 48 46 67 29 55 49 14 110 76 70 18 57 21 31 21 92 76 87 66 55 24 116 45 72 103 50 84 48 77 103 71 44 45 0 81 69 91 14 64 81 36 21 47 37 67 78 125 98 78 70 78 111 80 54 42 55 104 70 37 15 39 104 70 36 14 39 111 80 54 42 55
60 17 51 33 42 26 57 37 18 87 42 49 43 12 29 33 7 131 45 41 24 30 5 39 31 101 96 76 27 67 20 28 64 21 62 24 36 66 32 41 32 106 89 71 63 40 21 52 27 43 62 114 51 21 47 38 20 33 59 26 43 27 13 79 76 15 34 51 32 26 31 11 41 103 73 38 33 40 116 31 35 34 16 37 16 67 37 79 11 36 23 51 22 20 58 76 34 25 69 65 28 43 87 34 52 20 53 31 11 52 49 110 38 38 28 2 66 117 43 31 31 70 21 39 25 90 78 78 28 69 35 19 60 25 74 24 18 75 12 55 32 100 83 89 70 57 25 49 49 73 72 83 48 34 44 51 17 56 61 85 76 56 13 78 83 49 64 57 61 32 28 21 34 94 62 39 38 41 118 33 32 35 20 45 12 38 38 81 0 24 28 80 18 20 53 84 41 56 67 37 54 20 17 51 86 58 30 28 56 89 74 55 53 72 99 96 82 81 94 116 120 109 108 118 136
44 8 27 30 26 22 35 27 41 66 21 29 22 29 10 42 24 115 29 24 15 6 23 28 35 91 92 69 21 44 16 44 41 38 39 11 19 66 24 29 50 106 85 73 62 24 7 37 23 26 42 99 27 21 26 15 22 21 35 30 20 23 31 56 66 21 17 64 32 34 49 19 26 103 57 46 20 19 92 25 22 35 16 16 33 51 34 80 27 29 18 41 9 9 59 59 15 28 47 41 13 30 67 23 38 8 30 19 22 36 30 88 20 15 5 25 47 101 22 15 9 55 17 24 27 82 73 71 13 46 22 31 36 33 55 14 7 59 16 34 41 100 75 88 49 42 4 45 29 62 54 69 27 17 23 30 26 40 38 85 60 47 12 54 75 25 49 51 48 24 44 19 10 95 46 48 27 19 94 30 18 32 9 38 18 29 26 69 24 0 23 71 21 13 49 77 23 36 43 17 57 33 36 63 95 49 14 21 56 91 56 31 35 62 95 74 58 60 79 106 98 85 86 100 123
66 24 39 51 49 3 54 9 38 84 43 50 25 39 33 23 24 136 52 18 36 23 31 50 53 114 114 91 3 52 34 56 54 49 44 33 16 87 4 51 60 127 107 93 83 47 18 60 43 48 61 121 38 40 47 29 40 43 45 48 37 2 25 61 89 36 15 78 52 17 59 17 16 124 80 26 42 23 99 46 10 55 14 37 43 73 55 101 22 8 7 63 15 16 79 80 37 47 50 49 36 16 86 45 61 17 46 8 34 59 51 103 18 36 27 27 67 123 44 12 21 77 36 46 45 104 95 94 13 52 45 45 49 49 76 35 22 80 29 35 57 121 98 110 67 64 20 67 28 85 74 91 48 40 45 50 41 62 52 106 82 28 20 63 97 41 71 73 71 5 56 8 27 116 68 28 49 26 99 50 10 53 15 17 31 51 49 91 28 23 0 94 38 12 71 99 45 57 52 19 34 20 45 78 112 31 12 43 77 111 48 39 56 85 117 73 67 78 101 129 100 95 103 121 145
32 72 70 47 46 92 53 97 94 50 54 48 82 73 62 110 85 58 43 90 60 72 76 44 52 22 25 9 91 80 63 69 67 70 83 62 86 29 94 43 73 46 22 34 27 47 77 36 54 47 48 41 72 59 52 71 61 51 75 55 64 93 92 91 5 66 85 66 49 102 74 84 93 45 24 115 52 81 108 50 91 48 84 59 72 29 44 35 90 99 88 31 79 78 33 30 58 56 90 80 59 99 48 50 34 77 62 89 69 37 49 74 85 61 67 82 40 44 53 85 75 23 61 48 56 11 15 6 83 83 49 65 67 58 37 60 73 28 71 87 56 42 6 33 50 33 75 32 89 11 36 19 52 54 53 53 65 35 64 35 26 115 77 81 5 64 29 25 25 95 70 89 70 42 32 116 45 78 115 48 88 46 79 107 70 44 46 14 80 71 94 0 62 83 30 8 51 45 77 82 127 98 74 60 65 117 84 54 33 42 112 78 43 9 28 115 81 49 25 36 124 93 67 52 58
43 16 44 15 26 36 45 45 34 72 30 35 43 14 19 49 23 113 29 44 10 27 14 22 15 84 79 58 36 61 6 24 55 19 58 13 39 50 40 24 30 90 72 56 46 25 23 36 10 29 49 97 45 4 34 33 2 17 53 11 35 37 31 75 58 4 37 44 15 42 30 24 46 87 56 54 18 40 109 13 41 18 26 26 16 50 19 63 28 45 32 34 26 24 42 59 22 9 66 59 16 49 72 17 35 23 43 37 8 35 36 97 40 28 22 20 51 99 30 35 29 52 6 23 8 72 61 61 32 64 19 11 51 12 58 10 17 59 10 54 20 84 65 73 57 40 24 32 50 55 56 66 35 20 31 39 7 40 51 69 59 65 18 71 65 40 47 39 44 41 25 31 29 79 45 56 21 39 112 15 37 17 24 55 8 20 21 64 18 21 38 62 0 27 35 67 27 41 60 38 69 37 19 42 75 67 34 11 40 74 77 50 38 54 82 94 74 66 76 98 116 100 94 101 118
57 12 36 40 39 10 47 19 34 78 34 42 25 29 22 29 17 128 42 22 24 15 21 39 42 103 103 80 10 51 23 46 50 39 44 22 17 76 14 41 51 116 96 82 72 37 7 50 32 39 54 112 35 28 39 24 28 32 43 37 31 11 21 62 78 25 15 68 40 22 49 10 22 113 70 33 32 22 99 35 16 43 5 28 34 64 44 89 18 19 6 53 6 5 68 71 27 35 51 48 25 24 79 34 51 6 40 11 24 49 42 99 19 27 18 19 59 114 35 11 15 68 25 36 34 94 84 83 9 52 34 34 46 38 68 24 11 72 18 37 46 110 87 98 61 54 11 55 30 74 66 82 40 30 36 42 30 53 48 95 72 39 9 62 86 36 61 62 60 15 46 7 20 104 58 36 38 24 100 39 13 41 4 28 20 40 38 81 20 13 12 83 27 0 59 88 35 49 51 18 45 21 36 67 101 41 11 31 65 100 55 38 48 74 106 77 66 72 91 118 102 94 98 113 135
30 47 59 20 29 69 47 75 65 61 39 37 66 44 41 84 58 86 28 71 36 52 48 24 23 51 45 24 68 73 37 39 62 40 73 38 67 18 72 24 44 57 37 25 13 30 54 26 28 33 45 69 60 33 40 54 34 30 66 27 50 70 65 86 26 39 65 40 21 76 45 59 74 54 35 89 31 64 113 25 71 19 59 41 43 33 17 32 63 77 64 17 56 55 12 41 39 28 82 72 37 79 60 28 24 54 52 67 42 27 38 87 67 45 47 54 42 72 39 64 55 31 35 30 28 39 26 27 61 76 28 36 60 29 44 36 49 40 44 74 27 51 32 40 52 28 53 5 73 27 43 40 41 35 39 43 36 29 58 37 39 95 52 79 32 52 31 6 24 73 40 65 52 47 31 90 24 62 118 21 67 19 56 86 43 21 25 36 53 49 71 30 35 59 0 33 35 38 71 64 103 71 44 35 54 97 63 29 10 43 100 66 35 23 47 109 80 57 50 65 125 100 82 78 88
39 77 77 52 52 98 60 103 97 57 61 55 89 76 67 115 89 59 49 96 65 78 80 50 55 20 17 9 97 87 67 71 75 73 90 67 92 28 100 49 75 39 15 31 27 54 82 43 58 54 55 42 79 64 58 77 65 57 82 59 71 99 97 98 12 70 91 65 53 107 76 89 99 38 32 120 58 88 115 55 97 51 89 65 75 36 48 31 94 105 93 37 85 84 33 37 64 60 97 87 64 105 54 55 40 83 69 95 73 44 55 80 92 68 73 86 48 46 60 91 81 30 65 54 60 8 11 6 89 90 55 68 75 61 44 65 78 36 75 94 58 35 3 27 58 40 80 35 95 18 43 26 59 60 60 60 68 42 71 30 33 121 82 89 4 71 36 28 32 101 72 94 76 35 39 121 51 84 123 52 94 50 85 113 74 49 51 21 84 77 99 8 67 88 33 0 57 52 84 89 133 103 77 60 61 123 90 58 34 36 119 85 50 16 20 122 88 56 30 33 131 100 73 56 57
22 27 25 23 6 44 18 47 58 46 5 8 33 40 14 64 43 93 8 40 18 23 37 12 31 70 73 50 43 40 23 49 31 44 39 17 36 52 45 11 55 89 67 60 47 5 29 16 20 4 22 77 26 24 8 21 27 11 32 30 16 45 51 54 46 30 35 63 26 56 55 40 43 87 35 68 10 31 85 19 41 29 37 9 43 29 26 66 47 50 40 21 31 31 46 36 9 28 48 39 13 48 47 12 17 30 19 39 33 14 9 71 35 11 18 42 26 79 5 35 25 33 22 6 27 61 55 51 33 43 10 37 28 34 34 18 27 37 30 40 40 84 55 73 31 20 26 30 40 41 32 47 9 8 6 13 33 18 27 70 38 65 32 48 55 18 26 35 27 45 49 42 20 80 24 70 12 28 89 23 38 23 32 57 30 16 11 47 41 23 45 51 27 35 35 57 0 15 38 32 79 54 45 60 87 67 34 18 44 77 65 32 13 42 76 76 50 40 57 85 94 74 68 79 101
13 41 27 34 16 57 9 57 73 31 15 8 40 54 28 77 58 80 14 48 33 35 52 22 43 61 68 46 55 37 37 62 25 58 39 32 46 54 57 20 68 88 64 62 50 17 42 13 33 13 8 65 28 38 11 30 41 24 31 42 22 57 65 49 40 45 45 73 37 70 68 54 52 86 24 82 24 39 75 31 52 40 51 21 57 18 35 68 62 61 53 22 44 44 50 24 23 41 46 37 28 58 32 25 15 43 18 51 47 12 7 57 44 22 31 57 11 66 14 47 36 23 36 19 40 54 53 47 45 40 23 51 24 46 19 33 41 24 44 43 51 83 50 72 17 13 39 35 45 34 18 36 10 22 13 9 47 11 21 71 26 73 46 41 49 21 16 37 21 57 62 55 31 80 13 84 23 36 80 34 49 33 45 68 45 26 22 37 56 36 57 45 41 49 38 52 15 0 34 42 90 68 59 69 92 75 46 31 48 78 68 34 4 37 71 73 42 26 45 76 87 63 54 65 89
46 51 17 60 43 53 25 47 83 42 34 34 27 71 41 74 66 99 43 36 50 38 65 50 68 91 101 79 51 4 54 84 10 78 10 48 37 87 50 48 90 121 97 95 83 43 47 46 56 39 30 88 16 58 32 29 60 47 8 66 25 53 71 16 73 62 38 100 63 69 89 60 39 119 54 77 46 30 50 56 43 67 54 35 75 49 63 101 68 51 52 55 46 48 82 51 39 64 14 5 45 44 45 49 48 47 19 45 63 45 33 54 34 32 39 67 37 88 34 42 36 55 55 44 63 86 86 80 42 6 47 71 11 69 44 50 49 52 58 20 76 116 82 106 30 47 43 67 27 66 43 65 30 42 33 28 66 44 14 104 54 54 54 12 81 21 49 70 54 50 84 55 33 114 46 79 50 27 52 60 43 61 48 54 60 53 49 67 67 43 52 77 60 51 71 84 38 34 0 34 79 70 77 97 124 55 42 54 80 111 38 14 37 70 104 39 16 37 70 105 57 44 55 81 112
52 23 21 46 38 20 37 16 51 67 29 36 8 44 24 41 34 120 40 8 31 12 37 41 51 101 104 81 18 34 32 60 36 53 27 27 5 81 17 41 66 120 98 88 77 36 17 47 39 36 45 106 20 38 32 13 39 35 27 47 21 20 39 44 78 38 5 81 48 35 64 28 11 118 65 44 33 5 82 41 11 51 22 24 49 59 50 95 35 20 18 53 15 17 74 65 26 45 34 31 28 17 69 37 49 17 28 12 37 46 36 85 3 22 18 37 51 108 30 8 9 64 34 36 44 93 87 83 9 35 36 47 31 49 60 30 22 65 31 19 57 114 87 103 50 51 14 60 13 73 59 77 32 30 30 34 42 49 34 100 67 33 24 45 86 24 57 65 58 17 60 21 13 110 54 47 40 8 83 45 9 47 17 26 33 43 40 78 37 17 19 82 38 18 64 89 32 42 34 0 50 36 51 79 111 35 8 37 71 106 40 21 42 74 107 60 49 61 86 116 85 77 85 104 130
100 56 70 83 83 36 86 34 53 116 76 84 54 65 66 23 48 169 86 44 69 57 58 84 83 148 147 125 37 77 67 81 83 74 69 66 46 119 34 85 83 159 140 124 115 81 51 94 76 82 94 155 68 71 80 61 70 76 73 79 70 35 43 83 122 66 46 103 83 29 82 45 41 156 113 19 76 53 119 79 39 86 45 71 69 107 87 132 44 30 40 97 49 49 111 113 71 77 71 75 69 36 118 78 95 50 78 40 64 92 84 132 48 69 61 53 100 156 77 44 55 111 69 80 76 138 128 127 46 77 79 73 79 78 109 68 55 114 60 60 86 153 131 141 99 98 54 99 52 118 108 125 81 74 78 82 70 96 83 137 115 29 52 88 131 73 104 106 104 34 80 39 60 147 101 19 83 57 116 83 42 85 48 25 61 84 82 125 54 57 34 127 69 45 103 133 79 90 79 50 0 35 70 104 139 29 45 75 108 142 57 67 90 119 150 86 92 110 134 162 114 119 133 153 178
75 28 56 52 56 18 67 28 21 98 53 61 43 31 41 13 14 146 60 37 39 36 24 55 50 119 115 94 20 70 36 46 70 40 63 38 34 86 23 57 49 125 108 91 82 54 26 68 45 57 74 130 55 39 58 44 38 48 63 46 51 18 9 80 93 33 32 69 51 7 47 15 36 123 88 18 48 41 118 48 30 53 18 47 34 82 55 98 10 25 19 68 26 25 78 90 46 44 69 67 42 34 99 50 68 26 61 26 30 67 61 119 37 47 37 18 79 132 54 29 35 85 38 53 44 108 97 97 28 71 51 39 66 45 87 39 28 90 28 54 52 119 101 108 81 72 31 68 47 90 85 99 59 47 55 62 36 71 68 104 91 43 23 81 101 56 79 75 77 24 46 16 40 114 77 19 54 43 118 51 29 54 24 32 29 55 54 98 20 33 20 98 37 21 71 103 54 68 70 36 35 0 35 70 104 45 29 45 75 108 67 57 66 89 118 92 85 92 109 134 119 113 118 132 153
60 28 61 29 44 43 63 53 22 90 48 53 57 8 37 48 23 128 47 56 28 42 15 39 22 95 87 68 43 78 24 12 73 5 74 31 51 55 48 41 16 93 79 59 52 43 35 53 27 47 67 111 62 21 52 50 19 35 70 20 53 44 27 91 70 16 49 34 26 41 14 28 57 90 72 52 36 54 127 29 51 26 33 44 3 67 31 66 27 53 39 49 37 35 47 75 40 20 82 76 34 59 90 35 51 35 61 47 15 52 54 115 53 46 39 19 69 114 48 46 44 68 24 41 20 83 69 71 44 81 37 10 69 16 75 28 30 75 21 69 19 87 76 77 75 57 38 42 64 69 74 81 54 39 49 57 13 57 70 72 75 73 28 89 76 58 64 49 59 49 11 37 46 81 62 53 38 54 129 29 48 30 35 62 19 36 38 78 17 36 45 74 19 36 44 77 45 59 77 51 70 35 0 35 70 75 45 28 45 75 90 66 56 66 89 110 92 84 91 109 133 118 112 117 131
64 57 83 38 56 76 77 85 54 95 64 66 84 40 59 82 57 118 57 86 50 68 48 49 30 79 64 53 76 99 48 24 91 31 97 53 81 33 81 51 23 64 56 32 34 56 64 58 43 59 77 100 84 42 67 74 41 51 91 33 73 77 61 113 58 43 79 6 35 76 25 62 87 61 70 87 52 81 143 42 82 31 65 63 36 68 35 38 61 86 72 50 67 65 28 76 60 35 106 98 55 91 94 49 56 65 79 78 44 59 67 122 82 66 63 53 75 104 64 76 71 66 47 54 37 67 50 56 73 102 51 34 87 31 79 50 59 75 50 95 23 58 60 49 85 61 66 37 91 61 77 74 68 56 65 71 38 62 86 44 73 106 59 107 60 77 65 40 58 82 25 70 70 51 65 88 48 80 148 38 79 37 65 95 48 45 49 70 51 63 78 60 42 67 35 60 60 69 97 79 104 70 35 0 35 108 75 45 28 45 119 89 66 56 66 134 109 91 84 90 153 132 117 111 116
83 90 111 67 82 110 101 119 88 111 92 91 115 75 89 117 92 117 82 118 81 100 82 75 61 77 55 58 110 126 80 58 116 65 126 85 113 40 115 77 57 43 50 33 44 82 97 80 73 85 99 101 112 74 93 104 74 79 119 65 102 111 96 140 66 76 111 37 64 111 59 96 120 40 84 121 81 113 166 72 116 61 99 92 71 84 63 31 96 119 106 71 100 98 43 90 89 67 134 125 85 124 110 77 77 98 105 111 78 81 92 137 114 96 94 87 95 105 91 109 103 81 78 81 68 67 51 60 106 129 79 68 114 64 96 82 92 89 84 125 55 39 62 37 105 81 98 58 123 71 94 84 94 85 92 97 72 83 112 33 87 140 92 132 63 105 83 56 75 115 59 104 101 33 84 122 75 111 172 67 112 66 99 129 81 72 76 78 86 95 112 65 75 101 54 61 87 92 124 111 139 104 70 35 0 142 108 75 45 28 150 118 89 66 55 162 134 109 90 83 178 153 131 116 110
86 52 50 79 72 33 69 23 66 95 63 69 35 69 57 39 53 151 74 27 63 46 61 75 82 135 139 116 33 53 63 86 62 79 45 60 31 114 28 76 90 154 133 121 110 70 45 81 71 70 76 138 48 68 66 46 69 68 51 77 54 32 53 56 112 66 33 108 80 40 89 47 24 151 99 38 67 36 91 74 27 83 44 58 73 92 83 129 51 23 37 87 42 44 107 97 60 75 45 51 61 19 98 70 83 45 59 31 64 80 69 108 32 56 51 57 84 139 64 34 43 97 65 70 74 127 121 117 37 52 70 75 58 79 92 62 51 98 59 36 87 148 121 137 80 85 45 93 31 107 91 110 66 64 64 66 70 83 62 134 100 3 50 63 121 55 90 99 92 27 86 38 47 143 87 40 74 40 88 78 31 80 44 14 61 77 74 111 58 49 31 117 67 41 97 123 67 75 55 35 29 45 75 108 142 0 35 70 104 139 29 45 75 108 142 57 67 90 119 150 86 92 110 134 162
55 19 28 44 39 12 42 13 44 73 32 39 15 38 23 34 27 125 41 12 28 12 30 41 48 104 105 82 11 41 29 55 43 48 35 25 7 80 11 42 60 119 99 86 76 37 11 49 36 38 49 110 27 34 36 17 35 34 35 43 25 13 31 52 79 33 5 76 45 28 59 20 13 117 68 38 33 13 90 39 8 49 15 26 43 62 48 94 27 16 11 53 9 11 72 69 27 41 41 39 27 17 74 36 51 11 34 6 32 48 39 92 9 24 17 29 56 112 33 2 10 66 30 36 40 94 87 84 2 43 36 42 38 45 64 28 17 69 26 27 53 114 88 102 56 53 11 59 20 74 63 80 36 30 33 38 38 52 41 99 70 33 18 53 88 29 60 65 60 12 55 14 15 109 57 40 40 15 90 43 5 45 11 24 28 43 40 80 30 14 12 84 34 11 63 90 34 46 42 8 45 29 45 75 108 35 0 35 70 104 45 29 45 75 108 67 57 66 89 118 92 85 92 109 134
33 19 38 9 16 41 36 47 44 62 21 25 41 24 15 57 32 103 19 44 7 25 24 12 16 75 72 50 40 55 10 32 48 27 53 11 40 45 44 14 38 85 65 52 41 15 25 25 3 19 39 87 39 8 25 30 10 8 47 13 29 42 40 69 49 15 38 47 11 49 37 31 47 82 45 62 8 38 101 4 43 15 31 19 26 40 13 59 37 49 36 24 28 27 38 49 15 11 61 54 10 51 62 7 25 26 36 39 18 25 26 87 40 22 20 29 41 89 21 36 28 42 8 13 10 64 54 53 34 58 9 20 44 17 48 8 21 48 18 51 23 79 57 68 47 30 25 25 48 46 46 56 27 12 23 30 16 29 44 64 49 68 24 64 57 33 37 32 34 45 32 37 26 74 35 63 10 37 105 9 39 11 28 58 17 10 11 54 28 21 43 54 11 31 29 58 18 31 54 37 75 45 28 45 75 70 35 0 35 70 75 45 28 45 75 90 66 56 66 89 110 92 84 91 109
39 53 68 26 38 75 56 82 66 69 48 47 74 46 48 88 61 91 38 79 42 60 51 32 25 53 42 26 74 83 43 38 72 41 82 45 74 11 78 33 41 51 35 17 8 39 60 36 34 42 55 73 69 38 49 62 38 38 75 30 59 76 68 96 30 43 72 34 26 80 42 63 81 48 43 93 39 72 122 31 78 22 64 50 44 42 22 25 66 83 70 27 63 61 3 49 47 31 91 82 44 86 68 35 33 60 61 74 45 37 48 96 74 53 54 57 51 77 48 71 63 39 41 38 32 41 25 29 68 85 36 38 70 31 53 43 55 48 49 83 26 45 34 34 62 37 60 14 81 33 52 47 50 43 48 53 39 39 68 30 47 102 57 88 34 61 40 13 33 79 39 70 60 40 41 94 32 70 128 27 74 25 62 93 47 29 33 42 56 56 77 33 40 65 10 34 44 48 80 71 108 75 45 28 45 104 70 35 0 35 108 75 45 28 45 119 89 66 56 66 134 109 91 84 90
67 88 100 61 71 109 87 117 96 91 81 78 108 78 83 121 94 90 70 113 77 94 84 66 59 50 28 35 109 114 77 65 102 70 115 80 109 25 113 66 66 20 24 18 30 72 94 66 69 74 83 75 102 72 81 96 72 72 107 64 92 110 100 126 44 76 107 49 60 114 68 97 116 16 64 126 73 106 148 66 112 57 99 84 75 66 57 11 99 118 105 57 97 96 33 70 81 65 123 113 79 121 89 70 63 95 93 108 79 67 79 115 109 87 89 90 78 79 81 106 97 61 75 72 66 41 28 37 103 117 70 70 101 64 76 77 89 68 83 116 57 14 38 10 88 65 94 47 115 50 75 61 82 77 81 84 72 67 98 8 66 137 91 118 39 94 65 42 58 114 66 104 94 7 67 127 66 104 155 61 108 59 97 127 81 63 67 55 89 91 111 42 74 100 43 36 77 78 111 106 142 108 75 45 28 139 104 70 35 0 142 108 75 45 28 150 118 89 66 55 162 134 109 90 83
80 63 42 84 71 51 60 40 86 80 61 65 35 83 61 64 70 136 72 34 69 51 75 76 90 128 136 113 49 35 71 99 47 92 30 66 39 117 44 76 105 154 131 124 112 70 56 78 77 68 66 126 41 77 62 47 78 71 38 86 50 50 73 32 108 77 41 120 86 63 103 64 34 152 91 64 70 38 63 79 40 90 59 59 87 85 88 131 70 42 52 86 53 56 110 88 62 84 25 34 65 33 82 73 80 56 51 44 76 77 65 87 37 55 56 74 74 126 62 44 48 90 73 70 82 122 120 114 47 33 72 87 46 88 81 69 61 89 70 26 96 149 117 138 67 80 53 95 28 102 80 102 61 66 61 60 82 78 50 135 91 30 63 42 116 49 84 100 88 44 99 55 49 145 81 67 76 39 60 83 43 85 55 38 73 79 75 104 74 56 48 112 77 55 100 119 65 68 38 40 57 67 90 119 150 29 45 75 108 142 0 35 70 104 139 29 45 75 108 142 57 67 90 119 150
46 39 8 53 38 40 26 35 71 51 27 30 14 60 32 61 53 106 38 23 41 26 53 43 60 94 101 79 38 13 44 74 17 68 8 38 24 84 37 43 80 120 96 91 79 37 34 43 47 34 33 94 6 49 28 17 51 40 7 57 17 40 59 26 73 51 25 92 55 56 79 47 26 118 57 64 38 17 62 48 30 59 42 27 64 51 56 98 55 39 39 51 34 35 77 54 30 55 17 11 35 32 53 42 46 35 16 32 52 42 30 66 21 24 28 55 40 95 28 29 24 56 45 37 54 87 85 80 29 15 40 61 13 60 48 40 37 55 46 10 68 114 83 103 35 45 30 62 15 67 47 68 27 34 27 26 56 43 17 102 57 44 42 25 82 14 49 66 53 37 74 42 21 111 46 67 44 14 64 52 30 53 36 42 48 47 43 70 55 31 39 78 50 38 66 85 32 34 14 21 67 57 66 89 118 45 29 45 75 108 35 0 35 70 104 45 29 45 75 108 67 57 66 89 118
11 39 28 31 13 56 12 57 71 34 14 7 41 52 26 76 56 81 11 49 30 34 50 19 40 60 67 44 54 39 35 59 28 55 41 30 46 52 56 16 65 85 62 59 47 14 41 10 30 11 12 65 30 36 10 30 38 22 33 39 22 56 64 52 38 42 45 70 34 69 65 53 52 84 24 80 21 40 78 28 52 37 50 20 54 18 32 65 60 60 52 19 43 43 47 24 21 38 49 39 26 58 34 22 12 42 19 50 45 9 6 60 44 21 30 54 13 67 13 46 36 23 34 16 37 53 51 45 44 42 20 48 26 43 21 31 39 25 42 44 48 80 48 70 20 11 38 32 46 33 19 36 10 20 12 10 44 9 24 68 26 74 44 44 47 22 16 34 19 56 59 54 30 78 13 83 20 36 83 31 49 30 44 68 43 23 19 37 53 35 56 43 38 48 35 50 13 4 37 42 90 66 56 66 89 75 45 28 45 75 70 35 0 35 70 75 45 28 45 75 90 66 56 66 89
25 63 62 39 37 84 46 88 86 47 46 40 74 65 53 101 77 64 34 81 51 64 67 35 44 30 32 10 83 73 54 62 60 62 75 53 77 27 86 34 67 52 28 33 24 39 68 28 45 39 41 46 64 51 43 62 53 43 67 47 56 85 84 84 4 58 76 61 41 94 67 76 84 50 20 106 43 73 104 42 83 40 75 50 64 22 36 36 81 90 79 22 70 70 28 26 49 48 83 73 50 90 45 41 25 69 54 80 61 29 40 72 77 53 59 73 34 49 45 76 66 17 52 39 48 20 18 10 74 76 41 57 60 50 32 52 64 24 62 79 49 47 14 37 44 25 66 24 80 6 31 19 44 46 45 45 57 27 57 38 22 106 68 75 13 56 22 18 17 86 63 80 62 46 24 108 37 69 111 40 79 37 71 99 61 35 37 15 72 62 85 9 54 74 23 16 42 37 70 74 119 89 66 56 66 108 75 45 28 45 104 70 35 0 35 108 75 45 28 45 119 89 66 56 66
59 94 97 67 70 115 80 121 110 75 80 75 108 90 86 131 105 64 68 115 82 97 95 68 69 24 4 27 114 107 84 81 95 85 110 84 111 35 118 67 84 21 11 34 37 72 100 62 75 73 75 49 99 80 78 96 81 75 102 73 90 116 112 118 32 86 110 71 68 123 85 105 118 21 51 136 75 107 134 71 116 65 106 84 88 56 64 29 109 123 111 55 102 101 43 56 82 74 117 107 82 123 72 73 60 100 89 113 88 63 75 96 110 87 91 101 68 53 79 109 100 50 82 72 75 20 22 25 107 110 73 82 95 75 63 82 95 55 91 113 70 19 23 19 77 59 98 51 115 38 63 43 79 79 79 79 83 61 91 24 53 140 98 108 23 91 56 44 52 119 83 111 95 24 59 137 68 104 141 68 112 65 102 132 90 66 69 39 99 95 117 28 82 106 47 20 76 71 104 107 150 118 89 66 55 142 108 75 45 28 139 104 70 35 0 142 108 75 45 28 150 118 89 66 55
84 82 52 97 81 75 64 65 110 73 71 72 53 103 76 91 93 126 81 56 85 69 96 87 105 126 139 118 73 37 88 118 48 111 38 82 61 126 69 86 124 159 135 134 121 81 76 84 92 77 68 119 51 93 70 62 95 84 44 102 62 75 97 24 111 95 63 137 100 89 123 87 57 158 91 92 83 56 37 93 63 104 81 71 107 87 101 140 93 68 76 93 74 76 121 86 75 100 29 37 80 59 75 86 87 76 58 68 96 83 72 70 58 68 72 96 75 118 72 66 66 92 89 81 98 123 125 118 68 34 85 105 50 105 79 85 80 88 89 41 112 154 120 144 65 85 73 105 47 104 79 100 69 79 71 67 100 83 52 143 90 58 83 34 119 58 87 108 92 69 118 79 65 152 84 94 88 56 32 97 65 98 76 65 92 91 87 104 96 74 73 115 94 77 109 122 76 73 39 60 86 92 110 134 162 57 67 90 119 150 29 45 75 108 142 0 35 70 104 139 29 45 75 108 142
52 65 31 72 54 68 34 62 98 38 46 44 43 85 55 89 81 93 53 51 64 53 80 61 81 92 105 85 66 16 68 97 19 92 24 62 52 96 64 59 103 126 102 103 91 54 62 54 69 50 36 85 31 72 43 44 74 60 23 79 39 69 87 14 77 76 53 113 75 84 103 75 53 125 57 92 59 45 36 68 58 79 70 48 89 53 75 109 83 66 67 63 61 63 91 52 52 77 22 19 58 58 41 61 57 63 31 60 77 53 43 42 49 46 54 82 42 84 46 57 52 59 68 55 76 89 92 85 57 16 59 85 23 83 45 64 64 54 72 33 89 122 86 112 31 54 58 76 41 71 46 66 41 55 45 38 80 52 23 111 56 66 69 5 85 34 54 78 60 64 98 70 48 120 52 94 61 42 39 72 58 72 64 68 74 65 61 70 82 58 67 81 74 66 80 88 50 42 16 49 92 85 92 109 134 67 57 66 89 118 45 29 45 75 108 35 0 35 70 104 45 29 45 75 108
28 65 41 58 41 78 25 77 98 7 39 33 57 79 52 100 83 62 38 66 58 57 77 46 67 57 72 54 77 40 62 86 29 83 47 57 65 69 77 44 92 94 70 77 65 42 66 34 58 38 19 51 43 64 35 50 66 50 40 67 42 79 90 47 46 70 65 95 61 93 92 78 69 93 26 103 49 57 60 56 71 63 75 45 82 25 59 81 86 80 75 41 67 67 67 20 47 66 51 42 53 75 8 50 36 67 33 71 72 34 32 32 63 45 55 82 17 51 39 67 58 29 62 44 65 55 62 53 66 43 48 76 32 71 14 58 65 21 69 54 75 90 54 81 11 31 62 54 60 40 15 32 33 47 37 30 72 30 28 82 23 89 70 37 53 38 26 53 34 77 87 78 52 90 26 106 48 54 67 58 69 57 68 86 70 50 47 36 81 60 78 49 66 72 57 56 40 26 37 61 110 92 84 91 109 90 66 56 66 89 75 45 28 45 75 70 35 0 35 70 75 45 28 45 75
35 82 69 63 53 100 51 101 109 33 58 51 84 88 69 120 97 38 50 92 71 78 89 55 69 24 43 33 99 73 75 88 61 88 79 72 90 54 100 53 93 65 43 59 51 55 85 42 67 53 43 21 71 73 54 74 75 61 71 72 66 101 105 82 26 80 89 89 65 112 94 95 96 65 22 124 62 83 91 64 96 65 93 64 89 28 61 60 102 105 96 43 87 87 56 22 65 72 84 74 68 102 30 60 42 86 60 95 83 43 51 52 88 66 74 95 36 24 57 90 80 25 73 56 72 26 39 31 89 76 59 82 63 75 28 71 82 21 83 85 75 63 28 56 41 38 82 50 89 24 29 11 54 62 57 53 80 39 59 59 20 117 87 71 28 64 31 45 33 101 89 98 75 64 33 126 56 80 99 63 93 61 88 112 83 57 56 14 94 79 101 25 76 91 50 30 57 45 70 86 134 109 91 84 90 119 89 66 56 66 108 75 45 28 45 104 70 35 0 35 108 75 45 28 45
64 107 101 83 80 127 83 131 129 67 88 81 115 108 97 146 121 38 77 123 95 107 111 79 87 15 28 41 126 108 98 103 95 105 112 97 120 58 129 78 106 45 35 59 58 82 112 70 89 81 76 27 103 95 84 104 97 87 104 91 97 128 128 116 41 102 119 96 84 138 107 120 126 47 52 150 87 114 124 86 125 83 119 93 107 58 80 55 125 134 123 66 114 114 64 55 92 91 118 108 94 132 65 85 68 113 92 123 105 71 81 82 119 95 102 117 68 30 87 119 109 53 96 83 92 26 41 38 117 110 85 100 96 93 61 96 108 53 106 118 90 46 33 46 76 66 109 67 121 44 62 41 85 89 86 84 100 68 92 51 51 148 112 106 33 96 60 60 59 130 104 124 104 51 63 152 81 111 132 84 122 81 114 142 105 79 81 39 116 106 129 36 98 118 65 33 85 76 105 116 162 134 109 90 83 150 118 89 66 55 142 108 75 45 28 139 104 70 35 0 142 108 75 45 28
96 105 72 116 98 102 78 92 136 76 90 89 78 126 97 119 119 122 98 83 106 92 120 105 125 131 147 128 100 55 110 140 63 134 59 104 86 140 96 104 146 169 145 148 136 98 100 99 112 95 80 118 72 114 87 84 116 103 64 122 82 101 123 42 120 118 88 157 119 116 145 112 84 168 100 120 102 81 20 112 90 123 106 91 130 97 119 153 119 96 102 108 99 101 136 94 95 120 52 57 101 86 78 105 102 101 75 94 118 98 88 63 84 89 95 120 85 117 90 92 90 102 111 100 119 130 136 128 93 53 103 127 67 126 87 106 104 96 113 66 133 165 129 155 75 98 96 121 73 114 88 107 86 98 89 83 122 96 68 155 98 86 108 47 128 77 98 123 105 96 140 105 88 164 96 122 106 80 10 116 91 117 101 93 115 109 105 111 120 98 100 124 116 102 125 131 94 87 57 85 114 119 133 153 178 86 92 110 134 162 57 67 90 119 150 29 45 75 108 142 0 35 70 104 139
70 93 59 96 78 97 57 90 126 44 71 67 71 112 82 117 109 87 76 79 90 80 107 84 105 98 116 99 95 44 94 123 45 118 52 88 80 114 93 82 129 138 114 121 109 78 90 74 94 74 56 84 59 98 67 72 100 85 51 104 66 97 115 37 91 102 82 136 99 112 128 103 81 137 70 119 84 73 16 93 86 102 98 75 115 69 98 125 111 94 95 83 89 91 111 64 78 102 48 47 84 86 46 86 77 90 57 88 104 74 66 29 78 73 81 110 58 82 71 85 80 73 94 80 101 99 106 98 86 44 84 111 50 108 58 90 92 66 99 61 113 134 98 126 48 73 86 97 69 84 59 75 66 80 70 62 106 71 49 127 68 92 97 33 97 61 70 97 78 93 123 98 76 135 69 122 85 70 25 96 86 96 92 95 101 88 84 80 109 85 95 93 100 94 100 100 74 63 44 77 119 113 118 132 153 92 85 92 109 134 67 57 66 89 118 45 29 45 75 108 35 0 35 70 104
55 93 65 86 69 104 52 100 126 23 67 60 80 107 80 125 110 52 66 89 86 83 105 74 94 67 87 74 102 58 90 114 50 111 65 85 89 92 101 72 120 110 87 99 89 70 92 61 86 66 46 50 66 92 62 75 94 78 60 95 68 104 117 58 66 98 89 122 89 119 120 105 92 109 48 129 77 81 51 84 95 91 101 72 110 50 86 102 113 104 101 68 93 94 92 42 75 94 66 60 80 98 24 78 63 93 58 96 100 61 59 8 86 72 82 109 44 48 66 92 84 52 89 72 93 70 81 72 91 59 76 104 55 99 39 86 92 43 97 74 102 107 71 100 38 58 88 81 81 61 41 49 61 75 65 58 100 57 51 102 45 109 97 49 70 63 52 78 59 102 115 104 78 108 53 131 76 78 60 86 94 85 95 108 98 78 75 54 108 86 103 67 94 98 82 73 68 54 55 85 133 118 112 117 131 110 92 84 91 109 90 66 56 66 89 75 45 28 45 75 70 35 0 35 70
58 105 85 89 77 121 68 120 134 39 79 72 101 114 92 142 121 18 74 110 95 99 114 80 96 42 64 60 119 84 99 115 73 114 91 95 108 81 120 77 120 86 67 86 79 79 106 66 92 76 60 18 87 98 75 93 100 85 84 98 84 121 129 88 54 105 108 117 91 134 121 118 113 86 46 146 85 101 85 89 115 92 115 85 115 52 87 86 125 124 117 69 108 108 84 43 87 98 94 86 91 119 37 85 67 107 77 114 108 67 71 42 106 86 95 119 54 15 78 110 100 50 97 80 97 50 66 58 109 86 83 108 77 102 46 95 105 43 107 99 102 85 55 80 55 61 103 78 104 51 47 38 74 85 77 72 106 62 73 84 43 133 110 78 54 81 54 73 59 120 116 119 94 88 57 148 81 97 94 89 112 87 109 130 107 82 81 42 118 100 121 52 101 113 78 56 79 65 81 104 153 132 117 111 116 134 109 91 84 90 119 89 66 56 66 108 75 45 28 45 104 70 35 0 35
79 125 113 104 97 144 94 146 151 71 103 95 128 130 113 164 140 19 94 137 114 122 132 98 109 38 56 65 143 115 117 126 103 127 121 115 134 84 145 96 131 72 62 86 83 99 129 86 109 97 87 25 115 115 99 118 117 105 113 112 110 145 148 121 62 122 134 122 106 156 132 139 140 73 66 168 105 127 120 106 140 105 137 108 130 72 101 83 145 149 140 85 131 131 89 66 109 113 125 116 111 146 68 104 85 130 104 139 125 87 95 76 132 110 118 137 79 24 102 135 124 68 116 100 113 50 67 62 133 117 103 122 106 116 71 114 126 65 126 128 114 73 57 74 84 81 126 89 132 63 72 54 98 106 101 97 121 83 102 79 64 161 131 110 57 108 75 83 76 145 128 142 119 78 78 170 99 124 129 104 137 102 132 156 125 99 99 55 136 123 145 58 118 135 88 57 101 89 112 130 178 153 131 116 110 162 134 109 90 83 150 118 89 66 55 142 108 75 45 28 139 104 70 35 0
