{"slackAfterALNS":0,"nInitialNotServicedExpectedRequests":[2,2,2,2,2],"averageObj":[2380.4000000000005,2470.4000000000005,2380.4000000000005,2380.4000000000005,2470.4000000000005],"slackBeforeALNS":0,"nInitialNotServicedFixedRequests":[1,1,1,1,1],"averageNotServicedExpectedRequests":[2.0,3.0,2.0,2.0,3.0],"ALNSIterations":[508338,516841,529551,291964,394181],"runId":["Run 1","Run 2","Run 3","Run 4","Run 5"]}