{"slackAfterALNS":0,"nInitialNotServicedExpectedRequests":[0,0,0,0,0],"averageObj":[6188.843137254902,6368.843137254902,6368.843137254902,6368.843137254902,6278.843137254902],"slackBeforeALNS":0,"nInitialNotServicedFixedRequests":[3,3,3,3,3],"averageNotServicedExpectedRequests":[0.0,2.0,2.0,2.0,1.0],"ALNSIterations":[362176,367783,348328,422076,454851],"runId":["Run 1","Run 2","Run 3","Run 4","Run 5"]}