{"slackAfterALNS":0,"nInitialNotServicedExpectedRequests":[2,2,2,2,2],"averageObj":[396.0296846011132,470.0,470.0,396.0296846011132,399.43877551020415],"slackBeforeALNS":0,"nInitialNotServicedFixedRequests":[0,0,0,0,0],"averageNotServicedExpectedRequests":[2.0,3.0,3.0,2.0,2.0],"ALNSIterations":[323829,315439,347313,405524,360215],"runId":["Run 1","Run 2","Run 3","Run 4","Run 5"]}