{"slackAfterALNS":0,"nInitialNotServicedExpectedRequests":[0,1,1,2,2,3,2,1,2,2],"averageObj":[429.08475712708616,427.2057673509286,502.66193373901285,427.51596337459716,532.6749582258308,416.1920210780119,504.6821837280846,407.79413420819964,482.4243894993895,452.582560296846],"slackBeforeALNS":0,"nInitialNotServicedFixedRequests":[0,0,0,0,0,0,0,0,0,0],"averageNotServicedExpectedRequests":[2.5,2.5,3.3,2.5,3.6,2.3,3.3,2.2,3.1,2.8],"runId":["Run 1","Run 2","Run 3","Run 4","Run 5","Run 6","Run 7","Run 8","Run 9","Run 10"]}