{"slackAfterALNS":0,"nInitialNotServicedExpectedRequests":[6,7,6,6,6],"averageObj":[9557.478740045928,9602.83979699868,5628.7004444023405,5605.773476182209,7423.675862514795],"slackBeforeALNS":0,"nInitialNotServicedFixedRequests":[2,2,0,0,1],"averageNotServicedExpectedRequests":[25.0,25.4,25.0,25.2,23.2],"ALNSIterations":[4340,5088,4425,4925,4970],"runId":["Run 1","Run 2","Run 3","Run 4","Run 5"]}