{"slackAfterALNS":0,"nInitialNotServicedExpectedRequests":[3,0,9,3,5],"averageObj":[11208.812834165405,5829.925759275406,7649.261857341857,7555.816167817757,5574.3287947994395],"slackBeforeALNS":0,"nInitialNotServicedFixedRequests":[3,0,1,1,0],"averageNotServicedExpectedRequests":[19.4,26.3,24.0,23.7,23.3],"ALNSIterations":[3909,4176,4671,5092,3778],"runId":["Run 1","Run 2","Run 3","Run 4","Run 5"]}