{"slackAfterALNS":0,"nInitialNotServicedExpectedRequests":[3,5,8,4,5],"averageObj":[5197.254073929239,5328.272893321501,11050.8358290521,8794.166257443305,7008.200681292272],"slackBeforeALNS":0,"nInitialNotServicedFixedRequests":[0,0,3,2,1],"averageNotServicedExpectedRequests":[19.6,21.2,18.2,16.7,18.1],"ALNSIterations":[4550,3913,3947,3810,4556],"runId":["Run 1","Run 2","Run 3","Run 4","Run 5"]}