{"slackAfterALNS":0,"nInitialNotServicedExpectedRequests":[6,5,4,9,5],"averageObj":[5250.669566674873,5330.8388534150345,5838.213820288598,7175.339901499984,5320.969453157728],"slackBeforeALNS":0,"nInitialNotServicedFixedRequests":[0,0,0,1,0],"averageNotServicedExpectedRequests":[20.5,21.9,28.0,20.1,22.3],"ALNSIterations":[4207,5044,5160,5055,4654],"runId":["Run 1","Run 2","Run 3","Run 4","Run 5"]}