{"slackAfterALNS":0,"nInitialNotServicedExpectedRequests":[7,8,7,6,8],"averageObj":[5604.716979800109,7632.734099392985,7654.2908409057945,4927.8595376945495,11249.85642428845],"slackBeforeALNS":0,"nInitialNotServicedFixedRequests":[0,1,1,0,3],"averageNotServicedExpectedRequests":[23.5,25.3,24.2,17.6,20.7],"ALNSIterations":[4706,5052,4243,4821,4864],"runId":["Run 1","Run 2","Run 3","Run 4","Run 5"]}