{"slackAfterALNS":0,"nInitialNotServicedExpectedRequests":[4,7,10,8,7],"averageObj":[5483.402307861604,5551.959436715007,5734.7145304887945,5372.77703140984,5766.620654226587],"slackBeforeALNS":0,"nInitialNotServicedFixedRequests":[0,0,0,0,0],"averageNotServicedExpectedRequests":[24.5,25.0,26.0,22.9,27.1],"ALNSIterations":[4910,4655,5057,4619,4849],"runId":["Run 1","Run 2","Run 3","Run 4","Run 5"]}