{"slackAfterALNS":0,"nInitialNotServicedExpectedRequests":[17,18,16,19,19],"averageObj":[5328.228263909048,5965.04108138598,4655.313327650079,5558.823576120733,5040.382864978443],"slackBeforeALNS":0,"nInitialNotServicedFixedRequests":[0,0,0,0,0],"averageNotServicedExpectedRequests":[22.0,30.0,16.0,25.0,20.0],"ALNSIterations":[3825,4856,5211,4779,4834],"runId":["Run 1","Run 2","Run 3","Run 4","Run 5"]}