{"slackAfterALNS":0,"nInitialNotServicedExpectedRequests":[18,11,22,12,15],"averageObj":[5462.285363678572,4844.257009475426,6366.387761102735,5424.348002007267,4910.745782333825],"slackBeforeALNS":0,"nInitialNotServicedFixedRequests":[0,0,0,0,0],"averageNotServicedExpectedRequests":[23.0,16.0,32.0,22.0,17.0],"ALNSIterations":[5013,4783,4902,4317,4454],"runId":["Run 1","Run 2","Run 3","Run 4","Run 5"]}