{"slackAfterALNS":0,"nInitialNotServicedExpectedRequests":[12,18,17,15,16],"averageObj":[4941.16770694122,5242.299833844708,5057.82649934086,5130.607958756547,5211.741716519703],"slackBeforeALNS":0,"nInitialNotServicedFixedRequests":[0,0,0,0,0],"averageNotServicedExpectedRequests":[18.0,21.0,20.0,20.0,22.0],"ALNSIterations":[4552,5088,3854,4509,4454],"runId":["Run 1","Run 2","Run 3","Run 4","Run 5"]}