{"slackAfterALNS":0,"nInitialNotServicedExpectedRequests":[16,16,21,20,17],"averageObj":[5916.517482067001,5635.25349501884,5402.736498263964,5852.607565979358,5816.93688236932],"slackBeforeALNS":0,"nInitialNotServicedFixedRequests":[0,0,0,0,0],"averageNotServicedExpectedRequests":[30.0,27.0,25.0,30.0,28.0],"ALNSIterations":[4442,5220,4650,4616,4120],"runId":["Run 1","Run 2","Run 3","Run 4","Run 5"]}