{"slackAfterALNS":0,"nInitialNotServicedExpectedRequests":[22,18,21,21,23],"averageObj":[6649.186548007068,5885.915424456622,6725.542027456422,6287.979512596459,6329.778320578525],"slackBeforeALNS":0,"nInitialNotServicedFixedRequests":[0,0,0,0,0],"averageNotServicedExpectedRequests":[36.0,27.0,36.0,32.0,33.0],"ALNSIterations":[5103,4497,4132,4317,4417],"runId":["Run 1","Run 2","Run 3","Run 4","Run 5"]}