{"slackAfterALNS":0,"nInitialNotServicedExpectedRequests":[22,20,26,20,17],"averageObj":[5886.704271626579,5409.139414404826,5797.778048542868,6100.064298133787,5599.769746805475],"slackBeforeALNS":0,"nInitialNotServicedFixedRequests":[0,0,0,0,0],"averageNotServicedExpectedRequests":[30.0,24.0,29.0,32.0,26.0],"ALNSIterations":[5082,4360,4556,5457,4541],"runId":["Run 1","Run 2","Run 3","Run 4","Run 5"]}