{"slackAfterALNS":0,"nInitialNotServicedExpectedRequests":[23,26,24,25,27],"averageObj":[5921.910364532224,6475.1834483548455,6388.836090297353,5902.883808101114,5906.263908737366],"slackBeforeALNS":0,"nInitialNotServicedFixedRequests":[0,0,0,0,0],"averageNotServicedExpectedRequests":[29.0,35.0,35.0,30.0,29.0],"ALNSIterations":[4973,4385,4663,4805,5367],"runId":["Run 1","Run 2","Run 3","Run 4","Run 5"]}