{"slackAfterALNS":0,"nInitialNotServicedExpectedRequests":[24,16,25,21,23],"averageObj":[5289.350122805344,5048.884089902282,5716.353382167511,5630.218862249793,5585.878935496382],"slackBeforeALNS":0,"nInitialNotServicedFixedRequests":[0,0,0,0,0],"averageNotServicedExpectedRequests":[22.0,20.0,26.0,25.0,25.0],"ALNSIterations":[4348,4511,4201,4492,4709],"runId":["Run 1","Run 2","Run 3","Run 4","Run 5"]}