{"slackAfterALNS":0,"nInitialNotServicedExpectedRequests":[18,23,15,23,18],"averageObj":[5433.027293353954,5560.036078057215,5091.949751094656,5500.877589017043,6272.0371798409915],"slackBeforeALNS":0,"nInitialNotServicedFixedRequests":[0,0,0,0,0],"averageNotServicedExpectedRequests":[24.0,25.0,20.0,25.0,34.0],"ALNSIterations":[4565,4810,5514,4882,5334],"runId":["Run 1","Run 2","Run 3","Run 4","Run 5"]}