{"slackAfterALNS":0,"nInitialNotServicedExpectedRequests":[12,14,13,15,16],"averageObj":[5635.288420022393,5475.2907347678765,5148.059836061482,5420.684083871544,5323.142996873671],"slackBeforeALNS":0,"nInitialNotServicedFixedRequests":[0,0,0,0,0],"averageNotServicedExpectedRequests":[25.0,23.0,21.0,24.0,22.0],"ALNSIterations":[4931,4459,5217,4868,4468],"runId":["Run 1","Run 2","Run 3","Run 4","Run 5"]}