{"slackAfterALNS":0,"nInitialNotServicedExpectedRequests":[3,7,6,1,4],"averageObj":[6344.820769734762,6768.560050661543,8909.445357416462,4428.763395677577,4074.4319545414546],"slackBeforeALNS":0,"nInitialNotServicedFixedRequests":[1,1,2,0,0],"averageNotServicedExpectedRequests":[10.0,16.0,17.0,11.0,8.0],"ALNSIterations":[2331,2109,2167,2053,2146],"runId":["Run 1","Run 2","Run 3","Run 4","Run 5"]}