{"slackAfterALNS":0,"nInitialNotServicedExpectedRequests":[13,9,7,9,5],"averageObj":[5923.237545308529,11696.547758843353,9397.149324379383,7801.237237374546,5967.443432153951],"slackBeforeALNS":0,"nInitialNotServicedFixedRequests":[0,3,2,1,0],"averageNotServicedExpectedRequests":[27.0,25.0,20.0,25.0,26.0],"ALNSIterations":[1954,1938,1955,1869,1927],"runId":["Run 1","Run 2","Run 3","Run 4","Run 5"]}