{"slackAfterALNS":0,"nInitialNotServicedExpectedRequests":[6,5,5,5,6],"averageObj":[8733.545427003235,11092.942116064269,8221.431449098698,8362.608009969716,6234.352304109195],"slackBeforeALNS":0,"nInitialNotServicedFixedRequests":[2,3,2,2,1],"averageNotServicedExpectedRequests":[15.0,19.0,11.0,10.0,10.0],"ALNSIterations":[2186,2137,2154,2215,2011],"runId":["Run 1","Run 2","Run 3","Run 4","Run 5"]}