{"slackAfterALNS":0,"nInitialNotServicedExpectedRequests":[9,8,3,7,8],"averageObj":[4302.840710454527,4759.15581652775,8443.463608039616,6055.227884255269,5524.937942830162],"slackBeforeALNS":0,"nInitialNotServicedFixedRequests":[0,0,2,1,0],"averageNotServicedExpectedRequests":[10.0,16.0,13.0,9.0,25.0],"ALNSIterations":[2162,2268,2220,2154,2258],"runId":["Run 1","Run 2","Run 3","Run 4","Run 5"]}