{"slackAfterALNS":0,"nInitialNotServicedExpectedRequests":[8,8,5,8,7],"averageObj":[9166.099937715038,5044.5864176636815,11271.248932575692,9002.419301135362,8687.262233982272],"slackBeforeALNS":0,"nInitialNotServicedFixedRequests":[2,0,3,2,2],"averageNotServicedExpectedRequests":[20.0,20.0,22.0,18.0,16.0],"ALNSIterations":[2296,2275,2124,2203,2271],"runId":["Run 1","Run 2","Run 3","Run 4","Run 5"]}