{"slackAfterALNS":0,"nInitialNotServicedExpectedRequests":[4,5,10,4,10],"averageObj":[6621.841808350002,4169.852912640061,4753.945903106461,4880.2722356257555,9073.262174532922],"slackBeforeALNS":0,"nInitialNotServicedFixedRequests":[1,0,0,0,2],"averageNotServicedExpectedRequests":[14.0,10.0,15.0,17.0,20.0],"ALNSIterations":[2254,2227,2297,2257,2337],"runId":["Run 1","Run 2","Run 3","Run 4","Run 5"]}