{"slackAfterALNS":0,"nInitialNotServicedExpectedRequests":[1,2,2,3,2],"averageObj":[411.36995161701043,360.97926347105533,408.42854862791614,454.8126114081997,461.0],"slackBeforeALNS":0,"nInitialNotServicedFixedRequests":[0,0,0,0,0],"averageNotServicedExpectedRequests":[2.3,1.7,2.2,2.8,2.9],"ALNSIterations":[342364,414292,341910,421966,327775],"runId":["Run 1","Run 2","Run 3","Run 4","Run 5"]}